# Blender 4.5.5 LTS
# www.blender.org
o Bisonte
v 0.000000 0.364049 -2.241719
v 0.000000 0.281174 2.351945
v 0.000000 0.450478 2.326466
v 0.000000 0.319336 2.218782
v 0.858254 0.812309 0.954687
v 1.213293 0.506771 1.008499
v 1.213905 0.743240 1.389548
v 0.326451 0.145290 2.467769
v 0.821155 0.145290 2.347089
v 0.658221 0.145290 2.415062
v 0.000000 0.145290 2.475594
v 1.094668 0.145290 2.035124
v 1.213293 0.486045 1.748025
v 1.086525 0.303121 0.600255
v 0.890626 0.800138 0.850872
v 1.177244 0.145290 -0.840033
v 1.010910 0.912101 -0.796948
v 1.185116 0.644153 -0.872953
v 1.189440 0.326277 -0.836761
v 1.112748 0.644766 -0.841380
v 1.149757 0.795834 -0.857526
v 1.149906 0.279634 -0.199981
v 1.150077 0.145290 -0.198922
v 1.186904 0.599536 -0.736977
v 0.908376 0.965358 -0.819821
v 1.149723 0.943024 -2.054591
v 0.542291 1.043777 -1.836035
v 1.222087 0.346921 -1.163014
v 1.205580 0.145290 -1.118485
v 0.845349 0.971799 -1.128555
v 1.201698 0.868773 -1.244677
v 1.083376 0.938443 -2.328144
v 1.198168 0.760327 -2.135384
v 1.235694 0.669284 -1.295249
v 0.538346 0.971344 -2.431263
v 1.036239 0.181311 -2.383992
v 1.081450 0.188137 -2.130074
v 1.243626 0.620898 -1.423729
v 1.243626 0.657390 -1.981633
v 1.193091 0.145290 -1.317625
v 1.235203 0.367245 -1.330965
v 1.137603 0.805179 -2.377509
v 1.118562 0.365959 -2.475764
v 0.000000 1.033204 -1.851728
v 0.000000 0.971344 -2.431980
v 0.752570 0.145290 -2.188056
v 0.000000 0.824744 -2.481472
v 0.000000 0.614432 -2.497203
v 0.752570 0.145290 -2.361485
v 0.451442 0.631869 -2.496229
v 0.474351 0.827411 -2.486001
v 0.934275 1.024905 -1.967754
v 1.066725 1.005564 -2.009779
v 0.551006 1.040040 -1.845716
v 0.909619 0.995928 -1.173027
v 0.989750 0.997840 -2.306742
v 1.032359 0.993078 -1.222986
v 1.127829 0.959528 -1.216357
v 0.550088 1.015723 -2.299926
v 0.848747 1.017421 -2.297901
v 0.792772 0.993625 -2.429689
v 1.048543 0.922974 -2.462392
v 0.953673 0.977245 -2.444601
v 0.549905 0.996426 -2.444395
v 0.287897 0.987521 -2.293040
v 0.000000 0.364049 -2.495411
v 0.000000 0.608145 -2.532792
v 0.747552 0.325940 -2.474060
v 0.793702 0.611690 -2.518737
v 0.517607 0.363865 -2.496206
v 1.223542 0.407199 -2.108244
v 1.046379 0.181909 -2.277691
v 1.148364 0.413851 -2.310266
v 0.997190 0.943863 -0.776557
v 1.106764 0.616468 -0.838769
v 1.208193 0.616003 -0.883022
v 1.162518 0.809116 -0.863094
v 1.081087 0.856807 -1.182046
v 1.149976 0.663566 -1.291441
v 0.000000 0.631869 -2.495901
v 0.493788 0.616235 -2.497506
v 0.521818 0.853197 -2.485816
v 0.000000 0.824744 -2.326605
v 0.000000 0.631869 -2.347377
v 0.446244 0.631869 -2.347704
v 0.471299 0.824744 -2.331777
v 0.446509 0.920281 -2.449686
v 0.000000 0.920480 -2.444018
v 0.530218 0.151309 -2.188056
v 1.107273 0.805430 -2.481289
v 0.505175 0.604847 -2.526477
v 0.537658 0.881693 -2.495852
v 0.806607 0.361494 -2.139476
v 0.518099 0.363865 -2.225263
v 0.517895 0.363865 -2.366484
v 0.000000 0.181403 -2.188056
v -0.000000 0.364049 -2.368566
v 0.747552 0.325940 -2.343009
v 0.752570 0.145290 -2.278414
v 0.283212 0.971344 -2.431915
v 0.318217 1.038139 -1.839787
v 0.266362 0.824744 -2.329191
v 0.276443 0.825189 -2.483641
v 0.280537 0.923789 -2.445079
v 0.280135 0.615334 -2.497355
v 0.289720 0.364212 -2.495805
v 0.282620 0.606496 -2.529634
v 0.291932 0.364212 -2.242113
v 0.277719 0.631869 -2.496083
v 0.273861 0.631869 -2.347558
v 0.350396 0.175384 -2.188056
v 0.291017 0.364212 -2.368959
v 0.563900 1.268075 0.257441
v 0.526770 1.339890 -0.762605
v 0.531297 1.325766 -0.978638
v -0.000000 1.340855 0.210026
v 0.000000 1.400008 -0.770421
v 0.722667 0.997724 -1.512010
v 1.190213 0.927772 -1.683400
v 1.243626 0.747955 -1.707580
v 1.229133 0.810849 -1.738042
v 0.808549 1.015732 -1.541439
v 1.115059 0.995698 -1.639433
v 1.006661 1.016656 -1.607858
v 0.000000 1.326415 0.272480
v 0.531112 1.258897 0.291947
v 0.309145 1.383334 -0.768841
v 0.295623 1.321799 0.211201
v 0.289214 1.299783 0.281764
v 0.608875 1.223658 -1.189955
v 0.537607 1.223761 -1.336794
v 0.509106 1.317417 -1.026694
v 0.000000 1.381299 -1.003510
v 0.303708 1.362073 -1.014864
v 0.316085 1.378768 -0.959193
v -0.000000 1.395105 -0.961002
v 0.657757 1.249152 -0.767991
v 0.636813 1.243124 -1.000248
v 0.521831 1.301958 -0.014560
v 0.526780 1.319920 -0.273286
v 0.000000 1.363197 -0.017891
v 0.000000 1.380708 -0.276894
v 0.295271 1.343522 -0.016603
v 0.295124 1.361410 -0.275734
v 0.315737 1.247683 -1.321925
v 0.864015 0.498737 0.998667
v 0.864015 0.145290 0.907580
v 0.833462 0.645720 1.659951
v 0.741800 0.746835 1.392660
v 0.833462 0.677728 1.151954
v 0.864015 0.319601 0.935532
v 0.864015 0.145290 1.822842
v 0.864015 0.323021 1.815927
v 0.864015 0.494496 1.776616
v 0.864015 0.633495 -1.348228
v 0.854447 0.702611 -2.004917
v 0.864015 0.145290 -1.317625
v 0.864015 0.348658 -1.316332
v 0.000000 0.145290 0.835021
v 0.000000 0.145290 0.490711
v -0.000000 0.145290 0.721597
v 0.000000 0.145290 -0.840033
v 0.000000 0.145290 -0.198922
v 0.000000 0.145290 -1.099021
v 0.754991 0.145290 0.490711
v 0.765344 0.145290 0.722476
v 0.782018 0.145290 -0.198922
v 0.835910 0.145290 -1.115241
v 0.808078 0.145290 -0.840033
v 0.798886 0.145290 0.838537
v 0.000000 0.145290 -1.271129
v -0.000000 0.145290 0.973612
v -0.000000 0.145290 1.776588
v 0.487878 0.145290 0.490711
v 0.245269 0.145290 0.490711
v 0.510785 0.145290 -0.198922
v 0.262454 0.145290 -0.198922
v 0.550227 0.145290 -1.102265
v 0.289304 0.145290 -1.099021
v 0.246912 0.145290 0.721597
v 0.493336 0.145290 0.721597
v 0.282177 0.145290 -0.840033
v 0.536650 0.145290 -0.840033
v 0.249142 0.145290 0.835021
v 0.502889 0.145290 0.835021
v 0.536515 0.145290 -1.284181
v 0.281806 0.145290 -1.271129
v 0.488847 0.145290 0.973612
v 0.231937 0.145290 0.973612
v 0.475844 0.145290 1.776507
v 0.224954 0.145290 1.776657
v 0.145153 0.281174 2.351945
v 0.197306 0.145290 2.178222
v 0.000000 0.145290 2.177417
v 0.406842 0.145290 2.175956
v 0.682848 0.145290 2.161403
v 0.213406 0.145290 2.003364
v 0.000000 0.145290 2.002949
v 0.723052 0.145290 2.003500
v 0.437192 0.145290 2.002464
v 0.967053 0.769370 1.880899
v 0.694135 0.581290 2.396258
v 0.692794 0.678575 2.168303
v 0.701013 0.792460 1.898143
v 0.804140 0.751655 1.733461
v 0.802253 0.747367 1.901726
v 0.841773 0.712343 1.733461
v 0.837406 0.710645 1.901726
v 0.840586 0.657934 1.733461
v 0.836297 0.659822 1.901726
v 0.801274 0.620301 1.733461
v 0.799576 0.624668 1.901726
v 0.746865 0.621488 1.733461
v 0.748752 0.625777 1.901726
v 0.709232 0.660801 1.733461
v 0.713599 0.662499 1.901726
v 0.710419 0.715209 1.733461
v 0.714708 0.713322 1.901726
v 0.749731 0.752843 1.733461
v 0.751429 0.748476 1.901726
v 0.804140 0.751655 1.901726
v 0.841773 0.712343 1.901726
v 0.840586 0.657934 1.901726
v 0.801274 0.620301 1.901726
v 0.746865 0.621488 1.901726
v 0.709232 0.660801 1.901726
v 0.710419 0.715209 1.901726
v 0.749731 0.752843 1.901726
v 0.818251 0.703196 1.914194
v 0.793975 0.728554 1.914194
v 0.817485 0.668099 1.914194
v 0.792126 0.643824 1.914194
v 0.757030 0.644590 1.914194
v 0.732754 0.669948 1.914194
v 0.733520 0.705045 1.914194
v 0.758879 0.729320 1.914194
v 0.837406 0.710645 1.896552
v 0.802253 0.747367 1.896552
v 0.836297 0.659822 1.896552
v 0.799576 0.624668 1.896552
v 0.748752 0.625777 1.896552
v 0.713599 0.662499 1.896552
v 0.714708 0.713322 1.896552
v 0.751429 0.748476 1.896552
v 0.954140 0.751655 1.733461
v 0.952253 0.747367 1.901726
v 0.991773 0.712343 1.733461
v 0.987406 0.710645 1.901726
v 0.990586 0.657934 1.733461
v 0.986297 0.659822 1.901726
v 0.951274 0.620301 1.733461
v 0.949576 0.624668 1.901726
v 0.896865 0.621488 1.733461
v 0.898493 0.625676 1.901726
v 0.859232 0.660801 1.733461
v 0.862562 0.662096 1.901726
v 0.860419 0.715209 1.733461
v 0.864449 0.713221 1.901726
v 0.899731 0.752843 1.733461
v 0.901429 0.748476 1.901726
v 0.954140 0.751655 1.901726
v 0.991773 0.712343 1.901726
v 0.990586 0.657934 1.901726
v 0.951274 0.620301 1.901726
v 0.896865 0.621488 1.901726
v 0.859232 0.660801 1.901726
v 0.860419 0.715209 1.901726
v 0.899731 0.752843 1.901726
v 0.968251 0.703196 1.914194
v 0.943975 0.728554 1.914195
v 0.967485 0.668099 1.914194
v 0.942126 0.643824 1.914194
v 0.907030 0.644590 1.914194
v 0.882754 0.669948 1.914194
v 0.883520 0.705045 1.914194
v 0.908879 0.729320 1.914195
v 0.987406 0.710645 1.896552
v 0.952253 0.747367 1.896552
v 0.986297 0.659822 1.896552
v 0.949576 0.624668 1.896552
v 0.898752 0.625777 1.896552
v 0.863599 0.662499 1.896552
v 0.864708 0.713322 1.896552
v 0.901429 0.748476 1.896552
v 0.775503 0.686572 1.928101
v 0.925503 0.686572 1.928101
v 0.960439 0.575024 2.151658
v 0.959473 0.587090 2.136677
v 0.967017 0.561813 2.138875
v 0.969943 0.566063 2.116332
v 0.963047 0.544855 2.143999
v 0.963624 0.539069 2.124487
v 0.950854 0.534083 2.164027
v 0.944217 0.521922 2.156366
v 0.937581 0.535806 2.187227
v 0.923090 0.524666 2.193295
v 0.959120 0.588680 2.134591
v 0.931003 0.549017 2.200009
v 0.912619 0.545694 2.213640
v 0.934973 0.565975 2.194886
v 0.918939 0.572687 2.205485
v 0.952557 0.555203 2.171488
v 0.947166 0.576748 2.174858
v 0.938346 0.589834 2.173605
v 0.897448 0.586375 2.097739
v 0.970099 0.566631 2.113257
v 0.903315 0.565976 2.076996
v 0.963473 0.538327 2.121808
v 0.899118 0.540327 2.086279
v 0.943123 0.520347 2.155235
v 0.887314 0.524453 2.120151
v 0.920970 0.523224 2.193957
v 0.874819 0.527653 2.158770
v 0.909991 0.545273 2.215290
v 0.868951 0.548052 2.179513
v 0.916617 0.573577 2.206739
v 0.873149 0.573700 2.170230
v 0.936967 0.591557 2.173312
v 0.884952 0.589574 2.136358
v 0.865290 0.548470 2.287747
v 0.877374 0.562410 2.263222
v 0.881261 0.537619 2.265335
v 0.902795 0.545138 2.227548
v 0.869516 0.520747 2.275082
v 0.884100 0.518282 2.243063
v 0.836935 0.507737 2.311279
v 0.832240 0.497574 2.300678
v 0.802604 0.506211 2.352723
v 0.777594 0.495144 2.366645
v 0.878763 0.564273 2.259863
v 0.786633 0.517062 2.375135
v 0.752172 0.512416 2.402319
v 0.798378 0.533934 2.365388
v 0.770867 0.539272 2.386804
v 0.836913 0.526681 2.322668
v 0.830959 0.546944 2.329190
v 0.822728 0.559980 2.329189
v 0.840741 0.561589 2.227239
v 0.905419 0.546162 2.222456
v 0.866620 0.544975 2.194429
v 0.885816 0.518002 2.238725
v 0.847936 0.519410 2.208338
v 0.831437 0.496288 2.299139
v 0.795632 0.499870 2.260820
v 0.774137 0.493740 2.368308
v 0.740347 0.497802 2.321131
v 0.747481 0.511851 2.405715
v 0.714467 0.514416 2.353941
v 0.767084 0.540012 2.389447
v 0.733152 0.539980 2.340032
v 0.821463 0.561726 2.329033
v 0.785457 0.559520 2.287549
v 0.632125 0.432821 2.421933
v 0.311077 0.432816 2.421383
v 0.000000 0.432827 2.421252
v 0.634824 0.424522 2.274716
v 0.311527 0.424517 2.271847
v 0.000000 0.424528 2.271252
v 0.634824 0.446980 2.274716
v 0.311527 0.446975 2.271847
v 0.000000 0.446986 2.271252
v 0.632125 0.399107 2.394809
v 0.311604 0.399103 2.394260
v 0.000000 0.399113 2.394128
v 0.634824 0.390808 2.247592
v 0.312054 0.390804 2.244724
v 0.000000 0.390814 2.244128
v 0.634824 0.413266 2.247592
v 0.312054 0.413262 2.244724
v 0.000000 0.413272 2.244128
v 0.632125 0.365393 2.367686
v 0.311604 0.365389 2.367137
v 0.000000 0.365400 2.367005
v 0.634824 0.357095 2.220469
v 0.312054 0.357090 2.217601
v 0.000000 0.357101 2.217005
v 0.634824 0.379553 2.220469
v 0.312054 0.379548 2.217601
v 0.000000 0.379559 2.217005
v 0.632125 0.331680 2.340563
v 0.311604 0.331675 2.340013
v 0.000000 0.331686 2.339882
v 0.634824 0.323381 2.193346
v 0.312054 0.323377 2.190477
v 0.000000 0.323387 2.189882
v 0.634824 0.345839 2.193346
v 0.312054 0.345835 2.190477
v 0.000000 0.345845 2.189882
v 0.840710 0.835523 0.944357
v 0.622570 0.906893 1.017736
v 0.295563 1.034564 -1.849297
v 0.518376 1.320300 -1.017679
v 0.000000 1.037098 -1.842440
v 0.547074 1.224348 -1.333976
v 0.290731 1.304254 0.272530
v 0.000000 1.321642 0.281597
v 0.537036 1.262805 0.281951
v 0.305449 1.365031 -1.005888
v 0.625146 1.272057 -0.278509
v 0.000000 1.378450 -1.012444
v 0.612850 1.248269 -0.025655
v 0.000000 0.931113 1.051139
v 0.000000 1.256724 -1.319765
v 0.912399 0.954571 -0.652648
v 0.881754 0.797704 0.655099
v 0.603787 1.221209 0.221081
v 0.374136 0.924002 1.042112
v 0.462956 0.801982 -2.465595
v 0.134577 0.801984 -2.465015
v 0.000000 0.801988 -2.464938
v 0.465655 0.793683 -2.318378
v 0.134613 0.794236 -2.315601
v 0.000000 0.793965 -2.315136
v 0.465655 0.816141 -2.318378
v 0.134613 0.816143 -2.315607
v 0.000000 0.816147 -2.315136
v 0.462956 0.763773 -2.465595
v 0.134577 0.763775 -2.465015
v 0.000000 0.763779 -2.464938
v 0.465655 0.755474 -2.318378
v 0.134613 0.756027 -2.315601
v 0.000000 0.755756 -2.315136
v 0.465655 0.777932 -2.318378
v 0.134613 0.777935 -2.315607
v 0.000000 0.777938 -2.315136
v 0.462956 0.725564 -2.465595
v 0.134577 0.725567 -2.465015
v 0.000000 0.725570 -2.464938
v 0.465655 0.717265 -2.318378
v 0.134613 0.717261 -2.315601
v 0.000000 0.717268 -2.315136
v 0.465655 0.739723 -2.318378
v 0.134613 0.739726 -2.315607
v 0.000000 0.739729 -2.315136
v 0.462956 0.687355 -2.465595
v 0.134577 0.687358 -2.465015
v 0.000000 0.687362 -2.464938
v 0.465655 0.679056 -2.318378
v 0.134613 0.679052 -2.315601
v 0.000000 0.679060 -2.315136
v 0.465655 0.701514 -2.318378
v 0.134613 0.701517 -2.315607
v 0.000000 0.701521 -2.315136
v 0.462956 0.649147 -2.465595
v 0.134577 0.649149 -2.465035
v 0.000000 0.649153 -2.464945
v 0.465655 0.640848 -2.318378
v 0.134613 0.640844 -2.315633
v 0.000000 0.640851 -2.315136
v 0.465655 0.663306 -2.318378
v 0.134613 0.663308 -2.315638
v 0.000000 0.663312 -2.315136
v 1.023325 0.739408 -2.504753
v 0.892899 0.799297 -2.441266
v 0.896523 0.735761 -2.440811
v 1.031687 0.733792 -2.441515
v 0.702252 0.922311 -2.433572
v 0.686813 0.800982 -2.434397
v 0.819201 0.925747 -2.434450
v 0.958945 0.899964 -2.438981
v 0.899582 0.740542 -2.504030
v 0.895421 0.804397 -2.504230
v 0.690827 0.806437 -2.497485
v 0.705189 0.919375 -2.497278
v 0.818733 0.922376 -2.498061
v 0.957701 0.901127 -2.502260
v 0.685320 0.802457 -2.497676
v 0.700758 0.923786 -2.496851
v 0.895029 0.737236 -2.504091
v 0.891406 0.800772 -2.504545
v 1.030194 0.735267 -2.504795
v 0.818705 0.925974 -2.497730
v 0.955602 0.897777 -2.502481
v 0.920096 0.827354 -2.516456
v 0.818733 0.922376 -2.490253
v 0.955602 0.897777 -2.490253
v 0.719067 0.829022 -2.509875
v 0.727704 0.897065 -2.510718
v 0.923734 0.763564 -2.516700
v 0.985944 0.762659 -2.517332
v 0.690827 0.806437 -2.490253
v 0.705189 0.919375 -2.490253
v 0.899582 0.740542 -2.490253
v 0.895421 0.804397 -2.490253
v 1.023325 0.739408 -2.490253
v 0.814955 0.897064 -2.511287
v 0.917398 0.874693 -2.515478
v 0.694208 0.922311 -2.433572
v 0.678770 0.800982 -2.434397
v 0.674536 0.805513 -2.497601
v 0.688997 0.920729 -2.496926
v 0.623784 0.805628 -2.497601
v 0.638548 0.920542 -2.496926
v 0.637319 0.922311 -2.433572
v 0.621881 0.800982 -2.434397
v 0.677276 0.802457 -2.497676
v 0.692714 0.923786 -2.496851
v 0.620388 0.802457 -2.497676
v 0.635826 0.923786 -2.496851
v 0.666898 0.818425 -2.510786
v 0.677267 0.907745 -2.510179
v 0.635835 0.818425 -2.510786
v 0.646204 0.907745 -2.510179
v 0.674536 0.805476 -2.490536
v 0.688997 0.920692 -2.490536
v 0.623784 0.805592 -2.490536
v 0.638548 0.920505 -2.490536
v 0.649924 0.177742 -1.878446
v 0.651356 0.194886 -2.375707
v 0.701755 0.194307 -1.878446
v 0.690645 0.207442 -2.375707
v 0.726692 0.242671 -1.878446
v 0.709548 0.244102 -2.375707
v 0.710127 0.294502 -1.878447
v 0.696991 0.283391 -2.375707
v 0.661764 0.319440 -1.878447
v 0.660331 0.302294 -2.375708
v 0.609932 0.302875 -1.878447
v 0.621042 0.289738 -2.375707
v 0.602140 0.253077 -2.375707
v 0.601560 0.202680 -1.878446
v 0.614696 0.213788 -2.375707
v 0.701755 0.194306 -2.375706
v 0.649923 0.177741 -2.375706
v 0.726692 0.242670 -2.375707
v 0.710127 0.294501 -2.375708
v 0.661764 0.319439 -2.375708
v 0.609932 0.302874 -2.375707
v 0.601560 0.202678 -2.375707
v 0.690645 0.207443 -2.251149
v 0.651356 0.194887 -2.251149
v 0.709548 0.244103 -2.251150
v 0.696991 0.283392 -2.251150
v 0.660331 0.302295 -2.251150
v 0.621042 0.289738 -2.251150
v 0.602140 0.253078 -2.251150
v 0.614696 0.213789 -2.251150
v 0.854541 0.370570 -1.725090
v 0.845441 0.145290 -1.723811
v 0.864015 0.734050 -1.665290
v 0.536444 0.146293 -1.706069
v 0.310803 0.150306 -1.702520
v 0.000000 0.151309 -1.702520
v 0.140478 0.971344 -2.431923
v 0.133054 0.921327 -2.444403
v 0.137755 0.364108 -2.368708
v 0.146043 1.033275 -1.850900
v 0.125208 0.824744 -2.327545
v 0.128606 0.824744 -2.482271
v 0.131892 0.614760 -2.497258
v 0.136890 0.364108 -2.495555
v 0.132283 0.607545 -2.531644
v 0.138364 0.364108 -2.241863
v 0.142261 0.631869 -2.495974
v 0.140079 0.631869 -2.347450
v 0.143455 1.396599 -0.770301
v 0.135224 1.335811 0.209927
v 0.134237 1.320110 0.271646
v 0.143657 1.377993 -1.003528
v 0.149674 1.392027 -0.960968
v 0.133748 1.375718 -0.276784
v 0.134364 1.357903 -0.017815
v 0.150340 1.254793 -1.319396
v 0.144925 0.319343 2.218773
v 0.152024 1.037058 -1.841575
v 0.133889 1.315424 0.280748
v 0.143523 1.375087 -1.012477
v 0.179322 0.928199 1.048175
v 0.143962 0.331681 2.339891
v 0.143962 0.323382 2.189891
v 0.143962 0.345840 2.189891
v 0.143962 0.365395 2.367014
v 0.143962 0.357096 2.217014
v 0.143962 0.379554 2.217014
v 0.143962 0.399108 2.394138
v 0.143962 0.390810 2.244137
v 0.143962 0.413268 2.244137
v 0.142956 0.432822 2.421261
v 0.142956 0.424523 2.271261
v 0.142956 0.446981 2.271261
v 0.276460 0.801982 -2.465237
v 0.276919 0.793817 -2.316562
v 0.276919 0.816141 -2.316582
v 0.276460 0.763773 -2.465237
v 0.276919 0.755608 -2.316562
v 0.276919 0.777933 -2.316582
v 0.276460 0.725565 -2.465237
v 0.276919 0.717260 -2.316562
v 0.276919 0.739724 -2.316582
v 0.276460 0.687356 -2.465237
v 0.276919 0.679052 -2.316562
v 0.276919 0.701515 -2.316582
v 0.276460 0.649147 -2.465264
v 0.276919 0.640843 -2.316688
v 0.276919 0.663306 -2.316706
v 0.931363 0.851259 0.722307
v 0.916796 0.907162 0.724153
v 0.929988 0.853093 0.681141
v 0.915421 0.908997 0.682986
v 1.122650 0.860238 0.719733
v 1.122650 0.935535 0.719733
v 1.134739 0.858095 0.625313
v 1.134739 0.942337 0.625313
v 0.982021 0.858095 0.625313
v 0.980548 0.850153 0.727721
v 0.976906 0.941740 0.728183
v 0.982021 0.942337 0.625313
v 0.790678 0.805740 0.714371
v 0.790962 0.805039 0.742793
v 0.790962 0.849908 0.742793
v 0.790678 0.850610 0.714371
v 0.973944 0.950414 0.625313
v 0.973944 0.850018 0.625313
v 1.142816 0.850018 0.625314
v 1.142816 0.950414 0.625314
v 0.746141 0.719739 -2.512199
v 1.117836 0.604809 -2.506994
v 0.521520 0.743025 -2.515180
v 1.000906 0.873194 -2.488203
v 0.540456 0.984434 -2.291093
v 0.142194 0.988173 -2.293992
v 0.000000 0.989497 -2.294590
v 0.507583 0.732863 -2.491661
v 0.462897 0.728751 -2.491115
v 0.458772 0.728307 -2.339741
v 0.270112 0.728307 -2.338375
v 0.000000 0.728307 -2.336991
v 0.132643 0.728307 -2.337498
v 0.947235 0.931642 -2.479468
v 0.600070 0.838078 -2.487479
v 1.141128 0.623601 -2.409077
v 0.577330 0.255152 -1.878446
v 0.577330 0.255151 -2.375707
v 0.492953 0.190859 -1.878446
v 0.494386 0.208002 -2.375707
v 0.544775 0.207425 -1.878446
v 0.533674 0.220559 -2.375707
v 0.552577 0.257219 -2.375707
v 0.553147 0.307620 -1.878447
v 0.540021 0.296508 -2.375707
v 0.504793 0.332556 -1.878447
v 0.503361 0.315411 -2.375708
v 0.452962 0.315991 -1.878447
v 0.464072 0.302854 -2.375707
v 0.428025 0.267628 -1.878446
v 0.445169 0.266194 -2.375707
v 0.444589 0.215796 -1.878446
v 0.457725 0.226905 -2.375707
v 0.544775 0.207423 -2.375706
v 0.492953 0.190858 -2.375706
v 0.553147 0.307619 -2.375708
v 0.504793 0.332555 -2.375708
v 0.452962 0.315990 -2.375707
v 0.428024 0.267627 -2.375707
v 0.444589 0.215795 -2.375707
v 0.533675 0.220560 -2.251149
v 0.494386 0.208003 -2.251149
v 0.552577 0.257220 -2.251150
v 0.540021 0.296509 -2.251150
v 0.503361 0.315411 -2.251150
v 0.464072 0.302855 -2.251150
v 0.445169 0.266195 -2.251150
v 0.457726 0.226906 -2.251150
v 0.814699 0.901122 -2.456344
v 0.965999 0.862372 -2.457618
v 0.629448 0.782442 -2.456999
v 0.890110 0.781097 -2.463192
v 0.639830 0.898335 -2.456564
v 0.894796 0.729379 -2.462775
v 1.014928 0.722099 -2.463497
v 1.057872 0.717692 -2.509252
v 0.916218 0.904052 -2.456291
v 0.831489 0.941876 -2.473422
v 0.591190 0.771864 -2.496991
v 0.869367 0.772290 -2.504019
v 0.601845 0.937519 -2.472209
v 0.869367 0.717692 -2.508892
v 0.988263 0.802714 -2.461867
v 0.634921 0.843648 -2.456769
v 1.034967 0.795795 -2.498709
v 0.840429 0.843287 -2.458932
v 0.864015 0.321311 1.375729
v 0.864015 0.145290 1.365211
v 0.864015 0.496616 1.387642
v 0.856377 0.633110 1.407795
v 0.000000 0.145290 1.365211
v 0.484593 0.145290 1.365210
v 0.227263 0.145290 1.365211
v 0.530691 1.334221 -0.530839
v 0.000000 1.393917 -0.536666
v 0.299704 1.376092 -0.535554
v 0.136501 1.389773 -0.536527
v 1.081100 0.892628 -0.825171
v 1.083539 0.867037 -0.828636
v 0.923163 0.145290 2.250571
v 0.368306 0.145290 2.324928
v 0.172233 0.145290 2.330422
v -0.000000 0.145290 2.329325
v 0.669920 0.145290 2.291219
v 0.983475 0.669688 2.106509
v 0.888760 0.578208 2.274707
v 0.974903 0.602425 2.140172
v 0.782640 0.548290 2.391135
v 0.772821 0.488651 2.385088
v 0.837817 0.572078 2.271788
v 0.920999 0.558293 2.131539
v 0.898197 0.521079 2.158213
v 0.826869 0.500547 2.258978
v 0.907922 0.588748 2.164706
v 0.753910 0.546260 2.365900
v 0.746002 0.498007 2.360420
v 0.727322 0.518834 2.387072
v 0.950191 0.618839 1.866738
v 1.028922 0.600609 1.918544
v 0.694494 0.568812 2.369131
v 0.692794 0.591743 2.133534
v 0.890382 0.604278 2.230446
v 0.700246 0.608391 1.887680
v 0.786746 0.583496 2.341212
v 0.983212 0.608250 2.077519
v 1.061853 0.485945 0.599393
v 1.142575 0.327520 -0.145006
v 1.107338 0.607222 -0.728597
v 0.996492 0.937995 -0.660169
v 0.875608 0.800222 0.630935
v 0.685690 1.227709 -0.500373
v 0.619091 1.240424 -0.027787
v 0.631328 1.263952 -0.278501
v 0.980881 0.832286 0.229681
v 1.075338 0.522707 0.164199
v 0.989234 0.887427 -0.256867
v 1.139535 0.550536 -0.165781
v 1.095889 0.569584 -0.335572
v 1.160938 0.403646 -0.576358
v 0.975819 0.779166 0.633766
v 0.878968 0.857287 0.241444
v 0.896050 0.911574 -0.244411
v 0.908639 0.957847 -0.642182
v 0.609967 1.213886 0.216151
v 0.681317 1.234220 -0.505302
v 0.885089 0.850320 0.244626
v 0.901793 0.904446 -0.246952
v 0.674888 0.685229 2.160244
v 0.678554 0.834068 1.720295
v 0.961784 0.792501 1.824062
v 0.652193 0.729603 1.934517
v 0.649491 0.624246 2.184171
v 0.609917 0.450470 2.477147
v 0.000000 0.834343 1.720567
v 0.000000 0.728624 1.955514
v 0.000000 0.617700 2.197086
v 0.000000 0.472156 2.492117
v 1.187990 0.145290 0.856115
v 1.159951 0.774935 1.127135
v 0.660467 0.281174 2.362475
v 0.940774 0.281174 2.105498
v 0.773372 0.281174 2.303507
v 1.169590 0.822356 1.391663
v 0.318192 0.729041 1.946536
v 0.327227 0.824811 1.715512
v 0.316753 0.619803 2.191372
v 0.310342 0.450465 2.476595
v 0.318894 0.281174 2.353700
v 0.317001 0.474789 2.492216
v 0.000000 0.450478 2.476466
v 0.311880 0.319058 2.370198
v 0.618396 0.317598 2.377376
v 0.000000 0.319336 2.368782
v 0.612421 0.450470 2.329929
v 0.310759 0.450465 2.327059
v 0.312530 0.319058 2.221062
v 0.623061 0.317598 2.232560
v 0.657349 0.793634 1.697968
v 0.000000 0.793634 1.697968
v 0.325121 0.793634 1.697968
v 0.649309 0.893334 1.093464
v 0.000000 0.902337 1.093630
v 0.325550 0.900837 1.093602
v -0.000000 0.865383 1.366001
v 0.325192 0.864296 1.365328
v 0.656009 0.858678 1.361810
v 0.330424 0.834297 1.720522
v 0.659372 0.824811 1.715512
v 0.000000 0.824811 1.715512
v 0.646735 0.793634 1.697968
v 0.324967 0.793224 1.820835
v 0.324967 0.771735 1.812004
v 0.645813 0.793224 1.820835
v 0.000000 0.793224 1.820835
v 0.645813 0.771735 1.812004
v 0.000000 0.771735 1.812004
v 0.998094 0.875861 1.376782
v 0.882693 0.887000 1.052432
v 0.677969 0.887737 1.373898
v 0.704696 0.897412 1.091671
v 0.992301 0.830805 1.680534
v 0.678204 0.806303 1.849944
v 0.329278 0.805740 1.832844
v 0.000000 0.805747 1.833739
v 1.073448 0.505885 1.920620
v 1.213293 0.145290 0.907580
v 1.108159 0.145290 0.611518
v 0.993910 0.281174 2.020297
v 1.156258 0.783025 1.679040
v 1.213293 0.647051 1.657870
v 1.033868 0.281174 1.948309
v 1.139328 0.516125 1.780217
v 1.213446 0.680095 1.158125
v 1.213293 0.302003 0.934308
v 1.189851 0.303451 0.890515
v 0.956453 0.888728 1.070998
v 0.671247 0.905027 1.106553
v 0.694331 0.889459 1.082161
v 0.847346 0.835107 0.979699
v 0.869870 0.696432 1.087432
v 0.698932 0.760289 1.218506
v 0.929369 0.754533 1.195678
v 0.709013 0.766356 1.230160
v 1.213293 0.145290 1.822842
v 1.213293 0.320358 1.810843
v 1.016764 0.145290 2.149625
v 1.106363 0.218893 0.676397
v 1.094222 0.402272 0.676397
v 1.099981 0.305085 0.676397
v 1.151541 0.233176 0.803619
v 1.080005 0.219812 0.807771
v 1.077858 0.303211 0.815080
v 1.155758 0.303097 0.826220
v 1.146618 0.385073 0.818080
v 1.071471 0.402272 0.822493
v 1.118377 0.303352 0.915914
v 1.113053 0.233240 0.915879
v 1.107402 0.385136 0.915879
v 1.174002 0.521538 0.921238
v 1.028939 0.815445 0.913153
v 1.116748 0.402272 0.740941
v 1.115796 0.556162 0.796103
v 1.140180 0.145290 0.726871
v 1.126955 0.219812 0.735187
v 0.647164 0.858865 1.361960
v 0.145151 0.319343 2.368773
v 0.144918 0.145290 2.476959
v 0.668573 0.572873 2.422843
v 0.649872 0.487953 2.492714
v 0.899316 0.601005 2.260648
v 1.027556 0.580587 2.035308
v 0.988918 0.490219 2.076238
v 0.659945 0.520465 2.486666
v 1.030241 0.725758 1.954819
v 0.889211 0.622190 2.259759
v 0.145485 0.728769 1.952391
v 0.144927 0.472156 2.492117
v 0.150439 0.805747 1.833431
v 0.144799 0.618276 2.195056
v 0.144927 0.450471 2.476475
v 0.144927 0.450471 2.326475
v 0.150929 0.902337 1.093630
v 0.150929 0.865383 1.366001
v 0.150929 0.824811 1.715512
v 0.150929 0.793224 1.820835
v 0.150929 0.771735 1.812004
v 0.150929 0.834343 1.720567
v 0.150929 0.793634 1.697968
v 0.785097 0.590190 2.370111
v 1.082334 0.219996 0.915868
v 1.081560 0.301404 0.915868
v 1.075037 0.402272 0.915868
v 0.862863 0.281174 2.207367
v 0.874557 0.451130 2.239210
v 1.109510 0.620031 1.872023
v 1.100242 0.738945 1.853355
v 1.016477 0.645653 2.072818
v 0.323782 0.774926 1.876765
v 0.147992 0.774926 1.880245
v 0.662281 0.654337 2.172917
v 0.664077 0.774926 1.869567
v 0.000000 0.774926 1.882091
v 0.767832 0.561230 2.408626
v 0.749180 0.454478 2.399474
v 0.730555 0.513488 2.438113
v 0.987757 0.561898 2.104601
v 0.962660 0.516899 2.132774
v 0.875639 0.492581 2.258119
v 0.754820 0.514894 2.412019
v -0.858254 0.812309 0.954687
v -1.213293 0.506771 1.008499
v -1.213905 0.743240 1.389548
v -0.326451 0.145290 2.467769
v -0.821155 0.145290 2.347089
v -0.658221 0.145290 2.415062
v -1.094668 0.145290 2.035124
v -1.213293 0.486045 1.748025
v -1.086525 0.303121 0.600255
v -0.890626 0.800138 0.850872
v -1.177244 0.145290 -0.840033
v -1.010910 0.912101 -0.796948
v -1.185116 0.644153 -0.872953
v -1.189440 0.326277 -0.836761
v -1.112748 0.644766 -0.841380
v -1.149757 0.795834 -0.857526
v -1.149906 0.279634 -0.199981
v -1.150077 0.145290 -0.198922
v -1.186904 0.599536 -0.736977
v -0.908376 0.965358 -0.819821
v -1.149723 0.943024 -2.054591
v -0.542291 1.043777 -1.836035
v -1.222087 0.346921 -1.163014
v -1.205580 0.145290 -1.118485
v -0.845349 0.971799 -1.128555
v -1.201698 0.868773 -1.244677
v -1.083376 0.938443 -2.328144
v -1.198169 0.760327 -2.135383
v -1.235694 0.669284 -1.295249
v -0.538346 0.971344 -2.431263
v -1.036239 0.181311 -2.383992
v -1.081450 0.188137 -2.130074
v -1.243626 0.620898 -1.423729
v -1.243626 0.657390 -1.981633
v -1.193091 0.145290 -1.317625
v -1.235203 0.367245 -1.330965
v -1.137603 0.805179 -2.377509
v -1.118562 0.365959 -2.475764
v -0.752570 0.145290 -2.188056
v -0.752570 0.145290 -2.361485
v -0.451442 0.631869 -2.496229
v -0.474351 0.827411 -2.486001
v -0.934275 1.024905 -1.967754
v -1.066725 1.005564 -2.009779
v -0.551006 1.040040 -1.845716
v -0.909619 0.995928 -1.173027
v -0.989750 0.997840 -2.306742
v -1.032359 0.993077 -1.222986
v -1.127829 0.959528 -1.216357
v -0.550088 1.015723 -2.299926
v -0.848747 1.017421 -2.297901
v -0.792772 0.993625 -2.429689
v -1.048543 0.922974 -2.462392
v -0.953673 0.977245 -2.444601
v -0.549905 0.996426 -2.444395
v -0.287897 0.987521 -2.293040
v -0.747552 0.325940 -2.474060
v -0.793702 0.611690 -2.518737
v -0.517607 0.363865 -2.496206
v -1.223542 0.407199 -2.108244
v -1.046379 0.181909 -2.277691
v -1.148364 0.413851 -2.310266
v -0.997190 0.943863 -0.776557
v -1.106764 0.616468 -0.838769
v -1.208193 0.616003 -0.883022
v -1.162518 0.809116 -0.863094
v -1.081087 0.856807 -1.182046
v -1.149976 0.663566 -1.291441
v -0.493788 0.616235 -2.497506
v -0.521818 0.853197 -2.485816
v -0.446244 0.631869 -2.347704
v -0.471299 0.824744 -2.331777
v -0.446509 0.920281 -2.449686
v -0.530218 0.151309 -2.188056
v -1.107273 0.805430 -2.481289
v -0.505175 0.604847 -2.526477
v -0.537658 0.881693 -2.495852
v -0.806607 0.361494 -2.139476
v -0.518099 0.363865 -2.225263
v -0.517896 0.363865 -2.366484
v -0.747552 0.325940 -2.343009
v -0.752570 0.145290 -2.278414
v -0.283212 0.971344 -2.431915
v -0.318217 1.038139 -1.839787
v -0.266362 0.824744 -2.329191
v -0.276443 0.825189 -2.483641
v -0.280537 0.923789 -2.445079
v -0.280135 0.615334 -2.497355
v -0.289720 0.364212 -2.495805
v -0.282620 0.606496 -2.529634
v -0.291932 0.364212 -2.242113
v -0.277719 0.631869 -2.496083
v -0.273861 0.631869 -2.347558
v -0.350396 0.175384 -2.188056
v -0.291017 0.364212 -2.368959
v -0.563900 1.268075 0.257441
v -0.526770 1.339890 -0.762605
v -0.531297 1.325766 -0.978638
v -0.722667 0.997724 -1.512010
v -1.190213 0.927772 -1.683400
v -1.243626 0.747955 -1.707580
v -1.229133 0.810849 -1.738042
v -0.808549 1.015732 -1.541439
v -1.115059 0.995698 -1.639433
v -1.006661 1.016656 -1.607859
v -0.531112 1.258897 0.291947
v -0.309145 1.383334 -0.768841
v -0.295623 1.321799 0.211201
v -0.289214 1.299783 0.281764
v -0.608875 1.223658 -1.189955
v -0.537607 1.223761 -1.336794
v -0.509106 1.317417 -1.026694
v -0.303708 1.362073 -1.014864
v -0.316085 1.378768 -0.959193
v -0.657757 1.249152 -0.767991
v -0.636813 1.243124 -1.000248
v -0.521831 1.301958 -0.014560
v -0.526780 1.319920 -0.273286
v -0.295271 1.343522 -0.016603
v -0.295124 1.361410 -0.275734
v -0.315737 1.247683 -1.321925
v -0.864015 0.498737 0.998667
v -0.864015 0.145290 0.907580
v -0.833462 0.645720 1.659951
v -0.741800 0.746835 1.392660
v -0.833462 0.677728 1.151954
v -0.864015 0.319601 0.935532
v -0.864015 0.145290 1.822842
v -0.864015 0.323021 1.815927
v -0.864015 0.494496 1.776616
v -0.864015 0.633495 -1.348228
v -0.854447 0.702611 -2.004917
v -0.864015 0.145290 -1.317625
v -0.864015 0.348658 -1.316332
v -0.754992 0.145290 0.490711
v -0.765344 0.145290 0.722476
v -0.782018 0.145290 -0.198922
v -0.835910 0.145290 -1.115241
v -0.808078 0.145290 -0.840033
v -0.798886 0.145290 0.838537
v -0.487878 0.145290 0.490711
v -0.245269 0.145290 0.490711
v -0.510785 0.145290 -0.198922
v -0.262454 0.145290 -0.198922
v -0.550227 0.145290 -1.102265
v -0.289304 0.145290 -1.099021
v -0.246912 0.145290 0.721597
v -0.493336 0.145290 0.721597
v -0.282177 0.145290 -0.840033
v -0.536650 0.145290 -0.840033
v -0.249142 0.145290 0.835021
v -0.502889 0.145290 0.835021
v -0.536515 0.145290 -1.284181
v -0.281806 0.145290 -1.271129
v -0.488847 0.145290 0.973612
v -0.231937 0.145290 0.973612
v -0.475844 0.145290 1.776507
v -0.224954 0.145290 1.776657
v -0.145153 0.281174 2.351945
v -0.197306 0.145290 2.178222
v -0.406842 0.145290 2.175956
v -0.682848 0.145290 2.161403
v -0.213406 0.145290 2.003364
v -0.723052 0.145290 2.003500
v -0.437192 0.145290 2.002464
v -0.967053 0.769370 1.880899
v -0.694135 0.581290 2.396258
v -0.692794 0.678575 2.168303
v -0.701013 0.792460 1.898143
v -0.804140 0.751655 1.733461
v -0.802253 0.747367 1.901726
v -0.841773 0.712343 1.733461
v -0.837406 0.710645 1.901726
v -0.840586 0.657934 1.733461
v -0.836297 0.659822 1.901726
v -0.801274 0.620301 1.733461
v -0.799576 0.624668 1.901726
v -0.746865 0.621488 1.733461
v -0.748752 0.625777 1.901726
v -0.709232 0.660801 1.733461
v -0.713599 0.662499 1.901726
v -0.710419 0.715209 1.733461
v -0.714708 0.713322 1.901726
v -0.749731 0.752843 1.733461
v -0.751429 0.748476 1.901726
v -0.804140 0.751655 1.901726
v -0.841773 0.712343 1.901726
v -0.840586 0.657934 1.901726
v -0.801274 0.620301 1.901726
v -0.746865 0.621488 1.901726
v -0.709232 0.660801 1.901726
v -0.710419 0.715209 1.901726
v -0.749731 0.752843 1.901726
v -0.818251 0.703196 1.914194
v -0.793975 0.728554 1.914194
v -0.817485 0.668099 1.914194
v -0.792126 0.643824 1.914194
v -0.757030 0.644590 1.914194
v -0.732754 0.669948 1.914194
v -0.733520 0.705045 1.914194
v -0.758879 0.729320 1.914194
v -0.837406 0.710645 1.896552
v -0.802253 0.747367 1.896552
v -0.836297 0.659822 1.896552
v -0.799576 0.624668 1.896552
v -0.748752 0.625777 1.896552
v -0.713599 0.662499 1.896552
v -0.714708 0.713322 1.896552
v -0.751429 0.748476 1.896552
v -0.954140 0.751655 1.733461
v -0.952253 0.747367 1.901726
v -0.991773 0.712343 1.733461
v -0.987406 0.710645 1.901726
v -0.990586 0.657934 1.733461
v -0.986297 0.659822 1.901726
v -0.951274 0.620301 1.733461
v -0.949576 0.624668 1.901726
v -0.896865 0.621488 1.733461
v -0.898493 0.625676 1.901726
v -0.859232 0.660801 1.733461
v -0.862562 0.662096 1.901726
v -0.860419 0.715209 1.733461
v -0.864449 0.713221 1.901726
v -0.899731 0.752843 1.733461
v -0.901429 0.748476 1.901726
v -0.954140 0.751655 1.901726
v -0.991773 0.712343 1.901726
v -0.990586 0.657934 1.901726
v -0.951274 0.620301 1.901726
v -0.896865 0.621488 1.901726
v -0.859232 0.660801 1.901726
v -0.860419 0.715209 1.901726
v -0.899731 0.752843 1.901726
v -0.968251 0.703196 1.914194
v -0.943975 0.728554 1.914195
v -0.967485 0.668099 1.914194
v -0.942126 0.643824 1.914194
v -0.907030 0.644590 1.914194
v -0.882754 0.669948 1.914194
v -0.883520 0.705045 1.914194
v -0.908879 0.729320 1.914195
v -0.987406 0.710645 1.896552
v -0.952253 0.747367 1.896552
v -0.986297 0.659822 1.896552
v -0.949576 0.624668 1.896552
v -0.898752 0.625777 1.896552
v -0.863599 0.662499 1.896552
v -0.864708 0.713322 1.896552
v -0.901429 0.748476 1.896552
v -0.775503 0.686572 1.928101
v -0.925503 0.686572 1.928101
v -0.960439 0.575024 2.151658
v -0.959473 0.587090 2.136677
v -0.967017 0.561813 2.138875
v -0.969943 0.566063 2.116332
v -0.963047 0.544855 2.143999
v -0.963624 0.539069 2.124487
v -0.950854 0.534083 2.164027
v -0.944217 0.521922 2.156366
v -0.937581 0.535806 2.187227
v -0.923090 0.524666 2.193295
v -0.959120 0.588680 2.134591
v -0.931003 0.549017 2.200009
v -0.912619 0.545694 2.213640
v -0.934973 0.565975 2.194885
v -0.918939 0.572687 2.205485
v -0.952557 0.555203 2.171488
v -0.947166 0.576748 2.174858
v -0.938346 0.589834 2.173605
v -0.897448 0.586375 2.097739
v -0.970099 0.566631 2.113257
v -0.903315 0.565976 2.076996
v -0.963473 0.538327 2.121808
v -0.899118 0.540327 2.086279
v -0.943123 0.520347 2.155235
v -0.887314 0.524453 2.120151
v -0.920970 0.523224 2.193957
v -0.874819 0.527653 2.158770
v -0.909991 0.545273 2.215290
v -0.868951 0.548052 2.179513
v -0.916617 0.573577 2.206739
v -0.873149 0.573700 2.170230
v -0.936967 0.591557 2.173312
v -0.884952 0.589574 2.136358
v -0.865291 0.548470 2.287747
v -0.877374 0.562410 2.263222
v -0.881261 0.537619 2.265335
v -0.902795 0.545138 2.227548
v -0.869516 0.520747 2.275082
v -0.884100 0.518282 2.243063
v -0.836935 0.507737 2.311280
v -0.832240 0.497574 2.300678
v -0.802604 0.506211 2.352722
v -0.777594 0.495144 2.366645
v -0.878763 0.564273 2.259863
v -0.786633 0.517062 2.375135
v -0.752172 0.512416 2.402319
v -0.798378 0.533934 2.365388
v -0.770867 0.539272 2.386804
v -0.836913 0.526681 2.322668
v -0.830959 0.546944 2.329191
v -0.822728 0.559980 2.329189
v -0.840741 0.561589 2.227239
v -0.905419 0.546162 2.222456
v -0.866620 0.544975 2.194429
v -0.885816 0.518002 2.238725
v -0.847936 0.519410 2.208338
v -0.831437 0.496288 2.299139
v -0.795632 0.499870 2.260820
v -0.774137 0.493740 2.368308
v -0.740347 0.497802 2.321131
v -0.747481 0.511851 2.405715
v -0.714467 0.514416 2.353941
v -0.767084 0.540012 2.389447
v -0.733152 0.539980 2.340032
v -0.821463 0.561726 2.329033
v -0.785457 0.559520 2.287549
v -0.632125 0.432821 2.421933
v -0.311077 0.432816 2.421383
v -0.634824 0.424522 2.274716
v -0.311527 0.424517 2.271847
v -0.634824 0.446980 2.274716
v -0.311527 0.446975 2.271847
v -0.632125 0.399107 2.394809
v -0.311604 0.399103 2.394260
v -0.634824 0.390808 2.247592
v -0.312054 0.390804 2.244724
v -0.634824 0.413266 2.247592
v -0.312054 0.413262 2.244724
v -0.632125 0.365393 2.367686
v -0.311604 0.365389 2.367137
v -0.634824 0.357095 2.220469
v -0.312054 0.357090 2.217601
v -0.634824 0.379553 2.220469
v -0.312054 0.379548 2.217601
v -0.632125 0.331680 2.340563
v -0.311604 0.331675 2.340013
v -0.634824 0.323381 2.193346
v -0.312054 0.323377 2.190477
v -0.634824 0.345839 2.193346
v -0.312054 0.345835 2.190477
v -0.840710 0.835523 0.944357
v -0.622570 0.906893 1.017736
v -0.295563 1.034564 -1.849297
v -0.518376 1.320300 -1.017679
v -0.547074 1.224348 -1.333976
v -0.290731 1.304254 0.272530
v -0.537036 1.262805 0.281951
v -0.305449 1.365031 -1.005888
v -0.625146 1.272057 -0.278509
v -0.612850 1.248269 -0.025655
v -0.912399 0.954571 -0.652648
v -0.881754 0.797704 0.655099
v -0.603787 1.221209 0.221081
v -0.374136 0.924002 1.042112
v -0.462956 0.801982 -2.465595
v -0.134577 0.801984 -2.465015
v -0.465655 0.793683 -2.318378
v -0.134613 0.794236 -2.315601
v -0.465655 0.816141 -2.318378
v -0.134613 0.816143 -2.315607
v -0.462956 0.763773 -2.465595
v -0.134577 0.763775 -2.465015
v -0.465655 0.755474 -2.318378
v -0.134613 0.756027 -2.315601
v -0.465655 0.777932 -2.318378
v -0.134613 0.777935 -2.315607
v -0.462956 0.725564 -2.465595
v -0.134577 0.725567 -2.465015
v -0.465655 0.717265 -2.318378
v -0.134613 0.717261 -2.315601
v -0.465655 0.739723 -2.318378
v -0.134613 0.739726 -2.315607
v -0.462956 0.687355 -2.465595
v -0.134577 0.687358 -2.465015
v -0.465655 0.679056 -2.318378
v -0.134613 0.679052 -2.315601
v -0.465655 0.701514 -2.318378
v -0.134613 0.701517 -2.315607
v -0.462956 0.649147 -2.465595
v -0.134577 0.649149 -2.465035
v -0.465655 0.640848 -2.318378
v -0.134613 0.640844 -2.315633
v -0.465655 0.663306 -2.318378
v -0.134613 0.663308 -2.315638
v -1.023325 0.739408 -2.504753
v -0.892899 0.799297 -2.441266
v -0.896523 0.735761 -2.440811
v -1.031687 0.733792 -2.441515
v -0.702252 0.922311 -2.433572
v -0.686813 0.800982 -2.434397
v -0.819201 0.925747 -2.434450
v -0.958945 0.899964 -2.438981
v -0.899582 0.740542 -2.504030
v -0.895421 0.804397 -2.504230
v -0.690827 0.806437 -2.497485
v -0.705189 0.919375 -2.497278
v -0.818733 0.922376 -2.498061
v -0.957701 0.901127 -2.502260
v -0.685320 0.802457 -2.497676
v -0.700758 0.923786 -2.496851
v -0.895029 0.737236 -2.504091
v -0.891406 0.800772 -2.504545
v -1.030194 0.735267 -2.504795
v -0.818705 0.925974 -2.497730
v -0.955602 0.897777 -2.502481
v -0.920096 0.827354 -2.516456
v -0.818733 0.922376 -2.490253
v -0.955602 0.897777 -2.490253
v -0.719067 0.829022 -2.509875
v -0.727704 0.897065 -2.510718
v -0.923734 0.763564 -2.516700
v -0.985944 0.762659 -2.517332
v -0.690827 0.806437 -2.490253
v -0.705189 0.919375 -2.490253
v -0.899582 0.740542 -2.490253
v -0.895421 0.804397 -2.490253
v -1.023325 0.739408 -2.490253
v -0.814955 0.897064 -2.511287
v -0.917398 0.874693 -2.515478
v -0.694208 0.922311 -2.433572
v -0.678770 0.800982 -2.434397
v -0.674536 0.805513 -2.497601
v -0.688997 0.920729 -2.496926
v -0.623784 0.805628 -2.497601
v -0.638548 0.920542 -2.496926
v -0.637319 0.922311 -2.433572
v -0.621881 0.800982 -2.434397
v -0.677276 0.802457 -2.497676
v -0.692714 0.923786 -2.496851
v -0.620388 0.802457 -2.497676
v -0.635826 0.923786 -2.496851
v -0.666898 0.818425 -2.510786
v -0.677267 0.907745 -2.510179
v -0.635835 0.818425 -2.510786
v -0.646204 0.907745 -2.510179
v -0.674536 0.805476 -2.490536
v -0.688997 0.920692 -2.490536
v -0.623784 0.805592 -2.490536
v -0.638548 0.920505 -2.490536
v -0.649924 0.177742 -1.878446
v -0.651356 0.194886 -2.375707
v -0.701755 0.194307 -1.878446
v -0.690645 0.207442 -2.375707
v -0.726692 0.242671 -1.878446
v -0.709548 0.244102 -2.375707
v -0.710127 0.294502 -1.878447
v -0.696991 0.283391 -2.375707
v -0.661764 0.319440 -1.878447
v -0.660331 0.302294 -2.375708
v -0.609932 0.302875 -1.878447
v -0.621042 0.289738 -2.375707
v -0.602140 0.253077 -2.375707
v -0.601560 0.202680 -1.878446
v -0.614696 0.213788 -2.375707
v -0.701755 0.194306 -2.375706
v -0.649923 0.177741 -2.375706
v -0.726692 0.242670 -2.375707
v -0.710127 0.294501 -2.375708
v -0.661764 0.319439 -2.375708
v -0.609932 0.302874 -2.375707
v -0.601560 0.202678 -2.375707
v -0.690645 0.207443 -2.251150
v -0.651356 0.194887 -2.251149
v -0.709548 0.244103 -2.251150
v -0.696991 0.283392 -2.251150
v -0.660331 0.302295 -2.251150
v -0.621042 0.289738 -2.251150
v -0.602140 0.253078 -2.251150
v -0.614696 0.213789 -2.251150
v -0.854541 0.370570 -1.725090
v -0.845441 0.145290 -1.723811
v -0.864015 0.734050 -1.665290
v -0.536444 0.146293 -1.706069
v -0.310803 0.150306 -1.702520
v -0.140478 0.971344 -2.431923
v -0.133054 0.921327 -2.444403
v -0.137755 0.364108 -2.368708
v -0.146043 1.033275 -1.850900
v -0.125208 0.824744 -2.327545
v -0.128606 0.824744 -2.482271
v -0.131892 0.614760 -2.497258
v -0.136890 0.364108 -2.495555
v -0.132283 0.607545 -2.531644
v -0.138364 0.364108 -2.241863
v -0.142261 0.631869 -2.495974
v -0.140079 0.631869 -2.347450
v -0.143455 1.396599 -0.770301
v -0.135224 1.335811 0.209927
v -0.134237 1.320110 0.271646
v -0.143657 1.377993 -1.003528
v -0.149674 1.392027 -0.960967
v -0.133748 1.375718 -0.276784
v -0.134364 1.357903 -0.017815
v -0.150340 1.254793 -1.319396
v -0.144925 0.319343 2.218773
v -0.152024 1.037058 -1.841575
v -0.133889 1.315424 0.280748
v -0.143523 1.375087 -1.012477
v -0.179322 0.928199 1.048175
v -0.143962 0.331681 2.339891
v -0.143962 0.323382 2.189891
v -0.143962 0.345840 2.189891
v -0.143962 0.365395 2.367014
v -0.143962 0.357096 2.217014
v -0.143962 0.379554 2.217014
v -0.143962 0.399108 2.394138
v -0.143962 0.390810 2.244137
v -0.143962 0.413268 2.244137
v -0.142956 0.432822 2.421261
v -0.142956 0.424523 2.271261
v -0.142956 0.446981 2.271261
v -0.276460 0.801982 -2.465237
v -0.276919 0.793817 -2.316562
v -0.276919 0.816141 -2.316582
v -0.276460 0.763773 -2.465237
v -0.276919 0.755608 -2.316562
v -0.276919 0.777933 -2.316582
v -0.276460 0.725565 -2.465237
v -0.276919 0.717260 -2.316562
v -0.276919 0.739724 -2.316582
v -0.276460 0.687356 -2.465237
v -0.276919 0.679052 -2.316562
v -0.276919 0.701515 -2.316582
v -0.276460 0.649147 -2.465264
v -0.276919 0.640843 -2.316688
v -0.276919 0.663306 -2.316706
v -0.931363 0.851259 0.722307
v -0.916797 0.907162 0.724153
v -0.929988 0.853093 0.681141
v -0.915421 0.908997 0.682987
v -1.122650 0.860238 0.719733
v -1.122650 0.935535 0.719733
v -1.134739 0.858095 0.625313
v -1.134739 0.942337 0.625313
v -0.982021 0.858095 0.625313
v -0.980548 0.850153 0.727721
v -0.976906 0.941740 0.728183
v -0.982021 0.942337 0.625313
v -0.790678 0.805740 0.714371
v -0.790962 0.805039 0.742793
v -0.790962 0.849908 0.742793
v -0.790678 0.850610 0.714371
v -0.973944 0.950414 0.625313
v -0.973944 0.850018 0.625313
v -1.142816 0.850018 0.625314
v -1.142816 0.950414 0.625314
v -0.746141 0.719739 -2.512199
v -1.117836 0.604809 -2.506994
v -0.521520 0.743025 -2.515180
v -1.000906 0.873194 -2.488203
v -0.540456 0.984434 -2.291093
v -0.142194 0.988173 -2.293992
v -0.507583 0.732863 -2.491661
v -0.462897 0.728751 -2.491115
v -0.458772 0.728307 -2.339741
v -0.270112 0.728307 -2.338375
v -0.132643 0.728307 -2.337498
v -0.947235 0.931642 -2.479468
v -0.600070 0.838078 -2.487479
v -1.141128 0.623601 -2.409077
v -0.577330 0.255152 -1.878446
v -0.577330 0.255151 -2.375707
v -0.492953 0.190859 -1.878446
v -0.494386 0.208002 -2.375707
v -0.544775 0.207425 -1.878446
v -0.533674 0.220559 -2.375707
v -0.552577 0.257219 -2.375707
v -0.553147 0.307620 -1.878447
v -0.540021 0.296508 -2.375707
v -0.504793 0.332556 -1.878447
v -0.503361 0.315411 -2.375708
v -0.452962 0.315991 -1.878447
v -0.464072 0.302854 -2.375707
v -0.428025 0.267628 -1.878446
v -0.445169 0.266194 -2.375707
v -0.444589 0.215796 -1.878446
v -0.457725 0.226905 -2.375707
v -0.544775 0.207423 -2.375706
v -0.492953 0.190858 -2.375706
v -0.553147 0.307619 -2.375708
v -0.504793 0.332555 -2.375708
v -0.452962 0.315990 -2.375707
v -0.428024 0.267627 -2.375707
v -0.444589 0.215795 -2.375707
v -0.533675 0.220560 -2.251150
v -0.494386 0.208003 -2.251149
v -0.552577 0.257220 -2.251150
v -0.540021 0.296509 -2.251150
v -0.503361 0.315411 -2.251150
v -0.464072 0.302855 -2.251150
v -0.445169 0.266195 -2.251150
v -0.457726 0.226906 -2.251150
v -0.814699 0.901122 -2.456344
v -0.965999 0.862372 -2.457618
v -0.629448 0.782442 -2.456999
v -0.890110 0.781097 -2.463192
v -0.639830 0.898335 -2.456564
v -0.894796 0.729379 -2.462775
v -1.014928 0.722099 -2.463497
v -1.057872 0.717692 -2.509252
v -0.916218 0.904052 -2.456291
v -0.831489 0.941876 -2.473422
v -0.591190 0.771864 -2.496991
v -0.869367 0.772290 -2.504019
v -0.601845 0.937519 -2.472209
v -0.869367 0.717692 -2.508892
v -0.988263 0.802714 -2.461867
v -0.634921 0.843648 -2.456769
v -1.034967 0.795795 -2.498709
v -0.840429 0.843287 -2.458932
v -0.864015 0.321311 1.375730
v -0.864015 0.145290 1.365211
v -0.864015 0.496616 1.387642
v -0.856377 0.633110 1.407795
v -0.484593 0.145290 1.365210
v -0.227263 0.145290 1.365211
v -0.530691 1.334221 -0.530839
v -0.299704 1.376092 -0.535554
v -0.136501 1.389773 -0.536527
v -1.081100 0.892628 -0.825171
v -1.083539 0.867037 -0.828636
v -0.923163 0.145290 2.250571
v -0.368306 0.145290 2.324928
v -0.172233 0.145290 2.330422
v -0.669920 0.145290 2.291219
v -0.983475 0.669688 2.106509
v -0.888760 0.578208 2.274707
v -0.974903 0.602425 2.140172
v -0.782640 0.548290 2.391135
v -0.772821 0.488651 2.385088
v -0.837817 0.572078 2.271788
v -0.920999 0.558293 2.131539
v -0.898197 0.521079 2.158212
v -0.826869 0.500547 2.258978
v -0.907922 0.588748 2.164706
v -0.753910 0.546260 2.365899
v -0.746002 0.498007 2.360420
v -0.727322 0.518834 2.387072
v -0.950191 0.618839 1.866738
v -1.028922 0.600609 1.918544
v -0.694494 0.568812 2.369131
v -0.692794 0.591743 2.133534
v -0.890382 0.604278 2.230446
v -0.700245 0.608391 1.887680
v -0.786746 0.583496 2.341212
v -0.983212 0.608250 2.077519
v -1.061853 0.485945 0.599393
v -1.142575 0.327520 -0.145006
v -1.107338 0.607222 -0.728597
v -0.996492 0.937995 -0.660169
v -0.875608 0.800222 0.630935
v -0.685690 1.227709 -0.500373
v -0.619091 1.240424 -0.027787
v -0.631328 1.263952 -0.278501
v -0.980881 0.832286 0.229681
v -1.075338 0.522707 0.164199
v -0.989234 0.887427 -0.256867
v -1.139535 0.550536 -0.165781
v -1.095889 0.569584 -0.335572
v -1.160938 0.403646 -0.576358
v -0.975819 0.779166 0.633766
v -0.878968 0.857287 0.241444
v -0.896050 0.911574 -0.244411
v -0.908639 0.957847 -0.642182
v -0.609967 1.213886 0.216151
v -0.681317 1.234220 -0.505302
v -0.885089 0.850320 0.244626
v -0.901793 0.904446 -0.246952
v -0.674888 0.685229 2.160244
v -0.678554 0.834068 1.720295
v -0.961784 0.792501 1.824062
v -0.652193 0.729603 1.934517
v -0.649491 0.624246 2.184171
v -0.609917 0.450470 2.477147
v -1.187990 0.145290 0.856115
v -1.159951 0.774935 1.127135
v -0.660467 0.281174 2.362475
v -0.940774 0.281174 2.105498
v -0.773372 0.281174 2.303507
v -1.169590 0.822356 1.391663
v -0.318192 0.729041 1.946536
v -0.327227 0.824811 1.715512
v -0.316753 0.619803 2.191372
v -0.310342 0.450465 2.476595
v -0.318894 0.281174 2.353700
v -0.317001 0.474789 2.492216
v -0.311880 0.319058 2.370198
v -0.618396 0.317598 2.377376
v -0.612421 0.450470 2.329929
v -0.310759 0.450465 2.327059
v -0.312530 0.319058 2.221062
v -0.623061 0.317598 2.232560
v -0.657349 0.793634 1.697968
v -0.325121 0.793634 1.697968
v -0.649309 0.893334 1.093464
v -0.325550 0.900837 1.093602
v -0.325192 0.864296 1.365327
v -0.656009 0.858678 1.361810
v -0.330424 0.834297 1.720522
v -0.659372 0.824811 1.715512
v -0.646735 0.793634 1.697968
v -0.324967 0.793224 1.820835
v -0.324967 0.771735 1.812004
v -0.645813 0.793224 1.820835
v -0.645813 0.771735 1.812004
v -0.998094 0.875861 1.376782
v -0.882693 0.887000 1.052432
v -0.677969 0.887737 1.373898
v -0.704696 0.897412 1.091671
v -0.992301 0.830805 1.680534
v -0.678204 0.806303 1.849944
v -0.329278 0.805739 1.832844
v -1.073448 0.505885 1.920620
v -1.213293 0.145290 0.907580
v -1.108159 0.145290 0.611518
v -0.993910 0.281174 2.020298
v -1.156257 0.783024 1.679040
v -1.213293 0.647051 1.657870
v -1.033868 0.281174 1.948309
v -1.139328 0.516125 1.780217
v -1.213446 0.680095 1.158125
v -1.213293 0.302003 0.934308
v -1.189851 0.303451 0.890515
v -0.956453 0.888728 1.070998
v -0.671247 0.905027 1.106553
v -0.694331 0.889459 1.082161
v -0.847346 0.835107 0.979699
v -0.869870 0.696432 1.087432
v -0.698932 0.760289 1.218506
v -0.929369 0.754533 1.195678
v -0.709013 0.766356 1.230160
v -1.213293 0.145290 1.822842
v -1.213293 0.320358 1.810843
v -1.016764 0.145290 2.149625
v -1.106363 0.218893 0.676397
v -1.094222 0.402272 0.676397
v -1.099981 0.305085 0.676397
v -1.151541 0.233176 0.803619
v -1.080005 0.219812 0.807771
v -1.077857 0.303211 0.815080
v -1.155758 0.303097 0.826220
v -1.146618 0.385073 0.818080
v -1.071471 0.402272 0.822493
v -1.118377 0.303352 0.915914
v -1.113053 0.233240 0.915879
v -1.107402 0.385136 0.915879
v -1.174002 0.521538 0.921238
v -1.028939 0.815445 0.913153
v -1.116748 0.402272 0.740941
v -1.115796 0.556162 0.796103
v -1.140180 0.145290 0.726871
v -1.126955 0.219812 0.735187
v -0.647164 0.858865 1.361960
v -0.145151 0.319343 2.368773
v -0.144918 0.145290 2.476959
v -0.668573 0.572873 2.422843
v -0.649872 0.487953 2.492714
v -0.899316 0.601005 2.260648
v -1.027556 0.580588 2.035308
v -0.988918 0.490219 2.076238
v -0.659945 0.520465 2.486666
v -1.030241 0.725758 1.954819
v -0.889211 0.622190 2.259759
v -0.145485 0.728769 1.952391
v -0.144927 0.472156 2.492117
v -0.150439 0.805747 1.833431
v -0.144799 0.618276 2.195056
v -0.144927 0.450471 2.476475
v -0.144927 0.450471 2.326475
v -0.150929 0.902337 1.093630
v -0.150929 0.865383 1.366001
v -0.150929 0.824811 1.715512
v -0.150929 0.793224 1.820835
v -0.150929 0.771735 1.812004
v -0.150929 0.834343 1.720567
v -0.150929 0.793634 1.697968
v -0.785097 0.590190 2.370111
v -1.082334 0.219996 0.915868
v -1.081560 0.301404 0.915868
v -1.075037 0.402272 0.915868
v -0.862863 0.281174 2.207367
v -0.874557 0.451130 2.239210
v -1.109510 0.620031 1.872023
v -1.100242 0.738945 1.853355
v -1.016477 0.645653 2.072818
v -0.323782 0.774926 1.876765
v -0.147992 0.774926 1.880245
v -0.662281 0.654337 2.172917
v -0.664077 0.774926 1.869566
v -0.767832 0.561230 2.408626
v -0.749180 0.454478 2.399474
v -0.730555 0.513488 2.438113
v -0.987757 0.561898 2.104601
v -0.962660 0.516899 2.132774
v -0.875639 0.492581 2.258119
v -0.754820 0.514894 2.412019
v 0.685815 0.620561 2.304315
v 0.698258 0.736566 2.031153
v 0.851784 0.782612 1.882371
v 0.518005 0.363865 -2.296952
v 0.448843 0.631869 -2.421967
v 0.073913 0.281174 2.351945
v 0.493325 0.145290 2.445271
v 0.760840 0.145290 2.383532
v -0.000000 0.213232 2.413769
v 0.872724 0.145290 2.301579
v 0.878306 0.805311 0.911401
v 1.201228 0.470044 -0.908569
v 1.184488 0.224807 -0.841338
v 1.163833 0.145290 -0.559499
v 1.197549 0.607769 -0.809999
v 1.051977 0.780166 -0.807663
v 1.157479 0.616235 -0.860896
v 1.124677 0.861513 -0.846284
v 1.188868 0.722712 -0.874590
v 1.169582 0.284169 -0.536839
v 1.150238 0.219034 -0.198655
v 1.120522 0.296799 0.192787
v 0.960931 0.960889 -0.826948
v 0.890057 0.798008 0.761607
v 0.870021 0.986488 -1.157410
v 0.885019 0.967662 -0.956757
v 1.219900 0.630554 -1.078261
v 1.208720 0.336336 -1.038797
v 1.194029 0.145290 -1.010842
v 1.203566 0.145290 -1.217441
v 1.223230 0.692779 -2.054759
v 1.186660 0.837956 -1.046778
v 1.110061 0.983556 -2.028041
v 1.038972 0.181082 -2.334715
v 1.242057 0.635658 -1.385062
v 1.039330 0.975118 -2.314165
v 1.230164 0.357212 -1.254638
v 0.291450 1.008148 -2.099750
v 1.230638 0.494872 -1.205361
v 1.213636 0.235045 -1.137255
v 1.168305 0.924270 -1.223429
v 1.179399 0.592825 -2.240291
v 1.217306 0.250942 -1.321303
v 1.242573 0.498161 -1.356537
v 1.223351 0.787147 -1.273597
v 1.179022 0.874652 -2.093332
v 1.098730 0.258423 -2.429224
v 1.117120 0.882918 -2.351874
v 0.529890 0.867229 -2.487452
v 0.779589 0.253392 -2.163766
v 0.000000 0.611289 -2.514997
v 0.912463 0.149793 -2.364299
v 0.657934 0.362871 -2.188836
v 0.499481 0.610541 -2.511991
v 0.380829 0.615754 -2.497425
v -0.000000 1.008955 -2.101797
v 0.966980 0.988496 -2.390119
v 0.514660 0.792682 -2.488739
v 0.549928 1.005604 -2.401199
v 0.817664 1.006794 -2.383013
v 0.000000 0.876819 -2.460362
v 1.062214 0.931582 -2.407224
v 0.072824 0.971344 -2.431949
v 0.530082 0.912270 -2.458540
v 1.019531 1.017940 -1.992291
v 0.780277 1.029741 -1.927363
v 0.923936 0.981761 -0.996817
v 1.109765 0.928561 -1.016382
v 1.020157 0.969476 -1.009442
v 1.084309 0.981134 -1.222995
v 0.968918 0.998025 -1.199914
v 0.714178 1.018025 -2.297932
v 0.934089 1.011251 -2.301191
v 1.120182 0.811057 -2.438741
v 1.006606 0.956188 -2.453900
v 0.141136 0.977108 -2.391567
v 1.083388 0.874679 -2.471153
v 0.393451 0.364224 -2.495990
v 0.650491 0.358427 -2.493609
v 0.387127 0.605728 -2.528163
v 0.646999 0.595985 -2.520100
v 1.024724 0.898084 -2.475298
v 0.677970 0.995675 -2.434148
v 0.884065 0.988578 -2.434721
v 0.952206 0.363975 -2.477092
v 1.175656 0.279790 -2.122094
v 1.183375 0.401926 -2.201665
v 1.126479 0.372300 -2.402580
v 1.241115 0.542117 -2.064433
v 1.061578 0.184495 -2.207756
v 1.116571 0.264056 -2.294185
v 1.143674 0.707543 -2.396799
v 0.394895 0.364224 -2.240141
v 0.772207 0.248948 -2.426251
v 0.538609 0.973903 -2.389791
v 0.000000 0.978025 -2.391923
v 0.550478 1.027411 -2.101859
v 1.115967 0.942197 -2.207737
v 1.163097 0.782213 -2.281813
v 1.027096 1.003668 -2.174583
v 0.889715 1.023464 -2.149560
v 1.061829 0.778434 -0.819164
v 1.148932 0.644459 -0.857167
v 1.119443 0.839432 -0.844301
v 1.170362 0.727388 -0.866516
v 1.109756 0.630617 -0.840074
v 1.004050 0.927982 -0.786753
v 1.196655 0.630078 -0.877988
v 1.156137 0.802475 -0.860310
v 1.115652 0.773119 -1.262591
v 1.046119 0.897387 -1.015344
v 1.167546 0.653859 -1.082197
v 1.131362 0.654166 -1.066410
v 0.360584 0.631869 -2.496152
v 0.468624 0.777914 -2.488558
v -0.000000 0.824744 -2.404038
v 0.000000 0.623151 -2.496552
v 0.472615 0.624052 -2.496867
v 0.498085 0.840304 -2.485909
v 0.632877 0.146042 -2.188056
v 0.356035 0.631869 -2.347628
v 0.362851 0.824744 -2.330396
v 0.465035 0.776525 -2.335759
v 0.472825 0.826078 -2.408889
v 0.000000 0.631869 -2.421639
v 0.370871 0.826133 -2.484726
v 0.476108 0.883469 -2.464329
v -0.000000 0.950119 -2.435616
v 0.472591 0.939036 -2.443589
v 0.524158 0.257587 -2.206660
v 0.066823 0.920750 -2.444138
v 0.000000 0.486097 -2.514102
v 0.795550 0.485887 -2.507497
v 0.513848 0.485417 -2.511539
v 0.000000 0.364049 -2.431988
v 0.752473 0.328903 -2.256198
v 0.752570 0.145290 -2.233918
v 0.517759 0.363865 -2.432423
v -0.000000 0.364049 -2.305142
v 0.747552 0.325940 -2.412961
v 0.752570 0.145290 -2.320633
v 0.772207 0.248948 -2.314298
v 0.449910 0.163346 -2.188056
v 0.068877 0.364068 -2.368610
v 0.650526 0.358427 -2.359409
v 0.917009 0.149867 -2.273784
v 0.932639 0.150646 -2.153568
v 0.399595 0.971344 -2.431656
v 0.212598 1.033515 -1.850272
v 0.189805 0.824744 -2.328280
v 0.197327 0.824800 -2.482870
v 0.376037 0.925383 -2.446147
v 0.271402 0.824966 -2.406416
v 0.285275 0.976539 -2.391058
v 0.278623 0.879275 -2.461979
v 0.282008 0.952352 -2.436116
v 0.199881 0.615016 -2.497301
v 0.207327 0.364155 -2.495667
v 0.200681 0.607077 -2.530747
v 0.209447 0.364155 -2.241974
v 0.207630 0.631869 -2.496026
v 0.204547 0.631869 -2.347502
v 0.193318 0.180650 -2.188056
v 0.394298 0.364224 -2.368784
v 0.281378 0.610915 -2.513494
v 0.290405 0.364212 -2.432382
v 0.278927 0.623602 -2.496719
v 0.275790 0.631869 -2.421820
v 0.321164 0.269798 -2.215085
v 0.286170 0.485354 -2.512720
v 0.291511 0.364212 -2.305536
v 0.869565 1.006698 -1.361449
v 0.727263 1.034106 0.554157
v 0.529805 1.338428 -0.649536
v 0.535047 1.280607 -1.157505
v -0.000000 1.398165 -0.656168
v 0.071728 1.398943 -0.770384
v 0.067615 1.339279 0.209995
v 1.127856 0.981688 -1.429083
v 1.027244 1.008060 -1.421636
v 1.155035 0.970036 -1.657160
v 0.904359 1.018832 -1.577298
v 1.072599 1.009897 -1.626153
v 1.214390 0.868374 -1.716593
v 1.237861 0.772960 -1.731492
v 1.201298 0.901485 -1.463935
v 1.235832 0.767590 -1.525277
v 1.243626 0.708981 -1.550443
v 0.549247 1.270327 0.270807
v 0.067138 1.324445 0.272220
v 0.000000 1.332733 0.257095
v 1.173921 0.940189 -1.880414
v 1.218798 0.811310 -1.935220
v 1.243626 0.729445 -1.858277
v 0.974592 1.022318 -1.787200
v 1.095594 1.003236 -1.832052
v 0.725284 1.024962 -1.695578
v 0.757452 1.007220 -1.514216
v 0.423497 1.363757 -0.766074
v 0.416526 1.303117 0.217315
v 0.405459 1.285928 0.276440
v 0.293684 1.312517 0.257803
v 0.303982 1.381013 -0.654930
v 0.572732 1.285393 -1.079201
v 0.580780 1.222170 -1.264532
v 0.530956 1.325158 -0.999362
v 0.791224 0.981901 -1.320786
v 0.660719 1.122553 -1.338827
v 0.407252 1.345642 -1.010899
v 0.071294 1.380270 -1.003517
v 0.423092 1.357743 -0.958223
v 0.312439 1.372553 -0.996017
v 0.074748 1.394144 -0.960991
v 0.000000 1.388847 -0.996166
v 0.314190 1.382530 -0.877457
v 0.000000 1.398960 -0.879507
v 0.523276 1.337566 -0.872694
v 0.647269 1.248802 -0.885034
v 0.591457 1.311936 -0.760847
v 0.582106 1.301747 -0.974005
v 0.626871 1.231603 -1.104083
v 0.768382 1.125582 -0.789584
v 0.729023 1.125099 -1.056598
v 0.524109 1.289964 0.117528
v 0.524054 1.311487 -0.144129
v 0.000000 1.351770 0.110592
v 0.000000 1.372728 -0.147624
v 0.295894 1.332622 0.111917
v 0.294796 1.353001 -0.146401
v 0.618748 1.260498 -0.152129
v 0.591049 1.295946 -0.275095
v 0.582536 1.275646 -0.018773
v 0.415678 1.343182 -0.274039
v 0.413793 1.325688 -0.014659
v 0.204076 1.371123 -0.276590
v 0.204864 1.353127 -0.017621
v 0.000000 1.126378 0.666368
v 0.331675 1.111892 0.661938
v -0.000000 1.326765 -1.145915
v 0.310618 1.313799 -1.148632
v 0.000000 1.156089 -1.560913
v 0.317872 1.151831 -1.561094
v 0.227674 1.252815 -1.319504
v 0.421401 1.237298 -1.328203
v 0.776173 0.711018 1.536063
v 0.776173 0.733490 1.262187
v 0.860196 0.593696 1.063277
v 0.864015 0.232444 0.919937
v 0.864015 0.407364 0.958762
v 0.864015 0.234328 1.821661
v 0.864015 0.410587 1.801591
v 0.860196 0.572562 1.735888
v 0.864015 0.234220 -1.320789
v 0.864015 0.498787 -1.308404
v 0.862831 0.359358 -1.520726
v 0.861694 0.145290 -1.515275
v 1.049037 0.680001 -1.993275
v 0.977853 0.745037 1.391104
v 1.049609 0.357951 -1.323648
v 1.028553 0.145290 -1.317625
v 1.053820 0.627196 -1.385978
v 1.038654 0.502754 1.003583
v 0.864015 0.322166 1.595828
v 0.864015 0.145290 1.594026
v 0.864015 0.495556 1.582129
v 0.847854 0.644029 1.516746
v 0.834115 0.561085 -2.091422
v 1.015309 0.398397 -2.121450
v 0.862819 0.747363 -1.854329
v 0.915044 0.960813 -0.724350
v 0.742771 1.009456 0.438090
v 0.582623 1.249529 0.240372
v 0.607998 1.235036 0.098494
v -0.000000 0.145290 0.650101
v 0.000000 0.145290 0.781123
v 0.000000 0.145290 -0.559499
v 0.000000 0.145290 0.183372
v 0.000000 0.145290 -1.008409
v 0.122900 0.145290 0.490711
v 0.132611 0.145290 -0.198922
v 0.147604 0.145290 -1.099021
v 0.983483 0.145290 -0.840033
v 0.619700 0.145290 0.721707
v 0.957030 0.145290 -0.198922
v 1.013162 0.145290 -1.118079
v 0.663246 0.145290 -0.840033
v 0.640727 0.145290 0.835460
v 0.795601 0.145290 -0.559499
v 0.779482 0.145290 0.783650
v 0.821931 0.145290 -1.010436
v 0.766055 0.145290 0.183372
v 0.755761 0.145290 0.650211
v 0.848709 0.145290 -1.209989
v 0.145216 0.145290 -1.271129
v -0.000000 0.145290 -1.165403
v 0.825355 0.145290 0.879263
v 0.116014 0.145290 0.973612
v 0.000000 0.145290 0.883724
v 0.112523 0.145290 1.776609
v 0.000000 0.145290 1.588245
v 0.612177 0.145290 0.490711
v 0.366773 0.145290 0.490711
v 0.637146 0.145290 -0.198922
v 0.387765 0.145290 -0.198922
v 0.684322 0.145290 -1.108753
v 0.421554 0.145290 -1.099427
v 0.123501 0.145290 0.721597
v 0.370169 0.145290 0.721597
v 0.143671 0.145290 -0.840033
v 0.412055 0.145290 -0.840033
v 0.124617 0.145290 0.835021
v 0.374151 0.145290 0.835021
v 0.689783 0.145290 -1.309062
v 0.406384 0.145290 -1.272760
v 0.660194 0.145290 0.968164
v 0.350890 0.145290 0.973612
v 0.646985 0.145290 1.780105
v 0.340535 0.145290 1.776677
v 0.483499 0.145290 1.588234
v 0.226975 0.145290 1.588253
v 0.241097 0.145290 0.883724
v 0.496984 0.145290 0.883724
v 0.283792 0.145290 -1.165403
v 0.544100 0.145290 -1.174739
v 0.524332 0.145290 -0.559499
v 0.272972 0.145290 -0.559499
v 0.500421 0.145290 0.781123
v 0.250136 0.145290 0.781123
v 0.546813 0.145290 -1.008814
v 0.288569 0.145290 -1.008409
v 0.497001 0.145290 0.183372
v 0.252175 0.145290 0.183372
v 0.487569 0.145290 0.650101
v 0.244164 0.145290 0.650101
v 0.535305 0.145415 -1.471526
v 0.292331 0.145917 -1.461981
v -0.000000 0.146042 -1.461980
v 0.220046 0.145290 1.907330
v 0.000000 0.145290 1.907114
v 0.347378 0.145290 2.396348
v 0.780557 0.145290 1.913769
v 0.185610 0.145290 2.256447
v 0.000000 0.145290 2.255486
v 0.421352 0.145290 2.091509
v 0.675923 0.145290 2.228551
v 0.535484 0.145290 2.169393
v 0.296995 0.145290 2.178388
v 0.098817 0.145290 2.177669
v 0.206197 0.145290 2.092917
v 0.000000 0.145290 2.092298
v 0.694106 0.145290 2.086265
v 0.457889 0.145290 1.906861
v 0.321269 0.145290 2.003485
v 0.569026 0.145290 2.000542
v 0.106749 0.145290 2.003079
v 0.901839 0.145290 2.016302
v 1.115422 0.826321 -1.019786
v 0.073768 0.319338 2.218779
v -0.000000 0.384907 2.272624
v 0.268237 0.776525 -2.333783
v 0.000000 0.680088 -2.342184
v 0.804140 0.751655 1.817593
v 0.826807 0.735686 1.733461
v 0.826807 0.735686 1.901726
v 0.841773 0.712343 1.817593
v 0.846509 0.685022 1.733461
v 0.846509 0.685022 1.901726
v 0.840586 0.657934 1.817593
v 0.824616 0.635267 1.733461
v 0.824616 0.635267 1.901726
v 0.801274 0.620301 1.817593
v 0.773953 0.615565 1.733461
v 0.773953 0.615565 1.901726
v 0.746865 0.621488 1.817593
v 0.724198 0.637458 1.733461
v 0.724198 0.637458 1.901726
v 0.709232 0.660800 1.817593
v 0.704496 0.688121 1.733461
v 0.704496 0.688121 1.901726
v 0.710419 0.715209 1.817593
v 0.726389 0.737877 1.733461
v 0.726389 0.737877 1.901726
v 0.749731 0.752843 1.817593
v 0.777052 0.757578 1.733461
v 0.777052 0.757578 1.901726
v 0.823427 0.732449 1.901726
v 0.841830 0.685125 1.901726
v 0.821380 0.638648 1.901726
v 0.774055 0.620244 1.901726
v 0.727579 0.640694 1.901726
v 0.709175 0.688019 1.901726
v 0.729625 0.734496 1.901726
v 0.776950 0.752899 1.901726
v 0.803196 0.749511 1.901726
v 0.839590 0.711494 1.901726
v 0.838442 0.658878 1.901726
v 0.800425 0.622485 1.901726
v 0.747809 0.623633 1.901726
v 0.711415 0.661650 1.901726
v 0.712563 0.714266 1.901726
v 0.750580 0.750659 1.901726
v 0.823427 0.732449 1.896552
v 0.841830 0.685125 1.896552
v 0.821380 0.638648 1.896552
v 0.774055 0.620244 1.896552
v 0.727579 0.640694 1.896552
v 0.709175 0.688019 1.896552
v 0.729625 0.734496 1.896552
v 0.776950 0.752899 1.896552
v 0.751429 0.748476 1.899139
v 0.802253 0.747367 1.899139
v 0.713599 0.662499 1.899139
v 0.714708 0.713322 1.899139
v 0.799576 0.624668 1.899139
v 0.748752 0.625777 1.899139
v 0.837406 0.710645 1.899139
v 0.836297 0.659821 1.899139
v 0.808597 0.718253 1.914194
v 0.821306 0.685572 1.914194
v 0.807183 0.653478 1.914194
v 0.774503 0.640769 1.914194
v 0.742408 0.654891 1.914194
v 0.729700 0.687571 1.914194
v 0.743822 0.719666 1.914194
v 0.776502 0.732375 1.914194
v 0.798114 0.737960 1.905373
v 0.827829 0.706920 1.905373
v 0.826891 0.663960 1.905373
v 0.795851 0.634246 1.905373
v 0.752891 0.635183 1.905373
v 0.723177 0.666223 1.905373
v 0.724114 0.709183 1.905373
v 0.755154 0.738898 1.905373
v 0.954140 0.751655 1.817593
v 0.976807 0.735686 1.733461
v 0.976807 0.735686 1.901726
v 0.991773 0.712343 1.817593
v 0.996509 0.685022 1.733461
v 0.996509 0.685022 1.901726
v 0.990586 0.657934 1.817593
v 0.974616 0.635267 1.733461
v 0.974616 0.635267 1.901726
v 0.951274 0.620301 1.817593
v 0.923953 0.615565 1.733461
v 0.923953 0.615565 1.901726
v 0.896865 0.621488 1.817593
v 0.874198 0.637458 1.733461
v 0.874198 0.637458 1.901726
v 0.859232 0.660800 1.817593
v 0.854496 0.688121 1.733461
v 0.854496 0.688121 1.901726
v 0.860419 0.715209 1.817593
v 0.876389 0.737877 1.733461
v 0.876389 0.737877 1.901726
v 0.899731 0.752843 1.817593
v 0.927052 0.757578 1.733461
v 0.927052 0.757578 1.901726
v 0.973427 0.732449 1.901726
v 0.991830 0.685125 1.901726
v 0.971380 0.638648 1.901726
v 0.924023 0.620232 1.901726
v 0.876834 0.640405 1.901726
v 0.858430 0.687729 1.901726
v 0.879593 0.734483 1.901726
v 0.926950 0.752899 1.901726
v 0.953197 0.749511 1.901726
v 0.989590 0.711494 1.901726
v 0.988442 0.658878 1.901726
v 0.950425 0.622485 1.901726
v 0.897679 0.623582 1.901726
v 0.860897 0.661448 1.901726
v 0.862434 0.714215 1.901726
v 0.900580 0.750659 1.901726
v 0.973427 0.732449 1.896552
v 0.991830 0.685125 1.896552
v 0.971380 0.638648 1.896552
v 0.924055 0.620244 1.896552
v 0.877578 0.640694 1.896552
v 0.859175 0.688019 1.896552
v 0.879625 0.734496 1.896552
v 0.926950 0.752899 1.896552
v 0.901429 0.748476 1.899139
v 0.952253 0.747367 1.899139
v 0.863081 0.662297 1.899139
v 0.864578 0.713272 1.899139
v 0.949576 0.624668 1.899139
v 0.898623 0.625727 1.899139
v 0.987406 0.710645 1.899139
v 0.986297 0.659821 1.899139
v 0.958597 0.718253 1.914194
v 0.971306 0.685572 1.914194
v 0.957183 0.653478 1.914194
v 0.924503 0.640769 1.914194
v 0.892408 0.654891 1.914194
v 0.879700 0.687571 1.914194
v 0.893822 0.719666 1.914194
v 0.926502 0.732375 1.914194
v 0.948114 0.737960 1.905373
v 0.977829 0.706920 1.905373
v 0.976891 0.663960 1.905373
v 0.945851 0.634246 1.905373
v 0.902891 0.635183 1.905373
v 0.873177 0.666223 1.905373
v 0.874114 0.709183 1.905373
v 0.905154 0.738898 1.905373
v 0.786463 0.711481 1.922229
v 0.765639 0.711936 1.922229
v 0.750593 0.697532 1.922229
v 0.750138 0.676708 1.922229
v 0.764542 0.661662 1.922229
v 0.785366 0.661208 1.922229
v 0.800412 0.675611 1.922229
v 0.800867 0.696435 1.922229
v 0.936463 0.711481 1.922229
v 0.915639 0.711936 1.922229
v 0.900593 0.697532 1.922229
v 0.900138 0.676708 1.922229
v 0.914542 0.661662 1.922229
v 0.935366 0.661208 1.922229
v 0.950412 0.675611 1.922229
v 0.950867 0.696435 1.922229
v 0.960497 0.581382 2.144049
v 0.969137 0.564031 2.127260
v 0.911305 0.545483 2.214465
v 0.966609 0.578256 2.123382
v 0.965068 0.569638 2.142981
v 0.963922 0.541755 2.133990
v 0.968853 0.552297 2.116793
v 0.966494 0.553142 2.138793
v 0.947907 0.527606 2.160297
v 0.954946 0.528436 2.138434
v 0.957656 0.537978 2.152546
v 0.930473 0.529870 2.190770
v 0.963549 0.538698 2.123147
v 0.915219 0.522400 2.137693
v 0.933035 0.520650 2.175629
v 0.943731 0.533030 2.176184
v 0.921833 0.547222 2.207560
v 0.943670 0.521135 2.155801
v 0.932876 0.541196 2.195860
v 0.915954 0.533500 2.206590
v 0.927047 0.569497 2.200830
v 0.917778 0.573132 2.206111
v 0.913710 0.559459 2.213179
v 0.931450 0.557693 2.200048
v 0.950193 0.568404 2.174111
v 0.943062 0.583647 2.174523
v 0.937656 0.590695 2.173459
v 0.927616 0.583320 2.191538
v 0.940288 0.572857 2.186294
v 0.968956 0.552197 2.113740
v 0.958361 0.567343 2.159835
v 0.902441 0.552838 2.077855
v 0.949528 0.591106 2.154342
v 0.954213 0.577805 2.162657
v 0.962409 0.559214 2.151969
v 0.931296 0.539327 2.104044
v 0.959966 0.548778 2.155122
v 0.966603 0.579417 2.120650
v 0.952463 0.542149 2.167447
v 0.901538 0.577730 2.084050
v 0.944296 0.543210 2.181723
v 0.940247 0.551339 2.189589
v 0.936707 0.566304 2.095127
v 0.942691 0.561775 2.186436
v 0.928284 0.587527 2.116165
v 0.893791 0.530392 2.101183
v 0.954374 0.527177 2.136432
v 0.897895 0.525439 2.176363
v 0.880655 0.523541 2.140370
v 0.931398 0.519013 2.175434
v 0.889471 0.546662 2.197402
v 0.870729 0.536297 2.172459
v 0.913487 0.532488 2.207898
v 0.894883 0.573639 2.188484
v 0.869826 0.561189 2.178654
v 0.911134 0.559707 2.214807
v 0.910960 0.590566 2.154835
v 0.878476 0.583635 2.155326
v 0.925717 0.584727 2.192115
v 0.891611 0.590487 2.116139
v 0.948693 0.592891 2.153114
v 0.970021 0.566347 2.114794
v 0.922030 0.523945 2.193626
v 0.959296 0.587885 2.135634
v 0.872169 0.555750 2.275145
v 0.893147 0.541497 2.245705
v 0.749826 0.512134 2.404017
v 0.895164 0.555802 2.239742
v 0.876926 0.544522 2.272424
v 0.877719 0.519335 2.258509
v 0.898800 0.531948 2.228844
v 0.879237 0.529362 2.265498
v 0.834924 0.502246 2.306053
v 0.860660 0.506236 2.268376
v 0.854999 0.513023 2.290622
v 0.789829 0.500241 2.360489
v 0.884958 0.518142 2.240894
v 0.813534 0.498079 2.279979
v 0.803086 0.493728 2.335181
v 0.818410 0.505074 2.333076
v 0.768851 0.514494 2.389929
v 0.831839 0.496931 2.299909
v 0.790904 0.510173 2.367994
v 0.759803 0.501752 2.390126
v 0.784279 0.536656 2.377125
v 0.768975 0.539642 2.388125
v 0.756167 0.525606 2.401023
v 0.788593 0.525332 2.374920
v 0.834047 0.538973 2.327336
v 0.827074 0.553745 2.329580
v 0.822095 0.560853 2.329111
v 0.794307 0.551318 2.361491
v 0.812831 0.541672 2.349796
v 0.901230 0.532332 2.223815
v 0.855173 0.539912 2.301833
v 0.862693 0.532395 2.195476
v 0.851882 0.563826 2.294686
v 0.849420 0.549621 2.307341
v 0.865001 0.533235 2.288041
v 0.866876 0.518706 2.223531
v 0.857774 0.522852 2.294039
v 0.897417 0.557345 2.235242
v 0.837724 0.514846 2.316314
v 0.858804 0.555196 2.205693
v 0.816598 0.513907 2.341817
v 0.806770 0.520584 2.355609
v 0.886020 0.545568 2.208442
v 0.813998 0.530967 2.349611
v 0.859752 0.562931 2.243551
v 0.824319 0.508013 2.231365
v 0.861238 0.505371 2.265268
v 0.757242 0.495771 2.344720
v 0.766159 0.496332 2.292338
v 0.800867 0.492256 2.335317
v 0.730974 0.513134 2.379828
v 0.722284 0.504195 2.342677
v 0.755482 0.500669 2.392929
v 0.750118 0.539996 2.364739
v 0.718395 0.526995 2.352894
v 0.751670 0.525682 2.404356
v 0.803460 0.560623 2.308291
v 0.756770 0.551378 2.317004
v 0.791662 0.552643 2.362904
v 0.814929 0.563059 2.256032
v 0.852033 0.565758 2.292855
v 0.904107 0.545650 2.225002
v 0.775865 0.494442 2.367476
v 0.878068 0.563342 2.261543
v 0.072785 0.432825 2.421255
v 0.456937 0.432817 2.421618
v 0.072785 0.424527 2.271254
v 0.458343 0.424519 2.273067
v 0.633474 0.428671 2.348324
v 0.311302 0.428667 2.346615
v 0.000000 0.428677 2.346251
v 0.072785 0.446985 2.271255
v 0.458343 0.446977 2.273067
v 0.633474 0.439900 2.348324
v 0.311302 0.439896 2.346615
v 0.000000 0.439906 2.346251
v 0.073435 0.399112 2.394131
v 0.457169 0.399104 2.394495
v 0.073435 0.390813 2.244131
v 0.458574 0.390805 2.245944
v 0.633474 0.394958 2.321201
v 0.311829 0.394953 2.319492
v -0.000000 0.394964 2.319129
v 0.073435 0.413271 2.244131
v 0.458574 0.413263 2.245944
v 0.633474 0.406187 2.321201
v 0.311829 0.406182 2.319492
v 0.000000 0.406193 2.319129
v 0.073435 0.365398 2.367008
v 0.457169 0.365390 2.367372
v 0.073435 0.357099 2.217008
v 0.458574 0.357091 2.218821
v 0.633474 0.361244 2.294078
v 0.311829 0.361240 2.292369
v -0.000000 0.361250 2.292005
v 0.073435 0.379557 2.217008
v 0.458574 0.379549 2.218821
v 0.633474 0.372473 2.294078
v 0.311829 0.372469 2.292369
v 0.000000 0.372479 2.292005
v 0.073435 0.331685 2.339885
v 0.457169 0.331677 2.340248
v 0.073435 0.323386 2.189884
v 0.458574 0.323378 2.191698
v 0.633474 0.327530 2.266954
v 0.311829 0.327526 2.265245
v -0.000000 0.327537 2.264882
v 0.073435 0.345844 2.189885
v 0.458574 0.345836 2.191697
v 0.633474 0.338759 2.266954
v 0.311829 0.338755 2.265245
v 0.000000 0.338766 2.264882
v 0.570482 1.066186 0.688778
v 0.424820 1.040530 -1.838095
v 0.229717 1.037171 -1.840865
v 0.525589 1.278682 -1.164012
v 0.066965 1.319699 0.281332
v 0.685911 1.047210 0.618152
v 0.402042 1.281707 0.285996
v 0.542182 1.141862 -1.568683
v 0.402303 1.342710 -1.019893
v 0.071226 1.377403 -1.012456
v 0.496587 0.920485 1.034972
v 0.736015 0.876311 0.985489
v 0.089744 0.930202 1.050213
v 0.306890 1.036351 -1.844542
v 0.000000 1.035151 -1.847084
v 0.542340 1.224055 -1.335385
v 0.513741 1.318859 -1.022186
v 0.000000 1.324029 0.277039
v 0.289973 1.302019 0.277147
v 0.534074 1.260851 0.286949
v 0.304578 1.363552 -1.010376
v 0.000000 1.379874 -1.007977
v 0.067673 0.801987 -2.464958
v 0.201625 0.801983 -2.465107
v 0.067698 0.794101 -2.315279
v 0.201707 0.794077 -2.315997
v 0.464305 0.797832 -2.391987
v 0.134595 0.798110 -2.390309
v -0.000000 0.797976 -2.390037
v 0.067698 0.816146 -2.315279
v 0.366836 0.816141 -2.317405
v 0.464305 0.809061 -2.391987
v 0.134595 0.809064 -2.390311
v 0.000000 0.809067 -2.390037
v 0.067673 0.763778 -2.464958
v 0.201625 0.763774 -2.465107
v 0.067698 0.755892 -2.315279
v 0.201707 0.755869 -2.315997
v 0.464305 0.759623 -2.391987
v 0.134595 0.759901 -2.390309
v -0.000000 0.759767 -2.390037
v 0.067698 0.777937 -2.315279
v 0.366836 0.777932 -2.317405
v 0.464305 0.770852 -2.391987
v 0.134595 0.770855 -2.390311
v 0.000000 0.770859 -2.390037
v 0.067673 0.725569 -2.464958
v 0.201625 0.725565 -2.465107
v 0.067698 0.717265 -2.315279
v 0.201707 0.717259 -2.315997
v 0.464305 0.721415 -2.391987
v 0.134595 0.721414 -2.390309
v -0.000000 0.721419 -2.390037
v 0.067698 0.739728 -2.315279
v 0.366836 0.739723 -2.317405
v 0.464305 0.732644 -2.391987
v 0.134595 0.732646 -2.390311
v 0.000000 0.732650 -2.390037
v 0.067673 0.687360 -2.464958
v 0.201625 0.687357 -2.465107
v 0.067698 0.679057 -2.315279
v 0.201707 0.679050 -2.315997
v 0.464305 0.683206 -2.391987
v 0.134595 0.683205 -2.390309
v -0.000000 0.683211 -2.390037
v 0.067698 0.701519 -2.315279
v 0.366836 0.701515 -2.317405
v 0.464305 0.694435 -2.391987
v 0.134595 0.694438 -2.390311
v 0.000000 0.694441 -2.390037
v 0.067673 0.649152 -2.464969
v 0.201625 0.649148 -2.465134
v 0.067698 0.640848 -2.315283
v 0.201707 0.640842 -2.316088
v 0.464305 0.644997 -2.391987
v 0.134595 0.644996 -2.390334
v -0.000000 0.645002 -2.390040
v 0.067698 0.663311 -2.315283
v 0.366836 0.663306 -2.317490
v 0.464305 0.656226 -2.391987
v 0.134595 0.656229 -2.390336
v 0.000000 0.656232 -2.390040
v 0.693039 0.863122 -2.497263
v 0.893218 0.769004 -2.504318
v 0.964105 0.734777 -2.441163
v 0.894711 0.767529 -2.441039
v 0.694533 0.861647 -2.433984
v 0.756772 0.923441 -2.433596
v 0.789856 0.800139 -2.437831
v 0.892389 0.925576 -2.436591
v 0.962612 0.736251 -2.504443
v 1.002586 0.830186 -2.440539
v 0.755964 0.924058 -2.496875
v 0.895421 0.804397 -2.497241
v 0.788363 0.801614 -2.501111
v 0.690827 0.806437 -2.493869
v 0.891612 0.926154 -2.499870
v 1.001124 0.831622 -2.503818
v 0.701505 0.923049 -2.465211
v 0.686067 0.801720 -2.466036
v 0.895776 0.736498 -2.472451
v 1.030941 0.734530 -2.473155
v 0.958323 0.900545 -2.470620
v 0.818953 0.925860 -2.466090
v 0.892152 0.800034 -2.472906
v 0.698008 0.862906 -2.497381
v 0.897502 0.772470 -2.504130
v 0.961454 0.739975 -2.504391
v 0.757900 0.920291 -2.497252
v 0.793124 0.805417 -2.500857
v 0.890604 0.922179 -2.500160
v 0.996961 0.831280 -2.503922
v 0.702973 0.921581 -2.497064
v 0.688074 0.804447 -2.497580
v 0.893413 0.802584 -2.504388
v 0.897306 0.738889 -2.504060
v 1.026759 0.737338 -2.504774
v 0.818719 0.924175 -2.497895
v 0.956651 0.899452 -2.502370
v 0.851581 0.865613 -2.513283
v 0.915180 0.850228 -2.515775
v 0.698008 0.862906 -2.490253
v 0.897502 0.772470 -2.490253
v 0.961454 0.739975 -2.490253
v 0.757900 0.920291 -2.490253
v 0.793124 0.805417 -2.490253
v 0.890604 0.922179 -2.490253
v 0.996961 0.831280 -2.490253
v 0.899582 0.740542 -2.497141
v 1.023325 0.739408 -2.497503
v 0.705189 0.919375 -2.493765
v 0.955602 0.897777 -2.496367
v 0.818733 0.922376 -2.494157
v 0.723386 0.863044 -2.510297
v 0.921915 0.795459 -2.516578
v 0.954839 0.763111 -2.517016
v 0.768963 0.897060 -2.510582
v 0.819582 0.828188 -2.513166
v 0.867579 0.894281 -2.513287
v 0.955441 0.827083 -2.516730
v 0.716447 0.908220 -2.500485
v 0.704947 0.817729 -2.500064
v 0.907758 0.815876 -2.503355
v 0.911658 0.752053 -2.503476
v 1.004634 0.751034 -2.503793
v 0.816844 0.909720 -2.500770
v 0.936500 0.886235 -2.502865
v 0.684995 0.863122 -2.497263
v 0.686489 0.861647 -2.433984
v 0.693461 0.923049 -2.465211
v 0.678023 0.801720 -2.466036
v 0.628107 0.863122 -2.497263
v 0.629600 0.861647 -2.433984
v 0.636573 0.923049 -2.465211
v 0.621135 0.801720 -2.466036
v 0.665764 0.922311 -2.433572
v 0.664270 0.923786 -2.496851
v 0.648832 0.802457 -2.497676
v 0.650325 0.800982 -2.434397
v 0.681766 0.863121 -2.497263
v 0.631166 0.863085 -2.497263
v 0.663772 0.920635 -2.496926
v 0.649160 0.805570 -2.497601
v 0.690856 0.922257 -2.496888
v 0.675906 0.803985 -2.497638
v 0.622086 0.804043 -2.497638
v 0.637187 0.922164 -2.496888
v 0.681766 0.863084 -2.490536
v 0.631166 0.863048 -2.490536
v 0.663772 0.920598 -2.490536
v 0.649160 0.805534 -2.490536
v 0.623784 0.805610 -2.494069
v 0.638548 0.920523 -2.493731
v 0.688997 0.920710 -2.493731
v 0.674536 0.805494 -2.494069
v 0.672082 0.863085 -2.510483
v 0.641020 0.863085 -2.510483
v 0.661735 0.907745 -2.510179
v 0.651367 0.818425 -2.510786
v 0.683132 0.914218 -2.500358
v 0.670717 0.811950 -2.500661
v 0.629810 0.812008 -2.500661
v 0.642376 0.914125 -2.500358
v 1.038654 0.490271 1.762320
v 0.677462 0.180948 -1.878446
v 0.677462 0.180947 -2.375706
v 0.649923 0.177742 -2.127076
v 0.701755 0.194307 -2.127076
v 0.718961 0.216046 -1.878446
v 0.718961 0.216045 -2.375707
v 0.726692 0.242670 -2.127076
v 0.723487 0.270209 -1.878447
v 0.723487 0.270208 -2.375707
v 0.710127 0.294502 -2.127077
v 0.688388 0.311708 -1.878447
v 0.688388 0.311707 -2.375708
v 0.661764 0.319439 -2.127077
v 0.634225 0.316234 -1.878447
v 0.634225 0.316233 -2.375708
v 0.609932 0.302874 -2.127077
v 0.601560 0.202679 -2.127076
v 0.623299 0.185474 -1.878446
v 0.623299 0.185473 -2.375706
v 0.672230 0.197315 -2.375706
v 0.703687 0.223921 -2.375707
v 0.707118 0.264977 -2.375707
v 0.680513 0.296433 -2.375707
v 0.639457 0.299864 -2.375707
v 0.608000 0.273259 -2.375707
v 0.604569 0.232203 -2.375707
v 0.631174 0.200746 -2.375706
v 0.650640 0.186313 -2.375707
v 0.696200 0.200874 -2.375707
v 0.718120 0.243386 -2.375707
v 0.703559 0.288946 -2.375707
v 0.661048 0.310866 -2.375708
v 0.615487 0.296306 -2.375707
v 0.608128 0.208233 -2.375706
v 0.672231 0.197316 -2.251150
v 0.703687 0.223922 -2.251150
v 0.707118 0.264978 -2.251150
v 0.680513 0.296434 -2.251150
v 0.639457 0.299865 -2.251150
v 0.608000 0.273260 -2.251150
v 0.604569 0.232204 -2.251150
v 0.631175 0.200747 -2.251150
v 0.602140 0.253078 -2.313428
v 0.614696 0.213789 -2.313428
v 0.660331 0.302294 -2.313429
v 0.621042 0.289738 -2.313429
v 0.709548 0.244103 -2.313428
v 0.696991 0.283392 -2.313429
v 0.651356 0.194886 -2.313428
v 0.690645 0.207443 -2.313428
v 0.834361 0.379827 -1.929887
v 0.805971 0.145290 -1.950491
v 0.864015 0.704237 -1.479073
v 0.534492 0.148425 -1.947417
v 0.330599 0.160964 -1.946802
v 0.000000 0.164099 -1.946802
v 0.166001 0.151183 -1.702520
v 0.423759 0.148299 -1.702964
v 0.680478 0.145415 -1.713609
v 0.859243 0.539354 -1.700917
v 0.849956 0.244974 -1.730177
v 1.053820 0.741002 -1.686435
v 0.203246 0.971344 -2.431959
v 0.200499 0.922087 -2.444705
v 0.208570 0.364155 -2.368820
v 0.075322 1.033218 -1.851461
v 0.062604 0.824744 -2.326899
v 0.063632 0.824744 -2.481726
v 0.065946 0.614535 -2.497220
v 0.068445 0.364068 -2.495456
v 0.066141 0.607958 -2.532433
v 0.069182 0.364068 -2.241764
v 0.072767 0.631869 -2.495925
v 0.071634 0.631869 -2.347400
v 0.217962 1.393024 -0.770051
v 0.205973 1.331222 0.210030
v 0.204078 1.314581 0.271288
v 0.219358 1.374496 -1.003826
v 0.226871 1.388635 -0.960725
v 0.066874 1.379148 -0.276860
v 0.067182 1.361542 -0.017867
v 0.075076 1.256121 -1.319650
v 0.076042 1.037086 -1.842170
v 0.203451 1.309970 0.280397
v 0.218975 1.371552 -1.012787
v 0.270671 0.926035 1.045750
v 0.143590 1.376540 -1.008002
v 0.134063 1.317767 0.276197
v 0.149034 1.035167 -1.846237
v 0.156606 1.121811 0.664461
v 0.128926 0.776525 -2.332521
v 0.151663 1.155061 -1.560305
v 0.147413 1.324075 -1.145756
v 0.133809 1.367470 -0.147531
v 0.134589 1.383301 -0.408306
v 0.147597 1.395786 -0.879428
v 0.147851 1.385701 -0.996163
v 0.134905 1.327221 0.256681
v 0.134962 1.346679 0.110632
v 0.141170 0.631869 -2.421712
v 0.137076 0.623315 -2.496616
v 0.137346 0.364108 -2.432131
v 0.132087 0.611153 -2.514451
v 0.136487 0.950701 -2.435783
v 0.130551 0.877401 -2.460957
v 0.126907 0.824744 -2.404908
v 0.143919 1.008074 -2.101055
v 0.134586 0.485827 -2.513599
v 0.138083 0.364108 -2.305285
v 0.099433 0.282480 -2.217818
v -0.000000 0.291754 -2.220484
v 0.214542 0.331677 2.339912
v 0.214598 0.323379 2.189970
v 0.214598 0.345837 2.189970
v 0.143962 0.338761 2.264891
v 0.143962 0.327532 2.264891
v 0.214542 0.365391 2.367035
v 0.214598 0.357092 2.217093
v 0.214598 0.379550 2.217093
v 0.143962 0.372474 2.292014
v 0.143962 0.361245 2.292014
v 0.214542 0.399105 2.394159
v 0.214598 0.390806 2.244216
v 0.214598 0.413264 2.244216
v 0.143962 0.406188 2.319137
v 0.143962 0.394959 2.319137
v 0.213659 0.432818 2.421282
v 0.213716 0.424519 2.271340
v 0.213716 0.446977 2.271340
v 0.142956 0.439902 2.346261
v 0.142956 0.428673 2.346260
v 0.365429 0.801982 -2.465405
v 0.366836 0.793697 -2.317391
v 0.201707 0.816142 -2.316012
v 0.276689 0.809062 -2.390909
v 0.276689 0.797900 -2.390899
v 0.365429 0.763773 -2.465405
v 0.366836 0.755489 -2.317391
v 0.201707 0.777933 -2.316012
v 0.276689 0.770853 -2.390909
v 0.276689 0.759691 -2.390899
v 0.365429 0.725564 -2.465405
v 0.366836 0.717263 -2.317391
v 0.201707 0.739725 -2.316012
v 0.276689 0.732644 -2.390909
v 0.276689 0.721413 -2.390899
v 0.365429 0.687356 -2.465405
v 0.366836 0.679054 -2.317391
v 0.201707 0.701516 -2.316012
v 0.276689 0.694436 -2.390909
v 0.276689 0.683204 -2.390899
v 0.365429 0.649147 -2.465422
v 0.366836 0.640845 -2.317478
v 0.201707 0.663307 -2.316101
v 0.276689 0.656227 -2.390985
v 0.276689 0.644995 -2.390976
v 0.980243 0.833274 0.687143
v 0.978914 0.895559 0.742118
v 0.975577 0.961076 0.687734
v 0.942281 0.900216 0.625314
v 1.058380 0.831194 0.625314
v 1.058380 0.969238 0.625314
v 1.174479 0.900216 0.625314
v 1.139789 0.850713 0.684277
v 1.139789 0.946809 0.684277
v 1.136596 0.897716 0.726630
v 1.057368 0.849964 0.728114
v 1.056913 0.944959 0.728172
v 0.933407 0.841694 0.701378
v 0.924338 0.878867 0.730949
v 0.913378 0.918561 0.703916
v 0.922447 0.881389 0.674345
v 0.951071 0.854377 0.723290
v 0.948353 0.856219 0.662154
v 0.940601 0.928289 0.724617
v 0.938225 0.930956 0.663437
v 0.790820 0.796976 0.728582
v 0.791015 0.827342 0.748123
v 0.790820 0.858672 0.728582
v 0.790625 0.828306 0.709042
v 0.863196 0.881443 0.699176
v 0.864178 0.880091 0.731156
v 0.874193 0.832841 0.729888
v 0.873211 0.834193 0.697908
v 0.953386 0.900216 0.625314
v 1.058380 0.842300 0.625314
v 1.058380 0.958132 0.625314
v 1.163374 0.900216 0.625314
v 0.977983 0.946375 0.625313
v 0.977982 0.854057 0.625313
v 1.138777 0.854057 0.625313
v 1.138777 0.946375 0.625313
v 0.656794 0.723223 -2.512944
v 0.978051 0.907419 -2.483579
v 0.544125 0.983885 -2.437829
v 0.544146 0.941303 -2.473135
v 0.545017 0.998378 -2.315015
v 0.206768 0.987907 -2.293593
v 0.073418 0.988971 -2.294392
v 0.403578 0.986262 -2.292166
v 0.500645 0.674201 -2.494584
v 0.457170 0.680144 -2.493672
v 0.452508 0.680088 -2.343723
v 0.271986 0.680088 -2.342967
v -0.000000 0.776525 -2.331798
v 0.136361 0.680088 -2.342474
v 0.197176 0.728307 -2.337891
v 0.067119 0.728307 -2.337150
v 0.359443 0.728307 -2.339012
v 0.485240 0.730807 -2.491388
v 0.460834 0.728529 -2.415428
v 0.529954 0.814603 -2.508528
v 0.513348 0.673936 -2.520829
v 0.514605 0.738393 -2.503421
v 0.568864 0.859885 -2.491665
v 0.950454 0.954443 -2.462034
v 0.753860 0.683129 -2.516696
v 0.955020 0.592973 -2.512696
v 1.145042 0.543362 -2.374008
v 1.121471 0.483680 -2.499165
v 1.116748 0.712012 -2.493520
v 1.132086 0.614625 -2.450166
v 0.577330 0.255151 -2.127077
v 0.520490 0.194064 -1.878446
v 0.520490 0.194063 -2.375706
v 0.492953 0.190858 -2.127076
v 0.544775 0.207424 -2.127076
v 0.553147 0.307619 -2.127077
v 0.531417 0.324825 -1.878447
v 0.531417 0.324824 -2.375708
v 0.504793 0.332556 -2.127077
v 0.477255 0.329351 -1.878447
v 0.477255 0.329350 -2.375708
v 0.452962 0.315991 -2.127077
v 0.435756 0.294252 -1.878447
v 0.435756 0.294251 -2.375707
v 0.428025 0.267627 -2.127077
v 0.431230 0.240089 -1.878446
v 0.431230 0.240088 -2.375707
v 0.444589 0.215796 -2.127076
v 0.466329 0.198590 -1.878446
v 0.466329 0.198589 -2.375706
v 0.515260 0.210432 -2.375706
v 0.546717 0.237037 -2.375707
v 0.550148 0.278093 -2.375707
v 0.523542 0.309550 -2.375707
v 0.482486 0.312981 -2.375707
v 0.451030 0.286376 -2.375707
v 0.447599 0.245320 -2.375707
v 0.474204 0.213863 -2.375706
v 0.493669 0.199430 -2.375707
v 0.539225 0.213991 -2.375707
v 0.546584 0.302063 -2.375707
v 0.504077 0.323983 -2.375708
v 0.458517 0.309422 -2.375707
v 0.436597 0.266910 -2.375707
v 0.451157 0.221350 -2.375707
v 0.515260 0.210433 -2.251150
v 0.546717 0.237038 -2.251150
v 0.550148 0.278094 -2.251150
v 0.523543 0.309551 -2.251150
v 0.482486 0.312982 -2.251150
v 0.451030 0.286377 -2.251150
v 0.447599 0.245321 -2.251150
v 0.474204 0.213864 -2.251150
v 0.445169 0.266194 -2.313428
v 0.457725 0.226905 -2.313428
v 0.503361 0.315411 -2.313429
v 0.464072 0.302855 -2.313429
v 0.552577 0.257219 -2.313428
v 0.540021 0.296508 -2.313429
v 0.494386 0.208003 -2.313428
v 0.533675 0.220559 -2.313428
v 0.562919 0.229085 -1.878446
v 0.562919 0.229084 -2.375707
v 0.567445 0.283248 -1.878447
v 0.567445 0.283247 -2.375707
v 0.561768 0.256451 -2.375707
v 0.587242 0.227052 -2.375707
v 0.946005 0.887742 -2.456566
v 0.759779 0.781770 -2.460095
v 0.733448 0.898605 -2.456449
v 0.637428 0.871603 -2.456665
v 0.892453 0.755238 -2.462983
v 0.978309 0.834575 -2.459728
v 0.954862 0.725739 -2.463136
v 1.036400 0.719895 -2.486374
v 0.730278 0.772077 -2.500505
v 0.726561 0.940001 -2.472389
v 0.869367 0.744991 -2.506456
v 1.047254 0.756624 -2.504014
v 0.963620 0.717692 -2.509072
v 0.823094 0.921499 -2.464883
v 0.879739 0.776693 -2.483606
v 0.610319 0.777153 -2.476995
v 0.620838 0.917927 -2.464386
v 0.882082 0.723535 -2.485833
v 0.874416 0.905904 -2.456271
v 1.011615 0.799254 -2.480288
v 0.632237 0.813656 -2.456882
v 1.000652 0.764349 -2.463014
v 0.936957 0.792359 -2.462244
v 0.854125 0.814069 -2.460533
v 0.827897 0.872173 -2.457585
v 0.745169 0.841644 -2.458177
v 0.910708 0.851006 -2.458601
v 0.864015 0.320456 1.155630
v 0.864015 0.145290 1.136395
v 0.864015 0.497676 1.193154
v 0.847854 0.656878 1.300179
v 0.000000 0.145290 1.144649
v 0.485125 0.145290 1.144649
v 0.227847 0.145290 1.144649
v 0.344516 0.145290 1.365211
v 0.662846 0.145290 1.365211
v 0.113677 0.145290 1.365211
v 0.862813 0.579635 1.399747
v 0.864015 0.408976 1.380176
v 0.864015 0.233386 1.370799
v 0.529361 1.327743 -0.403835
v 0.000000 1.387888 -0.408433
v 0.296726 1.369291 -0.407326
v 0.139529 1.394425 -0.656029
v 0.208089 1.385732 -0.536327
v 0.068250 1.392622 -0.536623
v 0.419818 1.357329 -0.533740
v 1.038500 0.918733 -0.801483
v 1.047094 0.890171 -0.812735
v 1.082320 0.879833 -0.826904
v 0.544940 1.008251 -2.097018
v 0.412779 1.036913 -1.847696
v 0.640554 1.017787 -1.684914
v 0.551362 1.140477 -1.571523
v 0.546649 1.041908 -1.840875
v 0.697645 1.037557 0.618319
v 0.849482 0.823916 0.949522
v 0.388819 0.145290 2.252741
v -0.000000 0.145290 2.402459
v 0.664070 0.145290 2.353141
v 0.804067 0.145290 2.270884
v 0.086873 0.145290 2.329672
v 0.514674 0.145290 2.310708
v 0.259061 0.145290 2.330330
v 0.587242 0.227053 -1.878446
v 0.591768 0.281215 -2.375707
v 0.591768 0.281216 -1.878447
v 0.592929 0.253847 -2.375707
v 0.902390 0.941321 -2.475910
v 0.601623 0.884683 -2.480383
v 0.556355 0.757444 -2.506086
v 0.819668 0.748855 -2.507082
v 1.087854 0.661250 -2.508123
v 0.575875 0.966973 -2.458302
v 0.812130 0.967750 -2.451555
v 0.596296 0.801856 -2.492774
v 0.826801 0.669939 -2.517407
v 1.019617 0.835117 -2.493342
v 1.071120 0.800612 -2.489999
v 0.931726 0.917847 -2.467879
v 0.983452 0.867783 -2.472910
v 0.617495 0.840863 -2.472124
v 0.830147 0.562658 2.343324
v 0.940245 0.595631 2.199973
v 0.792257 0.556383 2.319369
v 0.900685 0.537928 2.151423
v 0.859979 0.512289 2.208680
v 0.905712 0.573325 2.153812
v 0.783504 0.501357 2.310400
v 0.869841 0.579149 2.218267
v 0.741575 0.533489 2.369217
v 0.737657 0.509926 2.367446
v 0.756021 0.547958 2.387006
v 0.746514 0.490171 2.381030
v 0.858456 0.577267 2.274212
v 0.942004 0.600150 2.144208
v 1.015507 0.593601 1.862723
v 0.685860 0.581307 2.276564
v 1.014141 0.607295 1.995718
v 0.698162 0.589013 1.987298
v 0.847810 0.609860 1.899989
v 0.839701 0.595722 2.290291
v 0.939925 0.607753 2.157965
v 0.732725 0.571339 2.380220
v 0.700917 0.683182 1.868641
v 0.692794 0.635159 2.150918
v 0.694315 0.575051 2.382694
v 0.963482 0.676162 1.855734
v 0.983344 0.638969 2.092014
v 1.051915 0.772608 -0.694383
v 1.103536 0.519702 0.198621
v 1.067662 0.503084 0.390923
v 1.018836 0.632556 0.616579
v 0.977993 0.805410 0.442051
v 1.028110 0.677497 0.196940
v 1.117712 0.560060 -0.250676
v 1.042562 0.728506 -0.296219
v 0.984893 0.860048 -0.013651
v 1.085766 0.546080 -0.088849
v 0.892896 0.877570 -0.001521
v 0.945514 0.895936 -0.251909
v 0.932985 0.841303 0.237154
v 1.154013 0.352721 -0.404530
v 1.141055 0.439028 -0.155393
v 1.102700 0.589580 -0.544373
v 0.993055 0.913219 -0.468904
v 0.749030 1.048856 0.106829
v 0.763689 1.087763 -0.261456
v 0.642769 1.267782 -0.397788
v 0.624982 1.252519 -0.153354
v 0.886816 0.885240 -0.000862
v 0.903137 0.935442 -0.454514
v 0.742788 1.007054 0.423543
v 0.781338 1.114664 -0.578502
v 0.614216 1.227421 0.095099
v 0.875804 0.828832 0.448028
v 0.683504 1.230965 -0.502837
v 0.898921 0.908010 -0.245681
v 0.882028 0.853804 0.243035
v 0.838062 0.605511 2.319582
v 0.649922 0.683747 2.041075
v 0.649603 0.557693 2.337171
v 1.052375 0.777252 1.825717
v 0.672109 0.623991 2.309870
v 1.066365 0.688227 1.961160
v 0.676795 0.746363 2.004948
v 0.834986 0.581533 2.339241
v 1.061162 0.737100 1.908268
v 0.896200 0.611749 2.258969
v 0.074053 0.728671 1.954517
v 0.486715 0.805773 1.833815
v 0.000000 0.546774 2.343459
v 0.467722 0.621749 2.188108
v 0.073768 0.472156 2.492116
v 0.000000 0.680605 2.059679
v 1.014588 0.281174 1.983399
v 0.655170 0.384564 2.427595
v 0.719114 0.281174 2.336476
v 0.820312 0.281174 2.258922
v 1.202571 0.302896 0.914333
v 1.017008 0.543717 2.043424
v 0.966723 0.392824 2.088349
v 0.655903 0.639216 2.178677
v 0.149399 0.790545 1.863030
v 0.326938 0.790544 1.861217
v 0.469744 0.729294 1.941115
v 0.225144 0.805746 1.833195
v 0.216680 0.618772 2.193523
v 0.468036 0.480384 2.492428
v 0.317035 0.681856 2.051624
v 0.316812 0.549290 2.340570
v 0.073913 0.319338 2.368779
v 0.451698 0.318438 2.373248
v 0.073768 0.450476 2.476469
v 0.614156 0.384034 2.427261
v 0.447225 0.450466 2.476830
v 0.473612 0.281174 2.357430
v 0.000000 0.461317 2.484292
v 0.313671 0.462627 2.484406
v 0.629895 0.469212 2.484931
v 0.639431 0.299386 2.369925
v 0.315387 0.300116 2.361949
v 0.454070 0.318438 2.225948
v 0.617741 0.384034 2.281245
v 0.448530 0.450466 2.328280
v 0.611169 0.450470 2.403538
v 0.620728 0.317598 2.304968
v 0.312205 0.319058 2.295630
v 0.310550 0.450465 2.401827
v 0.653054 0.809222 1.706740
v 0.225277 0.902150 1.093626
v 0.325344 0.885766 1.223754
v 0.653161 0.878855 1.221279
v 0.000000 0.887122 1.224228
v 0.471991 0.861988 1.363896
v 0.076823 0.865383 1.366001
v 0.478349 0.824811 1.715512
v 0.225486 0.824811 1.715512
v 0.471767 0.793634 1.697968
v 0.667951 0.813851 1.709132
v 0.668963 0.829440 1.717903
v 0.328825 0.829554 1.718017
v 0.000000 0.829577 1.718040
v 0.652042 0.793634 1.697968
v 0.645813 0.782479 1.816420
v 0.471287 0.793224 1.820835
v 0.225204 0.793224 1.820835
v 0.471287 0.771735 1.812004
v 0.225204 0.771735 1.812004
v 0.326097 0.809017 1.768173
v 0.652592 0.809017 1.768173
v 0.325044 0.782684 1.754986
v 0.000000 0.809017 1.768173
v 0.646274 0.782684 1.754986
v 0.999828 0.855142 1.537670
v 0.988103 0.885953 1.230069
v 0.675184 0.899793 1.232815
v 0.831982 0.903501 1.097966
v 0.849715 0.885322 1.373715
v 0.666989 0.873207 1.367854
v 0.660278 0.899180 1.100009
v 0.975868 0.809434 1.772137
v 0.657181 0.829005 1.523531
v 0.488340 0.834200 1.720426
v 0.225886 0.834337 1.720562
v 0.678837 0.864313 1.539686
v 0.847338 0.836913 1.683384
v 0.330259 0.820230 1.783095
v -0.000000 0.820254 1.783230
v 0.832221 0.801425 1.830214
v -0.000000 0.832770 1.526397
v 0.678379 0.820186 1.785120
v 0.770838 0.862283 1.030930
v 1.037530 0.405042 1.965902
v 1.155063 0.638008 1.776788
v 1.107752 0.512302 1.849408
v 1.185986 0.399115 0.902431
v 1.190850 0.224910 0.879220
v 1.168041 0.805891 1.544245
v 1.112982 0.221277 0.811959
v 1.096229 0.569883 1.890834
v 1.089551 0.408402 1.859974
v 1.179263 0.591341 1.714755
v 0.970189 0.281174 2.060657
v 1.034465 0.496140 1.995107
v 1.064911 0.599080 1.962245
v 1.094805 0.815284 1.682037
v 1.104528 0.854152 1.384597
v 1.122028 0.145290 0.665861
v 1.079329 0.260043 0.811415
v 1.203287 0.145290 0.889973
v 1.213293 0.218477 0.917684
v 0.813695 0.896095 1.075192
v 0.699513 0.893435 1.086916
v 0.885020 0.864942 1.019206
v 0.784401 0.728361 1.152969
v 0.845428 0.764783 1.219835
v 0.703973 0.763323 1.224333
v 0.925856 0.729821 1.148470
v 0.858608 0.765770 1.033565
v 0.706855 0.831884 1.160915
v 0.696632 0.824874 1.150334
v 0.906031 0.820766 1.124055
v 1.213293 0.233645 1.821241
v 0.978769 0.213232 2.127561
v 1.123581 0.213232 1.885576
v 1.176311 0.418242 1.795530
v 1.140441 0.221620 0.772146
v 1.153575 0.349027 0.829257
v 1.155916 0.261687 0.819636
v 1.075062 0.351273 0.818777
v 1.104244 0.402272 0.705674
v 1.105804 0.400481 0.826516
v 1.090495 0.219421 0.744266
v 1.080379 0.402272 0.754388
v 1.097043 0.352648 0.676397
v 1.103114 0.260958 0.676397
v 1.086498 0.304142 0.749291
v 1.118466 0.261870 0.915901
v 1.141500 0.563202 0.872582
v 1.163569 0.671780 1.014564
v 1.132652 0.400122 0.783770
v 1.083042 0.680268 0.854894
v 1.164589 0.145290 0.796284
v 1.115762 0.219421 0.703672
v 1.092401 0.821812 1.107415
v 1.018071 0.853585 1.010362
v 1.194616 0.728805 1.144035
v 1.164378 0.819516 1.252091
v 0.217700 0.728879 1.950009
v 0.651688 0.857774 1.371200
v 0.225223 0.793634 1.697968
v 0.325130 0.832164 1.525937
v 0.000000 0.782684 1.754986
v 0.646789 0.829134 1.523635
v 0.216413 0.319311 2.368946
v 0.311645 0.384761 2.274060
v 0.324967 0.782479 1.816420
v 0.000000 0.782479 1.816420
v 1.115265 0.349211 0.915901
v 0.216868 0.472485 2.492129
v 0.076574 0.805747 1.833641
v 0.073703 0.617884 2.196438
v 0.216036 0.450467 2.476495
v 0.216088 0.450467 2.326553
v 0.076823 0.902337 1.093630
v 0.225232 0.865247 1.365917
v 0.076823 0.824811 1.715512
v 0.076823 0.793224 1.820835
v 0.076823 0.771735 1.812004
v 0.076823 0.834343 1.720567
v 0.076823 0.793634 1.697968
v 0.150929 0.782479 1.816419
v 0.150867 0.820254 1.783191
v 0.150929 0.809017 1.768173
v 0.150929 0.782684 1.754986
v 0.150929 0.829577 1.718040
v 0.150929 0.832770 1.526397
v 0.150929 0.887122 1.224228
v 0.144927 0.450471 2.401475
v 0.144927 0.461314 2.484296
v 0.144945 0.681020 2.056855
v 0.144827 0.547171 2.342410
v 0.699595 0.516191 2.460284
v 1.168391 0.199307 0.828916
v 1.173803 0.303442 0.860290
v 1.161345 0.439704 0.856623
v 1.123300 0.467637 0.760345
v 1.133568 0.182551 0.731029
v 1.093101 0.400130 0.915869
v 1.099969 0.302378 0.915891
v 1.099951 0.221651 0.915869
v 1.137068 0.303224 0.871067
v 1.123570 0.385105 0.873930
v 1.128657 0.233206 0.865547
v 1.077288 0.302301 0.869026
v 1.070787 0.402272 0.874123
v 1.078480 0.219973 0.864002
v 1.078837 0.350014 0.915868
v 1.082486 0.258876 0.915868
v 1.107261 0.182091 0.643957
v 0.473108 0.897648 1.093543
v 0.648076 0.878984 1.221383
v 0.671820 0.891396 1.087812
v 0.687972 0.901219 1.099112
v 0.906390 0.888412 1.062483
v 0.903967 0.281174 2.155096
v 0.931724 0.462612 2.159483
v 0.869705 0.378199 2.224501
v 1.133201 0.761904 1.770768
v 1.115787 0.679806 1.858657
v 1.031788 0.618786 2.038176
v 0.655012 0.503758 2.490489
v 0.812825 0.445708 2.320408
v 0.958896 0.623503 2.173653
v 1.186164 0.727978 1.667752
v 0.664491 0.540561 2.474025
v 0.320614 0.757424 1.895544
v 0.146577 0.757390 1.900626
v 0.668602 0.669708 2.166714
v 0.671140 0.790615 1.859755
v 0.000000 0.790545 1.863992
v 0.698836 0.454564 2.441024
v 0.715844 0.557127 2.440037
v 0.657294 0.757495 1.885044
v 0.000000 0.757372 1.903324
v 0.221464 0.774926 1.878834
v 0.661163 0.588646 2.328816
v 0.478174 0.774926 1.873521
v 0.663230 0.715877 2.020267
v 0.075329 0.774926 1.881501
v 0.739776 0.535900 2.433795
v 0.729365 0.490919 2.433737
v 0.777837 0.578168 2.388930
v 0.760495 0.374371 2.354170
v 0.981010 0.537041 2.108568
v 0.926520 0.502342 2.186436
v 1.003594 0.569058 2.078844
v 0.973158 0.513486 2.111813
v 0.876092 0.483903 2.249877
v 0.747032 0.513405 2.422960
v 0.217292 0.281174 2.352165
v 0.145035 0.213232 2.414451
v 0.145152 0.300258 2.360359
v 0.000000 0.300255 2.360363
v 1.021463 0.750169 1.905124
v 1.015146 0.697973 2.025403
v 0.073768 0.450476 2.326469
v 1.213714 0.708502 1.521747
v 1.213733 0.731349 1.265886
v 1.213313 0.602417 1.072564
v 1.213293 0.401876 0.963384
v 0.753781 0.852821 1.024076
v 1.213293 0.404256 1.785295
v 0.073926 0.145290 2.476029
v 1.149516 0.145290 1.938423
v 1.053839 0.145290 2.100725
v 1.213293 0.566782 1.704411
v 0.996841 0.940929 -0.718363
v 1.107051 0.611845 -0.783683
v 1.130904 0.145290 0.198473
v 1.149006 0.310344 -0.201878
v 1.097342 0.224206 0.605887
v 1.147121 0.603379 -0.732787
v 0.666517 1.246371 -0.652617
v 0.636886 1.275837 -0.399975
v 1.023441 0.644401 1.646446
v 1.023454 0.678911 1.155039
v 1.038654 0.145290 0.907580
v 1.038654 0.310802 0.934920
v 1.038654 0.145290 1.822842
v 1.175306 0.374604 -0.689869
v 1.172219 0.490908 -0.675893
v 0.954445 0.946283 -0.656409
v 0.780442 1.117056 -0.586216
v 1.118508 0.313142 0.203002
v 0.943122 0.145290 0.724344
v 0.985187 0.145290 0.846007
v 0.927453 0.145290 0.500778
v 0.217553 0.145290 2.476531
v 0.845688 0.145290 2.154930
v 0.000000 0.916725 1.072384
v 0.349843 0.912419 1.067857
v 1.038654 0.321690 1.813385
v 0.144926 0.384907 2.272624
v 0.165125 0.915268 1.070902
v 0.601003 1.306463 -0.525857
v 0.625314 0.895112 1.045974
v 0.972551 0.145290 2.199008
v 0.158575 0.145290 2.403690
v 0.939420 0.643790 2.187163
v 0.731666 0.576133 2.408230
v 0.818090 0.487166 2.330717
v 0.760655 0.532085 2.410050
v 0.755127 0.499012 2.408019
v 0.728253 0.515518 2.408092
v 0.845676 0.493851 2.258260
v 0.930178 0.517585 2.136938
v 0.954992 0.561347 2.108868
v 0.785921 0.586843 2.355661
v 1.029581 0.663184 1.936682
v 0.889796 0.613234 2.245103
v 1.074189 0.394533 0.599824
v 0.908040 0.929946 -0.460416
v 0.928787 0.788435 0.644433
v 1.166061 0.576498 -0.469564
v 0.881932 0.823761 0.460120
v 0.628237 1.268005 -0.278505
v 0.615971 1.244346 -0.026721
v 0.910519 0.956209 -0.647415
v 0.878681 0.798963 0.643017
v 0.606877 1.217547 0.218616
v 0.960337 0.779779 1.856704
v 0.683841 0.681902 2.164273
v 0.688441 0.579926 2.405255
v 0.000000 0.450478 2.401466
v 0.689609 0.799382 1.874044
v 1.200750 0.784319 1.392605
v 0.322672 0.213232 2.410734
v 0.640895 0.213232 2.384587
v 0.797263 0.213232 2.325298
v 1.044289 0.213232 2.027711
v 1.197225 0.520079 0.974602
v 1.087207 0.535674 0.707573
v 0.926558 0.850282 1.005477
v 0.959783 0.807792 0.882012
v 1.009622 0.792181 0.782556
v 0.216307 0.319311 2.219054
v 0.145038 0.319343 2.293772
v -0.000000 0.319336 2.293782
v 1.093042 0.305839 0.639048
v 1.086656 0.428484 0.655024
v 0.852800 0.823708 0.967193
v 0.893013 0.213232 2.228969
v 1.003752 0.664095 2.084782
v 0.988205 0.587911 2.111529
v 0.781158 0.554002 2.397039
v 0.895975 0.589757 2.266443
v 0.991872 0.617640 2.117034
v 0.766005 0.480274 2.391502
v -0.685815 0.620561 2.304315
v -0.698258 0.736566 2.031153
v -0.851784 0.782612 1.882371
v -0.518005 0.363865 -2.296952
v -0.448843 0.631869 -2.421967
v -0.073913 0.281174 2.351945
v -0.493325 0.145290 2.445271
v -0.760840 0.145290 2.383532
v -0.872724 0.145290 2.301579
v -0.878306 0.805311 0.911401
v -1.201228 0.470044 -0.908569
v -1.184488 0.224807 -0.841338
v -1.163833 0.145290 -0.559499
v -1.197549 0.607769 -0.809999
v -1.051977 0.780166 -0.807663
v -1.157479 0.616235 -0.860896
v -1.124677 0.861513 -0.846284
v -1.188868 0.722712 -0.874590
v -1.169582 0.284169 -0.536839
v -1.150238 0.219034 -0.198655
v -1.120522 0.296799 0.192787
v -0.960931 0.960889 -0.826948
v -0.890057 0.798008 0.761607
v -0.870021 0.986488 -1.157410
v -0.885019 0.967662 -0.956757
v -1.219900 0.630554 -1.078261
v -1.208720 0.336336 -1.038797
v -1.194029 0.145290 -1.010842
v -1.203566 0.145290 -1.217441
v -1.223230 0.692779 -2.054759
v -1.186661 0.837956 -1.046778
v -1.110061 0.983556 -2.028041
v -1.038972 0.181082 -2.334715
v -1.242057 0.635658 -1.385063
v -1.039330 0.975118 -2.314165
v -1.230165 0.357212 -1.254638
v -0.291450 1.008148 -2.099750
v -1.230638 0.494872 -1.205361
v -1.213636 0.235045 -1.137255
v -1.168305 0.924270 -1.223429
v -1.179399 0.592825 -2.240291
v -1.217306 0.250942 -1.321303
v -1.242573 0.498161 -1.356537
v -1.223351 0.787147 -1.273597
v -1.179022 0.874652 -2.093332
v -1.098730 0.258423 -2.429224
v -1.117120 0.882918 -2.351874
v -0.529890 0.867229 -2.487452
v -0.779589 0.253392 -2.163766
v -0.912463 0.149793 -2.364299
v -0.657934 0.362871 -2.188836
v -0.499481 0.610541 -2.511991
v -0.380829 0.615754 -2.497425
v -0.966980 0.988496 -2.390119
v -0.514660 0.792682 -2.488739
v -0.549928 1.005604 -2.401199
v -0.817664 1.006794 -2.383013
v -1.062214 0.931582 -2.407224
v -0.072824 0.971344 -2.431949
v -0.530082 0.912270 -2.458540
v -1.019531 1.017940 -1.992291
v -0.780277 1.029741 -1.927362
v -0.923936 0.981761 -0.996817
v -1.109765 0.928561 -1.016382
v -1.020157 0.969476 -1.009442
v -1.084308 0.981134 -1.222995
v -0.968918 0.998025 -1.199914
v -0.714178 1.018025 -2.297932
v -0.934089 1.011251 -2.301191
v -1.120182 0.811057 -2.438741
v -1.006606 0.956188 -2.453900
v -0.141136 0.977108 -2.391567
v -1.083388 0.874679 -2.471153
v -0.393451 0.364224 -2.495990
v -0.650491 0.358427 -2.493609
v -0.387127 0.605728 -2.528163
v -0.646999 0.595985 -2.520100
v -1.024724 0.898084 -2.475298
v -0.677970 0.995675 -2.434148
v -0.884065 0.988578 -2.434721
v -0.952206 0.363975 -2.477092
v -1.175656 0.279790 -2.122094
v -1.183375 0.401926 -2.201666
v -1.126479 0.372300 -2.402580
v -1.241115 0.542117 -2.064433
v -1.061578 0.184495 -2.207756
v -1.116571 0.264056 -2.294185
v -1.143674 0.707543 -2.396800
v -0.394895 0.364224 -2.240141
v -0.772207 0.248948 -2.426251
v -0.538609 0.973903 -2.389791
v -0.550478 1.027411 -2.101859
v -1.115967 0.942198 -2.207737
v -1.163097 0.782213 -2.281813
v -1.027096 1.003668 -2.174583
v -0.889715 1.023464 -2.149560
v -1.061829 0.778434 -0.819164
v -1.148932 0.644459 -0.857167
v -1.119443 0.839432 -0.844301
v -1.170362 0.727388 -0.866516
v -1.109756 0.630617 -0.840074
v -1.004050 0.927982 -0.786753
v -1.196655 0.630078 -0.877988
v -1.156137 0.802475 -0.860310
v -1.115652 0.773119 -1.262591
v -1.046119 0.897387 -1.015344
v -1.167546 0.653859 -1.082197
v -1.131362 0.654166 -1.066410
v -0.360584 0.631869 -2.496152
v -0.468624 0.777914 -2.488558
v -0.472615 0.624052 -2.496867
v -0.498085 0.840304 -2.485909
v -0.632877 0.146042 -2.188056
v -0.356035 0.631869 -2.347628
v -0.362851 0.824744 -2.330396
v -0.465035 0.776525 -2.335759
v -0.472825 0.826078 -2.408889
v -0.370871 0.826133 -2.484726
v -0.476108 0.883469 -2.464329
v -0.472591 0.939036 -2.443589
v -0.524158 0.257587 -2.206660
v -0.066823 0.920750 -2.444138
v -0.795550 0.485888 -2.507497
v -0.513848 0.485417 -2.511539
v -0.752473 0.328903 -2.256198
v -0.752570 0.145290 -2.233918
v -0.517759 0.363865 -2.432423
v -0.747552 0.325940 -2.412961
v -0.752570 0.145290 -2.320633
v -0.772207 0.248948 -2.314298
v -0.449910 0.163346 -2.188056
v -0.068877 0.364068 -2.368610
v -0.650526 0.358427 -2.359409
v -0.917009 0.149867 -2.273784
v -0.932639 0.150646 -2.153568
v -0.399595 0.971344 -2.431656
v -0.212598 1.033515 -1.850272
v -0.189805 0.824744 -2.328280
v -0.197327 0.824800 -2.482870
v -0.376037 0.925383 -2.446147
v -0.271402 0.824966 -2.406416
v -0.285275 0.976539 -2.391059
v -0.278623 0.879275 -2.461979
v -0.282008 0.952352 -2.436116
v -0.199881 0.615016 -2.497301
v -0.207327 0.364155 -2.495667
v -0.200681 0.607077 -2.530747
v -0.209447 0.364155 -2.241974
v -0.207630 0.631869 -2.496026
v -0.204547 0.631869 -2.347502
v -0.193318 0.180650 -2.188056
v -0.394298 0.364224 -2.368784
v -0.281378 0.610915 -2.513494
v -0.290405 0.364212 -2.432382
v -0.278927 0.623602 -2.496719
v -0.275790 0.631869 -2.421821
v -0.321164 0.269798 -2.215085
v -0.286170 0.485354 -2.512720
v -0.291511 0.364212 -2.305536
v -0.869565 1.006698 -1.361449
v -0.727263 1.034106 0.554157
v -0.529805 1.338428 -0.649536
v -0.535047 1.280607 -1.157505
v -0.071728 1.398943 -0.770383
v -0.067615 1.339279 0.209995
v -1.127856 0.981688 -1.429083
v -1.027244 1.008060 -1.421636
v -1.155035 0.970036 -1.657159
v -0.904359 1.018832 -1.577298
v -1.072599 1.009897 -1.626153
v -1.214390 0.868374 -1.716593
v -1.237861 0.772960 -1.731492
v -1.201298 0.901485 -1.463935
v -1.235832 0.767590 -1.525277
v -1.243626 0.708981 -1.550443
v -0.549247 1.270327 0.270807
v -0.067138 1.324445 0.272220
v -1.173921 0.940189 -1.880414
v -1.218798 0.811310 -1.935220
v -1.243626 0.729445 -1.858277
v -0.974592 1.022318 -1.787200
v -1.095594 1.003236 -1.832052
v -0.725284 1.024962 -1.695578
v -0.757452 1.007220 -1.514216
v -0.423497 1.363757 -0.766074
v -0.416526 1.303117 0.217315
v -0.405459 1.285928 0.276440
v -0.293684 1.312517 0.257803
v -0.303982 1.381013 -0.654930
v -0.572732 1.285393 -1.079201
v -0.580780 1.222170 -1.264532
v -0.530956 1.325158 -0.999362
v -0.791224 0.981901 -1.320786
v -0.660719 1.122553 -1.338827
v -0.407252 1.345642 -1.010899
v -0.071294 1.380270 -1.003517
v -0.423092 1.357743 -0.958223
v -0.312439 1.372553 -0.996017
v -0.074748 1.394144 -0.960991
v -0.314190 1.382530 -0.877458
v -0.523276 1.337566 -0.872694
v -0.647269 1.248802 -0.885034
v -0.591457 1.311936 -0.760847
v -0.582106 1.301747 -0.974005
v -0.626871 1.231603 -1.104083
v -0.768382 1.125582 -0.789584
v -0.729023 1.125099 -1.056598
v -0.524109 1.289964 0.117528
v -0.524054 1.311487 -0.144129
v -0.295894 1.332622 0.111917
v -0.294796 1.353001 -0.146401
v -0.618748 1.260498 -0.152129
v -0.591049 1.295946 -0.275095
v -0.582536 1.275646 -0.018773
v -0.415678 1.343182 -0.274039
v -0.413793 1.325688 -0.014659
v -0.204076 1.371123 -0.276590
v -0.204864 1.353127 -0.017621
v -0.331675 1.111892 0.661938
v -0.310618 1.313799 -1.148632
v -0.317872 1.151831 -1.561094
v -0.227674 1.252815 -1.319504
v -0.421401 1.237298 -1.328203
v -0.776173 0.711018 1.536063
v -0.776173 0.733490 1.262187
v -0.860196 0.593696 1.063277
v -0.864015 0.232444 0.919937
v -0.864015 0.407364 0.958762
v -0.864015 0.234328 1.821661
v -0.864015 0.410587 1.801591
v -0.860196 0.572562 1.735888
v -0.864015 0.234220 -1.320789
v -0.864015 0.498787 -1.308404
v -0.862831 0.359358 -1.520726
v -0.861694 0.145290 -1.515275
v -1.049037 0.680001 -1.993275
v -0.977853 0.745037 1.391104
v -1.049609 0.357951 -1.323648
v -1.028553 0.145290 -1.317625
v -1.053820 0.627196 -1.385978
v -1.038654 0.502754 1.003583
v -0.864015 0.322166 1.595828
v -0.864015 0.145290 1.594026
v -0.864015 0.495556 1.582129
v -0.847854 0.644029 1.516746
v -0.834115 0.561085 -2.091422
v -1.015309 0.398397 -2.121450
v -0.862819 0.747363 -1.854329
v -0.915044 0.960813 -0.724350
v -0.742771 1.009456 0.438090
v -0.582623 1.249529 0.240372
v -0.607998 1.235036 0.098494
v -0.122900 0.145290 0.490711
v -0.132611 0.145290 -0.198922
v -0.147604 0.145290 -1.099021
v -0.983483 0.145290 -0.840033
v -0.619700 0.145290 0.721707
v -0.957030 0.145290 -0.198922
v -1.013162 0.145290 -1.118079
v -0.663246 0.145290 -0.840033
v -0.640727 0.145290 0.835460
v -0.795601 0.145290 -0.559499
v -0.779482 0.145290 0.783650
v -0.821931 0.145290 -1.010436
v -0.766055 0.145290 0.183372
v -0.755761 0.145290 0.650211
v -0.848709 0.145290 -1.209989
v -0.145216 0.145290 -1.271129
v -0.825355 0.145290 0.879263
v -0.116014 0.145290 0.973612
v -0.112523 0.145290 1.776609
v -0.612177 0.145290 0.490711
v -0.366773 0.145290 0.490711
v -0.637146 0.145290 -0.198922
v -0.387765 0.145290 -0.198922
v -0.684322 0.145290 -1.108753
v -0.421554 0.145290 -1.099427
v -0.123501 0.145290 0.721597
v -0.370169 0.145290 0.721597
v -0.143671 0.145290 -0.840033
v -0.412055 0.145290 -0.840033
v -0.124617 0.145290 0.835021
v -0.374151 0.145290 0.835021
v -0.689783 0.145290 -1.309062
v -0.406384 0.145290 -1.272760
v -0.660194 0.145290 0.968164
v -0.350890 0.145290 0.973612
v -0.646985 0.145290 1.780105
v -0.340535 0.145290 1.776677
v -0.483499 0.145290 1.588234
v -0.226975 0.145290 1.588253
v -0.241097 0.145290 0.883724
v -0.496984 0.145290 0.883724
v -0.283792 0.145290 -1.165403
v -0.544100 0.145290 -1.174739
v -0.524332 0.145290 -0.559499
v -0.272972 0.145290 -0.559499
v -0.500421 0.145290 0.781123
v -0.250136 0.145290 0.781123
v -0.546813 0.145290 -1.008814
v -0.288569 0.145290 -1.008409
v -0.497001 0.145290 0.183372
v -0.252175 0.145290 0.183372
v -0.487569 0.145290 0.650101
v -0.244164 0.145290 0.650101
v -0.535305 0.145415 -1.471526
v -0.292331 0.145917 -1.461980
v -0.220046 0.145290 1.907330
v -0.347378 0.145290 2.396348
v -0.780557 0.145290 1.913769
v -0.185610 0.145290 2.256447
v -0.421352 0.145290 2.091509
v -0.675923 0.145290 2.228551
v -0.535484 0.145290 2.169393
v -0.296995 0.145290 2.178388
v -0.098817 0.145290 2.177669
v -0.206197 0.145290 2.092917
v -0.694106 0.145290 2.086265
v -0.457889 0.145290 1.906861
v -0.321269 0.145290 2.003485
v -0.569026 0.145290 2.000543
v -0.106749 0.145290 2.003079
v -0.901839 0.145290 2.016302
v -1.115422 0.826321 -1.019786
v -0.073768 0.319338 2.218779
v -0.268237 0.776525 -2.333783
v -0.804140 0.751655 1.817593
v -0.826807 0.735686 1.733461
v -0.826807 0.735686 1.901726
v -0.841773 0.712343 1.817593
v -0.846509 0.685022 1.733461
v -0.846509 0.685022 1.901726
v -0.840586 0.657934 1.817593
v -0.824616 0.635267 1.733461
v -0.824616 0.635267 1.901726
v -0.801274 0.620301 1.817593
v -0.773953 0.615565 1.733461
v -0.773953 0.615565 1.901726
v -0.746865 0.621488 1.817593
v -0.724198 0.637458 1.733461
v -0.724198 0.637458 1.901726
v -0.709232 0.660800 1.817593
v -0.704496 0.688121 1.733461
v -0.704496 0.688121 1.901726
v -0.710419 0.715209 1.817593
v -0.726389 0.737877 1.733461
v -0.726389 0.737877 1.901726
v -0.749731 0.752843 1.817593
v -0.777052 0.757578 1.733461
v -0.777052 0.757578 1.901726
v -0.823427 0.732449 1.901726
v -0.841830 0.685125 1.901726
v -0.821380 0.638648 1.901726
v -0.774055 0.620244 1.901726
v -0.727579 0.640694 1.901726
v -0.709175 0.688019 1.901726
v -0.729625 0.734496 1.901726
v -0.776950 0.752899 1.901726
v -0.803196 0.749511 1.901726
v -0.839590 0.711494 1.901726
v -0.838442 0.658878 1.901726
v -0.800425 0.622485 1.901726
v -0.747809 0.623633 1.901726
v -0.711415 0.661650 1.901726
v -0.712563 0.714266 1.901726
v -0.750580 0.750659 1.901726
v -0.823427 0.732449 1.896552
v -0.841830 0.685125 1.896552
v -0.821380 0.638648 1.896552
v -0.774055 0.620244 1.896552
v -0.727579 0.640694 1.896552
v -0.709175 0.688019 1.896552
v -0.729625 0.734496 1.896552
v -0.776950 0.752899 1.896552
v -0.751429 0.748476 1.899139
v -0.802253 0.747367 1.899139
v -0.713599 0.662499 1.899139
v -0.714708 0.713322 1.899139
v -0.799576 0.624668 1.899139
v -0.748752 0.625777 1.899139
v -0.837406 0.710645 1.899139
v -0.836298 0.659821 1.899139
v -0.808597 0.718253 1.914194
v -0.821306 0.685572 1.914194
v -0.807183 0.653478 1.914194
v -0.774503 0.640769 1.914194
v -0.742408 0.654891 1.914194
v -0.729700 0.687571 1.914194
v -0.743822 0.719666 1.914194
v -0.776502 0.732375 1.914194
v -0.798114 0.737960 1.905373
v -0.827829 0.706920 1.905373
v -0.826891 0.663960 1.905373
v -0.795851 0.634246 1.905373
v -0.752891 0.635183 1.905373
v -0.723177 0.666223 1.905373
v -0.724114 0.709183 1.905373
v -0.755154 0.738898 1.905373
v -0.954140 0.751655 1.817593
v -0.976807 0.735686 1.733461
v -0.976807 0.735686 1.901726
v -0.991773 0.712343 1.817593
v -0.996509 0.685022 1.733461
v -0.996509 0.685022 1.901726
v -0.990586 0.657934 1.817593
v -0.974616 0.635267 1.733461
v -0.974616 0.635267 1.901726
v -0.951274 0.620301 1.817593
v -0.923953 0.615565 1.733461
v -0.923953 0.615565 1.901726
v -0.896865 0.621488 1.817593
v -0.874198 0.637458 1.733461
v -0.874198 0.637458 1.901726
v -0.859232 0.660800 1.817593
v -0.854496 0.688121 1.733461
v -0.854496 0.688121 1.901726
v -0.860419 0.715209 1.817593
v -0.876389 0.737877 1.733461
v -0.876389 0.737877 1.901726
v -0.899731 0.752843 1.817593
v -0.927052 0.757578 1.733461
v -0.927052 0.757578 1.901726
v -0.973427 0.732449 1.901726
v -0.991830 0.685125 1.901726
v -0.971380 0.638648 1.901726
v -0.924023 0.620232 1.901726
v -0.876834 0.640405 1.901726
v -0.858430 0.687729 1.901726
v -0.879593 0.734483 1.901726
v -0.926950 0.752899 1.901726
v -0.953196 0.749511 1.901726
v -0.989590 0.711494 1.901726
v -0.988442 0.658878 1.901726
v -0.950425 0.622485 1.901726
v -0.897679 0.623582 1.901726
v -0.860897 0.661448 1.901726
v -0.862434 0.714215 1.901726
v -0.900580 0.750659 1.901726
v -0.973427 0.732449 1.896552
v -0.991830 0.685125 1.896552
v -0.971380 0.638648 1.896552
v -0.924055 0.620244 1.896552
v -0.877578 0.640694 1.896552
v -0.859175 0.688019 1.896552
v -0.879625 0.734496 1.896552
v -0.926950 0.752899 1.896552
v -0.901429 0.748476 1.899139
v -0.952253 0.747367 1.899139
v -0.863081 0.662297 1.899139
v -0.864578 0.713272 1.899139
v -0.949576 0.624668 1.899139
v -0.898623 0.625727 1.899139
v -0.987406 0.710645 1.899139
v -0.986297 0.659821 1.899139
v -0.958597 0.718253 1.914194
v -0.971306 0.685572 1.914194
v -0.957183 0.653478 1.914194
v -0.924503 0.640769 1.914194
v -0.892408 0.654891 1.914194
v -0.879700 0.687571 1.914194
v -0.893822 0.719666 1.914194
v -0.926502 0.732375 1.914194
v -0.948114 0.737960 1.905373
v -0.977829 0.706920 1.905373
v -0.976891 0.663960 1.905373
v -0.945851 0.634246 1.905373
v -0.902891 0.635183 1.905373
v -0.873177 0.666223 1.905373
v -0.874114 0.709183 1.905373
v -0.905154 0.738898 1.905373
v -0.786463 0.711481 1.922229
v -0.765639 0.711936 1.922229
v -0.750593 0.697532 1.922229
v -0.750138 0.676708 1.922229
v -0.764542 0.661662 1.922229
v -0.785366 0.661208 1.922229
v -0.800412 0.675611 1.922229
v -0.800867 0.696435 1.922229
v -0.936463 0.711481 1.922229
v -0.915639 0.711936 1.922229
v -0.900593 0.697532 1.922229
v -0.900138 0.676708 1.922229
v -0.914542 0.661662 1.922229
v -0.935366 0.661208 1.922229
v -0.950412 0.675611 1.922229
v -0.950867 0.696435 1.922229
v -0.960497 0.581382 2.144049
v -0.969137 0.564031 2.127260
v -0.911305 0.545483 2.214465
v -0.966609 0.578256 2.123382
v -0.965068 0.569638 2.142981
v -0.963922 0.541756 2.133990
v -0.968853 0.552297 2.116793
v -0.966494 0.553142 2.138793
v -0.947907 0.527606 2.160297
v -0.954946 0.528436 2.138434
v -0.957656 0.537978 2.152546
v -0.930473 0.529870 2.190770
v -0.963549 0.538698 2.123147
v -0.915219 0.522400 2.137693
v -0.933035 0.520650 2.175629
v -0.943731 0.533030 2.176184
v -0.921833 0.547222 2.207559
v -0.943670 0.521135 2.155801
v -0.932876 0.541196 2.195860
v -0.915954 0.533500 2.206590
v -0.927047 0.569497 2.200830
v -0.917778 0.573132 2.206111
v -0.913710 0.559459 2.213179
v -0.931450 0.557693 2.200048
v -0.950194 0.568404 2.174111
v -0.943062 0.583647 2.174523
v -0.937656 0.590695 2.173459
v -0.927616 0.583320 2.191538
v -0.940288 0.572857 2.186295
v -0.968956 0.552197 2.113740
v -0.958361 0.567343 2.159835
v -0.902441 0.552838 2.077855
v -0.949528 0.591106 2.154342
v -0.954213 0.577805 2.162657
v -0.962409 0.559214 2.151969
v -0.931296 0.539327 2.104044
v -0.959966 0.548778 2.155122
v -0.966603 0.579417 2.120650
v -0.952463 0.542149 2.167447
v -0.901538 0.577730 2.084050
v -0.944295 0.543210 2.181724
v -0.940247 0.551339 2.189589
v -0.936707 0.566304 2.095126
v -0.942691 0.561775 2.186436
v -0.928284 0.587527 2.116165
v -0.893791 0.530392 2.101183
v -0.954374 0.527177 2.136432
v -0.897894 0.525439 2.176363
v -0.880655 0.523541 2.140370
v -0.931398 0.519013 2.175434
v -0.889471 0.546662 2.197402
v -0.870729 0.536297 2.172459
v -0.913487 0.532488 2.207898
v -0.894883 0.573639 2.188484
v -0.869826 0.561189 2.178654
v -0.911134 0.559707 2.214807
v -0.910960 0.590566 2.154835
v -0.878476 0.583635 2.155326
v -0.925717 0.584727 2.192115
v -0.891611 0.590487 2.116139
v -0.948693 0.592891 2.153114
v -0.970021 0.566347 2.114794
v -0.922030 0.523945 2.193626
v -0.959296 0.587885 2.135634
v -0.872169 0.555750 2.275145
v -0.893146 0.541497 2.245705
v -0.749826 0.512134 2.404017
v -0.895164 0.555802 2.239742
v -0.876926 0.544522 2.272424
v -0.877719 0.519335 2.258509
v -0.898800 0.531948 2.228844
v -0.879237 0.529363 2.265498
v -0.834924 0.502246 2.306053
v -0.860660 0.506236 2.268376
v -0.854999 0.513023 2.290622
v -0.789829 0.500241 2.360490
v -0.884958 0.518142 2.240894
v -0.813534 0.498079 2.279979
v -0.803086 0.493728 2.335181
v -0.818410 0.505074 2.333076
v -0.768851 0.514494 2.389929
v -0.831839 0.496931 2.299909
v -0.790904 0.510173 2.367994
v -0.759803 0.501752 2.390126
v -0.784279 0.536656 2.377125
v -0.768975 0.539642 2.388125
v -0.756167 0.525606 2.401023
v -0.788593 0.525332 2.374920
v -0.834047 0.538973 2.327336
v -0.827074 0.553745 2.329580
v -0.822095 0.560853 2.329111
v -0.794307 0.551318 2.361491
v -0.812831 0.541672 2.349796
v -0.901230 0.532332 2.223815
v -0.855173 0.539912 2.301833
v -0.862693 0.532395 2.195476
v -0.851882 0.563826 2.294686
v -0.849420 0.549621 2.307341
v -0.865002 0.533235 2.288041
v -0.866876 0.518706 2.223531
v -0.857774 0.522852 2.294039
v -0.897417 0.557345 2.235242
v -0.837724 0.514846 2.316314
v -0.858804 0.555196 2.205693
v -0.816598 0.513907 2.341817
v -0.806770 0.520584 2.355609
v -0.886020 0.545568 2.208442
v -0.813997 0.530967 2.349611
v -0.859752 0.562931 2.243551
v -0.824319 0.508013 2.231366
v -0.861238 0.505371 2.265268
v -0.757242 0.495771 2.344719
v -0.766159 0.496332 2.292338
v -0.800867 0.492256 2.335317
v -0.730974 0.513134 2.379828
v -0.722284 0.504195 2.342677
v -0.755482 0.500669 2.392930
v -0.750118 0.539996 2.364739
v -0.718395 0.526995 2.352894
v -0.751670 0.525682 2.404356
v -0.803460 0.560623 2.308291
v -0.756770 0.551378 2.317004
v -0.791662 0.552643 2.362904
v -0.814929 0.563058 2.256032
v -0.852033 0.565758 2.292855
v -0.904107 0.545650 2.225002
v -0.775865 0.494442 2.367476
v -0.878068 0.563342 2.261543
v -0.072785 0.432825 2.421255
v -0.456937 0.432817 2.421618
v -0.072785 0.424527 2.271255
v -0.458343 0.424519 2.273067
v -0.633474 0.428671 2.348324
v -0.311302 0.428667 2.346615
v -0.072785 0.446985 2.271255
v -0.458343 0.446977 2.273067
v -0.633474 0.439900 2.348324
v -0.311302 0.439896 2.346616
v -0.073435 0.399112 2.394131
v -0.457169 0.399104 2.394495
v -0.073435 0.390813 2.244131
v -0.458574 0.390805 2.245944
v -0.633474 0.394958 2.321201
v -0.311829 0.394953 2.319492
v -0.073435 0.413271 2.244131
v -0.458574 0.413263 2.245944
v -0.633474 0.406187 2.321201
v -0.311829 0.406182 2.319492
v -0.073435 0.365398 2.367008
v -0.457169 0.365390 2.367372
v -0.073435 0.357099 2.217008
v -0.458574 0.357091 2.218821
v -0.633474 0.361244 2.294078
v -0.311829 0.361240 2.292368
v -0.073435 0.379557 2.217008
v -0.458574 0.379549 2.218821
v -0.633474 0.372473 2.294078
v -0.311829 0.372469 2.292369
v -0.073435 0.331685 2.339885
v -0.457169 0.331677 2.340248
v -0.073435 0.323386 2.189884
v -0.458574 0.323378 2.191698
v -0.633474 0.327530 2.266954
v -0.311829 0.327526 2.265245
v -0.073435 0.345844 2.189885
v -0.458574 0.345836 2.191697
v -0.633474 0.338759 2.266954
v -0.311829 0.338755 2.265245
v -0.570482 1.066186 0.688778
v -0.424820 1.040530 -1.838095
v -0.229717 1.037171 -1.840865
v -0.525589 1.278682 -1.164012
v -0.066965 1.319699 0.281332
v -0.685911 1.047210 0.618152
v -0.402042 1.281707 0.285996
v -0.542182 1.141862 -1.568683
v -0.402303 1.342710 -1.019893
v -0.071226 1.377403 -1.012456
v -0.496587 0.920485 1.034973
v -0.736015 0.876311 0.985489
v -0.089744 0.930202 1.050213
v -0.306890 1.036351 -1.844542
v -0.542340 1.224054 -1.335385
v -0.513741 1.318859 -1.022186
v -0.289973 1.302019 0.277147
v -0.534074 1.260851 0.286949
v -0.304578 1.363552 -1.010376
v -0.067673 0.801987 -2.464958
v -0.201625 0.801983 -2.465107
v -0.067698 0.794101 -2.315279
v -0.201707 0.794077 -2.315997
v -0.464305 0.797832 -2.391987
v -0.134595 0.798110 -2.390308
v -0.067698 0.816146 -2.315279
v -0.366836 0.816141 -2.317405
v -0.464305 0.809061 -2.391987
v -0.134595 0.809064 -2.390311
v -0.067673 0.763778 -2.464958
v -0.201625 0.763774 -2.465107
v -0.067698 0.755892 -2.315279
v -0.201707 0.755869 -2.315997
v -0.464305 0.759623 -2.391987
v -0.134595 0.759901 -2.390308
v -0.067698 0.777937 -2.315279
v -0.366836 0.777932 -2.317405
v -0.464305 0.770852 -2.391987
v -0.134595 0.770855 -2.390311
v -0.067673 0.725569 -2.464958
v -0.201625 0.725565 -2.465107
v -0.067698 0.717265 -2.315279
v -0.201707 0.717259 -2.315997
v -0.464305 0.721415 -2.391987
v -0.134595 0.721414 -2.390308
v -0.067698 0.739728 -2.315279
v -0.366836 0.739723 -2.317405
v -0.464305 0.732644 -2.391987
v -0.134595 0.732646 -2.390311
v -0.067673 0.687360 -2.464958
v -0.201625 0.687357 -2.465107
v -0.067698 0.679057 -2.315279
v -0.201707 0.679050 -2.315997
v -0.464305 0.683206 -2.391987
v -0.134595 0.683205 -2.390308
v -0.067698 0.701519 -2.315279
v -0.366836 0.701515 -2.317405
v -0.464305 0.694435 -2.391987
v -0.134595 0.694438 -2.390311
v -0.067673 0.649152 -2.464969
v -0.201625 0.649148 -2.465134
v -0.067698 0.640848 -2.315283
v -0.201707 0.640842 -2.316088
v -0.464305 0.644997 -2.391987
v -0.134595 0.644996 -2.390334
v -0.067698 0.663311 -2.315283
v -0.366836 0.663306 -2.317490
v -0.464305 0.656226 -2.391987
v -0.134595 0.656229 -2.390336
v -0.693039 0.863122 -2.497263
v -0.893218 0.769004 -2.504318
v -0.964105 0.734777 -2.441163
v -0.894711 0.767529 -2.441039
v -0.694533 0.861647 -2.433984
v -0.756772 0.923441 -2.433596
v -0.789856 0.800139 -2.437831
v -0.892389 0.925576 -2.436591
v -0.962612 0.736251 -2.504443
v -1.002586 0.830186 -2.440539
v -0.755964 0.924058 -2.496875
v -0.895421 0.804397 -2.497241
v -0.788363 0.801614 -2.501111
v -0.690827 0.806437 -2.493869
v -0.891613 0.926154 -2.499870
v -1.001124 0.831622 -2.503818
v -0.701505 0.923049 -2.465211
v -0.686067 0.801720 -2.466036
v -0.895776 0.736498 -2.472451
v -1.030941 0.734530 -2.473155
v -0.958323 0.900545 -2.470620
v -0.818953 0.925860 -2.466090
v -0.892152 0.800034 -2.472906
v -0.698008 0.862906 -2.497381
v -0.897502 0.772470 -2.504130
v -0.961454 0.739975 -2.504391
v -0.757900 0.920291 -2.497252
v -0.793124 0.805417 -2.500857
v -0.890604 0.922179 -2.500160
v -0.996961 0.831280 -2.503922
v -0.702973 0.921581 -2.497064
v -0.688074 0.804447 -2.497580
v -0.893413 0.802584 -2.504388
v -0.897306 0.738889 -2.504060
v -1.026759 0.737338 -2.504774
v -0.818719 0.924175 -2.497895
v -0.956651 0.899452 -2.502370
v -0.851581 0.865613 -2.513283
v -0.915180 0.850228 -2.515775
v -0.698008 0.862906 -2.490253
v -0.897502 0.772470 -2.490253
v -0.961454 0.739975 -2.490253
v -0.757900 0.920291 -2.490253
v -0.793124 0.805417 -2.490253
v -0.890604 0.922179 -2.490253
v -0.996961 0.831280 -2.490253
v -0.899582 0.740542 -2.497141
v -1.023325 0.739408 -2.497503
v -0.705189 0.919375 -2.493765
v -0.955602 0.897777 -2.496367
v -0.818733 0.922376 -2.494157
v -0.723386 0.863044 -2.510297
v -0.921915 0.795459 -2.516578
v -0.954839 0.763111 -2.517016
v -0.768963 0.897060 -2.510582
v -0.819582 0.828188 -2.513166
v -0.867580 0.894281 -2.513287
v -0.955441 0.827083 -2.516730
v -0.716447 0.908220 -2.500485
v -0.704947 0.817729 -2.500064
v -0.907758 0.815876 -2.503355
v -0.911658 0.752053 -2.503476
v -1.004634 0.751034 -2.503793
v -0.816844 0.909720 -2.500770
v -0.936500 0.886235 -2.502865
v -0.684995 0.863122 -2.497263
v -0.686489 0.861647 -2.433984
v -0.693461 0.923049 -2.465211
v -0.678023 0.801720 -2.466036
v -0.628107 0.863122 -2.497263
v -0.629600 0.861647 -2.433984
v -0.636573 0.923049 -2.465211
v -0.621135 0.801720 -2.466036
v -0.665764 0.922311 -2.433572
v -0.664270 0.923786 -2.496851
v -0.648832 0.802457 -2.497676
v -0.650325 0.800982 -2.434397
v -0.681766 0.863121 -2.497263
v -0.631166 0.863085 -2.497263
v -0.663772 0.920635 -2.496926
v -0.649160 0.805570 -2.497601
v -0.690856 0.922257 -2.496888
v -0.675906 0.803985 -2.497638
v -0.622086 0.804043 -2.497638
v -0.637187 0.922164 -2.496888
v -0.681766 0.863084 -2.490536
v -0.631166 0.863048 -2.490536
v -0.663772 0.920598 -2.490536
v -0.649160 0.805534 -2.490536
v -0.623784 0.805610 -2.494069
v -0.638548 0.920523 -2.493731
v -0.688997 0.920710 -2.493731
v -0.674536 0.805494 -2.494069
v -0.672082 0.863085 -2.510483
v -0.641020 0.863085 -2.510483
v -0.661735 0.907745 -2.510179
v -0.651367 0.818425 -2.510786
v -0.683132 0.914218 -2.500358
v -0.670717 0.811950 -2.500661
v -0.629810 0.812008 -2.500661
v -0.642376 0.914125 -2.500358
v -1.038654 0.490271 1.762320
v -0.677462 0.180948 -1.878446
v -0.677462 0.180947 -2.375706
v -0.649924 0.177742 -2.127076
v -0.701755 0.194307 -2.127076
v -0.718961 0.216046 -1.878446
v -0.718961 0.216045 -2.375707
v -0.726692 0.242670 -2.127077
v -0.723487 0.270209 -1.878447
v -0.723487 0.270208 -2.375707
v -0.710127 0.294502 -2.127077
v -0.688388 0.311708 -1.878447
v -0.688388 0.311707 -2.375708
v -0.661764 0.319439 -2.127077
v -0.634225 0.316234 -1.878447
v -0.634225 0.316233 -2.375708
v -0.609932 0.302874 -2.127077
v -0.601560 0.202679 -2.127076
v -0.623299 0.185474 -1.878446
v -0.623299 0.185473 -2.375706
v -0.672230 0.197315 -2.375706
v -0.703687 0.223921 -2.375707
v -0.707118 0.264977 -2.375707
v -0.680513 0.296433 -2.375707
v -0.639457 0.299864 -2.375707
v -0.608000 0.273259 -2.375707
v -0.604569 0.232203 -2.375707
v -0.631174 0.200746 -2.375706
v -0.650640 0.186313 -2.375707
v -0.696200 0.200874 -2.375707
v -0.718120 0.243386 -2.375707
v -0.703559 0.288946 -2.375707
v -0.661047 0.310866 -2.375708
v -0.615487 0.296306 -2.375707
v -0.608128 0.208233 -2.375706
v -0.672231 0.197316 -2.251150
v -0.703687 0.223922 -2.251150
v -0.707118 0.264978 -2.251150
v -0.680513 0.296434 -2.251150
v -0.639457 0.299865 -2.251150
v -0.608000 0.273260 -2.251150
v -0.604569 0.232204 -2.251150
v -0.631175 0.200747 -2.251150
v -0.602140 0.253078 -2.313428
v -0.614696 0.213789 -2.313428
v -0.660331 0.302294 -2.313429
v -0.621042 0.289738 -2.313429
v -0.709548 0.244103 -2.313429
v -0.696991 0.283392 -2.313429
v -0.651356 0.194886 -2.313428
v -0.690645 0.207443 -2.313428
v -0.834361 0.379827 -1.929887
v -0.805971 0.145290 -1.950491
v -0.864015 0.704237 -1.479073
v -0.534492 0.148425 -1.947417
v -0.330599 0.160964 -1.946802
v -0.166001 0.151183 -1.702521
v -0.423759 0.148299 -1.702964
v -0.680478 0.145415 -1.713609
v -0.859243 0.539354 -1.700916
v -0.849956 0.244974 -1.730177
v -1.053820 0.741002 -1.686435
v -0.203246 0.971344 -2.431959
v -0.200499 0.922087 -2.444705
v -0.208570 0.364155 -2.368820
v -0.075322 1.033218 -1.851461
v -0.062604 0.824744 -2.326899
v -0.063632 0.824744 -2.481726
v -0.065946 0.614535 -2.497220
v -0.068445 0.364068 -2.495456
v -0.066141 0.607958 -2.532433
v -0.069182 0.364068 -2.241764
v -0.072767 0.631869 -2.495925
v -0.071634 0.631869 -2.347400
v -0.217962 1.393024 -0.770051
v -0.205973 1.331222 0.210030
v -0.204078 1.314581 0.271288
v -0.219358 1.374496 -1.003826
v -0.226871 1.388635 -0.960725
v -0.066874 1.379148 -0.276860
v -0.067182 1.361542 -0.017867
v -0.075076 1.256121 -1.319650
v -0.076042 1.037086 -1.842170
v -0.203451 1.309970 0.280397
v -0.218975 1.371552 -1.012787
v -0.270671 0.926035 1.045750
v -0.143590 1.376540 -1.008002
v -0.134063 1.317767 0.276197
v -0.149034 1.035167 -1.846237
v -0.156606 1.121811 0.664461
v -0.128926 0.776525 -2.332521
v -0.151663 1.155061 -1.560305
v -0.147413 1.324075 -1.145756
v -0.133809 1.367470 -0.147531
v -0.134589 1.383301 -0.408306
v -0.147597 1.395786 -0.879428
v -0.147851 1.385702 -0.996163
v -0.134905 1.327221 0.256681
v -0.134962 1.346679 0.110632
v -0.141170 0.631869 -2.421712
v -0.137076 0.623315 -2.496616
v -0.137346 0.364108 -2.432131
v -0.132087 0.611153 -2.514451
v -0.136487 0.950701 -2.435783
v -0.130551 0.877401 -2.460957
v -0.126907 0.824744 -2.404908
v -0.143919 1.008074 -2.101055
v -0.134586 0.485827 -2.513599
v -0.138083 0.364108 -2.305285
v -0.099433 0.282480 -2.217818
v -0.214542 0.331677 2.339912
v -0.214598 0.323379 2.189970
v -0.214598 0.345837 2.189970
v -0.143962 0.338761 2.264891
v -0.143962 0.327532 2.264891
v -0.214542 0.365391 2.367035
v -0.214598 0.357092 2.217093
v -0.214598 0.379550 2.217093
v -0.143962 0.372474 2.292014
v -0.143962 0.361245 2.292014
v -0.214542 0.399105 2.394159
v -0.214598 0.390806 2.244216
v -0.214598 0.413264 2.244216
v -0.143962 0.406188 2.319137
v -0.143962 0.394959 2.319137
v -0.213659 0.432818 2.421282
v -0.213716 0.424519 2.271340
v -0.213716 0.446977 2.271340
v -0.142956 0.439902 2.346261
v -0.142956 0.428673 2.346261
v -0.365429 0.801982 -2.465405
v -0.366836 0.793697 -2.317391
v -0.201707 0.816142 -2.316012
v -0.276689 0.809062 -2.390909
v -0.276689 0.797900 -2.390899
v -0.365429 0.763773 -2.465405
v -0.366836 0.755489 -2.317391
v -0.201707 0.777933 -2.316012
v -0.276689 0.770853 -2.390909
v -0.276689 0.759691 -2.390899
v -0.365429 0.725564 -2.465405
v -0.366836 0.717263 -2.317391
v -0.201707 0.739725 -2.316012
v -0.276689 0.732644 -2.390909
v -0.276689 0.721413 -2.390899
v -0.365429 0.687356 -2.465405
v -0.366836 0.679054 -2.317391
v -0.201707 0.701516 -2.316012
v -0.276689 0.694436 -2.390909
v -0.276689 0.683204 -2.390899
v -0.365429 0.649147 -2.465422
v -0.366836 0.640845 -2.317478
v -0.201707 0.663307 -2.316101
v -0.276689 0.656227 -2.390985
v -0.276689 0.644995 -2.390976
v -0.980243 0.833274 0.687143
v -0.978914 0.895558 0.742118
v -0.975577 0.961076 0.687734
v -0.942281 0.900216 0.625314
v -1.058380 0.831194 0.625314
v -1.058380 0.969238 0.625314
v -1.174479 0.900216 0.625314
v -1.139789 0.850713 0.684277
v -1.139789 0.946809 0.684277
v -1.136596 0.897716 0.726630
v -1.057368 0.849964 0.728114
v -1.056913 0.944959 0.728172
v -0.933407 0.841694 0.701378
v -0.924338 0.878867 0.730949
v -0.913378 0.918562 0.703916
v -0.922447 0.881389 0.674345
v -0.951071 0.854377 0.723290
v -0.948353 0.856219 0.662154
v -0.940601 0.928289 0.724617
v -0.938225 0.930956 0.663437
v -0.790820 0.796976 0.728582
v -0.791015 0.827342 0.748123
v -0.790820 0.858672 0.728582
v -0.790625 0.828306 0.709042
v -0.863196 0.881443 0.699176
v -0.864178 0.880091 0.731156
v -0.874193 0.832841 0.729888
v -0.873211 0.834193 0.697908
v -0.953386 0.900216 0.625314
v -1.058380 0.842300 0.625314
v -1.058380 0.958132 0.625314
v -1.163374 0.900216 0.625314
v -0.977982 0.946375 0.625313
v -0.977982 0.854057 0.625313
v -1.138777 0.854057 0.625313
v -1.138777 0.946375 0.625313
v -0.656794 0.723223 -2.512944
v -0.978051 0.907419 -2.483579
v -0.544125 0.983885 -2.437829
v -0.544146 0.941303 -2.473135
v -0.545017 0.998378 -2.315016
v -0.206768 0.987907 -2.293593
v -0.073418 0.988971 -2.294392
v -0.403578 0.986262 -2.292166
v -0.500645 0.674201 -2.494584
v -0.457170 0.680144 -2.493672
v -0.452508 0.680088 -2.343723
v -0.271986 0.680088 -2.342966
v -0.136361 0.680088 -2.342474
v -0.197176 0.728307 -2.337891
v -0.067119 0.728307 -2.337150
v -0.359443 0.728307 -2.339011
v -0.485240 0.730807 -2.491388
v -0.460834 0.728529 -2.415428
v -0.529954 0.814603 -2.508528
v -0.513348 0.673936 -2.520829
v -0.514605 0.738393 -2.503421
v -0.568864 0.859885 -2.491665
v -0.950454 0.954443 -2.462034
v -0.753860 0.683129 -2.516696
v -0.955020 0.592973 -2.512696
v -1.145042 0.543362 -2.374008
v -1.121471 0.483680 -2.499165
v -1.116748 0.712012 -2.493520
v -1.132086 0.614625 -2.450166
v -0.577330 0.255151 -2.127077
v -0.520490 0.194064 -1.878446
v -0.520490 0.194063 -2.375706
v -0.492953 0.190858 -2.127076
v -0.544775 0.207424 -2.127076
v -0.553147 0.307619 -2.127077
v -0.531417 0.324825 -1.878447
v -0.531417 0.324824 -2.375708
v -0.504793 0.332556 -2.127077
v -0.477255 0.329351 -1.878447
v -0.477255 0.329350 -2.375708
v -0.452962 0.315991 -2.127077
v -0.435756 0.294252 -1.878447
v -0.435756 0.294251 -2.375707
v -0.428025 0.267627 -2.127077
v -0.431230 0.240089 -1.878446
v -0.431230 0.240088 -2.375707
v -0.444589 0.215796 -2.127076
v -0.466329 0.198590 -1.878446
v -0.466329 0.198589 -2.375706
v -0.515260 0.210432 -2.375706
v -0.546717 0.237037 -2.375707
v -0.550148 0.278093 -2.375707
v -0.523542 0.309550 -2.375707
v -0.482486 0.312981 -2.375707
v -0.451030 0.286376 -2.375707
v -0.447599 0.245320 -2.375707
v -0.474204 0.213863 -2.375706
v -0.493669 0.199430 -2.375707
v -0.539225 0.213991 -2.375707
v -0.546584 0.302063 -2.375707
v -0.504077 0.323983 -2.375708
v -0.458517 0.309422 -2.375707
v -0.436597 0.266910 -2.375707
v -0.451157 0.221350 -2.375707
v -0.515260 0.210433 -2.251150
v -0.546717 0.237038 -2.251150
v -0.550148 0.278094 -2.251150
v -0.523542 0.309551 -2.251150
v -0.482486 0.312982 -2.251150
v -0.451030 0.286377 -2.251150
v -0.447599 0.245321 -2.251150
v -0.474204 0.213864 -2.251150
v -0.445169 0.266194 -2.313428
v -0.457725 0.226905 -2.313428
v -0.503361 0.315411 -2.313429
v -0.464072 0.302855 -2.313429
v -0.552577 0.257219 -2.313429
v -0.540021 0.296508 -2.313429
v -0.494386 0.208003 -2.313428
v -0.533675 0.220559 -2.313428
v -0.562919 0.229085 -1.878446
v -0.562919 0.229084 -2.375707
v -0.567445 0.283248 -1.878447
v -0.567445 0.283247 -2.375707
v -0.561768 0.256451 -2.375707
v -0.587242 0.227052 -2.375707
v -0.946005 0.887742 -2.456566
v -0.759779 0.781770 -2.460095
v -0.733448 0.898605 -2.456449
v -0.637428 0.871603 -2.456665
v -0.892453 0.755238 -2.462983
v -0.978309 0.834575 -2.459728
v -0.954862 0.725739 -2.463136
v -1.036400 0.719895 -2.486374
v -0.730278 0.772077 -2.500505
v -0.726561 0.940001 -2.472389
v -0.869367 0.744991 -2.506456
v -1.047254 0.756624 -2.504014
v -0.963620 0.717692 -2.509072
v -0.823094 0.921499 -2.464882
v -0.879739 0.776693 -2.483606
v -0.610319 0.777153 -2.476995
v -0.620838 0.917927 -2.464386
v -0.882082 0.723535 -2.485833
v -0.874416 0.905904 -2.456271
v -1.011615 0.799254 -2.480288
v -0.632237 0.813656 -2.456882
v -1.000652 0.764349 -2.463014
v -0.936957 0.792359 -2.462244
v -0.854125 0.814069 -2.460533
v -0.827897 0.872173 -2.457585
v -0.745169 0.841644 -2.458177
v -0.910708 0.851006 -2.458601
v -0.864015 0.320456 1.155630
v -0.864015 0.145290 1.136395
v -0.864015 0.497676 1.193154
v -0.847854 0.656878 1.300179
v -0.485125 0.145290 1.144649
v -0.227847 0.145290 1.144649
v -0.344516 0.145290 1.365211
v -0.662846 0.145290 1.365211
v -0.113677 0.145290 1.365211
v -0.862813 0.579635 1.399747
v -0.864015 0.408976 1.380176
v -0.864015 0.233386 1.370799
v -0.529361 1.327743 -0.403835
v -0.296726 1.369291 -0.407326
v -0.139529 1.394425 -0.656029
v -0.208089 1.385732 -0.536327
v -0.068250 1.392622 -0.536623
v -0.419818 1.357330 -0.533740
v -1.038500 0.918733 -0.801483
v -1.047094 0.890171 -0.812735
v -1.082320 0.879833 -0.826904
v -0.544940 1.008251 -2.097018
v -0.412779 1.036913 -1.847696
v -0.640554 1.017787 -1.684914
v -0.551362 1.140477 -1.571523
v -0.546649 1.041908 -1.840875
v -0.697645 1.037557 0.618319
v -0.849482 0.823916 0.949522
v -0.388819 0.145290 2.252741
v -0.664070 0.145290 2.353141
v -0.804067 0.145290 2.270884
v -0.086873 0.145290 2.329673
v -0.514674 0.145290 2.310708
v -0.259061 0.145290 2.330330
v -0.587242 0.227053 -1.878446
v -0.591768 0.281215 -2.375707
v -0.591768 0.281216 -1.878447
v -0.592928 0.253847 -2.375707
v -0.902390 0.941321 -2.475910
v -0.601623 0.884683 -2.480383
v -0.556355 0.757444 -2.506086
v -0.819668 0.748855 -2.507082
v -1.087854 0.661250 -2.508123
v -0.575875 0.966973 -2.458302
v -0.812130 0.967750 -2.451555
v -0.596296 0.801856 -2.492774
v -0.826801 0.669939 -2.517407
v -1.019617 0.835117 -2.493342
v -1.071120 0.800612 -2.489999
v -0.931726 0.917847 -2.467879
v -0.983452 0.867783 -2.472910
v -0.617495 0.840863 -2.472124
v -0.830147 0.562658 2.343324
v -0.940245 0.595631 2.199973
v -0.792257 0.556383 2.319369
v -0.900685 0.537928 2.151423
v -0.859979 0.512289 2.208680
v -0.905711 0.573325 2.153812
v -0.783504 0.501357 2.310400
v -0.869841 0.579149 2.218267
v -0.741575 0.533489 2.369217
v -0.737657 0.509926 2.367446
v -0.756021 0.547958 2.387006
v -0.746514 0.490171 2.381030
v -0.858456 0.577267 2.274212
v -0.942004 0.600150 2.144208
v -1.015507 0.593601 1.862723
v -0.685860 0.581307 2.276563
v -1.014141 0.607295 1.995718
v -0.698162 0.589013 1.987298
v -0.847811 0.609860 1.899989
v -0.839701 0.595722 2.290291
v -0.939925 0.607753 2.157965
v -0.732725 0.571339 2.380219
v -0.700917 0.683182 1.868641
v -0.692794 0.635159 2.150918
v -0.694314 0.575051 2.382694
v -0.963482 0.676162 1.855735
v -0.983344 0.638969 2.092014
v -1.051915 0.772608 -0.694383
v -1.103536 0.519702 0.198621
v -1.067662 0.503084 0.390923
v -1.018836 0.632556 0.616579
v -0.977993 0.805410 0.442051
v -1.028110 0.677497 0.196940
v -1.117712 0.560060 -0.250676
v -1.042562 0.728506 -0.296219
v -0.984893 0.860048 -0.013651
v -1.085766 0.546080 -0.088849
v -0.892896 0.877570 -0.001521
v -0.945514 0.895937 -0.251909
v -0.932985 0.841303 0.237154
v -1.154013 0.352721 -0.404530
v -1.141055 0.439028 -0.155393
v -1.102700 0.589580 -0.544373
v -0.993055 0.913219 -0.468904
v -0.749030 1.048856 0.106829
v -0.763689 1.087763 -0.261456
v -0.642769 1.267782 -0.397788
v -0.624982 1.252519 -0.153354
v -0.886816 0.885240 -0.000862
v -0.903137 0.935442 -0.454514
v -0.742788 1.007054 0.423543
v -0.781338 1.114664 -0.578502
v -0.614216 1.227421 0.095099
v -0.875804 0.828832 0.448028
v -0.683504 1.230965 -0.502838
v -0.898921 0.908010 -0.245681
v -0.882029 0.853804 0.243035
v -0.838062 0.605511 2.319582
v -0.649922 0.683747 2.041075
v -0.649603 0.557693 2.337171
v -1.052375 0.777252 1.825717
v -0.672109 0.623991 2.309870
v -1.066365 0.688227 1.961160
v -0.676795 0.746363 2.004948
v -0.834986 0.581533 2.339241
v -1.061162 0.737100 1.908268
v -0.896200 0.611749 2.258969
v -0.074053 0.728670 1.954516
v -0.486715 0.805773 1.833815
v -0.467722 0.621749 2.188108
v -0.073768 0.472156 2.492116
v -1.014588 0.281174 1.983399
v -0.655170 0.384564 2.427595
v -0.719114 0.281174 2.336476
v -0.820312 0.281174 2.258922
v -1.202571 0.302896 0.914333
v -1.017008 0.543717 2.043424
v -0.966723 0.392824 2.088350
v -0.655903 0.639216 2.178677
v -0.149399 0.790545 1.863030
v -0.326938 0.790544 1.861217
v -0.469744 0.729294 1.941115
v -0.225144 0.805746 1.833195
v -0.216680 0.618772 2.193523
v -0.468036 0.480384 2.492428
v -0.317035 0.681856 2.051624
v -0.316812 0.549290 2.340570
v -0.073913 0.319338 2.368779
v -0.451698 0.318438 2.373248
v -0.073768 0.450476 2.476469
v -0.614156 0.384034 2.427261
v -0.447225 0.450466 2.476830
v -0.473612 0.281174 2.357430
v -0.313671 0.462627 2.484406
v -0.629895 0.469212 2.484931
v -0.639431 0.299386 2.369925
v -0.315387 0.300116 2.361949
v -0.454070 0.318438 2.225948
v -0.617741 0.384034 2.281245
v -0.448530 0.450466 2.328280
v -0.611169 0.450470 2.403538
v -0.620728 0.317598 2.304968
v -0.312205 0.319058 2.295630
v -0.310550 0.450465 2.401827
v -0.653054 0.809222 1.706740
v -0.225277 0.902150 1.093626
v -0.325344 0.885766 1.223754
v -0.653161 0.878855 1.221279
v -0.471991 0.861988 1.363896
v -0.076823 0.865383 1.366001
v -0.478349 0.824811 1.715512
v -0.225486 0.824811 1.715512
v -0.471767 0.793634 1.697968
v -0.667951 0.813851 1.709132
v -0.668963 0.829440 1.717903
v -0.328825 0.829554 1.718017
v -0.652042 0.793634 1.697968
v -0.645813 0.782479 1.816420
v -0.471287 0.793224 1.820835
v -0.225204 0.793224 1.820835
v -0.471287 0.771735 1.812004
v -0.225204 0.771735 1.812004
v -0.326097 0.809017 1.768173
v -0.652592 0.809017 1.768173
v -0.325044 0.782684 1.754986
v -0.646274 0.782684 1.754986
v -0.999828 0.855143 1.537670
v -0.988103 0.885953 1.230069
v -0.675184 0.899793 1.232815
v -0.831982 0.903501 1.097966
v -0.849715 0.885322 1.373715
v -0.666989 0.873208 1.367854
v -0.660278 0.899180 1.100009
v -0.975868 0.809434 1.772137
v -0.657181 0.829005 1.523531
v -0.488340 0.834200 1.720426
v -0.225886 0.834337 1.720562
v -0.678837 0.864313 1.539686
v -0.847338 0.836913 1.683384
v -0.330259 0.820230 1.783095
v -0.832221 0.801425 1.830214
v -0.678379 0.820186 1.785120
v -0.770838 0.862283 1.030930
v -1.037530 0.405042 1.965903
v -1.155063 0.638008 1.776788
v -1.107751 0.512302 1.849408
v -1.185986 0.399115 0.902431
v -1.190851 0.224910 0.879220
v -1.168041 0.805891 1.544245
v -1.112982 0.221277 0.811959
v -1.096229 0.569883 1.890834
v -1.089551 0.408402 1.859974
v -1.179263 0.591341 1.714755
v -0.970189 0.281174 2.060657
v -1.034465 0.496140 1.995107
v -1.064911 0.599080 1.962245
v -1.094805 0.815284 1.682037
v -1.104528 0.854152 1.384598
v -1.122028 0.145290 0.665861
v -1.079329 0.260043 0.811415
v -1.203287 0.145290 0.889973
v -1.213293 0.218477 0.917684
v -0.813695 0.896095 1.075192
v -0.699513 0.893435 1.086916
v -0.885020 0.864942 1.019206
v -0.784401 0.728361 1.152969
v -0.845428 0.764783 1.219835
v -0.703973 0.763323 1.224333
v -0.925856 0.729821 1.148470
v -0.858608 0.765770 1.033565
v -0.706855 0.831884 1.160915
v -0.696632 0.824874 1.150334
v -0.906031 0.820766 1.124055
v -1.213293 0.233645 1.821241
v -0.978769 0.213232 2.127562
v -1.123581 0.213232 1.885576
v -1.176311 0.418242 1.795529
v -1.140441 0.221620 0.772146
v -1.153575 0.349027 0.829257
v -1.155916 0.261687 0.819636
v -1.075062 0.351273 0.818777
v -1.104244 0.402272 0.705674
v -1.105804 0.400481 0.826517
v -1.090495 0.219421 0.744266
v -1.080379 0.402272 0.754388
v -1.097043 0.352648 0.676397
v -1.103114 0.260958 0.676397
v -1.086498 0.304142 0.749291
v -1.118466 0.261870 0.915901
v -1.141500 0.563202 0.872582
v -1.163569 0.671780 1.014564
v -1.132652 0.400122 0.783770
v -1.083042 0.680268 0.854894
v -1.164589 0.145290 0.796284
v -1.115762 0.219421 0.703672
v -1.092401 0.821812 1.107415
v -1.018071 0.853585 1.010362
v -1.194616 0.728805 1.144035
v -1.164378 0.819516 1.252091
v -0.217700 0.728879 1.950009
v -0.651688 0.857774 1.371200
v -0.225223 0.793634 1.697968
v -0.325130 0.832164 1.525937
v -0.646789 0.829134 1.523635
v -0.216413 0.319311 2.368946
v -0.311645 0.384761 2.274060
v -0.324967 0.782479 1.816420
v -1.115265 0.349211 0.915901
v -0.216868 0.472485 2.492129
v -0.076574 0.805747 1.833641
v -0.073703 0.617884 2.196438
v -0.216036 0.450467 2.476495
v -0.216088 0.450467 2.326553
v -0.076823 0.902337 1.093630
v -0.225232 0.865247 1.365917
v -0.076823 0.824811 1.715512
v -0.076823 0.793224 1.820835
v -0.076823 0.771735 1.812004
v -0.076823 0.834343 1.720567
v -0.076823 0.793634 1.697968
v -0.150929 0.782479 1.816420
v -0.150867 0.820254 1.783191
v -0.150929 0.809017 1.768173
v -0.150929 0.782684 1.754986
v -0.150929 0.829577 1.718040
v -0.150929 0.832770 1.526397
v -0.150929 0.887122 1.224228
v -0.144927 0.450471 2.401475
v -0.144927 0.461314 2.484296
v -0.144944 0.681020 2.056855
v -0.144827 0.547171 2.342410
v -0.699595 0.516191 2.460284
v -1.168391 0.199307 0.828916
v -1.173803 0.303442 0.860290
v -1.161345 0.439704 0.856623
v -1.123300 0.467637 0.760345
v -1.133568 0.182551 0.731029
v -1.093101 0.400130 0.915869
v -1.099968 0.302378 0.915891
v -1.099951 0.221651 0.915869
v -1.137068 0.303224 0.871067
v -1.123570 0.385105 0.873930
v -1.128657 0.233206 0.865547
v -1.077288 0.302301 0.869026
v -1.070787 0.402272 0.874123
v -1.078480 0.219973 0.864002
v -1.078837 0.350014 0.915868
v -1.082486 0.258876 0.915868
v -1.107261 0.182091 0.643957
v -0.473108 0.897648 1.093543
v -0.648076 0.878984 1.221383
v -0.671820 0.891396 1.087812
v -0.687972 0.901219 1.099112
v -0.906390 0.888412 1.062483
v -0.903967 0.281174 2.155096
v -0.931724 0.462612 2.159483
v -0.869705 0.378200 2.224501
v -1.133201 0.761904 1.770768
v -1.115787 0.679806 1.858657
v -1.031788 0.618786 2.038177
v -0.655012 0.503758 2.490489
v -0.812825 0.445708 2.320408
v -0.958896 0.623503 2.173653
v -1.186163 0.727978 1.667752
v -0.664491 0.540561 2.474025
v -0.320614 0.757424 1.895544
v -0.146577 0.757390 1.900626
v -0.668602 0.669708 2.166713
v -0.671140 0.790615 1.859755
v -0.698836 0.454564 2.441024
v -0.715844 0.557127 2.440037
v -0.657294 0.757495 1.885044
v -0.221464 0.774926 1.878834
v -0.661163 0.588646 2.328817
v -0.478174 0.774926 1.873521
v -0.663230 0.715877 2.020267
v -0.075329 0.774926 1.881501
v -0.739776 0.535900 2.433795
v -0.729365 0.490919 2.433737
v -0.777837 0.578168 2.388930
v -0.760495 0.374371 2.354170
v -0.981010 0.537041 2.108568
v -0.926520 0.502342 2.186436
v -1.003594 0.569058 2.078844
v -0.973158 0.513486 2.111813
v -0.876093 0.483903 2.249877
v -0.747032 0.513405 2.422960
v -0.217292 0.281174 2.352165
v -0.145035 0.213232 2.414452
v -0.145152 0.300258 2.360359
v -1.021463 0.750169 1.905124
v -1.015146 0.697973 2.025403
v -0.073768 0.450476 2.326469
v -1.213714 0.708502 1.521747
v -1.213733 0.731349 1.265886
v -1.213313 0.602417 1.072564
v -1.213293 0.401876 0.963384
v -0.753781 0.852821 1.024076
v -1.213293 0.404256 1.785295
v -0.073926 0.145290 2.476029
v -1.149516 0.145290 1.938423
v -1.053839 0.145290 2.100725
v -1.213293 0.566782 1.704411
v -0.996841 0.940929 -0.718363
v -1.107051 0.611845 -0.783683
v -1.130904 0.145290 0.198473
v -1.149006 0.310344 -0.201878
v -1.097342 0.224206 0.605887
v -1.147121 0.603379 -0.732787
v -0.666517 1.246371 -0.652617
v -0.636886 1.275837 -0.399975
v -1.023441 0.644401 1.646446
v -1.023454 0.678911 1.155039
v -1.038654 0.145290 0.907580
v -1.038654 0.310802 0.934920
v -1.038654 0.145290 1.822842
v -1.175306 0.374605 -0.689869
v -1.172219 0.490908 -0.675893
v -0.954445 0.946283 -0.656409
v -0.780442 1.117056 -0.586216
v -1.118508 0.313142 0.203002
v -0.943122 0.145290 0.724344
v -0.985187 0.145290 0.846007
v -0.927453 0.145290 0.500778
v -0.217553 0.145290 2.476531
v -0.845688 0.145290 2.154929
v -0.349843 0.912419 1.067857
v -1.038654 0.321690 1.813385
v -0.144926 0.384907 2.272624
v -0.165125 0.915268 1.070902
v -0.601003 1.306463 -0.525857
v -0.625314 0.895112 1.045974
v -0.972551 0.145290 2.199008
v -0.158575 0.145290 2.403690
v -0.939420 0.643790 2.187163
v -0.731666 0.576133 2.408230
v -0.818090 0.487166 2.330717
v -0.760655 0.532085 2.410050
v -0.755127 0.499012 2.408019
v -0.728253 0.515518 2.408092
v -0.845676 0.493852 2.258260
v -0.930178 0.517585 2.136938
v -0.954992 0.561347 2.108868
v -0.785921 0.586843 2.355661
v -1.029581 0.663184 1.936682
v -0.889796 0.613234 2.245103
v -1.074189 0.394533 0.599824
v -0.908040 0.929946 -0.460416
v -0.928787 0.788435 0.644433
v -1.166061 0.576498 -0.469564
v -0.881932 0.823761 0.460120
v -0.628237 1.268004 -0.278505
v -0.615971 1.244346 -0.026721
v -0.910519 0.956209 -0.647415
v -0.878681 0.798963 0.643017
v -0.606877 1.217547 0.218616
v -0.960337 0.779779 1.856704
v -0.683841 0.681902 2.164273
v -0.688441 0.579926 2.405255
v -0.689609 0.799382 1.874044
v -1.200750 0.784319 1.392605
v -0.322672 0.213232 2.410735
v -0.640895 0.213232 2.384587
v -0.797263 0.213232 2.325298
v -1.044289 0.213232 2.027711
v -1.197225 0.520079 0.974602
v -1.087207 0.535674 0.707573
v -0.926558 0.850282 1.005477
v -0.959783 0.807792 0.882012
v -1.009622 0.792181 0.782556
v -0.216307 0.319311 2.219054
v -0.145038 0.319343 2.293772
v -1.093042 0.305839 0.639048
v -1.086656 0.428484 0.655024
v -0.852800 0.823708 0.967193
v -0.893013 0.213232 2.228969
v -1.003752 0.664095 2.084782
v -0.988205 0.587911 2.111529
v -0.781158 0.554002 2.397039
v -0.895975 0.589757 2.266442
v -0.991872 0.617640 2.117034
v -0.766005 0.480274 2.391502
v 0.976237 1.016699 -2.163558
v 0.385327 0.952474 -2.437044
v 0.069042 0.364068 -2.305187
v 0.651771 0.359167 -2.278289
v 0.390527 0.485128 -2.512112
v 0.736340 1.023769 0.500990
v 1.168440 0.219744 -0.556069
v 1.051946 0.776387 -0.751023
v 1.082767 0.868476 -0.929816
v 1.130835 0.306752 0.059234
v 1.152300 0.609807 -0.796841
v 1.163742 0.325584 -0.480363
v 1.186439 0.477578 -0.783180
v 0.956742 0.951517 -0.724204
v 1.217039 0.479925 -1.064116
v 1.201093 0.229477 -1.022370
v 1.130135 0.720399 -2.449353
v 1.217974 0.242458 -1.232263
v 1.232421 0.763212 -1.907968
v 1.136712 0.980533 -1.852481
v 1.103595 0.258908 -2.365827
v 1.238311 0.498183 -1.295982
v 1.042797 0.904452 -0.807109
v 0.740388 1.026173 -2.129109
v 0.374773 0.881610 -2.462883
v 1.209530 0.750816 -1.067755
v 1.200695 0.878341 -1.916289
v 1.073603 0.981279 -2.187057
v 1.147382 0.878298 -2.241111
v 1.142489 0.270542 -2.210569
v 0.454839 0.680116 -2.418697
v 1.018581 0.966317 -2.397013
v 0.537129 0.926765 -2.465500
v 0.522327 0.803666 -2.498295
v 0.546586 1.010233 -2.186069
v 0.904840 1.001211 -2.384271
v 0.845335 1.025822 -1.748463
v 0.970218 0.979194 -1.000159
v 1.051452 1.015727 -1.812865
v 0.894894 0.979341 -1.025988
v 0.697484 1.017432 -1.638219
v 0.694426 1.007447 -2.389709
v 1.096997 0.880975 -2.422758
v 0.422403 0.263785 -2.214099
v 0.067293 0.486013 -2.513945
v 0.956979 0.485444 -2.503843
v 0.939375 0.253993 -2.427022
v 0.645405 0.254457 -2.188446
v 0.992328 0.931803 -2.468740
v 1.082001 0.734318 -2.498767
v 0.650496 0.485976 -2.510454
v 1.056903 0.779300 -0.813414
v 1.153205 0.630347 -0.859031
v 1.122060 0.850472 -0.845292
v 1.179615 0.725050 -0.870553
v 1.088754 0.777213 -1.043749
v 1.143007 0.750254 -1.064553
v 1.149280 0.650828 -1.001925
v 0.358310 0.631869 -2.421890
v 0.370707 0.623812 -2.496789
v 0.491642 0.785298 -2.488648
v 0.074247 1.008599 -2.101555
v 0.501833 0.897431 -2.461669
v 0.204004 0.485616 -2.513206
v 0.393898 0.364224 -2.432522
v 1.208186 0.557715 -2.151335
v 0.773437 0.249688 -2.243406
v 0.772207 0.248948 -2.373595
v 0.366861 0.825439 -2.407561
v 0.650509 0.358427 -2.429622
v 0.913697 0.149764 -2.321826
v 0.923785 0.150191 -2.216460
v 0.383978 0.610741 -2.512794
v 0.193566 0.824772 -2.405575
v 0.407689 1.008237 -2.098522
v 0.198953 0.877946 -2.461405
v 0.201913 0.951218 -2.435949
v 0.200281 0.611047 -2.514024
v 0.207983 0.364155 -2.432243
v 1.158983 0.655445 -2.326669
v 0.203756 0.623443 -2.496664
v 0.206089 0.631869 -2.421763
v 0.743836 0.864066 1.003819
v 0.394620 0.364224 -2.304597
v 1.241419 0.729763 -1.544346
v 1.223467 0.833826 -1.496311
v 0.067481 1.350179 0.110604
v 0.699787 1.122183 -1.201768
v 1.167657 0.950590 -1.440169
v 0.946604 1.010574 -1.394702
v 1.085128 0.999472 -1.428530
v 0.713777 1.037819 0.591104
v 0.412179 1.294416 0.262015
v 0.205311 1.322283 0.256588
v 0.414477 1.314676 0.114858
v 0.609523 1.129516 -1.459996
v 0.555476 1.283089 -1.117845
v 0.417159 1.352221 -0.996403
v 0.224705 1.382279 -0.996139
v 0.223803 1.392344 -0.879137
v 0.424203 1.362301 -0.874306
v 0.597940 1.310230 -0.646313
v 0.586564 1.286264 -0.147073
v 0.584388 1.310361 -0.872404
v 0.588726 1.283576 -1.048615
v 0.776407 1.122314 -0.683529
v 0.752251 1.126535 -0.915706
v 1.125725 0.221884 0.195812
v 0.580427 1.263438 0.110364
v 0.417599 1.350821 -0.405634
v 0.414397 1.334983 -0.144580
v 0.067294 1.386455 -0.408394
v 0.066905 1.371085 -0.147595
v 0.448440 1.099661 0.663615
v 0.223948 1.321268 -1.146023
v 0.229319 1.154078 -1.560062
v 0.413322 1.298568 -1.155150
v 0.424580 1.147478 -1.564250
v 0.821571 0.996122 -1.337741
v 1.037639 0.553006 -2.077686
v 0.994950 0.709561 1.527659
v 1.040661 0.242581 -1.321046
v 0.994953 0.732420 1.264037
v 1.053294 0.498474 -1.332470
v 1.038654 0.225460 0.918810
v 1.038654 0.404620 0.961073
v 1.036754 0.598056 1.067921
v 0.864015 0.233857 1.596230
v 0.864015 0.409782 1.590883
v 0.861964 0.576465 1.566062
v 0.815497 0.694797 1.406656
v 0.979382 0.266211 -2.142078
v 0.862258 0.239421 -1.523282
v 0.848891 0.554674 -1.898584
v 0.122155 0.145290 0.650101
v 0.126823 0.145290 0.183372
v 0.147133 0.145290 -1.008409
v 0.125114 0.145290 0.781123
v 0.138541 0.145290 -0.559499
v 0.970655 0.145290 -0.559499
v 0.962153 0.145290 0.789020
v 0.998894 0.145290 -1.010791
v 0.939910 0.145290 0.185889
v 0.930066 0.145290 0.652961
v 1.022343 0.145290 -1.216579
v 0.688364 0.145290 -1.193053
v 1.010899 0.145290 0.883024
v 0.651330 0.145290 0.882651
v 0.113969 0.145290 1.144649
v 0.662662 0.145290 1.143273
v 0.345313 0.145290 1.144649
v 0.120594 0.145290 0.883724
v 0.363358 0.145290 0.883724
v 0.145069 0.145290 -1.165403
v 0.413234 0.145290 -1.166569
v 0.650790 0.145290 -0.559499
v 0.400592 0.145290 -0.559499
v 0.629830 0.145290 0.781439
v 0.375085 0.145290 0.781123
v 0.675264 0.145290 -1.009625
v 0.420517 0.145290 -1.008459
v 0.622265 0.145290 0.183372
v 0.375138 0.145290 0.183372
v 0.612321 0.145290 0.650115
v 0.365932 0.145290 0.650101
v 0.688671 0.145306 -1.491147
v 0.411345 0.145666 -1.463173
v 0.153159 0.146027 -1.461981
v 0.073920 0.213232 2.413987
v 0.110069 0.145290 1.907181
v 0.238307 0.145290 2.403430
v 0.608257 0.145290 1.907026
v 0.525281 0.145290 2.242583
v 0.310234 0.145290 2.093090
v 0.093221 0.145290 2.255788
v 0.825410 0.145290 2.213804
v 0.332156 0.145290 1.907393
v 0.546874 0.145290 2.087697
v 0.103159 0.145290 2.092492
v 0.866719 0.145290 2.091429
v 0.962248 0.145290 1.924488
v 0.361147 0.776525 -2.334704
v 0.069376 0.680088 -2.342275
v 0.826807 0.735686 1.817593
v 0.846509 0.685022 1.817593
v 0.824616 0.635267 1.817593
v 0.773953 0.615565 1.817593
v 0.724198 0.637458 1.817593
v 0.704496 0.688121 1.817593
v 0.726389 0.737877 1.817593
v 0.777001 0.755239 1.901726
v 0.825117 0.734067 1.901726
v 0.776950 0.752899 1.899139
v 0.844170 0.685073 1.901726
v 0.822998 0.636957 1.901726
v 0.774004 0.617905 1.901726
v 0.725888 0.639076 1.901726
v 0.706835 0.688070 1.901726
v 0.728007 0.736186 1.901726
v 0.777052 0.757578 1.817593
v 0.926191 0.718125 1.920634
v 0.709175 0.688019 1.899139
v 0.774055 0.620244 1.899139
v 0.841830 0.685125 1.899139
v 0.729625 0.734496 1.899139
v 0.727578 0.640694 1.899139
v 0.821380 0.638648 1.899139
v 0.823427 0.732449 1.899139
v 0.816012 0.725351 1.905373
v 0.831568 0.685349 1.905373
v 0.814282 0.646063 1.905373
v 0.774279 0.630507 1.905373
v 0.734993 0.647793 1.905373
v 0.719437 0.687795 1.905373
v 0.736723 0.727081 1.905373
v 0.776726 0.742637 1.905373
v 0.976807 0.735686 1.817593
v 0.996509 0.685022 1.817593
v 0.974616 0.635267 1.817593
v 0.923953 0.615565 1.817593
v 0.874198 0.637458 1.817593
v 0.854496 0.688121 1.817593
v 0.876389 0.737877 1.817593
v 0.927001 0.755239 1.901726
v 0.975117 0.734067 1.901726
v 0.926950 0.752899 1.899139
v 0.994170 0.685073 1.901726
v 0.972998 0.636957 1.901726
v 0.923988 0.617898 1.901726
v 0.875516 0.638932 1.901726
v 0.856463 0.687925 1.901726
v 0.877991 0.736180 1.901726
v 0.927052 0.757578 1.817593
v 0.858802 0.687874 1.899139
v 0.924039 0.620238 1.899139
v 0.991830 0.685125 1.899139
v 0.879609 0.734490 1.899139
v 0.877206 0.640550 1.899139
v 0.971380 0.638648 1.899139
v 0.973427 0.732449 1.899139
v 0.966012 0.725351 1.905373
v 0.981568 0.685349 1.905373
v 0.964282 0.646063 1.905373
v 0.924279 0.630507 1.905373
v 0.884993 0.647793 1.905373
v 0.869437 0.687795 1.905373
v 0.886724 0.727081 1.905373
v 0.926726 0.742637 1.905373
v 0.776191 0.718125 1.920634
v 0.753678 0.709370 1.920634
v 0.743950 0.687260 1.920634
v 0.752704 0.664747 1.920634
v 0.774814 0.655019 1.920634
v 0.797327 0.663774 1.920634
v 0.807056 0.685883 1.920634
v 0.798301 0.708396 1.920634
v 0.903678 0.709370 1.920634
v 0.893950 0.687260 1.920634
v 0.902704 0.664747 1.920634
v 0.924814 0.655019 1.920634
v 0.947327 0.663774 1.920634
v 0.957056 0.685883 1.920634
v 0.948301 0.708396 1.920634
v 0.906026 0.521277 2.157902
v 0.952293 0.584729 2.158614
v 0.954664 0.571114 2.165789
v 0.924082 0.528785 2.118808
v 0.966404 0.574113 2.133037
v 0.962333 0.565345 2.151889
v 0.935698 0.552518 2.095797
v 0.968258 0.552668 2.127594
v 0.968905 0.552247 2.115266
v 0.963341 0.553690 2.148930
v 0.934070 0.578573 2.102350
v 0.956769 0.532956 2.145472
v 0.957097 0.542978 2.158647
v 0.890480 0.560448 2.196731
v 0.938667 0.526524 2.176200
v 0.912422 0.559583 2.213993
v 0.947259 0.539482 2.175346
v 0.939590 0.545251 2.189246
v 0.902096 0.584181 2.173721
v 0.924557 0.537140 2.201777
v 0.954660 0.527807 2.137433
v 0.938583 0.556906 2.192205
v 0.920152 0.591689 2.134626
v 0.922703 0.558585 2.207221
v 0.926667 0.584023 2.191827
v 0.944827 0.567619 2.182488
v 0.892108 0.534392 2.190178
v 0.934192 0.578297 2.189342
v 0.914721 0.532994 2.207244
v 0.966606 0.578836 2.122016
v 0.949110 0.591998 2.153728
v 0.932216 0.519832 2.175532
v 0.783513 0.494294 2.313828
v 0.851151 0.556951 2.301087
v 0.846533 0.542714 2.312483
v 0.842778 0.506692 2.248317
v 0.886907 0.550323 2.255696
v 0.865966 0.539111 2.287814
v 0.881962 0.532363 2.209646
v 0.889911 0.530616 2.246694
v 0.900015 0.532140 2.226330
v 0.867598 0.528401 2.282921
v 0.878110 0.556270 2.220468
v 0.858402 0.509375 2.279352
v 0.850474 0.516857 2.300671
v 0.735032 0.526339 2.378625
v 0.810839 0.499042 2.334541
v 0.753918 0.525644 2.402690
v 0.824625 0.511242 2.330665
v 0.805193 0.514844 2.355333
v 0.774216 0.552010 2.339954
v 0.775083 0.505670 2.379931
v 0.860949 0.505803 2.266822
v 0.803560 0.525554 2.360225
v 0.833481 0.564408 2.274443
v 0.772079 0.525377 2.388934
v 0.792985 0.551980 2.362197
v 0.820684 0.537098 2.342476
v 0.738883 0.502432 2.367803
v 0.803588 0.546618 2.356275
v 0.757643 0.501210 2.391527
v 0.896290 0.556573 2.237492
v 0.851957 0.564792 2.293770
v 0.801976 0.492992 2.335249
v 0.457640 0.428668 2.347343
v 0.072785 0.428676 2.346255
v 0.457640 0.439897 2.347343
v 0.213687 0.439898 2.346311
v 0.457872 0.394954 2.320220
v 0.073435 0.394962 2.319131
v 0.457872 0.406183 2.320220
v 0.214570 0.406184 2.319187
v 0.457872 0.361241 2.293096
v 0.073435 0.361249 2.292008
v 0.457872 0.372470 2.293096
v 0.214570 0.372471 2.292064
v 0.457872 0.327527 2.265973
v 0.073435 0.327535 2.264884
v 0.457872 0.338756 2.265973
v 0.214570 0.338757 2.264941
v 0.083284 0.916270 1.071921
v 0.666280 1.001545 0.758881
v 0.237061 1.118003 0.663073
v 0.418799 1.038722 -1.842895
v 0.221157 1.035343 -1.845569
v 0.530318 1.279645 -1.160758
v 0.203765 1.312276 0.275842
v 0.691778 1.042384 0.618236
v 0.403750 1.283818 0.281218
v 0.546772 1.141170 -1.570103
v 0.404777 1.344176 -1.015396
v 0.071260 1.378836 -1.007986
v 0.247974 0.914092 1.069688
v 0.201666 0.798030 -2.390552
v 0.067686 0.798044 -2.390118
v 0.366133 0.809061 -2.391405
v 0.067686 0.809066 -2.390118
v 0.201666 0.759821 -2.390552
v 0.067686 0.759835 -2.390118
v 0.366133 0.770853 -2.391405
v 0.067686 0.770857 -2.390118
v 0.201666 0.721412 -2.390552
v 0.067686 0.721417 -2.390118
v 0.366133 0.732644 -2.391405
v 0.067686 0.732648 -2.390118
v 0.201666 0.683204 -2.390552
v 0.067686 0.683208 -2.390118
v 0.366133 0.694435 -2.391405
v 0.067686 0.694440 -2.390118
v 0.201666 0.644995 -2.390611
v 0.067686 0.645000 -2.390126
v 0.366133 0.656226 -2.391456
v 0.067686 0.656231 -2.390126
v 0.698008 0.862906 -2.493817
v 0.961454 0.739975 -2.497322
v 0.793124 0.805417 -2.495555
v 0.693786 0.862384 -2.465624
v 0.963358 0.735514 -2.472803
v 1.001855 0.830904 -2.472178
v 0.892001 0.925865 -2.468231
v 0.789109 0.800877 -2.469471
v 0.756368 0.923750 -2.465236
v 0.893964 0.768266 -2.472678
v 0.695523 0.863014 -2.497322
v 0.895360 0.770737 -2.504224
v 0.962033 0.738113 -2.504417
v 0.756932 0.922175 -2.497064
v 0.790743 0.803516 -2.500984
v 0.891108 0.924167 -2.500015
v 0.999042 0.831451 -2.503870
v 0.792635 0.862958 -2.511814
v 0.938462 0.811151 -2.516640
v 0.882267 0.872060 -2.514235
v 0.890604 0.922179 -2.495206
v 0.757900 0.920291 -2.493752
v 0.897502 0.772470 -2.497191
v 0.996961 0.831280 -2.497087
v 0.710697 0.862975 -2.500274
v 0.909708 0.783964 -2.503415
v 0.958146 0.751543 -2.503634
v 0.763432 0.908676 -2.500417
v 0.806353 0.816803 -2.501709
v 0.879092 0.908230 -2.501770
v 0.976201 0.829181 -2.503491
v 0.685742 0.862384 -2.465624
v 0.628854 0.862384 -2.465624
v 0.665017 0.923049 -2.465211
v 0.631166 0.863067 -2.493900
v 0.649579 0.801720 -2.466036
v 0.656551 0.863085 -2.510483
v 0.683381 0.863121 -2.497263
v 0.629636 0.863103 -2.497263
v 0.664021 0.922210 -2.496888
v 0.648996 0.804014 -2.497638
v 0.663772 0.920617 -2.493731
v 0.681766 0.863102 -2.493900
v 0.649160 0.805552 -2.494069
v 0.676924 0.863084 -2.500510
v 0.636093 0.863066 -2.500510
v 0.662754 0.914172 -2.500358
v 0.650263 0.811979 -2.500662
v 1.036751 0.569473 1.718903
v 1.038654 0.407422 1.793443
v 1.038654 0.233987 1.821451
v 0.677462 0.180947 -2.127076
v 0.718961 0.216046 -2.127076
v 0.723487 0.270209 -2.127077
v 0.688388 0.311708 -2.127077
v 0.634225 0.316234 -2.127077
v 0.591768 0.281215 -2.127077
v 0.604569 0.232203 -2.313428
v 0.587242 0.227052 -2.127076
v 0.623299 0.185473 -2.127076
v 0.674846 0.189131 -2.375706
v 0.711324 0.219983 -2.375707
v 0.715302 0.267592 -2.375707
v 0.684450 0.304070 -2.375707
v 0.636841 0.308049 -2.375707
v 0.600203 0.277210 -2.375707
v 0.596225 0.229601 -2.375707
v 0.627237 0.193109 -2.375706
v 0.655844 0.248591 -2.251150
v 0.639457 0.299865 -2.313429
v 0.707118 0.264977 -2.313429
v 0.672230 0.197316 -2.313428
v 0.631175 0.200747 -2.313428
v 0.608000 0.273260 -2.313429
v 0.680513 0.296434 -2.313429
v 0.703687 0.223921 -2.313428
v 0.179660 0.163707 -1.946802
v 0.436979 0.154694 -1.946879
v 0.660305 0.145682 -1.948723
v 0.863419 0.521168 -1.502104
v 0.820068 0.250412 -1.944529
v 1.053223 0.738404 -1.856303
v 1.053820 0.706609 -1.514758
v 0.219166 1.373024 -1.008306
v 0.067052 1.322072 0.276776
v 0.075682 1.035152 -1.846816
v 0.078355 1.124951 0.665772
v 0.200862 0.680088 -2.342696
v 0.073768 0.384907 2.272624
v 0.075830 1.155768 -1.560723
v 0.073421 1.325926 -1.145866
v 0.204111 1.362703 -0.147337
v 0.205327 1.378970 -0.408112
v 0.073787 1.397968 -0.879482
v 0.073647 1.387866 -0.996166
v 0.067463 1.331011 0.256965
v 0.205688 1.342058 0.110816
v 0.072201 0.631869 -2.421662
v 0.069357 0.623202 -2.496572
v 0.068673 0.364068 -2.432033
v 0.066044 0.611246 -2.514826
v 0.069560 0.950304 -2.435662
v 0.064964 0.877004 -2.460551
v 0.063118 0.824744 -2.404313
v 0.209467 1.007988 -2.100522
v 0.209043 0.364155 -2.305397
v 0.204472 0.273248 -2.215264
v 0.050755 0.306985 -2.224981
v 0.073435 0.338764 2.264884
v 0.214570 0.327528 2.264941
v 0.073435 0.372478 2.292008
v 0.214570 0.361242 2.292064
v 0.073435 0.406191 2.319131
v 0.214570 0.394955 2.319187
v 0.072785 0.439905 2.346254
v 0.213687 0.428669 2.346311
v 0.201666 0.809062 -2.390559
v 0.366133 0.797840 -2.391398
v 0.201666 0.770854 -2.390559
v 0.366133 0.759631 -2.391398
v 0.201666 0.732645 -2.390559
v 0.366133 0.721413 -2.391398
v 0.201666 0.694436 -2.390559
v 0.366133 0.683205 -2.391398
v 0.201666 0.656227 -2.390617
v 0.366133 0.644996 -2.391450
v 0.861809 0.889626 0.715404
v 1.058380 0.900216 0.625313
v 1.170189 0.898744 0.684957
v 1.058663 0.897089 0.743052
v 1.058948 0.830599 0.685364
v 1.058408 0.966522 0.685433
v 0.952273 0.841479 0.693129
v 0.946076 0.890951 0.734957
v 0.937962 0.943314 0.694942
v 0.940347 0.893983 0.652430
v 0.875580 0.824657 0.713660
v 0.868019 0.858071 0.692546
v 0.869370 0.856212 0.736518
v 0.947833 0.900216 0.625314
v 1.058380 0.836747 0.625314
v 1.058380 0.963685 0.625314
v 1.168926 0.900216 0.625314
v 0.691211 0.752541 -2.506437
v 0.702266 0.967838 -2.453269
v 0.572885 0.912993 -2.476759
v 0.822271 0.711321 -2.512285
v 0.957072 0.663951 -2.512732
v 0.544237 0.989541 -2.397933
v 0.204791 0.976902 -2.391365
v 0.072998 0.977662 -2.391799
v 0.401098 0.975453 -2.390502
v 0.193491 0.776525 -2.333085
v 0.064861 0.776525 -2.332024
v 0.357739 0.680088 -2.343320
v 0.478907 0.677173 -2.494128
v 0.507001 0.674114 -2.507706
v 0.466830 0.777220 -2.412158
v 0.563125 0.808229 -2.500651
v 0.893228 0.964950 -2.455315
v 0.645534 0.672797 -2.518883
v 1.051503 0.854898 -2.482248
v 1.132323 0.496909 -2.433609
v 0.520490 0.194064 -2.127076
v 0.562919 0.229085 -2.127076
v 0.567445 0.283248 -2.127077
v 0.531417 0.324824 -2.127077
v 0.477255 0.329350 -2.127077
v 0.435756 0.294252 -2.127077
v 0.447599 0.245320 -2.313428
v 0.431230 0.240089 -2.127076
v 0.466329 0.198590 -2.127076
v 0.517875 0.202248 -2.375706
v 0.554499 0.233087 -2.375707
v 0.558477 0.280697 -2.375707
v 0.527479 0.317187 -2.375707
v 0.479871 0.321165 -2.375707
v 0.443393 0.290313 -2.375707
v 0.439414 0.242704 -2.375707
v 0.470266 0.206226 -2.375706
v 0.498873 0.261707 -2.251150
v 0.482486 0.312981 -2.313429
v 0.550148 0.278094 -2.313429
v 0.515260 0.210433 -2.313428
v 0.474204 0.213863 -2.313428
v 0.451030 0.286376 -2.313429
v 0.523542 0.309550 -2.313429
v 0.546717 0.237038 -2.313428
v 0.888403 0.923613 -2.466090
v 0.745029 0.776923 -2.480300
v 0.730004 0.919303 -2.464419
v 0.614266 0.807756 -2.474828
v 0.880910 0.750114 -2.484720
v 1.023953 0.760486 -2.483514
v 0.959241 0.721715 -2.486104
v 0.619526 0.878143 -2.468524
v 0.962028 0.897581 -2.470073
v 0.998963 0.834846 -2.476535
v 0.946378 0.759829 -2.462972
v 0.739360 0.870343 -2.457308
v 0.751380 0.812121 -2.459085
v 0.893956 0.878906 -2.457254
v 0.924241 0.822615 -2.460482
v 0.344018 0.145290 1.588256
v 0.661172 0.145290 1.589163
v 0.113533 0.145290 1.588247
v 0.861964 0.586690 1.233653
v 0.864015 0.408170 1.169469
v 0.864015 0.232915 1.145368
v 0.212409 1.390645 -0.655813
v 0.069764 1.396997 -0.656125
v 0.421919 1.361883 -0.652842
v 0.595967 1.303810 -0.402384
v 1.066394 0.952706 -1.013483
v 1.151607 0.893870 -1.027825
v 0.483785 0.908566 1.063295
v 0.782516 0.145290 2.327513
v 0.080399 0.145290 2.402851
v 0.503999 0.145290 2.377989
v 0.279368 0.145290 2.256512
v 0.734697 0.532271 2.404782
v 0.790124 0.488994 2.328123
v 0.894470 0.503623 2.189281
v 0.801755 0.561838 2.340264
v 0.729375 0.500418 2.402790
v 0.907697 0.593515 2.202312
v 0.947157 0.537143 2.114090
v 0.815034 0.537981 2.262327
v 0.698242 0.660874 2.006529
v 0.685837 0.600934 2.290439
v 0.732196 0.573736 2.394224
v 0.850681 0.679078 1.857259
v 1.014643 0.652634 2.010560
v 0.939673 0.625772 2.172565
v 1.020162 0.669128 1.880796
v 0.838882 0.600617 2.304936
v 0.848724 0.589214 2.097944
v 1.111022 0.416422 0.200811
v 1.094547 0.532753 0.055900
v 1.047878 0.751400 -0.506639
v 1.035330 0.703064 -0.051250
v 1.022828 0.654247 0.416487
v 1.159848 0.463422 -0.439183
v 0.938895 0.868809 -0.007586
v 1.134381 0.583039 -0.506969
v 0.950548 0.921583 -0.464660
v 0.929963 0.814585 0.451086
v 0.745010 1.028127 0.271564
v 0.755899 1.068880 -0.077108
v 0.771194 1.104044 -0.426954
v 0.639827 1.271809 -0.398881
v 0.621865 1.256509 -0.152742
v 0.889856 0.881405 -0.001192
v 0.905588 0.932694 -0.457465
v 0.742779 1.008255 0.430817
v 0.780890 1.115860 -0.582359
v 0.611107 1.231228 0.096796
v 0.878868 0.826296 0.454074
v 0.679672 0.622572 2.306670
v 0.687526 0.741465 2.018051
v 1.034531 0.763260 1.867998
v 0.216722 0.547645 2.341625
v 0.073778 0.680738 2.058778
v 0.696192 0.494120 2.459128
v 0.838003 0.816541 1.776085
v 0.074608 0.757378 1.902462
v 0.467806 0.552901 2.339020
v 0.468077 0.682702 2.046857
v 0.846518 0.213232 2.280250
v 0.738132 0.213232 2.359585
v 0.656484 0.700384 2.028798
v 0.473376 0.757456 1.890811
v 0.216452 0.461476 2.484312
v 0.634663 0.384299 2.427428
v 0.457631 0.465425 2.484629
v 0.073913 0.300256 2.360362
v 0.462655 0.299806 2.365338
v 0.615949 0.384034 2.354253
v 0.452884 0.318438 2.299598
v 0.447878 0.450466 2.402555
v 0.073768 0.450476 2.401469
v 0.225251 0.886952 1.224169
v 0.651065 0.873768 1.266052
v 0.076823 0.832770 1.526397
v 0.851496 0.862750 1.535914
v 0.483344 0.829506 1.717969
v 0.076823 0.829577 1.718039
v 0.651998 0.828944 1.524747
v 0.660502 0.811537 1.707936
v 0.474818 0.809017 1.768173
v 0.076823 0.782684 1.754986
v 0.225345 0.809017 1.768173
v 0.649433 0.795851 1.761580
v 0.471527 0.782684 1.754986
v 0.842927 0.897740 1.230086
v 0.668009 0.846659 1.531609
v 1.104742 0.836935 1.542950
v 0.664172 0.889324 1.227047
v 0.488092 0.820192 1.783360
v 0.076792 0.820254 1.783218
v 0.701743 0.828379 1.155624
v 0.471795 0.830876 1.524958
v 1.200401 0.404802 0.935082
v 1.064831 0.407642 1.911636
v 1.203428 0.219192 0.901141
v 1.137813 0.581872 1.804138
v 1.197869 0.776865 1.260189
v 1.005328 0.399625 2.024847
v 1.053646 0.555382 1.974472
v 1.074786 0.794896 1.770756
v 1.097054 0.856934 1.240326
v 0.949839 0.795094 0.772082
v 0.829561 0.830439 1.147513
v 0.905438 0.797381 1.083838
v 0.217423 0.213232 2.414348
v 0.481623 0.213232 2.400932
v 1.012014 0.213232 2.080691
v 1.082052 0.213232 1.960911
v 1.151422 0.321024 1.840607
v 1.196278 0.497824 1.750188
v 0.836898 0.593361 2.330472
v 1.152384 0.184448 0.784133
v 1.170297 0.376343 0.865664
v 1.115110 0.219979 0.758596
v 1.106073 0.401913 0.769371
v 1.083638 0.351949 0.751833
v 1.088696 0.260524 0.746772
v 1.194543 0.636910 1.046553
v 1.174315 0.241790 0.851132
v 0.950248 0.829452 0.960176
v 1.100207 0.242755 0.641214
v 1.086487 0.372142 0.639858
v 0.838447 0.790903 1.861175
v 1.044508 0.700751 1.988356
v 0.777620 0.795322 1.091949
v 1.106560 0.718977 0.970975
v 1.118895 0.182356 0.684766
v 1.198814 0.761473 1.535728
v 0.655437 0.572935 2.333410
v 0.472466 0.882883 1.222746
v 0.216853 0.300242 2.360555
v 0.451300 0.384452 2.277114
v 0.216197 0.384889 2.272803
v 0.471287 0.782479 1.816420
v 0.076823 0.782479 1.816420
v 0.817830 0.747054 1.187170
v 0.225204 0.782479 1.816420
v 0.225791 0.820251 1.783159
v 0.076823 0.809017 1.768173
v 0.225214 0.782684 1.754986
v 0.225686 0.829574 1.718036
v 0.225224 0.832694 1.526340
v 0.076823 0.887122 1.224228
v 0.216062 0.450467 2.401524
v 0.073768 0.461316 2.484293
v 0.219338 0.757404 1.898565
v 0.216894 0.681343 2.054709
v 0.073718 0.546901 2.343124
v 0.216360 0.319311 2.294000
v 0.073840 0.319338 2.293779
v 1.053939 0.654481 0.739361
v 1.100727 0.259821 0.915884
v 1.134083 0.349119 0.873293
v 1.100057 0.400126 0.874709
v 1.097260 0.350326 0.915884
v 1.136832 0.261778 0.868352
v 1.106713 0.221636 0.864974
v 1.074535 0.350632 0.871568
v 1.078382 0.259483 0.866507
v 1.144121 0.466953 0.817550
v 1.101686 0.457149 0.701540
v 0.679896 0.896308 1.093462
v 0.821519 0.899871 1.086699
v 0.903978 0.860383 1.019013
v 0.762310 0.857552 1.027503
v 0.938259 0.213232 2.177052
v 0.920672 0.384434 2.155346
v 1.155596 0.703713 1.769744
v 1.071737 0.648098 1.954756
v 0.952638 0.634883 2.176656
v 0.223580 0.790545 1.862296
v 0.706402 0.537259 2.454510
v 0.666704 0.605455 2.321811
v 0.483009 0.790555 1.859907
v 0.670014 0.731111 2.012624
v 0.076045 0.790545 1.863685
v 0.724787 0.568983 2.424124
v 0.815542 0.374498 2.293935
v 0.707496 0.377097 2.395211
v 0.833421 0.571602 2.342085
v 0.952240 0.609457 2.184696
v 1.005749 0.599881 2.085479
v 0.994867 0.539422 2.084222
v 0.931457 0.495225 2.172061
v 0.815044 0.477646 2.329430
v 0.746816 0.494352 2.418316
v 0.755362 0.533991 2.419663
v 0.954075 0.586045 2.116972
v -0.976237 1.016699 -2.163558
v -0.385327 0.952474 -2.437044
v -0.069042 0.364068 -2.305187
v -0.651770 0.359167 -2.278289
v -0.390527 0.485128 -2.512112
v -0.736340 1.023769 0.500989
v -1.168440 0.219744 -0.556069
v -1.051946 0.776387 -0.751023
v -1.082767 0.868476 -0.929816
v -1.130835 0.306752 0.059234
v -1.152300 0.609807 -0.796841
v -1.163742 0.325584 -0.480363
v -1.186439 0.477578 -0.783180
v -0.956742 0.951517 -0.724204
v -1.217039 0.479925 -1.064116
v -1.201093 0.229477 -1.022370
v -1.130134 0.720399 -2.449353
v -1.217975 0.242458 -1.232263
v -1.232420 0.763212 -1.907968
v -1.136712 0.980533 -1.852481
v -1.103595 0.258908 -2.365827
v -1.238311 0.498183 -1.295982
v -1.042797 0.904452 -0.807109
v -0.740389 1.026173 -2.129109
v -0.374773 0.881610 -2.462883
v -1.209530 0.750816 -1.067755
v -1.200696 0.878341 -1.916289
v -1.073603 0.981279 -2.187057
v -1.147382 0.878298 -2.241111
v -1.142489 0.270542 -2.210569
v -0.454839 0.680116 -2.418697
v -1.018581 0.966317 -2.397013
v -0.537129 0.926765 -2.465500
v -0.522327 0.803666 -2.498295
v -0.546586 1.010233 -2.186069
v -0.904840 1.001211 -2.384271
v -0.845335 1.025822 -1.748463
v -0.970218 0.979194 -1.000159
v -1.051452 1.015727 -1.812865
v -0.894894 0.979341 -1.025988
v -0.697483 1.017432 -1.638219
v -0.694426 1.007447 -2.389709
v -1.096997 0.880975 -2.422758
v -0.422403 0.263785 -2.214099
v -0.067293 0.486013 -2.513945
v -0.956979 0.485444 -2.503842
v -0.939375 0.253993 -2.427022
v -0.645405 0.254457 -2.188446
v -0.992328 0.931804 -2.468740
v -1.082001 0.734318 -2.498767
v -0.650496 0.485976 -2.510453
v -1.056903 0.779300 -0.813414
v -1.153205 0.630347 -0.859031
v -1.122060 0.850472 -0.845292
v -1.179615 0.725050 -0.870553
v -1.088754 0.777213 -1.043749
v -1.143007 0.750254 -1.064553
v -1.149280 0.650828 -1.001925
v -0.358310 0.631869 -2.421890
v -0.370707 0.623812 -2.496789
v -0.491642 0.785298 -2.488648
v -0.074247 1.008599 -2.101556
v -0.501833 0.897431 -2.461668
v -0.204004 0.485616 -2.513206
v -0.393898 0.364224 -2.432522
v -1.208186 0.557715 -2.151335
v -0.773437 0.249688 -2.243406
v -0.772207 0.248948 -2.373595
v -0.366861 0.825439 -2.407561
v -0.650509 0.358427 -2.429622
v -0.913697 0.149764 -2.321826
v -0.923785 0.150191 -2.216460
v -0.383978 0.610741 -2.512794
v -0.193566 0.824772 -2.405575
v -0.407689 1.008237 -2.098522
v -0.198953 0.877946 -2.461405
v -0.201913 0.951218 -2.435949
v -0.200281 0.611047 -2.514024
v -0.207983 0.364155 -2.432244
v -1.158983 0.655445 -2.326669
v -0.203756 0.623443 -2.496664
v -0.206089 0.631869 -2.421764
v -0.743836 0.864066 1.003819
v -0.394620 0.364224 -2.304597
v -1.241419 0.729763 -1.544347
v -1.223467 0.833826 -1.496311
v -0.067481 1.350179 0.110604
v -0.699787 1.122183 -1.201768
v -1.167657 0.950590 -1.440169
v -0.946604 1.010574 -1.394702
v -1.085128 0.999472 -1.428530
v -0.713777 1.037819 0.591104
v -0.412179 1.294416 0.262015
v -0.205311 1.322283 0.256588
v -0.414477 1.314676 0.114858
v -0.609523 1.129516 -1.459996
v -0.555476 1.283089 -1.117845
v -0.417159 1.352221 -0.996403
v -0.224705 1.382280 -0.996139
v -0.223803 1.392343 -0.879137
v -0.424203 1.362301 -0.874306
v -0.597940 1.310230 -0.646313
v -0.586564 1.286264 -0.147073
v -0.584388 1.310361 -0.872404
v -0.588726 1.283576 -1.048615
v -0.776407 1.122314 -0.683529
v -0.752251 1.126535 -0.915706
v -1.125725 0.221884 0.195812
v -0.580427 1.263438 0.110364
v -0.417599 1.350821 -0.405634
v -0.414397 1.334983 -0.144580
v -0.067294 1.386454 -0.408394
v -0.066905 1.371085 -0.147595
v -0.448440 1.099661 0.663615
v -0.223948 1.321268 -1.146023
v -0.229319 1.154078 -1.560062
v -0.413322 1.298568 -1.155150
v -0.424580 1.147478 -1.564250
v -0.821571 0.996122 -1.337741
v -1.037639 0.553006 -2.077686
v -0.994950 0.709561 1.527659
v -1.040661 0.242581 -1.321046
v -0.994953 0.732420 1.264037
v -1.053294 0.498474 -1.332470
v -1.038654 0.225460 0.918810
v -1.038654 0.404620 0.961073
v -1.036754 0.598056 1.067921
v -0.864015 0.233857 1.596230
v -0.864015 0.409782 1.590883
v -0.861964 0.576465 1.566062
v -0.815497 0.694797 1.406656
v -0.979382 0.266211 -2.142078
v -0.862258 0.239421 -1.523282
v -0.848891 0.554674 -1.898585
v -0.122155 0.145290 0.650101
v -0.126823 0.145290 0.183372
v -0.147133 0.145290 -1.008409
v -0.125114 0.145290 0.781123
v -0.138541 0.145290 -0.559499
v -0.970655 0.145290 -0.559499
v -0.962153 0.145290 0.789020
v -0.998894 0.145290 -1.010791
v -0.939910 0.145290 0.185889
v -0.930066 0.145290 0.652961
v -1.022343 0.145290 -1.216579
v -0.688364 0.145290 -1.193053
v -1.010899 0.145290 0.883024
v -0.651330 0.145290 0.882651
v -0.113969 0.145290 1.144649
v -0.662662 0.145290 1.143273
v -0.345313 0.145290 1.144649
v -0.120594 0.145290 0.883724
v -0.363358 0.145290 0.883724
v -0.145069 0.145290 -1.165403
v -0.413234 0.145290 -1.166569
v -0.650790 0.145290 -0.559499
v -0.400592 0.145290 -0.559499
v -0.629830 0.145290 0.781439
v -0.375085 0.145290 0.781123
v -0.675264 0.145290 -1.009625
v -0.420517 0.145290 -1.008459
v -0.622265 0.145290 0.183372
v -0.375138 0.145290 0.183372
v -0.612321 0.145290 0.650114
v -0.365932 0.145290 0.650101
v -0.688671 0.145306 -1.491147
v -0.411345 0.145666 -1.463173
v -0.153159 0.146027 -1.461981
v -0.073920 0.213232 2.413987
v -0.110069 0.145290 1.907181
v -0.238307 0.145290 2.403430
v -0.608257 0.145290 1.907026
v -0.525281 0.145290 2.242583
v -0.310234 0.145290 2.093090
v -0.093221 0.145290 2.255788
v -0.825409 0.145290 2.213804
v -0.332156 0.145290 1.907393
v -0.546874 0.145290 2.087697
v -0.103159 0.145290 2.092491
v -0.866719 0.145290 2.091429
v -0.962248 0.145290 1.924488
v -0.361147 0.776525 -2.334704
v -0.069376 0.680088 -2.342275
v -0.826807 0.735686 1.817593
v -0.846509 0.685023 1.817593
v -0.824616 0.635267 1.817593
v -0.773953 0.615565 1.817593
v -0.724198 0.637458 1.817593
v -0.704496 0.688121 1.817593
v -0.726389 0.737877 1.817593
v -0.777001 0.755239 1.901726
v -0.825117 0.734067 1.901726
v -0.776950 0.752899 1.899139
v -0.844170 0.685073 1.901726
v -0.822998 0.636957 1.901726
v -0.774004 0.617905 1.901726
v -0.725888 0.639076 1.901726
v -0.706835 0.688070 1.901726
v -0.728007 0.736186 1.901726
v -0.777052 0.757578 1.817593
v -0.926191 0.718125 1.920634
v -0.709175 0.688019 1.899139
v -0.774055 0.620244 1.899139
v -0.841830 0.685125 1.899139
v -0.729625 0.734496 1.899139
v -0.727578 0.640695 1.899139
v -0.821380 0.638648 1.899139
v -0.823427 0.732449 1.899139
v -0.816012 0.725351 1.905373
v -0.831568 0.685348 1.905373
v -0.814282 0.646063 1.905373
v -0.774279 0.630507 1.905373
v -0.734993 0.647793 1.905373
v -0.719437 0.687795 1.905373
v -0.736723 0.727081 1.905373
v -0.776726 0.742637 1.905373
v -0.976807 0.735686 1.817593
v -0.996509 0.685023 1.817593
v -0.974616 0.635267 1.817593
v -0.923953 0.615565 1.817593
v -0.874198 0.637458 1.817593
v -0.854496 0.688121 1.817593
v -0.876389 0.737877 1.817593
v -0.927001 0.755239 1.901726
v -0.975117 0.734067 1.901726
v -0.926950 0.752899 1.899139
v -0.994170 0.685073 1.901726
v -0.972998 0.636957 1.901726
v -0.923988 0.617898 1.901726
v -0.875516 0.638931 1.901726
v -0.856463 0.687925 1.901726
v -0.877991 0.736180 1.901726
v -0.927052 0.757578 1.817593
v -0.858803 0.687874 1.899139
v -0.924039 0.620238 1.899139
v -0.991830 0.685125 1.899139
v -0.879609 0.734490 1.899139
v -0.877206 0.640550 1.899139
v -0.971380 0.638648 1.899139
v -0.973427 0.732449 1.899139
v -0.966012 0.725351 1.905373
v -0.981568 0.685348 1.905373
v -0.964282 0.646063 1.905373
v -0.924279 0.630507 1.905373
v -0.884993 0.647793 1.905373
v -0.869437 0.687795 1.905373
v -0.886724 0.727081 1.905373
v -0.926726 0.742637 1.905373
v -0.776191 0.718125 1.920634
v -0.753678 0.709370 1.920634
v -0.743950 0.687260 1.920634
v -0.752704 0.664747 1.920634
v -0.774814 0.655019 1.920634
v -0.797327 0.663774 1.920634
v -0.807056 0.685883 1.920634
v -0.798301 0.708396 1.920634
v -0.903678 0.709370 1.920634
v -0.893950 0.687260 1.920634
v -0.902704 0.664747 1.920634
v -0.924814 0.655019 1.920634
v -0.947327 0.663774 1.920634
v -0.957056 0.685883 1.920634
v -0.948301 0.708396 1.920634
v -0.906026 0.521277 2.157902
v -0.952293 0.584729 2.158614
v -0.954664 0.571114 2.165789
v -0.924082 0.528785 2.118808
v -0.966404 0.574113 2.133037
v -0.962333 0.565345 2.151889
v -0.935698 0.552518 2.095797
v -0.968258 0.552668 2.127594
v -0.968904 0.552247 2.115266
v -0.963341 0.553690 2.148930
v -0.934070 0.578573 2.102350
v -0.956769 0.532956 2.145472
v -0.957097 0.542978 2.158647
v -0.890480 0.560448 2.196731
v -0.938667 0.526524 2.176200
v -0.912422 0.559583 2.213993
v -0.947259 0.539482 2.175346
v -0.939590 0.545251 2.189246
v -0.902096 0.584181 2.173720
v -0.924557 0.537140 2.201777
v -0.954660 0.527807 2.137433
v -0.938583 0.556906 2.192205
v -0.920152 0.591689 2.134626
v -0.922703 0.558585 2.207220
v -0.926667 0.584023 2.191826
v -0.944827 0.567619 2.182488
v -0.892108 0.534392 2.190178
v -0.934192 0.578297 2.189342
v -0.914721 0.532994 2.207244
v -0.966606 0.578836 2.122016
v -0.949110 0.591998 2.153728
v -0.932216 0.519832 2.175531
v -0.783513 0.494294 2.313827
v -0.851151 0.556951 2.301086
v -0.846533 0.542714 2.312483
v -0.842778 0.506692 2.248317
v -0.886907 0.550323 2.255696
v -0.865966 0.539111 2.287814
v -0.881962 0.532363 2.209646
v -0.889911 0.530616 2.246694
v -0.900015 0.532140 2.226330
v -0.867598 0.528401 2.282922
v -0.878111 0.556270 2.220468
v -0.858402 0.509375 2.279352
v -0.850474 0.516857 2.300671
v -0.735032 0.526339 2.378625
v -0.810839 0.499042 2.334541
v -0.753918 0.525644 2.402690
v -0.824625 0.511242 2.330665
v -0.805192 0.514844 2.355333
v -0.774216 0.552010 2.339954
v -0.775083 0.505670 2.379931
v -0.860949 0.505803 2.266822
v -0.803560 0.525554 2.360225
v -0.833481 0.564408 2.274443
v -0.772079 0.525377 2.388934
v -0.792985 0.551980 2.362197
v -0.820684 0.537098 2.342477
v -0.738883 0.502432 2.367803
v -0.803588 0.546618 2.356275
v -0.757643 0.501210 2.391527
v -0.896290 0.556573 2.237492
v -0.851957 0.564792 2.293770
v -0.801976 0.492992 2.335249
v -0.457640 0.428668 2.347343
v -0.072785 0.428676 2.346255
v -0.457640 0.439897 2.347343
v -0.213688 0.439898 2.346311
v -0.457872 0.394954 2.320219
v -0.073435 0.394962 2.319131
v -0.457872 0.406183 2.320220
v -0.214570 0.406184 2.319187
v -0.457872 0.361241 2.293096
v -0.073435 0.361249 2.292008
v -0.457872 0.372470 2.293096
v -0.214570 0.372471 2.292064
v -0.457872 0.327527 2.265973
v -0.073435 0.327535 2.264884
v -0.457872 0.338756 2.265973
v -0.214570 0.338757 2.264941
v -0.083284 0.916270 1.071921
v -0.666280 1.001545 0.758881
v -0.237061 1.118003 0.663073
v -0.418799 1.038722 -1.842895
v -0.221157 1.035343 -1.845569
v -0.530318 1.279645 -1.160758
v -0.203765 1.312276 0.275842
v -0.691778 1.042384 0.618236
v -0.403750 1.283818 0.281218
v -0.546772 1.141170 -1.570103
v -0.404777 1.344176 -1.015396
v -0.071260 1.378836 -1.007986
v -0.247974 0.914092 1.069688
v -0.201666 0.798030 -2.390552
v -0.067686 0.798044 -2.390118
v -0.366133 0.809061 -2.391405
v -0.067686 0.809066 -2.390119
v -0.201666 0.759821 -2.390552
v -0.067686 0.759835 -2.390118
v -0.366133 0.770853 -2.391405
v -0.067686 0.770857 -2.390119
v -0.201666 0.721412 -2.390552
v -0.067686 0.721417 -2.390118
v -0.366133 0.732644 -2.391405
v -0.067686 0.732648 -2.390119
v -0.201666 0.683204 -2.390552
v -0.067686 0.683208 -2.390118
v -0.366133 0.694435 -2.391405
v -0.067686 0.694440 -2.390119
v -0.201666 0.644995 -2.390611
v -0.067686 0.645000 -2.390126
v -0.366133 0.656226 -2.391456
v -0.067686 0.656231 -2.390126
v -0.698008 0.862906 -2.493817
v -0.961454 0.739975 -2.497322
v -0.793124 0.805417 -2.495555
v -0.693786 0.862384 -2.465624
v -0.963358 0.735514 -2.472803
v -1.001855 0.830904 -2.472178
v -0.892001 0.925865 -2.468231
v -0.789109 0.800877 -2.469471
v -0.756368 0.923750 -2.465236
v -0.893964 0.768266 -2.472678
v -0.695523 0.863014 -2.497322
v -0.895360 0.770737 -2.504224
v -0.962033 0.738113 -2.504417
v -0.756932 0.922175 -2.497063
v -0.790743 0.803516 -2.500984
v -0.891108 0.924167 -2.500015
v -0.999042 0.831451 -2.503870
v -0.792635 0.862958 -2.511814
v -0.938462 0.811151 -2.516641
v -0.882267 0.872060 -2.514235
v -0.890604 0.922179 -2.495206
v -0.757900 0.920291 -2.493752
v -0.897502 0.772470 -2.497191
v -0.996961 0.831280 -2.497088
v -0.710697 0.862975 -2.500274
v -0.909708 0.783964 -2.503415
v -0.958146 0.751543 -2.503634
v -0.763432 0.908676 -2.500417
v -0.806353 0.816803 -2.501709
v -0.879092 0.908230 -2.501770
v -0.976201 0.829181 -2.503491
v -0.685742 0.862384 -2.465624
v -0.628854 0.862384 -2.465624
v -0.665017 0.923049 -2.465211
v -0.631166 0.863067 -2.493900
v -0.649579 0.801720 -2.466036
v -0.656551 0.863085 -2.510483
v -0.683381 0.863121 -2.497263
v -0.629636 0.863103 -2.497263
v -0.664021 0.922210 -2.496888
v -0.648996 0.804014 -2.497638
v -0.663772 0.920617 -2.493731
v -0.681766 0.863102 -2.493900
v -0.649160 0.805552 -2.494069
v -0.676924 0.863084 -2.500510
v -0.636093 0.863067 -2.500510
v -0.662754 0.914172 -2.500358
v -0.650263 0.811979 -2.500662
v -1.036751 0.569473 1.718903
v -1.038654 0.407422 1.793443
v -1.038654 0.233987 1.821451
v -0.677462 0.180947 -2.127076
v -0.718961 0.216046 -2.127076
v -0.723487 0.270209 -2.127077
v -0.688388 0.311708 -2.127077
v -0.634225 0.316234 -2.127077
v -0.591768 0.281215 -2.127077
v -0.604569 0.232203 -2.313428
v -0.587242 0.227052 -2.127076
v -0.623299 0.185473 -2.127076
v -0.674846 0.189131 -2.375706
v -0.711324 0.219983 -2.375707
v -0.715302 0.267592 -2.375707
v -0.684450 0.304070 -2.375707
v -0.636841 0.308049 -2.375707
v -0.600203 0.277210 -2.375707
v -0.596225 0.229601 -2.375706
v -0.627237 0.193109 -2.375706
v -0.655844 0.248591 -2.251150
v -0.639457 0.299865 -2.313429
v -0.707118 0.264977 -2.313429
v -0.672230 0.197316 -2.313428
v -0.631175 0.200747 -2.313428
v -0.608000 0.273259 -2.313428
v -0.680513 0.296434 -2.313429
v -0.703687 0.223921 -2.313428
v -0.179660 0.163707 -1.946802
v -0.436979 0.154694 -1.946879
v -0.660305 0.145682 -1.948723
v -0.863419 0.521168 -1.502104
v -0.820068 0.250412 -1.944529
v -1.053223 0.738404 -1.856303
v -1.053820 0.706609 -1.514758
v -0.219166 1.373024 -1.008306
v -0.067052 1.322072 0.276776
v -0.075682 1.035152 -1.846816
v -0.078355 1.124951 0.665772
v -0.200862 0.680088 -2.342696
v -0.073768 0.384907 2.272624
v -0.075830 1.155768 -1.560723
v -0.073421 1.325926 -1.145866
v -0.204111 1.362703 -0.147337
v -0.205327 1.378970 -0.408112
v -0.073787 1.397968 -0.879482
v -0.073647 1.387866 -0.996166
v -0.067463 1.331011 0.256965
v -0.205688 1.342058 0.110816
v -0.072201 0.631869 -2.421663
v -0.069357 0.623202 -2.496572
v -0.068673 0.364068 -2.432033
v -0.066044 0.611246 -2.514826
v -0.069560 0.950304 -2.435662
v -0.064964 0.877004 -2.460551
v -0.063118 0.824744 -2.404312
v -0.209467 1.007988 -2.100522
v -0.209043 0.364155 -2.305397
v -0.204472 0.273248 -2.215264
v -0.050755 0.306985 -2.224981
v -0.073435 0.338764 2.264884
v -0.214570 0.327528 2.264941
v -0.073435 0.372478 2.292008
v -0.214570 0.361242 2.292064
v -0.073435 0.406191 2.319131
v -0.214570 0.394955 2.319187
v -0.072785 0.439905 2.346254
v -0.213687 0.428669 2.346311
v -0.201666 0.809062 -2.390559
v -0.366133 0.797840 -2.391398
v -0.201666 0.770854 -2.390559
v -0.366133 0.759631 -2.391398
v -0.201666 0.732645 -2.390559
v -0.366133 0.721413 -2.391398
v -0.201666 0.694436 -2.390559
v -0.366133 0.683205 -2.391398
v -0.201666 0.656227 -2.390617
v -0.366133 0.644996 -2.391450
v -0.861810 0.889626 0.715404
v -1.058380 0.900216 0.625313
v -1.170189 0.898744 0.684957
v -1.058663 0.897089 0.743052
v -1.058948 0.830599 0.685365
v -1.058408 0.966522 0.685433
v -0.952273 0.841479 0.693129
v -0.946076 0.890951 0.734957
v -0.937962 0.943314 0.694942
v -0.940347 0.893983 0.652430
v -0.875580 0.824657 0.713660
v -0.868019 0.858071 0.692546
v -0.869370 0.856212 0.736518
v -0.947833 0.900216 0.625314
v -1.058380 0.836747 0.625314
v -1.058380 0.963685 0.625314
v -1.168926 0.900216 0.625314
v -0.691211 0.752541 -2.506437
v -0.702266 0.967838 -2.453269
v -0.572885 0.912993 -2.476759
v -0.822271 0.711321 -2.512286
v -0.957072 0.663951 -2.512732
v -0.544237 0.989541 -2.397933
v -0.204791 0.976903 -2.391365
v -0.072998 0.977662 -2.391799
v -0.401098 0.975453 -2.390502
v -0.193491 0.776525 -2.333085
v -0.064861 0.776525 -2.332024
v -0.357739 0.680088 -2.343320
v -0.478907 0.677173 -2.494128
v -0.507001 0.674114 -2.507706
v -0.466830 0.777220 -2.412158
v -0.563125 0.808229 -2.500651
v -0.893228 0.964949 -2.455315
v -0.645534 0.672797 -2.518883
v -1.051503 0.854898 -2.482247
v -1.132323 0.496909 -2.433609
v -0.520490 0.194064 -2.127076
v -0.562919 0.229085 -2.127076
v -0.567445 0.283248 -2.127077
v -0.531417 0.324824 -2.127077
v -0.477255 0.329350 -2.127077
v -0.435756 0.294252 -2.127077
v -0.447599 0.245320 -2.313428
v -0.431230 0.240089 -2.127076
v -0.466329 0.198590 -2.127076
v -0.517875 0.202248 -2.375706
v -0.554499 0.233087 -2.375707
v -0.558477 0.280697 -2.375707
v -0.527479 0.317187 -2.375707
v -0.479871 0.321165 -2.375707
v -0.443393 0.290313 -2.375707
v -0.439414 0.242704 -2.375707
v -0.470266 0.206226 -2.375706
v -0.498873 0.261707 -2.251150
v -0.482486 0.312981 -2.313429
v -0.550148 0.278094 -2.313429
v -0.515260 0.210433 -2.313428
v -0.474204 0.213863 -2.313428
v -0.451030 0.286376 -2.313428
v -0.523542 0.309550 -2.313429
v -0.546717 0.237038 -2.313428
v -0.888403 0.923613 -2.466090
v -0.745029 0.776923 -2.480300
v -0.730004 0.919303 -2.464419
v -0.614266 0.807756 -2.474828
v -0.880910 0.750114 -2.484720
v -1.023953 0.760486 -2.483514
v -0.959241 0.721715 -2.486104
v -0.619526 0.878143 -2.468524
v -0.962028 0.897581 -2.470073
v -0.998963 0.834846 -2.476535
v -0.946378 0.759828 -2.462972
v -0.739360 0.870343 -2.457308
v -0.751380 0.812121 -2.459085
v -0.893956 0.878906 -2.457254
v -0.924241 0.822615 -2.460482
v -0.344018 0.145290 1.588256
v -0.661172 0.145290 1.589163
v -0.113533 0.145290 1.588247
v -0.861964 0.586690 1.233653
v -0.864015 0.408170 1.169469
v -0.864015 0.232915 1.145368
v -0.212409 1.390645 -0.655813
v -0.069764 1.396997 -0.656125
v -0.421919 1.361883 -0.652842
v -0.595967 1.303810 -0.402384
v -1.066394 0.952706 -1.013483
v -1.151607 0.893870 -1.027825
v -0.483785 0.908566 1.063295
v -0.782516 0.145290 2.327514
v -0.080399 0.145290 2.402851
v -0.503999 0.145290 2.377989
v -0.279368 0.145290 2.256512
v -0.734697 0.532271 2.404782
v -0.790124 0.488994 2.328123
v -0.894470 0.503623 2.189281
v -0.801755 0.561838 2.340264
v -0.729375 0.500418 2.402790
v -0.907697 0.593515 2.202312
v -0.947157 0.537143 2.114090
v -0.815034 0.537981 2.262327
v -0.698242 0.660874 2.006529
v -0.685837 0.600934 2.290439
v -0.732196 0.573736 2.394225
v -0.850681 0.679078 1.857259
v -1.014643 0.652634 2.010560
v -0.939673 0.625772 2.172564
v -1.020162 0.669127 1.880797
v -0.838882 0.600617 2.304936
v -0.848724 0.589214 2.097944
v -1.111022 0.416422 0.200811
v -1.094547 0.532753 0.055900
v -1.047878 0.751399 -0.506639
v -1.035330 0.703064 -0.051250
v -1.022828 0.654247 0.416487
v -1.159848 0.463422 -0.439183
v -0.938895 0.868809 -0.007586
v -1.134381 0.583039 -0.506969
v -0.950548 0.921582 -0.464660
v -0.929963 0.814585 0.451086
v -0.745010 1.028127 0.271564
v -0.755899 1.068880 -0.077108
v -0.771194 1.104044 -0.426954
v -0.639827 1.271809 -0.398881
v -0.621865 1.256509 -0.152742
v -0.889856 0.881405 -0.001192
v -0.905588 0.932694 -0.457465
v -0.742779 1.008255 0.430817
v -0.780890 1.115860 -0.582359
v -0.611107 1.231228 0.096796
v -0.878868 0.826297 0.454074
v -0.679672 0.622572 2.306670
v -0.687527 0.741465 2.018051
v -1.034531 0.763260 1.867998
v -0.216722 0.547645 2.341625
v -0.073778 0.680738 2.058778
v -0.696192 0.494120 2.459128
v -0.838003 0.816541 1.776085
v -0.074608 0.757378 1.902462
v -0.467806 0.552901 2.339020
v -0.468077 0.682702 2.046857
v -0.846518 0.213232 2.280251
v -0.738132 0.213232 2.359586
v -0.656484 0.700384 2.028799
v -0.473376 0.757456 1.890811
v -0.216452 0.461476 2.484312
v -0.634663 0.384299 2.427428
v -0.457631 0.465425 2.484629
v -0.073913 0.300256 2.360362
v -0.462655 0.299806 2.365339
v -0.615949 0.384034 2.354253
v -0.452884 0.318438 2.299598
v -0.447878 0.450466 2.402555
v -0.073768 0.450476 2.401469
v -0.225251 0.886952 1.224169
v -0.651065 0.873768 1.266052
v -0.076823 0.832770 1.526397
v -0.851496 0.862750 1.535914
v -0.483344 0.829506 1.717969
v -0.076823 0.829577 1.718039
v -0.651998 0.828944 1.524747
v -0.660502 0.811537 1.707936
v -0.474818 0.809017 1.768173
v -0.076823 0.782684 1.754986
v -0.225345 0.809017 1.768173
v -0.649433 0.795851 1.761580
v -0.471527 0.782684 1.754986
v -0.842927 0.897740 1.230086
v -0.668009 0.846659 1.531609
v -1.104742 0.836935 1.542950
v -0.664172 0.889324 1.227047
v -0.488092 0.820192 1.783360
v -0.076792 0.820254 1.783218
v -0.701743 0.828379 1.155625
v -0.471795 0.830876 1.524958
v -1.200401 0.404802 0.935082
v -1.064831 0.407642 1.911636
v -1.203428 0.219192 0.901141
v -1.137812 0.581872 1.804137
v -1.197869 0.776865 1.260189
v -1.005328 0.399625 2.024847
v -1.053646 0.555382 1.974472
v -1.074786 0.794896 1.770756
v -1.097054 0.856934 1.240326
v -0.949839 0.795094 0.772082
v -0.829561 0.830439 1.147513
v -0.905438 0.797382 1.083838
v -0.217423 0.213232 2.414348
v -0.481623 0.213232 2.400932
v -1.012014 0.213232 2.080691
v -1.082052 0.213232 1.960911
v -1.151422 0.321024 1.840607
v -1.196278 0.497824 1.750188
v -0.836898 0.593361 2.330472
v -1.152384 0.184448 0.784133
v -1.170297 0.376343 0.865664
v -1.115110 0.219979 0.758596
v -1.106073 0.401913 0.769371
v -1.083638 0.351949 0.751832
v -1.088696 0.260524 0.746772
v -1.194543 0.636910 1.046553
v -1.174315 0.241790 0.851132
v -0.950248 0.829452 0.960176
v -1.100207 0.242755 0.641214
v -1.086487 0.372142 0.639858
v -0.838447 0.790903 1.861175
v -1.044508 0.700751 1.988356
v -0.777620 0.795322 1.091949
v -1.106560 0.718977 0.970975
v -1.118895 0.182356 0.684766
v -1.198814 0.761473 1.535728
v -0.655437 0.572935 2.333410
v -0.472466 0.882883 1.222746
v -0.216853 0.300242 2.360555
v -0.451300 0.384452 2.277114
v -0.216197 0.384889 2.272803
v -0.471287 0.782479 1.816419
v -0.076823 0.782479 1.816420
v -0.817829 0.747054 1.187170
v -0.225204 0.782479 1.816420
v -0.225791 0.820251 1.783159
v -0.076823 0.809017 1.768173
v -0.225214 0.782684 1.754986
v -0.225686 0.829574 1.718037
v -0.225224 0.832694 1.526340
v -0.076823 0.887122 1.224228
v -0.216062 0.450467 2.401524
v -0.073768 0.461316 2.484293
v -0.219338 0.757404 1.898565
v -0.216894 0.681343 2.054709
v -0.073718 0.546901 2.343124
v -0.216360 0.319311 2.294000
v -0.073840 0.319338 2.293778
v -1.053939 0.654481 0.739361
v -1.100726 0.259821 0.915884
v -1.134083 0.349119 0.873292
v -1.100057 0.400126 0.874709
v -1.097260 0.350326 0.915884
v -1.136832 0.261778 0.868352
v -1.106713 0.221636 0.864974
v -1.074535 0.350632 0.871568
v -1.078382 0.259483 0.866507
v -1.144121 0.466953 0.817550
v -1.101686 0.457149 0.701540
v -0.679896 0.896308 1.093462
v -0.821519 0.899871 1.086699
v -0.903978 0.860383 1.019013
v -0.762310 0.857552 1.027503
v -0.938259 0.213232 2.177052
v -0.920672 0.384434 2.155347
v -1.155596 0.703713 1.769744
v -1.071737 0.648098 1.954756
v -0.952638 0.634883 2.176656
v -0.223580 0.790545 1.862296
v -0.706402 0.537259 2.454511
v -0.666704 0.605455 2.321811
v -0.483009 0.790555 1.859907
v -0.670014 0.731111 2.012624
v -0.076045 0.790545 1.863685
v -0.724787 0.568983 2.424124
v -0.815542 0.374498 2.293935
v -0.707496 0.377097 2.395211
v -0.833421 0.571602 2.342085
v -0.952240 0.609457 2.184696
v -1.005749 0.599881 2.085479
v -0.994867 0.539422 2.084222
v -0.931457 0.495225 2.172061
v -0.815044 0.477646 2.329430
v -0.746816 0.494352 2.418316
v -0.755362 0.533991 2.419663
v -0.954075 0.586045 2.116972
vn 0.0540 0.9985 -0.0086
vn 0.1516 0.9863 -0.0652
vn 0.0441 0.9983 -0.0372
vn 0.3360 0.9397 -0.0637
vn 0.1605 0.9866 -0.0302
vn 0.3028 0.9404 -0.1546
vn 0.1406 0.9829 -0.1193
vn 0.0371 0.9949 -0.0940
vn -0.0075 0.2583 -0.9660
vn -0.0172 0.3388 -0.9407
vn -0.0130 0.3272 -0.9449
vn -0.0038 0.2197 -0.9756
vn -0.0123 0.2995 -0.9540
vn -0.0139 0.2954 -0.9553
vn -0.0274 0.3567 -0.9338
vn -0.0229 0.3448 -0.9384
vn 0.0006 -1.0000 -0.0000
vn 0.0004 -1.0000 -0.0000
vn -0.0000 -1.0000 -0.0000
vn -0.1801 -0.9836 0.0049
vn -0.0202 -0.9998 0.0009
vn -0.0219 -0.9998 -0.0000
vn -0.7108 -0.7029 0.0250
vn -0.1669 -0.9855 0.0318
vn -0.7109 -0.6787 0.1841
vn -0.1380 -0.9817 0.1314
vn -0.0176 -0.9998 0.0083
vn 0.0312 -0.0591 -0.9978
vn 0.0054 -0.1317 -0.9913
vn 0.0113 -0.1334 -0.9910
vn 0.0101 -0.1209 -0.9926
vn -0.0001 -0.1304 -0.9915
vn -0.0000 -0.1366 -0.9906
vn 0.0056 -0.1380 -0.9904
vn 0.0113 -0.1394 -0.9902
vn 0.6285 0.7762 -0.0494
vn 0.8291 0.5590 -0.0051
vn 0.4993 0.8656 -0.0387
vn 0.8457 0.5327 -0.0316
vn 0.7410 0.6705 0.0372
vn 0.5137 0.8480 0.1303
vn 0.7492 0.6546 0.1013
vn 0.3799 0.9249 -0.0167
vn 0.9985 -0.0020 0.0548
vn 0.9975 -0.0482 0.0516
vn 0.9981 0.0030 0.0608
vn 0.9967 -0.0661 0.0461
vn 0.9950 -0.0683 0.0727
vn 0.9957 -0.0315 0.0869
vn 0.9981 0.0091 0.0607
vn 0.9977 0.0199 0.0646
vn 0.9493 0.3137 0.0215
vn 0.9493 0.3137 0.0214
vn 0.9493 0.3136 0.0215
vn -0.8777 -0.4635 0.1216
vn -0.6618 -0.7495 0.0180
vn -0.8361 -0.5437 0.0734
vn -0.5678 -0.8231 -0.0074
vn -0.7219 -0.6878 0.0760
vn 0.8113 -0.5531 0.1895
vn 0.4931 -0.8223 0.2840
vn 0.2655 -0.7129 0.6491
vn 0.9875 0.1413 0.0694
vn 0.9935 0.0850 0.0759
vn 0.9931 0.0994 0.0615
vn 0.9947 0.0683 0.0770
vn 0.9939 0.0745 0.0817
vn 0.9887 0.1187 -0.0911
vn 0.0588 0.9921 0.1110
vn 0.0725 0.9906 0.1158
vn 0.0569 0.9911 0.1200
vn 0.0577 0.9938 0.0952
vn 0.0747 0.9916 0.1056
vn 0.0788 0.9927 0.0915
vn 0.0986 0.9902 0.0993
vn 0.0971 0.9888 0.1135
vn 0.9946 0.0374 0.0970
vn 0.9896 0.1069 0.0966
vn 0.9929 0.0964 0.0691
vn 0.9833 0.1702 0.0650
vn 0.9889 -0.0560 0.1379
vn 0.9919 -0.0336 0.1229
vn 0.9892 -0.0621 0.1326
vn 0.9913 -0.0116 0.1307
vn 0.9932 -0.0473 0.1066
vn 0.9951 0.0214 0.0968
vn 0.2367 0.9696 0.0619
vn 0.2105 0.9745 0.0771
vn 0.1975 0.9790 0.0505
vn 0.3623 0.9256 0.1095
vn 0.2281 0.9710 0.0711
vn 0.0819 0.9928 0.0871
vn 0.2143 0.9750 0.0581
vn 0.2005 0.9753 0.0923
vn 0.9940 -0.0466 0.0991
vn 0.9950 -0.0519 0.0854
vn 0.9954 -0.0304 0.0908
vn 0.9963 -0.0130 0.0853
vn 0.9956 0.0421 0.0835
vn 0.9925 -0.0725 0.0982
vn 0.9934 -0.0893 0.0721
vn 0.9956 -0.0791 0.0511
vn 0.9932 -0.0623 0.0981
vn 0.9950 -0.0777 0.0628
vn 0.9476 0.2249 -0.2267
vn 0.9593 0.0784 -0.2714
vn 0.9269 0.2541 -0.2763
vn 0.9772 -0.0161 -0.2116
vn 0.9737 0.0478 -0.2228
vn 0.9731 -0.0027 -0.2303
vn 0.9533 0.0714 -0.2934
vn 0.9212 0.2333 -0.3115
vn 0.9792 -0.1909 -0.0682
vn 0.9913 -0.1314 0.0016
vn 0.9895 -0.1380 -0.0427
vn 0.9855 -0.1694 -0.0100
vn 0.9953 -0.0762 0.0592
vn 0.9720 0.2269 -0.0615
vn 0.9757 0.2189 -0.0108
vn 0.9704 0.2404 0.0236
vn 0.9688 0.1765 -0.1740
vn 0.9724 0.2124 -0.0960
vn 0.9683 0.1441 -0.2042
vn 0.9643 0.2423 -0.1066
vn 0.9702 0.2414 -0.0207
vn 0.8553 0.5180 -0.0083
vn 0.6025 0.7970 -0.0426
vn 0.6653 0.7465 0.0061
vn 0.8166 0.5733 -0.0676
vn 0.5560 0.8250 -0.1010
vn 0.3753 0.9267 -0.0212
vn 0.4388 0.8984 0.0154
vn 0.8680 -0.4663 -0.1707
vn 0.9790 -0.1602 -0.1258
vn 0.9627 -0.1394 -0.2321
vn 0.5161 -0.8554 -0.0445
vn 0.8813 -0.4626 -0.0962
vn 0.5654 -0.8240 -0.0367
vn 0.9170 -0.3927 -0.0701
vn 0.9858 -0.1318 -0.1040
vn 0.9948 -0.0854 0.0558
vn 0.9971 -0.0108 0.0752
vn 0.9977 -0.0065 0.0673
vn 0.9980 0.0456 0.0441
vn 0.9962 0.0579 0.0643
vn 0.7445 -0.0856 0.6621
vn 0.2900 -0.2775 0.9159
vn 0.7366 -0.0997 0.6690
vn 0.2799 -0.2652 0.9227
vn 0.3696 -0.0947 0.9243
vn 0.3940 -0.0982 0.9139
vn 0.3196 -0.2765 0.9063
vn 0.6494 -0.1919 0.7358
vn 0.0059 0.9990 -0.0434
vn -0.0011 0.9965 -0.0840
vn -0.0104 0.9966 -0.0816
vn 0.0273 0.9996 -0.0045
vn 0.0068 0.9994 -0.0334
vn -0.0180 0.3616 -0.9322
vn -0.0145 0.3633 -0.9316
vn -0.0602 0.2266 -0.9721
vn -0.0163 0.3682 -0.9296
vn -0.0132 0.3728 -0.9278
vn 0.9729 0.1962 0.1227
vn 0.9218 0.3584 0.1476
vn 0.8949 0.4031 0.1916
vn 0.9824 0.1506 0.1107
vn 0.9836 0.1683 0.0653
vn 0.9274 0.3640 0.0856
vn 0.9468 0.3213 -0.0187
vn 0.9284 0.3617 -0.0855
vn 0.9211 0.3522 -0.1659
vn 0.7829 0.6065 -0.1385
vn 0.5185 0.8415 -0.1516
vn 0.7388 0.6467 -0.1895
vn 0.4915 0.8498 -0.1905
vn 0.3180 0.9419 -0.1082
vn 0.6956 0.6837 -0.2206
vn 0.8973 0.3877 -0.2110
vn 0.8632 0.4482 -0.2322
vn 0.9676 0.1496 -0.2032
vn 0.9649 0.1541 -0.2126
vn 0.8458 -0.4507 -0.2854
vn 0.9256 -0.1608 -0.3427
vn 0.9171 -0.1264 -0.3781
vn 0.5502 -0.8274 -0.1128
vn 0.8389 -0.4866 -0.2438
vn 0.5033 -0.8596 -0.0878
vn -0.9925 0.1190 -0.0280
vn -0.9917 0.1251 -0.0307
vn -0.9919 0.1242 -0.0266
vn -0.9922 0.1202 -0.0321
vn -0.6613 0.7498 -0.0223
vn -0.6678 0.7440 -0.0217
vn -0.9911 0.1299 -0.0294
vn -0.9913 0.1295 -0.0251
vn 0.4640 0.8544 -0.2340
vn 0.2700 0.9369 -0.2219
vn 0.6696 0.6982 -0.2531
vn 0.4539 0.8556 -0.2489
vn 0.2412 0.9359 -0.2569
vn -0.8866 0.2649 -0.3792
vn -0.8092 0.2677 -0.5229
vn -0.5956 0.2321 -0.7690
vn -0.9137 0.2629 -0.3099
vn -0.8998 0.2588 -0.3511
vn -0.9140 0.2598 -0.3115
vn -0.9055 0.2589 -0.3363
vn -0.8823 0.2343 -0.4083
vn -0.8459 0.1354 -0.5158
vn -0.8763 0.1354 -0.4623
vn -0.8783 0.1309 -0.4598
vn -0.8486 0.1453 -0.5087
vn -0.8682 0.1720 -0.4655
vn -0.8757 0.1409 -0.4619
vn -0.9575 0.2879 -0.0143
vn -0.9588 0.2838 -0.0135
vn -0.9545 0.2976 -0.0198
vn -0.9611 0.2758 -0.0118
vn -0.9614 0.2750 -0.0116
vn -0.9552 0.2955 -0.0187
vn 0.1100 0.9712 -0.2112
vn 0.0319 0.9782 -0.2052
vn 0.0777 0.9573 -0.2784
vn 0.0273 0.9589 -0.2823
vn -0.0540 0.9956 0.0764
vn 0.0180 0.9995 0.0261
vn -0.0162 0.9971 0.0740
vn 0.0741 0.9967 0.0316
vn 0.0101 0.9991 0.0411
vn 0.0272 0.9995 0.0136
vn 0.1828 0.9769 0.1110
vn -0.0709 0.9924 0.1001
vn 0.2866 0.9489 0.1318
vn 0.1340 0.9861 0.0985
vn 0.0584 0.9950 0.0810
vn -0.0893 0.9921 0.0876
vn 0.2202 0.9752 0.0242
vn 0.0613 0.9980 0.0120
vn 0.1820 0.9833 -0.0016
vn -0.3846 0.9136 0.1317
vn -0.2668 0.9580 0.1057
vn -0.2845 0.9511 0.1198
vn -0.2779 0.9571 0.0825
vn -0.0758 0.9853 0.1529
vn -0.2398 0.9532 0.1843
vn -0.1074 0.9849 0.1354
vn -0.1808 0.9728 0.1448
vn 0.0091 0.9821 -0.1883
vn 0.0080 0.9867 -0.1623
vn 0.0170 0.9665 -0.2560
vn 0.0224 0.9779 -0.2078
vn 0.8345 0.4814 -0.2681
vn 0.8301 0.4711 -0.2984
vn 0.6688 0.6904 -0.2757
vn 0.0518 -0.2444 -0.9683
vn -0.0034 -0.2728 -0.9621
vn 0.0049 -0.2754 -0.9613
vn 0.1646 -0.1756 -0.9706
vn 0.0320 -0.2372 -0.9709
vn 0.1092 -0.1606 -0.9810
vn -0.0041 -0.2242 -0.9745
vn -0.0156 -0.2717 -0.9623
vn -0.0000 -0.1504 -0.9886
vn 0.0037 -0.1495 -0.9887
vn -0.0000 -0.1488 -0.9889
vn -0.0000 -0.1509 -0.9886
vn 0.0074 -0.1503 -0.9886
vn 0.0104 -0.1476 -0.9890
vn 0.0050 -0.1465 -0.9892
vn -0.0003 -0.1454 -0.9894
vn 0.0161 -0.2961 -0.9550
vn 0.0220 -0.1467 -0.9889
vn 0.0304 -0.1338 -0.9905
vn 0.0236 -0.3103 -0.9503
vn 0.0309 -0.1429 -0.9892
vn 0.0318 -0.0427 -0.9986
vn 0.0740 -0.0118 -0.9972
vn 0.0053 -0.4409 -0.8975
vn -0.0009 -0.5103 -0.8600
vn 0.0154 -0.4741 -0.8803
vn 0.0025 -0.5198 -0.8543
vn 0.0084 -0.5249 -0.8512
vn 0.0618 -0.3220 -0.9447
vn 0.1027 0.0973 -0.9899
vn 0.1217 -0.0099 -0.9925
vn 0.2292 0.1143 -0.9666
vn 0.0308 -0.1277 -0.9913
vn -0.0001 -0.0036 -1.0000
vn 0.2188 -0.0153 -0.9757
vn 0.3134 0.1329 -0.9403
vn 0.2221 0.3768 -0.8993
vn 0.1944 0.3075 -0.9315
vn 0.2112 0.2647 -0.9409
vn 0.1421 0.5567 -0.8185
vn 0.1761 0.4380 -0.8815
vn 0.0862 0.5920 -0.8013
vn 0.1367 0.4777 -0.8678
vn 0.1739 0.3411 -0.9238
vn 0.1840 0.1059 -0.9772
vn 0.2561 0.1608 -0.9532
vn 0.1525 0.0647 -0.9862
vn 0.2447 0.1823 -0.9523
vn 0.2102 0.1912 -0.9588
vn 0.2115 0.1834 -0.9600
vn 0.2432 0.1411 -0.9597
vn 0.0202 -0.0368 -0.9991
vn 0.0179 -0.0308 -0.9994
vn 0.0471 -0.1640 -0.9853
vn 0.0151 -0.1082 -0.9940
vn 0.0047 -0.1265 -0.9919
vn 0.4228 -0.0027 0.9062
vn 0.7609 0.1716 0.6257
vn 0.4294 -0.0058 0.9031
vn 0.7599 0.1859 0.6229
vn 0.7618 0.1575 0.6284
vn 0.4182 -0.0046 0.9083
vn 0.3999 -0.0000 0.9166
vn 0.3604 -0.0858 0.9288
vn 0.3956 -0.0140 0.9183
vn 0.3924 -0.0098 0.9198
vn 0.4000 -0.0006 0.9165
vn 0.4003 -0.0015 0.9164
vn 0.4031 -0.0190 0.9150
vn 0.9363 0.3312 0.1172
vn 0.7036 0.7040 0.0969
vn 0.9447 0.3090 0.1099
vn 0.5972 0.7973 0.0873
vn 0.0921 -0.3610 0.9280
vn -0.6845 0.7204 0.1116
vn -0.9404 -0.3271 0.0932
vn -0.7833 0.6128 0.1044
vn -0.9600 -0.2534 0.1194
vn -0.1368 0.4047 0.9042
vn 0.0277 0.9986 0.0440
vn -0.0000 1.0000 -0.0000
vn -0.6604 0.7506 -0.0231
vn -0.0009 0.0776 -0.9970
vn -0.0009 0.0765 -0.9971
vn -0.0008 0.0766 -0.9971
vn -0.0050 0.0688 -0.9976
vn -0.0061 0.0655 -0.9978
vn -0.0010 0.0775 -0.9970
vn -0.0204 0.0533 -0.9984
vn -0.0171 0.0527 -0.9985
vn -0.0166 0.0536 -0.9984
vn -0.0208 0.0525 -0.9984
vn -0.1071 0.2179 -0.9701
vn -0.0210 0.0516 -0.9984
vn -0.0174 0.0519 -0.9985
vn 0.0049 0.9949 -0.1012
vn 0.0008 0.9951 -0.0989
vn -0.0009 0.9949 -0.1008
vn 0.0081 0.9942 -0.1073
vn 0.0066 0.9950 -0.0996
vn 0.0093 0.9941 -0.1078
vn -0.0000 0.9951 -0.0988
vn -0.0000 0.9952 -0.0977
vn -0.0723 0.3650 -0.9282
vn -0.0786 0.4033 -0.9117
vn -0.1107 0.3804 -0.9182
vn -0.1417 0.2994 -0.9435
vn 0.0054 -0.1427 -0.9898
vn 0.0111 -0.1439 -0.9895
vn -0.0002 -0.1415 -0.9899
vn -0.0014 -1.0000 -0.0000
vn -0.0218 -0.9998 0.0001
vn 0.9440 0.0747 -0.3212
vn 0.9459 0.0291 -0.3232
vn 0.9651 -0.0012 -0.2618
vn -0.9987 -0.0478 0.0161
vn -0.9816 0.1911 0.0031
vn -0.9989 -0.0186 0.0434
vn -0.9777 0.2087 0.0251
vn -0.9769 0.0914 0.1929
vn -0.7438 -0.4693 0.4760
vn -0.9889 -0.1487 -0.0000
vn -0.7117 -0.7024 -0.0000
vn -0.6145 -0.7889 -0.0000
vn -0.9825 0.1861 -0.0000
vn -0.9981 -0.0613 -0.0000
vn 0.0060 -1.0000 -0.0039
vn 0.0052 -0.9999 -0.0089
vn 0.0033 -1.0000 -0.0030
vn 0.0091 -0.9999 -0.0103
vn -0.7469 -0.6644 -0.0261
vn -0.7270 -0.6862 -0.0237
vn 0.0014 -1.0000 -0.0076
vn 0.0006 -1.0000 -0.0022
vn -0.1711 -0.9852 0.0001
vn -0.1810 -0.9835 -0.0000
vn 0.1333 -0.9910 -0.0088
vn 0.5096 -0.8578 -0.0669
vn 0.0278 -0.9996 -0.0000
vn 0.1340 -0.9910 -0.0059
vn 0.0279 -0.9996 -0.0001
vn 0.1396 -0.9902 -0.0058
vn 0.1590 -0.9872 -0.0135
vn 0.0287 -0.9996 0.0006
vn 0.1353 -0.9908 -0.0106
vn 0.0283 -0.9996 0.0002
vn -0.0002 0.9515 -0.3077
vn 0.0032 0.9645 -0.2639
vn -0.0008 0.9651 -0.2619
vn 0.0035 0.9328 -0.3604
vn 0.0036 0.9509 -0.3095
vn 0.0086 0.9328 -0.3604
vn 0.0075 0.9504 -0.3111
vn 0.0072 0.9640 -0.2658
vn 0.0003 -1.0000 -0.0001
vn 0.0012 -1.0000 -0.0006
vn 0.0002 -1.0000 -0.0000
vn 0.0023 -1.0000 -0.0009
vn 0.0001 -1.0000 -0.0003
vn -0.0023 0.9928 -0.1195
vn -0.0160 0.9930 -0.1174
vn -0.0206 0.9919 -0.1250
vn 0.0116 0.9937 -0.1115
vn 0.0008 0.9936 -0.1130
vn 0.0116 0.9939 -0.1098
vn 0.0002 0.9944 -0.1059
vn -0.0123 0.9941 -0.1079
vn -0.0067 0.3175 -0.9482
vn -0.0105 0.3641 -0.9313
vn -0.0082 0.3640 -0.9313
vn -0.0092 0.3212 -0.9470
vn -0.0098 0.3749 -0.9270
vn -0.0081 0.3755 -0.9268
vn -0.0035 0.2334 -0.9724
vn -0.0017 0.1852 -0.9827
vn -0.0051 0.2419 -0.9703
vn -0.0024 0.1963 -0.9805
vn -0.0010 0.9734 -0.2289
vn 0.0025 0.9787 -0.2054
vn -0.0011 0.9791 -0.2035
vn 0.0029 0.9730 -0.2310
vn 0.0068 0.9725 -0.2329
vn 0.0062 0.9783 -0.2073
vn 0.0007 -1.0000 -0.0000
vn 0.9785 -0.0474 -0.2005
vn 0.9778 0.0102 -0.2093
vn -0.0008 0.0753 -0.9972
vn -0.0009 0.0759 -0.9971
vn -0.0008 0.0754 -0.9972
vn -0.0009 0.0758 -0.9971
vn 0.6460 0.7066 0.2887
vn 0.4323 0.8528 0.2930
vn 0.6978 0.6624 0.2725
vn 0.4010 0.8416 0.3619
vn 0.1793 0.9679 0.1761
vn 0.1613 0.9868 -0.0115
vn 0.4729 0.8447 0.2507
vn 0.6702 0.6587 0.3421
vn -0.0015 -1.0000 -0.0000
vn 0.9881 0.1520 0.0256
vn 0.9990 0.0335 0.0296
vn 0.9927 0.1140 0.0383
vn 0.9019 0.4307 0.0332
vn 0.9696 0.2439 0.0193
vn 0.0603 0.9950 0.0801
vn 0.0376 0.9945 0.0982
vn 0.0582 0.9935 0.0974
vn 0.0391 0.9960 0.0807
vn -0.0000 0.9951 0.0987
vn -0.0000 0.9902 0.1396
vn 0.0374 0.9893 0.1408
vn 0.0582 0.9879 0.1439
vn 0.6976 0.6800 -0.2258
vn 0.7374 0.6464 -0.1961
vn 0.6991 0.6752 -0.2352
vn 0.6449 0.7301 -0.2261
vn 0.7350 0.6518 -0.1869
vn 0.7006 0.6895 -0.1836
vn 0.7476 0.6474 -0.1480
vn 0.7489 0.6417 -0.1654
vn 0.7382 0.6728 0.0494
vn 0.7762 0.6197 0.1157
vn 0.5120 0.8571 0.0569
vn 0.5541 0.8223 0.1295
vn -0.0880 0.9927 0.0827
vn 0.1677 0.9814 0.0940
vn 0.0177 0.9982 0.0571
vn 0.1043 0.9930 0.0554
vn 0.3238 0.9389 0.1168
vn 0.2708 0.9610 0.0565
vn 0.2411 0.9028 0.3562
vn 0.0704 0.7980 0.5986
vn 0.5973 0.7638 0.2448
vn 0.5154 0.8004 0.3063
vn 0.2814 0.9588 -0.0399
vn 0.1151 0.9278 0.3548
vn 0.1678 0.9748 0.1471
vn 0.1234 0.9806 0.1521
vn 0.1148 0.8331 0.5411
vn 0.1348 0.9153 0.3795
vn 0.0620 0.9486 0.3103
vn 0.0835 0.9855 0.1477
vn 0.0808 0.8815 0.4652
vn 0.0836 0.9393 0.3327
vn 0.1036 0.8595 0.5004
vn 0.3106 0.9471 0.0804
vn 0.1812 0.9789 0.0949
vn 0.3254 0.9420 0.0824
vn 0.1799 0.9806 0.0773
vn 0.1246 0.9876 0.0955
vn 0.6529 0.7145 -0.2516
vn 0.6579 0.7072 -0.2589
vn 0.6414 0.7210 -0.2624
vn 0.5893 0.7656 -0.2580
vn 0.5868 0.7716 -0.2456
vn 0.5072 0.8291 -0.2353
vn 0.4059 0.9025 -0.1436
vn 0.3637 0.9271 -0.0907
vn 0.4227 0.8702 -0.2531
vn 0.4253 0.8660 -0.2631
vn 0.1555 0.9255 -0.3454
vn 0.1524 0.9822 -0.1097
vn 0.1947 0.9229 -0.3321
vn 0.1304 0.8978 -0.4207
vn 0.2220 0.9684 -0.1138
vn 0.1615 0.8478 -0.5051
vn 0.0939 0.7549 -0.6491
vn 0.0322 0.8782 -0.4772
vn 0.0409 0.6872 -0.7253
vn 0.0235 0.6843 -0.7289
vn 0.0364 0.9930 -0.1120
vn 0.0655 0.8791 -0.4721
vn 0.0778 0.9907 -0.1118
vn 0.0763 0.9970 0.0107
vn 0.0375 0.9990 -0.0254
vn 0.0403 0.9992 0.0073
vn 0.1361 0.9906 0.0118
vn 0.0765 0.9968 -0.0228
vn 0.1455 0.9891 -0.0243
vn 0.2006 0.9797 0.0029
vn 0.3240 0.9448 -0.0491
vn 0.2123 0.9766 -0.0337
vn 0.2987 0.9542 0.0173
vn 0.5466 0.8368 -0.0312
vn 0.3116 0.9501 -0.0123
vn 0.2864 0.9573 0.0400
vn 0.5396 0.8419 -0.0004
vn 0.5214 0.8532 0.0168
vn 0.7142 0.6997 -0.0202
vn 0.7136 0.6988 -0.0496
vn 0.2806 0.9574 0.0677
vn 0.5099 0.8559 0.0864
vn 0.4694 0.8793 0.0808
vn 0.2960 0.9524 0.0736
vn 0.5482 0.8315 0.0894
vn 0.6741 0.7326 0.0942
vn 0.6257 0.7744 0.0937
vn 0.5753 0.8132 0.0878
vn 0.5536 0.8305 -0.0617
vn 0.5668 0.8155 -0.1166
vn 0.7179 0.6914 -0.0816
vn 0.7270 0.6761 -0.1200
vn 0.5885 0.7886 -0.1785
vn 0.7620 0.6475 -0.0033
vn 0.6992 0.7148 -0.0128
vn 0.7694 0.6355 0.0637
vn 0.7556 0.6549 -0.0126
vn 0.7597 0.6498 0.0247
vn 0.7448 0.6646 -0.0597
vn 0.7474 0.6511 -0.1320
vn 0.7449 0.6581 -0.1092
vn 0.7487 0.6597 -0.0653
vn 0.9956 0.0736 0.0576
vn 0.9911 0.1275 -0.0371
vn 0.9839 0.1641 -0.0706
vn 0.9954 0.0707 0.0649
vn 0.8085 0.5864 0.0503
vn 0.5950 0.7991 0.0861
vn 0.7275 0.6803 0.0896
vn 0.1755 0.9829 0.0563
vn 0.2736 0.9603 0.0554
vn 0.1794 0.9827 0.0469
vn 0.1277 0.9901 0.0576
vn 0.1270 0.9899 0.0625
vn 0.1758 0.9825 0.0623
vn 0.1776 0.9817 0.0681
vn 0.1265 0.9896 0.0682
vn 0.1257 0.9890 0.0777
vn 0.0305 0.9986 0.0428
vn 0.0537 0.9971 0.0544
vn 0.0488 0.9978 0.0455
vn -0.0000 0.9991 0.0417
vn 0.0342 0.9981 0.0519
vn -0.0000 0.9983 0.0584
vn 0.0372 0.9976 0.0588
vn 0.0579 0.9965 0.0600
vn 0.0389 0.9969 0.0679
vn 0.0603 0.9958 0.0686
vn -0.0000 0.9977 0.0677
vn -0.0000 0.9967 0.0809
vn 0.1775 0.8938 0.4118
vn 0.1212 0.8982 0.4226
vn 0.2543 0.8854 0.3891
vn 0.1291 0.8971 0.4225
vn 0.0761 0.8976 0.4342
vn 0.0426 0.8990 0.4358
vn 0.1062 0.9010 0.4207
vn 0.2454 0.8948 0.3729
vn 0.0207 0.9264 -0.3759
vn 0.0532 0.9329 -0.3563
vn 0.0350 0.9279 -0.3712
vn 0.0287 0.9314 -0.3629
vn 0.0662 0.9337 -0.3518
vn 0.1233 0.9336 -0.3365
vn 0.0975 0.9356 -0.3393
vn 0.0601 0.9311 -0.3597
vn 0.0119 0.9235 -0.3835
vn 0.0014 0.9239 -0.3827
vn 0.0034 0.9218 -0.3876
vn 0.0173 0.9247 -0.3803
vn 0.0247 0.9276 -0.3728
vn -0.0057 0.9281 -0.3724
vn 0.1807 0.9448 -0.2734
vn 0.1345 0.9417 -0.3084
vn 0.1725 0.9368 -0.3043
vn 0.1340 0.9483 -0.2878
vn 0.0807 0.9374 -0.3388
vn 0.0307 0.9333 -0.3579
vn -0.0112 0.9342 -0.3566
vn 0.0780 0.9426 -0.3246
vn 0.0253 0.9378 -0.3463
vn -0.0199 0.9386 -0.3444
vn -0.3408 0.9265 0.1594
vn -0.2530 0.9581 0.1345
vn -0.0947 -0.7653 0.6367
vn -0.0914 -0.4412 0.8927
vn -0.1251 -0.7308 0.6710
vn 0.5691 -0.6804 0.4617
vn -0.0800 -0.4090 0.9090
vn -0.0676 -0.3710 0.9262
vn -0.0641 -0.1914 0.9794
vn -0.0638 -0.2064 0.9764
vn -0.0150 -0.8068 -0.5906
vn 0.0019 -0.9381 -0.3462
vn 0.0007 -0.7642 -0.6450
vn -0.0398 -0.8273 -0.5603
vn -0.0196 -0.9314 -0.3634
vn -0.0164 -0.9428 -0.3329
vn -0.0091 -0.9971 -0.0760
vn -0.0085 -0.9969 -0.0787
vn 0.0001 -0.0349 -0.9994
vn -0.0071 -0.0225 -0.9997
vn -0.0133 -0.0484 -0.9987
vn 0.0001 -0.0352 -0.9994
vn -0.0016 0.0006 -1.0000
vn -0.0286 0.0346 -0.9990
vn -0.0448 -0.0337 -0.9984
vn -0.0652 -0.1093 -0.9919
vn -0.0060 -0.9617 0.2739
vn -0.0048 -0.9635 0.2675
vn -0.0073 -0.9714 0.2375
vn -0.0063 -0.8353 0.5498
vn -0.0042 -0.8245 0.5658
vn -0.0017 -0.8305 0.5570
vn -0.1212 -0.2246 -0.9669
vn -0.1442 -0.3184 -0.9369
vn -0.1001 -0.1376 -0.9854
vn 0.5717 -0.5156 -0.6382
vn -0.1489 -0.6553 -0.7406
vn -0.1511 -0.6817 -0.7159
vn -0.0066 -0.2348 0.9720
vn -0.0012 -0.1630 0.9866
vn -0.0006 -0.1656 0.9862
vn -0.0083 -0.2275 0.9737
vn -0.0018 -0.1601 0.9871
vn 0.0006 -0.1399 0.9902
vn 0.0003 -0.1385 0.9904
vn -0.0000 -0.1368 0.9906
vn -0.0135 -0.4807 0.8768
vn -0.0151 -0.3362 0.9417
vn -0.0128 -0.4801 0.8771
vn -0.0142 -0.4822 0.8759
vn -0.0162 -0.3330 0.9428
vn -0.0102 -0.2196 0.9755
vn -0.0054 -0.6511 0.7590
vn -0.0037 -0.6554 0.7553
vn -0.0067 -0.6537 0.7567
vn 1.0000 -0.0000 -0.0000
vn 0.9999 0.0149 0.0023
vn 0.9998 0.0180 0.0001
vn 1.0000 0.0087 -0.0000
vn 0.9883 0.1496 0.0290
vn 0.9966 0.0817 0.0027
vn 0.8787 0.4733 0.0624
vn 0.9006 0.4324 0.0446
vn 0.9913 0.1316 0.0070
vn 0.5670 0.8210 0.0671
vn 0.7081 0.7041 0.0523
vn 0.6946 0.7191 0.0217
vn 0.6665 0.7405 0.0861
vn 0.9471 0.3203 0.0210
vn 0.8933 0.4494 -0.0060
vn 0.9160 0.4011 -0.0055
vn -0.1176 -0.0010 0.9931
vn -0.1004 -0.0887 0.9910
vn -0.1341 -0.0761 0.9880
vn -0.0792 -0.0702 0.9944
vn -0.0675 -0.1962 0.9782
vn -0.1303 -0.1580 0.9788
vn -0.1803 -0.1725 0.9684
vn 0.9921 -0.0471 -0.1165
vn 0.9992 -0.0093 -0.0382
vn 0.9991 -0.0087 -0.0418
vn 0.9939 -0.0508 -0.0981
vn 0.9997 -0.0082 -0.0245
vn 1.0000 -0.0013 -0.0061
vn 1.0000 -0.0009 -0.0098
vn 0.9999 -0.0004 -0.0117
vn 0.9991 -0.0240 -0.0356
vn 0.6291 -0.7717 0.0938
vn 0.6944 -0.7130 -0.0969
vn 0.9973 -0.0327 -0.0654
vn 0.9956 -0.0632 -0.0685
vn 0.9905 -0.0803 -0.1121
vn 0.9914 -0.0912 -0.0934
vn -0.0003 -1.0000 -0.0005
vn -0.0001 -1.0000 -0.0001
vn -0.0000 -1.0000 -0.0020
vn -0.0001 -1.0000 -0.0017
vn -0.0002 -1.0000 -0.0012
vn -0.0157 -0.9998 -0.0078
vn -0.0010 -1.0000 -0.0008
vn -0.0027 -1.0000 -0.0035
vn -0.0035 -1.0000 -0.0003
vn -0.0003 -1.0000 -0.0001
vn -0.0119 -0.9994 -0.0317
vn -0.0032 -1.0000 -0.0077
vn -0.0018 -0.9999 -0.0112
vn -0.0196 -0.9996 -0.0215
vn -0.0000 -0.9993 -0.0370
vn -0.0004 -0.9999 -0.0127
vn -0.0000 -0.9999 -0.0129
vn -0.0031 -0.9993 -0.0361
vn -0.0000 -1.0000 -0.0019
vn -0.0000 0.6734 0.7393
vn -0.0005 0.6739 0.7388
vn -0.0000 0.6730 0.7396
vn -0.0000 0.6738 0.7390
vn -0.0032 0.6745 0.7382
vn -0.0060 0.6751 0.7377
vn -0.0024 0.6761 0.7368
vn -0.0021 0.6763 0.7367
vn -0.0084 0.0843 -0.9964
vn -0.0090 0.0893 -0.9960
vn -0.0111 0.0845 -0.9964
vn -0.0069 0.0945 -0.9955
vn -0.0062 0.0892 -0.9960
vn -0.0096 0.0944 -0.9955
vn -0.0107 0.0893 -0.9959
vn -0.0127 0.0839 -0.9964
vn -0.0057 0.1022 -0.9947
vn -0.0023 0.1054 -0.9944
vn -0.0040 0.1053 -0.9944
vn -0.0032 0.1024 -0.9947
vn -0.0012 0.1050 -0.9945
vn -0.0000 0.1065 -0.9943
vn -0.0000 0.1068 -0.9943
vn 0.7224 0.6915 -0.0000
vn 0.4027 0.9153 -0.0000
vn 0.9320 0.3624 -0.0000
vn 0.9998 -0.0218 -0.0000
vn 0.9153 -0.4028 -0.0000
vn 0.9153 -0.4027 -0.0000
vn 0.6915 -0.7224 -0.0000
vn 0.3624 -0.9320 -0.0000
vn -0.0218 -0.9998 -0.0000
vn -0.4027 -0.9153 -0.0000
vn -0.7224 -0.6915 -0.0000
vn -0.9320 -0.3624 -0.0000
vn -0.9998 0.0218 -0.0000
vn -0.9153 0.4028 -0.0000
vn -0.9153 0.4027 -0.0000
vn -0.6915 0.7224 -0.0000
vn -0.3624 0.9320 -0.0000
vn -0.0000 -0.0000 1.0000
vn -0.0000 0.0001 1.0000
vn -0.4028 -0.9153 -0.0000
vn 0.0001 -0.0000 1.0000
vn -0.0000 -0.0001 1.0000
vn -0.0001 -0.0000 1.0000
vn 0.0218 0.9998 -0.0000
vn 0.2201 0.5003 0.8374
vn 0.0076 0.3492 0.9370
vn 0.1191 0.2707 0.9553
vn -0.1981 0.5094 0.8374
vn 0.0120 0.5493 0.8355
vn -0.1072 0.2757 0.9553
vn 0.4028 0.9153 -0.0001
vn 0.4028 0.9153 -0.0000
vn -0.9153 0.4027 -0.0001
vn -0.9998 0.0218 0.0001
vn 0.6915 -0.7223 -0.0000
vn 0.3625 -0.9320 -0.0000
vn 0.9320 0.3625 -0.0000
vn -0.3625 0.9320 -0.0000
vn 0.4708 0.4507 0.7584
vn 0.2623 0.5962 0.7588
vn 0.5094 0.1981 0.8374
vn 0.3969 0.3799 0.8355
vn 0.6070 0.2361 0.7588
vn 0.6516 -0.0142 0.7584
vn 0.5003 -0.2201 0.8374
vn 0.5493 -0.0120 0.8355
vn 0.5962 -0.2623 0.7588
vn 0.4507 -0.4708 0.7584
vn 0.1981 -0.5094 0.8374
vn 0.3799 -0.3969 0.8355
vn 0.2361 -0.6070 0.7588
vn -0.0142 -0.6516 0.7584
vn -0.2201 -0.5003 0.8374
vn -0.0120 -0.5493 0.8355
vn -0.2623 -0.5962 0.7588
vn -0.4708 -0.4507 0.7584
vn -0.5095 -0.1981 0.8374
vn -0.3969 -0.3799 0.8355
vn -0.6070 -0.2361 0.7588
vn -0.6516 0.0142 0.7584
vn -0.5003 0.2201 0.8374
vn -0.5493 0.0120 0.8355
vn -0.5962 0.2623 0.7588
vn -0.4507 0.4708 0.7584
vn -0.1981 0.5095 0.8374
vn -0.3799 0.3969 0.8355
vn -0.2361 0.6070 0.7588
vn 0.0142 0.6516 0.7584
vn 0.9137 -0.4045 0.0405
vn 0.9896 -0.0297 0.1405
vn 0.9129 -0.4063 0.0387
vn 0.9894 -0.0256 0.1429
vn 0.9116 0.3545 0.2083
vn 0.9119 0.3546 0.2066
vn 0.9899 -0.0330 0.1381
vn 0.9122 -0.4080 0.0370
vn 0.0211 0.9998 0.0034
vn 0.3986 0.9163 0.0388
vn 0.4004 0.9155 0.0406
vn -0.3625 0.9320 0.0001
vn 0.0210 0.9998 0.0030
vn 0.0210 0.9998 0.0025
vn 0.3969 0.9171 0.0369
vn -0.9998 0.0218 -0.0001
vn 0.3623 -0.9320 -0.0000
vn 0.6909 -0.7229 0.0030
vn 0.6910 -0.7229 0.0034
vn 0.6909 -0.7229 0.0025
vn 0.7121 0.6873 0.1429
vn 0.9112 0.3543 0.2101
vn 0.7096 0.6905 0.1404
vn 0.7075 0.6931 0.1380
vn -0.9320 -0.3624 0.0001
vn -0.9320 -0.3624 -0.0001
vn 0.5095 0.1981 0.8374
vn 0.2361 -0.6071 0.7588
vn -0.2416 0.2523 0.9370
vn -0.2707 0.1191 0.9553
vn -0.3492 0.0076 0.9370
vn -0.2757 -0.1072 0.9553
vn -0.2523 -0.2416 0.9370
vn -0.1191 -0.2707 0.9553
vn -0.0076 -0.3492 0.9370
vn 0.1072 -0.2757 0.9553
vn 0.2416 -0.2523 0.9370
vn 0.2707 -0.1191 0.9553
vn 0.3492 -0.0076 0.9370
vn 0.2757 0.1072 0.9553
vn 0.2523 0.2416 0.9370
vn 0.2523 0.2415 0.9370
vn 0.0358 -0.9842 -0.1732
vn -0.1027 -0.9944 0.0268
vn 0.0440 -0.9826 -0.1807
vn 0.0369 -0.9832 -0.1789
vn -0.1126 -0.9931 0.0334
vn -0.1120 -0.9933 0.0268
vn -0.2905 -0.9197 0.2642
vn -0.2779 -0.9256 0.2569
vn 0.6483 0.5697 0.5051
vn 0.7594 0.5176 0.3942
vn 0.7398 0.5651 0.3653
vn 0.6847 0.5187 0.5119
vn 0.8200 0.3694 0.4371
vn 0.8784 0.3066 0.3665
vn 0.8511 0.4386 0.2886
vn 0.8508 0.4663 0.2423
vn 0.7670 0.3652 0.5276
vn 0.8606 0.1874 0.4736
vn 0.8652 -0.0518 0.4988
vn 0.8391 0.1431 0.5249
vn 0.8879 0.1155 0.4454
vn 0.3156 -0.7236 -0.6138
vn 0.1805 -0.9031 -0.3896
vn 0.3211 -0.7165 -0.6193
vn 0.3193 -0.7176 -0.6190
vn 0.1738 -0.9076 -0.3823
vn 0.1755 -0.9049 -0.3877
vn 0.9404 0.2815 0.1908
vn 0.9472 0.2866 0.1436
vn 0.9390 0.1938 0.2841
vn 0.9706 0.0241 0.2394
vn 0.9905 0.0536 0.1264
vn 0.9949 0.0567 0.0839
vn 0.9180 0.0892 0.3864
vn 0.9182 -0.0217 0.3955
vn 0.4637 0.2071 -0.8615
vn 0.4436 -0.3407 -0.8289
vn 0.4433 -0.3439 -0.8278
vn 0.4621 0.2363 -0.8547
vn 0.4480 -0.3252 -0.8328
vn 0.9812 -0.1833 0.0609
vn 0.9752 -0.1953 0.1045
vn 0.9625 -0.1591 0.2196
vn 0.9045 -0.4037 0.1376
vn 0.9096 -0.4065 0.0859
vn 0.9952 0.0742 0.0641
vn 0.9761 -0.2137 0.0399
vn 0.9956 0.0692 0.0633
vn 0.9720 -0.2316 0.0404
vn 0.8911 -0.4477 0.0737
vn 0.9050 -0.4204 0.0654
vn 0.9811 -0.1892 0.0393
vn 0.9961 0.0621 0.0620
vn 0.9302 -0.1156 0.3483
vn 0.9030 -0.1732 0.3933
vn 0.9148 -0.3136 0.2545
vn 0.1738 0.9193 -0.3531
vn 0.3299 0.7123 -0.6195
vn 0.3418 0.6841 -0.6444
vn 0.1596 0.9318 -0.3260
vn 0.3254 0.7242 -0.6080
vn 0.4611 0.2566 -0.8494
vn 0.8058 -0.5707 0.1583
vn 0.8165 -0.5400 0.2044
vn 0.8605 -0.4138 0.2970
vn 0.7357 -0.6038 0.3070
vn 0.7071 -0.6509 0.2763
vn 0.8819 -0.2601 0.3933
vn 0.8038 -0.4593 0.3781
vn 0.8572 -0.2447 0.4531
vn -0.6466 -0.2210 0.7302
vn -0.6116 0.3395 0.7146
vn -0.6067 0.3586 0.7095
vn -0.6480 -0.2211 0.7289
vn -0.6136 0.3312 0.7168
vn -0.4526 0.7098 0.5399
vn -0.4482 0.7152 0.5363
vn -0.4356 0.7325 0.5232
vn 0.6712 -0.6033 0.4307
vn 0.6323 -0.6472 0.4257
vn 0.7517 -0.4636 0.4691
vn 0.7254 -0.4027 0.5582
vn 0.6328 -0.5275 0.5669
vn 0.5902 -0.5526 0.5885
vn 0.5431 -0.1664 0.8230
vn 0.5387 0.1229 0.8335
vn 0.5431 -0.1614 0.8240
vn 0.5386 0.1411 0.8307
vn 0.5468 0.3615 0.7552
vn 0.5442 0.3334 0.7699
vn 0.5385 0.0982 0.8369
vn 0.5430 -0.1543 0.8254
vn 0.8197 -0.2881 0.4951
vn 0.8153 -0.2175 0.5366
vn 0.7818 -0.1910 0.5936
vn 0.6945 -0.2916 0.6577
vn 0.7997 -0.0812 0.5949
vn 0.6869 -0.1234 0.7162
vn -0.2782 0.9021 0.3298
vn -0.2651 0.9116 0.3141
vn -0.2819 0.8996 0.3336
vn -0.1340 0.9817 0.1354
vn -0.1304 0.9829 0.1300
vn -0.1175 0.9868 0.1112
vn 0.6069 -0.3742 0.7012
vn 0.5690 -0.3774 0.7306
vn 0.5966 -0.1486 0.7887
vn 0.5618 -0.1500 0.8136
vn 0.8791 -0.4697 0.0804
vn 0.7852 -0.6001 0.1528
vn 0.7757 -0.6101 0.1618
vn 0.6914 -0.6715 0.2664
vn 0.6932 -0.6708 0.2639
vn 0.7958 -0.5885 0.1426
vn 0.7733 0.0135 0.6338
vn 0.6822 0.0605 0.7287
vn 0.8037 0.0710 0.5907
vn 0.7025 0.2167 0.6779
vn 0.0090 0.9968 -0.0794
vn 0.0218 0.9946 -0.1015
vn 0.0053 0.9974 -0.0720
vn 0.1552 0.9361 -0.3157
vn 0.5566 0.0912 0.8258
vn 0.5923 0.1014 0.7993
vn 0.6045 0.3133 0.7324
vn 0.5627 0.3183 0.7629
vn 0.5485 0.3842 0.7427
vn 0.5761 0.5184 0.6319
vn 0.5800 0.5287 0.6197
vn 0.6339 0.5920 0.4977
vn 0.6325 0.5911 0.5005
vn 0.5714 0.5064 0.6457
vn 0.7212 0.3191 0.6149
vn 0.8011 0.1592 0.5770
vn -0.4865 -0.7007 0.5218
vn -0.2915 -0.9212 0.2579
vn -0.4969 -0.6903 0.5260
vn -0.4998 -0.6917 0.5214
vn 0.5882 0.4872 0.6455
vn 0.6306 0.4533 0.6299
vn 0.5548 -0.4370 0.7080
vn 0.5773 -0.5884 0.5662
vn 0.5808 -0.6024 0.5475
vn 0.5536 -0.4172 0.7208
vn 0.5514 -0.3912 0.7368
vn 0.5726 -0.5713 0.5880
vn 0.9260 0.3482 0.1459
vn 0.8283 0.5043 0.2442
vn 0.8151 0.5190 0.2574
vn 0.9347 0.3280 0.1373
vn 0.9451 0.3015 0.1260
vn 0.8433 0.4865 0.2284
vn 0.7131 0.5922 0.3752
vn 0.6352 0.5927 0.4953
vn 0.7200 0.5893 0.3667
vn 0.7275 0.5859 0.3569
vn 0.6252 -0.6724 0.3963
vn 0.6899 -0.6722 0.2687
vn 0.6214 -0.6697 0.4067
vn 0.6170 -0.6666 0.4183
vn 0.0522 -0.9886 -0.1412
vn -0.0331 -0.9971 -0.0678
vn 0.0539 -0.9883 -0.1427
vn 0.0491 -0.9892 -0.1384
vn -0.0378 -0.9972 -0.0640
vn -0.0440 -0.9973 -0.0589
vn -0.1629 -0.9861 0.0320
vn -0.1515 -0.9882 0.0233
vn 0.6188 0.4712 0.6285
vn 0.6964 0.4070 0.5910
vn 0.6886 0.4534 0.5659
vn 0.6497 0.4146 0.6372
vn 0.7428 0.2494 0.6213
vn 0.7804 0.1881 0.5963
vn 0.7643 0.3245 0.5573
vn 0.7824 0.3321 0.5268
vn 0.7110 0.2491 0.6576
vn 0.7658 0.0614 0.6401
vn 0.7620 -0.1694 0.6250
vn 0.7539 0.0293 0.6564
vn 0.7846 -0.0047 0.6200
vn 0.2560 -0.8968 -0.3608
vn 0.1405 -0.9634 -0.2281
vn 0.1397 -0.9638 -0.2272
vn 0.2615 -0.8925 -0.3675
vn 0.1400 -0.9636 -0.2276
vn 0.8383 0.1621 0.5205
vn 0.8633 0.1227 0.4895
vn 0.8250 0.0670 0.5611
vn 0.8484 -0.1041 0.5190
vn 0.8786 -0.0801 0.4708
vn 0.8868 -0.1026 0.4507
vn 0.8073 -0.0334 0.5891
vn 0.7972 -0.1471 0.5856
vn 0.5558 0.2871 -0.7802
vn 0.4841 -0.5745 -0.6600
vn 0.4690 -0.6099 -0.6388
vn 0.5457 0.3339 -0.7686
vn 0.4958 -0.5446 -0.6765
vn 0.2647 -0.8899 -0.3715
vn 0.8648 -0.2903 0.4096
vn 0.8403 -0.3456 0.4178
vn 0.8238 -0.3011 0.4803
vn 0.7528 -0.5375 0.3800
vn 0.7800 -0.5140 0.3569
vn 0.8921 -0.0559 0.4484
vn 0.8488 -0.3652 0.3823
vn 0.8924 -0.0695 0.4459
vn 0.8336 -0.4087 0.3716
vn 0.7414 -0.5839 0.3309
vn 0.7771 -0.5287 0.3415
vn 0.8685 -0.2965 0.3971
vn 0.8925 -0.0986 0.4401
vn 0.8007 -0.2452 0.5466
vn 0.7765 -0.2951 0.5568
vn 0.7675 -0.4435 0.4629
vn 0.0438 0.9901 -0.1336
vn 0.2220 0.9078 -0.3558
vn 0.2235 0.9064 -0.3585
vn 0.0430 0.9904 -0.1315
vn 0.2171 0.9117 -0.3488
vn 0.5316 0.3900 -0.7518
vn 0.6678 -0.6679 0.3286
vn 0.6673 -0.6481 0.3669
vn 0.7185 -0.5242 0.4571
vn 0.6047 -0.6934 0.3917
vn 0.5769 -0.7369 0.3522
vn 0.7490 -0.3768 0.5449
vn 0.6768 -0.5576 0.4807
vn 0.7393 -0.3612 0.5683
vn -0.8150 -0.2843 0.5049
vn -0.6644 0.6013 0.4438
vn -0.7982 -0.3500 0.4902
vn -0.8304 -0.2015 0.5195
vn -0.6679 0.5955 0.4465
vn -0.3828 0.8855 0.2633
vn -0.3712 0.8931 0.2543
vn -0.3625 0.8986 0.2471
vn 0.5703 -0.6886 0.4479
vn 0.5331 -0.7250 0.4361
vn 0.6473 -0.5584 0.5188
vn 0.6454 -0.5050 0.5731
vn 0.5704 -0.6211 0.5375
vn 0.5423 -0.6266 0.5597
vn 0.5855 -0.2725 0.7635
vn 0.5953 0.0442 0.8023
vn 0.5866 -0.2593 0.7672
vn 0.5939 0.0913 0.7994
vn 0.5855 0.2889 0.7574
vn 0.5871 0.2256 0.7774
vn 0.5949 -0.0287 0.8033
vn 0.5886 -0.2307 0.7748
vn 0.7174 -0.3911 0.5765
vn 0.7184 -0.3293 0.6128
vn 0.7000 -0.3017 0.6472
vn 0.6503 -0.3949 0.6490
vn 0.7244 -0.1910 0.6624
vn 0.6581 -0.2307 0.7167
vn -0.2269 0.9629 0.1460
vn -0.2218 0.9649 0.1408
vn -0.2337 0.9603 0.1523
vn -0.1402 0.9876 0.0704
vn -0.1358 0.9886 0.0654
vn -0.1326 0.9893 0.0613
vn 0.5892 -0.4795 0.6503
vn 0.5739 -0.4422 0.6893
vn 0.6109 -0.2510 0.7509
vn 0.5988 -0.2276 0.7679
vn 0.7077 -0.6296 0.3205
vn 0.6337 -0.7068 0.3145
vn 0.6107 -0.7262 0.3156
vn 0.5592 -0.7561 0.3400
vn 0.5631 -0.7546 0.3368
vn 0.6577 -0.6852 0.3128
vn 0.7131 -0.0913 0.6951
vn 0.6681 -0.0304 0.7434
vn 0.7318 -0.0401 0.6803
vn 0.6792 0.1219 0.7237
vn -0.0555 0.9983 -0.0172
vn -0.0537 0.9984 -0.0202
vn -0.0585 0.9982 -0.0130
vn 0.0405 0.9910 -0.1275
vn 0.6046 -0.0363 0.7957
vn 0.6227 0.0204 0.7822
vn 0.6221 0.2319 0.7478
vn 0.5985 0.2077 0.7737
vn 0.5820 0.3428 0.7374
vn 0.5841 0.4363 0.6844
vn 0.5864 0.4605 0.6664
vn 0.6091 0.4968 0.6182
vn 0.6062 0.4951 0.6223
vn 0.5811 0.4099 0.7031
vn 0.6866 0.2119 0.6954
vn 0.7372 0.0465 0.6741
vn -0.3789 -0.9065 0.1861
vn -0.1766 -0.9834 0.0424
vn -0.4081 -0.8890 0.2076
vn -0.4415 -0.8668 0.2320
vn 0.5931 0.3876 0.7057
vn 0.6245 0.3610 0.6926
vn 0.5431 -0.5695 0.6170
vn 0.5234 -0.6793 0.5144
vn 0.5181 -0.7090 0.4784
vn 0.5527 -0.5208 0.6506
vn 0.5621 -0.4557 0.6903
vn 0.5279 -0.6447 0.5529
vn 0.8224 0.2659 0.5030
vn 0.7498 0.3962 0.5299
vn 0.7224 0.4332 0.5390
vn 0.8433 0.2104 0.4945
vn 0.8658 0.1382 0.4810
vn 0.7783 0.3543 0.5184
vn 0.6512 0.4947 0.5755
vn 0.6118 0.4983 0.6144
vn 0.6648 0.4858 0.5675
vn 0.6790 0.4763 0.5587
vn 0.5257 -0.7562 0.3897
vn 0.5554 -0.7575 0.3430
vn 0.5224 -0.7497 0.4063
vn 0.5188 -0.7425 0.4238
vn -0.0002 -0.9984 0.0562
vn -0.0002 -0.9984 0.0558
vn -0.0004 -0.9984 0.0562
vn -0.0001 -0.9984 0.0557
vn -0.0002 -0.9985 0.0555
vn -0.0003 -0.9984 0.0558
vn -0.0005 -0.9984 0.0563
vn -0.0000 -0.9985 0.0552
vn -0.0001 -0.9985 0.0552
vn -0.0003 0.9955 0.0943
vn -0.0006 0.9955 0.0949
vn -0.0006 0.9956 0.0942
vn -0.0003 0.9955 0.0948
vn -0.0004 0.9955 0.0949
vn -0.0005 0.9954 0.0955
vn -0.0007 0.9954 0.0956
vn -0.0009 0.9954 0.0957
vn -0.0000 0.9956 0.0940
vn -0.0002 0.9956 0.0940
vn -0.0001 0.9956 0.0941
vn -0.0003 0.9956 0.0940
vn -0.0002 -0.9984 0.0561
vn 0.0036 0.8397 0.5430
vn -0.0000 0.8293 0.5588
vn -0.0000 0.8280 0.5607
vn 0.0099 0.8634 0.5045
vn 0.0100 0.8411 0.5407
vn 0.0175 0.8646 0.5021
vn 0.0201 0.8682 0.4957
vn -0.0000 0.8628 0.5056
vn 0.3778 0.8576 0.3489
vn 0.3761 0.8559 0.3549
vn 0.0289 0.8796 0.4748
vn 0.0572 0.8948 0.4429
vn 0.0468 0.8930 0.4476
vn 0.0310 0.8910 0.4529
vn 0.1089 0.8942 0.4342
vn 0.0832 0.8928 0.4428
vn 0.0652 0.8918 0.4478
vn -0.0142 0.9465 -0.3224
vn -0.0163 0.9422 -0.3347
vn -0.0105 0.9439 -0.3302
vn -0.0177 0.9425 -0.3336
vn 0.0014 0.9334 -0.3588
vn -0.0006 0.9331 -0.3597
vn -0.0153 0.9419 -0.3354
vn -0.0080 0.9420 -0.3354
vn 0.0019 0.9263 -0.3768
vn -0.0029 0.9338 -0.3577
vn 0.0018 0.9263 -0.3769
vn -0.0053 0.9354 -0.3536
vn -0.0004 0.9322 -0.3620
vn 0.0019 0.9262 -0.3771
vn 0.0068 0.9563 -0.2925
vn 0.0354 0.9479 -0.3166
vn 0.0363 0.9471 -0.3190
vn 0.0715 0.9268 -0.3688
vn 0.0030 0.9577 -0.2877
vn 0.0719 0.9265 -0.3695
vn -0.0008 0.9591 -0.2830
vn 0.0346 0.9487 -0.3142
vn 0.0850 0.8866 0.4547
vn 0.0665 0.8861 0.4588
vn 0.0663 0.8860 0.4588
vn 0.1115 0.8871 0.4479
vn 0.0853 0.8866 0.4546
vn 0.1123 0.8870 0.4478
vn 0.0857 0.8866 0.4545
vn 0.0667 0.8861 0.4587
vn 0.1812 0.8754 0.4482
vn 0.6207 0.7579 0.2009
vn 0.1808 0.8753 0.4484
vn 0.6211 0.7584 0.1974
vn 0.6202 0.7574 0.2043
vn 0.1756 0.8772 0.4470
vn 0.1309 0.8886 0.4396
vn 0.1318 0.8885 0.4396
vn 0.1327 0.8883 0.4397
vn 0.1131 0.8870 0.4478
vn 0.0015 0.9333 -0.3590
vn 0.0372 0.9404 -0.3381
vn 0.0377 0.9408 -0.3368
vn 0.0368 0.9400 -0.3393
vn 0.1710 0.9051 -0.3893
vn 0.1689 0.9062 -0.3875
vn 0.1298 0.9339 -0.3332
vn 0.1311 0.9335 -0.3338
vn 0.1729 0.9040 -0.3910
vn 0.0740 0.9253 -0.3720
vn 0.0367 0.9503 -0.3090
vn 0.0221 0.9519 -0.3055
vn 0.0365 0.9503 -0.3091
vn -0.0000 0.9527 -0.3040
vn 0.0222 0.9519 -0.3055
vn -0.0000 0.9527 -0.3039
vn 0.0220 0.9519 -0.3056
vn 0.0364 0.9503 -0.3092
vn 0.0150 0.8857 0.4640
vn 0.0206 0.9025 0.4301
vn 0.0220 0.8858 0.4635
vn 0.0280 0.9022 0.4303
vn -0.0012 -0.9985 -0.0548
vn -0.0006 -0.9986 -0.0534
vn -0.0001 -0.9985 -0.0548
vn -0.0024 -0.9985 -0.0544
vn -0.0018 -0.9986 -0.0530
vn -0.0030 -0.9986 -0.0526
vn -0.0005 -0.9986 -0.0521
vn -0.0004 -0.9986 -0.0521
vn 0.0002 -0.9986 -0.0524
vn -0.0007 -0.9986 -0.0520
vn 0.0009 -0.9986 -0.0526
vn 0.0016 -0.9986 -0.0528
vn -0.0000 -0.9986 -0.0532
vn -0.0000 -0.9986 -0.0530
vn -0.0007 0.9955 -0.0952
vn -0.0004 0.9955 -0.0949
vn -0.0007 0.9955 -0.0947
vn -0.0007 0.9954 -0.0956
vn -0.0005 0.9955 -0.0953
vn -0.0004 0.9954 -0.0955
vn -0.0003 0.9955 -0.0951
vn -0.0002 0.9955 -0.0948
vn -0.0000 0.9956 -0.0941
vn -0.0002 0.9956 -0.0942
vn -0.0001 0.9956 -0.0942
vn -0.0003 0.9956 -0.0942
vn -0.0004 0.9955 -0.0943
vn -0.0003 0.9955 -0.0943
vn -0.0001 0.9955 -0.0944
vn -0.0003 -0.9984 -0.0558
vn -0.0001 -0.9985 -0.0557
vn -0.0001 -0.9984 -0.0558
vn -0.0004 -0.9984 -0.0557
vn -0.0002 -0.9985 -0.0556
vn -0.0003 -0.9985 -0.0556
vn -0.0002 -0.9985 -0.0555
vn -0.0001 -0.9985 -0.0555
vn -0.0001 -0.9985 -0.0554
vn -0.0003 -0.9985 -0.0555
vn -0.0002 -0.9985 -0.0554
vn -0.0000 -0.9985 -0.0553
vn -0.0000 -0.9985 -0.0554
vn -0.0001 -0.9984 -0.0557
vn -0.0004 -0.9984 -0.0558
vn -0.0004 -0.9985 -0.0556
vn -0.0006 0.9955 -0.0953
vn -0.0007 0.9955 -0.0948
vn -0.0006 0.9954 -0.0956
vn -0.0005 0.9954 -0.0953
vn -0.0003 0.9955 -0.0952
vn -0.0002 0.9955 -0.0949
vn -0.0005 0.9955 -0.0943
vn -0.0003 0.9955 -0.0944
vn 0.9920 -0.1262 -0.0000
vn 0.7537 0.6573 -0.0000
vn 0.7455 0.6665 -0.0000
vn 0.6680 -0.7442 -0.0000
vn 0.9920 -0.1261 -0.0000
vn 0.6675 -0.7446 -0.0000
vn 0.0092 1.0000 -0.0000
vn -0.7959 0.6054 -0.0000
vn -0.7952 0.6064 -0.0000
vn 0.6865 0.7272 -0.0000
vn 0.6871 0.7266 -0.0000
vn 0.0100 1.0000 -0.0000
vn 0.6873 0.7263 -0.0000
vn 0.6938 0.7202 -0.0000
vn -0.9917 0.1260 0.0263
vn -0.7533 -0.6577 0.0025
vn -0.7524 -0.6588 0.0024
vn -0.6646 0.7466 0.0301
vn -0.6645 0.7467 0.0316
vn -0.7542 -0.6567 0.0025
vn -0.0147 -0.9996 -0.0230
vn 0.7981 -0.6017 -0.0328
vn 0.7979 -0.6019 -0.0329
vn -0.6812 -0.7321 -0.0010
vn -0.6921 -0.7218 -0.0005
vn 0.7982 -0.6015 -0.0328
vn 0.6355 0.7721 0.0008
vn 0.9105 0.4133 -0.0116
vn 0.6350 0.7725 0.0012
vn 0.9110 0.4121 -0.0117
vn 0.9100 0.4144 -0.0116
vn 0.6346 0.7728 0.0017
vn 0.1810 0.9835 0.0060
vn -0.0158 0.9999 0.0046
vn -0.0162 0.9999 0.0047
vn 0.1816 0.9834 0.0068
vn 0.1821 0.9833 0.0076
vn -0.0154 0.9999 0.0044
vn -0.6947 -0.7193 -0.0004
vn -0.0089 -0.9997 -0.0231
vn -0.6900 -0.7238 -0.0006
vn -0.6851 -0.7284 -0.0008
vn -0.0251 0.9996 0.0108
vn -0.0288 0.9995 0.0101
vn -0.0214 0.9997 0.0114
vn -0.6645 0.7465 0.0331
vn -0.9981 -0.0568 0.0222
vn -0.7027 -0.7114 -0.0000
vn -0.0397 0.0559 -0.9976
vn -0.0234 0.0061 -0.9997
vn -0.0401 0.0558 -0.9976
vn -0.0005 0.0479 -0.9989
vn -0.0235 0.0048 -0.9997
vn -0.0000 0.0473 -0.9989
vn -0.0234 0.0074 -0.9997
vn -0.0430 0.0534 -0.9976
vn 0.0459 -0.0016 -0.9989
vn 0.0226 0.0614 -0.9979
vn 0.0277 0.0563 -0.9980
vn 0.0051 0.0118 -0.9999
vn 0.0458 -0.0023 -0.9989
vn 0.0066 0.0098 -0.9999
vn 0.0457 -0.0030 -0.9989
vn 0.0213 0.0625 -0.9978
vn -0.0055 0.0121 -0.9999
vn -0.0030 0.0052 -1.0000
vn -0.0057 0.0121 -0.9999
vn -0.0026 0.0057 -1.0000
vn -0.0054 0.0122 -0.9999
vn 0.0090 0.0061 -0.9999
vn -0.0110 0.0941 -0.9955
vn -0.0227 0.0916 -0.9955
vn -0.0226 0.0916 -0.9955
vn -0.0088 0.0951 -0.9954
vn -0.0065 0.0962 -0.9953
vn -0.0228 0.0916 -0.9955
vn -0.0320 0.1062 -0.9938
vn -0.0319 0.1062 -0.9938
vn -0.0320 0.1061 -0.9938
vn 0.0042 0.0420 -0.9991
vn 0.0148 0.0566 -0.9983
vn -0.0185 0.0774 -0.9968
vn 0.0131 0.0577 -0.9982
vn -0.0188 0.0775 -0.9968
vn -0.0181 0.0772 -0.9969
vn 0.0107 0.0592 -0.9982
vn 0.0228 0.0261 -0.9994
vn 0.0230 0.0279 -0.9993
vn 0.0228 0.0239 -0.9995
vn -0.0022 0.0064 -1.0000
vn -0.0296 0.0190 -0.9994
vn -0.0325 0.0227 -0.9992
vn 0.0001 0.0256 -0.9997
vn -0.0252 -0.0026 -0.9997
vn -0.0250 0.0190 -0.9995
vn -0.0155 -0.0042 -0.9999
vn -0.0147 0.0154 -0.9998
vn -0.0251 0.0277 -0.9993
vn -0.0084 0.0041 -1.0000
vn -0.0098 0.0043 -0.9999
vn -0.0101 0.0032 -0.9999
vn -0.0088 0.0075 -0.9999
vn -0.0235 0.0184 -0.9996
vn -0.0136 0.0091 -0.9999
vn -0.0101 0.0046 -0.9999
vn -0.0362 0.0196 -0.9992
vn -0.0305 0.0154 -0.9994
vn -0.0357 0.0190 -0.9992
vn 0.0155 -0.9999 -0.0000
vn -0.1800 -0.9837 -0.0000
vn 0.0158 -0.9999 -0.0000
vn -0.1835 -0.9830 -0.0000
vn -0.6340 -0.7733 -0.0000
vn 0.0258 -0.9997 -0.0000
vn 0.9979 0.0650 -0.0000
vn -0.6384 -0.7697 -0.0000
vn -0.9139 -0.4059 -0.0000
vn -0.9144 -0.4048 -0.0000
vn -0.6263 0.0748 -0.7760
vn -0.6183 0.0727 -0.7825
vn -0.6260 0.0780 -0.7759
vn -0.6102 0.0726 -0.7889
vn -0.6186 0.0688 -0.7827
vn -0.6104 0.0762 -0.7884
vn -0.6182 0.0757 -0.7824
vn -0.6261 0.0796 -0.7757
vn -0.7138 -0.0399 -0.6992
vn -0.7108 -0.0402 -0.7022
vn -0.7107 -0.0379 -0.7024
vn -0.7179 -0.0411 -0.6949
vn -0.7139 -0.0423 -0.6990
vn -0.7170 -0.0444 -0.6957
vn -0.7139 -0.0447 -0.6988
vn -0.7098 -0.0435 -0.7030
vn -0.0120 -0.7515 -0.6597
vn -0.0129 -0.7581 -0.6520
vn -0.0084 -0.7513 -0.6599
vn -0.0123 -0.7641 -0.6450
vn -0.0177 -0.7586 -0.6514
vn -0.0083 -0.7633 -0.6460
vn -0.0097 -0.7578 -0.6525
vn -0.0069 -0.7511 -0.6601
vn -0.0092 0.6544 -0.7561
vn -0.0060 0.6401 -0.7683
vn -0.0040 0.6395 -0.7688
vn -0.0040 0.6705 -0.7419
vn -0.0108 0.6560 -0.7547
vn -0.0091 0.6692 -0.7431
vn -0.0128 0.6566 -0.7541
vn -0.0070 0.6404 -0.7680
vn -0.0192 -0.6465 -0.7626
vn -0.0182 -0.6986 -0.7153
vn -0.0102 -0.6518 -0.7583
vn -0.0218 -0.6994 -0.7144
vn -0.0244 -0.7379 -0.6744
vn -0.0168 -0.7407 -0.6717
vn -0.0143 -0.6981 -0.7159
vn -0.0065 -0.6512 -0.7589
vn 0.2717 0.4635 -0.8435
vn 0.0931 0.5895 -0.8024
vn 0.3045 0.4339 -0.8480
vn 0.0705 0.6002 -0.7967
vn 0.1248 0.5723 -0.8105
vn 0.3407 0.3960 -0.8527
vn 0.6417 0.2452 -0.7267
vn 0.5007 0.2700 -0.8224
vn 0.6418 0.2026 -0.7397
vn 0.4773 0.3037 -0.8246
vn 0.5173 0.2374 -0.8223
vn 0.6498 0.1865 -0.7369
vn 0.6606 -0.7500 -0.0331
vn 0.9917 -0.1260 -0.0263
vn 0.6628 -0.7480 -0.0331
vn 0.5278 -0.5987 -0.6024
vn 0.7503 0.6611 -0.0023
vn 0.7591 0.6510 -0.0027
vn -0.7503 -0.6611 0.0023
vn -0.7414 -0.6710 0.0019
vn -0.6585 0.7518 0.0331
vn -0.6606 0.7500 0.0331
vn -0.6231 -0.5302 -0.5751
vn 0.6091 0.5549 -0.5666
vn -0.0000 0.9997 0.0233
vn -0.0000 0.7235 -0.6903
vn 0.6619 -0.7496 -0.0043
vn 0.9918 -0.1274 -0.0007
vn 0.2973 -0.3315 -0.8954
vn 0.6631 -0.7485 -0.0043
vn 0.7516 0.6596 0.0034
vn 0.3035 0.2717 -0.9133
vn -0.0000 -0.9997 -0.0233
vn -0.0000 -0.6904 -0.7235
vn -0.0000 0.0068 -1.0000
vn -0.2887 -0.2488 -0.9245
vn -0.0000 0.0061 -1.0000
vn 0.0001 0.0059 -1.0000
vn 0.0080 0.0145 -0.9999
vn -0.0001 0.0064 -1.0000
vn -0.0086 0.0167 -0.9998
vn -0.3073 0.3552 -0.8828
vn 0.0001 0.0061 -1.0000
vn -0.0001 0.0059 -1.0000
vn 0.0089 0.0141 -0.9999
vn 0.0002 0.0063 -1.0000
vn -0.0084 0.0159 -0.9998
vn -0.0001 0.0236 -0.9997
vn 0.0026 -0.6966 -0.7175
vn -0.0000 0.0238 -0.9997
vn 0.0016 0.7174 -0.6967
vn 0.0037 -1.0000 -0.0057
vn -0.7500 -0.6614 -0.0038
vn -0.7486 -0.6630 -0.0038
vn -0.9922 0.1245 0.0007
vn -0.6608 0.7506 0.0039
vn 0.0023 1.0000 0.0052
vn 0.8843 -0.1053 -0.4549
vn 0.8946 -0.1046 -0.4344
vn 0.8950 -0.1009 -0.4345
vn 0.8842 -0.1091 -0.4542
vn 0.8943 -0.1080 -0.4342
vn 0.9035 -0.1114 -0.4139
vn 0.9040 -0.1078 -0.4136
vn -0.8842 0.1096 -0.4541
vn -0.8913 0.1091 -0.4401
vn -0.8915 0.1065 -0.4402
vn -0.8841 0.1122 -0.4537
vn -0.8910 0.1114 -0.4400
vn -0.8978 0.1139 -0.4253
vn -0.8983 0.1113 -0.4252
vn -0.0013 0.8378 -0.5460
vn -0.0014 0.8368 -0.5475
vn -0.0000 0.8368 -0.5476
vn -0.0024 0.8379 -0.5458
vn -0.0023 0.8369 -0.5474
vn -0.0025 0.8359 -0.5489
vn -0.0013 0.8359 -0.5489
vn -0.0008 -0.8430 -0.5379
vn -0.0008 -0.8435 -0.5371
vn -0.0000 -0.8436 -0.5370
vn -0.0015 -0.8429 -0.5381
vn -0.0014 -0.8435 -0.5371
vn -0.0015 -0.8441 -0.5362
vn -0.0008 -0.8441 -0.5362
vn -0.0823 -0.4451 -0.8917
vn -0.0574 -0.5779 -0.8141
vn -0.0788 -0.4872 -0.8697
vn -0.0756 -0.3891 -0.9181
vn -0.0780 -0.4214 -0.9035
vn -0.0775 -0.6076 -0.7904
vn -0.0191 -0.1623 -0.9866
vn -0.0502 -0.3344 -0.9411
vn -0.0109 -0.2017 -0.9794
vn -0.0272 -0.1231 -0.9920
vn -0.0500 -0.2796 -0.9588
vn -0.0004 -0.0160 -0.9999
vn -0.0009 -0.0683 -0.9977
vn -0.0000 -0.0181 -0.9998
vn -0.0009 -0.0140 -0.9999
vn -0.0035 -0.0555 -0.9985
vn -0.0061 -0.0430 -0.9991
vn -0.0833 -0.9965 -0.0000
vn 0.3044 -0.9525 -0.0000
vn 0.6458 -0.7635 -0.0000
vn 0.8888 -0.4583 -0.0000
vn 0.9965 -0.0833 -0.0000
vn 0.9525 0.3044 -0.0000
vn 0.7635 0.6458 -0.0000
vn 0.4583 0.8888 -0.0000
vn 0.0833 0.9965 -0.0000
vn -0.3044 0.9525 -0.0000
vn -0.6349 0.7726 -0.0000
vn -0.8243 0.5662 -0.0000
vn -0.8747 0.4846 -0.0000
vn 0.7103 0.2270 -0.6663
vn 0.5701 0.4822 -0.6652
vn -0.9430 -0.3327 -0.0000
vn -0.9068 -0.4215 -0.0000
vn -0.7543 -0.6565 -0.0000
vn -0.4583 -0.8888 -0.0000
vn -0.0000 -0.0000 -1.0000
vn -0.0000 -0.0001 -1.0000
vn -0.4822 0.5701 -0.6652
vn -0.6628 0.3417 -0.6663
vn 0.0622 0.7441 -0.6652
vn -0.2270 0.7103 -0.6663
vn 0.3417 0.6628 -0.6663
vn 0.7441 -0.0622 -0.6652
vn 0.4822 -0.5701 -0.6652
vn 0.6628 -0.3417 -0.6663
vn -0.0622 -0.7441 -0.6651
vn 0.2270 -0.7103 -0.6663
vn -0.5701 -0.4822 -0.6652
vn -0.3417 -0.6628 -0.6663
vn -0.7441 0.0622 -0.6652
vn -0.7103 -0.2270 -0.6663
vn -0.7635 -0.6458 -0.0000
vn -0.9525 -0.3044 -0.0000
vn -0.9965 0.0833 -0.0000
vn -0.6458 0.7635 -0.0000
vn -0.8888 0.4583 -0.0000
vn -0.0000 -0.9975 -0.0708
vn -0.0093 -0.9981 -0.0601
vn -0.0000 -0.9981 -0.0616
vn -0.0164 -0.9976 -0.0678
vn -0.0370 -0.9979 -0.0527
vn -0.0706 -0.9960 -0.0548
vn -0.0622 -0.9974 -0.0352
vn -0.1241 -0.9918 -0.0289
vn -0.0492 -0.9987 -0.0130
vn -0.0257 -0.9997 -0.0044
vn -0.1004 -0.9949 -0.0101
vn -0.0051 -1.0000 -0.0003
vn -0.0111 -0.9999 -0.0015
vn -0.0023 -1.0000 -0.0000
vn 0.9999 -0.0043 -0.0101
vn 0.6446 -0.7158 -0.2687
vn 1.0000 -0.0003 -0.0031
vn 0.9631 -0.1847 -0.1958
vn 0.9774 -0.1238 -0.1714
vn 0.9577 -0.1910 -0.2153
vn 0.9788 -0.1434 -0.1463
vn 0.9817 -0.1168 -0.1501
vn -0.0704 -0.9523 0.2969
vn 0.0004 -0.9973 -0.0736
vn -0.0311 -0.9752 0.2193
vn 0.0071 -0.9941 -0.1078
vn -0.0478 -0.9227 -0.3826
vn -0.0588 -0.9286 -0.3663
vn 0.1286 0.9343 -0.3325
vn 0.0701 0.9468 -0.3141
vn 0.0704 0.9468 -0.3139
vn 0.0699 0.9468 -0.3143
vn -0.0000 0.8860 0.4637
vn 0.0442 0.8857 0.4621
vn -0.0000 0.8860 0.4638
vn 0.0441 0.8857 0.4621
vn 0.0443 0.8857 0.4621
vn -0.0000 0.9223 -0.3866
vn 0.0020 0.9232 -0.3843
vn -0.0000 0.9222 -0.3866
vn 0.0022 0.9232 -0.3843
vn 0.0018 0.9232 -0.3844
vn -0.0000 0.9222 -0.3867
vn 0.0317 0.8922 0.4506
vn -0.0000 0.8920 0.4520
vn 0.0434 0.8914 0.4510
vn -0.0000 0.8917 0.4525
vn -0.0037 0.0989 -0.9951
vn -0.0064 0.0987 -0.9951
vn -0.0040 0.0946 -0.9955
vn -0.0018 0.0982 -0.9952
vn -0.0016 0.1018 -0.9948
vn -0.0000 -0.6346 0.7728
vn -0.0001 -0.6347 0.7728
vn 0.0001 -0.6346 0.7728
vn -0.0016 -0.6347 0.7728
vn -0.0012 -0.6346 0.7729
vn -0.0008 -0.6345 0.7729
vn 0.0027 0.9213 -0.3889
vn -0.0000 0.9211 -0.3893
vn 0.0131 0.9256 -0.3782
vn 0.0078 0.9226 -0.3857
vn -0.0000 0.9254 -0.3790
vn 0.0176 0.9305 -0.3658
vn -0.0000 0.9302 -0.3669
vn 0.0212 0.9327 -0.3601
vn 0.0349 0.9333 -0.3574
vn 0.0863 0.9939 0.0688
vn 0.0849 0.9945 0.0619
vn 0.0857 0.9932 0.0790
vn 0.0797 0.9956 0.0486
vn 0.1287 0.9904 0.0505
vn 0.0823 0.9950 0.0567
vn 0.0240 0.9997 0.0047
vn -0.0000 0.9996 -0.0281
vn -0.0000 1.0000 0.0036
vn 0.0217 0.9994 -0.0273
vn 0.0209 0.9935 -0.1116
vn -0.0000 0.9938 -0.1114
vn -0.0000 0.8839 -0.4676
vn 0.0147 0.6932 -0.7206
vn -0.0000 0.6974 -0.7167
vn 0.0194 0.8818 -0.4712
vn -0.0000 0.9605 0.2782
vn 0.0437 0.9178 0.3945
vn 0.0412 0.9566 0.2884
vn 0.0636 0.9016 0.4280
vn 0.0837 0.9918 0.0963
vn -0.0000 0.0745 -0.9972
vn -0.0006 0.0747 -0.9972
vn -0.0005 0.0747 -0.9972
vn -0.0014 0.9831 -0.1828
vn -0.0000 0.9845 -0.1756
vn -0.0000 0.9848 -0.1740
vn 0.0005 0.9828 -0.1845
vn 0.0025 0.9828 -0.1846
vn -0.0000 0.2216 -0.9751
vn -0.0046 0.3140 -0.9494
vn -0.0000 0.3122 -0.9500
vn -0.0000 0.1698 -0.9855
vn -0.0024 0.2255 -0.9742
vn -0.0010 0.1750 -0.9846
vn -0.0057 0.3635 -0.9316
vn -0.0000 0.3632 -0.9317
vn -0.0057 0.3757 -0.9267
vn -0.0000 0.3757 -0.9268
vn -0.0060 0.9947 -0.1028
vn 0.0079 0.9941 -0.1082
vn 0.0008 0.9947 -0.1027
vn 0.0049 0.9942 -0.1075
vn -0.0036 -0.2810 -0.9597
vn -0.0014 -0.2818 -0.9595
vn -0.0044 -0.2807 -0.9598
vn -0.0011 -0.2818 -0.9595
vn -0.0013 -0.2819 -0.9594
vn -0.0008 -0.2820 -0.9594
vn -0.0000 -0.2818 -0.9595
vn -0.0000 -0.2817 -0.9595
vn -0.0000 -0.2819 -0.9595
vn -0.0006 -0.2817 -0.9595
vn -0.0001 -0.9985 0.0553
vn -0.0001 -0.9985 0.0554
vn -0.0002 -0.9985 0.0553
vn -0.0003 -0.9985 0.0554
vn -0.0006 0.9955 -0.0945
vn -0.0004 0.9955 -0.0945
vn -0.0002 0.9955 -0.0946
vn -0.0003 -0.9984 -0.0561
vn -0.0007 -0.9984 -0.0559
vn -0.0005 -0.9984 -0.0562
vn -0.0009 -0.9984 -0.0557
vn -0.0002 -0.9984 -0.0562
vn -0.0003 -0.9984 -0.0560
vn -0.0002 -0.9984 -0.0559
vn -0.0004 -0.9984 -0.0562
vn -0.0004 -0.9984 -0.0560
vn -0.0004 0.9955 -0.0946
vn -0.0002 0.9955 -0.0947
vn -0.0002 -0.9984 -0.0560
vn -0.3148 0.5090 0.8011
vn -0.4401 0.8961 0.0585
vn -0.1387 0.5547 0.8204
vn -0.6163 0.7850 0.0627
vn -0.4399 0.5215 -0.7311
vn -0.3760 0.5128 -0.7718
vn -0.3824 0.9202 0.0840
vn -0.0691 0.4999 0.8633
vn 0.5820 -0.8123 0.0389
vn 0.9413 -0.0029 0.3376
vn 0.5813 -0.7742 0.2502
vn 0.9973 0.0086 0.0726
vn 0.5756 0.7676 0.2820
vn 0.5754 -0.0045 0.8179
vn 0.4302 -0.5924 0.6812
vn 0.0874 -0.0013 0.9962
vn 0.0887 -0.6657 0.7409
vn 0.4238 0.5801 0.6956
vn 0.0740 0.6503 0.7561
vn -0.1049 -0.0078 0.9945
vn -0.1008 -0.6734 0.7324
vn 0.0598 -0.9967 -0.0546
vn -0.1976 -0.9777 0.0714
vn -0.3689 -0.5633 -0.7393
vn 0.1008 -0.9751 0.1974
vn 0.0510 0.9987 0.0073
vn 0.5754 0.8140 0.0793
vn -0.2788 0.9513 0.1316
vn 0.0827 0.9664 0.2434
vn 0.1274 -0.9917 -0.0149
vn -0.0696 -0.6546 0.7528
vn 0.1802 -0.6277 0.7573
vn -0.2701 -0.6672 -0.6942
vn -0.1911 -0.9810 -0.0333
vn -0.6020 -0.6336 -0.4860
vn -0.1834 -0.0248 0.9827
vn -0.3865 0.5698 0.7253
vn -0.0108 -0.0503 0.9987
vn -0.1569 0.6500 0.7436
vn -0.6726 0.4347 -0.5988
vn -0.5658 0.8228 0.0536
vn -0.7545 0.5472 -0.3624
vn -0.3492 0.6038 -0.7166
vn -0.5441 -0.1171 -0.8308
vn -0.8770 -0.1911 -0.4408
vn -0.7109 -0.0669 -0.7001
vn 0.0044 -0.5936 -0.8048
vn 0.2877 -0.9567 -0.0435
vn 0.2996 -0.5749 0.7614
vn 0.3121 -0.9498 0.0221
vn 0.0723 -0.6518 -0.7549
vn -0.2511 -0.0315 -0.9675
vn -0.1861 -0.0542 -0.9810
vn 0.1283 -0.0043 0.9917
vn 0.1638 -0.0502 0.9852
vn 0.3146 -0.6008 0.7348
vn 0.1140 0.3190 -0.9409
vn -0.0034 0.2676 -0.9635
vn 0.1463 0.2379 -0.9602
vn -0.0033 0.2840 -0.9588
vn 0.0001 0.1591 -0.9873
vn 0.0087 0.1488 -0.9888
vn 0.0165 0.1656 -0.9861
vn 0.0996 0.1375 -0.9855
vn 0.0016 0.5772 -0.8166
vn -0.0071 0.6388 -0.7693
vn -0.0165 0.6406 -0.7677
vn -0.0275 0.3654 -0.9304
vn 0.0173 0.5744 -0.8184
vn 0.0481 0.4381 -0.8976
vn 0.0370 0.5749 -0.8174
vn 0.0097 0.6413 -0.7672
vn 0.1189 0.2668 -0.9564
vn 0.1330 0.1990 -0.9709
vn 0.2314 0.1761 -0.9568
vn 0.2537 0.2286 -0.9399
vn 0.1602 0.3505 -0.9227
vn 0.0600 0.4689 -0.8812
vn 0.0324 0.1001 -0.9945
vn 0.0068 0.1153 -0.9933
vn 0.0451 0.1110 -0.9928
vn 0.0289 0.1281 -0.9913
vn 0.0268 0.0675 -0.9974
vn 0.0090 0.0793 -0.9968
vn 0.0235 0.0332 -0.9992
vn -0.0019 0.0682 -0.9977
vn -0.9239 0.3802 -0.0443
vn -0.9426 0.3326 -0.0292
vn -0.9228 0.3798 -0.0649
vn -0.9451 0.3260 -0.0207
vn -0.9423 0.3324 -0.0396
vn -0.9206 0.3820 -0.0807
vn 0.0055 0.9931 -0.1175
vn 0.0019 0.9918 -0.1277
vn 0.0035 0.9924 -0.1233
vn 0.0012 0.9906 -0.1368
vn 0.0058 0.9919 -0.1270
vn 0.0028 0.9896 -0.1439
vn 0.0057 0.9909 -0.1345
vn 0.0018 0.9876 -0.1569
vn -0.0000 0.9902 -0.1394
vn -0.0000 0.9941 -0.1082
vn 0.0124 0.9963 -0.0849
vn 0.0095 0.9976 -0.0687
vn 0.0086 0.9946 -0.1030
vn 0.0041 0.9947 -0.1024
vn -0.0113 0.0951 -0.9954
vn -0.0090 0.0985 -0.9951
vn -0.0108 0.0991 -0.9950
vn -0.0082 0.1020 -0.9948
vn -0.0100 0.1026 -0.9947
vn -0.0058 0.1052 -0.9944
vn -0.0070 0.1057 -0.9944
vn -0.0000 0.1071 -0.9943
vn -0.0032 0.0847 -0.9964
vn -0.0030 0.0891 -0.9960
vn -0.0054 0.0840 -0.9965
vn -0.0020 0.0938 -0.9956
vn -0.0008 0.0890 -0.9960
vn -0.0136 0.0534 -0.9985
vn -0.0135 0.0543 -0.9984
vn -0.0138 0.0526 -0.9985
vn -0.0089 0.0574 -0.9983
vn -0.9018 0.1334 -0.4110
vn -0.8918 0.1314 -0.4330
vn -0.9014 0.1375 -0.4105
vn -0.8923 0.1273 -0.4331
vn -0.8912 0.1353 -0.4329
vn -0.9015 0.1401 -0.4094
vn -0.7588 -0.6507 -0.0285
vn -0.9921 0.1234 -0.0222
vn -0.9928 0.1178 -0.0237
vn -0.9914 0.1291 -0.0205
vn 0.2334 0.1342 -0.9631
vn 0.2430 0.1050 -0.9643
vn 0.2486 0.1039 -0.9630
vn 0.2428 0.1072 -0.9641
vn 0.0189 0.6489 -0.7606
vn -0.0011 0.6516 -0.7586
vn -0.0072 0.6536 -0.7568
vn 0.0494 0.6105 -0.7905
vn 0.0279 0.0677 -0.9973
vn 0.0183 0.0601 -0.9980
vn 0.1985 0.2161 -0.9560
vn 0.2037 0.2028 -0.9578
vn 0.1946 0.2320 -0.9530
vn 0.1890 0.2461 -0.9506
vn 0.9845 -0.0408 -0.1706
vn 0.9870 -0.0196 -0.1594
vn 0.9730 0.0093 -0.2304
vn 0.3045 -0.9525 -0.0000
vn 0.6352 -0.7724 -0.0000
vn 0.8247 -0.5656 -0.0000
vn 0.8752 -0.4838 -0.0000
vn 0.9433 0.3319 -0.0000
vn 0.9071 0.4209 -0.0000
vn 0.7546 0.6562 -0.0000
vn 0.4584 0.8888 -0.0000
vn -0.0622 -0.7441 -0.6652
vn 0.0079 -0.3941 -0.9190
vn -0.0012 -0.2335 -0.9724
vn 0.0064 -0.1755 -0.9845
vn -0.0070 -0.3939 -0.9191
vn -0.0415 -0.4676 -0.8830
vn -0.0901 -0.4536 -0.8866
vn -0.2238 -0.4691 -0.8543
vn -0.0832 -0.2846 -0.9550
vn 0.5780 0.6836 -0.4458
vn -0.0138 0.6325 -0.7745
vn 0.3370 0.3282 -0.8825
vn 0.5543 0.7056 -0.4414
vn -0.0039 0.9730 -0.2306
vn -0.0052 0.9730 -0.2308
vn 0.4768 0.6189 -0.6242
vn 0.3083 0.5152 -0.7997
vn 0.1847 -0.1278 -0.9745
vn 0.0052 -0.3601 -0.9329
vn 0.0026 -0.1669 -0.9860
vn 0.2648 -0.1387 -0.9543
vn 0.0037 -0.3612 -0.9325
vn 0.7072 -0.0213 -0.7067
vn 0.3718 -0.0191 -0.9281
vn 0.7128 -0.0110 -0.7013
vn 0.6666 0.0448 -0.7441
vn 0.6513 0.0095 -0.7587
vn 0.3514 -0.0269 -0.9358
vn 0.3896 0.5191 -0.7607
vn 0.8759 0.0585 -0.4789
vn 0.5129 0.0400 -0.8575
vn 0.5730 0.6670 -0.4762
vn 0.8752 0.0477 -0.4814
vn -0.7262 -0.1758 -0.6646
vn -0.6670 -0.1515 -0.7295
vn -0.6667 -0.1093 -0.7372
vn -0.7301 -0.1083 -0.6748
vn 0.0228 0.8586 -0.5121
vn 0.0365 0.9856 -0.1649
vn 0.0358 0.6485 -0.7604
vn 0.0081 0.9952 -0.0976
vn 0.0184 0.9856 -0.1684
vn 0.5672 0.0773 -0.8199
vn 0.5474 0.0413 -0.8358
vn 0.3000 -0.0031 -0.9539
vn -0.2926 -0.4338 -0.8522
vn -0.4492 -0.3729 -0.8119
vn -0.4907 -0.3394 -0.8025
vn -0.5595 -0.3044 -0.7709
vn -0.3517 -0.2049 -0.9134
vn -0.2281 -0.2225 -0.9479
vn -0.6259 -0.1416 -0.7669
vn -0.6160 -0.2064 -0.7603
vn -0.6168 -0.2004 -0.7612
vn -0.6259 -0.1396 -0.7673
vn -0.0016 0.0131 -0.9999
vn 0.0039 0.0184 -0.9998
vn -0.0011 0.0268 -0.9996
vn -0.0036 0.0168 -0.9999
vn -0.0055 0.0288 -0.9996
vn -0.0035 0.0419 -0.9991
vn -0.0108 0.0281 -0.9995
vn -0.0199 0.0503 -0.9985
vn -0.0164 0.0280 -0.9995
vn -0.0075 0.0451 -0.9990
vn 0.0033 0.0492 -0.9988
vn 0.0021 0.0425 -0.9991
vn -0.0058 0.0652 -0.9979
vn 0.0057 0.0605 -0.9982
vn -0.0069 0.0628 -0.9980
vn -0.0026 0.0746 -0.9972
vn 0.9938 0.1112 -0.0011
vn 0.9999 0.0141 -0.0020
vn 0.9999 0.0133 0.0001
vn 0.9905 0.1367 -0.0150
vn 0.1311 0.9907 0.0352
vn 0.0775 0.9964 0.0337
vn 0.0442 0.9986 0.0303
vn 0.0270 0.9993 0.0275
vn -0.0000 0.9997 0.0262
vn 0.1882 0.9817 0.0293
vn 0.5888 0.8070 0.0451
vn 0.4527 0.8899 0.0562
vn 0.4170 0.8908 0.1804
vn 0.5749 0.7924 0.2040
vn 0.5670 0.8062 0.1693
vn 0.6008 0.7694 0.2167
vn 0.7229 0.6525 0.2276
vn 0.7669 0.6138 0.1873
vn 0.0891 0.9148 0.3940
vn 0.0657 0.9396 0.3358
vn 0.1498 -0.6127 -0.7760
vn 0.3472 -0.9067 -0.2395
vn 0.0663 -0.9351 -0.3481
vn 0.1839 0.0189 -0.9828
vn 0.5816 -0.6224 -0.5238
vn 0.9658 -0.1418 0.2171
vn 0.8019 -0.4856 0.3481
vn 0.5973 -0.7775 0.1970
vn 0.0741 0.9921 -0.1013
vn 0.2585 0.9404 0.2210
vn 0.4326 0.9010 0.0321
vn 0.0560 0.9948 0.0848
vn 0.1918 0.9467 0.2590
vn 0.5982 0.6119 0.5174
vn 0.6746 0.4995 0.5435
vn 0.7054 0.5700 0.4213
vn 0.0440 0.9874 0.1520
vn 0.2557 0.9019 0.3480
vn 0.0608 0.9629 0.2630
vn 0.3306 0.7229 0.6068
vn 0.6112 0.4694 0.6372
vn 0.6651 0.4909 0.5627
vn 0.0485 -0.9780 -0.2031
vn 0.1462 -0.9845 -0.0966
vn 0.0355 -0.9799 -0.1964
vn 0.2029 -0.9757 -0.0828
vn 0.5654 -0.7742 0.2845
vn 0.4978 -0.8444 0.1981
vn 0.6900 0.6064 -0.3952
vn 0.7235 -0.0354 -0.6894
vn 0.1731 0.7120 -0.6805
vn 0.8715 0.1716 0.4593
vn 0.0564 -0.9920 -0.1126
vn 0.3162 -0.8959 0.3122
vn 0.1074 -0.9378 0.3300
vn 0.2204 -0.9749 -0.0320
vn 0.5914 -0.7601 0.2691
vn 0.5811 -0.7186 0.3819
vn 0.0962 0.8027 0.5885
vn 0.3493 0.3739 0.8592
vn 0.1379 0.3483 0.9272
vn 0.3320 -0.0908 0.9389
vn 0.6518 -0.1287 0.7474
vn 0.7153 0.0603 0.6962
vn 0.8000 -0.2096 0.5622
vn 0.7122 -0.3623 0.6013
vn 0.7199 -0.1816 0.6699
vn 0.9996 -0.0087 0.0273
vn 0.6580 0.0279 0.7525
vn 0.9996 -0.0090 0.0263
vn 0.9990 -0.0163 0.0404
vn 0.7291 0.6823 0.0535
vn 0.6714 0.7357 0.0892
vn 0.5751 0.5810 0.5759
vn 0.9991 -0.0163 0.0393
vn 0.9997 0.0174 -0.0194
vn 0.9995 0.0219 -0.0246
vn 0.6997 0.6589 -0.2760
vn 0.5739 0.8132 -0.0965
vn 0.7349 0.6758 0.0572
vn 0.5166 0.7972 -0.3124
vn -0.1136 0.9752 -0.1898
vn -0.4047 0.8865 -0.2244
vn -0.0505 0.9841 -0.1703
vn -0.4161 0.8802 -0.2281
vn -0.1342 0.9858 -0.1013
vn -0.2198 -0.2399 0.9456
vn 0.0814 0.1188 0.9896
vn -0.2107 -0.0209 0.9773
vn 0.0322 -0.2411 0.9700
vn 0.0256 0.8576 0.5137
vn 0.1018 0.6015 0.7924
vn -0.9615 0.0990 -0.2562
vn -0.9025 0.1880 -0.3876
vn -0.9063 0.1906 -0.3771
vn -0.9999 0.0120 -0.0006
vn -0.9589 0.0993 -0.2657
vn -0.9998 0.0162 -0.0146
vn -0.7261 0.6503 -0.2235
vn -0.6579 0.6979 -0.2831
vn -0.8261 0.3564 -0.4365
vn -0.6887 0.6044 -0.4005
vn -0.6803 0.6179 -0.3942
vn -0.8238 0.3497 -0.4462
vn -0.5807 0.7546 -0.3056
vn -0.4869 0.8361 -0.2527
vn -0.7708 -0.1594 0.6168
vn -0.7529 -0.0923 0.6517
vn -0.4130 0.5864 0.6969
vn -0.7734 0.6334 -0.0254
vn -0.5203 0.8024 -0.2924
vn -0.5313 0.7932 -0.2977
vn -0.4061 0.8953 -0.1833
vn -0.3436 0.9283 -0.1418
vn -0.0777 0.9969 0.0101
vn 0.9872 0.1243 0.1001
vn 0.9931 0.0735 0.0916
vn 0.9926 0.0690 0.0994
vn 0.9875 0.1288 0.0915
vn 0.9935 0.0782 0.0832
vn 0.9975 0.0248 0.0664
vn 0.9970 0.0195 0.0752
vn 0.9963 0.0147 0.0842
vn 0.0690 0.9932 0.0933
vn 0.0196 0.9957 0.0901
vn 0.0200 0.9958 0.0895
vn 0.0667 0.9933 0.0942
vn 0.0228 0.9956 0.0907
vn -0.0414 0.9955 0.0850
vn -0.0251 0.9964 0.0815
vn -0.0264 0.9963 0.0812
vn 0.9500 0.3076 0.0547
vn 0.9497 0.3079 0.0571
vn 0.9501 0.3074 0.0534
vn 0.9498 0.3077 0.0560
vn 0.9498 0.3078 0.0570
vn 0.9498 0.3077 0.0565
vn 0.9510 0.3035 0.0593
vn 0.9505 0.3043 0.0628
vn 0.9580 0.2817 0.0540
vn 0.9551 0.2915 0.0524
vn 0.9585 0.2807 0.0495
vn 0.9575 0.2825 0.0586
vn 0.9544 0.2927 0.0583
vn 0.9537 0.2938 0.0639
vn 0.9514 0.3029 0.0553
vn 0.9599 0.2760 0.0490
vn 0.9598 0.2764 0.0485
vn 0.9599 0.2760 0.0487
vn 0.9599 0.2761 0.0492
vn 0.9596 0.2767 0.0502
vn 0.9595 0.2770 0.0519
vn 0.9977 -0.0377 0.0555
vn 0.9968 -0.0464 0.0650
vn 0.9984 -0.0292 0.0488
vn 0.9967 -0.0707 0.0387
vn 0.9948 -0.0824 0.0595
vn 0.9930 -0.0953 0.0692
vn 0.2025 0.9722 0.1176
vn 0.2005 0.9731 0.1138
vn 0.2026 0.9722 0.1178
vn 0.2024 0.9722 0.1174
vn 0.2004 0.9731 0.1139
vn 0.2004 0.9731 0.1140
vn 0.2019 0.9721 0.1195
vn 0.2016 0.9722 0.1194
vn 0.1045 0.9900 0.0949
vn 0.0921 0.9912 0.0951
vn 0.0926 0.9912 0.0942
vn 0.1050 0.9898 0.0960
vn 0.0930 0.9911 0.0955
vn 0.0694 0.9931 0.0941
vn 0.2035 0.9710 0.1255
vn 0.2035 0.9710 0.1257
vn 0.2030 0.9706 0.1293
vn 0.2030 0.9706 0.1291
vn 0.2035 0.9710 0.1252
vn 0.2189 0.9667 0.1325
vn 0.2095 0.9693 0.1285
vn 0.2193 0.9668 0.1308
vn 0.2090 0.9694 0.1291
vn 0.2021 0.9720 0.1195
vn 0.2101 0.9693 0.1277
vn 0.2199 0.9669 0.1294
vn 0.7914 0.6038 0.0953
vn 0.7915 0.6038 0.0953
vn 0.7914 0.6039 0.0952
vn 0.7839 0.6135 0.0956
vn 0.7914 0.6039 0.0951
vn 0.7242 0.6820 0.1021
vn 0.7840 0.6132 0.0961
vn 0.7237 0.6827 0.1012
vn 0.7838 0.6137 0.0952
vn 0.7914 0.6038 0.0951
vn 0.4264 0.9045 -0.0130
vn 0.8708 0.4852 -0.0791
vn 0.4935 0.8691 -0.0340
vn 0.8712 0.4847 -0.0781
vn 0.7914 0.6041 0.0935
vn 0.7917 0.6039 0.0919
vn 0.8704 0.4857 -0.0801
vn 0.7359 0.6668 -0.1177
vn 0.4788 0.8692 0.1231
vn 0.4731 0.8720 0.1256
vn 0.4724 0.8725 0.1247
vn 0.7235 0.6831 0.0994
vn 0.2993 0.8815 0.3652
vn 0.1650 0.9095 0.3816
vn 0.1653 0.9119 0.3756
vn 0.1171 0.9109 0.3956
vn 0.3598 0.8618 0.3576
vn 0.2496 0.9124 0.3243
vn 0.4107 0.8401 0.3542
vn 0.1675 0.9073 0.3857
vn -0.0337 0.9281 0.3708
vn -0.0605 0.9503 0.3053
vn -0.0074 0.9255 0.3787
vn -0.0366 0.9261 0.3756
vn -0.0357 0.9248 0.3788
vn -0.0907 0.9435 0.3188
vn 0.4760 0.7711 0.4228
vn 0.2232 0.8937 0.3892
vn 0.3616 0.8279 0.4288
vn 0.6822 0.5861 0.4371
vn 0.2532 0.8910 0.3769
vn 0.1109 0.9328 0.3429
vn 0.1249 0.9238 0.3619
vn 0.1375 0.9216 0.3630
vn -0.0121 0.8944 0.4472
vn -0.0001 0.8974 0.4413
vn -0.0019 0.8940 0.4481
vn -0.0255 0.8963 0.4428
vn -0.0063 0.8984 0.4392
vn -0.0148 0.9012 0.4332
vn 0.0007 0.9068 0.4215
vn 0.0031 0.9056 0.4241
vn 0.0054 0.9092 0.4163
vn 0.0024 0.9050 0.4255
vn 0.0078 0.9100 0.4144
vn 0.0084 0.8929 0.4501
vn -0.0000 0.8929 0.4503
vn -0.0000 0.9089 0.4171
vn -0.0000 0.9047 0.4261
vn 0.5668 -0.2477 0.7858
vn 0.5741 -0.2097 0.7914
vn 0.5990 -0.0426 0.7996
vn 0.5416 -0.3775 0.7511
vn 0.6179 -0.2579 0.7428
vn 0.6094 -0.1204 0.7836
vn 0.5388 -0.0046 0.8424
vn 0.5836 0.1249 0.8024
vn 0.0501 0.9672 0.2490
vn 0.0687 0.9564 0.2840
vn 0.1006 0.9524 0.2877
vn 0.0359 0.9801 0.1950
vn 0.0178 0.9800 0.1983
vn 0.0172 0.9763 0.2158
vn 0.0087 0.7590 0.6511
vn 0.0143 0.8210 0.5708
vn 0.0121 0.7489 0.6626
vn -0.0000 0.7635 0.6458
vn 0.0100 0.8252 0.5647
vn -0.0000 0.8272 0.5619
vn 0.0123 0.8931 0.4497
vn -0.0042 0.9143 0.4049
vn -0.0156 0.9130 0.4078
vn -0.0009 0.9191 0.3941
vn -0.0026 0.9095 0.4158
vn -0.0192 0.9070 0.4206
vn -0.0322 0.9018 0.4309
vn -0.0287 0.9081 0.4177
vn 0.0070 0.9134 0.4070
vn 0.0066 0.9169 0.3990
vn 0.0090 0.9202 0.3913
vn 0.0134 0.8949 0.4460
vn 0.0133 0.8940 0.4479
vn 0.6568 0.4776 0.5835
vn 0.6203 0.4514 0.6415
vn 0.6339 0.4846 0.6028
vn 0.6812 0.4695 0.5617
vn 0.6360 0.4463 0.6295
vn 0.6530 0.4406 0.6160
vn 0.5380 0.4270 0.7268
vn 0.5415 0.4271 0.7241
vn 0.3773 0.4134 0.8287
vn 0.5437 0.4191 0.7271
vn 0.3689 0.3961 0.8408
vn 0.1694 0.3111 0.9352
vn 0.1394 0.3943 0.9083
vn 0.2053 0.4324 0.8780
vn -0.8464 0.4974 0.1904
vn -0.8607 0.4751 0.1829
vn -0.8467 0.4977 0.1881
vn -0.8474 0.4950 0.1920
vn -0.8589 0.4767 0.1870
vn -0.8573 0.4781 0.1911
vn -0.8793 0.4409 0.1804
vn -0.8837 0.4351 0.1723
vn 0.0148 0.6784 0.7345
vn 0.0161 0.7640 0.6450
vn 0.0072 0.5879 0.8089
vn 0.0143 0.7173 0.6966
vn 0.0172 0.7949 0.6065
vn 0.0164 0.8082 0.5887
vn 0.0142 0.8945 0.4469
vn 0.0001 -0.5793 0.8151
vn 0.0002 -0.5848 0.8112
vn -0.0002 -0.5850 0.8110
vn 0.0023 -0.5426 0.8400
vn 0.0023 -0.5783 0.8158
vn 0.0062 -0.5409 0.8410
vn 0.0046 -0.5774 0.8165
vn 0.0007 -0.5846 0.8113
vn 0.0885 -0.4743 0.8759
vn 0.0007 -0.5777 0.8163
vn 0.0866 -0.4662 0.8804
vn -0.1008 -0.4858 0.8682
vn 0.0013 -0.6004 0.7997
vn -0.0947 -0.4744 0.8752
vn 0.0003 -0.5573 0.8303
vn 0.0923 -0.4642 0.8809
vn 0.0043 -0.4674 0.8840
vn 0.0076 -0.4661 0.8847
vn 0.0113 -0.4657 0.8849
vn 0.0106 -0.5398 0.8418
vn -0.0012 -0.4034 0.9150
vn -0.0000 -0.4036 0.9150
vn 0.0001 -0.4036 0.9149
vn -0.0000 -0.4036 0.9149
vn -0.0000 -0.4035 0.9150
vn -0.0013 -0.4034 0.9150
vn -0.0234 -0.4023 0.9152
vn -0.0229 -0.4021 0.9153
vn -0.0177 -0.4020 0.9155
vn -0.0183 -0.4020 0.9155
vn -0.0238 -0.4024 0.9151
vn -0.0972 -0.4710 0.8768
vn -0.8309 0.5559 -0.0239
vn -0.9983 -0.0536 -0.0245
vn -0.7236 0.6899 -0.0216
vn -0.9985 -0.0503 -0.0222
vn -0.6875 -0.7260 -0.0133
vn -0.7915 -0.6110 -0.0161
vn -0.9980 -0.0570 -0.0269
vn -0.5198 0.8541 -0.0168
vn 0.0035 1.0000 -0.0000
vn 0.0047 1.0000 0.0001
vn -0.4930 -0.8700 -0.0084
vn -0.0001 -1.0000 -0.0000
vn 0.0058 0.9846 0.1748
vn 0.0012 0.9910 0.1336
vn 0.0009 0.9845 0.1754
vn 0.0131 0.9849 0.1725
vn 0.0071 0.9910 0.1333
vn 0.0160 0.9911 0.1322
vn 0.0076 0.9933 0.1155
vn 0.0012 0.9933 0.1157
vn -0.0305 0.9869 0.1586
vn 0.0375 0.9900 0.1361
vn 0.0210 0.9925 0.1203
vn 0.1299 0.9797 0.1524
vn 0.0254 0.9841 0.1757
vn 0.0363 0.9929 0.1133
vn 0.0245 0.9934 0.1117
vn 0.0005 0.9775 0.2107
vn -0.0000 0.9787 0.2055
vn -0.0000 0.9775 0.2108
vn -0.0000 0.9845 0.1755
vn 0.1344 0.9873 0.0852
vn 0.0320 0.9876 0.1536
vn 0.1080 0.9837 0.1441
vn 0.0134 0.9936 0.1118
vn 0.0404 0.9933 0.1080
vn 0.0142 0.9879 0.1545
vn 0.0970 0.9733 0.2078
vn -0.0098 0.4761 -0.8793
vn -0.0001 0.4638 -0.8859
vn -0.0099 0.4758 -0.8795
vn -0.0001 0.4670 -0.8842
vn -0.0001 0.4670 -0.8843
vn -0.0002 0.4638 -0.8859
vn -0.0114 0.4775 -0.8786
vn -0.0000 0.4685 -0.8834
vn -0.0000 0.4686 -0.8834
vn -0.0000 0.4685 -0.8835
vn 0.0347 0.9811 0.1904
vn 0.0035 0.9815 0.1916
vn 0.0139 0.9811 0.1928
vn 0.0017 0.9996 -0.0273
vn -0.0008 0.9092 -0.4163
vn -0.0008 0.8684 -0.4959
vn -0.0120 0.4920 -0.8705
vn -0.0129 0.4912 -0.8710
vn -0.0133 0.4903 -0.8715
vn -0.0000 -0.9578 -0.2873
vn -0.0000 -0.9579 -0.2873
vn -0.0000 0.9821 0.1886
vn -0.9381 0.3461 0.0152
vn -0.9717 0.2362 -0.0058
vn -0.9720 0.2328 -0.0324
vn -0.9381 0.3441 0.0397
vn -0.9705 0.2403 0.0172
vn -0.9975 0.0532 -0.0462
vn -0.9953 0.0531 -0.0805
vn -0.9924 0.0467 -0.1137
vn 0.0011 0.9797 0.2007
vn 0.0005 0.9789 0.2042
vn 0.3099 0.9502 -0.0317
vn 0.0525 0.9971 0.0557
vn 0.2051 0.9786 -0.0186
vn 0.0703 0.9968 0.0373
vn 0.0129 0.9979 0.0632
vn -0.8652 0.4928 0.0924
vn -0.8117 0.5773 0.0890
vn -0.8097 0.5790 0.0959
vn -0.8981 0.4325 0.0803
vn -0.8664 0.4917 0.0873
vn -0.8983 0.4330 0.0750
vn -0.8676 0.4904 0.0829
vn -0.8139 0.5750 0.0835
vn 0.7045 0.6622 0.2554
vn 0.3057 0.9419 0.1391
vn 0.3153 0.9213 0.2278
vn 0.6185 0.7854 0.0247
vn 0.6557 0.7395 0.1522
vn 0.3207 0.9459 0.0485
vn -0.7087 0.7006 0.0833
vn -0.7054 0.7027 0.0927
vn -0.7125 0.6975 0.0761
vn -0.5193 0.8508 0.0804
vn -0.5225 0.8467 0.1001
vn -0.5185 0.8478 0.1117
vn -0.0037 0.9195 0.3930
vn -0.0002 0.9684 0.2494
vn 0.0009 0.9255 0.3787
vn -0.0005 0.9693 0.2458
vn 0.0008 0.9761 0.2173
vn 0.0003 0.9757 0.2191
vn 0.0016 0.9293 0.3692
vn 0.0002 0.9687 0.2481
vn 0.0012 0.9306 0.3660
vn 0.0002 0.9686 0.2487
vn -0.0000 0.9756 0.2194
vn -0.0000 0.9688 0.2479
vn -0.0000 0.9312 0.3645
vn 0.7662 -0.4537 -0.4551
vn 0.9934 0.0954 0.0640
vn 0.9780 0.1602 0.1337
vn 0.3753 -0.6670 -0.6436
vn 0.7727 -0.4483 -0.4495
vn 0.3863 -0.6666 -0.6376
vn 0.7791 -0.4428 -0.4438
vn 0.9989 -0.0131 -0.0451
vn 0.0176 0.9857 0.1675
vn 0.0101 0.9798 0.1996
vn 0.0073 0.9784 0.2067
vn 0.9074 0.1416 -0.3957
vn 0.8997 0.2202 -0.3770
vn 0.9136 0.1968 -0.3558
vn 0.8813 0.1048 -0.4608
vn 0.9021 0.1357 -0.4096
vn 0.8796 0.0960 -0.4659
vn 0.9020 0.1114 -0.4170
vn 0.9002 0.2219 -0.3746
vn 0.8778 -0.0778 0.4727
vn 0.8940 -0.1065 0.4353
vn 0.8732 -0.0881 0.4794
vn 0.8989 -0.1093 0.4242
vn 0.9021 -0.1197 0.4147
vn 0.8930 -0.1194 0.4338
vn 0.8836 -0.1099 0.4552
vn 0.8645 -0.0988 0.4929
vn 0.8595 0.0805 -0.5047
vn 0.8657 0.0724 -0.4952
vn 0.8663 0.0774 -0.4935
vn 0.8866 0.0787 -0.4558
vn 0.8811 0.0860 -0.4651
vn 0.8808 0.0836 -0.4661
vn 0.9052 -0.1245 0.4063
vn 0.9050 -0.1005 0.4133
vn 0.9007 -0.1053 0.4215
vn 0.9047 -0.0240 0.4254
vn 0.9047 -0.0439 0.4238
vn 0.8993 -0.1017 0.4253
vn 0.9536 0.3008 0.0130
vn 0.8735 0.4720 -0.1193
vn 0.8763 0.4816 0.0149
vn 0.9431 0.3178 -0.0981
vn 0.8739 0.4045 -0.2696
vn 0.7069 0.6216 -0.3374
vn 0.6454 0.7488 -0.1506
vn 0.8460 -0.1048 0.5228
vn 0.8402 -0.1185 0.5291
vn 0.8179 -0.1162 0.5635
vn 0.8667 -0.1122 0.4861
vn 0.8792 -0.1274 0.4591
vn 0.8552 -0.1551 0.4945
vn 0.8766 -0.1587 0.4542
vn 0.8902 -0.1219 0.4390
vn 0.9000 -0.0877 0.4271
vn 0.8882 -0.1413 0.4371
vn 0.7027 0.6032 0.3772
vn 0.2848 0.8741 0.3934
vn 0.3100 0.8882 0.3392
vn 0.3855 0.9135 -0.1301
vn 0.5611 0.7840 -0.2657
vn 0.0482 0.9912 -0.1234
vn -0.0408 0.9816 -0.1864
vn -0.0244 0.9634 -0.2670
vn 0.1468 0.9854 -0.0859
vn 0.0546 0.9950 -0.0841
vn 0.1623 0.9851 -0.0570
vn -0.1945 -0.7421 -0.6415
vn -0.7742 -0.5623 -0.2906
vn -0.1800 -0.7467 -0.6403
vn -0.7667 -0.5724 -0.2907
vn -0.1717 -0.7501 -0.6386
vn 0.3558 -0.6785 -0.6427
vn -0.9334 0.0519 0.3551
vn -0.9299 0.0693 0.3612
vn -0.7861 0.2918 0.5449
vn -0.7815 0.2949 0.5498
vn -0.9447 0.0146 0.3278
vn -0.7300 -0.6037 -0.3204
vn -0.0060 0.6757 0.7372
vn 0.0306 0.6754 0.7368
vn 0.0134 0.6682 0.7439
vn 0.0538 0.6386 0.7677
vn 0.0257 0.6362 0.7711
vn -0.0042 0.6506 0.7594
vn 0.0417 0.5346 0.8441
vn 0.0790 0.5572 0.8266
vn 0.1088 0.5395 0.8350
vn 0.6689 0.5388 0.5121
vn 0.7026 0.5555 0.4448
vn 0.6880 0.5333 0.4922
vn 0.6522 0.5436 0.5284
vn 0.6918 0.5586 0.4576
vn 0.6841 0.5609 0.4662
vn 0.7083 0.5697 0.4168
vn 0.7114 0.5685 0.4131
vn 0.7140 0.5756 0.3986
vn 0.7074 0.5705 0.4173
vn 0.7134 0.5764 0.3985
vn 0.7135 0.5772 0.3971
vn 0.6883 0.3744 0.6214
vn 0.7041 0.4511 0.5485
vn 0.5350 0.2138 0.8173
vn 0.5739 0.2652 0.7748
vn 0.5374 0.1018 0.8371
vn 0.4182 0.2030 0.8854
vn 0.4645 0.3133 0.8283
vn 0.5275 0.3458 0.7760
vn 0.4581 0.3858 0.8008
vn 0.5230 0.4039 0.7506
vn 0.3632 0.3212 0.8746
vn 0.3842 0.4024 0.8309
vn 0.5111 0.4037 0.7588
vn 0.5300 0.4254 0.7336
vn 0.3815 0.7008 0.6027
vn 0.5847 0.4680 0.6627
vn 0.5701 0.5135 0.6414
vn 0.4010 0.6423 0.6532
vn 0.6853 0.2475 0.6849
vn 0.7654 0.1878 0.6156
vn 0.6965 0.3547 0.6238
vn 0.6646 0.3969 0.6330
vn 0.9158 0.1826 -0.3577
vn 0.9253 0.2029 -0.3204
vn 0.9196 0.2009 -0.3376
vn 0.8995 0.1404 -0.4137
vn 0.9173 0.1788 -0.3559
vn 0.9011 0.1320 -0.4129
vn 0.9201 0.1698 -0.3529
vn 0.9293 0.2021 -0.3092
vn 0.8882 0.0610 -0.4554
vn 0.8810 0.0763 -0.4669
vn 0.8809 0.0754 -0.4673
vn 0.9117 0.0395 -0.4089
vn 0.8946 0.0714 -0.4412
vn 0.9212 0.0900 -0.3786
vn -0.1388 0.9863 -0.0889
vn -0.1757 0.9820 -0.0701
vn -0.5527 0.7964 -0.2455
vn -0.0170 0.9997 -0.0157
vn -0.0323 0.9993 -0.0196
vn -0.0179 0.9998 -0.0119
vn -0.0173 0.9998 -0.0101
vn -0.0389 0.9992 -0.0127
vn -0.2139 -0.9734 -0.0819
vn -0.1588 -0.9829 -0.0933
vn -0.6208 -0.7305 -0.2846
vn -0.0452 -0.9989 -0.0099
vn -0.0312 -0.9994 -0.0168
vn -0.0107 -0.9999 -0.0035
vn -0.0000 -1.0000 -0.0014
vn 0.0020 -0.9999 -0.0119
vn 0.9959 0.0584 0.0696
vn 0.9870 0.0569 0.1505
vn 0.9955 0.0658 0.0679
vn 0.9967 0.0398 0.0714
vn 0.9870 0.0532 0.1517
vn 0.9865 0.0448 0.1574
vn 0.9974 0.0672 -0.0244
vn 0.9836 0.0455 -0.1748
vn 0.9966 0.0189 0.0799
vn 0.9956 0.0143 0.0926
vn 0.9844 0.0361 0.1722
vn 0.9815 0.0397 0.1872
vn 0.9964 0.0776 0.0346
vn 0.9980 0.0636 0.0037
vn 0.9290 0.2979 -0.2194
vn 0.8748 0.3130 -0.3699
vn 0.9135 0.2609 -0.3121
vn 0.8009 0.4179 -0.4288
vn 0.8834 0.0951 -0.4588
vn 0.8842 0.0939 -0.4576
vn 0.9082 0.1112 -0.4036
vn -0.0742 0.9293 -0.3618
vn -0.0261 0.9012 -0.4326
vn 0.0906 0.9210 -0.3788
vn -0.0125 0.8606 -0.5090
vn 0.0383 0.8712 -0.4895
vn 0.9799 0.0919 -0.1768
vn 0.9841 0.1499 -0.0956
vn 0.9853 0.1064 -0.1335
vn 0.9660 0.1779 -0.1874
vn 0.9501 0.0689 -0.3043
vn 0.9599 0.1079 -0.2589
vn 0.9246 0.1975 -0.3257
vn 0.9677 0.0883 -0.2362
vn 0.0879 0.9471 0.3087
vn 0.0975 0.9445 0.3136
vn 0.8770 0.1028 0.4694
vn 0.6564 0.5957 0.4629
vn 0.7604 0.4163 0.4986
vn 0.8540 0.2786 0.4394
vn 0.5460 0.6893 0.4763
vn 0.6983 0.4863 0.5252
vn 0.5933 0.5689 0.5695
vn 0.6053 0.5526 0.5730
vn 0.5902 0.5528 0.5882
vn 0.6074 0.5680 0.5553
vn 0.6194 0.5666 0.5433
vn 0.6184 0.5513 0.5600
vn 0.7780 0.5098 -0.3672
vn 0.8809 0.3122 -0.3558
vn 0.8655 0.4040 -0.2962
vn 0.8955 0.2936 -0.3344
vn 0.8375 0.5063 -0.2055
vn 0.6561 0.7321 -0.1831
vn 0.9310 0.2290 -0.2842
vn 0.9222 0.2253 -0.3142
vn 0.9384 0.2239 -0.2634
vn 0.9056 0.4020 0.1354
vn 0.9610 0.2539 0.1092
vn 0.9026 0.3530 0.2464
vn 0.9376 0.1771 0.2992
vn -0.9165 0.3706 0.1505
vn -0.8775 0.4422 0.1854
vn -0.9091 0.3832 0.1632
vn -0.9067 0.3866 0.1683
vn -0.9360 0.3213 0.1434
vn -0.9429 0.3064 0.1305
vn 0.0213 0.9913 0.1297
vn 0.0225 0.9933 0.1132
vn 0.0169 0.9933 0.1147
vn -0.0171 -0.4020 0.9155
vn -0.0080 -0.4029 0.9152
vn -0.0078 -0.4029 0.9152
vn -0.0082 -0.4028 0.9152
vn -0.0183 -0.6268 0.7790
vn -0.0194 -0.6127 0.7900
vn -0.0129 -0.6266 0.7792
vn -0.0275 -0.6101 0.7919
vn -0.0262 -0.5954 0.8030
vn -0.0175 -0.5982 0.8012
vn -0.0113 -0.6155 0.7880
vn -0.0074 -0.6293 0.7771
vn -0.0064 -0.6326 0.7744
vn -0.0025 -0.6339 0.7734
vn -0.0103 -0.6341 0.7732
vn -0.0000 0.3801 -0.9249
vn -0.0000 0.3801 -0.9250
vn -0.0172 0.8917 -0.4522
vn -0.0232 0.8868 -0.4615
vn -0.0137 0.8917 -0.4523
vn -0.0197 0.8925 -0.4507
vn -0.0239 0.8869 -0.4613
vn -0.0242 0.8869 -0.4612
vn -0.0244 0.8864 -0.4622
vn -0.0240 0.8864 -0.4624
vn 0.0004 0.9685 0.2492
vn 0.0018 0.9278 0.3730
vn 0.0002 0.9756 0.2195
vn 0.0001 0.9756 0.2195
vn 0.0001 0.9787 0.2054
vn -0.0000 0.4671 -0.8842
vn -0.0000 0.4683 -0.8835
vn -0.0000 0.4683 -0.8836
vn -0.0001 0.4684 -0.8835
vn 0.0032 0.9777 0.2099
vn -0.0000 0.9910 0.1337
vn -0.0000 0.9933 0.1157
vn -0.0000 -0.5853 0.8108
vn -0.0001 -0.5852 0.8109
vn -0.0000 -0.5852 0.8109
vn 0.0133 0.7366 0.6762
vn 0.0156 0.8159 0.5779
vn 0.0130 0.8934 0.4490
vn 0.0077 0.9113 0.4117
vn 0.0001 0.8938 0.4485
vn -0.0000 0.8969 0.4423
vn -0.0000 0.8937 0.4486
vn 0.0008 0.8970 0.4420
vn 0.0015 1.0000 -0.0000
vn 0.0002 1.0000 -0.0000
vn 0.8945 0.3107 -0.3214
vn 0.9012 0.2685 -0.3403
vn 0.9021 0.3356 -0.2711
vn 0.8860 0.3499 -0.3041
vn 0.8859 0.3946 -0.2439
vn 0.0012 0.0001 -1.0000
vn 0.0009 0.0003 -1.0000
vn 0.0008 0.0001 -1.0000
vn 0.0010 0.0004 -1.0000
vn 0.0005 0.0004 -1.0000
vn 0.0003 0.0002 -1.0000
vn 0.0001 -0.0000 -1.0000
vn -0.9088 -0.1561 -0.3870
vn -0.7511 -0.5970 -0.2817
vn -0.9234 -0.0062 -0.3838
vn -0.9056 -0.1496 -0.3970
vn -0.9207 -0.0271 -0.3894
vn -0.9105 -0.1460 -0.3869
vn -0.8142 -0.5219 -0.2543
vn -0.3354 -0.9389 -0.0768
vn -0.4080 -0.9112 -0.0574
vn -0.0744 -0.9972 -0.0079
vn 0.0003 -0.0001 -1.0000
vn 0.0008 -0.0001 -1.0000
vn 0.0005 -0.0003 -1.0000
vn 0.0009 -0.0002 -1.0000
vn 0.0010 -0.0002 -1.0000
vn -0.9322 0.1159 -0.3430
vn -0.9255 0.0151 -0.3786
vn -0.9181 0.1637 -0.3609
vn -0.9138 0.2068 -0.3496
vn -0.7261 0.6441 -0.2407
vn -0.8150 0.5429 -0.2026
vn -0.0595 0.9982 -0.0077
vn -0.3695 0.9283 -0.0419
vn -0.2797 0.9584 -0.0565
vn 0.9970 0.0656 -0.0414
vn 0.9963 0.0731 -0.0443
vn 0.9932 0.0651 -0.0968
vn 0.9950 0.0399 -0.0914
vn 0.9984 0.0424 -0.0385
vn 0.9994 0.0157 -0.0324
vn 0.9963 0.0108 -0.0848
vn 0.9969 0.0009 -0.0791
vn 0.9997 0.0069 -0.0245
vn 0.9282 0.1211 -0.3517
vn 0.9349 0.0169 -0.3545
vn 0.9304 0.1154 -0.3479
vn 0.9391 0.0118 -0.3434
vn 0.9356 0.1002 -0.3387
vn -0.0681 0.8178 -0.5715
vn -0.0783 0.8051 -0.5880
vn -0.0495 0.8413 -0.5383
vn -0.0783 0.8051 -0.5879
vn -0.0767 0.8123 -0.5782
vn -0.0790 0.8053 -0.5876
vn 0.0181 0.9465 -0.3223
vn 0.0837 0.9053 -0.4164
vn 0.0007 0.9511 -0.3088
vn 0.1107 0.9130 -0.3926
vn -0.0122 0.9525 -0.3043
vn -0.0523 0.8400 -0.5401
vn -0.0646 0.7215 -0.6894
vn 0.0975 0.8132 -0.5738
vn -0.0672 0.7273 -0.6830
vn 0.1775 0.7642 -0.6200
vn -0.1565 0.7490 -0.6438
vn -0.1606 0.7524 -0.6389
vn -0.1528 0.7457 -0.6486
vn 0.6345 0.5167 0.5749
vn 0.6565 0.5104 0.5555
vn 0.6802 0.5032 0.5331
vn 0.8236 -0.1685 0.5415
vn 0.7969 -0.1936 0.5723
vn 0.8133 -0.1361 0.5657
vn 0.7872 -0.1656 0.5941
vn 0.7922 -0.1399 0.5940
vn 0.8928 0.2084 0.3994
vn 0.8946 0.1276 0.4283
vn 0.9012 -0.0698 0.4277
vn 0.9024 0.0003 0.4308
vn 0.7506 0.3497 0.5606
vn 0.8270 0.1441 0.5435
vn 0.7178 0.3863 0.5792
vn 0.0072 0.8012 0.5983
vn 0.0069 0.8137 0.5812
vn 0.0062 0.8216 0.5700
vn 0.2159 0.6021 0.7687
vn 0.5810 0.0712 0.8108
vn 0.5523 0.3277 0.7666
vn 0.1193 0.8413 0.5272
vn 0.4093 0.3493 0.8429
vn 0.4581 0.5070 0.7301
vn -0.8882 0.4292 0.1638
vn -0.9233 0.3590 0.1364
vn -0.8889 0.4287 0.1615
vn -0.9227 0.3597 0.1390
vn -0.9491 0.2921 0.1181
vn -0.9458 0.3034 0.1154
vn -0.0406 0.5629 0.8255
vn 0.0051 0.7691 0.6392
vn -0.8479 0.4968 0.1851
vn -0.8627 0.4735 0.1773
vn -0.8478 0.4971 0.1845
vn -0.8627 0.4732 0.1784
vn 0.0046 0.8281 0.5605
vn -0.0000 0.8310 0.5562
vn 0.1570 0.7974 0.5827
vn 0.0992 0.8869 0.4513
vn 0.6158 -0.2903 0.7325
vn 0.7466 -0.2094 0.6314
vn 0.6399 -0.3070 0.7045
vn 0.7308 -0.1972 0.6535
vn 0.7621 -0.2216 0.6083
vn 0.6637 -0.3084 0.6814
vn 0.4385 -0.4454 0.7806
vn 0.3768 -0.4593 0.8044
vn 0.4911 -0.4089 0.7692
vn 0.4504 -0.4063 0.7950
vn 0.7315 -0.1226 0.6708
vn 0.7495 -0.1940 0.6330
vn 0.7496 -0.0508 0.6600
vn 0.7866 -0.0562 0.6149
vn 0.8019 -0.0099 0.5974
vn 0.8467 -0.0772 0.5264
vn 0.8358 -0.1384 0.5313
vn 0.8505 -0.2236 0.4760
vn 0.8685 -0.0841 0.4885
vn 0.8766 -0.1350 0.4619
vn 0.8530 -0.1785 0.4904
vn 0.8699 -0.1617 0.4660
vn 0.8615 -0.1548 0.4836
vn 0.8645 -0.1776 0.4703
vn 0.8597 -0.2016 0.4694
vn 0.8460 -0.2156 0.4877
vn 0.8281 -0.3131 0.4650
vn 0.8175 -0.2831 0.5015
vn 0.7747 -0.4187 0.4739
vn 0.7790 -0.3276 0.5346
vn 0.7389 -0.4399 0.5104
vn 0.7566 -0.2679 0.5964
vn 0.7660 -0.1531 0.6244
vn 0.7463 -0.2081 0.6322
vn 0.7228 -0.2030 0.6606
vn 0.7955 -0.1067 0.5965
vn 0.7299 -0.1690 0.6624
vn 0.8166 -0.1854 0.5467
vn 0.7330 -0.1482 0.6639
vn 0.7916 -0.3404 0.5075
vn 0.1473 -0.5527 0.8203
vn 0.1301 -0.0886 0.9875
vn 0.3426 -0.5706 0.7463
vn -0.0540 0.9985 -0.0086
vn -0.1516 0.9863 -0.0652
vn -0.1605 0.9866 -0.0302
vn -0.0441 0.9983 -0.0372
vn -0.1406 0.9829 -0.1193
vn -0.3028 0.9404 -0.1546
vn -0.3180 0.9419 -0.1082
vn -0.3360 0.9397 -0.0637
vn 0.0172 0.3388 -0.9407
vn 0.0075 0.2583 -0.9660
vn 0.0130 0.3272 -0.9449
vn 0.0229 0.3448 -0.9384
vn 0.0123 0.2995 -0.9540
vn 0.0274 0.3567 -0.9338
vn 0.0139 0.2954 -0.9553
vn 0.0038 0.2197 -0.9756
vn -0.0006 -1.0000 -0.0000
vn -0.0004 -1.0000 -0.0000
vn 0.0202 -0.9998 0.0009
vn 0.1801 -0.9836 0.0049
vn 0.0219 -0.9998 -0.0000
vn 0.0176 -0.9998 0.0083
vn 0.1669 -0.9855 0.0318
vn 0.1380 -0.9817 0.1314
vn 0.7109 -0.6787 0.1841
vn 0.7108 -0.7029 0.0250
vn -0.0312 -0.0591 -0.9978
vn -0.0054 -0.1317 -0.9913
vn -0.0101 -0.1209 -0.9926
vn -0.0113 -0.1334 -0.9910
vn -0.0056 -0.1380 -0.9904
vn 0.0001 -0.1304 -0.9915
vn -0.0047 -0.1265 -0.9919
vn -0.6285 0.7762 -0.0494
vn -0.8291 0.5590 -0.0051
vn -0.8457 0.5327 -0.0316
vn -0.4993 0.8656 -0.0387
vn -0.7492 0.6546 0.1013
vn -0.5137 0.8480 0.1303
vn -0.7410 0.6705 0.0372
vn -0.8085 0.5864 0.0503
vn -0.9985 -0.0020 0.0548
vn -0.9975 -0.0482 0.0516
vn -0.9967 -0.0661 0.0461
vn -0.9981 0.0030 0.0608
vn -0.9981 0.0091 0.0607
vn -0.9957 -0.0315 0.0869
vn -0.9950 -0.0683 0.0727
vn -0.9934 -0.0893 0.0721
vn -0.9493 0.3137 0.0215
vn -0.9493 0.3137 0.0214
vn 0.8777 -0.4635 0.1216
vn 0.6618 -0.7495 0.0180
vn 0.7219 -0.6878 0.0760
vn 0.8361 -0.5437 0.0734
vn -0.4931 -0.8223 0.2840
vn -0.8113 -0.5531 0.1895
vn 0.5238 -0.8519 -0.0017
vn 0.5678 -0.8231 -0.0074
vn -0.9875 0.1413 0.0694
vn -0.9935 0.0850 0.0759
vn -0.9939 0.0745 0.0817
vn -0.9977 0.0199 0.0646
vn -0.9931 0.0994 0.0615
vn -0.9947 0.0683 0.0770
vn -0.9887 0.1187 -0.0911
vn -0.0725 0.9906 0.1158
vn -0.0588 0.9921 0.1110
vn -0.0569 0.9911 0.1200
vn -0.0971 0.9888 0.1135
vn -0.0747 0.9916 0.1056
vn -0.0986 0.9902 0.0993
vn -0.0788 0.9927 0.0915
vn -0.0577 0.9938 0.0952
vn -0.9946 0.0374 0.0970
vn -0.9929 0.0964 0.0691
vn -0.9833 0.1702 0.0650
vn -0.9896 0.1069 0.0966
vn -0.9889 -0.0560 0.1379
vn -0.9919 -0.0336 0.1229
vn -0.9913 -0.0116 0.1307
vn -0.9892 -0.0621 0.1326
vn -0.9932 -0.0473 0.1066
vn -0.2105 0.9745 0.0771
vn -0.2367 0.9696 0.0619
vn -0.1975 0.9790 0.0505
vn -0.2143 0.9750 0.0581
vn -0.2281 0.9710 0.0711
vn -0.0819 0.9928 0.0871
vn -0.1828 0.9769 0.1110
vn -0.3623 0.9256 0.1095
vn -0.9940 -0.0466 0.0991
vn -0.9951 0.0214 0.0968
vn -0.9954 -0.0304 0.0908
vn -0.9956 0.0421 0.0835
vn -0.9963 -0.0130 0.0853
vn -0.9950 -0.0519 0.0854
vn -0.9925 -0.0725 0.0982
vn -0.9932 -0.0623 0.0981
vn -0.9950 -0.0777 0.0628
vn -0.9956 -0.0791 0.0511
vn -0.9476 0.2249 -0.2267
vn -0.9593 0.0784 -0.2714
vn -0.9737 0.0478 -0.2228
vn -0.9212 0.2333 -0.3115
vn -0.9269 0.2541 -0.2763
vn -0.9533 0.0714 -0.2934
vn -0.9731 -0.0027 -0.2303
vn -0.9772 -0.0161 -0.2116
vn -0.9792 -0.1909 -0.0682
vn -0.9913 -0.1314 0.0016
vn -0.9855 -0.1694 -0.0100
vn -0.9895 -0.1380 -0.0427
vn -0.9953 -0.0762 0.0592
vn -0.9948 -0.0854 0.0558
vn -0.9757 0.2189 -0.0108
vn -0.9720 0.2269 -0.0615
vn -0.9704 0.2404 0.0236
vn -0.9702 0.2414 -0.0207
vn -0.9724 0.2124 -0.0960
vn -0.9643 0.2423 -0.1066
vn -0.9683 0.1441 -0.2042
vn -0.9688 0.1765 -0.1740
vn -0.8553 0.5180 -0.0083
vn -0.6025 0.7970 -0.0426
vn -0.8166 0.5733 -0.0676
vn -0.6653 0.7465 0.0061
vn -0.3753 0.9267 -0.0212
vn -0.5560 0.8250 -0.1010
vn -0.7829 0.6065 -0.1385
vn -0.9790 -0.1602 -0.1258
vn -0.8680 -0.4663 -0.1707
vn -0.9627 -0.1394 -0.2321
vn -0.9170 -0.3927 -0.0701
vn -0.8813 -0.4626 -0.0962
vn -0.5654 -0.8240 -0.0367
vn -0.5161 -0.8554 -0.0445
vn -0.5096 -0.8578 -0.0669
vn -0.9971 -0.0108 0.0752
vn -0.9977 -0.0065 0.0673
vn -0.9962 0.0579 0.0643
vn -0.9980 0.0456 0.0441
vn -0.9990 0.0335 0.0297
vn -0.7446 -0.0856 0.6620
vn -0.2900 -0.2775 0.9159
vn -0.2799 -0.2652 0.9227
vn -0.7366 -0.0997 0.6690
vn -0.3196 -0.2765 0.9063
vn -0.3940 -0.0982 0.9139
vn -0.3696 -0.0948 0.9243
vn -0.3604 -0.0858 0.9288
vn 0.0011 0.9965 -0.0840
vn -0.0059 0.9990 -0.0434
vn 0.0104 0.9966 -0.0816
vn -0.0371 0.9949 -0.0940
vn -0.0068 0.9994 -0.0334
vn -0.0273 0.9996 -0.0045
vn -0.0272 0.9995 0.0136
vn 0.0180 0.3616 -0.9322
vn 0.0145 0.3633 -0.9315
vn 0.0163 0.3682 -0.9296
vn 0.0602 0.2266 -0.9721
vn 0.0723 0.3650 -0.9282
vn -0.9218 0.3584 0.1476
vn -0.9729 0.1962 0.1227
vn -0.8949 0.4031 0.1916
vn -0.9274 0.3640 0.0856
vn -0.9824 0.1506 0.1107
vn -0.9468 0.3213 -0.0187
vn -0.9284 0.3617 -0.0855
vn -0.9211 0.3522 -0.1659
vn -0.5185 0.8415 -0.1516
vn -0.7388 0.6467 -0.1895
vn -0.4915 0.8498 -0.1905
vn -0.6956 0.6837 -0.2206
vn -0.8973 0.3877 -0.2110
vn -0.8632 0.4482 -0.2322
vn -0.9649 0.1541 -0.2126
vn -0.9676 0.1496 -0.2032
vn -0.9256 -0.1608 -0.3427
vn -0.8458 -0.4507 -0.2854
vn -0.9171 -0.1264 -0.3781
vn -0.8389 -0.4866 -0.2438
vn -0.5033 -0.8596 -0.0878
vn -0.5502 -0.8274 -0.1128
vn 0.9925 0.1190 -0.0280
vn 0.9917 0.1251 -0.0307
vn 0.9922 0.1202 -0.0321
vn 0.9919 0.1242 -0.0266
vn 0.9911 0.1299 -0.0294
vn 0.6678 0.7440 -0.0217
vn 0.6613 0.7498 -0.0223
vn 0.6604 0.7506 -0.0231
vn -0.4640 0.8544 -0.2340
vn -0.2412 0.9359 -0.2569
vn -0.2700 0.9369 -0.2219
vn -0.4539 0.8556 -0.2489
vn -0.6696 0.6982 -0.2531
vn 0.8092 0.2677 -0.5229
vn 0.8866 0.2649 -0.3792
vn 0.5956 0.2321 -0.7690
vn 0.8822 0.2343 -0.4083
vn 0.8998 0.2588 -0.3511
vn 0.9055 0.2589 -0.3363
vn 0.9140 0.2598 -0.3115
vn 0.9137 0.2629 -0.3099
vn 0.8763 0.1354 -0.4623
vn 0.8459 0.1354 -0.5158
vn 0.8783 0.1309 -0.4598
vn 0.8757 0.1409 -0.4619
vn 0.8486 0.1453 -0.5087
vn 0.8682 0.1720 -0.4655
vn 0.9575 0.2879 -0.0143
vn 0.9588 0.2838 -0.0135
vn 0.9614 0.2750 -0.0116
vn 0.9552 0.2955 -0.0187
vn 0.9545 0.2976 -0.0198
vn 0.9611 0.2758 -0.0118
vn -0.1100 0.9712 -0.2112
vn -0.0319 0.9782 -0.2052
vn -0.0777 0.9573 -0.2784
vn 0.0540 0.9956 0.0764
vn -0.0180 0.9995 0.0261
vn -0.0101 0.9991 0.0411
vn 0.0162 0.9971 0.0740
vn -0.0613 0.9980 0.0120
vn -0.0741 0.9967 0.0316
vn 0.0709 0.9924 0.1001
vn 0.0893 0.9921 0.0876
vn -0.1340 0.9861 0.0985
vn -0.0584 0.9950 0.0810
vn -0.2866 0.9489 0.1318
vn -0.2202 0.9752 0.0242
vn -0.1820 0.9833 -0.0016
vn -0.4388 0.8985 0.0154
vn 0.3846 0.9136 0.1317
vn 0.2668 0.9580 0.1057
vn 0.2779 0.9571 0.0825
vn 0.2845 0.9511 0.1198
vn 0.0758 0.9853 0.1529
vn 0.1074 0.9849 0.1354
vn 0.2398 0.9532 0.1843
vn 0.1808 0.9728 0.1448
vn -0.0091 0.9821 -0.1883
vn -0.0080 0.9867 -0.1623
vn -0.0170 0.9665 -0.2560
vn -0.0273 0.9589 -0.2823
vn -0.6688 0.6904 -0.2757
vn -0.8345 0.4814 -0.2681
vn -0.8301 0.4711 -0.2984
vn 0.0034 -0.2728 -0.9621
vn -0.0518 -0.2444 -0.9683
vn -0.0049 -0.2754 -0.9613
vn 0.0156 -0.2717 -0.9623
vn -0.0320 -0.2373 -0.9709
vn 0.0041 -0.2242 -0.9745
vn -0.1092 -0.1606 -0.9810
vn -0.1646 -0.1756 -0.9706
vn -0.0037 -0.1495 -0.9887
vn -0.0050 -0.1465 -0.9892
vn -0.0104 -0.1476 -0.9890
vn -0.0074 -0.1503 -0.9886
vn -0.0000 -0.1514 -0.9885
vn -0.0161 -0.2961 -0.9550
vn -0.0220 -0.1467 -0.9889
vn -0.0236 -0.3103 -0.9503
vn -0.0304 -0.1338 -0.9905
vn -0.0318 -0.0427 -0.9986
vn -0.0309 -0.1429 -0.9892
vn -0.0618 -0.3220 -0.9447
vn -0.0053 -0.4409 -0.8975
vn -0.0154 -0.4741 -0.8803
vn -0.0084 -0.5249 -0.8511
vn -0.0025 -0.5198 -0.8543
vn 0.0009 -0.5103 -0.8600
vn -0.1027 0.0973 -0.9899
vn -0.1217 -0.0099 -0.9925
vn 0.0001 -0.0036 -1.0000
vn -0.2292 0.1143 -0.9666
vn -0.2188 -0.0153 -0.9757
vn -0.0308 -0.1277 -0.9913
vn -0.1944 0.3075 -0.9315
vn -0.2221 0.3768 -0.8993
vn -0.2112 0.2647 -0.9409
vn -0.1739 0.3411 -0.9238
vn -0.1761 0.4380 -0.8815
vn -0.1367 0.4777 -0.8678
vn -0.0862 0.5920 -0.8013
vn -0.1421 0.5567 -0.8185
vn -0.1840 0.1059 -0.9772
vn -0.2561 0.1608 -0.9532
vn -0.2447 0.1823 -0.9523
vn -0.1525 0.0647 -0.9862
vn -0.2432 0.1411 -0.9597
vn -0.2115 0.1834 -0.9600
vn -0.2102 0.1912 -0.9588
vn -0.2037 0.2028 -0.9578
vn -0.0202 -0.0368 -0.9991
vn -0.0179 -0.0308 -0.9994
vn -0.0151 -0.1082 -0.9940
vn -0.0471 -0.1640 -0.9853
vn -0.4228 -0.0027 0.9062
vn -0.7609 0.1716 0.6257
vn -0.7599 0.1859 0.6229
vn -0.4294 -0.0058 0.9031
vn -0.7617 0.1575 0.6285
vn -0.3999 -0.0000 0.9166
vn -0.4182 -0.0046 0.9083
vn -0.3956 -0.0140 0.9183
vn -0.3924 -0.0097 0.9198
vn -0.4031 -0.0190 0.9150
vn -0.4003 -0.0015 0.9164
vn -0.4000 -0.0006 0.9165
vn -0.9363 0.3312 0.1172
vn -0.2655 -0.7129 0.6491
vn -0.9447 0.3090 0.1099
vn -0.0921 -0.3610 0.9280
vn -0.5972 0.7973 0.0873
vn -0.7036 0.7040 0.0969
vn 0.6845 0.7204 0.1116
vn 0.9404 -0.3271 0.0932
vn 0.9600 -0.2534 0.1194
vn 0.7833 0.6128 0.1044
vn -0.0277 0.9986 0.0440
vn 0.1368 0.4047 0.9042
vn 0.0009 0.0765 -0.9971
vn 0.0009 0.0776 -0.9970
vn 0.0008 0.0765 -0.9971
vn 0.0010 0.0775 -0.9970
vn 0.0061 0.0655 -0.9978
vn 0.0050 0.0688 -0.9976
vn 0.0171 0.0527 -0.9985
vn 0.0204 0.0533 -0.9984
vn 0.0166 0.0536 -0.9984
vn 0.0174 0.0519 -0.9985
vn 0.0208 0.0525 -0.9984
vn 0.0210 0.0516 -0.9984
vn 0.1071 0.2179 -0.9701
vn -0.0008 0.9951 -0.0989
vn -0.0049 0.9949 -0.1012
vn 0.0009 0.9949 -0.1008
vn -0.0066 0.9950 -0.0996
vn -0.0093 0.9941 -0.1078
vn -0.0081 0.9942 -0.1073
vn 0.1107 0.3804 -0.9182
vn 0.1417 0.2994 -0.9435
vn 0.0786 0.4033 -0.9117
vn 0.0246 0.3997 -0.9163
vn -0.0113 -0.1394 -0.9902
vn -0.0054 -0.1427 -0.9898
vn -0.0111 -0.1439 -0.9895
vn 0.0003 -0.1454 -0.9894
vn 0.0002 -0.1415 -0.9899
vn 0.0014 -1.0000 -0.0000
vn 0.0218 -0.9998 0.0001
vn -0.9440 0.0747 -0.3212
vn -0.9459 0.0291 -0.3232
vn -0.9651 -0.0012 -0.2618
vn 0.9987 -0.0478 0.0161
vn 0.9769 0.0914 0.1929
vn 0.9989 -0.0186 0.0434
vn 0.9777 0.2087 0.0251
vn 0.9806 0.1960 -0.0000
vn 0.9816 0.1911 0.0031
vn 0.7117 -0.7024 -0.0000
vn 0.9889 -0.1487 -0.0000
vn 0.6145 -0.7889 -0.0000
vn 0.9981 -0.0613 -0.0000
vn 0.9825 0.1861 -0.0000
vn -0.0060 -1.0000 -0.0039
vn -0.0052 -0.9999 -0.0089
vn -0.0091 -0.9999 -0.0103
vn -0.0033 -1.0000 -0.0030
vn -0.0014 -1.0000 -0.0076
vn 0.7270 -0.6862 -0.0237
vn 0.7469 -0.6644 -0.0261
vn 0.7588 -0.6507 -0.0285
vn 0.1711 -0.9852 0.0001
vn 0.1810 -0.9835 -0.0000
vn -0.1333 -0.9910 -0.0088
vn -0.1396 -0.9902 -0.0058
vn -0.1340 -0.9910 -0.0059
vn -0.0279 -0.9996 -0.0001
vn -0.0278 -0.9996 -0.0000
vn -0.1590 -0.9872 -0.0135
vn -0.1353 -0.9908 -0.0106
vn -0.0283 -0.9996 0.0002
vn -0.0287 -0.9996 0.0006
vn -0.0032 0.9645 -0.2639
vn 0.0002 0.9515 -0.3077
vn 0.0008 0.9651 -0.2619
vn -0.0072 0.9640 -0.2658
vn -0.0036 0.9509 -0.3095
vn -0.0075 0.9504 -0.3111
vn -0.0086 0.9328 -0.3604
vn -0.0035 0.9328 -0.3604
vn -0.0012 -1.0000 -0.0006
vn -0.0023 -1.0000 -0.0009
vn -0.0002 -1.0000 -0.0000
vn -0.0001 -1.0000 -0.0003
vn -0.0006 -1.0000 -0.0022
vn 0.0160 0.9930 -0.1174
vn 0.0023 0.9928 -0.1195
vn 0.0206 0.9919 -0.1250
vn 0.0123 0.9941 -0.1079
vn -0.0008 0.9936 -0.1130
vn -0.0002 0.9944 -0.1059
vn -0.0116 0.9939 -0.1098
vn -0.0116 0.9937 -0.1115
vn 0.0067 0.3175 -0.9482
vn 0.0105 0.3641 -0.9313
vn 0.0092 0.3212 -0.9470
vn 0.0082 0.3640 -0.9313
vn 0.0098 0.3749 -0.9270
vn 0.0132 0.3728 -0.9278
vn 0.0035 0.2334 -0.9724
vn 0.0051 0.2419 -0.9703
vn 0.0024 0.1963 -0.9805
vn 0.0017 0.1852 -0.9827
vn -0.0025 0.9787 -0.2054
vn 0.0010 0.9734 -0.2289
vn 0.0011 0.9791 -0.2035
vn -0.0062 0.9783 -0.2073
vn -0.0029 0.9730 -0.2310
vn -0.0068 0.9725 -0.2329
vn -0.0007 -1.0000 -0.0000
vn -0.9778 0.0102 -0.2093
vn -0.9785 -0.0474 -0.2005
vn 0.0008 0.0754 -0.9972
vn 0.0009 0.0758 -0.9971
vn 0.0009 0.0759 -0.9971
vn -0.6460 0.7066 0.2887
vn -0.4323 0.8528 0.2930
vn -0.4010 0.8416 0.3619
vn -0.6978 0.6624 0.2725
vn -0.4729 0.8447 0.2507
vn -0.1613 0.9868 -0.0115
vn -0.1793 0.9679 0.1761
vn -0.2454 0.8948 0.3729
vn 0.0015 -1.0000 -0.0000
vn -0.9881 0.1520 0.0256
vn -0.9927 0.1140 0.0383
vn -0.9947 0.0927 0.0441
vn -0.9019 0.4307 0.0332
vn -0.9836 0.1683 0.0653
vn -0.9696 0.2439 0.0193
vn -0.0603 0.9950 0.0801
vn -0.0376 0.9945 0.0982
vn -0.0391 0.9960 0.0807
vn -0.0582 0.9935 0.0974
vn -0.0374 0.9893 0.1408
vn -0.7374 0.6464 -0.1961
vn -0.6976 0.6800 -0.2258
vn -0.6991 0.6752 -0.2352
vn -0.7489 0.6417 -0.1654
vn -0.7350 0.6518 -0.1869
vn -0.7476 0.6474 -0.1480
vn -0.7006 0.6895 -0.1836
vn -0.6449 0.7301 -0.2261
vn -0.7382 0.6728 0.0494
vn -0.7762 0.6197 0.1157
vn -0.5120 0.8571 0.0569
vn 0.0880 0.9927 0.0827
vn -0.0177 0.9982 0.0571
vn -0.1043 0.9930 0.0554
vn -0.1677 0.9814 0.0940
vn -0.3237 0.9389 0.1168
vn -0.2708 0.9610 0.0565
vn -0.5541 0.8223 0.1295
vn -0.2411 0.9028 0.3562
vn -0.3799 0.9249 -0.0167
vn -0.5973 0.7638 0.2448
vn -0.2814 0.9588 -0.0399
vn -0.5154 0.8004 0.3063
vn -0.0704 0.7980 0.5986
vn -0.1678 0.9748 0.1471
vn -0.1151 0.9278 0.3548
vn -0.1234 0.9806 0.1521
vn -0.1348 0.9153 0.3795
vn -0.1148 0.8331 0.5411
vn -0.1036 0.8595 0.5004
vn -0.0835 0.9855 0.1477
vn -0.0620 0.9486 0.3103
vn -0.0582 0.9879 0.1439
vn -0.0836 0.9393 0.3327
vn -0.0808 0.8815 0.4652
vn -0.0636 0.9016 0.4280
vn -0.3106 0.9471 0.0804
vn -0.1812 0.9789 0.0949
vn -0.1799 0.9806 0.0773
vn -0.3254 0.9420 0.0824
vn -0.1246 0.9876 0.0955
vn -0.1257 0.9890 0.0777
vn -0.6529 0.7145 -0.2516
vn -0.6579 0.7072 -0.2589
vn -0.5868 0.7716 -0.2456
vn -0.5893 0.7656 -0.2580
vn -0.6414 0.7210 -0.2624
vn -0.6488 0.7142 -0.2625
vn -0.4060 0.9025 -0.1436
vn -0.5072 0.8291 -0.2353
vn -0.3637 0.9271 -0.0907
vn -0.1555 0.9255 -0.3454
vn -0.4227 0.8702 -0.2531
vn -0.4253 0.8660 -0.2631
vn -0.1524 0.9822 -0.1097
vn -0.1947 0.9229 -0.3321
vn -0.2220 0.9684 -0.1138
vn -0.1304 0.8978 -0.4207
vn -0.1615 0.8478 -0.5051
vn -0.0409 0.6872 -0.7253
vn -0.0322 0.8782 -0.4772
vn -0.0235 0.6843 -0.7289
vn -0.0939 0.7549 -0.6491
vn -0.0655 0.8791 -0.4721
vn -0.0778 0.9907 -0.1118
vn -0.0364 0.9930 -0.1120
vn -0.0375 0.9990 -0.0254
vn -0.0763 0.9970 0.0107
vn -0.0403 0.9992 0.0073
vn -0.0765 0.9968 -0.0228
vn -0.1455 0.9891 -0.0243
vn -0.1361 0.9906 0.0118
vn -0.2006 0.9797 0.0029
vn -0.2123 0.9766 -0.0337
vn -0.3241 0.9448 -0.0491
vn -0.3116 0.9501 -0.0123
vn -0.5466 0.8368 -0.0312
vn -0.2987 0.9542 0.0173
vn -0.7142 0.6997 -0.0202
vn -0.5396 0.8419 -0.0004
vn -0.5214 0.8532 0.0168
vn -0.2864 0.9573 0.0400
vn -0.2806 0.9574 0.0677
vn -0.5099 0.8559 0.0864
vn -0.2960 0.9524 0.0736
vn -0.4694 0.8793 0.0808
vn -0.6257 0.7744 0.0937
vn -0.6741 0.7326 0.0942
vn -0.5482 0.8315 0.0894
vn -0.5536 0.8305 -0.0617
vn -0.5668 0.8155 -0.1166
vn -0.7179 0.6914 -0.0816
vn -0.7136 0.6988 -0.0496
vn -0.7270 0.6761 -0.1200
vn -0.5885 0.7886 -0.1785
vn -0.7620 0.6475 -0.0033
vn -0.6992 0.7148 -0.0128
vn -0.7556 0.6549 -0.0126
vn -0.7448 0.6646 -0.0597
vn -0.7597 0.6498 0.0247
vn -0.7694 0.6355 0.0637
vn -0.7474 0.6511 -0.1320
vn -0.7487 0.6597 -0.0653
vn -0.7449 0.6581 -0.1092
vn -0.9911 0.1275 -0.0371
vn -0.9956 0.0736 0.0576
vn -0.9839 0.1641 -0.0706
vn -0.9954 0.0707 0.0649
vn -0.5950 0.7991 0.0861
vn -0.7275 0.6803 0.0896
vn -0.1755 0.9829 0.0563
vn -0.1794 0.9827 0.0469
vn -0.2736 0.9603 0.0554
vn -0.1758 0.9825 0.0623
vn -0.1270 0.9899 0.0625
vn -0.1277 0.9901 0.0576
vn -0.1287 0.9904 0.0505
vn -0.1776 0.9817 0.0681
vn -0.1265 0.9896 0.0682
vn -0.0537 0.9971 0.0544
vn -0.0305 0.9986 0.0428
vn -0.0488 0.9978 0.0455
vn -0.0578 0.9965 0.0600
vn -0.0342 0.9981 0.0519
vn -0.0000 0.9987 0.0507
vn -0.0389 0.9969 0.0679
vn -0.0372 0.9976 0.0588
vn -0.0603 0.9958 0.0686
vn -0.1775 0.8938 0.4118
vn -0.1212 0.8982 0.4226
vn -0.1291 0.8971 0.4225
vn -0.2543 0.8854 0.3891
vn -0.1062 0.9010 0.4207
vn -0.0426 0.8990 0.4358
vn -0.0761 0.8976 0.4342
vn -0.1089 0.8942 0.4342
vn -0.0207 0.9264 -0.3759
vn -0.0532 0.9329 -0.3563
vn -0.0287 0.9314 -0.3629
vn -0.0350 0.9279 -0.3712
vn -0.0975 0.9356 -0.3393
vn -0.1233 0.9336 -0.3365
vn -0.0662 0.9337 -0.3518
vn -0.0349 0.9333 -0.3574
vn -0.0014 0.9239 -0.3827
vn -0.0119 0.9235 -0.3835
vn -0.0034 0.9218 -0.3876
vn -0.0247 0.9276 -0.3728
vn -0.0173 0.9247 -0.3803
vn -0.0601 0.9311 -0.3597
vn -0.1807 0.9448 -0.2734
vn -0.1345 0.9417 -0.3084
vn -0.1340 0.9483 -0.2878
vn -0.1725 0.9368 -0.3043
vn -0.0807 0.9374 -0.3388
vn -0.0780 0.9426 -0.3246
vn 0.0057 0.9281 -0.3724
vn -0.0307 0.9333 -0.3579
vn 0.0112 0.9342 -0.3566
vn -0.0253 0.9378 -0.3463
vn 0.3408 0.9265 0.1594
vn 0.2530 0.9581 0.1345
vn 0.0914 -0.4412 0.8927
vn 0.0947 -0.7653 0.6367
vn 0.1251 -0.7308 0.6710
vn 0.0638 -0.2064 0.9764
vn 0.0800 -0.4090 0.9090
vn 0.0641 -0.1914 0.9794
vn 0.0676 -0.3710 0.9262
vn -0.5691 -0.6804 0.4617
vn -0.0019 -0.9381 -0.3462
vn 0.0150 -0.8068 -0.5906
vn -0.0007 -0.7642 -0.6450
vn 0.0085 -0.9969 -0.0787
vn 0.0196 -0.9314 -0.3634
vn 0.0091 -0.9971 -0.0760
vn 0.0164 -0.9428 -0.3329
vn 0.0398 -0.8273 -0.5603
vn -0.0001 -0.0349 -0.9994
vn 0.0071 -0.0225 -0.9997
vn -0.0001 -0.0352 -0.9994
vn 0.0133 -0.0484 -0.9987
vn 0.0448 -0.0337 -0.9984
vn 0.0286 0.0346 -0.9990
vn 0.0016 0.0006 -1.0000
vn -0.0000 -0.0356 -0.9994
vn 0.0060 -0.9617 0.2739
vn 0.0048 -0.9635 0.2675
vn 0.0042 -0.8245 0.5658
vn 0.0063 -0.8353 0.5498
vn 0.0073 -0.9714 0.2375
vn 0.0081 -0.9972 -0.0738
vn 0.0652 -0.1093 -0.9919
vn 0.1212 -0.2246 -0.9669
vn 0.1442 -0.3184 -0.9369
vn 0.1489 -0.6553 -0.7406
vn -0.5717 -0.5156 -0.6382
vn 0.1001 -0.1376 -0.9854
vn 0.0066 -0.2348 0.9720
vn 0.0012 -0.1630 0.9866
vn 0.0083 -0.2275 0.9737
vn 0.0006 -0.1656 0.9862
vn -0.0003 -0.1385 0.9904
vn -0.0006 -0.1399 0.9902
vn 0.0018 -0.1601 0.9871
vn 0.0102 -0.2196 0.9755
vn 0.0151 -0.3362 0.9417
vn 0.0135 -0.4807 0.8768
vn 0.0128 -0.4801 0.8771
vn 0.0162 -0.3330 0.9428
vn 0.0177 -0.3294 0.9440
vn 0.0142 -0.4822 0.8759
vn 0.0017 -0.8305 0.5570
vn 0.0054 -0.6511 0.7590
vn 0.0037 -0.6554 0.7553
vn 0.0067 -0.6537 0.7567
vn -1.0000 -0.0000 -0.0000
vn -0.9998 0.0180 0.0001
vn -0.9999 0.0149 0.0023
vn -1.0000 0.0087 -0.0000
vn -0.9883 0.1496 0.0290
vn -0.9967 0.0817 0.0027
vn -0.9913 0.1316 0.0070
vn -0.9006 0.4324 0.0446
vn -0.8787 0.4733 0.0624
vn -0.9471 0.3203 0.0210
vn -0.5670 0.8210 0.0671
vn -0.7081 0.7041 0.0523
vn -0.6665 0.7405 0.0861
vn -0.6946 0.7191 0.0217
vn -0.8933 0.4494 -0.0060
vn 0.1176 -0.0010 0.9931
vn 0.1004 -0.0887 0.9910
vn 0.0792 -0.0702 0.9944
vn 0.1341 -0.0761 0.9880
vn 0.1303 -0.1580 0.9788
vn 0.0675 -0.1962 0.9782
vn -0.9921 -0.0471 -0.1165
vn -0.9992 -0.0093 -0.0382
vn -0.9939 -0.0508 -0.0981
vn -0.9991 -0.0087 -0.0418
vn -1.0000 -0.0009 -0.0098
vn -1.0000 -0.0013 -0.0061
vn -0.9997 -0.0082 -0.0245
vn -0.9973 -0.0327 -0.0654
vn -0.6291 -0.7717 0.0938
vn -0.9991 -0.0240 -0.0356
vn -0.6944 -0.7130 -0.0969
vn -0.9956 -0.0632 -0.0685
vn -0.9914 -0.0912 -0.0934
vn -0.9905 -0.0803 -0.1121
vn 0.0001 -1.0000 -0.0001
vn 0.0003 -1.0000 -0.0005
vn 0.0001 -1.0000 -0.0017
vn 0.0002 -1.0000 -0.0012
vn 0.0157 -0.9998 -0.0078
vn 0.0010 -1.0000 -0.0008
vn 0.0035 -1.0000 -0.0003
vn 0.0027 -1.0000 -0.0035
vn 0.0008 -1.0000 0.0001
vn 0.0119 -0.9994 -0.0317
vn 0.0032 -1.0000 -0.0077
vn 0.0196 -0.9996 -0.0215
vn 0.0018 -0.9999 -0.0112
vn 0.0004 -0.9999 -0.0127
vn 0.0031 -0.9993 -0.0361
vn 0.0005 0.6739 0.7388
vn 0.0021 0.6763 0.7367
vn 0.0032 0.6745 0.7382
vn 0.0024 0.6761 0.7368
vn 0.0060 0.6751 0.7377
vn 0.0084 0.0843 -0.9964
vn 0.0090 0.0893 -0.9960
vn 0.0062 0.0892 -0.9960
vn 0.0111 0.0845 -0.9964
vn 0.0107 0.0893 -0.9959
vn 0.0096 0.0944 -0.9955
vn 0.0069 0.0945 -0.9955
vn 0.0057 0.1022 -0.9948
vn 0.0023 0.1054 -0.9944
vn 0.0032 0.1024 -0.9947
vn 0.0040 0.1053 -0.9944
vn 0.0012 0.1050 -0.9945
vn 0.0016 0.1018 -0.9948
vn -0.4027 0.9153 -0.0000
vn -0.7224 0.6915 -0.0000
vn -0.9320 0.3624 -0.0000
vn -0.9998 -0.0218 -0.0000
vn -0.9153 -0.4027 -0.0000
vn -0.6915 -0.7224 -0.0000
vn -0.3624 -0.9320 -0.0000
vn 0.0218 -0.9998 -0.0000
vn 0.4027 -0.9153 -0.0000
vn 0.7224 -0.6915 -0.0000
vn 0.9320 -0.3624 -0.0000
vn 0.9998 0.0218 -0.0000
vn 0.9153 0.4027 -0.0000
vn 0.6915 0.7224 -0.0000
vn 0.3624 0.9320 -0.0000
vn 0.4028 -0.9153 -0.0000
vn -0.3625 -0.9320 -0.0000
vn -0.0218 0.9998 -0.0000
vn -0.2201 0.5003 0.8374
vn -0.0076 0.3492 0.9370
vn -0.0120 0.5493 0.8355
vn 0.1072 0.2757 0.9552
vn -0.1191 0.2707 0.9553
vn 0.1981 0.5094 0.8374
vn -0.9153 -0.4028 -0.0000
vn -0.9320 0.3625 -0.0000
vn -0.4028 0.9153 -0.0000
vn 0.3625 0.9320 -0.0000
vn 0.9153 0.4027 -0.0001
vn 0.9998 0.0218 0.0001
vn -0.7223 0.6915 -0.0000
vn 0.7223 -0.6915 -0.0000
vn -0.4708 0.4507 0.7584
vn -0.3969 0.3799 0.8355
vn -0.2623 0.5962 0.7588
vn -0.6070 0.2361 0.7588
vn -0.5094 0.1981 0.8374
vn -0.6516 -0.0142 0.7584
vn -0.5493 -0.0120 0.8355
vn -0.5962 -0.2623 0.7588
vn -0.5003 -0.2201 0.8374
vn -0.4507 -0.4708 0.7584
vn -0.3799 -0.3969 0.8355
vn -0.2361 -0.6070 0.7588
vn -0.1981 -0.5094 0.8374
vn 0.0142 -0.6516 0.7584
vn 0.0120 -0.5493 0.8355
vn 0.2623 -0.5962 0.7588
vn 0.2201 -0.5003 0.8374
vn 0.4708 -0.4507 0.7584
vn 0.3969 -0.3799 0.8355
vn 0.6070 -0.2361 0.7588
vn 0.5094 -0.1981 0.8374
vn 0.6516 0.0142 0.7584
vn 0.5493 0.0120 0.8355
vn 0.5962 0.2623 0.7588
vn 0.5003 0.2201 0.8374
vn 0.4507 0.4708 0.7584
vn 0.3799 0.3969 0.8355
vn 0.2361 0.6070 0.7588
vn 0.1981 0.5095 0.8374
vn -0.0142 0.6516 0.7584
vn -0.3624 -0.9320 0.0001
vn -0.9136 -0.4045 0.0405
vn -0.9896 -0.0296 0.1405
vn -0.9894 -0.0256 0.1429
vn -0.9129 -0.4062 0.0387
vn -0.9899 -0.0330 0.1381
vn -0.9119 0.3546 0.2066
vn -0.9116 0.3545 0.2083
vn -0.9112 0.3543 0.2101
vn -0.3986 0.9163 0.0388
vn -0.0211 0.9998 0.0034
vn -0.4003 0.9155 0.0406
vn -0.3969 0.9171 0.0369
vn -0.0210 0.9998 0.0030
vn -0.0210 0.9998 0.0025
vn 0.3625 0.9320 0.0001
vn 0.9320 -0.3624 -0.0001
vn 0.9320 -0.3624 0.0001
vn -0.6909 -0.7229 0.0030
vn -0.6909 -0.7229 0.0034
vn -0.6909 -0.7230 0.0025
vn -0.9122 -0.4080 0.0369
vn -0.7122 0.6873 0.1429
vn -0.7096 0.6905 0.1404
vn -0.7075 0.6931 0.1380
vn -0.5095 0.1981 0.8374
vn 0.5095 -0.1981 0.8374
vn 0.1072 0.2757 0.9553
vn 0.2416 0.2523 0.9370
vn 0.2707 0.1191 0.9553
vn 0.3492 0.0076 0.9370
vn 0.2757 -0.1072 0.9553
vn 0.2523 -0.2416 0.9370
vn 0.1191 -0.2707 0.9553
vn 0.0076 -0.3492 0.9370
vn -0.1072 -0.2757 0.9553
vn -0.2416 -0.2523 0.9370
vn -0.2707 -0.1191 0.9553
vn -0.3492 -0.0076 0.9370
vn -0.2757 0.1072 0.9553
vn -0.2523 0.2416 0.9370
vn 0.1027 -0.9944 0.0268
vn -0.0358 -0.9842 -0.1732
vn -0.0440 -0.9826 -0.1807
vn 0.2779 -0.9256 0.2569
vn 0.1126 -0.9931 0.0334
vn 0.2905 -0.9197 0.2642
vn 0.1120 -0.9933 0.0268
vn -0.0369 -0.9832 -0.1789
vn -0.6483 0.5697 0.5051
vn -0.7594 0.5176 0.3942
vn -0.6847 0.5187 0.5119
vn -0.7398 0.5650 0.3653
vn -0.8511 0.4386 0.2886
vn -0.8784 0.3066 0.3665
vn -0.8200 0.3694 0.4371
vn -0.7670 0.3652 0.5276
vn -0.8606 0.1874 0.4736
vn -0.8391 0.1431 0.5249
vn -0.8879 0.1154 0.4454
vn -0.8652 -0.0518 0.4988
vn -0.1805 -0.9031 -0.3896
vn -0.3156 -0.7236 -0.6138
vn -0.3211 -0.7165 -0.6193
vn -0.1738 -0.9076 -0.3823
vn -0.1755 -0.9049 -0.3877
vn -0.3193 -0.7176 -0.6190
vn -0.8508 0.4663 0.2423
vn -0.9404 0.2815 0.1908
vn -0.9472 0.2866 0.1436
vn -0.9905 0.0536 0.1264
vn -0.9706 0.0241 0.2395
vn -0.9390 0.1938 0.2841
vn -0.9180 0.0892 0.3864
vn -0.9182 -0.0217 0.3955
vn -0.4637 0.2071 -0.8615
vn -0.4436 -0.3407 -0.8289
vn -0.4621 0.2363 -0.8547
vn -0.4433 -0.3439 -0.8278
vn -0.4480 -0.3252 -0.8328
vn -0.4611 0.2566 -0.8494
vn -0.9812 -0.1833 0.0609
vn -0.9949 0.0567 0.0840
vn -0.9096 -0.4065 0.0859
vn -0.9752 -0.1953 0.1045
vn -0.9045 -0.4037 0.1376
vn -0.9625 -0.1591 0.2196
vn -0.9952 0.0742 0.0641
vn -0.9761 -0.2136 0.0399
vn -0.9720 -0.2316 0.0403
vn -0.9956 0.0692 0.0633
vn -0.9811 -0.1892 0.0394
vn -0.9050 -0.4203 0.0654
vn -0.8911 -0.4477 0.0738
vn -0.8791 -0.4697 0.0805
vn -0.9302 -0.1156 0.3483
vn -0.9148 -0.3136 0.2545
vn -0.9030 -0.1732 0.3933
vn -0.1738 0.9193 -0.3531
vn -0.3299 0.7123 -0.6195
vn -0.1596 0.9318 -0.3260
vn -0.3418 0.6841 -0.6443
vn -0.3254 0.7242 -0.6080
vn -0.1552 0.9361 -0.3157
vn -0.8058 -0.5707 0.1582
vn -0.7071 -0.6509 0.2763
vn -0.8165 -0.5400 0.2044
vn -0.7357 -0.6038 0.3070
vn -0.8605 -0.4138 0.2970
vn -0.8038 -0.4593 0.3781
vn -0.8819 -0.2601 0.3933
vn -0.8572 -0.2447 0.4531
vn 0.6466 -0.2210 0.7302
vn 0.6116 0.3395 0.7146
vn 0.6480 -0.2211 0.7289
vn 0.6067 0.3586 0.7095
vn 0.4482 0.7152 0.5363
vn 0.4526 0.7098 0.5399
vn 0.6136 0.3312 0.7168
vn 0.6490 -0.2238 0.7271
vn -0.6712 -0.6033 0.4307
vn -0.6323 -0.6472 0.4258
vn -0.6328 -0.5275 0.5669
vn -0.7254 -0.4027 0.5582
vn -0.7517 -0.4636 0.4691
vn -0.5431 -0.1663 0.8230
vn -0.5387 0.1229 0.8335
vn -0.5386 0.1411 0.8307
vn -0.5431 -0.1614 0.8240
vn -0.5385 0.0982 0.8369
vn -0.5442 0.3334 0.7699
vn -0.5468 0.3615 0.7552
vn -0.5484 0.3843 0.7427
vn -0.8197 -0.2881 0.4951
vn -0.8153 -0.2175 0.5366
vn -0.7818 -0.1910 0.5936
vn -0.6869 -0.1234 0.7162
vn -0.6945 -0.2916 0.6577
vn -0.7997 -0.0812 0.5949
vn 0.4356 0.7325 0.5232
vn 0.2782 0.9021 0.3298
vn 0.2651 0.9116 0.3141
vn 0.1304 0.9829 0.1300
vn 0.1340 0.9817 0.1354
vn 0.2819 0.8996 0.3336
vn -0.5902 -0.5526 0.5885
vn -0.6068 -0.3742 0.7012
vn -0.5690 -0.3774 0.7306
vn -0.5966 -0.1486 0.7887
vn -0.7852 -0.6001 0.1528
vn -0.7757 -0.6100 0.1618
vn -0.7958 -0.5885 0.1425
vn -0.6932 -0.6707 0.2639
vn -0.6915 -0.6715 0.2664
vn -0.6899 -0.6722 0.2687
vn -0.7733 0.0135 0.6338
vn -0.7024 0.2168 0.6779
vn -0.6822 0.0606 0.7287
vn -0.8037 0.0710 0.5907
vn 0.1175 0.9868 0.1112
vn -0.0090 0.9968 -0.0794
vn -0.0218 0.9946 -0.1015
vn -0.0053 0.9974 -0.0720
vn -0.5566 0.0912 0.8258
vn -0.5618 -0.1500 0.8136
vn -0.5627 0.3183 0.7629
vn -0.5923 0.1014 0.7993
vn -0.6045 0.3133 0.7324
vn -0.5761 0.5184 0.6320
vn -0.5799 0.5288 0.6198
vn -0.5715 0.5064 0.6458
vn -0.6325 0.5912 0.5004
vn -0.6339 0.5920 0.4977
vn -0.6351 0.5927 0.4953
vn -0.7212 0.3191 0.6149
vn -0.8011 0.1593 0.5770
vn 0.4865 -0.7007 0.5219
vn 0.4969 -0.6903 0.5260
vn 0.4998 -0.6917 0.5214
vn 0.2915 -0.9212 0.2579
vn -0.5882 0.4872 0.6455
vn -0.6306 0.4533 0.6299
vn -0.5773 -0.5884 0.5662
vn -0.5548 -0.4370 0.7080
vn -0.5808 -0.6025 0.5474
vn -0.5726 -0.5713 0.5880
vn -0.5535 -0.4172 0.7208
vn -0.5514 -0.3912 0.7368
vn -0.8283 0.5043 0.2442
vn -0.9260 0.3481 0.1459
vn -0.8151 0.5189 0.2574
vn -0.8433 0.4866 0.2284
vn -0.9347 0.3279 0.1373
vn -0.9451 0.3015 0.1260
vn -0.7131 0.5922 0.3752
vn -0.7199 0.5893 0.3666
vn -0.7275 0.5860 0.3569
vn -0.6250 -0.6725 0.3963
vn -0.6213 -0.6698 0.4066
vn -0.6170 -0.6666 0.4183
vn 0.0331 -0.9971 -0.0678
vn -0.0522 -0.9886 -0.1412
vn -0.0539 -0.9883 -0.1427
vn 0.1515 -0.9882 0.0233
vn 0.0378 -0.9972 -0.0640
vn 0.1629 -0.9861 0.0320
vn 0.0440 -0.9973 -0.0589
vn -0.0491 -0.9892 -0.1384
vn -0.6188 0.4712 0.6285
vn -0.6964 0.4070 0.5910
vn -0.6497 0.4146 0.6372
vn -0.6886 0.4534 0.5659
vn -0.7643 0.3245 0.5573
vn -0.7804 0.1881 0.5963
vn -0.7428 0.2494 0.6213
vn -0.7110 0.2491 0.6576
vn -0.7658 0.0614 0.6401
vn -0.7539 0.0293 0.6564
vn -0.7846 -0.0047 0.6200
vn -0.7620 -0.1694 0.6250
vn -0.2560 -0.8968 -0.3608
vn -0.1405 -0.9634 -0.2281
vn -0.2615 -0.8925 -0.3675
vn -0.1396 -0.9638 -0.2272
vn -0.1400 -0.9636 -0.2276
vn -0.2647 -0.8899 -0.3715
vn -0.7824 0.3321 0.5268
vn -0.8383 0.1621 0.5205
vn -0.8633 0.1227 0.4895
vn -0.8786 -0.0801 0.4708
vn -0.8484 -0.1041 0.5190
vn -0.8250 0.0670 0.5611
vn -0.8073 -0.0334 0.5891
vn -0.7972 -0.1471 0.5856
vn -0.5558 0.2871 -0.7802
vn -0.4841 -0.5745 -0.6600
vn -0.5457 0.3339 -0.7686
vn -0.4690 -0.6099 -0.6388
vn -0.4958 -0.5446 -0.6765
vn -0.5316 0.3900 -0.7518
vn -0.8648 -0.2903 0.4096
vn -0.8868 -0.1026 0.4506
vn -0.7800 -0.5140 0.3569
vn -0.8403 -0.3456 0.4178
vn -0.7528 -0.5375 0.3800
vn -0.8238 -0.3011 0.4803
vn -0.8921 -0.0559 0.4484
vn -0.8488 -0.3652 0.3823
vn -0.8336 -0.4087 0.3716
vn -0.8924 -0.0695 0.4459
vn -0.8686 -0.2965 0.3971
vn -0.7771 -0.5287 0.3415
vn -0.7413 -0.5839 0.3309
vn -0.7077 -0.6296 0.3205
vn -0.8007 -0.2452 0.5466
vn -0.7675 -0.4435 0.4629
vn -0.7765 -0.2951 0.5568
vn -0.0438 0.9901 -0.1336
vn -0.2220 0.9078 -0.3558
vn -0.0430 0.9904 -0.1315
vn -0.2235 0.9064 -0.3585
vn -0.2171 0.9117 -0.3488
vn -0.0405 0.9910 -0.1275
vn -0.6678 -0.6679 0.3286
vn -0.5769 -0.7370 0.3522
vn -0.6673 -0.6481 0.3669
vn -0.6047 -0.6934 0.3917
vn -0.7185 -0.5242 0.4571
vn -0.6768 -0.5576 0.4807
vn -0.7490 -0.3768 0.5449
vn -0.7393 -0.3612 0.5683
vn 0.6644 0.6013 0.4438
vn 0.8150 -0.2843 0.5049
vn 0.7982 -0.3500 0.4902
vn 0.3712 0.8931 0.2543
vn 0.6679 0.5955 0.4465
vn 0.3828 0.8855 0.2633
vn 0.6753 0.5833 0.4515
vn 0.8303 -0.2015 0.5195
vn -0.5703 -0.6886 0.4479
vn -0.5331 -0.7250 0.4361
vn -0.5704 -0.6211 0.5375
vn -0.6454 -0.5050 0.5731
vn -0.6473 -0.5584 0.5188
vn -0.5855 -0.2725 0.7635
vn -0.5954 0.0442 0.8022
vn -0.5939 0.0911 0.7993
vn -0.5866 -0.2592 0.7672
vn -0.5949 -0.0287 0.8033
vn -0.5871 0.2256 0.7775
vn -0.5855 0.2889 0.7574
vn -0.5820 0.3429 0.7373
vn -0.7174 -0.3911 0.5765
vn -0.7184 -0.3294 0.6128
vn -0.7000 -0.3017 0.6472
vn -0.7244 -0.1911 0.6624
vn -0.6503 -0.3949 0.6490
vn -0.6581 -0.2307 0.7167
vn 0.3625 0.8986 0.2471
vn 0.2269 0.9629 0.1460
vn 0.2218 0.9649 0.1408
vn 0.1358 0.9886 0.0654
vn 0.1402 0.9876 0.0704
vn 0.2337 0.9603 0.1523
vn -0.5423 -0.6266 0.5597
vn -0.5892 -0.4795 0.6503
vn -0.5739 -0.4422 0.6893
vn -0.6109 -0.2510 0.7509
vn -0.6338 -0.7067 0.3145
vn -0.6108 -0.7261 0.3157
vn -0.6578 -0.6852 0.3129
vn -0.5630 -0.7547 0.3367
vn -0.5592 -0.7561 0.3400
vn -0.5555 -0.7575 0.3431
vn -0.7131 -0.0913 0.6951
vn -0.6792 0.1219 0.7237
vn -0.6681 -0.0304 0.7434
vn -0.7318 -0.0401 0.6803
vn 0.1326 0.9893 0.0613
vn 0.0555 0.9983 -0.0172
vn 0.0537 0.9984 -0.0202
vn 0.0585 0.9982 -0.0130
vn -0.6046 -0.0363 0.7957
vn -0.5988 -0.2277 0.7679
vn -0.5985 0.2077 0.7737
vn -0.6227 0.0204 0.7822
vn -0.6221 0.2319 0.7478
vn -0.5841 0.4363 0.6845
vn -0.5864 0.4605 0.6664
vn -0.5810 0.4100 0.7031
vn -0.6063 0.4950 0.6224
vn -0.6091 0.4967 0.6183
vn -0.6118 0.4983 0.6144
vn -0.6866 0.2119 0.6954
vn -0.7372 0.0465 0.6741
vn 0.3789 -0.9065 0.1861
vn 0.4081 -0.8890 0.2076
vn 0.4415 -0.8668 0.2320
vn 0.1766 -0.9834 0.0424
vn -0.5931 0.3877 0.7057
vn -0.6245 0.3610 0.6926
vn -0.5234 -0.6793 0.5144
vn -0.5431 -0.5694 0.6171
vn -0.5181 -0.7090 0.4784
vn -0.5278 -0.6447 0.5529
vn -0.5527 -0.5207 0.6506
vn -0.5621 -0.4556 0.6902
vn -0.7498 0.3961 0.5299
vn -0.8224 0.2659 0.5030
vn -0.7223 0.4332 0.5390
vn -0.7783 0.3543 0.5184
vn -0.8433 0.2104 0.4945
vn -0.8658 0.1381 0.4810
vn -0.6513 0.4945 0.5756
vn -0.6648 0.4858 0.5675
vn -0.6790 0.4764 0.5586
vn -0.5256 -0.7562 0.3897
vn -0.5224 -0.7497 0.4063
vn -0.5188 -0.7424 0.4238
vn 0.0002 -0.9984 0.0562
vn 0.0002 -0.9984 0.0558
vn 0.0001 -0.9984 0.0557
vn 0.0004 -0.9984 0.0562
vn 0.0003 -0.9984 0.0558
vn 0.0002 -0.9985 0.0555
vn 0.0001 -0.9985 0.0554
vn 0.0001 -0.9985 0.0552
vn 0.0006 0.9955 0.0949
vn 0.0003 0.9955 0.0943
vn 0.0006 0.9956 0.0942
vn 0.0007 0.9954 0.0956
vn 0.0004 0.9955 0.0949
vn 0.0005 0.9954 0.0955
vn 0.0003 0.9955 0.0948
vn 0.0001 0.9955 0.0943
vn 0.0002 0.9956 0.0940
vn 0.0001 0.9956 0.0941
vn 0.0003 0.9956 0.0940
vn 0.0002 -0.9984 0.0561
vn 0.0002 -0.9985 0.0554
vn -0.0036 0.8397 0.5430
vn -0.0100 0.8411 0.5407
vn -0.0201 0.8682 0.4957
vn -0.0175 0.8646 0.5021
vn -0.0099 0.8634 0.5045
vn -0.3778 0.8576 0.3489
vn -0.3761 0.8559 0.3549
vn -0.0289 0.8796 0.4748
vn -0.0572 0.8948 0.4429
vn -0.0310 0.8910 0.4529
vn -0.0468 0.8930 0.4476
vn -0.0832 0.8928 0.4428
vn 0.0142 0.9465 -0.3224
vn 0.0163 0.9422 -0.3348
vn 0.0177 0.9425 -0.3336
vn 0.0105 0.9439 -0.3302
vn 0.0153 0.9419 -0.3354
vn 0.0006 0.9331 -0.3597
vn -0.0014 0.9334 -0.3588
vn -0.0015 0.9333 -0.3590
vn -0.0019 0.9263 -0.3768
vn 0.0029 0.9338 -0.3577
vn 0.0053 0.9354 -0.3536
vn -0.0018 0.9263 -0.3769
vn 0.0004 0.9322 -0.3620
vn 0.0080 0.9420 -0.3354
vn -0.0354 0.9479 -0.3166
vn -0.0068 0.9563 -0.2924
vn -0.0363 0.9471 -0.3189
vn -0.0345 0.9487 -0.3142
vn -0.0030 0.9577 -0.2877
vn 0.0009 0.9591 -0.2830
vn -0.0719 0.9265 -0.3695
vn -0.0715 0.9268 -0.3688
vn -0.0665 0.8861 0.4588
vn -0.0850 0.8866 0.4547
vn -0.0663 0.8860 0.4588
vn -0.0667 0.8861 0.4587
vn -0.0853 0.8866 0.4546
vn -0.0857 0.8866 0.4545
vn -0.1123 0.8870 0.4478
vn -0.1115 0.8871 0.4479
vn -0.1812 0.8754 0.4482
vn -0.6207 0.7579 0.2009
vn -0.6211 0.7584 0.1974
vn -0.1808 0.8753 0.4484
vn -0.6202 0.7574 0.2043
vn -0.1309 0.8886 0.4395
vn -0.1131 0.8870 0.4478
vn -0.1318 0.8885 0.4396
vn -0.1327 0.8883 0.4397
vn -0.0372 0.9404 -0.3381
vn -0.0378 0.9408 -0.3368
vn -0.0367 0.9400 -0.3393
vn -0.1709 0.9051 -0.3893
vn -0.1689 0.9063 -0.3875
vn -0.1729 0.9040 -0.3910
vn -0.1311 0.9335 -0.3338
vn -0.1298 0.9339 -0.3332
vn -0.1286 0.9343 -0.3325
vn -0.0367 0.9504 -0.3090
vn -0.0221 0.9519 -0.3055
vn -0.0222 0.9519 -0.3055
vn -0.0365 0.9503 -0.3091
vn -0.0220 0.9519 -0.3056
vn -0.0150 0.8857 0.4640
vn -0.0220 0.8858 0.4635
vn -0.0280 0.9022 0.4303
vn -0.0206 0.9025 0.4301
vn 0.0006 -0.9986 -0.0534
vn 0.0012 -0.9985 -0.0548
vn 0.0001 -0.9985 -0.0548
vn 0.0004 -0.9986 -0.0521
vn 0.0018 -0.9986 -0.0530
vn 0.0005 -0.9986 -0.0521
vn 0.0030 -0.9986 -0.0526
vn 0.0024 -0.9985 -0.0544
vn -0.0002 -0.9986 -0.0524
vn -0.0009 -0.9986 -0.0526
vn -0.0016 -0.9986 -0.0528
vn 0.0007 -0.9986 -0.0520
vn 0.0004 0.9955 -0.0949
vn 0.0007 0.9955 -0.0952
vn 0.0007 0.9955 -0.0947
vn 0.0003 0.9955 -0.0951
vn 0.0005 0.9955 -0.0953
vn 0.0004 0.9954 -0.0955
vn 0.0007 0.9954 -0.0956
vn 0.0009 0.9954 -0.0957
vn 0.0002 0.9956 -0.0942
vn 0.0001 0.9956 -0.0942
vn 0.0003 0.9955 -0.0943
vn 0.0004 0.9955 -0.0943
vn 0.0003 0.9956 -0.0942
vn 0.0001 -0.9985 -0.0557
vn 0.0003 -0.9984 -0.0558
vn 0.0001 -0.9984 -0.0558
vn 0.0001 -0.9985 -0.0555
vn 0.0002 -0.9985 -0.0556
vn 0.0002 -0.9985 -0.0555
vn 0.0003 -0.9985 -0.0556
vn 0.0004 -0.9984 -0.0557
vn 0.0001 -0.9985 -0.0554
vn 0.0002 -0.9985 -0.0554
vn 0.0003 -0.9985 -0.0555
vn 0.0001 -0.9984 -0.0557
vn 0.0004 -0.9985 -0.0556
vn 0.0004 -0.9984 -0.0558
vn 0.0006 0.9955 -0.0953
vn 0.0007 0.9955 -0.0948
vn 0.0003 0.9955 -0.0952
vn 0.0005 0.9954 -0.0953
vn 0.0006 0.9954 -0.0956
vn 0.0003 0.9955 -0.0944
vn 0.0005 0.9955 -0.0943
vn -0.7537 0.6573 -0.0000
vn -0.9920 -0.1262 -0.0000
vn -0.7455 0.6665 -0.0000
vn -0.9920 -0.1261 -0.0000
vn -0.6675 -0.7446 -0.0000
vn -0.6680 -0.7442 -0.0000
vn 0.7959 0.6054 -0.0000
vn -0.0092 1.0000 -0.0000
vn 0.7952 0.6064 -0.0000
vn -0.6871 0.7266 -0.0000
vn -0.6865 0.7272 -0.0000
vn -0.6873 0.7263 -0.0000
vn -0.0100 1.0000 -0.0000
vn -0.6938 0.7202 -0.0000
vn 0.7533 -0.6577 0.0025
vn 0.9917 0.1260 0.0263
vn 0.7524 -0.6588 0.0024
vn 0.7542 -0.6567 0.0025
vn 0.6645 0.7467 0.0316
vn 0.6646 0.7466 0.0301
vn -0.7981 -0.6017 -0.0328
vn 0.0147 -0.9996 -0.0230
vn -0.7979 -0.6019 -0.0329
vn -0.7982 -0.6015 -0.0328
vn 0.6921 -0.7218 -0.0005
vn 0.6812 -0.7321 -0.0010
vn -0.6355 0.7721 0.0008
vn -0.9105 0.4133 -0.0116
vn -0.9110 0.4122 -0.0117
vn -0.6350 0.7725 0.0012
vn -0.9100 0.4144 -0.0116
vn 0.0158 0.9999 0.0046
vn -0.1810 0.9835 0.0060
vn 0.0162 0.9999 0.0047
vn 0.0154 0.9999 0.0044
vn -0.1816 0.9834 0.0068
vn -0.1821 0.9833 0.0076
vn 0.6947 -0.7193 -0.0004
vn 0.0089 -0.9997 -0.0231
vn 0.6900 -0.7238 -0.0006
vn 0.0251 0.9996 0.0108
vn 0.0288 0.9995 0.0101
vn 0.0214 0.9997 0.0114
vn 0.9981 -0.0568 0.0222
vn 0.7027 -0.7114 -0.0000
vn 0.0397 0.0560 -0.9976
vn 0.0234 0.0061 -0.9997
vn 0.0235 0.0048 -0.9997
vn 0.0401 0.0559 -0.9976
vn 0.0234 0.0074 -0.9997
vn 0.0005 0.0479 -0.9989
vn -0.0226 0.0614 -0.9979
vn -0.0459 -0.0016 -0.9989
vn -0.0277 0.0563 -0.9980
vn -0.0213 0.0625 -0.9978
vn -0.0458 -0.0023 -0.9989
vn -0.0457 -0.0030 -0.9989
vn -0.0066 0.0098 -0.9999
vn -0.0051 0.0118 -0.9999
vn 0.0055 0.0121 -0.9999
vn 0.0057 0.0121 -0.9999
vn 0.0054 0.0122 -0.9999
vn 0.0026 0.0057 -1.0000
vn 0.0030 0.0052 -1.0000
vn 0.0227 0.0916 -0.9955
vn 0.0110 0.0942 -0.9955
vn 0.0226 0.0917 -0.9955
vn 0.0228 0.0916 -0.9955
vn 0.0088 0.0951 -0.9954
vn 0.0065 0.0961 -0.9954
vn 0.0320 0.1062 -0.9938
vn 0.0319 0.1062 -0.9938
vn 0.0320 0.1061 -0.9938
vn -0.0148 0.0566 -0.9983
vn 0.0185 0.0773 -0.9968
vn 0.0188 0.0774 -0.9968
vn -0.0131 0.0577 -0.9982
vn 0.0181 0.0772 -0.9969
vn -0.0228 0.0261 -0.9994
vn -0.0230 0.0279 -0.9993
vn -0.0228 0.0239 -0.9995
vn -0.0107 0.0592 -0.9982
vn 0.0325 0.0227 -0.9992
vn 0.0296 0.0190 -0.9994
vn -0.0001 0.0256 -0.9997
vn 0.0251 0.0277 -0.9993
vn 0.0250 0.0190 -0.9995
vn 0.0147 0.0154 -0.9998
vn 0.0155 -0.0042 -0.9999
vn 0.0252 -0.0026 -0.9997
vn 0.0098 0.0043 -0.9999
vn 0.0084 0.0041 -1.0000
vn 0.0101 0.0033 -0.9999
vn 0.0136 0.0091 -0.9999
vn 0.0088 0.0075 -0.9999
vn 0.0235 0.0184 -0.9996
vn 0.0362 0.0196 -0.9992
vn 0.0357 0.0190 -0.9992
vn 0.0305 0.0154 -0.9994
vn -0.0155 -0.9999 -0.0000
vn 0.1800 -0.9837 -0.0000
vn 0.1835 -0.9830 -0.0000
vn -0.0158 -0.9999 -0.0000
vn 0.6340 -0.7733 -0.0000
vn 0.6384 -0.7697 -0.0000
vn -0.0258 -0.9997 -0.0000
vn -0.9979 0.0650 -0.0000
vn 0.9139 -0.4059 -0.0000
vn 0.9144 -0.4048 -0.0000
vn 0.6263 0.0748 -0.7760
vn 0.6183 0.0727 -0.7825
vn 0.6186 0.0688 -0.7827
vn 0.6260 0.0780 -0.7759
vn 0.6182 0.0757 -0.7824
vn 0.6104 0.0762 -0.7884
vn 0.6102 0.0726 -0.7889
vn 0.7108 -0.0402 -0.7022
vn 0.7138 -0.0399 -0.6992
vn 0.7107 -0.0379 -0.7024
vn 0.7098 -0.0435 -0.7030
vn 0.7139 -0.0423 -0.6990
vn 0.7140 -0.0447 -0.6988
vn 0.7170 -0.0444 -0.6957
vn 0.7179 -0.0411 -0.6949
vn 0.0120 -0.7515 -0.6597
vn 0.0129 -0.7581 -0.6520
vn 0.0177 -0.7586 -0.6514
vn 0.0084 -0.7513 -0.6599
vn 0.0097 -0.7578 -0.6525
vn 0.0083 -0.7633 -0.6460
vn 0.0123 -0.7641 -0.6450
vn 0.0060 0.6401 -0.7683
vn 0.0092 0.6544 -0.7561
vn 0.0040 0.6395 -0.7688
vn 0.0070 0.6404 -0.7680
vn 0.0108 0.6560 -0.7547
vn 0.0128 0.6566 -0.7541
vn 0.0091 0.6692 -0.7431
vn 0.0040 0.6705 -0.7419
vn 0.0192 -0.6465 -0.7627
vn 0.0182 -0.6986 -0.7153
vn 0.0218 -0.6994 -0.7144
vn 0.0102 -0.6518 -0.7583
vn 0.0143 -0.6981 -0.7158
vn 0.0168 -0.7407 -0.6717
vn 0.0244 -0.7379 -0.6744
vn 0.0282 -0.7386 -0.6736
vn -0.2717 0.4635 -0.8435
vn -0.0931 0.5895 -0.8024
vn -0.0705 0.6002 -0.7967
vn -0.3044 0.4339 -0.8480
vn -0.1248 0.5723 -0.8105
vn -0.6417 0.2452 -0.7267
vn -0.5007 0.2700 -0.8224
vn -0.4773 0.3037 -0.8246
vn -0.6418 0.2026 -0.7397
vn -0.5173 0.2374 -0.8223
vn -0.3407 0.3960 -0.8527
vn -0.9917 -0.1260 -0.0263
vn -0.6606 -0.7500 -0.0331
vn -0.6628 -0.7480 -0.0331
vn -0.7591 0.6510 -0.0027
vn -0.7503 0.6611 -0.0023
vn -0.5278 -0.5987 -0.6024
vn 0.7503 -0.6611 0.0023
vn 0.7414 -0.6710 0.0019
vn 0.6231 -0.5302 -0.5751
vn 0.6606 0.7500 0.0331
vn 0.6585 0.7518 0.0331
vn -0.6091 0.5549 -0.5666
vn -0.0000 0.7235 -0.6904
vn 0.5446 0.6187 -0.5662
vn -0.9918 -0.1274 -0.0007
vn -0.6619 -0.7496 -0.0043
vn -0.2973 -0.3315 -0.8954
vn -0.3035 0.2718 -0.9132
vn -0.7516 0.6596 0.0034
vn -0.6631 -0.7485 -0.0043
vn -0.0000 -0.6903 -0.7235
vn 0.2887 -0.2489 -0.9245
vn -0.0080 0.0145 -0.9999
vn 0.3073 0.3552 -0.8828
vn -0.0000 0.0059 -1.0000
vn 0.0086 0.0167 -0.9998
vn -0.0000 0.0064 -1.0000
vn -0.0001 0.0061 -1.0000
vn -0.0089 0.0141 -0.9999
vn -0.0001 0.0058 -1.0000
vn 0.0084 0.0159 -0.9998
vn -0.0001 0.0063 -1.0000
vn 0.0001 0.0236 -0.9997
vn -0.0026 -0.6966 -0.7175
vn -0.0016 0.7173 -0.6967
vn 0.7486 -0.6630 -0.0038
vn -0.0037 -1.0000 -0.0057
vn 0.7500 -0.6614 -0.0038
vn 0.9922 0.1245 0.0007
vn 0.6608 0.7506 0.0039
vn 0.6597 0.7515 0.0039
vn -0.0023 1.0000 0.0052
vn -0.7503 0.6611 0.0034
vn -0.8843 -0.1053 -0.4549
vn -0.8946 -0.1046 -0.4344
vn -0.8842 -0.1091 -0.4542
vn -0.9040 -0.1078 -0.4136
vn -0.8950 -0.1009 -0.4345
vn -0.9035 -0.1114 -0.4139
vn -0.8943 -0.1080 -0.4342
vn -0.8837 -0.1109 -0.4546
vn 0.8842 0.1096 -0.4541
vn 0.8913 0.1091 -0.4401
vn 0.8841 0.1122 -0.4537
vn 0.8983 0.1113 -0.4251
vn 0.8915 0.1065 -0.4403
vn 0.8978 0.1139 -0.4253
vn 0.8910 0.1114 -0.4400
vn 0.8837 0.1135 -0.4540
vn 0.0013 0.8378 -0.5460
vn 0.0014 0.8368 -0.5475
vn 0.0024 0.8379 -0.5458
vn 0.0013 0.8359 -0.5489
vn 0.0025 0.8359 -0.5489
vn 0.0023 0.8369 -0.5474
vn 0.0031 0.8380 -0.5456
vn 0.0008 -0.8430 -0.5379
vn 0.0008 -0.8435 -0.5371
vn 0.0015 -0.8429 -0.5381
vn 0.0008 -0.8441 -0.5362
vn 0.0015 -0.8441 -0.5362
vn 0.0014 -0.8435 -0.5371
vn 0.0019 -0.8428 -0.5382
vn 0.0823 -0.4451 -0.8917
vn 0.0574 -0.5779 -0.8141
vn 0.0780 -0.4214 -0.9035
vn 0.0788 -0.4872 -0.8697
vn 0.0775 -0.6076 -0.7904
vn 0.0756 -0.3891 -0.9181
vn 0.0502 -0.3344 -0.9411
vn 0.0191 -0.1623 -0.9866
vn 0.0109 -0.2017 -0.9794
vn 0.0500 -0.2796 -0.9588
vn 0.0495 -0.2239 -0.9734
vn 0.0272 -0.1231 -0.9920
vn 0.0009 -0.0683 -0.9977
vn 0.0004 -0.0160 -0.9999
vn 0.0035 -0.0555 -0.9985
vn 0.0061 -0.0430 -0.9991
vn 0.0009 -0.0140 -0.9999
vn -0.3044 -0.9525 -0.0000
vn 0.0833 -0.9965 -0.0000
vn -0.6458 -0.7635 -0.0000
vn -0.8888 -0.4583 -0.0000
vn -0.9965 -0.0833 -0.0000
vn -0.9525 0.3044 -0.0000
vn -0.7635 0.6458 -0.0000
vn -0.4583 0.8888 -0.0000
vn -0.0833 0.9965 -0.0000
vn 0.3044 0.9525 -0.0000
vn 0.6349 0.7726 -0.0000
vn 0.8243 0.5662 -0.0000
vn 0.8747 0.4846 -0.0000
vn -0.5701 0.4822 -0.6652
vn -0.7103 0.2270 -0.6663
vn 0.9430 -0.3327 -0.0000
vn 0.9068 -0.4215 -0.0000
vn 0.7543 -0.6565 -0.0000
vn 0.4583 -0.8888 -0.0000
vn 0.4822 0.5701 -0.6652
vn 0.2270 0.7103 -0.6663
vn 0.7441 0.0622 -0.6652
vn 0.6628 0.3417 -0.6663
vn 0.5701 -0.4822 -0.6652
vn 0.7103 -0.2270 -0.6663
vn 0.0622 -0.7441 -0.6652
vn 0.3417 -0.6628 -0.6663
vn -0.4822 -0.5701 -0.6652
vn -0.2270 -0.7103 -0.6663
vn -0.7441 -0.0622 -0.6652
vn -0.6628 -0.3417 -0.6663
vn -0.0622 0.7441 -0.6652
vn -0.3417 0.6628 -0.6663
vn 0.7635 -0.6458 -0.0000
vn 0.9525 -0.3044 -0.0000
vn 0.9965 0.0833 -0.0000
vn 0.6458 0.7635 -0.0000
vn 0.8888 0.4583 -0.0000
vn 0.0093 -0.9981 -0.0601
vn 0.0164 -0.9976 -0.0678
vn 0.0370 -0.9979 -0.0527
vn 0.0706 -0.9960 -0.0548
vn 0.0622 -0.9974 -0.0352
vn 0.1241 -0.9918 -0.0289
vn 0.0492 -0.9987 -0.0130
vn 0.1004 -0.9949 -0.0101
vn 0.0257 -0.9997 -0.0044
vn 0.0111 -0.9999 -0.0015
vn 0.0023 -1.0000 -0.0000
vn 0.0051 -1.0000 -0.0003
vn -0.9999 -0.0043 -0.0101
vn -1.0000 -0.0003 -0.0031
vn -0.6446 -0.7158 -0.2687
vn -0.9774 -0.1238 -0.1714
vn -0.9631 -0.1847 -0.1958
vn -0.9577 -0.1910 -0.2153
vn -0.9817 -0.1168 -0.1501
vn -0.9788 -0.1434 -0.1463
vn 0.0704 -0.9523 0.2969
vn 0.0311 -0.9752 0.2193
vn -0.0071 -0.9941 -0.1078
vn -0.0004 -0.9973 -0.0736
vn 0.0478 -0.9227 -0.3826
vn 0.0588 -0.9286 -0.3663
vn 0.1511 -0.6817 -0.7159
vn -0.0701 0.9468 -0.3141
vn -0.0704 0.9468 -0.3139
vn -0.0699 0.9468 -0.3143
vn -0.0364 0.9503 -0.3092
vn -0.0442 0.8857 0.4621
vn -0.0441 0.8857 0.4621
vn -0.0443 0.8857 0.4621
vn -0.0020 0.9232 -0.3844
vn -0.0022 0.9232 -0.3843
vn -0.0018 0.9232 -0.3844
vn -0.0019 0.9261 -0.3772
vn -0.0317 0.8922 0.4506
vn -0.0434 0.8914 0.4510
vn -0.0652 0.8918 0.4478
vn 0.0037 0.0989 -0.9951
vn 0.0040 0.0946 -0.9955
vn 0.0064 0.0987 -0.9951
vn 0.0018 0.0982 -0.9952
vn 0.0020 0.0938 -0.9956
vn 0.0001 -0.6347 0.7728
vn 0.0012 -0.6346 0.7729
vn 0.0016 -0.6347 0.7728
vn -0.0001 -0.6346 0.7728
vn -0.0027 0.9213 -0.3889
vn -0.0078 0.9226 -0.3857
vn -0.0130 0.9256 -0.3782
vn -0.0176 0.9305 -0.3658
vn -0.0212 0.9327 -0.3601
vn -0.0000 0.9325 -0.3611
vn -0.0863 0.9939 0.0688
vn -0.0849 0.9945 0.0619
vn -0.0857 0.9932 0.0790
vn -0.0797 0.9956 0.0486
vn -0.0823 0.9950 0.0567
vn -0.0240 0.9997 0.0047
vn -0.0217 0.9994 -0.0273
vn -0.0209 0.9935 -0.1116
vn -0.0147 0.6931 -0.7207
vn -0.0194 0.8818 -0.4712
vn -0.0412 0.9566 0.2884
vn -0.0437 0.9178 0.3945
vn -0.0000 0.9250 0.3799
vn -0.0837 0.9918 0.0963
vn 0.0006 0.0747 -0.9972
vn 0.0005 0.0747 -0.9972
vn 0.0014 0.9832 -0.1828
vn -0.0025 0.9828 -0.1846
vn -0.0005 0.9828 -0.1845
vn 0.0046 0.3140 -0.9494
vn 0.0024 0.2255 -0.9742
vn 0.0010 0.1750 -0.9846
vn 0.0057 0.3635 -0.9316
vn 0.0057 0.3757 -0.9267
vn 0.0081 0.3755 -0.9268
vn 0.0060 0.9947 -0.1028
vn -0.0008 0.9947 -0.1027
vn -0.0049 0.9942 -0.1075
vn -0.0079 0.9941 -0.1082
vn 0.0036 -0.2810 -0.9597
vn 0.0013 -0.2819 -0.9594
vn 0.0014 -0.2818 -0.9595
vn 0.0011 -0.2818 -0.9595
vn 0.0044 -0.2807 -0.9598
vn 0.0008 -0.2820 -0.9594
vn 0.0006 -0.2817 -0.9595
vn 0.0001 -0.9985 0.0553
vn 0.0003 -0.9985 0.0554
vn 0.0002 -0.9985 0.0553
vn 0.0006 0.9955 -0.0945
vn 0.0001 0.9955 -0.0944
vn 0.0004 0.9955 -0.0945
vn 0.0002 0.9955 -0.0946
vn 0.0003 -0.9984 -0.0561
vn 0.0007 -0.9984 -0.0559
vn 0.0005 -0.9984 -0.0562
vn 0.0009 -0.9984 -0.0557
vn 0.0007 -0.9984 -0.0563
vn 0.0002 -0.9984 -0.0562
vn 0.0003 -0.9984 -0.0560
vn 0.0004 -0.9984 -0.0562
vn 0.0002 -0.9984 -0.0559
vn 0.0004 -0.9984 -0.0560
vn 0.0005 -0.9984 -0.0563
vn 0.0004 0.9955 -0.0946
vn 0.0002 0.9955 -0.0947
vn 0.0002 -0.9984 -0.0560
vn 0.3149 0.5090 0.8011
vn 0.4401 0.8961 0.0585
vn 0.6163 0.7850 0.0627
vn 0.1387 0.5547 0.8204
vn 0.3824 0.9202 0.0840
vn 0.3760 0.5128 -0.7718
vn 0.4399 0.5215 -0.7311
vn 0.6726 0.4347 -0.5988
vn -0.5820 -0.8123 0.0389
vn -0.9413 -0.0029 0.3376
vn -0.9973 0.0086 0.0726
vn -0.5813 -0.7742 0.2502
vn -0.5754 -0.0045 0.8179
vn -0.5756 0.7676 0.2820
vn -0.5754 0.8140 0.0793
vn -0.4302 -0.5924 0.6812
vn -0.0874 -0.0013 0.9962
vn -0.0887 -0.6657 0.7409
vn 0.1049 -0.0078 0.9945
vn -0.0740 0.6503 0.7561
vn -0.4238 0.5801 0.6956
vn 0.1976 -0.9777 0.0714
vn -0.0598 -0.9967 -0.0546
vn 0.3689 -0.5633 -0.7393
vn -0.1008 -0.9751 0.1974
vn -0.0510 0.9987 0.0073
vn -0.0827 0.9664 0.2434
vn 0.2788 0.9513 0.1316
vn 0.3492 0.6038 -0.7166
vn 0.0696 -0.6546 0.7528
vn -0.1274 -0.9917 -0.0149
vn -0.1802 -0.6277 0.7573
vn 0.1008 -0.6734 0.7324
vn 0.1911 -0.9810 -0.0333
vn 0.6020 -0.6336 -0.4860
vn 0.2701 -0.6672 -0.6942
vn 0.1833 -0.0248 0.9827
vn 0.0108 -0.0503 0.9987
vn 0.3865 0.5698 0.7253
vn 0.5658 0.8228 0.0536
vn 0.7545 0.5472 -0.3624
vn 0.1569 0.6500 0.7436
vn 0.5441 -0.1171 -0.8308
vn 0.8770 -0.1911 -0.4408
vn 0.7109 -0.0669 -0.7001
vn -0.0044 -0.5936 -0.8048
vn -0.0723 -0.6518 -0.7549
vn -0.2877 -0.9567 -0.0435
vn -0.3121 -0.9498 0.0221
vn -0.2996 -0.5749 0.7614
vn 0.2511 -0.0315 -0.9675
vn 0.1861 -0.0542 -0.9810
vn -0.1283 -0.0043 0.9917
vn -0.1638 -0.0502 0.9852
vn 0.0691 0.4999 0.8633
vn -0.1140 0.3190 -0.9409
vn 0.0034 0.2676 -0.9635
vn 0.0033 0.2840 -0.9588
vn -0.1463 0.2379 -0.9602
vn -0.0165 0.1656 -0.9861
vn -0.0087 0.1488 -0.9888
vn -0.0001 0.1591 -0.9873
vn -0.0068 0.1153 -0.9933
vn 0.0071 0.6388 -0.7693
vn -0.0016 0.5772 -0.8166
vn 0.0165 0.6406 -0.7677
vn -0.0097 0.6413 -0.7672
vn -0.0173 0.5744 -0.8184
vn -0.0370 0.5749 -0.8174
vn -0.0481 0.4381 -0.8976
vn 0.0275 0.3654 -0.9304
vn -0.1189 0.2668 -0.9564
vn -0.1330 0.1990 -0.9709
vn -0.1602 0.3505 -0.9227
vn -0.2537 0.2286 -0.9399
vn -0.2314 0.1761 -0.9568
vn -0.2334 0.1342 -0.9631
vn -0.0324 0.1001 -0.9945
vn -0.0289 0.1281 -0.9913
vn -0.0090 0.0793 -0.9968
vn -0.0268 0.0675 -0.9974
vn -0.0451 0.1110 -0.9928
vn -0.0235 0.0332 -0.9992
vn 0.0019 0.0682 -0.9977
vn 0.9239 0.3802 -0.0443
vn 0.9426 0.3326 -0.0292
vn 0.9451 0.3260 -0.0207
vn 0.9228 0.3798 -0.0649
vn 0.9423 0.3324 -0.0396
vn -0.0055 0.9931 -0.1175
vn -0.0035 0.9924 -0.1233
vn -0.0058 0.9919 -0.1270
vn -0.0012 0.9906 -0.1368
vn -0.0020 0.9918 -0.1277
vn -0.0057 0.9909 -0.1345
vn -0.0018 0.9876 -0.1569
vn -0.0028 0.9896 -0.1439
vn -0.0124 0.9963 -0.0849
vn -0.0086 0.9946 -0.1030
vn -0.0041 0.9947 -0.1024
vn -0.0095 0.9976 -0.0687
vn 0.0113 0.0951 -0.9954
vn 0.0090 0.0985 -0.9951
vn 0.0108 0.0991 -0.9950
vn 0.0082 0.1020 -0.9948
vn 0.0100 0.1026 -0.9947
vn 0.0058 0.1052 -0.9944
vn 0.0070 0.1057 -0.9944
vn 0.0032 0.0847 -0.9964
vn 0.0030 0.0891 -0.9960
vn 0.0008 0.0890 -0.9960
vn 0.0054 0.0840 -0.9965
vn 0.0136 0.0534 -0.9985
vn 0.0135 0.0543 -0.9984
vn 0.0138 0.0526 -0.9985
vn 0.9018 0.1334 -0.4110
vn 0.8918 0.1314 -0.4330
vn 0.8923 0.1273 -0.4331
vn 0.9014 0.1375 -0.4105
vn 0.8912 0.1353 -0.4329
vn 0.9921 0.1234 -0.0222
vn 0.9928 0.1178 -0.0237
vn 0.9914 0.1291 -0.0205
vn 0.9913 0.1295 -0.0251
vn -0.2430 0.1050 -0.9643
vn -0.2486 0.1039 -0.9630
vn -0.2428 0.1072 -0.9641
vn -0.0189 0.6489 -0.7606
vn -0.0494 0.6104 -0.7905
vn 0.0011 0.6516 -0.7586
vn 0.0072 0.6536 -0.7568
vn -0.0183 0.0601 -0.9980
vn -0.0996 0.1375 -0.9855
vn -0.0279 0.0677 -0.9973
vn -0.1985 0.2161 -0.9560
vn -0.1946 0.2320 -0.9530
vn -0.1890 0.2461 -0.9506
vn -0.9730 0.0093 -0.2304
vn -0.9845 -0.0408 -0.1706
vn -0.9858 -0.1318 -0.1040
vn -0.3045 -0.9525 -0.0000
vn -0.6352 -0.7724 -0.0000
vn -0.8247 -0.5656 -0.0000
vn -0.8752 -0.4838 -0.0000
vn -0.9071 0.4209 -0.0000
vn -0.9433 0.3319 -0.0000
vn -0.7546 0.6562 -0.0000
vn -0.4584 0.8888 -0.0000
vn 0.0012 -0.2335 -0.9724
vn -0.0079 -0.3941 -0.9190
vn -0.0064 -0.1755 -0.9845
vn 0.0831 -0.2846 -0.9550
vn 0.0415 -0.4676 -0.8830
vn 0.2238 -0.4691 -0.8543
vn 0.0901 -0.4536 -0.8866
vn 0.0070 -0.3939 -0.9191
vn 0.0138 0.6325 -0.7744
vn -0.5780 0.6836 -0.4458
vn -0.3370 0.3282 -0.8825
vn -0.3083 0.5152 -0.7997
vn 0.0039 0.9730 -0.2306
vn -0.4768 0.6189 -0.6242
vn 0.0052 0.9730 -0.2308
vn -0.5543 0.7056 -0.4414
vn -0.1847 -0.1278 -0.9745
vn -0.0052 -0.3601 -0.9329
vn -0.2648 -0.1387 -0.9543
vn -0.0026 -0.1669 -0.9860
vn -0.0037 -0.3612 -0.9325
vn -0.2682 -0.1216 -0.9557
vn -0.7072 -0.0212 -0.7067
vn -0.3718 -0.0191 -0.9281
vn -0.6513 0.0095 -0.7587
vn -0.6666 0.0448 -0.7441
vn -0.7128 -0.0110 -0.7013
vn -0.5473 0.5150 -0.6598
vn -0.3896 0.5191 -0.7607
vn -0.8759 0.0585 -0.4789
vn -0.5730 0.6670 -0.4762
vn -0.5129 0.0400 -0.8575
vn -0.8752 0.0477 -0.4814
vn -0.6156 0.6133 -0.4949
vn 0.6649 -0.2165 -0.7149
vn 0.6669 -0.1531 -0.7292
vn 0.6259 -0.1353 -0.7681
vn 0.6255 -0.1793 -0.7593
vn -0.0228 0.8586 -0.5121
vn -0.0365 0.9856 -0.1649
vn -0.0081 0.9952 -0.0976
vn -0.0358 0.6485 -0.7604
vn -0.0184 0.9856 -0.1684
vn 0.0002 0.9954 -0.0961
vn -0.5672 0.0773 -0.8199
vn -0.3000 -0.0031 -0.9539
vn -0.5474 0.0413 -0.8358
vn 0.2926 -0.4338 -0.8522
vn 0.4492 -0.3729 -0.8119
vn 0.4907 -0.3394 -0.8025
vn 0.2281 -0.2225 -0.9479
vn 0.3517 -0.2049 -0.9134
vn 0.5595 -0.3044 -0.7709
vn 0.5804 -0.2845 -0.7630
vn 0.6235 -0.1432 -0.7686
vn 0.6238 -0.1407 -0.7688
vn 0.6091 -0.2024 -0.7668
vn 0.6065 -0.2104 -0.7667
vn 0.0016 0.0131 -0.9999
vn 0.0036 0.0168 -0.9999
vn 0.0011 0.0268 -0.9996
vn -0.0039 0.0184 -0.9998
vn 0.0055 0.0289 -0.9996
vn 0.0035 0.0419 -0.9991
vn -0.3514 -0.0269 -0.9358
vn 0.0108 0.0281 -0.9995
vn 0.0075 0.0451 -0.9990
vn 0.0199 0.0503 -0.9985
vn 0.0164 0.0280 -0.9995
vn -0.0033 0.0492 -0.9988
vn -0.0021 0.0425 -0.9991
vn 0.0058 0.0652 -0.9979
vn 0.0026 0.0746 -0.9972
vn 0.0069 0.0628 -0.9980
vn -0.0057 0.0605 -0.9982
vn -0.9999 0.0141 -0.0020
vn -0.9938 0.1112 -0.0011
vn -0.9999 0.0133 0.0001
vn -0.9905 0.1367 -0.0150
vn -0.9160 0.4011 -0.0055
vn -0.1311 0.9907 0.0352
vn -0.0775 0.9964 0.0337
vn -0.0442 0.9986 0.0303
vn -0.0270 0.9993 0.0275
vn -0.1882 0.9817 0.0293
vn -0.5888 0.8070 0.0451
vn -0.5753 0.8132 0.0878
vn -0.4527 0.8899 0.0562
vn -0.4170 0.8908 0.1804
vn -0.6008 0.7694 0.2167
vn -0.5749 0.7924 0.2040
vn -0.5670 0.8062 0.1693
vn -0.7229 0.6525 0.2276
vn -0.7669 0.6138 0.1873
vn -0.0657 0.9396 0.3358
vn -0.0891 0.9148 0.3940
vn -0.3472 -0.9067 -0.2395
vn -0.1498 -0.6127 -0.7760
vn -0.0663 -0.9351 -0.3481
vn -0.8019 -0.4855 0.3481
vn -0.5816 -0.6224 -0.5238
vn -0.9658 -0.1418 0.2171
vn -0.7235 -0.0354 -0.6894
vn -0.1839 0.0189 -0.9828
vn -0.0741 0.9921 -0.1013
vn -0.2585 0.9404 0.2210
vn -0.0560 0.9948 0.0848
vn -0.7054 0.5700 0.4213
vn -0.4326 0.9010 0.0321
vn -0.5982 0.6119 0.5174
vn -0.1918 0.9467 0.2590
vn -0.0440 0.9874 0.1520
vn -0.2557 0.9019 0.3480
vn -0.0608 0.9629 0.2630
vn -0.6651 0.4909 0.5627
vn -0.6112 0.4694 0.6372
vn -0.3306 0.7229 0.6068
vn -0.0962 0.8027 0.5885
vn -0.1462 -0.9845 -0.0966
vn -0.0486 -0.9780 -0.2031
vn -0.0354 -0.9799 -0.1964
vn -0.4978 -0.8444 0.1981
vn -0.2029 -0.9757 -0.0828
vn -0.5973 -0.7774 0.1970
vn -0.6900 0.6064 -0.3952
vn -0.1731 0.7120 -0.6805
vn -0.8715 0.1716 0.4593
vn -0.3162 -0.8959 0.3122
vn -0.0564 -0.9920 -0.1126
vn -0.1074 -0.9378 0.3300
vn -0.5811 -0.7186 0.3819
vn -0.2204 -0.9749 -0.0320
vn -0.5914 -0.7601 0.2691
vn -0.3493 0.3739 0.8592
vn -0.1379 0.3483 0.9272
vn -0.7153 0.0603 0.6962
vn -0.6517 -0.1287 0.7474
vn -0.3320 -0.0908 0.9389
vn -0.1301 -0.0886 0.9875
vn -0.8000 -0.2096 0.5622
vn -0.5654 -0.7742 0.2845
vn -0.7122 -0.3623 0.6013
vn -0.6746 0.4995 0.5435
vn -0.7199 -0.1816 0.6699
vn -0.9996 -0.0087 0.0273
vn -0.9996 -0.0090 0.0263
vn -0.5751 0.5810 0.5759
vn -0.6580 0.0279 0.7525
vn -0.7291 0.6823 0.0535
vn -0.9990 -0.0163 0.0404
vn -0.9991 -0.0163 0.0393
vn -0.9997 0.0174 -0.0194
vn -0.9995 0.0219 -0.0246
vn -0.7349 0.6758 0.0572
vn -0.5739 0.8132 -0.0965
vn -0.6997 0.6589 -0.2760
vn -0.5165 0.7973 -0.3124
vn 0.1136 0.9752 -0.1898
vn 0.0505 0.9841 -0.1703
vn 0.1342 0.9858 -0.1013
vn 0.4161 0.8802 -0.2281
vn 0.4047 0.8865 -0.2243
vn 0.2198 -0.2399 0.9456
vn -0.0814 0.1188 0.9896
vn -0.0322 -0.2411 0.9700
vn -0.1018 0.6015 0.7924
vn 0.2107 -0.0209 0.9773
vn -0.0256 0.8576 0.5137
vn 0.9025 0.1880 -0.3876
vn 0.9615 0.0990 -0.2562
vn 0.9063 0.1906 -0.3771
vn 0.6579 0.6979 -0.2831
vn 0.9589 0.0993 -0.2657
vn 0.7261 0.6503 -0.2235
vn 0.9998 0.0162 -0.0146
vn 0.9999 0.0120 -0.0006
vn 0.6887 0.6044 -0.4005
vn 0.8261 0.3564 -0.4365
vn 0.6803 0.6179 -0.3942
vn 0.4869 0.8361 -0.2527
vn 0.8238 0.3497 -0.4462
vn 0.5807 0.7546 -0.3056
vn 0.7708 -0.1594 0.6168
vn 0.7734 0.6334 -0.0254
vn 0.7529 -0.0923 0.6517
vn 0.5203 0.8024 -0.2924
vn 0.3436 0.9283 -0.1418
vn 0.5313 0.7932 -0.2977
vn 0.4061 0.8953 -0.1833
vn 0.4130 0.5864 0.6969
vn 0.0777 0.9969 0.0101
vn -0.6714 0.7357 0.0892
vn -0.9872 0.1243 0.1001
vn -0.9931 0.0735 0.0916
vn -0.9875 0.1288 0.0915
vn -0.9926 0.0690 0.0994
vn -0.9970 0.0195 0.0752
vn -0.9975 0.0248 0.0664
vn -0.9935 0.0782 0.0832
vn -0.9876 0.1337 0.0829
vn -0.0690 0.9932 0.0933
vn -0.0196 0.9957 0.0901
vn -0.0667 0.9933 0.0942
vn -0.0200 0.9958 0.0895
vn 0.0251 0.9964 0.0815
vn 0.0413 0.9955 0.0850
vn -0.0228 0.9956 0.0907
vn -0.0694 0.9931 0.0941
vn -0.9497 0.3079 0.0571
vn -0.9500 0.3076 0.0547
vn -0.9501 0.3074 0.0534
vn -0.9505 0.3043 0.0628
vn -0.9498 0.3078 0.0570
vn -0.9510 0.3035 0.0593
vn -0.9498 0.3077 0.0565
vn -0.9498 0.3077 0.0560
vn -0.9551 0.2915 0.0524
vn -0.9580 0.2817 0.0540
vn -0.9585 0.2807 0.0495
vn -0.9514 0.3029 0.0553
vn -0.9544 0.2927 0.0583
vn -0.9537 0.2938 0.0639
vn -0.9575 0.2825 0.0586
vn -0.9598 0.2764 0.0485
vn -0.9599 0.2760 0.0490
vn -0.9599 0.2760 0.0487
vn -0.9596 0.2767 0.0502
vn -0.9595 0.2770 0.0519
vn -0.9599 0.2761 0.0492
vn -0.9963 0.0147 0.0842
vn -0.9977 -0.0377 0.0555
vn -0.9968 -0.0464 0.0650
vn -0.9948 -0.0824 0.0595
vn -0.9967 -0.0707 0.0387
vn -0.9984 -0.0292 0.0488
vn -0.2005 0.9731 0.1138
vn -0.2025 0.9722 0.1176
vn -0.2026 0.9721 0.1178
vn -0.2016 0.9722 0.1194
vn -0.2004 0.9731 0.1139
vn -0.2019 0.9721 0.1195
vn -0.2004 0.9731 0.1140
vn -0.2024 0.9722 0.1174
vn -0.1045 0.9900 0.0949
vn -0.0921 0.9912 0.0951
vn -0.1050 0.9898 0.0960
vn -0.0926 0.9912 0.0942
vn -0.0930 0.9911 0.0955
vn -0.1059 0.9896 0.0974
vn -0.2035 0.9710 0.1255
vn -0.2035 0.9710 0.1257
vn -0.2035 0.9710 0.1252
vn -0.2030 0.9706 0.1291
vn -0.2030 0.9706 0.1293
vn -0.2029 0.9706 0.1294
vn -0.2189 0.9667 0.1325
vn -0.2095 0.9693 0.1285
vn -0.2090 0.9694 0.1291
vn -0.2193 0.9668 0.1308
vn -0.2101 0.9693 0.1277
vn -0.2021 0.9720 0.1195
vn -0.7914 0.6038 0.0953
vn -0.7915 0.6037 0.0953
vn -0.7914 0.6039 0.0952
vn -0.7839 0.6135 0.0956
vn -0.7841 0.6132 0.0961
vn -0.7914 0.6038 0.0951
vn -0.7838 0.6137 0.0952
vn -0.7237 0.6827 0.1012
vn -0.7242 0.6820 0.1021
vn -0.4264 0.9045 -0.0130
vn -0.8708 0.4852 -0.0791
vn -0.8712 0.4848 -0.0781
vn -0.4935 0.8691 -0.0340
vn -0.8705 0.4857 -0.0801
vn -0.7917 0.6039 0.0919
vn -0.7914 0.6041 0.0935
vn -0.7915 0.6038 0.0953
vn -0.4788 0.8692 0.1231
vn -0.7235 0.6831 0.0994
vn -0.4731 0.8720 0.1256
vn -0.4725 0.8725 0.1247
vn -0.1650 0.9095 0.3816
vn -0.2993 0.8815 0.3652
vn -0.1653 0.9119 0.3756
vn -0.1675 0.9073 0.3857
vn -0.3598 0.8618 0.3576
vn -0.2496 0.9124 0.3243
vn -0.1171 0.9109 0.3956
vn -0.1193 0.8413 0.5272
vn 0.0605 0.9503 0.3053
vn 0.0337 0.9281 0.3708
vn 0.0074 0.9255 0.3787
vn 0.0907 0.9435 0.3188
vn 0.0366 0.9261 0.3756
vn 0.0357 0.9248 0.3788
vn -0.2232 0.8937 0.3892
vn -0.4760 0.7711 0.4228
vn -0.3616 0.8279 0.4288
vn -0.1375 0.9216 0.3630
vn -0.2532 0.8910 0.3769
vn -0.1109 0.9328 0.3429
vn -0.2848 0.8741 0.3934
vn -0.6822 0.5861 0.4371
vn 0.0001 0.8974 0.4413
vn 0.0121 0.8944 0.4472
vn 0.0019 0.8940 0.4481
vn -0.0031 0.9056 0.4241
vn 0.0063 0.8984 0.4392
vn -0.0007 0.9068 0.4215
vn 0.0148 0.9012 0.4332
vn 0.0255 0.8963 0.4428
vn -0.0054 0.9092 0.4163
vn -0.0078 0.9100 0.4144
vn -0.0024 0.9050 0.4255
vn -0.0084 0.8929 0.4501
vn -0.0123 0.8931 0.4497
vn -0.5668 -0.2477 0.7858
vn -0.5741 -0.2097 0.7914
vn -0.5416 -0.3775 0.7511
vn -0.5836 0.1249 0.8024
vn -0.5990 -0.0426 0.7996
vn -0.6094 -0.1204 0.7837
vn -0.6179 -0.2579 0.7428
vn -0.6637 -0.3084 0.6814
vn -0.0501 0.9672 0.2490
vn -0.1006 0.9524 0.2877
vn -0.0687 0.9564 0.2840
vn -0.0172 0.9763 0.2158
vn -0.0178 0.9800 0.1983
vn -0.0359 0.9801 0.1950
vn -0.0970 0.9733 0.2078
vn -0.0143 0.8210 0.5708
vn -0.0087 0.7590 0.6511
vn -0.0121 0.7489 0.6626
vn -0.0100 0.8252 0.5647
vn 0.0156 0.9130 0.4078
vn 0.0042 0.9143 0.4049
vn 0.0009 0.9191 0.3941
vn 0.0287 0.9081 0.4177
vn 0.0192 0.9070 0.4206
vn 0.0322 0.9018 0.4309
vn 0.0026 0.9095 0.4158
vn -0.0070 0.9134 0.4070
vn -0.0133 0.8940 0.4479
vn -0.0066 0.9169 0.3990
vn -0.0134 0.8949 0.4460
vn -0.0090 0.9202 0.3913
vn -0.6203 0.4514 0.6415
vn -0.6568 0.4776 0.5835
vn -0.6339 0.4846 0.6028
vn -0.5415 0.4271 0.7241
vn -0.6360 0.4463 0.6295
vn -0.5380 0.4270 0.7268
vn -0.6530 0.4406 0.6160
vn -0.6812 0.4695 0.5617
vn -0.3773 0.4134 0.8287
vn -0.2053 0.4324 0.8780
vn -0.3689 0.3961 0.8408
vn -0.1694 0.3111 0.9352
vn -0.4226 0.3956 0.8154
vn -0.5437 0.4191 0.7271
vn 0.8607 0.4751 0.1829
vn 0.8464 0.4974 0.1904
vn 0.8467 0.4977 0.1881
vn 0.8837 0.4351 0.1723
vn 0.8589 0.4767 0.1870
vn 0.8793 0.4409 0.1804
vn 0.8573 0.4781 0.1911
vn 0.8474 0.4950 0.1920
vn -0.0161 0.7640 0.6450
vn -0.0148 0.6784 0.7345
vn -0.0072 0.5879 0.8089
vn -0.0142 0.8945 0.4469
vn -0.0172 0.7949 0.6065
vn -0.0164 0.8082 0.5887
vn -0.0143 0.7173 0.6966
vn -0.0002 -0.5848 0.8112
vn -0.0001 -0.5793 0.8151
vn 0.0002 -0.5850 0.8110
vn -0.0007 -0.5846 0.8113
vn -0.0023 -0.5783 0.8158
vn -0.0046 -0.5774 0.8165
vn -0.0062 -0.5409 0.8410
vn -0.0023 -0.5426 0.8400
vn -0.0885 -0.4743 0.8759
vn -0.0007 -0.5777 0.8163
vn -0.0013 -0.6004 0.7997
vn -0.0866 -0.4662 0.8804
vn -0.0003 -0.5573 0.8303
vn 0.0947 -0.4744 0.8752
vn 0.1008 -0.4858 0.8682
vn -0.0043 -0.4674 0.8840
vn -0.0106 -0.5397 0.8418
vn -0.0076 -0.4661 0.8847
vn -0.0113 -0.4657 0.8849
vn 0.0012 -0.4034 0.9150
vn -0.0001 -0.4036 0.9149
vn 0.0234 -0.4023 0.9152
vn 0.0229 -0.4021 0.9153
vn 0.0238 -0.4024 0.9151
vn 0.0183 -0.4020 0.9155
vn 0.0177 -0.4020 0.9155
vn 0.0171 -0.4020 0.9155
vn 0.8309 0.5559 -0.0239
vn 0.9983 -0.0536 -0.0245
vn 0.9985 -0.0503 -0.0222
vn 0.7236 0.6899 -0.0216
vn 0.9980 -0.0570 -0.0269
vn 0.7915 -0.6110 -0.0161
vn 0.6875 -0.7260 -0.0133
vn 0.4930 -0.8700 -0.0084
vn -0.0035 1.0000 -0.0000
vn -0.0047 1.0000 0.0001
vn 0.5198 0.8541 -0.0168
vn 0.0001 -1.0000 -0.0000
vn -0.0012 0.9910 0.1336
vn -0.0058 0.9846 0.1748
vn -0.0009 0.9845 0.1754
vn -0.0012 0.9933 0.1157
vn -0.0071 0.9910 0.1333
vn -0.0076 0.9933 0.1155
vn -0.0160 0.9911 0.1322
vn -0.0131 0.9849 0.1725
vn 0.0305 0.9869 0.1586
vn -0.0376 0.9900 0.1361
vn -0.0254 0.9841 0.1757
vn -0.0363 0.9929 0.1133
vn -0.0210 0.9925 0.1203
vn -0.0245 0.9934 0.1117
vn -0.1299 0.9797 0.1524
vn -0.0005 0.9775 0.2107
vn -0.1344 0.9873 0.0852
vn -0.0320 0.9876 0.1536
vn -0.0404 0.9933 0.1080
vn -0.1080 0.9837 0.1441
vn -0.0142 0.9879 0.1545
vn -0.0134 0.9936 0.1118
vn 0.0098 0.4761 -0.8793
vn 0.0001 0.4638 -0.8859
vn 0.0001 0.4638 -0.8860
vn 0.0099 0.4758 -0.8795
vn 0.0002 0.4638 -0.8859
vn 0.0001 0.4670 -0.8842
vn -0.0000 0.4670 -0.8842
vn -0.0347 0.9811 0.1904
vn 0.0008 0.8684 -0.4959
vn -0.0139 0.9811 0.1928
vn -0.0017 0.9996 -0.0273
vn -0.0035 0.9815 0.1916
vn 0.0008 0.9092 -0.4163
vn 0.0120 0.4920 -0.8705
vn 0.0129 0.4912 -0.8710
vn 0.0133 0.4903 -0.8715
vn 0.9381 0.3461 0.0152
vn 0.9717 0.2362 -0.0058
vn 0.9381 0.3441 0.0397
vn 0.9720 0.2328 -0.0324
vn 0.9953 0.0531 -0.0805
vn 0.9975 0.0532 -0.0462
vn 0.9706 0.2403 0.0172
vn 0.9363 0.3463 0.0589
vn -0.0011 0.9797 0.2007
vn -0.0005 0.9789 0.2042
vn -0.3099 0.9502 -0.0317
vn -0.0525 0.9971 0.0557
vn -0.0703 0.9968 0.0373
vn -0.2051 0.9786 -0.0186
vn -0.0129 0.9979 0.0632
vn -0.0117 0.9991 0.0411
vn 0.8117 0.5773 0.0890
vn 0.8652 0.4928 0.0924
vn 0.8097 0.5790 0.0959
vn 0.8139 0.5750 0.0835
vn 0.8664 0.4917 0.0873
vn 0.8676 0.4904 0.0829
vn 0.8983 0.4330 0.0750
vn 0.8981 0.4325 0.0803
vn -0.7045 0.6622 0.2554
vn -0.3057 0.9419 0.1391
vn -0.6557 0.7395 0.1522
vn -0.3153 0.9213 0.2278
vn -0.3207 0.9459 0.0485
vn -0.6185 0.7854 0.0247
vn 0.7087 0.7006 0.0833
vn 0.7054 0.7027 0.0927
vn 0.5225 0.8468 0.1001
vn 0.5193 0.8508 0.0804
vn 0.7125 0.6975 0.0761
vn 0.0002 0.9684 0.2494
vn 0.0037 0.9195 0.3930
vn -0.0009 0.9255 0.3787
vn -0.0003 0.9757 0.2191
vn 0.0005 0.9693 0.2458
vn -0.0016 0.9293 0.3692
vn -0.0002 0.9687 0.2481
vn -0.0002 0.9686 0.2487
vn -0.0012 0.9306 0.3660
vn -0.0001 0.9756 0.2195
vn -0.9934 0.0955 0.0640
vn -0.7662 -0.4537 -0.4551
vn -0.9780 0.1602 0.1337
vn -0.9989 -0.0131 -0.0451
vn -0.7727 -0.4483 -0.4495
vn -0.7791 -0.4428 -0.4438
vn -0.3863 -0.6666 -0.6376
vn -0.3753 -0.6670 -0.6436
vn -0.0176 0.9857 0.1675
vn -0.0101 0.9798 0.1996
vn -0.0073 0.9784 0.2067
vn -0.8997 0.2202 -0.3770
vn -0.9074 0.1416 -0.3957
vn -0.9136 0.1968 -0.3558
vn -0.9002 0.2219 -0.3746
vn -0.9021 0.1357 -0.4096
vn -0.9020 0.1114 -0.4170
vn -0.8796 0.0960 -0.4659
vn -0.8813 0.1048 -0.4608
vn -0.8778 -0.0778 0.4727
vn -0.8940 -0.1065 0.4353
vn -0.8989 -0.1093 0.4242
vn -0.8732 -0.0881 0.4794
vn -0.8836 -0.1099 0.4552
vn -0.8930 -0.1194 0.4338
vn -0.9021 -0.1197 0.4147
vn -0.9052 -0.1245 0.4063
vn -0.8595 0.0805 -0.5047
vn -0.8808 0.0836 -0.4661
vn -0.8663 0.0774 -0.4935
vn -0.8811 0.0860 -0.4651
vn -0.8866 0.0787 -0.4558
vn -0.8657 0.0724 -0.4953
vn -0.9050 -0.1005 0.4133
vn -0.9007 -0.1053 0.4215
vn -0.8993 -0.1017 0.4253
vn -0.9047 -0.0439 0.4238
vn -0.9047 -0.0240 0.4254
vn -0.9376 0.1771 0.2992
vn -0.9536 0.3008 0.0130
vn -0.8735 0.4720 -0.1193
vn -0.9431 0.3178 -0.0981
vn -0.8763 0.4816 0.0149
vn -0.7069 0.6216 -0.3374
vn -0.8739 0.4045 -0.2696
vn -0.9290 0.2979 -0.2194
vn -0.8402 -0.1185 0.5291
vn -0.8460 -0.1048 0.5229
vn -0.8179 -0.1162 0.5635
vn -0.8552 -0.1551 0.4945
vn -0.8667 -0.1122 0.4861
vn -0.8792 -0.1274 0.4591
vn -0.8645 -0.0988 0.4929
vn -0.8766 -0.1587 0.4542
vn -0.8882 -0.1413 0.4371
vn -0.8902 -0.1219 0.4390
vn -0.9000 -0.0877 0.4271
vn -0.7027 0.6032 0.3772
vn -0.3100 0.8882 0.3392
vn -0.3855 0.9135 -0.1301
vn -0.5611 0.7840 -0.2657
vn -0.6454 0.7488 -0.1506
vn 0.0408 0.9816 -0.1864
vn -0.0482 0.9912 -0.1234
vn 0.0244 0.9634 -0.2670
vn -0.0546 0.9950 -0.0841
vn -0.1623 0.9851 -0.0570
vn -0.1468 0.9854 -0.0859
vn 0.1945 -0.7421 -0.6415
vn -0.3558 -0.6785 -0.6427
vn 0.1800 -0.7467 -0.6403
vn 0.1717 -0.7501 -0.6386
vn 0.7667 -0.5724 -0.2907
vn 0.7742 -0.5623 -0.2906
vn 0.9334 0.0519 0.3551
vn 0.9299 0.0693 0.3612
vn 0.9447 0.0146 0.3277
vn 0.7815 0.2949 0.5498
vn 0.7861 0.2918 0.5449
vn 0.7923 0.2888 0.5374
vn 0.0060 0.6757 0.7372
vn 0.0042 0.6506 0.7594
vn -0.0134 0.6682 0.7438
vn -0.0538 0.6386 0.7677
vn -0.0306 0.6754 0.7368
vn 0.0026 0.6771 0.7359
vn -0.0417 0.5346 0.8441
vn -0.0257 0.6362 0.7711
vn -0.1394 0.3943 0.9083
vn -0.0790 0.5572 0.8266
vn -0.1088 0.5395 0.8350
vn -0.7026 0.5555 0.4448
vn -0.6689 0.5388 0.5121
vn -0.6880 0.5333 0.4922
vn -0.7114 0.5685 0.4131
vn -0.6918 0.5586 0.4576
vn -0.7083 0.5697 0.4168
vn -0.6841 0.5609 0.4662
vn -0.6522 0.5436 0.5284
vn -0.7140 0.5756 0.3986
vn -0.7041 0.4511 0.5485
vn -0.7134 0.5764 0.3985
vn -0.6883 0.3744 0.6214
vn -0.7135 0.5772 0.3971
vn -0.7074 0.5705 0.4173
vn -0.5350 0.2138 0.8173
vn -0.5739 0.2652 0.7748
vn -0.4645 0.3133 0.8283
vn -0.4182 0.2030 0.8854
vn -0.5374 0.1018 0.8371
vn -0.6781 0.2609 0.6871
vn -0.5275 0.3458 0.7760
vn -0.4581 0.3858 0.8008
vn -0.5230 0.4039 0.7506
vn -0.5111 0.4037 0.7588
vn -0.3842 0.4024 0.8309
vn -0.3632 0.3212 0.8746
vn -0.3815 0.7008 0.6027
vn -0.5847 0.4680 0.6627
vn -0.4010 0.6423 0.6532
vn -0.5701 0.5135 0.6414
vn -0.6965 0.3547 0.6238
vn -0.7654 0.1878 0.6156
vn -0.6853 0.2475 0.6849
vn -0.5523 0.3277 0.7666
vn -0.9253 0.2029 -0.3204
vn -0.9158 0.1826 -0.3577
vn -0.9196 0.2009 -0.3376
vn -0.9293 0.2021 -0.3092
vn -0.9173 0.1788 -0.3559
vn -0.9201 0.1698 -0.3529
vn -0.9011 0.1320 -0.4129
vn -0.8995 0.1404 -0.4137
vn -0.8810 0.0763 -0.4669
vn -0.8882 0.0610 -0.4554
vn -0.8809 0.0754 -0.4673
vn -0.8946 0.0714 -0.4412
vn -0.9212 0.0900 -0.3786
vn -0.9117 0.0395 -0.4089
vn 0.1757 0.9820 -0.0701
vn 0.1388 0.9863 -0.0889
vn 0.5527 0.7964 -0.2455
vn 0.0389 0.9992 -0.0127
vn 0.0323 0.9993 -0.0196
vn 0.0173 0.9998 -0.0101
vn 0.0179 0.9998 -0.0119
vn 0.0170 0.9997 -0.0157
vn 0.1588 -0.9829 -0.0933
vn 0.2139 -0.9734 -0.0819
vn 0.6208 -0.7305 -0.2846
vn -0.0020 -0.9999 -0.0119
vn 0.0312 -0.9994 -0.0168
vn 0.0107 -0.9999 -0.0035
vn 0.0452 -0.9989 -0.0099
vn -0.9870 0.0569 0.1505
vn -0.9959 0.0584 0.0696
vn -0.9955 0.0658 0.0679
vn -0.9836 0.0455 -0.1748
vn -0.9870 0.0532 0.1517
vn -0.9974 0.0672 -0.0244
vn -0.9865 0.0448 0.1574
vn -0.9967 0.0398 0.0714
vn -0.9966 0.0189 0.0799
vn -0.9980 0.0636 0.0037
vn -0.9844 0.0361 0.1722
vn -0.9964 0.0776 0.0346
vn -0.9815 0.0397 0.1872
vn -0.9956 0.0143 0.0926
vn -0.8748 0.3130 -0.3699
vn -0.9135 0.2609 -0.3121
vn -0.8009 0.4179 -0.4288
vn -0.8834 0.0951 -0.4588
vn -0.8842 0.0939 -0.4576
vn 0.0742 0.9293 -0.3618
vn 0.0261 0.9012 -0.4326
vn 0.0125 0.8606 -0.5091
vn -0.0906 0.9210 -0.3788
vn -0.9799 0.0919 -0.1768
vn -0.9853 0.1064 -0.1335
vn -0.9660 0.1779 -0.1874
vn -0.9841 0.1499 -0.0956
vn -0.9599 0.1079 -0.2589
vn -0.9501 0.0689 -0.3043
vn -0.9246 0.1975 -0.3257
vn -0.9677 0.0883 -0.2362
vn -0.0879 0.9471 0.3087
vn -0.1249 0.9238 0.3619
vn -0.0975 0.9446 0.3136
vn -0.8770 0.1028 0.4694
vn -0.6564 0.5957 0.4629
vn -0.8540 0.2786 0.4394
vn -0.7604 0.4163 0.4986
vn -0.5460 0.6893 0.4763
vn -0.6053 0.5526 0.5730
vn -0.5933 0.5689 0.5695
vn -0.5902 0.5528 0.5882
vn -0.6184 0.5513 0.5600
vn -0.6074 0.5680 0.5553
vn -0.6194 0.5666 0.5433
vn -0.7780 0.5098 -0.3672
vn -0.6561 0.7321 -0.1831
vn -0.8375 0.5063 -0.2055
vn -0.8809 0.3122 -0.3558
vn -0.8655 0.4040 -0.2963
vn -0.8955 0.2936 -0.3344
vn -0.9310 0.2290 -0.2842
vn -0.9222 0.2253 -0.3142
vn -0.9384 0.2239 -0.2634
vn -0.9056 0.4020 0.1354
vn -0.9610 0.2539 0.1092
vn -0.9026 0.3530 0.2464
vn 0.9165 0.3706 0.1505
vn 0.9429 0.3064 0.1305
vn 0.9091 0.3832 0.1632
vn 0.9360 0.3213 0.1434
vn 0.9067 0.3866 0.1683
vn 0.8775 0.4422 0.1854
vn -0.0169 0.9933 0.1147
vn -0.0213 0.9913 0.1297
vn -0.0225 0.9933 0.1132
vn 0.0080 -0.4029 0.9152
vn 0.0078 -0.4029 0.9152
vn 0.0082 -0.4028 0.9152
vn 0.0013 -0.4034 0.9150
vn 0.0183 -0.6268 0.7790
vn 0.0194 -0.6127 0.7900
vn 0.0275 -0.6101 0.7919
vn 0.0129 -0.6266 0.7792
vn 0.0113 -0.6155 0.7880
vn 0.0175 -0.5982 0.8012
vn 0.0262 -0.5954 0.8030
vn 0.0344 -0.5925 0.8048
vn 0.0008 -0.6345 0.7729
vn 0.0064 -0.6326 0.7744
vn 0.0074 -0.6293 0.7771
vn 0.0025 -0.6339 0.7734
vn 0.0103 -0.6341 0.7732
vn 0.0232 0.8868 -0.4615
vn 0.0172 0.8917 -0.4522
vn 0.0137 0.8917 -0.4523
vn 0.0240 0.8864 -0.4624
vn 0.0239 0.8869 -0.4613
vn 0.0244 0.8864 -0.4622
vn 0.0242 0.8869 -0.4612
vn 0.0197 0.8925 -0.4507
vn -0.0004 0.9685 0.2492
vn -0.0018 0.9278 0.3730
vn -0.0002 0.9756 0.2195
vn -0.0001 0.9787 0.2054
vn 0.0001 0.4684 -0.8835
vn -0.0032 0.9777 0.2099
vn 0.0001 -0.5852 0.8109
vn -0.0133 0.7366 0.6762
vn -0.0156 0.8159 0.5779
vn -0.0130 0.8934 0.4490
vn -0.0077 0.9113 0.4117
vn -0.0001 0.8938 0.4485
vn -0.0008 0.8970 0.4420
vn -0.0015 1.0000 -0.0000
vn -0.0002 1.0000 -0.0000
vn -0.9012 0.2685 -0.3403
vn -0.8945 0.3107 -0.3214
vn -0.8860 0.3499 -0.3041
vn -0.8859 0.3946 -0.2439
vn -0.9021 0.3356 -0.2711
vn -0.0012 -0.0000 -1.0000
vn -0.0009 0.0003 -1.0000
vn -0.0012 0.0001 -1.0000
vn -0.0008 0.0001 -1.0000
vn -0.0003 0.0002 -1.0000
vn -0.0005 0.0004 -1.0000
vn -0.0010 0.0004 -1.0000
vn -0.0013 0.0001 -1.0000
vn 0.7511 -0.5970 -0.2817
vn 0.9088 -0.1561 -0.3870
vn 0.9105 -0.1460 -0.3869
vn 0.9056 -0.1496 -0.3970
vn 0.9207 -0.0271 -0.3894
vn 0.9234 -0.0062 -0.3838
vn 0.9255 0.0151 -0.3786
vn 0.0744 -0.9972 -0.0079
vn 0.3354 -0.9389 -0.0768
vn 0.4080 -0.9112 -0.0574
vn 0.8142 -0.5219 -0.2543
vn -0.0008 -0.0001 -1.0000
vn -0.0003 -0.0001 -1.0000
vn -0.0001 -0.0000 -1.0000
vn -0.0009 -0.0002 -1.0000
vn -0.0010 -0.0002 -1.0000
vn -0.0005 -0.0003 -1.0000
vn 0.9322 0.1159 -0.3430
vn 0.7261 0.6441 -0.2407
vn 0.9181 0.1637 -0.3609
vn 0.9138 0.2068 -0.3496
vn 0.0595 0.9982 -0.0077
vn 0.2797 0.9584 -0.0565
vn 0.8150 0.5429 -0.2026
vn 0.3695 0.9283 -0.0419
vn 0.0936 0.9956 0.0065
vn -0.9970 0.0656 -0.0414
vn -0.9963 0.0731 -0.0443
vn -0.9984 0.0424 -0.0385
vn -0.9950 0.0399 -0.0914
vn -0.9932 0.0651 -0.0968
vn -0.9923 0.0722 -0.1010
vn -0.9994 0.0157 -0.0324
vn -0.9997 0.0069 -0.0245
vn -0.9969 0.0009 -0.0791
vn -0.9963 0.0108 -0.0848
vn -0.9282 0.1211 -0.3517
vn -0.9304 0.1154 -0.3479
vn -0.9349 0.0169 -0.3545
vn -0.9356 0.1002 -0.3387
vn -0.9440 0.0192 -0.3293
vn -0.9391 0.0118 -0.3434
vn 0.0681 0.8178 -0.5715
vn 0.0783 0.8051 -0.5880
vn 0.0495 0.8413 -0.5383
vn 0.0790 0.8053 -0.5876
vn 0.0767 0.8123 -0.5782
vn 0.0783 0.8051 -0.5879
vn 0.0523 0.8400 -0.5401
vn -0.0181 0.9465 -0.3223
vn -0.0007 0.9511 -0.3088
vn -0.1107 0.9130 -0.3926
vn -0.0837 0.9053 -0.4164
vn -0.0383 0.8712 -0.4895
vn 0.0646 0.7215 -0.6894
vn -0.0975 0.8132 -0.5738
vn -0.1775 0.7642 -0.6200
vn 0.0672 0.7273 -0.6830
vn 0.1565 0.7490 -0.6438
vn 0.1606 0.7524 -0.6389
vn 0.1527 0.7457 -0.6486
vn -0.6344 0.5167 0.5749
vn -0.6565 0.5104 0.5555
vn -0.6802 0.5032 0.5331
vn -0.8236 -0.1685 0.5415
vn -0.8133 -0.1361 0.5657
vn -0.7922 -0.1399 0.5940
vn -0.7872 -0.1656 0.5941
vn -0.7969 -0.1936 0.5723
vn -0.8928 0.2084 0.3994
vn -0.8946 0.1276 0.4283
vn -0.9024 0.0003 0.4308
vn -0.9012 -0.0698 0.4277
vn -0.7506 0.3498 0.5606
vn -0.8270 0.1441 0.5435
vn -0.7178 0.3863 0.5792
vn -0.6983 0.4863 0.5252
vn -0.0072 0.8012 0.5983
vn -0.0069 0.8137 0.5812
vn -0.0062 0.8216 0.5700
vn -0.5810 0.0712 0.8108
vn -0.2159 0.6021 0.7687
vn -0.4093 0.3493 0.8429
vn -0.5388 -0.0046 0.8424
vn -0.4581 0.5070 0.7302
vn 0.9233 0.3590 0.1364
vn 0.8882 0.4292 0.1638
vn 0.8889 0.4287 0.1615
vn 0.9458 0.3034 0.1154
vn 0.9227 0.3597 0.1390
vn 0.9491 0.2921 0.1181
vn 0.0406 0.5629 0.8255
vn -0.0051 0.7691 0.6392
vn 0.8627 0.4735 0.1773
vn 0.8479 0.4968 0.1851
vn 0.8478 0.4971 0.1845
vn 0.8627 0.4732 0.1784
vn -0.0046 0.8281 0.5605
vn -0.1570 0.7974 0.5827
vn -0.0992 0.8869 0.4513
vn -0.6158 -0.2903 0.7325
vn -0.7466 -0.2094 0.6314
vn -0.7308 -0.1972 0.6535
vn -0.6399 -0.3070 0.7045
vn -0.7621 -0.2216 0.6084
vn -0.7687 -0.1634 0.6184
vn -0.4385 -0.4454 0.7806
vn -0.4911 -0.4089 0.7692
vn -0.4504 -0.4063 0.7950
vn -0.3768 -0.4593 0.8044
vn -0.7315 -0.1226 0.6708
vn -0.8019 -0.0098 0.5974
vn -0.7496 -0.0508 0.6600
vn -0.7866 -0.0562 0.6149
vn -0.7495 -0.1940 0.6330
vn -0.7225 -0.3974 0.5657
vn -0.8467 -0.0772 0.5264
vn -0.8685 -0.0841 0.4885
vn -0.8505 -0.2236 0.4760
vn -0.8358 -0.1384 0.5313
vn -0.8766 -0.1350 0.4619
vn -0.8699 -0.1617 0.4660
vn -0.8530 -0.1785 0.4904
vn -0.8645 -0.1776 0.4703
vn -0.8460 -0.2156 0.4877
vn -0.8597 -0.2016 0.4694
vn -0.8615 -0.1548 0.4836
vn -0.8175 -0.2831 0.5015
vn -0.7790 -0.3276 0.5346
vn -0.7747 -0.4187 0.4739
vn -0.8281 -0.3131 0.4650
vn -0.7463 -0.2081 0.6322
vn -0.7566 -0.2679 0.5964
vn -0.7660 -0.1531 0.6244
vn -0.7409 -0.3171 0.5921
vn -0.7389 -0.4399 0.5105
vn -0.7228 -0.2031 0.6606
vn -0.7299 -0.1690 0.6624
vn -0.7955 -0.1068 0.5965
vn -0.7330 -0.1482 0.6639
vn -0.7916 -0.3404 0.5075
vn -0.8166 -0.1854 0.5467
vn -0.1473 -0.5527 0.8203
vn -0.3426 -0.5706 0.7463
vn -0.0246 0.3997 -0.9163
vn -0.5238 -0.8519 -0.0017
vn 0.1044 0.9911 0.0826
vn -0.9144 0.2581 -0.3119
vn -0.0000 -0.5299 -0.8481
vn -0.9806 0.1960 -0.0000
vn 0.0281 -0.9996 -0.0000
vn 0.0121 0.9322 -0.3617
vn 0.9947 0.0927 0.0441
vn 0.6488 0.7142 -0.2625
vn -0.0081 -0.9972 -0.0738
vn -0.0177 -0.3294 0.9440
vn -0.0008 -1.0000 0.0001
vn -0.0026 0.6771 0.7359
vn -0.6490 -0.2238 0.7271
vn -0.6753 0.5833 0.4515
vn -0.0001 0.9955 0.0943
vn -0.0000 -0.9986 -0.0535
vn -0.0009 0.9954 -0.0957
vn 0.0033 -0.0128 -0.9999
vn -0.6100 0.0776 -0.7886
vn -0.7170 -0.0467 -0.6955
vn -0.0070 -0.7634 -0.6458
vn -0.0116 0.6695 -0.7427
vn -0.0282 -0.7386 -0.6736
vn -0.5446 0.6187 -0.5662
vn 0.7503 0.6611 0.0034
vn -0.6597 0.7515 0.0039
vn 0.8837 -0.1109 -0.4546
vn 0.9035 -0.1134 -0.4133
vn -0.8837 0.1135 -0.4540
vn -0.8979 0.1154 -0.4249
vn -0.0031 0.8380 -0.5456
vn -0.0031 0.8358 -0.5490
vn -0.0019 -0.8428 -0.5382
vn -0.0019 -0.8441 -0.5361
vn -0.0495 -0.2239 -0.9734
vn -0.0007 -0.9984 -0.0563
vn -0.0005 -0.9984 -0.0563
vn -0.0000 0.9864 -0.1645
vn 0.5473 0.5150 -0.6598
vn 0.2682 -0.1216 -0.9557
vn 0.6156 0.6133 -0.4949
vn -0.6649 -0.2165 -0.7149
vn -0.6255 -0.1793 -0.7593
vn -0.6259 -0.1353 -0.7681
vn -0.6669 -0.1531 -0.7292
vn -0.0002 0.9954 -0.0961
vn -0.5804 -0.2845 -0.7630
vn -0.6235 -0.1432 -0.7686
vn -0.6065 -0.2104 -0.7667
vn -0.6091 -0.2025 -0.7668
vn -0.6238 -0.1407 -0.7688
vn 0.0010 0.0585 -0.9983
vn -0.0080 0.0717 -0.9974
vn -0.0012 0.0541 -0.9985
vn 0.0038 0.0679 -0.9977
vn 0.9876 0.1337 0.0829
vn 0.1059 0.9896 0.0974
vn 0.2029 0.9706 0.1294
vn 0.4226 0.3956 0.8154
vn -0.9363 0.3463 0.0589
vn 0.0117 0.9991 0.0411
vn -0.8990 0.4323 0.0710
vn -0.7923 0.2888 0.5374
vn 0.6781 0.2609 0.6871
vn -0.0200 0.9997 -0.0125
vn -0.9344 0.3245 0.1471
vn -0.0344 -0.5925 0.8048
vn -0.0248 0.8864 -0.4622
vn 0.0013 0.0001 -1.0000
vn -0.1177 -0.9930 0.0120
vn -0.0936 0.9956 0.0065
vn 0.9923 0.0722 -0.1010
vn 0.9440 0.0192 -0.3293
vn 0.7687 -0.1634 0.6184
vn 0.7225 -0.3973 0.5657
vn 0.7409 -0.3170 0.5921
vn 0.7438 -0.4693 0.4760
vn -0.1044 0.9911 0.0826
vn -0.2005 0.9753 0.0923
vn -0.6494 -0.1919 0.7358
vn 0.9144 0.2581 -0.3119
vn -0.0224 0.9779 -0.2078
vn -0.0740 -0.0118 -0.9972
vn -0.3134 0.1329 -0.9403
vn 0.0089 0.0574 -0.9983
vn -0.0281 -0.9996 -0.0000
vn -0.0121 0.9322 -0.3617
vn -0.6702 0.6587 0.3421
vn 0.0199 0.9386 -0.3444
vn 0.1803 -0.1725 0.9684
vn -0.9999 -0.0004 -0.0117
vn 0.0127 0.0839 -0.9964
vn 0.6071 -0.2361 0.7588
vn -0.9961 0.0621 0.0620
vn -0.5431 -0.1543 0.8254
vn -0.8925 -0.0986 0.4401
vn -0.5886 -0.2306 0.7748
vn 0.0005 -0.9984 0.0563
vn 0.0009 0.9954 0.0957
vn -0.0741 0.9253 -0.3720
vn -0.1756 0.8772 0.4470
vn 0.0002 0.9955 -0.0948
vn 0.0002 0.9955 -0.0949
vn 0.6645 0.7465 0.0331
vn -0.6346 0.7728 0.0017
vn 0.6851 -0.7284 -0.0008
vn 0.0430 0.0533 -0.9977
vn -0.0042 0.0420 -0.9991
vn -0.0090 0.0061 -0.9999
vn 0.0022 0.0065 -1.0000
vn -0.0033 -0.0128 -0.9999
vn 0.0101 0.0046 -0.9999
vn 0.6261 0.0796 -0.7757
vn 0.6100 0.0776 -0.7886
vn 0.7170 -0.0467 -0.6955
vn 0.0069 -0.7511 -0.6601
vn 0.0070 -0.7634 -0.6458
vn 0.0116 0.6695 -0.7427
vn 0.0065 -0.6512 -0.7589
vn -0.6498 0.1865 -0.7369
vn -0.9035 -0.1134 -0.4133
vn 0.8979 0.1154 -0.4249
vn 0.0031 0.8358 -0.5490
vn 0.0019 -0.8441 -0.5361
vn -0.3146 -0.6008 0.7348
vn -0.0600 0.4689 -0.8812
vn 0.9206 0.3820 -0.0807
vn 0.9015 0.1401 -0.4094
vn -0.9870 -0.0196 -0.1594
vn 0.7262 -0.1758 -0.6646
vn 0.7301 -0.1083 -0.6748
vn 0.6667 -0.1093 -0.7372
vn 0.6670 -0.1516 -0.7295
vn 0.6259 -0.1416 -0.7669
vn 0.6259 -0.1396 -0.7673
vn 0.6168 -0.2003 -0.7612
vn 0.6160 -0.2064 -0.7603
vn -0.0010 0.0585 -0.9983
vn -0.0038 0.0679 -0.9977
vn 0.0012 0.0541 -0.9985
vn 0.0080 0.0717 -0.9974
vn 0.0264 0.9963 0.0812
vn -0.9930 -0.0953 0.0692
vn -0.2199 0.9669 0.1294
vn -0.7359 0.6668 -0.1177
vn -0.4107 0.8402 0.3542
vn -0.0923 -0.4642 0.8809
vn 0.0972 -0.4710 0.8768
vn 0.0114 0.4775 -0.8786
vn 0.9924 0.0467 -0.1137
vn 0.8990 0.4323 0.0710
vn 0.5185 0.8478 0.1117
vn -0.0008 0.9761 0.2173
vn -0.9082 0.1112 -0.4036
vn 0.7300 -0.6037 -0.3204
vn -0.5300 0.4254 0.7336
vn -0.6646 0.3969 0.6330
vn 0.0200 0.9997 -0.0125
vn 0.9344 0.3245 0.1471
vn 0.0248 0.8864 -0.4622
vn 0.1177 -0.9930 0.0120
vn 0.0122 0.9525 -0.3043
vt 0.088163 0.932646
vt 0.088163 0.932646
vt 0.088163 0.932646
vt 0.088163 0.932646
vt 0.088163 0.932646
vt 0.088163 0.932646
vt 0.328272 0.943515
vt 0.328272 0.943515
vt 0.328272 0.943515
vt 0.088163 0.932646
vt 0.088163 0.932646
vt 0.088163 0.932646
vt 0.088163 0.932646
vt 0.088163 0.932646
vt 0.088163 0.932646
vt 0.088163 0.932646
vt 0.088163 0.932646
vt 0.088163 0.932646
vt 0.088163 0.932646
vt 0.514053 0.841531
vt 0.516814 0.848865
vt 0.514075 0.853256
vt 0.514032 0.829807
vt 0.516877 0.838455
vt 0.517523 0.827791
vt 0.519556 0.835686
vt 0.519556 0.845782
vt 0.328272 0.943515
vt 0.328272 0.943515
vt 0.519556 0.804979
vt 0.519480 0.814343
vt 0.522020 0.799326
vt 0.519556 0.827538
vt 0.519556 0.817123
vt 0.517523 0.827791
vt 0.519258 0.811740
vt 0.524484 0.793673
vt 0.088163 0.932646
vt 0.180005 0.934585
vt 0.180005 0.934585
vt 0.180005 0.934585
vt 0.180005 0.934585
vt 0.088163 0.932646
vt 0.741852 0.330696
vt 0.767075 0.331914
vt 0.743730 0.332092
vt 0.708931 0.337349
vt 0.790420 0.331735
vt 0.904830 0.319467
vt 0.825219 0.326478
vt 0.745608 0.333488
vt 0.176550 0.930120
vt 0.176550 0.930120
vt 0.176550 0.930120
vt 0.088163 0.932646
vt 0.088163 0.932646
vt 0.088163 0.932646
vt 0.088163 0.932646
vt 0.180005 0.934585
vt 0.088163 0.932646
vt 0.088163 0.932646
vt 0.328272 0.943515
vt 0.328272 0.943515
vt 0.328272 0.943515
vt 0.328272 0.943515
vt 0.328272 0.943515
vt 0.062825 0.827535
vt 0.113621 0.820361
vt 0.124089 0.831028
vt 0.055380 0.816156
vt 0.110275 0.810029
vt 0.171012 0.812545
vt 0.170281 0.824534
vt 0.169551 0.836523
vt 0.100774 0.822946
vt 0.077259 0.812915
vt 0.100811 0.812379
vt 0.077235 0.823350
vt 0.059080 0.813773
vt 0.059079 0.803494
vt 0.077427 0.801133
vt 0.101077 0.800298
vt 0.133289 0.822791
vt 0.171187 0.812424
vt 0.171189 0.822776
vt 0.133314 0.812218
vt 0.133502 0.800116
vt 0.171186 0.802072
vt 0.058791 0.773353
vt 0.077697 0.786889
vt 0.058935 0.788424
vt 0.077596 0.771334
vt 0.101207 0.785698
vt 0.101077 0.800298
vt 0.077427 0.801133
vt 0.133830 0.785011
vt 0.171195 0.784730
vt 0.101207 0.785699
vt 0.096400 0.769314
vt 0.133803 0.768351
vt 0.171205 0.767388
vt 0.538635 0.774416
vt 0.531439 0.755159
vt 0.537506 0.755159
vt 0.532935 0.793673
vt 0.530535 0.774579
vt 0.528710 0.793673
vt 0.526123 0.776050
vt 0.525372 0.755159
vt 0.909052 0.777246
vt 0.896864 0.758237
vt 0.909744 0.758237
vt 0.913895 0.793673
vt 0.897062 0.780475
vt 0.897716 0.802972
vt 0.883247 0.782671
vt 0.883985 0.758237
vt 0.607865 0.760286
vt 0.607514 0.775733
vt 0.607593 0.757723
vt 0.607865 0.776979
vt 0.607416 0.793673
vt 0.606966 0.793673
vt 0.607236 0.774772
vt 0.607321 0.755159
vt 0.870170 0.780475
vt 0.870703 0.758237
vt 0.869258 0.802972
vt 0.856978 0.793673
vt 0.858613 0.777246
vt 0.857422 0.758237
vt 0.606611 0.774452
vt 0.604621 0.755159
vt 0.609608 0.793673
vt 0.612251 0.793673
vt 0.601957 0.774416
vt 0.601921 0.755159
vt 0.835453 0.758237
vt 0.834735 0.775955
vt 0.834538 0.758237
vt 0.836287 0.775954
vt 0.834822 0.793673
vt 0.833623 0.793673
vt 0.833623 0.775955
vt 0.833623 0.758237
vt 0.843104 0.775955
vt 0.839014 0.758237
vt 0.842574 0.758237
vt 0.841047 0.793673
vt 0.838958 0.775955
vt 0.836021 0.793673
vt 0.849776 0.776084
vt 0.849998 0.758237
vt 0.849013 0.793673
vt 0.564870 0.813317
vt 0.542204 0.804372
vt 0.565437 0.804372
vt 0.564369 0.822245
vt 0.541967 0.813366
vt 0.519056 0.822465
vt 0.519013 0.813418
vt 0.518970 0.804372
vt 0.563918 0.831146
vt 0.541969 0.822335
vt 0.543343 0.839975
vt 0.542493 0.831238
vt 0.522840 0.840278
vt 0.520948 0.831372
vt 0.563160 0.840045
vt 0.544944 0.848167
vt 0.561931 0.848475
vt 0.549722 0.855031
vt 0.531567 0.855401
vt 0.527203 0.847840
vt 0.563951 0.869227
vt 0.561204 0.860292
vt 0.576241 0.864815
vt 0.547759 0.862314
vt 0.549722 0.855031
vt 0.561113 0.853905
vt 0.572161 0.856482
vt 0.588531 0.860403
vt 0.526926 0.767385
vt 0.524204 0.780462
vt 0.523241 0.786182
vt 0.526149 0.761272
vt 0.526123 0.776050
vt 0.877621 0.804372
vt 0.858724 0.813852
vt 0.857736 0.804372
vt 0.879618 0.814446
vt 0.858559 0.825812
vt 0.838751 0.821568
vt 0.838301 0.812970
vt 0.837851 0.804372
vt 0.876770 0.844337
vt 0.892998 0.866488
vt 0.873152 0.864154
vt 0.879224 0.827177
vt 0.896949 0.845951
vt 0.900019 0.827952
vt 0.917072 0.847262
vt 0.912843 0.868823
vt 0.814724 0.868801
vt 0.807501 0.856560
vt 0.814754 0.856281
vt 0.814388 0.881331
vt 0.807749 0.868938
vt 0.803586 0.881331
vt 0.792351 0.868862
vt 0.791330 0.856448
vt 0.760360 0.868464
vt 0.760149 0.855747
vt 0.761416 0.881331
vt 0.719246 0.881331
vt 0.721187 0.867877
vt 0.721363 0.854704
vt 0.656319 0.852703
vt 0.639018 0.866404
vt 0.639237 0.852055
vt 0.655594 0.866755
vt 0.637922 0.881331
vt 0.628235 0.881331
vt 0.629893 0.866356
vt 0.630044 0.851980
vt 0.826262 0.856055
vt 0.820810 0.868638
vt 0.820794 0.855954
vt 0.826356 0.868688
vt 0.820889 0.881331
vt 0.684555 0.867276
vt 0.684781 0.853637
vt 0.683428 0.881331
vt 0.647609 0.881331
vt 0.719246 0.764167
vt 0.684555 0.782853
vt 0.683428 0.763249
vt 0.721187 0.784196
vt 0.684781 0.800614
vt 0.656319 0.799348
vt 0.655593 0.781589
vt 0.647609 0.762331
vt 0.827560 0.781319
vt 0.822494 0.763161
vt 0.830600 0.760088
vt 0.826618 0.800280
vt 0.821622 0.783713
vt 0.821050 0.802249
vt 0.814958 0.785695
vt 0.814388 0.766234
vt 0.638817 0.779974
vt 0.637922 0.760103
vt 0.639031 0.797942
vt 0.628398 0.796524
vt 0.628124 0.778446
vt 0.628235 0.757875
vt 0.792351 0.787237
vt 0.761416 0.766535
vt 0.803586 0.768903
vt 0.760149 0.803611
vt 0.760360 0.785963
vt 0.721363 0.801992
vt 0.808987 0.767568
vt 0.814844 0.803683
vt 0.807772 0.786984
vt 0.807512 0.804655
vt 0.618120 0.777586
vt 0.618050 0.759081
vt 0.618786 0.795226
vt 0.607865 0.793673
vt 0.622362 0.826130
vt 0.629056 0.811903
vt 0.629715 0.825508
vt 0.611258 0.826899
vt 0.620504 0.811493
vt 0.608734 0.811349
vt 0.618786 0.795226
vt 0.628398 0.796524
vt 0.831178 0.778756
vt 0.827560 0.781319
vt 0.832112 0.759162
vt 0.833623 0.793673
vt 0.830750 0.797595
vt 0.826618 0.800280
vt 0.831203 0.830910
vt 0.839770 0.814351
vt 0.840322 0.831735
vt 0.826306 0.816326
vt 0.831094 0.815251
vt 0.826618 0.800280
vt 0.830750 0.797595
vt 0.880052 0.858274
vt 0.857536 0.869768
vt 0.857675 0.858215
vt 0.880052 0.869798
vt 0.856838 0.881331
vt 0.833623 0.881331
vt 0.839764 0.869561
vt 0.840322 0.857800
vt 0.880052 0.793673
vt 0.857535 0.814101
vt 0.856838 0.793673
vt 0.880052 0.814082
vt 0.857675 0.832113
vt 0.840322 0.831735
vt 0.839770 0.814351
vt 0.880052 0.832167
vt 0.857675 0.846298
vt 0.857675 0.832113
vt 0.880052 0.846378
vt 0.857675 0.858215
vt 0.840322 0.857800
vt 0.840322 0.845732
vt 0.840322 0.831735
vt 0.830507 0.881331
vt 0.839764 0.869561
vt 0.827390 0.881331
vt 0.831087 0.869096
vt 0.826356 0.868688
vt 0.831203 0.856871
vt 0.840322 0.857800
vt 0.831203 0.856871
vt 0.840322 0.845732
vt 0.840322 0.857800
vt 0.826262 0.856054
vt 0.831203 0.844467
vt 0.826262 0.843372
vt 0.831203 0.830910
vt 0.623420 0.866613
vt 0.629893 0.866356
vt 0.619714 0.881331
vt 0.623974 0.881331
vt 0.612583 0.852741
vt 0.623309 0.852539
vt 0.630044 0.851980
vt 0.630044 0.851980
vt 0.623191 0.839407
vt 0.630003 0.838563
vt 0.623309 0.852539
vt 0.612417 0.840102
vt 0.629715 0.825508
vt 0.721363 0.801992
vt 0.684781 0.815306
vt 0.684781 0.800614
vt 0.721363 0.816690
vt 0.684781 0.828135
vt 0.656319 0.826885
vt 0.656319 0.814042
vt 0.656319 0.799348
vt 0.721363 0.829509
vt 0.684781 0.840689
vt 0.721363 0.841991
vt 0.684781 0.853637
vt 0.656319 0.852703
vt 0.656319 0.839526
vt 0.826306 0.816326
vt 0.821050 0.802249
vt 0.826262 0.830311
vt 0.820826 0.817432
vt 0.820794 0.830561
vt 0.814766 0.818460
vt 0.814844 0.803683
vt 0.826262 0.843372
vt 0.820794 0.843277
vt 0.814754 0.843776
vt 0.814754 0.831280
vt 0.639113 0.812822
vt 0.639031 0.797942
vt 0.639196 0.825854
vt 0.629057 0.811904
vt 0.628398 0.796524
vt 0.639232 0.838668
vt 0.639237 0.852054
vt 0.630044 0.851980
vt 0.630003 0.838563
vt 0.791330 0.804734
vt 0.760149 0.818199
vt 0.760149 0.803611
vt 0.791330 0.819223
vt 0.760149 0.830908
vt 0.791330 0.831834
vt 0.760149 0.843272
vt 0.791330 0.844120
vt 0.760149 0.855747
vt 0.721363 0.854704
vt 0.807512 0.804656
vt 0.807502 0.819208
vt 0.807501 0.831865
vt 0.814754 0.856281
vt 0.807501 0.844206
vt 0.791330 0.856447
vt 0.568456 0.826906
vt 0.590291 0.811423
vt 0.592251 0.827022
vt 0.567814 0.812136
vt 0.587997 0.793673
vt 0.608734 0.811349
vt 0.568816 0.849799
vt 0.593099 0.839598
vt 0.593220 0.851673
vt 0.568771 0.838339
vt 0.592251 0.827022
vt 0.611258 0.826899
vt 0.612417 0.840102
vt 0.612583 0.852741
vt 0.568406 0.881331
vt 0.593360 0.865793
vt 0.594060 0.881331
vt 0.568782 0.864489
vt 0.593220 0.851673
vt 0.612583 0.852741
vt 0.613177 0.866598
vt 0.935607 0.881331
vt 0.944764 0.870501
vt 0.944733 0.881331
vt 0.926481 0.881331
vt 0.935134 0.870164
vt 0.922181 0.869915
vt 0.935053 0.859007
vt 0.944796 0.859680
vt 0.977978 0.863857
vt 0.985408 0.857256
vt 0.985411 0.865210
vt 0.977968 0.855048
vt 0.984760 0.846530
vt 0.993034 0.853513
vt 0.992942 0.859873
vt 0.992849 0.866232
vt 0.935005 0.834876
vt 0.944510 0.823601
vt 0.944705 0.836976
vt 0.921780 0.833054
vt 0.935022 0.819621
vt 0.922145 0.815691
vt 0.935706 0.802140
vt 0.944810 0.807974
vt 0.970096 0.841884
vt 0.975977 0.829115
vt 0.977420 0.843965
vt 0.962306 0.840055
vt 0.969066 0.828039
vt 0.961640 0.827004
vt 0.967642 0.812756
vt 0.974000 0.813365
vt 0.944796 0.859680
vt 0.953899 0.849856
vt 0.953882 0.860412
vt 0.944808 0.848737
vt 0.953739 0.838583
vt 0.962553 0.851200
vt 0.962536 0.861314
vt 0.970397 0.881331
vt 0.977894 0.872517
vt 0.977809 0.881331
vt 0.962984 0.881331
vt 0.970411 0.871873
vt 0.962522 0.871306
vt 0.970472 0.862500
vt 0.967642 0.812756
vt 0.971937 0.799755
vt 0.974000 0.813365
vt 0.960830 0.812053
vt 0.966140 0.797575
vt 0.960148 0.795474
vt 0.964608 0.782574
vt 0.969876 0.787672
vt 0.921795 0.858508
vt 0.935059 0.847632
vt 0.935053 0.859006
vt 0.921797 0.846782
vt 0.935005 0.834876
vt 0.944705 0.836976
vt 0.953739 0.838583
vt 0.944705 0.836976
vt 0.953352 0.825848
vt 0.944510 0.823601
vt 0.953207 0.810911
vt 0.960830 0.812053
vt 0.953859 0.881331
vt 0.953846 0.870865
vt 0.953881 0.860412
vt 0.962536 0.861314
vt 0.954956 0.774478
vt 0.946321 0.789936
vt 0.950572 0.771480
vt 0.959340 0.777475
vt 0.953777 0.793409
vt 0.960148 0.795474
vt 0.953207 0.810911
vt 0.944810 0.807974
vt 0.938526 0.764858
vt 0.926481 0.775955
vt 0.926481 0.758237
vt 0.936847 0.783732
vt 0.935706 0.802140
vt 0.926481 0.793673
vt 0.309075 0.807106
vt 0.309075 0.807106
vt 0.309075 0.807106
vt 0.309075 0.807106
vt 0.309075 0.807106
vt 0.309075 0.807106
vt 0.858399 0.364375
vt 0.913987 0.378767
vt 0.858399 0.378767
vt 0.913987 0.348447
vt 0.913987 0.364221
vt 0.969575 0.349982
vt 0.969575 0.364375
vt 0.969575 0.378767
vt 0.858399 0.349982
vt 0.913987 0.329910
vt 0.858399 0.310144
vt 0.858399 0.330063
vt 0.913987 0.310144
vt 0.969575 0.330063
vt 0.756838 0.367279
vt 0.771231 0.422867
vt 0.771231 0.367279
vt 0.740910 0.422867
vt 0.756685 0.422867
vt 0.756838 0.478455
vt 0.771231 0.478455
vt 0.742446 0.367279
vt 0.722373 0.422867
vt 0.722527 0.367279
vt 0.702607 0.422867
vt 0.722527 0.478455
vt 0.742446 0.478455
vt 0.858399 0.297850
vt 0.913987 0.283458
vt 0.858399 0.283458
vt 0.858399 0.312243
vt 0.913987 0.298004
vt 0.913987 0.313778
vt 0.969575 0.297850
vt 0.969575 0.283458
vt 0.913987 0.332315
vt 0.858399 0.352081
vt 0.858399 0.332162
vt 0.913987 0.352081
vt 0.969575 0.332162
vt 0.969575 0.312243
vt 0.690314 0.367279
vt 0.675921 0.422867
vt 0.675921 0.367279
vt 0.706241 0.422867
vt 0.690467 0.422867
vt 0.704706 0.478455
vt 0.690314 0.478455
vt 0.675921 0.478455
vt 0.743163 0.375627
vt 0.724574 0.376861
vt 0.724556 0.376033
vt 0.742204 0.373448
vt 0.724625 0.379202
vt 0.706812 0.374220
vt 0.705949 0.376439
vt 0.756630 0.362756
vt 0.742204 0.373448
vt 0.768902 0.348739
vt 0.756032 0.362183
vt 0.766683 0.347876
vt 0.758322 0.364375
vt 0.744544 0.378767
vt 0.743163 0.367279
vt 0.724699 0.368988
vt 0.743163 0.368988
vt 0.705949 0.367279
vt 0.724556 0.367279
vt 0.707383 0.368988
vt 0.724556 0.370697
vt 0.743163 0.370697
vt 0.769324 0.330114
vt 0.768090 0.311526
vt 0.768496 0.330132
vt 0.765911 0.312485
vt 0.771665 0.330063
vt 0.772100 0.349982
vt 0.755219 0.298058
vt 0.741202 0.285786
vt 0.754646 0.298656
vt 0.740339 0.288005
vt 0.756838 0.296366
vt 0.771230 0.310144
vt 0.722578 0.285364
vt 0.703989 0.286598
vt 0.722596 0.286192
vt 0.704948 0.288777
vt 0.722527 0.283023
vt 0.742446 0.282589
vt 0.690521 0.299470
vt 0.678249 0.313486
vt 0.691119 0.300042
vt 0.680468 0.314349
vt 0.688830 0.297850
vt 0.702607 0.283458
vt 0.677828 0.332111
vt 0.679061 0.350699
vt 0.678655 0.332093
vt 0.681241 0.349740
vt 0.675487 0.332162
vt 0.675052 0.312243
vt 0.691933 0.364167
vt 0.692505 0.363569
vt 0.706812 0.374220
vt 0.690314 0.365859
vt 0.675921 0.352081
vt 0.724779 0.422867
vt 0.724625 0.478455
vt 0.704706 0.367279
vt 0.706241 0.422867
vt 0.724625 0.367279
vt 0.744544 0.422867
vt 0.744544 0.478455
vt 0.155951 0.442970
vt 0.126562 0.425735
vt 0.143537 0.414756
vt 0.097953 0.444235
vt 0.127076 0.449284
vt 0.143537 0.414756
vt 0.109124 0.415507
vt 0.125424 0.373592
vt 0.858399 0.332093
vt 0.860108 0.350699
vt 0.858399 0.350699
vt 0.860108 0.314920
vt 0.860108 0.332236
vt 0.861817 0.332093
vt 0.861817 0.350699
vt 0.703989 0.367279
vt 0.722452 0.368988
vt 0.703989 0.368988
vt 0.722596 0.367279
vt 0.739768 0.368988
vt 0.722596 0.370697
vt 0.703989 0.370697
vt 0.858399 0.311526
vt 0.860108 0.329989
vt 0.860108 0.311526
vt 0.858399 0.330132
vt 0.860108 0.347305
vt 0.861817 0.330132
vt 0.861817 0.311526
vt 0.692649 0.368988
vt 0.679061 0.367279
vt 0.692505 0.367279
vt 0.679061 0.370697
vt 0.692505 0.370697
vt 0.705949 0.370697
vt 0.858399 0.313486
vt 0.860108 0.300185
vt 0.858399 0.300042
vt 0.860108 0.286598
vt 0.861817 0.300042
vt 0.861817 0.313486
vt 0.741202 0.367279
vt 0.754503 0.368988
vt 0.754646 0.367279
vt 0.768090 0.368988
vt 0.754646 0.370697
vt 0.741202 0.370697
vt 0.858399 0.362183
vt 0.858399 0.348739
vt 0.860108 0.375627
vt 0.860108 0.362040
vt 0.861817 0.362183
vt 0.861817 0.348739
vt 0.156132 0.442970
vt 0.192878 0.437993
vt 0.163370 0.459420
vt 0.196248 0.401064
vt 0.180295 0.425946
vt 0.212998 0.407578
vt 0.206783 0.451303
vt 0.174594 0.484928
vt 0.218712 0.371560
vt 0.194983 0.343065
vt 0.201297 0.371941
vt 0.211433 0.335827
vt 0.237957 0.371141
vt 0.238972 0.417678
vt 0.190005 0.306319
vt 0.153077 0.302949
vt 0.177959 0.318902
vt 0.159590 0.286199
vt 0.203316 0.292414
vt 0.236941 0.324603
vt 0.123573 0.280485
vt 0.095078 0.304214
vt 0.123953 0.297901
vt 0.087840 0.287764
vt 0.123153 0.261240
vt 0.169691 0.260225
vt 0.058331 0.309192
vt 0.054962 0.346120
vt 0.070915 0.321238
vt 0.038211 0.339607
vt 0.044427 0.295881
vt 0.076616 0.262256
vt 0.032497 0.375624
vt 0.056227 0.404119
vt 0.049913 0.375244
vt 0.039777 0.411357
vt 0.013253 0.376044
vt 0.012238 0.329506
vt 0.061205 0.440866
vt 0.098133 0.444235
vt 0.073251 0.428282
vt 0.091619 0.460986
vt 0.047894 0.454770
vt 0.014269 0.422581
vt 0.127637 0.466700
vt 0.127257 0.449284
vt 0.128056 0.485944
vt 0.081519 0.486959
vt 0.855946 0.367279
vt 0.870339 0.422867
vt 0.870339 0.367279
vt 0.840019 0.422867
vt 0.855793 0.422867
vt 0.855946 0.478455
vt 0.870339 0.478455
vt 0.841554 0.367279
vt 0.821481 0.422867
vt 0.821635 0.367279
vt 0.801716 0.422867
vt 0.821635 0.478455
vt 0.841554 0.478455
vt 0.789422 0.367279
vt 0.775030 0.422867
vt 0.775029 0.367279
vt 0.805349 0.422867
vt 0.789575 0.422867
vt 0.803814 0.478455
vt 0.789422 0.478455
vt 0.775029 0.478455
vt 0.842271 0.375627
vt 0.823682 0.376861
vt 0.823664 0.376033
vt 0.841312 0.373448
vt 0.823733 0.379202
vt 0.805921 0.374220
vt 0.805058 0.376439
vt 0.855739 0.362756
vt 0.841312 0.373448
vt 0.868010 0.348739
vt 0.855141 0.362183
vt 0.865792 0.347876
vt 0.857430 0.364375
vt 0.843653 0.378767
vt 0.823664 0.367279
vt 0.842271 0.368988
vt 0.842271 0.367279
vt 0.806492 0.368988
vt 0.823808 0.368988
vt 0.805058 0.370697
vt 0.823664 0.370697
vt 0.842271 0.370697
vt 0.868432 0.330114
vt 0.867198 0.311526
vt 0.867605 0.330132
vt 0.865019 0.312485
vt 0.870773 0.330063
vt 0.871208 0.349982
vt 0.854327 0.298058
vt 0.840311 0.285786
vt 0.853755 0.298656
vt 0.839448 0.288005
vt 0.855946 0.296366
vt 0.870339 0.310144
vt 0.821679 0.285362
vt 0.821704 0.286192
vt 0.803985 0.288750
vt 0.801715 0.283458
vt 0.821635 0.283023
vt 0.841554 0.282589
vt 0.803097 0.286598
vt 0.789380 0.299372
vt 0.789714 0.299842
vt 0.779206 0.314205
vt 0.774160 0.312243
vt 0.787938 0.297850
vt 0.777250 0.331893
vt 0.776330 0.313087
vt 0.778169 0.350699
vt 0.776686 0.332014
vt 0.780278 0.349713
vt 0.774595 0.332162
vt 0.791614 0.363569
vt 0.791034 0.364164
vt 0.805921 0.374220
vt 0.789422 0.365859
vt 0.775029 0.352081
vt 0.805349 0.422867
vt 0.823733 0.478455
vt 0.823733 0.367279
vt 0.823887 0.422867
vt 0.843653 0.367279
vt 0.843653 0.422867
vt 0.843653 0.478455
vt 0.860108 0.332222
vt 0.858399 0.332063
vt 0.860108 0.314899
vt 0.821704 0.367279
vt 0.803097 0.368988
vt 0.803097 0.367279
vt 0.840311 0.367279
vt 0.821561 0.368988
vt 0.838876 0.368988
vt 0.821704 0.370697
vt 0.803097 0.370697
vt 0.805058 0.367279
vt 0.791757 0.368988
vt 0.791614 0.367279
vt 0.778170 0.368988
vt 0.778170 0.370697
vt 0.791614 0.370697
vt 0.858399 0.300013
vt 0.858399 0.313428
vt 0.858399 0.286598
vt 0.860108 0.300172
vt 0.853611 0.368988
vt 0.853755 0.367279
vt 0.867199 0.368988
vt 0.853755 0.370697
vt 0.840311 0.370697
vt 0.858399 0.375627
vt 0.861817 0.375627
vt 0.155951 0.442970
vt 0.192698 0.437993
vt 0.163190 0.459420
vt 0.196068 0.401064
vt 0.180114 0.425946
vt 0.212818 0.407578
vt 0.206603 0.451303
vt 0.174414 0.484928
vt 0.218532 0.371560
vt 0.194802 0.343065
vt 0.201116 0.371941
vt 0.211252 0.335827
vt 0.237776 0.371141
vt 0.238792 0.417678
vt 0.189825 0.306319
vt 0.152896 0.302949
vt 0.177778 0.318902
vt 0.159410 0.286199
vt 0.203136 0.292414
vt 0.236761 0.324603
vt 0.123393 0.280485
vt 0.094897 0.304214
vt 0.123773 0.297901
vt 0.087659 0.287764
vt 0.122973 0.261240
vt 0.169510 0.260225
vt 0.058151 0.309192
vt 0.054781 0.346120
vt 0.070734 0.321238
vt 0.038031 0.339607
vt 0.044246 0.295881
vt 0.076435 0.262256
vt 0.032317 0.375624
vt 0.056047 0.404119
vt 0.049733 0.375244
vt 0.039596 0.411357
vt 0.013073 0.376044
vt 0.012057 0.329506
vt 0.061024 0.440866
vt 0.097953 0.444235
vt 0.073070 0.428282
vt 0.091439 0.460986
vt 0.047713 0.454770
vt 0.014088 0.422581
vt 0.127456 0.466700
vt 0.127076 0.449284
vt 0.127876 0.485944
vt 0.081338 0.486959
vt 0.156132 0.442970
vt 0.126743 0.425735
vt 0.143718 0.414756
vt 0.098133 0.444235
vt 0.127257 0.449284
vt 0.143718 0.414756
vt 0.109305 0.415507
vt 0.125605 0.373592
vt 0.098133 0.444235
vt 0.089539 0.411267
vt 0.056227 0.404119
vt 0.109305 0.415507
vt 0.084441 0.391705
vt 0.073462 0.374730
vt 0.084441 0.391705
vt 0.054962 0.346120
vt 0.049913 0.375244
vt 0.084441 0.391705
vt 0.083690 0.357292
vt 0.087930 0.337526
vt 0.083690 0.357292
vt 0.095078 0.304214
vt 0.070915 0.321238
vt 0.083690 0.357292
vt 0.107492 0.332428
vt 0.124467 0.321449
vt 0.107492 0.332428
vt 0.153077 0.302949
vt 0.123953 0.297901
vt 0.141905 0.331677
vt 0.153077 0.302949
vt 0.161671 0.335917
vt 0.141905 0.331677
vt 0.194983 0.343065
vt 0.141905 0.331677
vt 0.166769 0.355479
vt 0.177748 0.372454
vt 0.166769 0.355479
vt 0.196248 0.401064
vt 0.201297 0.371941
vt 0.166769 0.355479
vt 0.167520 0.389892
vt 0.163280 0.409658
vt 0.167520 0.389892
vt 0.143718 0.414756
vt 0.097953 0.444235
vt 0.089358 0.411267
vt 0.109124 0.415507
vt 0.056047 0.404119
vt 0.109124 0.415507
vt 0.084260 0.391705
vt 0.073282 0.374730
vt 0.084260 0.391705
vt 0.054781 0.346120
vt 0.049733 0.375244
vt 0.084260 0.391705
vt 0.083509 0.357292
vt 0.087749 0.337526
vt 0.083509 0.357292
vt 0.094897 0.304214
vt 0.070734 0.321238
vt 0.083509 0.357292
vt 0.107312 0.332428
vt 0.124286 0.321449
vt 0.107312 0.332428
vt 0.152896 0.302949
vt 0.123773 0.297901
vt 0.141724 0.331677
vt 0.152896 0.302949
vt 0.161490 0.335917
vt 0.141724 0.331677
vt 0.194802 0.343065
vt 0.141724 0.331677
vt 0.166589 0.355479
vt 0.177567 0.372454
vt 0.166589 0.355479
vt 0.196068 0.401064
vt 0.201116 0.371941
vt 0.167340 0.389892
vt 0.163099 0.409658
vt 0.167340 0.389892
vt 0.167340 0.389892
vt 0.143537 0.414756
vt 0.823543 0.208511
vt 0.801792 0.209241
vt 0.807643 0.222027
vt 0.839489 0.195921
vt 0.816166 0.196489
vt 0.830304 0.183512
vt 0.809731 0.185366
vt 0.795941 0.196455
vt 0.373615 0.486377
vt 0.417769 0.457909
vt 0.413643 0.478678
vt 0.385578 0.457929
vt 0.420040 0.437406
vt 0.440912 0.427672
vt 0.445843 0.446337
vt 0.453671 0.470979
vt 0.395528 0.436402
vt 0.418669 0.418288
vt 0.420040 0.437406
vt 0.407002 0.373494
vt 0.402440 0.411841
vt 0.430368 0.406469
vt 0.838439 0.230832
vt 0.813590 0.233215
vt 0.819538 0.244403
vt 0.857341 0.217261
vt 0.831000 0.219857
vt 0.848415 0.206591
vt 0.464536 0.423330
vt 0.471380 0.435988
vt 0.455837 0.410939
vt 0.460991 0.387999
vt 0.472504 0.393657
vt 0.489088 0.400998
vt 0.443958 0.399590
vt 0.455837 0.410939
vt 0.442724 0.382055
vt 0.430368 0.406469
vt 0.460991 0.387999
vt 0.442724 0.382055
vt 0.824657 0.237750
vt 0.841439 0.227269
vt 0.822098 0.229017
vt 0.844438 0.236429
vt 0.860780 0.225521
vt 0.857341 0.215933
vt 0.838439 0.218108
vt 0.819538 0.220284
vt 0.474105 0.359213
vt 0.466743 0.361141
vt 0.457526 0.363339
vt 0.449945 0.330748
vt 0.459121 0.317429
vt 0.711692 0.234759
vt 0.709622 0.225636
vt 0.710123 0.234511
vt 0.709135 0.225615
vt 0.705312 0.217303
vt 0.708381 0.215932
vt 0.711062 0.225521
vt 0.713743 0.235109
vt 0.445151 0.365961
vt 0.457526 0.363339
vt 0.432269 0.352901
vt 0.444002 0.340623
vt 0.432269 0.352901
vt 0.820003 0.236686
vt 0.841122 0.229503
vt 0.822330 0.243580
vt 0.836846 0.221189
vt 0.860154 0.215744
vt 0.864218 0.222623
vt 0.844438 0.236549
vt 0.824657 0.250475
vt 0.420222 0.293326
vt 0.444002 0.340623
vt 0.423097 0.307771
vt 0.424119 0.322490
vt 0.391380 0.294461
vt 0.381322 0.269224
vt 0.432269 0.352901
vt 0.424119 0.322490
vt 0.444002 0.340623
vt 0.421550 0.337102
vt 0.432269 0.352901
vt 0.399897 0.313295
vt 0.405128 0.336085
vt 0.673786 0.228054
vt 0.663984 0.235419
vt 0.676822 0.236787
vt 0.661126 0.226258
vt 0.651147 0.234051
vt 0.653827 0.243639
vt 0.666842 0.244579
vt 0.679858 0.245520
vt 0.359164 0.294484
vt 0.341294 0.276924
vt 0.375184 0.312320
vt 0.354512 0.322025
vt 0.331115 0.306053
vt 0.301266 0.284623
vt 0.814886 0.224606
vt 0.817650 0.233833
vt 0.815975 0.224957
vt 0.818165 0.233750
vt 0.822145 0.242166
vt 0.819868 0.243639
vt 0.816430 0.234051
vt 0.812991 0.224463
vt 0.386979 0.329918
vt 0.375184 0.312320
vt 0.405128 0.336085
vt 0.375184 0.312320
vt 0.377200 0.341457
vt 0.354512 0.322025
vt 0.354512 0.322025
vt 0.361689 0.348616
vt 0.339387 0.338787
vt 0.364844 0.365870
vt 0.377200 0.341457
vt 0.334433 0.361698
vt 0.364844 0.365870
vt 0.796406 0.188738
vt 0.815576 0.186698
vt 0.802354 0.199925
vt 0.808137 0.175722
vt 0.828794 0.173377
vt 0.837721 0.184047
vt 0.823033 0.198044
vt 0.808301 0.211113
vt 0.312396 0.329064
vt 0.283557 0.319613
vt 0.339387 0.338787
vt 0.334433 0.361698
vt 0.304453 0.358733
vt 0.265848 0.354603
vt 0.706578 0.216471
vt 0.696840 0.210909
vt 0.696403 0.211196
vt 0.686634 0.205397
vt 0.687041 0.204871
vt 0.697711 0.210402
vt 0.334433 0.361698
vt 0.360496 0.382244
vt 0.337698 0.386387
vt 0.375299 0.395024
vt 0.364844 0.365870
vt 0.351422 0.409074
vt 0.375299 0.395024
vt 0.830411 0.210065
vt 0.814152 0.223899
vt 0.846906 0.196456
vt 0.856091 0.208865
vt 0.280832 0.396388
vt 0.310189 0.391253
vt 0.337698 0.386387
vt 0.327013 0.421642
vt 0.295816 0.438173
vt 0.821445 0.242894
vt 0.829525 0.248559
vt 0.829957 0.248169
vt 0.838095 0.254072
vt 0.837721 0.254701
vt 0.828794 0.249170
vt 0.375299 0.395024
vt 0.371106 0.427237
vt 0.384097 0.411104
vt 0.375299 0.395024
vt 0.395528 0.436402
vt 0.402440 0.411841
vt 0.793614 0.189561
vt 0.821119 0.171103
vt 0.805454 0.177051
vt 0.817055 0.164224
vt 0.802139 0.170006
vt 0.791287 0.182666
vt 0.334716 0.462275
vt 0.351422 0.409074
vt 0.353836 0.444623
vt 0.371106 0.427236
vt 0.818762 0.216949
vt 0.821878 0.208848
vt 0.822637 0.209292
vt 0.818112 0.216734
vt 0.817055 0.216434
vt 0.821119 0.208405
vt 0.705132 0.242416
vt 0.697778 0.248921
vt 0.698571 0.250073
vt 0.705588 0.242565
vt 0.706864 0.243138
vt 0.699985 0.251167
vt 0.686737 0.251758
vt 0.675035 0.254072
vt 0.674903 0.253443
vt 0.687007 0.252176
vt 0.687576 0.252934
vt 0.675167 0.254701
vt 0.831397 0.183273
vt 0.839823 0.195514
vt 0.840157 0.195107
vt 0.822637 0.171439
vt 0.830850 0.183392
vt 0.821878 0.171271
vt 0.839489 0.195921
vt 0.752800 0.117077
vt 0.720534 0.110714
vt 0.742300 0.131277
vt 0.763657 0.103491
vt 0.731225 0.095856
vt 0.741299 0.080470
vt 0.711955 0.076438
vt 0.698768 0.090150
vt 0.121724 0.463296
vt 0.158184 0.435488
vt 0.161300 0.450718
vt 0.126274 0.440977
vt 0.154405 0.420597
vt 0.174910 0.409759
vt 0.185859 0.422040
vt 0.200877 0.438140
vt 0.130037 0.424021
vt 0.149521 0.406990
vt 0.154405 0.420597
vt 0.134777 0.375782
vt 0.132752 0.405006
vt 0.154405 0.420597
vt 0.160366 0.396230
vt 0.174910 0.409759
vt 0.783255 0.167978
vt 0.773732 0.137131
vt 0.762778 0.149628
vt 0.791345 0.153526
vt 0.785477 0.125471
vt 0.204116 0.401609
vt 0.218005 0.408893
vt 0.189562 0.394665
vt 0.194331 0.376597
vt 0.211647 0.378006
vt 0.235134 0.379645
vt 0.174910 0.409759
vt 0.174358 0.388670
vt 0.172317 0.375823
vt 0.160366 0.396230
vt 0.172317 0.375823
vt 0.194331 0.376597
vt 0.797642 0.178753
vt 0.802129 0.162860
vt 0.790448 0.173366
vt 0.809898 0.169094
vt 0.814564 0.153130
vt 0.806974 0.146826
vt 0.219781 0.350861
vt 0.205555 0.354602
vt 0.190663 0.358686
vt 0.188533 0.334670
vt 0.204428 0.322077
vt 0.646988 0.230830
vt 0.642108 0.221420
vt 0.643714 0.230485
vt 0.640976 0.221491
vt 0.636455 0.211909
vt 0.637946 0.211667
vt 0.644250 0.221460
vt 0.650555 0.231253
vt 0.194331 0.376597
vt 0.175136 0.363251
vt 0.161604 0.355740
vt 0.176923 0.343962
vt 0.161604 0.355740
vt 0.777032 0.157290
vt 0.799066 0.157265
vt 0.787337 0.168022
vt 0.785624 0.143076
vt 0.811447 0.147099
vt 0.822155 0.159435
vt 0.165587 0.310618
vt 0.176923 0.343962
vt 0.161656 0.322004
vt 0.157063 0.333735
vt 0.130055 0.317417
vt 0.126745 0.299158
vt 0.161604 0.355740
vt 0.157063 0.333736
vt 0.176923 0.343962
vt 0.151398 0.345624
vt 0.161604 0.355740
vt 0.132884 0.330969
vt 0.134504 0.347744
vt 0.687681 0.050420
vt 0.685352 0.074074
vt 0.678158 0.068687
vt 0.697203 0.032154
vt 0.695450 0.056654
vt 0.712384 0.044762
vt 0.706234 0.065988
vt 0.692545 0.079462
vt 0.098136 0.322911
vt 0.087169 0.311736
vt 0.108444 0.334429
vt 0.088011 0.345230
vt 0.070470 0.336355
vt 0.047592 0.324315
vt 0.700738 0.217466
vt 0.707258 0.226875
vt 0.703936 0.217910
vt 0.707977 0.226806
vt 0.717559 0.235486
vt 0.712384 0.236826
vt 0.704794 0.227033
vt 0.697203 0.217240
vt 0.117050 0.346114
vt 0.108444 0.334429
vt 0.134504 0.347744
vt 0.106890 0.356520
vt 0.088011 0.345230
vt 0.092212 0.364435
vt 0.073287 0.360361
vt 0.094939 0.376927
vt 0.106890 0.356521
vt 0.068590 0.378392
vt 0.723838 0.082366
vt 0.713022 0.097812
vt 0.733828 0.066014
vt 0.755271 0.087265
vt 0.744744 0.102368
vt 0.733500 0.116163
vt 0.052204 0.356790
vt 0.030463 0.353562
vt 0.073287 0.360361
vt 0.068590 0.378392
vt 0.044682 0.380388
vt 0.013334 0.382810
vt 0.805424 0.143844
vt 0.785208 0.124491
vt 0.806199 0.145335
vt 0.784974 0.123577
vt 0.763920 0.103070
vt 0.806974 0.146826
vt 0.068590 0.378392
vt 0.091435 0.389853
vt 0.072186 0.396340
vt 0.105652 0.397010
vt 0.094939 0.376927
vt 0.085998 0.411028
vt 0.105652 0.397010
vt 0.766345 0.123641
vt 0.755266 0.136726
vt 0.778005 0.111014
vt 0.800739 0.134763
vt 0.028688 0.411594
vt 0.050765 0.403797
vt 0.072186 0.396340
vt 0.067797 0.423724
vt 0.044041 0.440378
vt 0.715216 0.236145
vt 0.735123 0.242353
vt 0.735666 0.241970
vt 0.755694 0.248420
vt 0.755271 0.249043
vt 0.733828 0.242935
vt 0.105652 0.397010
vt 0.105787 0.421291
vt 0.085998 0.411028
vt 0.115172 0.407480
vt 0.130037 0.424021
vt 0.688463 0.079418
vt 0.718619 0.056825
vt 0.698513 0.062249
vt 0.707911 0.044490
vt 0.082882 0.451837
vt 0.085998 0.411028
vt 0.094664 0.436395
vt 0.105787 0.421291
vt 0.710950 0.210084
vt 0.719890 0.202230
vt 0.721162 0.202702
vt 0.709927 0.209847
vt 0.707911 0.209500
vt 0.718619 0.201759
vt 0.635224 0.238212
vt 0.621575 0.244377
vt 0.623460 0.245594
vt 0.635906 0.238369
vt 0.638219 0.238994
vt 0.625883 0.246735
vt 0.600811 0.246695
vt 0.578273 0.248420
vt 0.578161 0.247796
vt 0.601163 0.247113
vt 0.602134 0.247889
vt 0.578385 0.249043
vt 0.742843 0.080661
vt 0.764524 0.103310
vt 0.721162 0.058011
vt 0.742054 0.080533
vt 0.719890 0.057418
vt 0.314033 0.938444
vt 0.314033 0.938444
vt 0.314033 0.938444
vt 0.314033 0.938444
vt 0.186323 0.918458
vt 0.186323 0.918458
vt 0.602313 0.053804
vt 0.544186 0.174640
vt 0.561003 0.018941
vt 0.643622 0.088666
vt 0.575221 0.193161
vt 0.605610 0.211138
vt 0.548291 0.332656
vt 0.527368 0.330339
vt 0.146162 0.839193
vt 0.124089 0.831028
vt 0.202916 0.854063
vt 0.186233 0.845293
vt 0.132870 0.840799
vt 0.171237 0.797089
vt 0.109081 0.802041
vt 0.108528 0.795147
vt 0.171125 0.804817
vt 0.110275 0.810029
vt 0.047935 0.804777
vt 0.046877 0.798991
vt 0.045818 0.793204
vt 0.927935 0.059826
vt 0.951428 0.044743
vt 0.927591 0.058365
vt 0.952580 0.045661
vt 0.978114 0.029422
vt 0.979002 0.027348
vt 0.949564 0.044249
vt 0.920125 0.061150
vt 0.895578 0.077738
vt 0.910109 0.068196
vt 0.895041 0.076567
vt 0.911756 0.068782
vt 0.907857 0.067975
vt 0.895589 0.074801
vt 0.983174 0.253144
vt 0.984025 0.195444
vt 0.984178 0.207087
vt 0.982171 0.299201
vt 0.984160 0.252500
vt 0.983270 0.300119
vt 0.985403 0.254216
vt 0.986436 0.207396
vt 0.575480 0.038096
vt 0.559472 0.033936
vt 0.559435 0.035701
vt 0.591526 0.040491
vt 0.576026 0.036514
vt 0.596456 0.040493
vt 0.575604 0.034582
vt 0.559508 0.032170
vt 0.657863 0.057943
vt 0.701179 0.194124
vt 0.658629 0.056157
vt 0.699857 0.194320
vt 0.702501 0.193929
vt 0.659395 0.054370
vt 0.624694 0.049217
vt 0.625605 0.047624
vt 0.625547 0.045681
vt 0.591699 0.036993
vt 0.977225 0.031496
vt 0.981582 0.117152
vt 0.980702 0.119291
vt 0.982719 0.117372
vt 0.956097 0.312401
vt 0.955185 0.311317
vt 0.931319 0.323885
vt 0.928451 0.326332
vt 0.956410 0.313685
vt 0.984369 0.301037
vt 0.894814 0.341005
vt 0.879164 0.350753
vt 0.895186 0.342328
vt 0.863221 0.357603
vt 0.879017 0.349304
vt 0.863341 0.359071
vt 0.879260 0.352230
vt 0.895059 0.343922
vt 0.679119 0.118623
vt 0.714616 0.148580
vt 0.635497 0.228623
vt 0.672346 0.251441
vt 0.590136 0.337289
vt 0.569213 0.334972
vt 0.184999 0.931558
vt 0.305843 0.931990
vt 0.305843 0.931990
vt 0.305843 0.931990
vt 0.735509 0.293712
vt 0.731924 0.236064
vt 0.735615 0.236064
vt 0.735404 0.351360
vt 0.731871 0.293712
vt 0.731818 0.351360
vt 0.728232 0.293712
vt 0.728232 0.236064
vt 0.883454 0.292832
vt 0.946617 0.285799
vt 0.946617 0.293200
vt 0.820291 0.292463
vt 0.883454 0.285615
vt 0.820291 0.285430
vt 0.883454 0.278398
vt 0.946617 0.278398
vt 0.711610 0.289224
vt 0.816042 0.285532
vt 0.816042 0.292667
vt 0.607178 0.285781
vt 0.711610 0.283811
vt 0.607178 0.282089
vt 0.711610 0.278398
vt 0.816042 0.278398
vt 0.670789 0.292426
vt 0.703510 0.231248
vt 0.671210 0.230495
vt 0.670368 0.354357
vt 0.703089 0.293179
vt 0.702668 0.355110
vt 0.735389 0.293932
vt 0.735810 0.232001
vt 0.886160 0.228284
vt 0.954391 0.260943
vt 0.955153 0.228643
vt 0.817168 0.227924
vt 0.885398 0.260584
vt 0.816405 0.260225
vt 0.884636 0.292884
vt 0.953629 0.293243
vt 0.676681 0.354403
vt 0.709879 0.258906
vt 0.708981 0.355155
vt 0.677579 0.258153
vt 0.710777 0.162656
vt 0.743077 0.163409
vt 0.742179 0.259658
vt 0.741282 0.355908
vt 0.799436 0.223574
vt 0.732161 0.253542
vt 0.727466 0.220301
vt 0.871406 0.226847
vt 0.799525 0.255968
vt 0.870644 0.259147
vt 0.798676 0.288174
vt 0.727470 0.284901
vt 0.813468 0.228389
vt 0.707512 0.257182
vt 0.812706 0.260689
vt 0.708274 0.224882
vt 0.602318 0.253676
vt 0.601556 0.285976
vt 0.706750 0.289482
vt 0.811943 0.292989
vt 0.618841 0.220534
vt 0.673243 0.252811
vt 0.618079 0.252834
vt 0.673154 0.220417
vt 0.672393 0.285017
vt 0.617316 0.285134
vt 0.677991 0.196344
vt 0.710059 0.164666
vt 0.677759 0.163913
vt 0.678223 0.228775
vt 0.710291 0.197097
vt 0.710523 0.229528
vt 0.742591 0.197849
vt 0.742359 0.165419
vt 0.621840 0.351360
vt 0.611973 0.293822
vt 0.619578 0.353611
vt 0.607178 0.236064
vt 0.614509 0.293712
vt 0.604367 0.234032
vt 0.609436 0.293932
vt 0.617316 0.355863
vt 0.818167 0.201388
vt 0.813993 0.232131
vt 0.816042 0.233982
vt 0.820291 0.168794
vt 0.815980 0.199619
vt 0.817967 0.167106
vt 0.813793 0.197849
vt 0.811943 0.230280
vt 0.884045 0.166314
vt 0.946617 0.167636
vt 0.883454 0.168215
vt 0.950123 0.165522
vt 0.884636 0.164414
vt 0.815643 0.165419
vt 0.674269 0.352096
vt 0.731898 0.354084
vt 0.726699 0.352832
vt 0.673812 0.353952
vt 0.619578 0.353611
vt 0.672393 0.355861
vt 0.727470 0.355859
vt 0.709180 0.233082
vt 0.711610 0.235023
vt 0.706750 0.231141
vt 0.601556 0.232001
vt 0.868612 0.350479
vt 0.797796 0.351153
vt 0.860735 0.327288
vt 0.797655 0.351656
vt 0.798676 0.355884
vt 0.869881 0.355908
vt 0.908833 0.256767
vt 0.950123 0.165522
vt 0.907614 0.259057
vt 0.911755 0.259658
vt 0.953629 0.163409
vt 0.300251 0.115263
vt 0.256281 0.158534
vt 0.162134 0.114299
vt 0.438368 0.116228
vt 0.337278 0.155465
vt 0.432434 0.155564
vt 0.369806 0.194894
vt 0.306609 0.194899
vt 0.159635 0.077421
vt 0.114394 0.040020
vt 0.157135 0.040543
vt 0.136897 0.095564
vt 0.168889 0.140746
vt 0.113567 0.113986
vt 0.071653 0.039497
vt 0.234297 0.191681
vt 0.165842 0.169033
vt 0.214115 0.165989
vt 0.168889 0.140746
vt 0.726699 0.285233
vt 0.798170 0.283483
vt 0.731845 0.282289
vt 0.797655 0.288474
vt 0.868612 0.285056
vt 0.868612 0.278398
vt 0.797655 0.278398
vt 0.726699 0.278398
vt 0.674269 0.285401
vt 0.621840 0.281984
vt 0.621840 0.285569
vt 0.674784 0.281947
vt 0.674269 0.278398
vt 0.621840 0.278398
vt 0.742297 0.168794
vt 0.735315 0.201388
vt 0.735264 0.168794
vt 0.742399 0.201388
vt 0.735366 0.233982
vt 0.728232 0.233982
vt 0.728232 0.201388
vt 0.728232 0.168794
vt 0.741548 0.350479
vt 0.735262 0.259057
vt 0.734890 0.350479
vt 0.742291 0.259057
vt 0.735633 0.167636
vt 0.728232 0.167636
vt 0.728232 0.259057
vt 0.728232 0.350479
vt 0.426500 0.194900
vt 0.449870 0.155484
vt 0.441970 0.207798
vt 0.457771 0.103171
vt 0.467306 0.155405
vt 0.457439 0.220696
vt 0.179087 0.101028
vt 0.162134 0.114299
vt 0.176408 0.064131
vt 0.173729 0.027234
vt 0.193181 0.050841
vt 0.196041 0.087756
vt 0.109849 0.026645
vt 0.045970 0.026056
vt 0.105304 0.013270
vt 0.190322 0.013925
vt 0.307990 0.208330
vt 0.377991 0.208182
vt 0.386868 0.221530
vt 0.316298 0.222364
vt 0.318429 0.102099
vt 0.300251 0.115263
vt 0.336607 0.088935
vt 0.477173 0.090114
vt 0.165842 0.169033
vt 0.227795 0.204906
vt 0.151535 0.180170
vt 0.234297 0.191681
vt 0.220790 0.221031
vt 0.125282 0.219698
vt 0.093773 0.113651
vt 0.072784 0.116156
vt 0.020287 0.012614
vt 0.703089 0.293179
vt 0.609105 0.285134
vt 0.580829 0.252834
vt 0.609867 0.252834
vt 0.580067 0.285134
vt 0.551791 0.252834
vt 0.552554 0.220534
vt 0.581591 0.220534
vt 0.610629 0.220534
vt 0.731783 0.352532
vt 0.735389 0.293894
vt 0.735044 0.352550
vt 0.728522 0.352513
vt 0.731955 0.293876
vt 0.728522 0.293857
vt 0.732128 0.235220
vt 0.735734 0.235239
vt 0.565831 0.221376
vt 0.594107 0.253676
vt 0.594869 0.221376
vt 0.536793 0.221376
vt 0.565069 0.253676
vt 0.536031 0.253676
vt 0.564306 0.285976
vt 0.593344 0.285976
vt 0.343935 0.300090
vt 0.377077 0.377098
vt 0.339045 0.380832
vt 0.381968 0.296356
vt 0.415109 0.373364
vt 0.410219 0.454106
vt 0.372187 0.457840
vt 0.334155 0.461574
vt 0.605310 0.352741
vt 0.599576 0.293931
vt 0.597928 0.293931
vt 0.607207 0.354302
vt 0.601224 0.293932
vt 0.591945 0.233561
vt 0.590546 0.235120
vt 0.538735 0.235239
vt 0.544710 0.293913
vt 0.546272 0.293894
vt 0.537002 0.233620
vt 0.543149 0.293932
vt 0.552418 0.354207
vt 0.553808 0.352550
vt 0.579813 0.354254
vt 0.579559 0.352646
vt 0.580067 0.355863
vt 0.564474 0.233590
vt 0.564641 0.235179
vt 0.564306 0.232001
vt 0.605310 0.285210
vt 0.579559 0.281949
vt 0.579559 0.285210
vt 0.605310 0.278688
vt 0.605310 0.281949
vt 0.579559 0.278688
vt 0.553808 0.281949
vt 0.553808 0.285210
vt 0.735734 0.235120
vt 0.731955 0.293912
vt 0.735389 0.293931
vt 0.732128 0.235102
vt 0.728522 0.293893
vt 0.728522 0.352704
vt 0.731783 0.352723
vt 0.735044 0.352741
vt 0.538735 0.282294
vt 0.564641 0.285900
vt 0.538735 0.285900
vt 0.564641 0.278688
vt 0.564641 0.282294
vt 0.590546 0.282294
vt 0.590546 0.285900
vt 0.327188 0.381995
vt 0.339045 0.380832
vt 0.320924 0.474507
vt 0.315331 0.383158
vt 0.333452 0.289483
vt 0.420000 0.292622
vt 0.427171 0.372147
vt 0.415109 0.373364
vt 0.433634 0.279751
vt 0.439233 0.370929
vt 0.420708 0.464542
vt 0.370816 0.469524
vt 0.369445 0.481209
vt 0.383543 0.284617
vt 0.381968 0.296356
vt 0.385119 0.272879
vt 0.919286 0.758237
vt 0.916057 0.776084
vt 0.914515 0.758237
vt 0.922614 0.793673
vt 0.920442 0.775955
vt 0.918254 0.793673
vt 0.925672 0.775955
vt 0.922870 0.758237
vt 0.926453 0.758237
vt 0.926395 0.793673
vt 0.923561 0.775955
vt 0.926467 0.758237
vt 0.926481 0.793673
vt 0.926378 0.775955
vt 0.926438 0.793673
vt 0.444560 0.940665
vt 0.444560 0.940665
vt 0.444560 0.940665
vt 0.444560 0.940665
vt 0.444560 0.940665
vt 0.444560 0.940665
vt 0.444560 0.940665
vt 0.309075 0.807106
vt 0.519556 0.881331
vt 0.544024 0.863104
vt 0.543981 0.881331
vt 0.519556 0.861718
vt 0.544032 0.847790
vt 0.568816 0.849799
vt 0.544024 0.836998
vt 0.543970 0.827104
vt 0.568456 0.826906
vt 0.543970 0.827104
vt 0.519556 0.804979
vt 0.543868 0.814301
vt 0.543842 0.799326
vt 0.833461 0.859485
vt 0.856448 0.842576
vt 0.853307 0.861820
vt 0.836106 0.840527
vt 0.858559 0.825812
vt 0.923767 0.815036
vt 0.901927 0.804372
vt 0.926233 0.804372
vt 0.921301 0.825700
vt 0.901475 0.814892
vt 0.552551 0.755159
vt 0.538635 0.774416
vt 0.567597 0.755159
vt 0.553029 0.774416
vt 0.570389 0.774416
vt 0.552764 0.793673
vt 0.584759 0.755159
vt 0.588107 0.774416
vt 0.601957 0.774416
vt 0.592422 0.793673
vt 0.572593 0.793673
vt 0.928199 0.323433
vt 0.911955 0.333560
vt 0.911506 0.332219
vt 0.911755 0.335127
vt 0.527344 0.030911
vt 0.543401 0.031533
vt 0.527331 0.029130
vt 0.543389 0.033306
vt 0.543413 0.029759
vt 0.527318 0.027348
vt 0.863221 0.095650
vt 0.879354 0.085260
vt 0.863234 0.094191
vt 0.879399 0.086694
vt 0.879418 0.083767
vt 0.863247 0.092733
vt 0.171463 0.781632
vt 0.108055 0.788390
vt 0.107582 0.781632
vt 0.171350 0.789361
vt 0.044760 0.787418
vt 0.043701 0.781632
vt 0.132394 0.843480
vt 0.171191 0.833128
vt 0.171192 0.843480
vt 0.100177 0.833225
vt 0.133140 0.833137
vt 0.093595 0.843480
vt 0.077086 0.833448
vt 0.076339 0.843480
vt 0.059082 0.833766
vt 0.059081 0.824052
vt 0.180005 0.934585
vt 0.180005 0.934585
vt 0.180005 0.934585
vt 0.180005 0.934585
vt 0.302249 0.921190
vt 0.302249 0.921190
vt 0.302249 0.921190
vt 0.302249 0.921190
vt 0.180005 0.934585
vt 0.328272 0.943515
vt 0.516796 0.860618
vt 0.514086 0.860275
vt 0.516814 0.848865
vt 0.519556 0.861718
vt 0.516549 0.871243
vt 0.514097 0.867293
vt 0.514108 0.874312
vt 0.516837 0.881331
vt 0.516549 0.871243
vt 0.519556 0.881331
vt 0.514119 0.881331
vt 0.515886 0.876182
vt 0.314033 0.938444
vt 0.709132 0.254220
vt 0.641183 0.264994
vt 0.641886 0.243868
vt 0.707919 0.277130
vt 0.640480 0.286121
vt 0.574253 0.272203
vt 0.574446 0.252859
vt 0.574639 0.233515
vt 0.424373 0.928756
vt 0.424373 0.928756
vt 0.810368 0.238597
vt 0.753248 0.305515
vt 0.753248 0.237188
vt 0.810368 0.306924
vt 0.753248 0.373843
vt 0.696127 0.304106
vt 0.696127 0.235778
vt 0.933314 0.235778
vt 0.818383 0.304106
vt 0.818383 0.235778
vt 0.933314 0.372433
vt 0.933314 0.304106
vt 0.818383 0.372433
vt 0.703452 0.304106
vt 0.703452 0.235778
vt 0.817242 0.346570
vt 0.702881 0.289449
vt 0.702310 0.346570
vt 0.932743 0.289449
vt 0.817812 0.289449
vt 0.933314 0.232329
vt 0.818383 0.232329
vt 0.703452 0.232329
vt 0.932173 0.346570
vt 0.702881 0.289449
vt 0.737661 0.280897
vt 0.721163 0.245158
vt 0.738874 0.257988
vt 0.736448 0.303807
vt 0.720271 0.285173
vt 0.719379 0.325188
vt 0.718019 0.327309
vt 0.709153 0.298171
vt 0.718450 0.336278
vt 0.719903 0.294955
vt 0.708957 0.249190
vt 0.696127 0.372433
vt 0.763838 0.330112
vt 0.747140 0.348480
vt 0.776249 0.338308
vt 0.740928 0.328710
vt 0.810368 0.375252
vt 0.765722 0.297757
vt 0.788987 0.252000
vt 0.767606 0.265403
vt 0.786959 0.300903
vt 0.655350 0.288005
vt 0.656053 0.266878
vt 0.656757 0.245752
vt 0.721577 0.297757
vt 0.640480 0.301180
vt 0.706707 0.330112
vt 0.736448 0.265403
vt 0.647915 0.269734
vt 0.655350 0.238288
vt 0.574253 0.241710
vt 0.574253 0.272248
vt 0.738874 0.262601
vt 0.649321 0.267855
vt 0.656756 0.236409
vt 0.724003 0.294955
vt 0.641886 0.299301
vt 0.574639 0.271293
vt 0.574639 0.240755
vt 0.574639 0.210218
vt 0.713304 0.306924
vt 0.738206 0.352302
vt 0.713304 0.364258
vt 0.738206 0.261547
vt 0.713887 0.306924
vt 0.702310 0.238597
vt 0.702310 0.306924
vt 0.702310 0.375252
vt 0.713304 0.249591
vt 0.817241 0.247584
vt 0.921179 0.249591
vt 0.817242 0.249591
vt 0.896277 0.261547
vt 0.817242 0.238597
vt 0.921179 0.364258
vt 0.817241 0.366264
vt 0.896277 0.352302
vt 0.817242 0.364258
vt 0.817242 0.375252
vt 0.932173 0.375252
vt 0.921179 0.306924
vt 0.920596 0.306924
vt 0.932173 0.306924
vt 0.932173 0.238597
vt 0.744451 0.353597
vt 0.794599 0.337607
vt 0.733636 0.332725
vt 0.777711 0.375156
vt 0.809617 0.355944
vt 0.827591 0.375317
vt 0.853817 0.350766
vt 0.837274 0.335717
vt 0.795541 0.271612
vt 0.677570 0.247611
vt 0.810621 0.250773
vt 0.780461 0.292451
vt 0.660265 0.268238
vt 0.642961 0.288864
vt 0.524990 0.264863
vt 0.544518 0.244450
vt 0.555117 0.329881
vt 0.647735 0.351303
vt 0.650689 0.330156
vt 0.535728 0.349881
vt 0.647025 0.372519
vt 0.694284 0.211568
vt 0.712577 0.236984
vt 0.694164 0.243642
vt 0.714697 0.206169
vt 0.730990 0.230327
vt 0.726870 0.259885
vt 0.710457 0.267800
vt 0.694044 0.275715
vt 0.700180 0.157398
vt 0.722583 0.178566
vt 0.700394 0.183797
vt 0.723720 0.151432
vt 0.744773 0.173335
vt 0.742285 0.201204
vt 0.721446 0.205700
vt 0.700607 0.210195
vt 0.938044 0.149966
vt 0.947305 0.189147
vt 0.959964 0.147716
vt 0.923470 0.193098
vt 0.934851 0.228704
vt 0.960773 0.224874
vt 0.971329 0.185170
vt 0.981885 0.145466
vt 0.938044 0.251083
vt 0.877343 0.274162
vt 0.876725 0.250715
vt 0.959965 0.274439
vt 0.877961 0.297610
vt 0.794722 0.273886
vt 0.815405 0.250346
vt 0.516339 0.314884
vt 0.533294 0.267800
vt 0.516339 0.259885
vt 0.535728 0.349881
vt 0.534511 0.308841
vt 0.552683 0.302798
vt 0.550248 0.275715
vt 0.877471 0.375477
vt 0.884266 0.329394
vt 0.853817 0.350766
vt 0.901752 0.340855
vt 0.906103 0.298859
vt 0.888094 0.293167
vt 0.867682 0.319067
vt 0.910822 0.232263
vt 0.921842 0.265101
vt 0.900661 0.264789
vt 0.906103 0.298859
vt 0.926033 0.306234
vt 0.943403 0.265554
vt 0.815405 0.157398
vt 0.868064 0.188483
vt 0.876725 0.153682
vt 0.813013 0.183797
vt 0.858446 0.221692
vt 0.733636 0.332725
vt 0.656727 0.301338
vt 0.747109 0.303172
vt 0.662666 0.272145
vt 0.550248 0.275715
vt 0.677570 0.210882
vt 0.773885 0.243856
vt 0.810621 0.210195
vt 0.544518 0.211568
vt 0.668998 0.241901
vt 0.547383 0.243642
vt 0.662666 0.272145
vt 0.759903 0.273683
vt 0.831649 0.281564
vt 0.814547 0.310046
vt 0.747109 0.303172
vt 0.794599 0.337607
vt 0.837274 0.335717
vt 0.858446 0.221692
vt 0.845464 0.252580
vt 0.902681 0.846429
vt 0.902679 0.832278
vt 0.921797 0.846782
vt 0.902681 0.858303
vt 0.880052 0.858274
vt 0.922145 0.815691
vt 0.903267 0.793673
vt 0.902773 0.814252
vt 0.880052 0.832167
vt 0.921795 0.858509
vt 0.902778 0.869813
vt 0.902681 0.858304
vt 0.922181 0.869915
vt 0.903267 0.881331
vt 0.880052 0.881331
vt 0.596503 0.850088
vt 0.583060 0.840112
vt 0.604475 0.839772
vt 0.578864 0.849222
vt 0.572161 0.856482
vt 0.606990 0.830921
vt 0.586755 0.822158
vt 0.609505 0.822071
vt 0.585360 0.831054
vt 0.610705 0.813221
vt 0.588671 0.804372
vt 0.611905 0.804372
vt 0.587769 0.813269
vt 0.328272 0.943515
vt 0.088163 0.932646
vt 0.643534 0.341804
vt 0.787720 0.329269
vt 0.676011 0.344003
vt 0.611058 0.339606
vt 0.726229 0.287416
vt 0.807022 0.231558
vt 0.899429 0.314536
vt 0.980276 0.813494
vt 0.983449 0.803425
vt 0.986485 0.808982
vt 0.977696 0.801822
vt 0.975144 0.792770
vt 0.980412 0.797868
vt 0.985222 0.881331
vt 0.992742 0.873782
vt 0.992634 0.881331
vt 0.985318 0.873166
vt 0.985411 0.865210
vt 0.984760 0.846530
vt 0.989760 0.831248
vt 0.982825 0.830192
vt 0.975977 0.829115
vt 0.970479 0.852988
vt 0.970472 0.862500
vt 0.970096 0.841884
vt 0.977420 0.843965
vt 0.977968 0.855048
vt 0.977978 0.863857
vt 0.627482 0.261592
vt 0.587757 0.286957
vt 0.632716 0.286957
vt 0.622248 0.236227
vt 0.582589 0.261658
vt 0.532331 0.236227
vt 0.537565 0.261592
vt 0.542799 0.286957
vt 0.616474 0.060101
vt 0.664036 0.168444
vt 0.571516 0.060101
vt 0.709732 0.168556
vt 0.750648 0.275892
vt 0.713074 0.277011
vt 0.619816 0.168556
vt 0.526558 0.060101
vt 0.802990 0.277011
vt 0.823969 0.381324
vt 0.869666 0.381436
vt 0.891382 0.485861
vt 0.846424 0.485861
vt 0.779749 0.381436
vt 0.727086 0.150092
vt 0.769211 0.250963
vt 0.821456 0.244899
vt 0.632716 0.055284
vt 0.681399 0.150698
vt 0.542799 0.055284
vt 0.637169 0.150092
vt 0.731539 0.244899
vt 0.574468 0.213285
vt 0.577942 0.236882
vt 0.619361 0.213219
vt 0.571516 0.190212
vt 0.529445 0.213219
vt 0.889593 0.361536
vt 0.912773 0.478173
vt 0.957731 0.478173
vt 0.843906 0.362142
vt 0.799677 0.361536
vt 0.867814 0.478173
vt 0.936341 0.234188
vt 0.900889 0.267534
vt 0.891382 0.234188
vt 0.946092 0.267264
vt 0.908438 0.303039
vt 0.865926 0.300341
vt 0.856175 0.267264
vt 0.846424 0.234188
vt 0.718462 0.321794
vt 0.743271 0.269708
vt 0.835099 0.353859
vt 0.530072 0.261592
vt 0.623655 0.304375
vt 0.528848 0.286957
vt 0.532480 0.213219
vt 0.531297 0.236227
vt 0.642119 0.196117
vt 0.533664 0.190212
vt 0.750574 0.202022
vt 0.642119 0.196117
vt 0.965794 0.267264
vt 0.854999 0.218105
vt 0.959424 0.234188
vt 0.961951 0.343132
vt 0.972165 0.300341
vt 0.951736 0.385923
vt 0.937079 0.393238
vt 0.840578 0.292707
vt 0.947895 0.315150
vt 0.829811 0.348210
vt 0.732864 0.270831
vt 0.744177 0.237061
vt 0.851444 0.237061
vt 0.958712 0.237061
vt 0.722544 0.303182
vt 0.624258 0.250230
vt 0.613491 0.263257
vt 0.515255 0.230197
vt 0.526071 0.237061
vt 0.635124 0.237061
vt 0.634307 0.009841
vt 0.672698 0.046309
vt 0.634307 0.020658
vt 0.710933 0.059985
vt 0.672620 0.034913
vt 0.711616 0.075900
vt 0.672713 0.057242
vt 0.634307 0.031474
vt 0.892787 0.378188
vt 0.765766 0.311387
vt 0.892787 0.307625
vt 0.765766 0.385713
vt 0.638744 0.315150
vt 0.765766 0.237061
vt 0.892787 0.237061
vt 0.836971 0.325190
vt 0.780741 0.268804
vt 0.769385 0.299441
vt 0.904557 0.350938
vt 0.846824 0.281012
vt 0.905205 0.292316
vt 0.858604 0.237061
vt 0.791018 0.237061
vt 0.703741 0.277670
vt 0.648913 0.246480
vt 0.638097 0.255899
vt 0.714611 0.257421
vt 0.725374 0.237061
vt 0.659730 0.237061
vt 0.935537 0.364563
vt 0.977332 0.307625
vt 0.945336 0.300644
vt 0.988149 0.237061
vt 0.957169 0.237061
vt 0.926190 0.237061
vt 0.751481 0.101743
vt 0.792029 0.143500
vt 0.751559 0.113139
vt 0.792029 0.154317
vt 0.751574 0.124071
vt 0.711678 0.087180
vt 0.903908 0.462573
vt 0.894767 0.364007
vt 0.915029 0.431593
vt 0.892787 0.493552
vt 0.761673 0.276726
vt 0.636877 0.356848
vt 0.765766 0.478833
vt 0.638744 0.464115
vt 0.635009 0.249580
vt 0.636877 0.356848
vt 0.634658 0.140527
vt 0.711678 0.087180
vt 0.792029 0.165133
vt 0.874505 0.296421
vt 0.833267 0.230777
vt 0.168391 0.796399
vt 0.116370 0.801621
vt 0.172903 0.785627
vt 0.113249 0.811292
vt 0.059840 0.817453
vt 0.061541 0.810331
vt 0.119478 0.792593
vt 0.177415 0.774855
vt 0.156927 0.828895
vt 0.110120 0.822332
vt 0.162659 0.812647
vt 0.107149 0.833362
vt 0.057543 0.832019
vt 0.058138 0.824575
vt 0.102137 0.851990
vt 0.152325 0.839809
vt 0.147724 0.850722
vt 0.056550 0.853258
vt 0.104558 0.843003
vt 0.056749 0.846361
vt 0.750698 0.095695
vt 0.748825 0.137772
vt 0.750216 0.137077
vt 0.765190 0.061484
vt 0.750937 0.096013
vt 0.748629 0.052141
vt 0.748141 0.094524
vt 0.747653 0.136907
vt 0.748442 0.226292
vt 0.748066 0.181700
vt 0.747387 0.225779
vt 0.749329 0.181684
vt 0.746783 0.181678
vt 0.745913 0.226449
vt 0.860567 0.158816
vt 0.859060 0.255174
vt 0.860919 0.167571
vt 0.854931 0.351410
vt 0.857749 0.255113
vt 0.857714 0.342839
vt 0.860241 0.255219
vt 0.863098 0.158928
vt 0.859684 0.030485
vt 0.861290 0.094764
vt 0.860929 0.028917
vt 0.860126 0.094651
vt 0.862636 0.093138
vt 0.862174 0.027348
vt 0.860282 0.477487
vt 0.804310 0.396733
vt 0.861690 0.481977
vt 0.804205 0.394174
vt 0.746929 0.311489
vt 0.745730 0.312117
vt 0.804414 0.399291
vt 0.863098 0.486466
vt 0.751180 0.054312
vt 0.806946 0.041897
vt 0.805432 0.042399
vt 0.805402 0.039744
vt 0.748128 0.310861
vt 0.747074 0.268870
vt 0.748285 0.268576
vt 0.745822 0.269283
vt 0.857607 0.414449
vt 0.859080 0.415856
vt 0.860241 0.418988
vt 0.857384 0.351509
vt 0.178010 0.928496
vt 0.178010 0.928496
vt 0.178010 0.928496
vt 0.178010 0.928496
vt 0.051329 0.927731
vt 0.051841 0.927799
vt 0.051329 0.927731
vt 0.056445 0.928413
vt 0.051329 0.927731
vt 0.328272 0.943515
vt 0.180929 0.936074
vt 0.180929 0.936074
vt 0.180929 0.936074
vt 0.180929 0.936074
vt 0.088161 0.932648
vt 0.088155 0.932651
vt 0.088152 0.932653
vt 0.088099 0.932686
vt 0.088147 0.932656
vt 0.088155 0.932651
vt 0.088100 0.932685
vt 0.088074 0.932702
vt 0.088163 0.932646
vt 0.088158 0.932650
vt 0.088106 0.932682
vt 0.087761 0.932896
vt 0.087862 0.932833
vt 0.087360 0.933145
vt 0.087960 0.932772
vt 0.088105 0.932682
vt 0.088074 0.932702
vt 0.088163 0.932646
vt 0.088162 0.932647
vt 0.087960 0.932772
vt 0.087761 0.932896
vt 0.088100 0.932685
vt 0.088163 0.932646
vt 0.088163 0.932646
vt 0.088161 0.932648
vt 0.088162 0.932647
vt 0.300119 0.818519
vt 0.300119 0.818519
vt 0.300119 0.818519
vt 0.300119 0.818519
vt 0.178010 0.928496
vt 0.178010 0.928496
vt 0.305867 0.799918
vt 0.305867 0.799918
vt 0.305867 0.799919
vt 0.305867 0.799919
vt 0.086987 0.933378
vt 0.086665 0.933577
vt 0.086613 0.933609
vt 0.086883 0.933442
vt 0.086795 0.933497
vt 0.086613 0.933610
vt 0.086665 0.933577
vt 0.086618 0.933606
vt 0.086613 0.933610
vt 0.086795 0.933497
vt 0.086987 0.933378
vt 0.086618 0.933606
vt 0.086613 0.933610
vt 0.086613 0.933610
vt 0.088157 0.932650
vt 0.088161 0.932648
vt 0.067475 0.929853
vt 0.067475 0.929853
vt 0.067475 0.929853
vt 0.067475 0.929853
vt 0.067475 0.929853
vt 0.051329 0.927731
vt 0.051329 0.927731
vt 0.069746 0.930189
vt 0.069874 0.930206
vt 0.069746 0.930189
vt 0.056445 0.928413
vt 0.070258 0.930257
vt 0.073287 0.929853
vt 0.073287 0.929853
vt 0.073287 0.929853
vt 0.073287 0.929853
vt 0.073287 0.929853
vt 0.073287 0.929853
vt 0.956787 0.343132
vt 0.955843 0.300341
vt 0.957731 0.385923
vt 0.911584 0.343402
vt 0.912773 0.385923
vt 0.866870 0.343132
vt 0.088163 0.932646
vt 0.516814 0.848865
vt 0.516877 0.838455
vt 0.517523 0.827791
vt 0.519480 0.814343
vt 0.767075 0.331914
vt 0.180005 0.934585
vt 0.088163 0.932646
vt 0.328272 0.943515
vt 0.328272 0.943515
vt 0.328272 0.943515
vt 0.328272 0.943515
vt 0.124089 0.831028
vt 0.110275 0.810030
vt 0.100774 0.822946
vt 0.077259 0.812915
vt 0.077235 0.823350
vt 0.100811 0.812379
vt 0.077427 0.801133
vt 0.133289 0.822791
vt 0.133502 0.800116
vt 0.077697 0.786889
vt 0.077427 0.801133
vt 0.101077 0.800298
vt 0.133830 0.785011
vt 0.101207 0.785699
vt 0.538635 0.774416
vt 0.530535 0.774579
vt 0.526123 0.776050
vt 0.909052 0.777246
vt 0.897062 0.780475
vt 0.883247 0.782671
vt 0.607514 0.775733
vt 0.607236 0.774772
vt 0.607865 0.793673
vt 0.870170 0.780475
vt 0.858613 0.777246
vt 0.881537 0.812272
vt 0.606611 0.774452
vt 0.836287 0.775955
vt 0.843104 0.775955
vt 0.838958 0.775955
vt 0.838534 0.793673
vt 0.849776 0.776084
vt 0.564870 0.813317
vt 0.541969 0.822335
vt 0.564369 0.822245
vt 0.542493 0.831238
vt 0.543343 0.839975
vt 0.563160 0.840045
vt 0.544944 0.848167
vt 0.561931 0.848475
vt 0.561113 0.853905
vt 0.561204 0.860292
vt 0.572161 0.856482
vt 0.549722 0.855031
vt 0.524204 0.780462
vt 0.858724 0.813852
vt 0.879618 0.814446
vt 0.858559 0.825812
vt 0.879224 0.827177
vt 0.896949 0.845951
vt 0.900019 0.827952
vt 0.807501 0.856560
vt 0.814724 0.868801
vt 0.814754 0.856281
vt 0.808987 0.881331
vt 0.791330 0.856448
vt 0.760360 0.868464
vt 0.655594 0.866755
vt 0.639237 0.852054
vt 0.629893 0.866356
vt 0.820809 0.868638
vt 0.820794 0.855954
vt 0.684555 0.782852
vt 0.721187 0.784196
vt 0.721363 0.801992
vt 0.827560 0.781319
vt 0.821622 0.783713
vt 0.814958 0.785695
vt 0.638817 0.779974
vt 0.628124 0.778446
vt 0.628398 0.796524
vt 0.792351 0.787237
vt 0.760360 0.785963
vt 0.760149 0.803611
vt 0.791330 0.804734
vt 0.807772 0.786984
vt 0.807512 0.804656
vt 0.629057 0.811903
vt 0.622362 0.826130
vt 0.629715 0.825508
vt 0.628398 0.796524
vt 0.620504 0.811493
vt 0.611258 0.826899
vt 0.831178 0.778756
vt 0.830750 0.797595
vt 0.831203 0.830910
vt 0.826306 0.816326
vt 0.826262 0.830311
vt 0.880052 0.858274
vt 0.857536 0.869768
vt 0.880052 0.869798
vt 0.839764 0.869561
vt 0.880052 0.814082
vt 0.839770 0.814351
vt 0.880052 0.832167
vt 0.857675 0.846298
vt 0.880052 0.846378
vt 0.857675 0.832113
vt 0.857675 0.858215
vt 0.880052 0.858274
vt 0.839764 0.869561
vt 0.831087 0.869096
vt 0.831203 0.856871
vt 0.831203 0.856871
vt 0.831203 0.844467
vt 0.831203 0.830910
vt 0.826262 0.856054
vt 0.623420 0.866613
vt 0.612583 0.852741
vt 0.613177 0.866598
vt 0.612417 0.840102
vt 0.721363 0.801992
vt 0.684781 0.815305
vt 0.684781 0.800614
vt 0.656319 0.814042
vt 0.684781 0.840689
vt 0.656319 0.839526
vt 0.721363 0.854704
vt 0.826306 0.816326
vt 0.826619 0.800280
vt 0.814844 0.803683
vt 0.820826 0.817432
vt 0.814766 0.818460
vt 0.820794 0.830561
vt 0.826262 0.830311
vt 0.826262 0.843372
vt 0.814755 0.831280
vt 0.820794 0.843277
vt 0.814754 0.843776
vt 0.826262 0.856054
vt 0.639113 0.812822
vt 0.639031 0.797942
vt 0.629057 0.811904
vt 0.639196 0.825854
vt 0.639232 0.838668
vt 0.630003 0.838563
vt 0.630044 0.851980
vt 0.639237 0.852054
vt 0.791330 0.804734
vt 0.760149 0.818199
vt 0.791330 0.819223
vt 0.760149 0.803611
vt 0.760149 0.830908
vt 0.791330 0.831834
vt 0.760149 0.843272
vt 0.791330 0.844120
vt 0.760149 0.855747
vt 0.791330 0.856447
vt 0.807512 0.804656
vt 0.807502 0.819208
vt 0.807501 0.831865
vt 0.807501 0.844206
vt 0.807501 0.856560
vt 0.814755 0.856281
vt 0.568456 0.826906
vt 0.590292 0.811423
vt 0.567814 0.812136
vt 0.592251 0.827022
vt 0.568128 0.793673
vt 0.568816 0.849799
vt 0.593099 0.839598
vt 0.593220 0.851673
vt 0.612417 0.840102
vt 0.611258 0.826899
vt 0.592251 0.827022
vt 0.568456 0.826906
vt 0.593360 0.865792
vt 0.568782 0.864489
vt 0.944764 0.870501
vt 0.944796 0.859680
vt 0.935134 0.870164
vt 0.935053 0.859006
vt 0.922181 0.869915
vt 0.977978 0.863857
vt 0.985408 0.857256
vt 0.984760 0.846530
vt 0.977420 0.843965
vt 0.944510 0.823601
vt 0.935005 0.834876
vt 0.935022 0.819621
vt 0.935706 0.802140
vt 0.921780 0.833054
vt 0.975978 0.829115
vt 0.970096 0.841884
vt 0.977420 0.843965
vt 0.969066 0.828039
vt 0.967642 0.812756
vt 0.961640 0.827004
vt 0.962306 0.840055
vt 0.953899 0.849856
vt 0.953882 0.860412
vt 0.962306 0.840055
vt 0.953739 0.838583
vt 0.977894 0.872518
vt 0.977978 0.863857
vt 0.970411 0.871873
vt 0.962522 0.871306
vt 0.971937 0.799755
vt 0.967642 0.812756
vt 0.974000 0.813365
vt 0.966140 0.797575
vt 0.960830 0.812053
vt 0.921795 0.858509
vt 0.935059 0.847632
vt 0.921797 0.846782
vt 0.935053 0.859006
vt 0.921780 0.833054
vt 0.960830 0.812053
vt 0.953352 0.825848
vt 0.953207 0.810911
vt 0.944510 0.823601
vt 0.962536 0.861314
vt 0.953846 0.870865
vt 0.946321 0.789936
vt 0.953777 0.793409
vt 0.953207 0.810911
vt 0.960148 0.795474
vt 0.936847 0.783732
vt 0.913987 0.364221
vt 0.969575 0.310144
vt 0.756685 0.422867
vt 0.740910 0.422867
vt 0.722373 0.422867
vt 0.702607 0.478455
vt 0.702607 0.367279
vt 0.913987 0.298004
vt 0.913987 0.332315
vt 0.690467 0.422867
vt 0.724574 0.376861
vt 0.742204 0.373448
vt 0.706812 0.374220
vt 0.766683 0.347876
vt 0.724699 0.368988
vt 0.769324 0.330114
vt 0.765911 0.312485
vt 0.755219 0.298058
vt 0.740339 0.288005
vt 0.722578 0.285364
vt 0.704948 0.288777
vt 0.690521 0.299469
vt 0.681241 0.349740
vt 0.691933 0.364167
vt 0.706812 0.374220
vt 0.706241 0.422867
vt 0.724779 0.422867
vt 0.127076 0.449284
vt 0.109124 0.415507
vt 0.109124 0.415507
vt 0.860108 0.332236
vt 0.860108 0.314920
vt 0.722452 0.368988
vt 0.739768 0.368988
vt 0.860108 0.329989
vt 0.860108 0.347305
vt 0.692649 0.368988
vt 0.679061 0.368988
vt 0.860108 0.300185
vt 0.754503 0.368988
vt 0.768090 0.367279
vt 0.860108 0.362040
vt 0.192878 0.437993
vt 0.163370 0.459420
vt 0.212998 0.407578
vt 0.218712 0.371561
vt 0.211433 0.335827
vt 0.190005 0.306319
vt 0.087840 0.287764
vt 0.058331 0.309192
vt 0.032497 0.375624
vt 0.039777 0.411357
vt 0.091619 0.460986
vt 0.127637 0.466700
vt 0.855793 0.422867
vt 0.840019 0.422867
vt 0.821481 0.422867
vt 0.801716 0.478455
vt 0.801716 0.367279
vt 0.969575 0.352081
vt 0.789575 0.422867
vt 0.803814 0.367279
vt 0.823682 0.376861
vt 0.805921 0.374220
vt 0.855739 0.362756
vt 0.841312 0.373448
vt 0.865792 0.347876
vt 0.823808 0.368988
vt 0.806492 0.368988
vt 0.868432 0.330114
vt 0.854327 0.298058
vt 0.839448 0.288005
vt 0.803985 0.288750
vt 0.789380 0.299372
vt 0.776686 0.332014
vt 0.780278 0.349713
vt 0.791034 0.364164
vt 0.823887 0.422867
vt 0.805349 0.422867
vt 0.860108 0.332222
vt 0.860108 0.314899
vt 0.821561 0.368988
vt 0.791757 0.368988
vt 0.778170 0.367279
vt 0.860108 0.300172
vt 0.853611 0.368988
vt 0.867199 0.367279
vt 0.212818 0.407578
vt 0.218532 0.371561
vt 0.189825 0.306319
vt 0.159410 0.286199
vt 0.123393 0.280485
vt 0.087659 0.287764
vt 0.032317 0.375624
vt 0.039596 0.411357
vt 0.091439 0.460986
vt 0.127456 0.466700
vt 0.109305 0.415507
vt 0.125605 0.373592
vt 0.073251 0.428282
vt 0.084441 0.391705
vt 0.070915 0.321238
vt 0.107492 0.332428
vt 0.083690 0.357292
vt 0.107492 0.332428
vt 0.141905 0.331677
vt 0.107492 0.332428
vt 0.141905 0.331677
vt 0.166769 0.355479
vt 0.167520 0.389892
vt 0.166769 0.355479
vt 0.180295 0.425946
vt 0.073070 0.428282
vt 0.084260 0.391705
vt 0.084260 0.391705
vt 0.070734 0.321238
vt 0.107312 0.332428
vt 0.083509 0.357292
vt 0.107312 0.332428
vt 0.123773 0.297901
vt 0.141724 0.331677
vt 0.166589 0.355479
vt 0.201116 0.371941
vt 0.167340 0.389892
vt 0.166589 0.355479
vt 0.180114 0.425946
vt 0.823543 0.208511
vt 0.417769 0.457909
vt 0.385578 0.457929
vt 0.445843 0.446337
vt 0.440912 0.427672
vt 0.395528 0.436402
vt 0.418669 0.418288
vt 0.402440 0.411841
vt 0.420040 0.437406
vt 0.440912 0.427672
vt 0.407002 0.373494
vt 0.831000 0.219857
vt 0.464536 0.423330
vt 0.472504 0.393657
vt 0.460991 0.387999
vt 0.455837 0.410939
vt 0.440912 0.427672
vt 0.443958 0.399590
vt 0.430368 0.406469
vt 0.455837 0.410939
vt 0.442724 0.382055
vt 0.841439 0.227269
vt 0.864218 0.235109
vt 0.449945 0.330748
vt 0.710123 0.234511
vt 0.460991 0.387999
vt 0.444002 0.340623
vt 0.457526 0.363339
vt 0.841122 0.229503
vt 0.423097 0.307771
vt 0.391380 0.294461
vt 0.424119 0.322489
vt 0.421550 0.337102
vt 0.424119 0.322489
vt 0.405128 0.336085
vt 0.663984 0.235419
vt 0.648466 0.224463
vt 0.359164 0.294484
vt 0.331115 0.306053
vt 0.375184 0.312320
vt 0.399897 0.313295
vt 0.817650 0.233833
vt 0.815975 0.224958
vt 0.822145 0.242166
vt 0.386979 0.329917
vt 0.377200 0.341457
vt 0.361689 0.348616
vt 0.334433 0.361698
vt 0.339387 0.338787
vt 0.364844 0.365870
vt 0.815576 0.186698
vt 0.823033 0.198044
vt 0.819868 0.162707
vt 0.312396 0.329064
vt 0.304453 0.358733
vt 0.334433 0.361698
vt 0.696840 0.210909
vt 0.686227 0.205922
vt 0.334433 0.361698
vt 0.360496 0.382244
vt 0.364844 0.365870
vt 0.375299 0.395024
vt 0.310189 0.391253
vt 0.337698 0.386387
vt 0.829525 0.248559
vt 0.838470 0.253443
vt 0.375299 0.395024
vt 0.351422 0.409074
vt 0.395528 0.436402
vt 0.384097 0.411104
vt 0.371106 0.427236
vt 0.402440 0.411841
vt 0.805454 0.177051
vt 0.371106 0.427236
vt 0.351422 0.409074
vt 0.697778 0.248921
vt 0.705588 0.242565
vt 0.687007 0.252176
vt 0.830850 0.183392
vt 0.731225 0.095856
vt 0.711956 0.076438
vt 0.154405 0.420597
vt 0.130037 0.424020
vt 0.132752 0.405006
vt 0.160366 0.396230
vt 0.174910 0.409759
vt 0.134777 0.375782
vt 0.160366 0.396230
vt 0.773732 0.137131
vt 0.791345 0.153526
vt 0.204116 0.401609
vt 0.211647 0.378006
vt 0.194331 0.376598
vt 0.189562 0.394665
vt 0.174358 0.388670
vt 0.160366 0.396229
vt 0.172317 0.375823
vt 0.172317 0.375823
vt 0.802129 0.162860
vt 0.205555 0.354602
vt 0.190663 0.358686
vt 0.642107 0.221420
vt 0.643714 0.230485
vt 0.634964 0.212151
vt 0.175136 0.363251
vt 0.172317 0.375823
vt 0.176923 0.343962
vt 0.190663 0.358686
vt 0.799066 0.157265
vt 0.785624 0.143076
vt 0.157063 0.333736
vt 0.132884 0.330969
vt 0.151398 0.345624
vt 0.134504 0.347744
vt 0.706234 0.065988
vt 0.695450 0.056654
vt 0.704794 0.038458
vt 0.070470 0.336355
vt 0.088011 0.345230
vt 0.108444 0.334429
vt 0.703936 0.217910
vt 0.717559 0.235486
vt 0.132884 0.330969
vt 0.117050 0.346114
vt 0.106890 0.356521
vt 0.106890 0.356521
vt 0.106890 0.356521
vt 0.094939 0.376927
vt 0.068590 0.378392
vt 0.106890 0.356521
vt 0.723838 0.082366
vt 0.044682 0.380388
vt 0.763920 0.103070
vt 0.094939 0.376927
vt 0.085998 0.411028
vt 0.072186 0.396340
vt 0.094939 0.376927
vt 0.766345 0.123641
vt 0.050765 0.403797
vt 0.735123 0.242353
vt 0.756116 0.247796
vt 0.105787 0.421291
vt 0.105652 0.397010
vt 0.130037 0.424020
vt 0.105787 0.421291
vt 0.132752 0.405006
vt 0.698513 0.062249
vt 0.709927 0.209847
vt 0.621575 0.244377
vt 0.601163 0.247113
vt 0.742054 0.080533
vt 0.575221 0.193161
vt 0.146162 0.839193
vt 0.124089 0.831028
vt 0.132870 0.840799
vt 0.109081 0.802041
vt 0.108528 0.795147
vt 0.984160 0.252500
vt 0.576026 0.036514
vt 0.596456 0.040493
vt 0.701179 0.194124
vt 0.625605 0.047624
vt 0.956097 0.312401
vt 0.931319 0.323885
vt 0.879164 0.350753
vt 0.635497 0.228623
vt 0.672346 0.251441
vt 0.305843 0.931989
vt 0.731871 0.293712
vt 0.709879 0.258906
vt 0.678477 0.161903
vt 0.732161 0.253542
vt 0.799525 0.255968
vt 0.603081 0.221376
vt 0.673243 0.252811
vt 0.815980 0.199619
vt 0.731898 0.354084
vt 0.860735 0.327288
vt 0.136897 0.095564
vt 0.234297 0.191681
vt 0.214115 0.165989
vt 0.256281 0.158534
vt 0.798170 0.283483
vt 0.868612 0.291714
vt 0.674784 0.281947
vt 0.742501 0.233982
vt 0.735262 0.259057
vt 0.743035 0.167636
vt 0.449870 0.155484
vt 0.176408 0.064131
vt 0.109849 0.026645
vt 0.307990 0.208330
vt 0.377991 0.208182
vt 0.318429 0.102099
vt 0.227795 0.204906
vt 0.093773 0.113651
vt 0.551029 0.285134
vt 0.731955 0.293876
vt 0.609105 0.355863
vt 0.535268 0.232001
vt 0.579813 0.354254
vt 0.551029 0.355863
vt 0.564474 0.233590
vt 0.593344 0.232001
vt 0.731955 0.293912
vt 0.728522 0.235083
vt 0.538735 0.278688
vt 0.327188 0.381995
vt 0.307693 0.487440
vt 0.447268 0.266881
vt 0.370816 0.469524
vt 0.431198 0.474978
vt 0.322969 0.278877
vt 0.920443 0.775955
vt 0.925672 0.775955
vt 0.923561 0.775955
vt 0.924505 0.793673
vt 0.926377 0.775955
vt 0.444560 0.940665
vt 0.444560 0.940665
vt 0.544032 0.847790
vt 0.544024 0.836998
vt 0.544032 0.847790
vt 0.543970 0.827104
vt 0.543868 0.814301
vt 0.856448 0.842576
vt 0.858559 0.825811
vt 0.901475 0.814892
vt 0.900019 0.827952
vt 0.538635 0.774416
vt 0.553028 0.774416
vt 0.570389 0.774416
vt 0.588107 0.774416
vt 0.911955 0.333560
vt 0.543401 0.031533
vt 0.879354 0.085260
vt 0.108055 0.788389
vt 0.133140 0.833137
vt 0.100177 0.833225
vt 0.059084 0.843480
vt 0.180005 0.934585
vt 0.180005 0.934585
vt 0.516796 0.860618
vt 0.516814 0.848865
vt 0.519556 0.845782
vt 0.515886 0.876182
vt 0.706707 0.300039
vt 0.753248 0.305515
vt 0.810368 0.375252
vt 0.818383 0.304106
vt 0.720271 0.285173
vt 0.709153 0.298171
vt 0.718450 0.336278
vt 0.721786 0.262601
vt 0.776249 0.338308
vt 0.786960 0.300903
vt 0.647915 0.269734
vt 0.649321 0.267855
vt 0.709132 0.327309
vt 0.738206 0.352302
vt 0.713887 0.306924
vt 0.738206 0.261547
vt 0.817241 0.247584
vt 0.896277 0.261547
vt 0.896277 0.352302
vt 0.920596 0.306924
vt 0.809617 0.355944
vt 0.853817 0.350766
vt 0.660265 0.268238
vt 0.647735 0.351303
vt 0.516339 0.369882
vt 0.712577 0.236984
vt 0.735111 0.200769
vt 0.747261 0.145466
vt 0.947305 0.189147
vt 0.934851 0.228704
vt 0.877343 0.274162
vt 0.981885 0.297794
vt 0.534511 0.308841
vt 0.884266 0.329394
vt 0.906103 0.298859
vt 0.921842 0.265101
vt 0.656727 0.301339
vt 0.747109 0.303172
vt 0.662666 0.272145
vt 0.773885 0.243856
vt 0.759903 0.273683
vt 0.668998 0.241901
vt 0.867682 0.319067
vt 0.831649 0.281564
vt 0.814547 0.310046
vt 0.902681 0.846429
vt 0.921797 0.846782
vt 0.902679 0.832278
vt 0.902681 0.858303
vt 0.921795 0.858508
vt 0.922145 0.815691
vt 0.902773 0.814252
vt 0.902679 0.832278
vt 0.902778 0.869813
vt 0.922181 0.869915
vt 0.578864 0.849222
vt 0.586755 0.822158
vt 0.585360 0.831054
vt 0.587769 0.813269
vt 0.726229 0.287416
vt 0.980276 0.813494
vt 0.977696 0.801822
vt 0.985318 0.873166
vt 0.985411 0.865210
vt 0.984760 0.846530
vt 0.982825 0.830193
vt 0.975977 0.829115
vt 0.970479 0.852988
vt 0.977968 0.855048
vt 0.970097 0.841884
vt 0.582589 0.261658
vt 0.664036 0.168444
vt 0.750648 0.275892
vt 0.823969 0.381324
vt 0.936341 0.485861
vt 0.769211 0.250963
vt 0.681399 0.150698
vt 0.587757 0.055284
vt 0.616474 0.190212
vt 0.843906 0.362142
vt 0.900889 0.267534
vt 0.908438 0.303039
vt 0.743271 0.269708
vt 0.623655 0.304375
vt 0.732864 0.270831
vt 0.504438 0.223333
vt 0.672698 0.046309
vt 0.711616 0.075900
vt 0.765766 0.311387
vt 0.638744 0.393238
vt 0.780741 0.268804
vt 0.905205 0.292316
vt 0.714611 0.257421
vt 0.945336 0.300644
vt 0.966516 0.378188
vt 0.751559 0.113139
vt 0.894767 0.364007
vt 0.113249 0.811292
vt 0.110120 0.822332
vt 0.107149 0.833362
vt 0.056947 0.839463
vt 0.104558 0.843003
vt 0.748825 0.137772
vt 0.750937 0.096013
vt 0.765190 0.061484
vt 0.748066 0.181700
vt 0.747387 0.225779
vt 0.860919 0.167571
vt 0.857714 0.342839
vt 0.861290 0.094764
vt 0.804310 0.396733
vt 0.806946 0.041897
vt 0.747074 0.268871
vt 0.859080 0.415856
vt 0.178010 0.928496
vt 0.051841 0.927799
vt 0.056445 0.928413
vt 0.328272 0.943515
vt 0.088161 0.932648
vt 0.088147 0.932656
vt 0.088155 0.932651
vt 0.088155 0.932651
vt 0.088100 0.932685
vt 0.088158 0.932650
vt 0.087862 0.932833
vt 0.088074 0.932702
vt 0.087960 0.932772
vt 0.088105 0.932682
vt 0.088163 0.932646
vt 0.088162 0.932647
vt 0.087960 0.932772
vt 0.088163 0.932646
vt 0.086795 0.933497
vt 0.086883 0.933442
vt 0.086795 0.933497
vt 0.086618 0.933606
vt 0.088157 0.932650
vt 0.088105 0.932682
vt 0.088161 0.932648
vt 0.051329 0.927731
vt 0.069746 0.930188
vt 0.069874 0.930206
vt 0.056445 0.928413
vt 0.070258 0.930257
vt 0.069874 0.930206
vt 0.911584 0.343402
vt 0.879224 0.827177
vt 0.826262 0.856054
vt 0.807501 0.856560
vt 0.944810 0.807974
vt 0.960830 0.812053
vt 0.704706 0.379636
vt 0.744544 0.367279
vt 0.109124 0.415507
vt 0.861817 0.286598
vt 0.768090 0.370697
vt 0.803814 0.379636
vt 0.867199 0.370697
vt 0.127257 0.449284
vt 0.109305 0.415507
vt 0.180295 0.425946
vt 0.073070 0.428282
vt 0.083509 0.357292
vt 0.177778 0.318902
vt 0.201116 0.371941
vt 0.395528 0.436402
vt 0.430368 0.406469
vt 0.455837 0.410939
vt 0.442724 0.382055
vt 0.405128 0.336085
vt 0.339387 0.338787
vt 0.337698 0.386387
vt 0.371106 0.427236
vt 0.812992 0.157346
vt 0.821119 0.171103
vt 0.132752 0.405006
vt 0.160366 0.396230
vt 0.160366 0.396230
vt 0.190663 0.358686
vt 0.157063 0.333735
vt 0.106890 0.356521
vt 0.106890 0.356521
vt 0.094939 0.376927
vt 0.718619 0.056825
vt 0.863461 0.360538
vt 0.728232 0.351360
vt 0.820291 0.278398
vt 0.607178 0.278398
vt 0.734968 0.355863
vt 0.815643 0.292525
vt 0.869882 0.291447
vt 0.742823 0.230280
vt 0.728522 0.235201
vt 0.535268 0.285976
vt 0.553808 0.278688
vt 0.590546 0.278688
vt 0.180005 0.934585
vt 0.696127 0.372433
vt 0.703452 0.372433
vt 0.574253 0.211172
vt 0.505461 0.285277
vt 0.774038 0.297427
vt 0.526558 0.190212
vt 0.638744 0.237061
vt 0.867814 0.385923
vt 0.630044 0.851980
vt 0.826618 0.800280
vt 0.826262 0.830311
vt 0.630044 0.851980
vt 0.629715 0.825508
vt 0.612583 0.852741
vt 0.944810 0.807974
vt 0.073251 0.428282
vt 0.177959 0.318902
vt 0.166769 0.355479
vt 0.167520 0.389892
vt 0.073070 0.428282
vt 0.083509 0.357292
vt 0.177778 0.318902
vt 0.167340 0.389892
vt 0.402440 0.411841
vt 0.442724 0.382056
vt 0.405128 0.336085
vt 0.339387 0.338787
vt 0.375299 0.395024
vt 0.375299 0.395024
vt 0.189562 0.394665
vt 0.161604 0.355740
vt 0.073287 0.360361
s 1
f 52/1/1 4884/2/2 1782/2/3
f 53/1/4 4884/2/2 1746/3/5
f 4884/2/2 56/1/6 1754/3/7
f 1782/2/3 1754/3/7 60/1/8
f 1837/4/9 1833/1/10 104/5/11
f 100/4/12 4885/1/13 1837/4/9
f 1829/4/14 1810/1/15 4885/1/13
f 4885/1/13 87/6/16 1833/1/10
f 546/7/17 4886/8/18 1825/8/18
f 2671/9/17 2634/9/18 4886/8/18
f 4886/8/18 1/7/19 1820/8/19
f 1825/8/18 1820/8/19 97/8/19
f 1826/4/20 1685/1/21 95/10/22
f 98/10/23 4887/1/24 1826/4/20
f 1817/1/25 1734/4/26 4887/1/24
f 4887/1/24 94/5/27 1685/1/21
f 91/5/28 4888/1/29 1761/4/30
f 1815/4/31 1759/4/32 4888/1/29
f 4888/1/29 106/4/33 1851/4/34
f 1761/4/30 1851/4/34 107/4/35
f 405/4/36 4889/11/37 1705/4/38
f 1952/4/39 1953/4/40 4889/11/37
f 4889/11/37 113/12/41 1854/13/42
f 1705/4/38 1854/13/42 15/4/43
f 23/5/44 4890/10/45 1702/1/46
f 1695/4/47 1694/14/48 4890/10/45
f 4890/10/45 19/2/49 1701/4/50
f 1702/1/46 1701/4/50 22/5/51
f 2951/4/52 3240/4/52 724/4/52
f 723/4/53 4891/1/53 2951/4/52
f 3241/4/53 1697/4/53 4891/1/53
f 4891/1/53 74/4/54 3240/4/52
f 21/4/55 4892/1/56 2038/1/57
f 694/13/58 4892/1/56 1785/12/59
f 4892/1/56 17/4/60 1792/4/61
f 2038/1/57 1792/4/61 78/12/62
f 722/4/63 4893/4/64 3243/4/65
f 1703/4/66 3257/4/67 14/4/68
f 22/5/51 4893/4/64 1703/4/66
f 1698/4/69 1696/4/70 76/4/71
f 75/4/72 4894/1/73 1698/4/69
f 3241/4/74 3245/4/75 4894/1/73
f 4894/1/73 24/4/76 1696/4/70
f 3253/15/77 1701/16/50 19/2/49
f 734/12/78 4895/1/79 3253/15/77
f 2964/4/80 3243/1/65 4895/1/79
f 4895/1/79 22/5/51 1701/16/50
f 24/4/81 4896/14/82 1696/4/83
f 3254/4/84 3253/16/77 4896/14/82
f 4896/14/82 19/2/49 1693/10/85
f 1696/4/83 1693/10/85 76/5/86
f 3240/4/87 3255/4/88 724/4/89
f 74/5/90 4897/1/91 3240/4/87
f 4897/1/91 25/13/92 1951/4/93
f 3255/4/88 1951/4/93 404/4/94
f 1709/4/95 1693/10/85 19/2/49
f 28/10/96 4898/17/97 1709/4/95
f 1720/4/98 1708/16/99 4898/17/97
f 4898/17/97 76/5/86 1693/10/85
f 1710/4/100 1694/14/48 16/5/101
f 29/5/102 4899/3/103 1710/4/100
f 1721/4/104 1709/4/95 4899/3/103
f 4899/3/103 19/2/49 1694/14/48
f 42/10/105 4900/12/106 1755/4/107
f 631/4/108 4900/12/106 1773/1/109
f 2784/15/110 2783/4/111 4900/12/106
f 4900/12/106 90/4/112 1755/4/107
f 40/4/113 4901/3/114 1711/4/115
f 1724/4/116 1718/4/117 4901/3/114
f 4901/3/114 28/10/96 1721/4/104
f 1711/4/115 1721/4/104 29/5/102
f 1875/4/118 1866/4/119 120/5/120
f 39/5/121 4902/10/122 1875/4/118
f 1712/14/123 1874/4/124 4902/10/122
f 4902/10/122 121/10/125 1866/4/119
f 119/1/126 4903/2/127 1862/2/128
f 1873/3/129 1714/2/130 4903/2/127
f 4903/2/127 53/1/4 1877/3/131
f 1862/2/128 1877/3/131 123/1/132
f 1772/4/133 1769/4/134 73/3/135
f 1772/4/133 1715/1/136 4904/10/137
f 4904/10/137 36/12/138 1728/12/139
f 1769/4/134 1728/12/139 43/4/140
f 41/5/141 4905/10/142 1718/4/117
f 1725/4/143 1716/14/144 4905/10/142
f 4905/10/142 34/2/145 1720/4/98
f 1718/4/117 1720/4/98 28/10/96
f 17/4/146 4906/4/147 1788/4/148
f 2890/4/149 2891/4/150 4906/4/147
f 4906/4/147 693/4/151 2889/4/152
f 1788/4/148 2889/4/152 74/4/153
f 1778/4/154 1753/4/155 59/4/156
f 1778/4/154 1747/4/157 4907/3/158
f 1747/4/157 1782/4/3 4907/3/158
f 4907/3/158 60/10/8 1753/4/155
f 104/5/11 4908/1/159 1836/4/160
f 87/6/16 4908/1/159 1833/1/10
f 4908/1/159 51/4/161 1807/4/162
f 1836/4/160 1807/4/162 103/4/163
f 1700/4/164 1713/4/165 77/4/166
f 1700/4/164 1708/16/99 4909/10/167
f 4909/10/167 34/2/145 1726/4/168
f 4909/10/167 31/10/169 1713/4/165
f 1865/4/170 1873/4/129 119/10/126
f 121/10/125 4910/18/171 1865/4/170
f 1874/4/124 1727/4/172 4910/18/171
f 4910/18/171 26/10/173 1873/4/129
f 26/1/173 4911/2/174 1714/2/130
f 1779/3/175 1717/2/176 4911/2/174
f 1717/2/176 1781/3/177 4911/2/174
f 1714/2/130 1781/3/177 53/1/4
f 32/10/178 4912/19/179 1729/4/180
f 1779/4/175 1727/4/172 4912/19/179
f 4912/19/179 33/2/181 1780/4/182
f 1729/4/180 1780/4/182 42/10/105
f 1767/4/183 1768/14/184 71/5/185
f 37/5/186 4913/3/187 1767/4/183
f 1771/4/188 1772/4/133 4913/3/187
f 4913/3/187 73/3/135 1768/14/184
f 624/4/189 4914/1/190 2773/1/191
f 2764/4/192 1686/4/193 4914/1/190
f 4914/1/190 85/4/194 2765/4/195
f 2773/1/191 2765/4/195 625/5/196
f 56/1/6 4915/2/197 1738/2/198
f 32/1/178 4915/2/197 1717/3/176
f 1743/2/199 1756/4/200 4915/2/197
f 4915/2/197 63/4/201 1738/2/198
f 1745/4/202 1730/4/203 82/5/204
f 35/4/205 4916/1/206 1745/4/202
f 2757/4/207 2758/4/208 4916/1/206
f 4916/1/206 92/4/209 1730/4/203
f 1739/4/210 2776/1/211 623/4/212
f 82/5/204 4917/4/213 1739/4/210
f 1730/4/203 2774/4/214 4917/4/213
f 4917/4/213 618/5/215 2776/1/211
f 620/4/216 4918/2/217 2759/4/218
f 1778/4/219 2892/4/220 54/4/220
f 59/4/221 4918/2/217 1778/4/219
f 60/1/8 4919/2/222 1741/2/223
f 1754/3/7 1738/2/198 4919/2/222
f 4919/2/222 63/4/201 1765/4/224
f 1741/2/223 1765/4/224 61/4/225
f 122/4/226 4920/3/227 1878/4/228
f 124/10/229 4920/3/227 1863/4/230
f 4920/3/227 52/10/1 1747/4/157
f 1878/4/228 1747/4/157 54/5/231
f 1704/1/232 1748/1/233 25/13/92
f 1704/1/232 1750/4/234 4921/3/235
f 1750/4/234 1752/4/236 4921/3/235
f 4921/3/235 55/3/237 1748/1/233
f 1864/3/238 1876/2/239 124/1/229
f 123/1/132 4922/2/240 1864/3/238
f 1877/2/131 1746/3/5 4922/2/240
f 4922/2/240 52/1/1 1876/2/239
f 30/4/241 4923/2/242 1706/4/243
f 1748/11/233 1707/12/244 25/13/92
f 55/11/237 4923/2/242 1748/6/233
f 2894/4/245 1878/4/228 54/5/231
f 118/4/246 4924/4/247 2894/4/245
f 122/11/226 4924/4/247 1879/12/248
f 59/4/156 4925/4/249 1740/4/250
f 1753/4/155 1741/4/223 4925/4/249
f 4925/4/249 61/4/225 1764/4/251
f 1740/4/250 1764/4/251 64/4/252
f 1729/3/180 1743/2/199 32/1/178
f 42/1/105 4926/2/253 1729/3/180
f 1755/2/107 1758/4/254 4926/2/253
f 4926/2/253 62/4/255 1743/2/199
f 1774/20/256 1850/21/257 108/22/258
f 94/23/259 4927/24/260 1774/20/256
f 1811/25/261 1824/26/262 4927/24/260
f 4927/24/260 111/27/263 1850/21/257
f 66/9/264 4928/28/265 2632/28/266
f 1813/28/267 2633/29/268 4928/28/265
f 4928/28/265 552/29/269 2670/29/270
f 2632/28/266 2670/29/270 551/29/271
f 43/4/272 4929/10/273 2782/4/274
f 1766/11/275 1814/4/276 4929/10/273
f 1814/4/276 2780/16/277 4929/10/273
f 2782/4/274 2780/16/277 617/5/278
f 1728/12/279 1766/1/275 43/4/272
f 36/13/280 4930/1/281 1728/12/279
f 1733/4/282 1775/4/283 4930/1/281
f 4930/1/281 68/13/284 1766/1/275
f 46/30/285 4931/31/286 1731/32/287
f 89/33/288 4931/31/286 1801/34/289
f 1811/35/261 1734/36/290 4931/31/286
f 1731/32/287 1734/36/290 93/37/291
f 2756/4/292 1763/4/293 619/5/294
f 629/5/295 4932/4/296 2756/4/292
f 2778/4/297 1756/4/298 4932/4/296
f 4932/4/296 62/4/299 1763/4/293
f 671/4/300 4933/4/301 2914/4/302
f 2853/4/303 2920/4/304 4933/4/301
f 4933/4/301 90/4/305 2783/4/306
f 2914/4/302 2783/4/306 617/4/278
f 1814/12/276 1762/10/307 69/38/308
f 1814/12/276 1760/4/309 4934/2/310
f 4934/2/310 70/4/311 1815/4/31
f 1762/10/307 1815/4/31 91/5/28
f 20/4/312 4935/1/313 1787/4/314
f 17/4/146 4935/1/313 1783/4/315
f 1788/4/148 1697/4/316 4935/1/313
f 1787/4/314 1697/4/316 75/4/317
f 18/4/318 4936/1/318 1789/4/318
f 1784/4/318 1787/4/314 4936/1/318
f 4936/1/318 75/4/317 1698/4/318
f 1789/4/318 1698/4/318 76/4/318
f 694/12/319 4937/4/320 2891/4/150
f 1785/4/321 1790/4/322 4937/4/320
f 4937/4/320 77/4/323 1699/4/324
f 2891/4/150 1699/4/324 693/4/151
f 1786/4/318 1790/4/322 21/4/318
f 18/4/318 4938/15/318 1786/4/318
f 1789/4/318 1700/4/318 4938/15/318
f 4938/15/318 77/4/323 1790/4/322
f 1783/4/325 1792/4/61 17/4/60
f 20/4/326 4939/1/327 1783/4/325
f 1794/4/328 1791/4/329 4939/1/327
f 4939/1/327 78/13/62 1792/4/61
f 18/4/330 4940/11/331 1793/4/332
f 1786/4/333 2038/1/57 4940/11/331
f 4940/11/331 78/12/62 1791/4/329
f 1793/4/332 1791/4/329 79/4/334
f 20/4/326 4941/3/335 1794/4/328
f 18/4/330 4941/3/335 1784/4/335
f 1794/4/328 1793/4/332 79/4/334
f 109/4/336 4942/1/336 1795/4/336
f 1849/4/336 1802/4/336 4942/1/336
f 4942/1/336 85/4/194 1686/4/193
f 1795/4/336 1686/4/193 50/4/337
f 1795/4/338 1848/4/339 109/4/340
f 50/4/341 4943/4/338 1795/4/338
f 1799/4/342 1736/4/343 4943/4/338
f 4943/4/338 105/4/339 1848/4/339
f 1796/4/344 2772/4/345 624/4/346
f 51/4/161 4944/15/347 1796/4/344
f 1800/4/348 1739/4/349 4944/15/347
f 4944/15/347 623/4/350 2772/4/345
f 2669/9/351 2628/9/352 547/29/353
f 621/7/354 4945/8/355 2669/9/351
f 2761/8/356 1737/8/357 4945/8/355
f 4945/8/355 44/7/358 2628/9/352
f 1810/1/15 1808/4/359 87/6/16
f 1810/1/15 1745/4/360 4946/1/361
f 4946/1/361 82/4/362 1800/4/348
f 1808/4/359 1800/4/348 51/4/161
f 107/39/35 4947/40/363 1840/39/364
f 1851/39/34 1839/39/365 4947/40/363
f 4947/40/363 551/39/271 2670/39/270
f 1840/39/364 2670/39/270 552/39/269
f 1759/4/366 1847/4/18 106/4/18
f 70/4/367 4948/3/366 1759/4/366
f 1819/4/22 1845/4/366 4948/3/366
f 4948/3/366 112/5/18 1847/4/18
f 1770/4/368 1712/14/123 39/5/121
f 71/5/185 4949/10/369 1770/4/368
f 1768/14/184 1723/4/370 4949/10/369
f 4949/10/369 33/2/181 1712/14/123
f 1823/4/371 1817/1/25 98/10/23
f 99/4/372 4950/11/373 1823/4/371
f 4950/11/373 46/5/374 1731/5/375
f 1817/1/25 1731/5/375 93/5/376
f 1775/4/377 1821/4/378 68/12/379
f 49/4/380 4951/2/381 1775/4/377
f 1822/4/380 1823/4/371 4951/2/381
f 4951/2/381 98/10/23 1821/4/378
f 103/4/382 4952/1/383 1834/4/384
f 1807/4/385 1805/4/386 4952/1/383
f 4952/1/383 86/4/387 1803/4/388
f 1834/4/384 1803/4/388 102/4/389
f 1760/12/390 1819/4/22 70/4/367
f 68/12/379 4953/3/391 1760/12/390
f 1821/4/378 1826/4/20 4953/3/391
f 4953/3/391 95/10/22 1819/4/22
f 1827/4/392 1715/1/136 72/10/393
f 99/4/394 4954/1/395 1827/4/392
f 1822/4/396 1733/4/397 4954/1/395
f 1715/1/136 1733/4/397 36/12/138
f 1828/4/398 1771/4/188 37/5/186
f 46/4/399 4955/2/400 1828/4/398
f 1818/4/401 1827/4/392 4955/2/400
f 4955/2/400 72/10/393 1771/4/188
f 1736/4/402 1846/4/403 105/4/404
f 81/4/405 4956/1/406 1736/4/402
f 1735/4/407 1761/4/408 4956/1/406
f 4956/1/406 107/4/409 1846/4/403
f 549/39/410 4957/41/411 2668/39/412
f 1832/39/413 1834/39/384 4957/41/411
f 4957/41/411 102/39/389 1831/39/414
f 2668/39/412 1831/39/414 548/39/19
f 2892/4/415 2893/4/416 54/4/417
f 620/4/418 4958/1/419 2892/4/415
f 2762/1/420 1719/4/421 4958/1/419
f 4958/1/419 391/4/422 2893/4/416
f 545/42/423 4959/41/424 2667/39/425
f 2626/41/426 1836/39/160 4959/41/424
f 4959/41/424 103/39/163 1832/39/427
f 2667/39/425 1832/39/427 549/39/428
f 2666/39/429 2626/41/426 545/42/423
f 544/39/430 4960/41/431 2666/39/429
f 2625/39/432 1837/39/9 4960/41/431
f 4960/41/431 104/42/11 2626/41/426
f 1838/39/433 2665/39/434 550/39/435
f 105/39/404 4961/40/436 1838/39/433
f 1846/39/403 1840/39/437 4961/40/436
f 4961/40/436 552/39/438 2665/39/434
f 1839/39/439 2664/39/17 551/39/17
f 106/39/18 4962/42/439 1839/39/439
f 1847/39/18 2627/41/439 4962/42/439
f 4962/42/439 546/42/17 2664/39/17
f 1723/4/370 1780/4/182 33/2/181
f 1723/4/370 2781/6/440 4963/43/441
f 4963/43/441 631/4/108 1773/1/109
f 1780/4/182 1773/1/109 42/10/105
f 554/39/442 4964/40/443 2663/39/444
f 1842/39/443 1848/39/339 4964/40/443
f 4964/40/443 105/39/339 1838/39/445
f 2663/39/444 1838/39/445 550/39/442
f 554/39/336 4965/41/336 1842/39/336
f 2662/39/336 1843/39/336 4965/41/336
f 4965/41/336 110/39/336 1849/39/336
f 1842/39/336 1849/39/336 109/39/336
f 389/44/446 4966/45/447 2898/46/448
f 2390/47/449 3269/48/450 4966/45/447
f 4966/45/447 776/49/451 3234/50/452
f 2898/46/448 3234/50/452 5/51/453
f 95/10/22 4967/11/366 1845/1/366
f 1685/13/21 1774/4/454 4967/11/366
f 4967/11/366 108/4/18 1852/4/18
f 1845/1/366 1852/4/18 112/5/18
f 1716/14/144 1868/4/455 34/2/145
f 38/5/456 4968/1/457 1716/14/144
f 4968/1/457 120/5/120 1866/13/119
f 1868/4/455 1866/13/119 121/10/125
f 1726/4/168 1867/4/458 31/10/169
f 1726/4/168 1868/4/455 4969/3/459
f 1868/4/455 1865/4/170 4969/3/459
f 4969/3/459 119/10/126 1867/4/458
f 562/7/460 4970/8/461 2661/9/462
f 2643/8/463 1907/8/464 4970/8/461
f 4970/8/461 116/7/465 1859/9/466
f 2661/9/462 1859/9/466 557/29/467
f 1889/4/468 1888/4/469 118/4/470
f 130/1/471 4971/2/472 1889/4/468
f 1902/13/473 1904/4/474 4971/2/472
f 4971/2/472 30/4/475 1888/4/469
f 31/1/169 4972/2/476 1722/2/477
f 1867/3/458 1862/2/128 4972/2/476
f 4972/2/476 123/1/132 1860/3/478
f 1722/2/477 1860/3/478 58/1/479
f 1752/4/236 1853/4/480 55/3/237
f 57/10/481 4973/3/482 1752/4/236
f 1861/4/483 1863/4/230 4973/3/482
f 4973/3/482 122/4/226 1853/4/480
f 1751/3/484 1861/2/483 57/1/481
f 1751/3/484 1860/2/478 4974/2/485
f 1860/2/478 1864/3/238 4974/2/485
f 4974/2/485 124/1/229 1861/2/483
f 1870/4/486 1854/4/42 113/12/41
f 397/4/487 4975/15/488 1870/4/486
f 2897/4/489 1692/4/490 4975/15/488
f 4975/15/488 15/4/43 1854/4/42
f 1883/4/491 1881/1/492 128/5/493
f 1883/4/491 1882/4/494 4976/1/495
f 4976/1/495 397/4/487 1870/4/486
f 1881/1/492 1870/4/486 113/13/41
f 2660/52/496 2638/52/497 557/53/467
f 2660/52/496 2639/52/498 4977/54/499
f 4977/54/499 395/53/500 1883/52/491
f 4977/54/499 128/53/493 2638/52/497
f 139/1/501 4978/1/502 1905/1/503
f 1915/1/504 1909/55/505 4978/1/502
f 4978/1/502 128/5/493 1881/13/492
f 1905/1/503 1881/13/492 113/13/41
f 118/4/470 4979/13/506 1889/4/468
f 2894/4/507 2895/4/508 4979/13/506
f 4979/13/506 394/5/509 1886/13/510
f 1889/4/468 1886/13/510 130/4/471
f 1885/1/511 1887/4/512 115/56/513
f 130/3/471 4980/4/514 1885/1/511
f 1886/1/510 1856/4/515 4980/4/514
f 4980/4/514 392/4/516 1887/4/512
f 135/5/517 4981/1/518 1893/1/519
f 115/56/513 4981/1/518 1892/1/520
f 4981/1/518 392/4/516 1890/57/521
f 1893/1/519 1890/57/521 398/58/522
f 2659/39/523 2640/39/524 559/39/525
f 560/39/526 4982/41/527 2659/39/523
f 2641/39/528 1893/39/519 4982/41/527
f 4982/41/527 398/39/522 2640/39/524
f 2637/39/529 2658/39/530 556/41/531
f 127/59/532 4983/41/533 2637/39/529
f 1896/59/534 2641/39/528 4983/41/533
f 4983/41/533 560/39/526 2658/39/530
f 1880/1/535 1896/1/534 127/57/532
f 1880/1/535 1898/4/536 4984/1/537
f 1898/4/536 1892/1/520 4984/1/537
f 1896/1/534 1892/1/520 135/5/517
f 1855/4/538 1900/4/539 114/60/540
f 689/12/541 4985/1/542 1855/4/538
f 3268/12/543 3246/13/544 4985/1/542
f 1900/4/539 3246/13/544 137/3/545
f 140/3/546 4986/4/547 1912/10/548
f 1906/4/549 1913/1/550 4986/4/547
f 4986/4/547 401/13/551 1911/4/552
f 1912/10/548 1911/4/552 399/2/553
f 115/56/513 4987/3/554 1901/13/555
f 114/60/540 4987/3/554 1898/1/536
f 4987/3/554 137/3/545 1899/4/556
f 1901/13/555 1899/4/556 138/3/557
f 1885/4/511 1902/4/473 130/11/471
f 115/56/513 4988/57/558 1885/12/511
f 138/11/557 4988/57/558 1901/4/555
f 3256/4/559 3246/4/544 740/5/560
f 404/4/561 4989/1/562 3256/4/559
f 1951/4/563 1903/1/564 4989/1/562
f 4989/1/562 137/3/545 3246/4/544
f 1904/4/474 1707/12/565 30/4/475
f 138/2/557 4990/3/566 1904/4/474
f 1899/4/556 1903/4/564 4990/3/566
f 4990/3/566 25/12/567 1707/12/565
f 3242/4/568 3244/4/569 802/4/570
f 23/5/44 4991/13/571 3242/4/568
f 1702/1/46 1703/4/66 4991/13/571
f 4991/13/571 14/4/68 3244/4/569
f 1953/4/40 1905/11/503 113/13/41
f 406/4/572 4992/15/573 1953/4/40
f 1954/12/574 1913/1/550 4992/15/573
f 4992/15/573 139/10/501 1905/11/503
f 689/12/541 4993/13/575 2882/43/576
f 2888/4/577 2884/57/578 4993/13/575
f 4993/13/575 144/56/579 1914/13/580
f 2882/43/576 1914/13/580 140/3/546
f 140/3/546 4994/1/581 1906/12/549
f 1914/13/580 1910/1/582 4994/1/581
f 4994/1/581 143/61/583 1915/1/504
f 1906/12/549 1915/1/504 139/1/501
f 2887/62/584 2657/62/585 692/63/586
f 690/64/587 4995/8/588 2887/62/584
f 4995/8/588 142/65/589 2642/62/590
f 4995/8/588 561/66/591 2657/62/585
f 561/66/591 4996/8/592 2656/62/593
f 2642/62/590 1908/65/594 4996/8/592
f 4996/8/592 141/8/595 2643/8/463
f 2656/62/593 2643/8/463 562/7/460
f 126/67/596 4997/68/597 2379/69/598
f 2385/70/599 1919/71/600 4997/68/597
f 4997/68/597 407/72/601 2389/73/602
f 2379/69/598 2389/73/602 390/74/603
f 563/75/604 4998/76/605 1924/77/606
f 2655/78/607 2647/79/608 4998/76/605
f 4998/76/605 134/80/609 1921/81/610
f 1924/77/606 1921/81/610 145/82/611
f 2654/83/612 2381/84/613 565/85/614
f 2654/83/612 1924/77/606 4999/86/615
f 4999/86/615 145/82/611 1923/87/616
f 2381/84/613 1923/87/616 101/88/617
f 132/89/618 5000/90/619 2387/91/620
f 2382/92/621 1925/93/622 5000/90/619
f 5000/90/619 145/94/611 1921/95/610
f 2387/91/620 1921/95/610 134/80/609
f 101/88/617 5001/96/623 2380/97/624
f 1923/87/616 1925/98/622 5001/96/623
f 5001/96/623 131/99/625 2386/100/626
f 2380/97/624 2386/100/626 27/101/627
f 1888/4/628 1879/1/248 118/4/246
f 1888/4/628 1706/1/243 5002/2/629
f 5002/2/629 55/2/237 1853/4/480
f 1879/1/248 1853/4/480 122/3/226
f 1938/102/630 1770/103/631 39/104/632
f 156/105/633 5003/106/634 1938/102/630
f 1948/107/635 1949/108/636 5003/106/634
f 5003/106/634 71/109/637 1770/103/631
f 3248/110/638 3230/111/639 805/112/640
f 148/113/641 5004/114/642 3248/110/638
f 1926/115/643 1939/116/644 5004/114/642
f 5004/114/642 7/117/645 3230/111/639
f 40/118/646 5005/119/647 1724/120/648
f 1941/121/649 1934/122/650 5005/119/647
f 5005/119/647 158/123/651 1940/124/652
f 1724/120/648 1940/124/652 41/125/653
f 7/117/645 5006/126/654 3231/127/655
f 1939/116/644 1927/128/656 5006/126/654
f 5006/126/654 150/129/657 3249/130/658
f 3231/127/655 3249/130/658 808/131/659
f 41/125/653 5007/132/660 1725/133/661
f 1940/124/652 1935/134/662 5007/132/660
f 5007/132/660 155/135/663 1942/136/664
f 1725/133/661 1942/136/664 38/137/665
f 809/138/666 5008/139/667 3093/140/668
f 3251/141/669 1929/142/670 5008/139/667
f 5008/139/667 147/143/671 3250/144/672
f 3093/140/668 3250/144/672 801/145/673
f 1943/146/674 3233/147/675 6/148/676
f 146/149/677 5009/150/678 1943/146/674
f 5009/150/678 151/151/679 3251/141/669
f 3233/147/675 3251/141/669 809/138/666
f 808/131/659 5010/152/680 3232/153/681
f 3249/130/658 1928/154/682 5010/152/680
f 1928/154/682 1943/146/674 5010/152/680
f 5010/152/680 6/148/676 3232/153/681
f 2881/155/683 1945/156/683 683/157/683
f 682/158/683 5011/159/683 2881/155/683
f 5011/159/683 153/160/683 1931/161/683
f 5011/159/683 152/162/683 1945/156/683
f 2880/163/683 1944/164/683 682/158/683
f 2880/163/683 1946/165/684 5012/166/683
f 5012/166/683 154/167/685 1932/168/683
f 1944/164/683 1932/168/683 153/160/683
f 684/169/686 5013/170/687 1946/165/684
f 2879/171/688 1947/172/689 5013/170/687
f 5013/170/687 148/173/690 1933/174/691
f 1946/165/684 1933/174/691 154/167/685
f 149/175/692 5014/176/693 1927/177/694
f 1926/178/695 1947/179/689 5014/176/693
f 5014/176/693 685/180/696 2872/181/697
f 1927/177/694 2872/181/697 150/182/698
f 37/183/699 5015/184/700 1828/185/701
f 1767/186/702 1949/187/636 5015/184/700
f 5015/184/700 93/37/703 1731/32/704
f 1828/185/701 1731/32/704 46/30/705
f 539/188/706 5016/189/707 1937/190/708
f 2623/191/709 1936/192/710 5016/189/707
f 5016/189/707 158/193/711 1934/194/712
f 1937/190/708 1934/194/712 157/195/713
f 2622/196/714 1950/197/715 540/198/716
f 538/199/717 5017/200/718 2622/196/714
f 2613/201/719 1948/202/720 5017/200/718
f 5017/200/718 156/203/633 1950/197/715
f 1988/204/19 2015/205/19 180/206/19
f 161/207/19 5018/208/19 1988/204/19
f 5018/208/19 160/209/19 1960/210/19
f 2015/205/19 1960/210/19 175/211/19
f 175/211/19 5019/212/19 2013/213/19
f 1960/210/19 1958/214/19 5019/212/19
f 5019/212/19 163/215/19 1961/216/19
f 2013/213/19 1961/216/19 177/217/19
f 182/218/19 5020/219/19 2011/220/19
f 1990/221/19 1959/222/19 5020/219/19
f 5020/219/19 164/223/19 1962/224/19
f 2011/220/19 1962/224/19 179/225/19
f 184/226/19 5021/227/19 2009/228/19
f 1992/229/19 1956/230/19 5021/227/19
f 1956/230/19 1988/204/19 5021/227/19
f 5021/227/19 180/206/19 2009/228/19
f 177/217/19 5022/231/19 2007/232/19
f 1961/216/19 1957/233/19 5022/231/19
f 5022/231/19 162/234/19 1990/221/19
f 2007/232/19 1990/221/19 182/218/19
f 23/235/19 5023/236/19 1695/237/19
f 1965/238/19 1969/239/19 5023/236/19
f 5023/236/19 169/240/19 1963/241/19
f 1695/237/19 1963/241/19 16/242/19
f 3259/243/19 3125/244/19 753/245/19
f 170/246/19 5024/247/19 3259/243/19
f 1970/248/19 3258/249/19 5024/247/19
f 5024/247/19 838/250/19 3125/244/19
f 16/242/19 5025/251/19 1710/252/19
f 1963/241/19 1971/253/19 5025/251/19
f 5025/251/19 168/254/19 1966/255/19
f 1710/252/19 1966/255/19 29/256/19
f 3260/257/19 3242/258/19 802/259/19
f 3260/257/19 1972/260/19 5026/261/19
f 5026/261/19 167/262/19 1965/238/19
f 3242/258/19 1965/238/19 23/235/19
f 3258/249/19 3090/263/19 838/250/19
f 166/264/19 5027/265/19 3258/249/19
f 1973/266/19 3260/257/19 5027/265/19
f 5027/265/19 802/259/19 3090/263/19
f 29/256/19 5028/267/19 1711/268/19
f 1966/255/19 1974/269/19 5028/267/19
f 5028/267/19 157/270/19 1941/121/19
f 5028/267/19 40/118/19 1711/268/19
f 2005/271/19 1986/272/19 178/273/19
f 186/274/721 5029/275/19 2005/271/19
f 1994/276/722 1974/277/19 5029/275/19
f 5029/275/19 168/278/19 1986/272/19
f 753/245/19 5030/279/19 3259/280/19
f 3092/281/19 3250/144/19 5030/279/19
f 5030/279/19 147/282/19 1977/283/19
f 3259/280/19 1977/283/19 170/284/19
f 2003/285/19 1996/286/19 188/287/19
f 2003/285/19 1968/288/19 5031/289/19
f 5031/289/19 170/290/19 1977/291/19
f 1996/286/19 1977/291/19 147/282/19
f 688/292/19 5032/293/19 2875/294/19
f 2878/295/19 2873/296/19 5032/293/19
f 5032/293/19 172/297/19 1978/298/19
f 2875/294/19 1978/298/19 189/299/19
f 683/300/19 5033/301/19 2870/302/19
f 2877/303/19 2874/304/19 5033/301/19
f 5033/301/19 188/305/19 1996/306/19
f 2870/302/19 1996/306/19 147/282/19
f 687/307/19 5034/308/19 2874/309/19
f 2876/310/19 2875/311/19 5034/308/19
f 5034/308/19 189/312/19 1997/313/19
f 2874/309/19 1997/313/19 188/314/19
f 1979/315/19 1978/316/19 172/297/19
f 159/317/19 5035/318/19 1979/315/19
f 1992/319/19 2002/320/19 5035/318/19
f 5035/318/19 189/321/19 1978/316/19
f 2002/322/19 1997/323/19 189/324/19
f 184/325/19 5036/326/19 2002/322/19
f 1993/327/19 2003/328/19 5036/326/19
f 5036/326/19 188/314/19 1997/323/19
f 164/223/19 5037/329/19 1962/330/19
f 171/331/723 5037/329/19 1976/332/19
f 5037/329/19 187/333/724 2004/334/19
f 1962/330/19 2004/334/19 179/335/19
f 179/336/19 5038/337/19 1987/338/19
f 2004/339/19 1995/340/725 5038/337/19
f 1995/340/725 2005/271/19 5038/337/19
f 1987/338/19 2005/271/19 178/341/19
f 167/342/19 5039/343/19 1969/344/19
f 1984/345/19 2006/346/19 5039/343/19
f 5039/343/19 183/347/19 1967/348/19
f 1969/344/19 1967/348/19 169/349/19
f 176/350/19 5040/351/19 2006/346/19
f 1985/352/19 2007/353/19 5040/351/19
f 5040/351/19 182/354/19 1991/355/19
f 2006/346/19 1991/355/19 183/347/19
f 1968/356/19 1970/357/19 170/290/19
f 185/358/19 5041/359/19 1968/356/19
f 2008/360/19 1964/361/19 5041/359/19
f 5041/359/19 166/362/19 1970/357/19
f 1993/363/19 2008/360/19 185/358/19
f 1993/363/19 2009/228/19 5042/364/19
f 2009/228/19 1989/365/19 5042/364/19
f 5042/364/19 181/366/19 2008/360/19
f 169/349/19 5043/367/19 1971/368/19
f 1967/348/19 2010/369/19 5043/367/19
f 5043/367/19 178/341/19 1986/370/19
f 1971/368/19 1986/370/19 168/371/19
f 183/347/19 5044/372/19 2010/369/19
f 1991/355/19 2011/373/19 5044/372/19
f 5044/372/19 179/374/19 1987/375/19
f 2010/369/19 1987/375/19 178/341/19
f 165/376/19 5045/377/19 1972/378/19
f 1982/379/19 2012/380/19 5045/377/19
f 5045/377/19 176/350/19 1984/345/19
f 1972/378/19 1984/345/19 167/342/19
f 174/381/19 5046/382/19 2012/380/19
f 1983/383/19 2013/384/19 5046/382/19
f 5046/382/19 177/385/19 1985/352/19
f 2012/380/19 1985/352/19 176/350/19
f 1964/361/19 1973/386/19 166/362/19
f 181/366/19 5047/387/19 1964/361/19
f 5047/387/19 174/381/19 1982/379/19
f 5047/387/19 165/376/19 1973/386/19
f 1989/365/19 2014/388/19 181/366/19
f 180/389/19 5048/390/19 1989/365/19
f 5048/390/19 175/391/19 1983/383/19
f 2014/388/19 1983/383/19 174/381/19
f 541/392/726 5049/393/727 2016/394/728
f 2621/395/729 1937/396/730 5049/393/727
f 5049/393/727 157/270/19 1994/397/722
f 2016/394/728 1994/397/722 186/274/721
f 542/398/731 5050/399/732 2017/400/733
f 2620/401/734 2016/402/728 5050/399/732
f 5050/399/732 186/403/721 1995/404/725
f 2017/400/733 1995/404/725 187/405/724
f 543/406/735 5051/407/736 2018/408/737
f 2619/409/738 2017/410/733 5051/407/736
f 5051/407/736 187/411/724 1975/412/739
f 2018/408/737 1975/412/739 171/331/723
f 1690/66/740 1687/9/741 2/9/742
f 11/7/743 5052/8/744 1690/66/740
f 3236/9/745 3224/9/746 5052/8/744
f 5052/8/744 192/29/747 1687/9/741
f 2020/413/19 2036/414/19 198/415/19
f 173/416/19 5053/417/19 2020/413/19
f 1980/418/19 2019/419/19 5053/417/19
f 5053/417/19 197/420/19 2036/414/19
f 697/421/19 5054/422/19 3271/423/19
f 2905/424/19 2021/425/19 5054/422/19
f 5054/422/19 8/426/19 3261/427/19
f 3271/423/19 3261/427/19 842/428/19
f 2033/429/19 2035/430/19 200/431/19
f 190/432/19 5055/433/19 2033/429/19
f 1998/434/19 2022/435/19 5055/433/19
f 5055/433/19 199/436/19 2035/430/19
f 2899/437/19 2904/438/19 696/439/19
f 195/440/19 5056/441/19 2899/437/19
f 2027/442/19 2026/443/19 5056/441/19
f 5056/441/19 699/444/19 2904/438/19
f 197/445/19 5057/446/19 2030/447/19
f 2034/448/19 2025/449/19 5057/446/19
f 5057/446/19 195/440/19 2028/450/19
f 2030/447/19 2028/450/19 193/451/19
f 2024/452/19 2903/453/19 698/454/19
f 194/455/19 5058/456/19 2024/452/19
f 2029/457/19 2023/458/19 5058/456/19
f 5058/456/19 697/421/19 2903/453/19
f 2026/459/19 2902/460/19 699/461/19
f 196/462/19 5059/463/19 2026/459/19
f 3262/464/19 3270/465/19 5059/463/19
f 5059/463/19 695/466/19 2902/460/19
f 191/467/19 5060/468/19 2019/469/19
f 1999/470/19 2033/471/19 5060/468/19
f 5060/468/19 200/472/19 2034/448/19
f 2019/469/19 2034/448/19 197/445/19
f 2025/473/19 2027/442/19 195/440/19
f 200/474/19 5061/475/19 2025/473/19
f 2035/476/19 2032/477/19 5061/475/19
f 5061/475/19 196/478/19 2027/442/19
f 2031/479/19 2029/457/19 194/455/19
f 198/415/19 5062/480/19 2031/479/19
f 2036/414/19 2030/481/19 5062/480/19
f 5062/480/19 193/482/19 2029/457/19
f 3238/483/19 2037/484/19 12/485/19
f 821/486/19 5063/487/19 3238/483/19
f 3262/488/19 2032/489/19 5063/487/19
f 5063/487/19 199/490/19 2037/484/19
f 3237/491/19 3252/492/19 819/493/19
f 12/485/19 5064/494/19 3237/491/19
f 2037/484/19 2022/495/19 5064/494/19
f 5064/494/19 152/496/19 3252/492/19
f 625/497/748 5065/498/749 1804/499/750
f 626/500/751 5065/498/749 2771/498/752
f 2041/498/753 1803/499/754 5065/498/749
f 1804/499/750 1803/499/754 86/498/755
f 628/500/756 5066/501/757 2770/498/758
f 2768/502/759 2636/499/760 5066/501/757
f 5066/501/757 84/497/761 2042/502/762
f 2770/498/758 2042/502/762 627/501/762
f 2045/503/763 2043/504/764 221/505/764
f 2045/503/763 2046/506/765 5067/507/763
f 5067/507/763 207/508/765 2044/509/763
f 5067/507/763 205/510/764 2043/504/764
f 222/511/765 5068/512/766 2046/506/765
f 223/513/767 5068/512/766 2048/514/766
f 2049/515/768 2047/516/766 5068/512/766
f 2046/506/765 2047/516/766 207/508/765
f 2051/517/769 2049/518/768 223/519/767
f 2051/517/769 2052/520/770 5069/521/769
f 2052/520/770 2050/522/769 5069/521/769
f 5069/521/769 209/523/768 2049/518/768
f 224/524/770 5070/525/771 2052/520/770
f 2054/526/771 2055/527/772 5070/525/771
f 2055/527/772 2053/528/771 5070/525/771
f 2052/520/770 2053/528/771 211/529/770
f 2057/530/773 2055/531/772 225/532/772
f 226/533/774 5071/534/773 2057/530/773
f 2058/535/774 2056/536/773 5071/534/773
f 5071/534/773 213/537/772 2055/531/772
f 226/533/774 5072/538/775 2058/535/774
f 227/539/776 5072/538/775 2060/540/775
f 2061/541/777 2059/542/775 5072/538/775
f 2058/535/774 2059/542/775 215/543/774
f 2063/544/778 2061/545/777 227/546/776
f 2063/544/778 2064/547/779 5073/548/778
f 5073/548/778 219/549/779 2062/550/778
f 5073/548/778 217/551/777 2061/545/777
f 206/552/780 5074/553/780 2074/554/780
f 2075/555/780 2066/556/780 5074/553/780
f 2066/556/780 2082/557/780 5074/553/780
f 5074/553/780 220/558/780 2074/554/780
f 206/552/780 5075/559/780 2075/560/780
f 208/561/780 5075/559/780 2067/562/780
f 2076/563/780 2045/564/780 5075/559/780
f 2075/560/780 2045/564/780 221/565/781
f 206/566/782 5076/567/771 2092/568/782
f 220/569/770 5076/567/771 2074/570/771
f 2091/571/770 2090/572/771 5076/567/771
f 5076/567/771 238/573/782 2092/568/782
f 208/561/780 5077/574/780 2076/563/780
f 210/575/780 5077/574/780 2068/576/783
f 2077/577/780 2048/578/780 5077/574/780
f 2076/563/780 2048/578/780 222/579/780
f 210/575/780 5078/580/780 2077/577/780
f 212/581/780 5078/580/780 2069/582/780
f 2078/583/780 2051/584/780 5078/580/780
f 2077/577/780 2051/584/780 223/585/780
f 212/581/780 5079/586/781 2078/583/780
f 214/587/784 5079/586/781 2070/588/781
f 2079/589/780 2054/590/781 5079/586/781
f 2078/583/780 2054/590/781 224/591/780
f 214/587/784 5080/592/780 2079/589/780
f 216/593/780 5080/592/780 2071/594/780
f 2080/595/780 2057/596/780 5080/592/780
f 2079/589/780 2057/596/780 225/597/780
f 216/593/780 5081/598/780 2080/595/780
f 218/599/780 5081/598/780 2072/600/785
f 2081/601/780 2060/602/780 5081/598/780
f 2080/595/780 2060/602/780 226/603/780
f 218/599/780 5082/604/780 2081/601/780
f 220/558/780 5082/604/780 2073/605/780
f 2082/606/780 2063/607/780 5082/604/780
f 2081/601/780 2063/607/780 227/608/780
f 219/549/779 5083/609/786 2065/610/786
f 228/611/779 5083/609/786 2064/612/779
f 2066/613/786 2043/614/764 5083/609/786
f 5083/609/786 205/615/764 2065/610/786
f 270/616/787 5084/617/788 2195/618/789
f 276/619/790 5084/617/788 2178/620/791
f 2195/621/789 2196/622/792 286/623/780
f 2072/624/766 2094/625/767 218/626/768
f 2072/624/766 2093/627/765 5085/628/766
f 2093/627/765 2088/629/766 5085/628/766
f 2094/625/767 2088/629/766 243/630/767
f 214/631/793 5086/632/786 2096/633/794
f 2070/634/786 2095/635/779 5086/632/786
f 2095/635/779 2086/636/786 5086/632/786
f 5086/632/786 241/637/764 2096/633/794
f 210/638/795 5087/639/775 2098/640/777
f 2068/641/796 2097/642/774 5087/639/775
f 2097/642/774 2084/643/775 5087/639/775
f 5087/639/775 239/644/777 2098/640/777
f 220/569/770 5088/645/769 2091/571/770
f 218/646/768 5088/645/769 2073/647/797
f 5088/645/769 243/648/767 2089/649/769
f 2091/571/770 2089/649/769 244/650/798
f 216/651/799 5089/652/763 2093/627/765
f 2071/653/763 2096/654/794 5089/652/763
f 2096/654/794 2087/655/763 5089/652/763
f 5089/652/763 242/656/765 2093/627/765
f 212/657/800 5090/658/778 2095/635/779
f 2069/659/778 2098/660/777 5090/658/778
f 2098/660/777 2085/661/778 5090/658/778
f 5090/658/778 240/662/779 2095/635/779
f 2067/663/773 2097/642/774 208/664/774
f 2067/663/773 2092/665/782 5091/666/773
f 2092/665/782 2083/667/773 5091/666/773
f 5091/666/773 237/668/774 2097/642/774
f 230/669/787 5092/670/801 2107/671/802
f 229/672/803 5092/670/801 2099/673/804
f 2108/674/805 2083/675/801 5092/670/801
f 2107/671/802 2083/675/801 238/676/802
f 229/672/803 5093/677/806 2108/674/805
f 231/678/807 5093/677/806 2100/679/808
f 2109/680/809 2084/681/806 5093/677/806
f 2108/674/805 2084/681/806 237/682/805
f 231/678/807 5094/683/810 2109/680/809
f 232/684/811 5094/683/810 2101/685/812
f 2110/686/813 2085/687/810 5094/683/810
f 2109/680/809 2085/687/810 239/688/809
f 232/684/811 5095/689/814 2110/686/813
f 233/690/815 5095/689/814 2102/691/816
f 2111/692/817 2086/693/814 5095/689/814
f 2110/686/813 2086/693/814 240/694/813
f 233/690/815 5096/695/818 2111/692/817
f 234/696/819 5096/695/818 2103/697/820
f 2112/698/821 2087/699/818 5096/695/818
f 2111/692/817 2087/699/818 241/700/817
f 234/696/819 5097/701/822 2112/698/821
f 235/702/823 5097/701/822 2104/703/824
f 2113/704/825 2088/705/822 5097/701/822
f 2112/698/821 2088/705/822 242/706/821
f 235/702/823 5098/707/826 2113/704/825
f 236/708/827 5098/707/826 2105/709/828
f 2114/710/829 2089/711/826 5098/707/826
f 2113/704/825 2089/711/826 243/712/825
f 236/708/827 5099/713/830 2114/710/829
f 230/669/787 5099/713/830 2106/714/791
f 2107/671/802 2090/715/830 5099/713/830
f 2114/710/829 2090/715/830 244/716/829
f 2117/503/763 2115/504/764 261/505/764
f 2117/503/763 2118/506/765 5100/507/763
f 5100/507/763 247/508/765 2116/509/763
f 5100/507/763 245/510/764 2115/504/764
f 262/511/765 5101/512/766 2118/506/765
f 263/513/768 5101/512/766 2120/514/766
f 2121/515/768 2119/516/766 5101/512/766
f 2118/506/765 2119/516/766 247/508/765
f 2123/717/769 2121/718/768 263/719/768
f 2123/717/769 2124/720/770 5102/721/769
f 2124/720/770 2122/722/769 5102/721/769
f 5102/721/769 249/723/768 2121/718/768
f 264/724/770 5103/725/771 2124/720/770
f 2126/726/771 2127/727/772 5103/725/771
f 2127/727/772 2125/728/771 5103/725/771
f 2124/720/770 2125/728/771 251/729/770
f 2129/530/773 2127/531/772 265/532/772
f 2129/530/773 2130/535/774 5104/534/773
f 5104/534/773 255/543/774 2128/536/773
f 5104/534/773 253/537/772 2127/531/772
f 266/533/774 5105/538/775 2130/535/774
f 267/539/776 5105/538/775 2132/540/775
f 2133/541/777 2131/542/775 5105/538/775
f 2130/535/774 2131/542/775 255/543/774
f 2135/730/778 2133/731/777 267/732/776
f 2135/730/778 2136/733/779 5106/734/778
f 5106/734/778 259/735/779 2134/736/778
f 5106/734/778 257/737/777 2133/731/777
f 246/738/781 5107/739/780 2146/740/780
f 2147/741/780 2138/742/780 5107/739/780
f 2138/742/780 2154/743/780 5107/739/780
f 5107/739/780 260/744/781 2146/740/780
f 246/738/781 5108/745/780 2147/746/780
f 248/747/780 5108/745/780 2139/748/784
f 2148/749/780 2117/750/780 5108/745/780
f 2147/746/780 2117/750/780 261/751/780
f 2146/752/771 2164/753/772 246/754/782
f 2146/752/771 2163/755/770 5109/756/771
f 5109/756/771 284/757/798 2162/758/771
f 2164/753/772 2162/758/771 278/759/772
f 248/747/780 5110/760/780 2148/749/780
f 250/761/780 5110/760/780 2140/762/783
f 2149/763/780 2120/764/780 5110/760/780
f 2148/749/780 2120/764/780 262/765/780
f 250/761/780 5111/766/780 2149/763/780
f 252/767/780 5111/766/780 2141/768/780
f 2150/769/780 2123/770/780 5111/766/780
f 2149/763/780 2123/770/780 263/771/780
f 252/767/780 5112/772/780 2150/769/780
f 2142/773/781 2151/774/784 5112/772/780
f 5112/772/780 265/775/780 2126/776/780
f 2150/769/780 2126/776/780 264/777/781
f 254/778/784 5113/779/780 2151/774/784
f 2143/780/780 2152/781/780 5113/779/780
f 5113/779/780 266/782/780 2129/783/780
f 2151/774/784 2129/783/780 265/775/780
f 2144/784/785 2152/781/780 256/785/780
f 258/786/780 5114/787/780 2144/784/785
f 2153/788/780 2132/789/783 5114/787/780
f 5114/787/780 266/782/780 2152/781/780
f 2145/790/780 2153/788/780 258/786/780
f 260/744/781 5115/791/780 2145/790/780
f 2154/792/780 2135/793/780 5115/791/780
f 5115/791/780 267/794/780 2153/788/780
f 2136/795/779 2137/796/786 259/735/779
f 2136/795/779 2138/797/786 5116/798/786
f 5116/798/786 261/799/764 2115/800/764
f 5116/798/786 245/801/764 2137/796/786
f 258/626/831 5117/802/832 2166/625/833
f 2144/803/834 2165/804/835 5117/802/832
f 5117/802/832 282/656/836 2160/629/837
f 2166/625/833 2160/629/837 283/630/838
f 2142/805/839 2168/806/840 254/807/841
f 252/808/842 5118/809/843 2142/805/839
f 2167/810/800 2158/811/844 5118/809/843
f 5118/809/843 281/812/845 2168/806/840
f 250/638/777 5119/639/775 2170/640/776
f 2140/641/796 2169/642/774 5119/639/775
f 2169/642/774 2156/643/846 5119/639/775
f 5119/639/775 279/644/777 2170/640/776
f 260/813/847 5120/814/848 2163/755/770
f 2145/815/849 2166/816/833 5120/814/848
f 5120/814/848 283/817/838 2161/818/850
f 2163/755/770 2161/818/850 284/757/798
f 2143/819/851 2165/804/835 256/820/852
f 254/821/841 5121/822/853 2143/819/851
f 2168/654/840 2159/655/854 5121/822/853
f 5121/822/853 282/656/836 2165/804/835
f 252/808/842 5122/823/778 2167/810/800
f 2141/824/778 2170/825/776 5122/823/778
f 2170/825/776 2157/826/778 5122/823/778
f 5122/823/778 280/827/779 2167/810/800
f 248/664/855 5123/666/773 2169/642/774
f 246/828/782 5123/666/773 2139/663/773
f 5123/666/773 278/829/772 2155/667/773
f 5123/666/773 277/668/856 2169/642/774
f 270/830/787 5124/831/801 2179/832/802
f 269/833/857 5124/831/801 2171/834/804
f 2180/835/805 2155/836/801 5124/831/801
f 2179/832/802 2155/836/801 278/837/802
f 269/833/857 5125/838/806 2180/835/805
f 271/839/807 5125/838/806 2172/840/808
f 2181/841/809 2156/842/806 5125/838/806
f 2180/835/805 2156/842/806 277/843/805
f 271/839/807 5126/844/810 2181/841/809
f 272/845/811 5126/844/810 2173/846/812
f 2182/847/813 2157/848/810 5126/844/810
f 2181/841/809 2157/848/810 279/849/809
f 272/845/811 5127/850/814 2182/847/813
f 273/851/815 5127/850/814 2174/852/816
f 2183/853/817 2158/854/814 5127/850/814
f 2182/847/813 2158/854/814 280/855/858
f 273/851/815 5128/856/818 2183/853/817
f 274/857/819 5128/856/818 2175/858/820
f 2184/859/821 2159/860/818 5128/856/818
f 2183/853/817 2159/860/818 281/861/817
f 274/857/819 5129/862/822 2184/859/821
f 275/863/823 5129/862/822 2176/864/824
f 2185/865/825 2160/866/822 5129/862/822
f 2184/859/821 2160/866/822 282/867/821
f 275/863/823 5130/868/826 2185/865/825
f 276/869/790 5130/868/826 2177/870/828
f 2186/871/829 2161/872/826 5130/868/826
f 2185/865/825 2161/872/826 283/873/825
f 276/869/790 5131/874/830 2186/871/829
f 270/830/787 5131/874/830 2178/875/791
f 2179/832/802 2162/876/830 5131/874/830
f 2186/871/829 2162/876/830 284/877/829
f 230/878/787 5132/879/788 2187/880/789
f 236/881/827 5132/879/788 2106/882/791
f 2187/883/789 2188/884/792 285/885/780
f 236/886/827 5133/887/859 2188/884/792
f 235/888/823 5133/887/859 2105/709/828
f 2188/889/792 2189/890/860 285/885/780
f 235/888/823 5134/891/861 2189/892/860
f 234/893/819 5134/891/861 2104/894/824
f 2189/895/860 2190/896/862 285/885/780
f 234/893/819 5135/897/863 2190/898/862
f 233/899/815 5135/897/863 2103/900/820
f 2190/901/862 2191/902/864 285/885/780
f 233/899/815 5136/903/865 2191/904/864
f 232/905/811 5136/903/865 2102/906/816
f 2191/902/864 2192/907/866 285/885/780
f 232/908/811 5137/909/867 2192/910/866
f 231/911/807 5137/909/867 2101/685/812
f 2192/912/866 2193/913/868 285/885/780
f 231/678/807 5138/914/869 2193/915/868
f 229/916/803 5138/914/869 2100/917/808
f 2193/918/868 2194/919/870 285/885/780
f 229/916/803 5139/920/871 2194/921/870
f 230/878/787 5139/920/871 2099/673/804
f 2194/919/870 2187/922/789 285/885/780
f 276/923/790 5140/924/859 2196/925/792
f 275/926/823 5140/924/859 2177/870/828
f 2196/927/792 2197/928/860 286/623/780
f 275/926/823 5141/929/861 2197/930/860
f 274/931/819 5141/929/861 2176/932/824
f 2197/933/860 2198/934/862 286/623/780
f 274/931/819 5142/935/863 2198/936/862
f 273/937/815 5142/935/863 2175/938/820
f 2198/939/862 2199/940/864 286/623/780
f 273/937/815 5143/941/865 2199/942/864
f 272/943/811 5143/941/865 2174/944/816
f 2199/940/864 2200/945/866 286/623/780
f 272/946/811 5144/947/867 2200/948/866
f 271/949/807 5144/947/867 2173/846/812
f 2200/950/866 2201/951/868 286/623/780
f 271/949/807 5145/952/869 2201/953/868
f 269/954/857 5145/952/869 2172/955/808
f 2201/951/868 2202/956/870 286/623/780
f 269/954/857 5146/957/872 2202/958/870
f 270/616/787 5146/957/872 2171/834/804
f 2202/959/870 2195/960/789 286/623/780
f 2216/961/873 2251/962/874 311/963/875
f 310/964/876 5147/965/877 2216/961/873
f 2252/966/878 2250/967/879 5147/965/877
f 5147/965/877 313/968/880 2251/962/874
f 304/969/881 5148/970/882 2235/971/883
f 2228/972/884 2236/973/885 5148/970/882
f 5148/970/882 287/974/886 2203/975/887
f 2235/971/883 2203/975/887 288/976/888
f 303/977/889 5149/978/890 2236/979/885
f 302/980/891 5149/978/890 2227/981/892
f 2236/973/885 2233/982/893 287/974/886
f 2238/983/894 2248/984/895 309/985/896
f 308/986/897 5150/987/898 2238/983/894
f 2249/988/899 2216/961/873 5150/987/898
f 5150/987/898 311/963/875 2248/984/895
f 288/976/888 5151/989/900 2206/990/901
f 2203/975/887 2207/991/902 5151/989/900
f 5151/989/900 289/992/903 2204/993/904
f 2206/990/901 2204/993/904 290/994/905
f 287/974/886 5152/995/906 2207/996/902
f 2237/997/907 2233/998/893 302/980/891
f 289/999/903 5152/995/906 2237/1000/907
f 307/1001/908 5153/1002/909 2234/1003/910
f 2245/1004/911 2232/1005/912 5153/1002/909
f 5153/1002/909 308/1006/897 2238/1007/894
f 5153/1002/909 309/1008/896 2234/1003/910
f 2204/993/904 2209/1009/913 290/994/905
f 289/992/903 5154/1010/914 2204/993/904
f 2210/1011/915 2208/1012/916 5154/1010/914
f 5154/1010/914 292/1013/917 2209/1009/913
f 290/1014/918 5155/1015/919 2264/1016/920
f 2209/1017/921 2215/1018/922 5155/1015/919
f 5155/1015/919 308/1019/923 2232/1020/924
f 2264/1016/920 2232/1020/924 306/1021/925
f 289/999/903 5156/1022/926 2210/1023/915
f 2239/1024/927 2237/1000/907 302/980/891
f 291/1025/928 5156/1022/926 2239/1026/927
f 305/1027/929 5157/1028/930 2242/1029/931
f 2247/1030/932 2240/1031/933 5157/1028/930
f 5157/1028/930 306/1032/934 2245/1033/911
f 2242/1029/931 2245/1033/911 307/1034/908
f 2208/1012/916 2212/1035/935 292/1013/917
f 291/1036/928 5158/1037/936 2208/1012/916
f 2213/1038/937 2211/1039/938 5158/1037/936
f 5158/1037/936 294/1040/939 2212/1035/935
f 2239/1041/927 2213/1042/937 291/1043/928
f 302/980/891 5159/1044/940 2239/1045/927
f 293/1046/941 5159/1044/940 2241/1047/942
f 315/1048/943 5160/1049/944 2257/1050/945
f 2253/1051/946 2258/1052/947 5160/1049/944
f 5160/1049/944 316/1053/948 2256/1054/949
f 2257/1050/945 2256/1054/949 317/1055/950
f 294/1040/939 5161/1056/951 2217/1057/952
f 2211/1039/938 2218/1058/953 5161/1056/951
f 5161/1056/951 295/1059/954 2214/1060/955
f 2217/1057/952 2214/1060/955 296/1061/956
f 299/1062/957 5162/1063/958 2205/1064/959
f 2225/1065/960 2224/1066/961 5162/1063/958
f 5162/1063/958 316/1067/962 2258/1068/963
f 2205/1064/959 2258/1068/963 314/1069/964
f 293/1046/941 5163/1070/965 2218/1071/953
f 302/980/891 5163/1070/965 2241/1072/942
f 2218/1073/953 2243/1074/966 295/1075/954
f 295/1076/954 5164/1077/967 2221/1078/968
f 2244/1079/969 2243/1080/966 302/980/891
f 298/1081/970 5164/1077/967 2244/1082/969
f 317/1083/950 5165/1084/971 2260/1085/972
f 2256/1086/949 2261/1087/973 5165/1084/971
f 5165/1084/971 318/1088/974 2259/1089/975
f 2260/1085/972 2259/1089/975 319/1090/976
f 296/1061/956 5166/1091/977 2222/1092/978
f 2214/1060/955 2221/1093/968 5166/1091/977
f 5166/1091/977 298/1094/970 2219/1095/979
f 2222/1092/978 2219/1095/979 299/1096/980
f 292/1097/981 5167/1098/982 2215/1018/922
f 2212/1099/983 2220/1100/984 5167/1098/982
f 5167/1098/982 310/1101/985 2249/1102/986
f 2215/1018/922 2249/1102/986 308/1019/923
f 298/1103/970 5168/1104/987 2226/1105/988
f 2246/1106/989 2244/1107/969 302/980/891
f 300/1108/990 5168/1104/987 2246/1109/989
f 319/1090/976 5169/1110/991 2262/1111/992
f 2259/1089/975 2263/1112/993 5169/1110/991
f 5169/1110/991 297/1113/994 2247/1030/932
f 2262/1111/992 2247/1030/932 305/1027/929
f 2219/1095/979 2225/1114/995 299/1096/980
f 298/1094/970 5170/1115/996 2219/1095/979
f 2226/1116/988 2223/1117/997 5170/1115/996
f 5170/1115/996 301/1118/998 2225/1114/995
f 301/1119/999 5171/1120/1000 2224/1066/961
f 2230/1121/1001 2229/1122/1002 5171/1120/1000
f 5171/1120/1000 318/1123/1003 2261/1124/1004
f 2224/1066/961 2261/1124/1004 316/1067/962
f 2246/1125/989 2231/1126/1005 300/1108/990
f 302/980/891 5172/1127/1006 2246/1128/989
f 303/1129/889 5172/1127/1006 2227/1130/892
f 2250/967/879 2254/1131/1007 313/968/880
f 312/1132/1008 5173/1133/1009 2250/967/879
f 2255/1134/1010 2253/1135/946 5173/1133/1009
f 5173/1133/1009 315/1136/943 2254/1131/1007
f 2223/1117/997 2230/1137/1011 301/1118/998
f 300/1138/990 5174/1139/1012 2223/1117/997
f 2231/1140/1005 2228/972/884 5174/1139/1012
f 5174/1139/1012 304/969/881 2230/1137/1011
f 2222/1141/1013 2265/1142/1014 296/1143/1015
f 299/1062/957 5175/1144/1016 2222/1141/1013
f 2205/1064/959 2255/1145/1017 5175/1144/1016
f 5175/1144/1016 312/1146/1018 2265/1142/1014
f 2206/1147/1019 2266/1148/1020 288/1149/1021
f 290/1014/918 5176/1150/1022 2206/1147/1019
f 2264/1016/920 2240/1151/1023 5176/1150/1022
f 5176/1150/1022 297/1152/1024 2266/1148/1020
f 2235/1153/1025 2229/1154/1002 304/1155/1026
f 288/1149/1021 5177/1156/1027 2235/1153/1025
f 2266/1148/1020 2263/1157/1028 5177/1156/1027
f 5177/1156/1027 318/1158/1003 2229/1154/1002
f 2217/1159/1029 2220/1160/984 294/1161/1030
f 296/1162/1015 5178/1163/1031 2217/1159/1029
f 2265/1164/1014 2252/966/1032 5178/1163/1031
f 5178/1163/1031 310/1165/985 2220/1160/984
f 2280/1166/1033 2315/1167/1034 344/1168/1035
f 343/1169/1036 5179/1170/1037 2280/1166/1033
f 2316/1171/1038 2314/1172/1039 5179/1170/1037
f 5179/1170/1037 346/1173/1040 2315/1167/1034
f 337/1174/1041 5180/1175/1042 2299/1176/1043
f 2292/1177/1044 2300/1178/1045 5180/1175/1042
f 5180/1175/1042 320/1179/1046 2267/1180/1047
f 2299/1176/1043 2267/1180/1047 321/1181/1048
f 336/1182/1049 5181/1183/1050 2300/1184/1045
f 335/1185/1051 5181/1183/1050 2291/1186/1052
f 2300/1187/1045 2297/1188/1053 320/1189/1046
f 342/1190/1054 5182/1191/1055 2312/1192/1056
f 2302/1193/1057 2313/1194/1058 5182/1191/1055
f 2313/1194/1058 2280/1166/1033 5182/1191/1055
f 5182/1191/1055 344/1168/1035 2312/1192/1056
f 321/1181/1048 5183/1195/1059 2270/1196/1060
f 2267/1180/1047 2271/1197/1061 5183/1195/1059
f 5183/1195/1059 322/1198/1062 2268/1199/1063
f 2270/1196/1060 2268/1199/1063 323/1200/1064
f 320/1201/1046 5184/1202/1065 2271/1197/1061
f 2301/1203/1066 2297/1204/1053 335/1185/1051
f 2271/1197/1061 2301/1205/1066 322/1206/1062
f 340/1207/1067 5185/1208/1068 2298/1209/1069
f 2309/1210/1070 2296/1211/1071 5185/1208/1068
f 5185/1208/1068 341/1212/1072 2302/1193/1057
f 2298/1209/1069 2302/1193/1057 342/1190/1054
f 2268/1199/1063 2273/1213/1073 323/1200/1064
f 322/1198/1062 5186/1214/1074 2268/1199/1063
f 2274/1215/1075 2272/1216/1076 5186/1214/1074
f 5186/1214/1074 325/1217/1077 2273/1213/1073
f 323/1218/1078 5187/1219/1079 2328/1220/1080
f 2273/1221/1081 2279/1222/1082 5187/1219/1079
f 5187/1219/1079 341/1223/1083 2296/1224/1084
f 2328/1220/1080 2296/1224/1084 339/1225/1085
f 322/1226/1062 5188/1227/1086 2274/1215/1075
f 2303/1228/1087 2301/1203/1066 335/1185/1051
f 324/1229/1088 5188/1227/1086 2303/1230/1087
f 338/1231/1089 5189/1232/1090 2306/1233/1091
f 2311/1234/1092 2304/1235/1093 5189/1232/1090
f 5189/1232/1090 339/1236/1094 2309/1210/1070
f 2306/1233/1091 2309/1210/1070 340/1207/1067
f 2272/1216/1076 2276/1237/1095 325/1217/1077
f 324/1238/1088 5190/1239/1096 2272/1216/1076
f 2277/1240/1097 2275/1241/1098 5190/1239/1096
f 5190/1239/1096 327/1242/1099 2276/1237/1095
f 2303/1243/1087 2277/1244/1097 324/1245/1088
f 335/1185/1051 5191/1246/1100 2303/1247/1087
f 326/1248/1101 5191/1246/1100 2305/1249/1102
f 2317/1250/1103 2321/1251/1104 348/1252/1105
f 347/1253/1106 5192/1254/1107 2317/1250/1103
f 5192/1254/1107 349/1255/1108 2320/1256/1109
f 2321/1251/1104 2320/1256/1109 350/1257/1110
f 327/1242/1099 5193/1258/1111 2281/1259/1112
f 2275/1241/1098 2282/1260/1113 5193/1258/1111
f 5193/1258/1111 328/1261/1114 2278/1262/1115
f 2281/1259/1112 2278/1262/1115 329/1263/1116
f 332/1264/1117 5194/1265/1118 2269/1266/1119
f 2289/1267/1120 2288/1268/1121 5194/1265/1118
f 5194/1265/1118 349/1269/1122 2322/1270/1123
f 2269/1266/1119 2322/1270/1123 347/1271/1124
f 326/1248/1101 5195/1272/1125 2282/1273/1113
f 335/1185/1051 5195/1272/1125 2305/1274/1102
f 2282/1260/1113 2307/1275/1126 328/1276/1114
f 328/1276/1114 5196/1277/1127 2285/1278/1128
f 2308/1279/1129 2307/1280/1126 335/1185/1051
f 2285/1278/1128 2308/1279/1129 331/1281/1130
f 350/1257/1110 5197/1282/1131 2324/1283/1132
f 2320/1256/1109 2325/1284/1133 5197/1282/1131
f 5197/1282/1131 351/1285/1134 2323/1286/1135
f 2324/1283/1132 2323/1286/1135 352/1287/1136
f 329/1263/1116 5198/1288/1137 2286/1289/1138
f 2278/1262/1115 2285/1290/1128 5198/1288/1137
f 5198/1288/1137 331/1291/1130 2283/1292/1139
f 2286/1289/1138 2283/1292/1139 332/1293/1140
f 325/1294/1141 5199/1295/1142 2279/1296/1082
f 2276/1297/1143 2284/1298/1144 5199/1295/1142
f 5199/1295/1142 343/1169/1145 2313/1194/1146
f 2279/1296/1082 2313/1194/1146 341/1299/1083
f 331/1300/1130 5200/1301/1147 2290/1302/1148
f 2310/1303/1149 2308/1304/1129 335/1185/1051
f 333/1305/1150 5200/1301/1147 2310/1306/1149
f 352/1287/1136 5201/1307/1151 2326/1308/1152
f 2323/1286/1135 2327/1309/1153 5201/1307/1151
f 5201/1307/1151 330/1310/1154 2311/1234/1092
f 2326/1308/1152 2311/1234/1092 338/1231/1089
f 2283/1292/1139 2289/1311/1155 332/1293/1140
f 331/1291/1130 5202/1312/1156 2283/1292/1139
f 2290/1313/1148 2287/1314/1157 5202/1312/1156
f 5202/1312/1156 334/1315/1158 2289/1311/1155
f 334/1316/1159 5203/1317/1160 2288/1268/1121
f 2294/1318/1161 2293/1319/1162 5203/1317/1160
f 5203/1317/1160 351/1320/1163 2325/1321/1164
f 2288/1268/1121 2325/1321/1164 349/1269/1122
f 2310/1322/1149 2295/1323/1165 333/1324/1150
f 335/1185/1051 5204/1325/1166 2310/1306/1149
f 336/1326/1049 5204/1325/1166 2291/1186/1052
f 2314/1172/1039 2318/1327/1167 346/1173/1040
f 345/1328/1168 5205/1329/1169 2314/1172/1039
f 2319/1330/1170 2317/1250/1103 5205/1329/1169
f 5205/1329/1169 348/1252/1105 2318/1327/1167
f 2287/1314/1157 2294/1331/1171 334/1315/1158
f 333/1332/1150 5206/1333/1172 2287/1314/1157
f 2295/1334/1165 2292/1177/1044 5206/1333/1172
f 5206/1333/1172 337/1174/1041 2294/1331/1171
f 2286/1335/1173 2329/1336/1174 329/1337/1175
f 332/1264/1117 5207/1338/1176 2286/1335/1173
f 2269/1266/1119 2319/1339/1177 5207/1338/1176
f 5207/1338/1176 345/1340/1178 2329/1336/1174
f 2270/1341/1179 2330/1342/1180 321/1343/1181
f 323/1218/1078 5208/1344/1182 2270/1341/1179
f 2328/1220/1080 2304/1345/1183 5208/1344/1182
f 5208/1344/1182 330/1346/1184 2330/1342/1180
f 2299/1347/1185 2293/1348/1162 337/1349/1186
f 321/1343/1181 5209/1350/1187 2299/1347/1185
f 2330/1342/1180 2327/1351/1188 5209/1350/1187
f 5209/1350/1187 351/1352/1163 2293/1348/1162
f 2281/1353/1189 2284/1298/1144 327/1354/1190
f 329/1355/1175 5210/1356/1191 2281/1353/1189
f 2329/1357/1174 2316/1171/1192 5210/1356/1191
f 5210/1356/1191 343/1169/1145 2284/1298/1144
f 353/4/1193 5211/4/1194 2335/4/1195
f 2332/4/1196 2336/4/1197 5211/4/1194
f 2336/4/1197 2334/4/1198 5211/4/1194
f 2335/4/1195 2334/4/1198 356/4/1199
f 2331/1358/1200 2693/1358/1201 578/1359/1201
f 355/1358/1200 5212/1360/1200 2331/1358/1200
f 2337/1361/1200 2333/1358/1200 5212/1360/1200
f 5212/1360/1200 579/1359/1201 2693/1358/1201
f 2341/4/1202 2339/4/1203 360/4/1204
f 2341/4/1202 2332/4/1205 5213/4/1206
f 5213/4/1206 353/4/1207 2340/4/1208
f 2339/4/1203 2340/4/1208 359/4/1209
f 578/1362/1210 5214/1363/1211 2692/1362/1210
f 2689/1362/1212 2341/1362/1202 5214/1363/1211
f 5214/1363/1211 360/1362/1204 2691/1362/1211
f 2692/1362/1210 2691/1362/1211 580/1362/1210
f 362/4/1193 5215/4/1194 2347/4/1195
f 2344/4/1196 2348/4/1197 5215/4/1194
f 2348/4/1197 2346/4/1198 5215/4/1194
f 2347/4/1195 2346/4/1198 365/4/1199
f 2343/1358/1200 2688/1358/1201 575/1359/1201
f 364/1358/1200 5216/1360/1200 2343/1358/1200
f 2349/1361/1200 2345/1358/1200 5216/1360/1200
f 5216/1360/1200 576/1359/1201 2688/1358/1201
f 2353/4/1202 2351/4/1203 369/4/1204
f 2353/4/1202 2344/4/1205 5217/4/1206
f 5217/4/1206 362/4/1207 2352/4/1208
f 2351/4/1203 2352/4/1208 368/4/1209
f 575/1362/1210 5218/1363/1211 2687/1362/1210
f 2684/1362/1212 2353/1362/1202 5218/1363/1211
f 5218/1363/1211 369/1362/1204 2686/1362/1213
f 2687/1362/1210 2686/1362/1213 577/1362/1210
f 371/4/1214 5219/4/1194 2359/4/1195
f 2356/4/1196 2360/4/1197 5219/4/1194
f 2360/4/1197 2358/4/1198 5219/4/1194
f 2359/4/1195 2358/4/1198 374/4/1199
f 2355/1358/1200 2683/1358/1201 572/1359/1201
f 373/1358/1200 5220/1360/1200 2355/1358/1200
f 2361/1361/1200 2357/1358/1200 5220/1360/1200
f 5220/1360/1200 573/1359/1201 2683/1358/1201
f 2365/4/1202 2363/4/1203 378/4/1204
f 2365/4/1202 2356/4/1205 5221/4/1206
f 5221/4/1206 371/4/1207 2364/4/1208
f 2363/4/1203 2364/4/1208 377/4/1209
f 572/1362/1210 5222/1363/1211 2682/1362/1210
f 2679/1362/1212 2365/1362/1202 5222/1363/1211
f 5222/1363/1211 378/1362/1204 2681/1362/1213
f 2682/1362/1210 2681/1362/1213 574/1362/1210
f 380/4/1214 5223/4/1194 2371/4/1195
f 2368/4/1196 2372/4/1197 5223/4/1194
f 2372/4/1197 2370/4/1198 5223/4/1194
f 2371/4/1195 2370/4/1198 383/4/1199
f 2367/1358/1200 2678/1358/1201 569/1359/1201
f 382/1358/1200 5224/1360/1200 2367/1358/1200
f 2373/1361/1200 2369/1358/1200 5224/1360/1200
f 5224/1360/1200 570/1359/1201 2678/1358/1201
f 2377/4/1202 2375/4/1203 387/4/1204
f 2377/4/1202 2368/4/1205 5225/4/1206
f 5225/4/1206 380/4/1207 2376/4/1208
f 2375/4/1203 2376/4/1208 386/4/1209
f 569/1362/1210 5226/1363/1211 2677/1362/1210
f 2674/1362/1212 2377/1362/1202 5226/1363/1211
f 5226/1363/1211 387/1362/1204 2676/1362/1211
f 2677/1362/1210 2676/1362/1211 571/1362/1210
f 3147/1364/1215 3263/1365/1216 777/1366/1217
f 857/1367/1218 5227/1368/1219 3147/1364/1215
f 3267/1369/1220 2391/1370/1221 5227/1368/1219
f 5227/1368/1219 402/1371/1222 3263/1365/1216
f 390/74/603 5228/1372/1223 2379/1373/598
f 389/1374/446 5228/1372/1223 2390/1375/449
f 2379/69/598 2384/1376/1224 126/67/596
f 568/1377/1225 5229/1378/1226 2652/1379/1227
f 2648/1380/1228 1919/1381/600 5229/1378/1226
f 5229/1378/1226 129/1382/1229 2646/1383/1230
f 2652/1379/1227 2646/1383/1230 566/1384/1231
f 101/1385/1232 5230/1386/1233 2392/1387/1234
f 2380/1388/1235 2896/1389/1236 5230/1386/1233
f 5230/1386/1233 54/1390/1237 2893/1391/1238
f 2392/1387/1234 2893/1391/1238 391/1392/1239
f 565/1393/1240 5231/1394/1241 2651/1395/1242
f 2381/1396/1243 2392/1387/1234 5231/1394/1241
f 5231/1394/1241 391/1392/1239 1830/1397/1244
f 2651/1395/1242 1830/1397/1244 547/1398/1245
f 2382/1399/1246 2394/1400/1247 131/1401/1248
f 132/1402/1249 5232/1403/1250 2382/1399/1246
f 2395/1404/1251 1856/1405/1252 5232/1403/1250
f 5232/1403/1250 394/1406/1253 2394/1400/1247
f 2646/1407/1254 2650/1408/1255 566/1409/1256
f 129/1410/1257 5233/1411/1258 2646/1407/1254
f 2397/1412/1259 2639/1413/1260 5233/1411/1258
f 5233/1411/1258 558/1414/1261 2650/1408/1255
f 126/1415/1262 5234/1416/1263 2398/1417/1264
f 389/44/446 5234/1416/1263 2384/1418/1265
f 2898/46/448 2897/1419/1266 5234/1416/1263
f 2398/1417/1264 2897/1419/1266 397/1420/1267
f 2385/1421/1268 2397/1412/1259 129/1410/1257
f 126/1415/1262 5235/1422/1269 2385/1421/1268
f 2398/1417/1264 1882/1423/1270 5235/1422/1269
f 5235/1422/1269 395/1424/1271 2397/1412/1259
f 27/1425/1272 5236/1426/1273 2896/1389/1236
f 2386/1427/1274 2394/1400/1247 5236/1426/1273
f 5236/1426/1273 394/1406/1253 2895/1428/1275
f 2896/1389/1236 2895/1428/1275 54/1390/1237
f 132/1402/1249 5237/1429/1276 2395/1404/1251
f 2387/1430/1277 2399/1431/1278 5237/1429/1276
f 5237/1429/1276 398/1432/1279 1890/1433/1280
f 2395/1404/1251 1890/1433/1280 392/1434/1281
f 567/1435/1282 5238/1436/1283 2649/1437/1284
f 400/1438/1285 5238/1436/1283 2388/1439/1286
f 2400/1440/1287 1891/1441/1288 5238/1436/1283
f 2649/1437/1284 1891/1441/1288 559/1442/1289
f 3032/1443/1290 3267/1369/1220 857/1367/1218
f 778/1444/1291 5239/1445/1292 3032/1443/1290
f 3264/1446/1293 2648/1447/1228 5239/1445/1292
f 5239/1445/1292 568/1448/1225 3267/1369/1220
f 2698/1449/1294 2402/1449/1295 581/1449/1296
f 582/1449/1297 5240/1449/1298 2698/1449/1294
f 2404/1449/1299 2406/1449/1300 5240/1449/1298
f 5240/1449/1298 409/1449/1301 2402/1449/1295
f 2406/1450/1300 2401/1450/1302 409/1451/1301
f 412/1451/1303 5241/1451/1304 2406/1450/1300
f 2403/1450/1305 2407/1451/1306 5241/1451/1304
f 5241/1451/1304 410/1450/1307 2401/1450/1302
f 2409/4/1308 2697/4/1309 583/4/1310
f 2409/4/1308 2410/4/1311 5242/4/1312
f 5242/4/1312 408/4/1313 2694/4/1314
f 2697/4/1309 2694/4/1314 581/4/1315
f 410/1450/1316 5243/1451/1317 2401/1450/1318
f 2412/1452/1316 2408/1450/1319 5243/1451/1317
f 5243/1451/1317 415/1451/1320 2411/1450/1321
f 2401/1450/1318 2411/1450/1321 409/1451/1322
f 2703/1449/1294 2414/1449/1295 584/1449/1296
f 585/1449/1297 5244/1449/1298 2703/1449/1294
f 2416/1449/1299 2418/1449/1300 5244/1449/1298
f 5244/1449/1298 418/1449/1301 2414/1449/1295
f 2418/1450/1300 2413/1450/1302 418/1451/1301
f 421/1451/1303 5245/1451/1304 2418/1450/1300
f 2415/1450/1305 2419/1451/1306 5245/1451/1304
f 5245/1451/1304 419/1450/1307 2413/1450/1302
f 2421/4/1308 2702/4/1309 586/4/1310
f 2421/4/1308 2422/4/1311 5246/4/1312
f 5246/4/1312 417/4/1313 2699/4/1314
f 2702/4/1309 2699/4/1314 584/4/1315
f 419/1450/1316 5247/1451/1317 2413/1450/1318
f 2424/1452/1316 2420/1450/1319 5247/1451/1317
f 5247/1451/1317 424/1451/1320 2423/1450/1321
f 2413/1450/1318 2423/1450/1321 418/1451/1322
f 2708/1449/1323 2426/1449/1324 587/1449/1325
f 588/1449/1326 5248/1449/1327 2708/1449/1323
f 2428/1449/1328 2430/1449/1329 5248/1449/1327
f 5248/1449/1327 427/1449/1330 2426/1449/1324
f 2430/1450/1329 2425/1450/1331 427/1451/1330
f 430/1451/1332 5249/1451/1333 2430/1450/1329
f 2427/1450/1333 2431/1451/1334 5249/1451/1333
f 5249/1451/1333 428/1450/1335 2425/1450/1331
f 2433/4/1308 2707/4/1309 589/4/1310
f 2433/4/1308 2434/4/1311 5250/4/1312
f 5250/4/1312 426/4/1313 2704/4/1314
f 2707/4/1309 2704/4/1314 587/4/1315
f 428/1450/1316 5251/1451/1317 2425/1450/1318
f 2436/1452/1316 2432/1450/1319 5251/1451/1317
f 5251/1451/1317 433/1451/1320 2435/1450/1321
f 2425/1450/1318 2435/1450/1321 427/1451/1322
f 2713/1449/1323 2438/1449/1324 590/1449/1325
f 591/1449/1326 5252/1449/1327 2713/1449/1323
f 2440/1449/1328 2442/1449/1329 5252/1449/1327
f 5252/1449/1327 436/1449/1330 2438/1449/1324
f 2442/1450/1329 2437/1450/1331 436/1451/1330
f 439/1451/1332 5253/1451/1333 2442/1450/1329
f 2439/1450/1333 2443/1451/1334 5253/1451/1333
f 5253/1451/1333 437/1450/1335 2437/1450/1331
f 2445/4/1308 2712/4/1309 592/4/1310
f 2445/4/1308 2446/4/1311 5254/4/1312
f 5254/4/1312 435/4/1313 2709/4/1314
f 2712/4/1309 2709/4/1314 590/4/1315
f 437/1450/1316 5255/1451/1317 2437/1450/1318
f 2448/1452/1316 2444/1450/1319 5255/1451/1317
f 5255/1451/1317 442/1451/1320 2447/1450/1321
f 2437/1450/1318 2447/1450/1321 436/1451/1322
f 2718/1449/1323 2450/1449/1336 593/1449/1325
f 594/1449/1337 5256/1449/1328 2718/1449/1323
f 2452/1449/1338 2454/1449/1329 5256/1449/1328
f 5256/1449/1328 445/1449/1330 2450/1449/1336
f 2454/1450/1329 2449/1450/1331 445/1451/1330
f 448/1451/1332 5257/1451/1333 2454/1450/1329
f 2451/1450/1333 2455/1451/1334 5257/1451/1333
f 5257/1451/1333 446/1450/1335 2449/1450/1331
f 2457/4/1339 2717/4/1309 595/4/1340
f 2457/4/1339 2458/4/1341 5258/4/1342
f 5258/4/1342 444/4/1313 2714/4/1343
f 2717/4/1309 2714/4/1343 593/4/1344
f 446/1450/1316 5259/1451/1317 2449/1450/1318
f 2460/1452/1316 2456/1450/1319 5259/1451/1317
f 5259/1451/1317 451/1451/1345 2459/1450/1346
f 2449/1450/1318 2459/1450/1346 445/1451/1322
f 2484/1453/1347 2474/1454/1348 463/1455/1349
f 464/1456/1350 5260/1457/1351 2484/1453/1347
f 2509/1458/1352 2500/1459/1351 5260/1457/1351
f 5260/1457/1351 481/1460/1348 2474/1454/1348
f 2486/1461/1353 2508/1462/1354 453/1463/1355
f 461/1464/1356 5261/1465/1353 2486/1461/1353
f 2507/1466/1357 2502/1467/1353 5261/1465/1353
f 5261/1465/1353 485/1468/1354 2508/1462/1354
f 2488/1469/1358 2472/1470/1359 462/1471/1360
f 463/1472/1349 5262/1473/1358 2488/1469/1358
f 2474/1474/1348 2504/1475/1358 5262/1473/1358
f 5262/1473/1358 484/1476/1359 2472/1470/1359
f 2465/1477/1361 2478/1478/1362 458/1479/1363
f 457/1480/1364 5263/1481/1361 2465/1477/1361
f 2477/1482/1365 2461/1483/1361 5263/1481/1361
f 5263/1481/1361 467/1484/1366 2478/1478/1362
f 2463/1485/1367 2480/1486/1368 456/1487/1369
f 455/1488/1370 5264/1489/1367 2463/1485/1367
f 2479/1490/1371 2469/1491/1367 5264/1489/1367
f 5264/1489/1367 471/1492/1372 2480/1486/1368
f 460/1493/1373 5265/1494/1374 2481/1495/1375
f 2470/1496/1376 2480/1497/1368 5265/1494/1374
f 5265/1494/1374 471/1498/1372 2476/1499/1377
f 2481/1495/1375 2476/1499/1377 466/1500/1378
f 2468/1501/1379 2482/1502/1380 459/1503/1381
f 460/1504/1373 5266/1505/1382 2468/1501/1379
f 2481/1506/1375 2475/1507/1383 5266/1505/1382
f 5266/1505/1382 472/1508/1384 2482/1502/1380
f 454/1509/1385 5267/1510/1386 2483/1511/1387
f 2467/1512/1386 2478/1513/1362 5267/1510/1386
f 5267/1510/1386 467/1514/1366 2473/1515/1386
f 2483/1511/1387 2473/1515/1386 470/1516/1388
f 457/1517/1364 5268/1518/1389 2477/1519/1365
f 459/1503/1381 5268/1518/1389 2466/1520/1390
f 2482/1502/1380 2471/1521/1391 5268/1518/1389
f 2477/1519/1365 2471/1521/1391 468/1522/1392
f 2464/1523/1393 2479/1524/1371 455/1525/1370
f 454/1526/1385 5269/1527/1393 2464/1523/1393
f 2483/1528/1387 2462/1529/1393 5269/1527/1393
f 5269/1527/1393 469/1530/1394 2479/1524/1371
f 464/1531/1395 5270/1532/1396 2491/1533/1397
f 463/1534/1398 5270/1532/1396 2484/1535/1399
f 2492/1536/1400 2461/1537/1401 5270/1532/1396
f 2491/1533/1397 2461/1537/1401 468/1538/1402
f 2485/1539/1403 2493/1540/1404 462/1541/1405
f 461/1542/1406 5271/1543/1407 2485/1539/1403
f 2494/1544/1408 2462/1545/1409 5271/1543/1407
f 5271/1543/1407 470/1546/1410 2493/1540/1404
f 461/1542/1406 5272/1547/1411 2494/1544/1408
f 453/1548/1412 5272/1547/1411 2486/1549/1413
f 2495/1550/1414 2469/1551/1415 5272/1547/1411
f 2494/1544/1408 2469/1551/1415 469/1552/1416
f 2487/1553/1417 2496/1554/1418 465/1555/1419
f 464/1531/1395 5273/1556/1420 2487/1553/1417
f 2491/1557/1397 2471/1558/1421 5273/1556/1420
f 5273/1556/1420 472/1559/1422 2496/1554/1418
f 463/1534/1398 5274/1560/1423 2492/1536/1400
f 2488/1561/1424 2493/1540/1404 5274/1560/1423
f 5274/1560/1423 470/1546/1410 2473/1562/1425
f 2492/1536/1400 2473/1562/1425 467/1563/1426
f 473/1564/1427 5275/1565/1428 2497/1566/1429
f 2489/1567/1430 2496/1554/1418 5275/1565/1428
f 5275/1565/1428 472/1559/1422 2475/1568/1431
f 2497/1566/1429 2475/1568/1431 466/1569/1432
f 453/1548/1412 5276/1570/1433 2495/1571/1414
f 2490/1572/1434 2497/1566/1429 5276/1570/1433
f 5276/1570/1433 466/1569/1432 2476/1573/1435
f 2495/1571/1414 2476/1573/1435 471/1574/1436
f 2516/1575/1437 2498/1576/1438 474/1577/1439
f 477/1578/1440 5277/1579/1441 2516/1575/1437
f 2512/1580/1442 2515/1581/1443 5277/1579/1441
f 5277/1579/1441 486/1582/1444 2498/1576/1438
f 2513/1583/1445 2514/1584/1446 479/1585/1447
f 474/1577/1439 5278/1586/1448 2513/1583/1445
f 2499/1587/1449 2518/1588/1450 5278/1586/1448
f 2514/1584/1446 2518/1588/1450 480/1589/1451
f 2517/1590/1452 2498/1576/1438 486/1582/1444
f 487/1591/1453 5279/1592/1454 2517/1590/1452
f 474/1577/1439 5279/1592/1454 2499/1593/1449
f 465/1594/1455 5280/1595/1456 2511/1596/1457
f 2489/1597/1458 2510/1598/1459 5280/1595/1456
f 5280/1595/1456 476/1599/1459 2505/1600/1456
f 2511/1596/1457 2505/1600/1456 475/1601/1457
f 2487/1602/1460 2509/1603/1352 464/1604/1350
f 2487/1602/1460 2511/1596/1457 5281/1605/1460
f 5281/1605/1460 475/1601/1457 2503/1606/1460
f 5281/1605/1460 482/1607/1352 2509/1603/1352
f 461/1608/1356 5282/1609/1461 2507/1610/1357
f 2485/1611/1461 2472/1612/1359 5282/1609/1461
f 5282/1609/1461 484/1613/1359 2501/1614/1461
f 2507/1610/1357 2501/1614/1461 483/1615/1357
f 473/1616/1462 5283/1617/1463 2510/1618/1459
f 2490/1619/1464 2508/1620/1354 5283/1617/1463
f 5283/1617/1463 485/1621/1354 2506/1622/1463
f 2510/1618/1459 2506/1622/1463 476/1623/1459
f 478/1624/1465 5284/1625/1466 2519/1626/1467
f 477/1578/1468 5284/1625/1466 2512/1580/1469
f 2520/1627/1470 2500/1628/1471 5284/1625/1466
f 2519/1626/1467 2500/1628/1471 482/1629/1472
f 2513/1583/1473 2521/1630/1474 474/1631/1475
f 479/1585/1476 5285/1632/1477 2513/1583/1473
f 2522/1633/1478 2501/1634/1479 5285/1632/1477
f 5285/1632/1477 484/1635/1480 2521/1630/1474
f 479/1585/1481 5286/1636/1482 2522/1633/1483
f 480/1589/1484 5286/1636/1482 2514/1584/1485
f 2523/1637/1486 2502/1638/1487 5286/1636/1482
f 2522/1633/1483 2502/1638/1487 483/1639/1488
f 2515/1581/1489 2524/1640/1490 486/1582/1491
f 478/1624/1492 5287/1641/1493 2515/1581/1489
f 2519/1626/1494 2503/1642/1495 5287/1641/1493
f 5287/1641/1493 475/1643/1496 2524/1640/1490
f 477/1578/1497 5288/1644/1498 2520/1627/1499
f 2516/1645/1500 2521/1630/1501 5288/1644/1498
f 5288/1644/1498 484/1635/1502 2504/1646/1503
f 2520/1627/1499 2504/1646/1503 481/1647/1504
f 487/1648/1505 5289/1649/1506 2525/1650/1507
f 2517/1651/1508 2524/1640/1490 5289/1649/1506
f 5289/1649/1506 475/1643/1496 2505/1652/1509
f 2525/1650/1507 2505/1652/1509 476/1653/1510
f 480/1589/1511 5290/1654/1512 2523/1637/1513
f 2518/1588/1514 2525/1650/1507 5290/1654/1512
f 5290/1654/1512 476/1653/1510 2506/1655/1515
f 2523/1637/1513 2506/1655/1515 485/1656/1516
f 2529/1478/1517 2527/1477/1518 489/1479/1519
f 496/1484/1520 5291/1657/1518 2529/1478/1517
f 2526/1483/1518 2528/1482/1521 5291/1657/1518
f 5291/1657/1518 488/1480/1522 2527/1477/1518
f 2531/1477/1361 2533/1478/1523 495/1479/1524
f 494/1480/1525 5292/1481/1361 2531/1477/1361
f 2532/1482/1526 2530/1483/1361 5292/1481/1361
f 5292/1481/1361 498/1484/1527 2533/1478/1523
f 497/1658/1528 5293/1659/1529 2528/1660/1521
f 2535/1661/1530 2532/1662/1526 5293/1659/1529
f 5293/1659/1529 494/1663/1525 2534/1664/1529
f 2528/1660/1521 2534/1664/1529 488/1665/1522
f 2551/1666/1531 2539/1667/1532 493/1668/1533
f 507/1669/1534 5294/1670/1532 2551/1666/1531
f 2547/1671/1532 2550/1672/1535 5294/1670/1532
f 5294/1670/1532 492/1673/1536 2539/1667/1532
f 2537/1674/1537 2529/1675/1517 489/1676/1519
f 495/1677/1524 5295/1678/1537 2537/1674/1537
f 2533/1679/1523 2536/1680/1538 5295/1678/1537
f 5295/1678/1537 496/1681/1520 2529/1675/1517
f 500/1682/1539 5296/1683/1539 2554/1684/1539
f 2557/1685/1539 2555/1686/1539 5296/1683/1539
f 5296/1683/1539 503/1687/1539 2556/1688/1539
f 2554/1684/1539 2556/1688/1539 501/1689/1539
f 491/1690/1540 5297/1691/1541 2538/1692/1542
f 2542/1693/1543 2526/1694/1544 5297/1691/1541
f 2526/1694/1544 2543/1695/1545 5297/1691/1541
f 5297/1691/1541 490/1696/1546 2538/1692/1542
f 492/1697/1536 5298/1698/1547 2539/1699/1548
f 2544/1700/1549 2530/1701/1550 5298/1698/1547
f 2530/1701/1550 2545/1702/1551 5298/1698/1547
f 5298/1698/1547 493/1703/1533 2539/1699/1548
f 493/1703/1533 5299/1704/1552 2540/1705/1553
f 2545/1702/1551 2535/1706/1530 5299/1704/1552
f 2535/1706/1530 2542/1693/1543 5299/1704/1552
f 5299/1704/1552 491/1690/1540 2540/1705/1553
f 490/1696/1546 5300/1707/1554 2541/1708/1555
f 2543/1695/1545 2536/1709/1538 5300/1707/1554
f 2536/1709/1538 2544/1700/1549 5300/1707/1554
f 5300/1707/1554 492/1697/1536 2541/1708/1555
f 491/1710/1540 5301/1711/1556 2540/1712/1553
f 505/1713/1557 5301/1711/1556 2552/1714/1558
f 2548/1715/1556 2551/1716/1531 5301/1711/1556
f 5301/1711/1556 493/1717/1533 2540/1712/1553
f 490/1718/1546 5302/1719/1559 2538/1720/1559
f 2553/1721/1560 2546/1722/1559 5302/1719/1559
f 5302/1719/1559 505/1723/1557 2552/1724/1558
f 2538/1720/1559 2552/1724/1558 491/1725/1540
f 2550/1726/1535 2541/1727/1555 492/1728/1536
f 2550/1726/1535 2549/1729/1561 5303/1730/1561
f 2549/1729/1561 2553/1731/1560 5303/1730/1561
f 2541/1727/1555 2553/1731/1560 490/1732/1546
f 501/1689/1562 5304/1733/1563 2554/1734/1564
f 2558/1735/1565 2546/1736/1566 5304/1733/1563
f 2546/1736/1566 2559/1737/1567 5304/1733/1563
f 5304/1733/1563 500/1682/1568 2554/1734/1564
f 502/1738/1569 5305/1739/1570 2555/1740/1571
f 2560/1741/1572 2547/1742/1573 5305/1739/1570
f 2547/1742/1573 2561/1743/1574 5305/1739/1570
f 5305/1739/1570 503/1687/1575 2555/1740/1571
f 503/1687/1576 5306/1744/1577 2556/1688/1578
f 2561/1743/1579 2548/1745/1580 5306/1744/1577
f 2548/1745/1580 2558/1735/1581 5306/1744/1577
f 5306/1744/1577 501/1689/1582 2556/1688/1578
f 500/1682/1583 5307/1746/1584 2557/1747/1585
f 2559/1737/1586 2549/1748/1587 5307/1746/1584
f 2549/1748/1587 2560/1741/1588 5307/1746/1584
f 5307/1746/1584 502/1738/1589 2557/1747/1585
f 13/1749/1590 5308/1750/1591 3239/1751/1592
f 154/1752/1593 5308/1750/1591 2562/1753/1594
f 1933/1754/1595 3248/110/638 5308/1750/1591
f 5308/1750/1591 805/112/640 3239/1751/1592
f 3265/1755/1596 3235/1756/1597 820/1757/1598
f 153/1758/1599 5309/1759/1600 3265/1755/1596
f 5309/1759/1600 154/1752/1593 2562/1753/1594
f 3235/1756/1597 2562/1753/1594 13/1749/1590
f 3252/492/1601 3105/1760/1602 819/493/1603
f 152/1761/1604 5310/1762/1605 3252/492/1601
f 1931/1763/1606 3265/1755/1596 5310/1762/1605
f 5310/1762/1605 820/1757/1598 3105/1760/1602
f 2565/1764/1607 2563/1765/1608 508/1766/1607
f 524/1765/1607 5311/1767/1608 2565/1764/1607
f 2564/1765/1608 2566/1764/1609 5311/1767/1608
f 2563/1765/1608 2566/1764/1609 510/1766/1609
f 2566/1764/1609 2567/1765/1610 510/1766/1609
f 523/1765/1609 5312/1767/1610 2566/1764/1609
f 2568/1765/1610 2569/1764/1611 5312/1767/1610
f 5312/1767/1610 512/1766/1611 2567/1765/1610
f 2569/1764/1611 2570/1765/1612 512/1766/1611
f 525/1765/1611 5313/1767/1612 2569/1764/1611
f 2571/1765/1612 2572/1764/1613 5313/1767/1612
f 5313/1767/1612 514/1766/1613 2570/1765/1612
f 2572/1764/1613 2573/1765/1614 514/1766/1613
f 526/1765/1613 5314/1767/1614 2572/1764/1613
f 2574/1765/1614 2575/1764/1615 5314/1767/1614
f 5314/1767/1614 516/1766/1615 2573/1765/1614
f 2575/1764/1615 2576/1765/1616 516/1766/1615
f 527/1765/1615 5315/1767/1616 2575/1764/1615
f 5315/1767/1616 528/1765/1617 2578/1764/1617
f 2576/1765/1616 2578/1764/1617 518/1766/1617
f 518/1766/1617 5316/1767/1618 2908/1765/1618
f 528/1765/1617 5316/1767/1618 2578/1764/1617
f 5316/1767/1618 633/1768/1619 2785/1765/1619
f 2908/1765/1618 2785/1765/1619 632/1768/1619
f 522/1765/1613 5317/1769/1612 2606/1768/1613
f 520/1765/1611 5317/1769/1612 2588/1765/1612
f 2605/1768/1611 2603/1765/1620 5317/1769/1612
f 5317/1769/1612 537/1766/1621 2606/1768/1613
f 632/1768/1622 5318/1767/1623 2906/1765/1623
f 2785/1765/1622 2841/1765/1623 5318/1767/1623
f 2841/1765/1623 2579/1764/1624 5318/1767/1623
f 5318/1767/1623 521/1766/1624 2906/1765/1623
f 521/1766/1624 5319/1767/1625 2580/1765/1625
f 2579/1764/1624 2581/1765/1625 5319/1767/1625
f 2581/1765/1625 2565/1764/1607 5319/1767/1625
f 2580/1765/1625 2565/1764/1607 508/1766/1607
f 509/1765/1626 5320/1770/1626 2590/1765/1626
f 511/1765/1626 5320/1770/1626 2582/1765/1627
f 2591/1765/1626 2564/1765/1626 5320/1770/1626
f 2590/1765/1626 2564/1765/1626 524/1765/1627
f 511/1765/1626 5321/1770/1626 2591/1765/1626
f 513/1765/1626 5321/1770/1626 2583/1765/1626
f 2592/1765/1626 2568/1765/1626 5321/1770/1626
f 2591/1765/1626 2568/1765/1626 523/1765/1626
f 513/1765/1626 5322/1770/1626 2592/1765/1626
f 515/1765/1626 5322/1770/1626 2584/1765/1626
f 2593/1765/1626 2571/1765/1626 5322/1770/1626
f 2592/1765/1626 2571/1765/1626 525/1765/1626
f 515/1765/1626 5323/1770/1627 2593/1765/1626
f 517/1765/1626 5323/1770/1627 2585/1765/1626
f 2594/1765/1626 2574/1765/1627 5323/1770/1627
f 2593/1765/1626 2574/1765/1627 526/1765/1626
f 517/1765/1626 5324/1770/1626 2594/1765/1626
f 519/1765/1626 5324/1770/1626 2586/1765/1626
f 2595/1765/1626 2577/1765/1626 5324/1770/1626
f 2594/1765/1626 2577/1765/1626 527/1765/1626
f 2587/1765/1626 2595/1764/1626 519/1765/1626
f 520/1765/1626 5325/1768/1626 2587/1765/1626
f 2909/1768/1626 2907/1765/1626 5325/1768/1626
f 5325/1768/1626 528/1765/1626 2595/1764/1626
f 520/1765/1626 5326/1767/1626 2909/1768/1626
f 2588/1765/1626 2596/1764/1626 5326/1767/1626
f 5326/1767/1626 529/1765/1626 2841/1765/1626
f 2909/1768/1626 2841/1765/1626 633/1766/1626
f 522/1765/1626 5327/1770/1626 2596/1765/1626
f 509/1765/1626 5327/1770/1626 2589/1765/1626
f 2590/1765/1626 2581/1765/1626 5327/1770/1626
f 2596/1765/1626 2581/1765/1626 529/1765/1626
f 530/498/1628 5328/1771/1626 2598/499/1629
f 531/498/1630 5328/1771/1626 2597/499/1631
f 537/498/1621 5328/1771/1626 2604/499/1632
f 536/498/1633 5328/1771/1626 2603/499/1620
f 535/498/1634 5328/1771/1626 2602/499/1635
f 534/498/1636 5328/1771/1626 2601/499/1637
f 533/498/1638 5328/1771/1626 2600/499/1639
f 532/498/1640 5328/1771/1626 2599/499/1641
f 2586/1765/1608 2608/1768/1609 519/1765/1609
f 2586/1765/1608 2607/1768/1607 5329/1769/1608
f 2607/1768/1607 2601/1765/1637 5329/1769/1608
f 2608/1768/1609 2601/1765/1637 535/1766/1634
f 515/1765/1642 5330/1769/1643 2610/1768/1642
f 513/1765/1644 5330/1769/1643 2584/1765/1643
f 2609/1768/1644 2599/1765/1641 5330/1769/1643
f 2610/1768/1642 2599/1765/1641 533/1766/1638
f 2582/1765/1616 2612/1768/1645 511/1765/1645
f 2582/1765/1616 2611/1768/1615 5331/1769/1616
f 2611/1768/1615 2597/1765/1631 5331/1769/1616
f 2612/1768/1645 2597/1765/1631 530/1766/1628
f 509/1765/1615 5332/1769/1614 2611/1768/1615
f 2589/1765/1614 2606/1768/1613 5332/1769/1614
f 2606/1768/1613 2604/1765/1632 5332/1769/1614
f 2611/1768/1615 2604/1765/1632 531/1766/1630
f 520/1765/1611 5333/1769/1610 2605/1768/1611
f 2587/1765/1610 2608/1768/1609 5333/1769/1610
f 2608/1768/1609 2602/1765/1635 5333/1769/1610
f 2605/1768/1611 2602/1765/1635 536/1766/1633
f 2585/1765/1625 2607/1768/1607 517/1765/1607
f 515/1765/1642 5334/1769/1625 2585/1765/1625
f 2610/1768/1642 2600/1765/1639 5334/1769/1625
f 2607/1768/1607 2600/1765/1639 534/1766/1636
f 513/1765/1644 5335/1769/1646 2609/1768/1644
f 2583/1765/1646 2612/1768/1645 5335/1769/1646
f 2612/1768/1645 2598/1765/1629 5335/1769/1646
f 2609/1768/1644 2598/1765/1629 532/1766/1640
f 96/1772/1647 5336/1773/1648 2618/1774/1649
f 1844/1775/1650 2617/1776/1651 5336/1773/1648
f 5336/1773/1648 542/1777/731 2619/409/738
f 2618/1774/1649 2619/409/738 543/406/735
f 111/27/1652 5337/1778/1653 2617/1776/1651
f 1824/26/1654 2616/1779/1655 5337/1778/1653
f 5337/1778/1653 541/1780/726 2620/401/734
f 2617/1776/1651 2620/401/734 542/398/731
f 1801/34/1656 2616/1781/1655 89/33/1657
f 46/1782/1658 5338/1783/1659 1801/34/1656
f 2614/1784/1660 2621/395/729 5338/1783/1659
f 5338/1783/1659 541/392/726 2616/1781/1655
f 155/1785/663 5339/1786/1661 2615/1787/1662
f 158/193/711 5339/1786/1661 1935/1788/1663
f 1936/1789/710 2622/196/714 5339/1786/1661
f 5339/1786/1661 540/198/716 2615/1787/1662
f 1731/1790/1664 2614/1791/1665 46/1792/1666
f 93/1793/1667 5340/1794/1668 1731/1790/1664
f 2613/201/719 2623/191/709 5340/1794/1668
f 2614/1791/1665 2623/191/709 539/188/706
f 1875/1795/1669 1938/1796/630 39/104/632
f 120/1797/1670 5341/1798/1671 1875/1795/1669
f 2624/1799/1672 1950/1800/715 5341/1798/1671
f 1938/1796/630 1950/1800/715 156/105/633
f 1869/1801/1673 2624/1799/1672 120/1797/1670
f 38/137/665 5342/1802/1674 1869/1801/1673
f 1942/1803/664 2615/1804/1662 5342/1802/1674
f 5342/1802/1674 540/1805/716 2624/1799/1672
f 134/1806/1675 5343/1807/1676 2399/1431/1278
f 2647/1808/1677 2649/1437/1284 5343/1807/1676
f 5343/1807/1676 559/1442/1289 2640/1809/1678
f 2399/1431/1278 2640/1809/1678 398/1432/1279
f 396/1810/1679 5344/1811/1680 2396/1812/1681
f 566/1409/1256 5344/1811/1680 2383/1813/1682
f 2650/1408/1255 1871/1814/1683 5344/1811/1680
f 2396/1812/1681 1871/1814/1683 125/1815/1681
f 393/1816/1684 5345/1817/1685 2393/1818/1686
f 2645/1819/1687 2651/1395/1242 5345/1817/1685
f 5345/1817/1685 547/1398/1245 2628/1820/1688
f 2393/1818/1686 2628/1820/1688 44/1821/1689
f 402/1822/1222 5346/1823/1690 1918/1824/1691
f 2391/1825/1221 2652/1379/1227 5346/1823/1690
f 5346/1823/1690 566/1384/1231 2383/1826/1692
f 1918/1824/1691 2383/1826/1692 396/1827/1693
f 626/500/751 5347/501/1694 2769/498/1695
f 2766/501/1696 1843/499/1697 5347/501/1694
f 5347/501/1694 555/497/1698 2768/502/759
f 2769/498/1695 2768/502/759 628/500/756
f 3/497/1699 5348/501/1699 3229/499/1700
f 2040/502/1699 2039/499/1701 5348/501/1699
f 5348/501/1699 564/497/1702 3266/498/1703
f 3229/499/1700 3266/498/1703 856/497/1704
f 1922/1828/1684 2645/1829/1705 393/1830/1706
f 1922/1828/1684 2644/1831/1707 5349/1832/1708
f 5349/1832/1708 563/75/604 2654/83/612
f 5349/1832/1708 565/85/614 2645/1829/1705
f 403/1833/1709 5350/1834/1710 2644/1831/1707
f 1920/1835/1711 2388/1836/1712 5350/1834/1710
f 5350/1834/1710 567/1837/1713 2655/78/607
f 2644/1831/1707 2655/78/607 563/75/604
f 144/1838/579 5351/1839/1714 1910/39/582
f 1916/1840/1715 2656/41/593 5351/1839/1714
f 5351/1839/1714 562/1841/460 1917/41/1716
f 1910/39/582 1917/41/1716 143/42/583
f 2886/41/1717 2884/39/578 691/42/1718
f 692/41/586 5352/1838/1719 2886/41/1717
f 2657/39/585 1916/1840/1715 5352/1838/1719
f 2884/39/578 1916/1840/1715 144/1838/579
f 1858/29/1720 1897/9/1721 117/28/1722
f 556/66/531 5353/8/1723 1858/29/1720
f 2658/66/530 1894/9/1724 5353/8/1723
f 5353/8/1723 136/29/1725 1897/9/1721
f 1895/66/1726 1891/9/1727 133/7/1728
f 136/7/1725 5354/8/1729 1895/66/1726
f 1894/9/1724 2659/9/523 5354/8/1729
f 5354/8/1729 559/29/525 1891/9/1727
f 1872/1842/1730 1859/1843/466 116/1844/465
f 1872/1842/1730 1871/1843/1731 5355/1842/1732
f 5355/1842/1732 558/1845/1733 2660/1843/496
f 5355/1842/1732 557/1845/467 1859/1843/466
f 143/42/583 5356/42/1734 1909/39/505
f 1917/41/1716 2661/1846/462 5356/42/1734
f 5356/42/1734 557/39/467 2638/39/497
f 1909/39/505 2638/39/497 128/39/493
f 80/9/336 5357/8/336 2635/9/336
f 1806/8/336 2636/9/336 5357/8/336
f 5357/8/336 555/29/336 2662/9/336
f 2635/9/336 2662/9/336 554/28/336
f 80/9/1735 5358/64/1736 1798/29/1735
f 2635/28/1736 2663/28/444 5358/64/1736
f 5358/64/1736 550/29/442 2631/28/1737
f 1798/29/1735 2631/28/1737 48/9/1735
f 2632/9/18 1816/8/19 66/9/19
f 551/29/17 5359/8/18 2632/9/18
f 2664/9/17 1825/8/18 5359/8/18
f 5359/8/18 97/8/19 1816/8/19
f 2631/28/1738 1732/29/1739 48/9/1740
f 550/29/435 5360/28/1741 2631/28/1738
f 2665/29/434 2633/29/1742 5360/28/1741
f 1732/29/1739 2633/29/1742 67/1847/1740
f 1809/8/1743 1812/8/1744 88/8/1745
f 45/9/1746 5361/8/1747 1809/8/1743
f 1744/9/1748 2666/9/429 5361/8/1747
f 5361/8/1747 545/7/423 1812/8/1744
f 88/8/1745 5362/8/1749 1742/8/1750
f 1812/28/1744 2667/9/425 5362/8/1749
f 5362/8/1749 549/29/428 2630/9/1751
f 1742/8/1750 2630/9/1751 47/9/1752
f 47/9/19 5363/8/19 1797/8/19
f 2630/9/19 2668/9/412 5363/8/19
f 5363/8/19 548/29/19 2629/9/19
f 1797/8/19 2629/9/19 83/7/19
f 1719/39/421 1830/39/1753 391/39/422
f 65/42/1754 5364/42/1755 1719/39/421
f 2760/41/1756 2669/39/351 5364/42/1755
f 5364/42/1755 547/39/353 1830/39/1753
f 112/42/18 5365/42/439 2627/41/439
f 1852/39/18 1841/39/439 5365/42/439
f 5365/42/439 553/39/17 2671/39/17
f 2627/41/439 2671/39/17 546/42/17
f 108/22/258 5366/1848/1757 1841/1849/1758
f 1850/1850/257 1844/1851/1759 5366/1848/1757
f 1844/1851/1759 2672/1852/1760 5366/1848/1757
f 5366/1848/1757 553/1853/1761 1841/1849/1758
f 2672/1852/1760 2634/1854/1762 553/1853/1761
f 2673/1855/1763 2672/1856/1760 96/1857/1764
f 1/1858/1765 5367/1859/1766 2673/1855/1763
f 382/1358/1210 5368/1361/1210 2378/1361/1210
f 2367/1358/1210 2677/1358/1210 5368/1361/1210
f 5368/1361/1210 571/1359/1210 2374/1358/1210
f 2378/1361/1210 2374/1358/1210 388/1860/1210
f 2674/1362/1767 2372/1362/1197 381/1362/1768
f 569/1362/1201 5369/1363/1769 2674/1362/1767
f 2678/1362/1201 2675/1362/1769 5369/1363/1769
f 5369/1363/1769 384/1362/1770 2372/1362/1197
f 373/1358/1210 5370/1361/1210 2366/1361/1210
f 2355/1358/1210 2682/1358/1210 5370/1361/1210
f 5370/1361/1210 574/1359/1210 2362/1358/1210
f 2366/1361/1210 2362/1358/1210 379/1860/1210
f 2679/1362/1767 2360/1362/1197 372/1362/1768
f 572/1362/1201 5371/1363/1769 2679/1362/1767
f 2683/1362/1201 2680/1362/1769 5371/1363/1769
f 5371/1363/1769 375/1362/1770 2360/1362/1197
f 364/1358/1210 5372/1361/1210 2354/1361/1210
f 2343/1358/1210 2687/1358/1210 5372/1361/1210
f 5372/1361/1210 577/1359/1210 2350/1358/1210
f 2354/1361/1210 2350/1358/1210 370/1860/1210
f 2684/1362/1767 2348/1362/1197 363/1362/1768
f 575/1362/1201 5373/1363/1769 2684/1362/1767
f 2688/1362/1201 2685/1362/1769 5373/1363/1769
f 5373/1363/1769 366/1362/1770 2348/1362/1197
f 355/1358/1210 5374/1361/1210 2342/1361/1210
f 2331/1358/1210 2692/1358/1210 5374/1361/1210
f 5374/1361/1210 580/1359/1210 2338/1358/1210
f 2342/1361/1210 2338/1358/1210 361/1860/1210
f 2689/1362/1767 2336/1362/1197 354/1362/1768
f 578/1362/1201 5375/1363/1769 2689/1362/1767
f 2693/1362/1201 2690/1362/1769 5375/1363/1769
f 5375/1363/1769 357/1362/1770 2336/1362/1197
f 2696/1449/1771 2411/1449/1321 415/1449/1320
f 583/1449/1310 5376/1449/1772 2696/1449/1771
f 2697/1449/1309 2402/1449/1773 5376/1449/1772
f 5376/1449/1772 409/1449/1322 2411/1449/1321
f 408/4/1774 5377/4/1775 2694/4/1338
f 2405/4/1776 2695/4/1777 5377/4/1775
f 2695/4/1777 2698/4/1294 5377/4/1775
f 2694/4/1338 2698/4/1294 581/4/1296
f 2701/1449/1771 2423/1449/1321 424/1449/1320
f 586/1449/1310 5378/1449/1772 2701/1449/1771
f 2702/1449/1309 2414/1449/1773 5378/1449/1772
f 5378/1449/1772 418/1449/1322 2423/1449/1321
f 417/4/1774 5379/4/1775 2699/4/1338
f 2417/4/1776 2700/4/1777 5379/4/1775
f 2700/4/1777 2703/4/1294 5379/4/1775
f 2699/4/1338 2703/4/1294 584/4/1296
f 2706/1449/1771 2435/1449/1321 433/1449/1320
f 589/1449/1310 5380/1449/1772 2706/1449/1771
f 2707/1449/1309 2426/1449/1773 5380/1449/1772
f 5380/1449/1772 427/1449/1322 2435/1449/1321
f 426/4/1778 5381/4/1779 2704/4/1780
f 2429/4/1781 2705/4/1782 5381/4/1779
f 2705/4/1782 2708/4/1323 5381/4/1779
f 2704/4/1780 2708/4/1323 587/4/1325
f 2711/1449/1771 2447/1449/1321 442/1449/1320
f 592/1449/1310 5382/1449/1772 2711/1449/1771
f 2712/1449/1309 2438/1449/1773 5382/1449/1772
f 5382/1449/1772 436/1449/1322 2447/1449/1321
f 435/4/1778 5383/4/1779 2709/4/1780
f 2441/4/1781 2710/4/1782 5383/4/1779
f 2710/4/1782 2713/4/1323 5383/4/1779
f 2709/4/1780 2713/4/1323 590/4/1325
f 2716/1449/1771 2459/1449/1346 451/1449/1345
f 595/1449/1340 5384/1449/1783 2716/1449/1771
f 2717/1449/1309 2450/1449/1784 5384/1449/1783
f 5384/1449/1783 445/1449/1322 2459/1449/1346
f 444/4/1778 5385/4/1779 2714/4/1785
f 2453/4/1781 2715/4/1782 5385/4/1779
f 2715/4/1782 2718/4/1323 5385/4/1779
f 2714/4/1785 2718/4/1323 593/4/1325
f 597/1861/1786 5386/1862/1787 2744/1863/1788
f 2733/1864/1789 2743/1865/1790 5386/1862/1787
f 5386/1862/1787 611/1866/1791 2741/1867/1792
f 2744/1863/1788 2741/1867/1792 610/1868/1793
f 604/1869/1626 5387/1870/1626 2748/1869/1626
f 607/1869/1626 5387/1870/1626 2747/1869/1626
f 5387/1870/1626 603/1869/1626 2750/1869/1626
f 5387/1870/1626 602/1869/1626 2748/1869/1626
f 614/1871/1794 5388/1872/1795 2726/1873/1796
f 2725/1874/1797 2727/1875/1798 5388/1872/1795
f 2727/1875/1798 2728/1876/1799 5388/1872/1795
f 2726/1873/1796 2728/1876/1799 600/1877/1800
f 600/1878/1800 5389/1879/1801 2729/1880/1802
f 601/1881/1803 5389/1879/1801 2728/1882/1799
f 2730/1883/1804 2720/1884/1805 5389/1879/1801
f 2729/1880/1802 2720/1884/1805 605/1885/1806
f 2723/1886/1807 2719/1887/1808 613/1888/1809
f 2723/1886/1807 2726/1889/1796 5390/1890/1810
f 5390/1890/1810 600/1891/1800 2729/1892/1802
f 2719/1887/1808 2729/1892/1802 605/1893/1806
f 2724/1886/1811 2727/1889/1798 615/1894/1812
f 2724/1886/1811 2721/1895/1813 5391/1890/1814
f 2721/1895/1813 2730/1892/1804 5391/1890/1814
f 5391/1890/1814 601/1891/1803 2727/1889/1798
f 2731/1896/1815 2735/1897/1816 596/1898/1817
f 598/1899/1818 5392/1900/1819 2731/1896/1815
f 2736/1901/1820 2719/1887/1808 5392/1900/1819
f 5392/1900/1819 605/1893/1806 2735/1897/1816
f 597/1902/1786 5393/1903/1821 2737/1904/1822
f 2732/1905/1823 2735/1906/1816 5393/1903/1821
f 2735/1906/1816 2720/1876/1805 5393/1903/1821
f 2737/1904/1822 2720/1876/1805 606/1907/1824
f 599/1908/1825 5394/1909/1826 2738/1910/1827
f 2733/1911/1789 2737/1904/1822 5394/1909/1826
f 5394/1909/1826 606/1907/1824 2721/1875/1813
f 2738/1910/1827 2721/1875/1813 612/1912/1828
f 2734/1913/1829 2736/1914/1820 598/1915/1818
f 599/1908/1825 5395/1916/1830 2734/1913/1829
f 2738/1910/1827 2722/1874/1831 5395/1916/1830
f 5395/1916/1830 613/1871/1809 2736/1914/1820
f 2731/1896/1815 2746/1917/1832 598/1899/1818
f 596/1898/1817 5396/1918/1833 2731/1896/1815
f 2745/1919/1834 2739/1867/1835 5396/1918/1833
f 5396/1918/1833 608/1866/1836 2746/1917/1832
f 2734/1920/1829 2743/1921/1790 599/1922/1825
f 598/1923/1818 5397/1924/1837 2734/1920/1829
f 2746/1925/1832 2742/1926/1838 5397/1924/1837
f 5397/1924/1837 611/1927/1791 2743/1921/1790
f 596/1928/1817 5398/1929/1839 2745/1930/1834
f 2732/1931/1823 2744/1932/1788 5398/1929/1839
f 5398/1929/1839 610/1933/1793 2740/1934/1840
f 2745/1930/1834 2740/1934/1840 609/1935/1841
f 2747/1936/1626 2751/1937/1626 607/1938/1626
f 2747/1936/1626 2752/1939/1626 5399/1940/1626
f 5399/1940/1626 613/1941/1809 2722/1942/1831
f 5399/1940/1626 612/1943/1828 2751/1937/1626
f 604/1944/1626 5400/1945/1626 2752/1939/1626
f 602/1946/1626 5400/1945/1626 2748/1947/1626
f 2753/1948/1626 2723/1949/1626 5400/1945/1626
f 2752/1939/1626 2723/1949/1626 613/1941/1809
f 603/1950/1626 5401/1951/1626 2754/1952/1626
f 607/1938/1626 5401/1951/1626 2749/1953/1626
f 2751/1937/1626 2724/1954/1626 5401/1951/1626
f 2754/1952/1626 2724/1954/1626 615/1955/1626
f 2750/1956/1626 2753/1948/1626 602/1946/1626
f 2750/1956/1626 2754/1952/1626 5402/1957/1626
f 5402/1957/1626 615/1955/1626 2725/1958/1626
f 5402/1957/1626 614/1959/1626 2753/1948/1626
f 674/4/1842 5403/15/1843 2912/4/1844
f 2850/4/1845 2913/10/1846 5403/15/1843
f 5403/15/1843 616/4/1847 2755/1/1848
f 2912/4/1844 2755/1/1848 618/5/1849
f 2851/4/1850 2916/4/1851 673/5/1852
f 676/4/1853 5404/1/1854 2851/4/1850
f 2915/4/1855 1764/4/1856 5404/1/1854
f 5404/1/1854 61/4/1857 2916/4/1851
f 676/4/1853 5405/4/1858 2915/4/1855
f 2911/4/1859 2777/4/1860 5405/4/1858
f 5405/4/1858 92/4/1861 2758/4/1862
f 2915/4/1855 2758/4/1862 64/4/1863
f 2852/4/1864 2913/10/1846 675/4/1865
f 677/4/1866 5406/6/1867 2852/4/1864
f 2918/10/1868 2779/16/1869 5406/6/1867
f 5406/6/1867 616/4/1847 2913/10/1846
f 677/4/1866 5407/4/1870 2918/10/1868
f 671/4/300 5407/4/1870 2854/4/1871
f 2914/4/302 2780/16/277 5407/4/1870
f 2918/10/1868 2780/16/277 69/38/308
f 35/4/1872 5408/1/1873 2757/4/1874
f 1776/4/1875 2759/1/218 5408/1/1873
f 2759/1/218 1740/4/1876 5408/1/1873
f 2757/4/1874 1740/4/1876 64/4/1877
f 1835/39/1878 2760/41/1756 65/42/1754
f 100/39/1879 5409/41/1880 1835/39/1878
f 2625/39/1881 1757/39/1882 5409/41/1880
f 5409/41/1880 621/42/354 2760/41/1756
f 1757/9/1882 2761/8/356 621/7/354
f 544/29/1883 5410/8/1884 1757/9/1882
f 1744/9/1885 1777/8/1886 5410/8/1884
f 5410/8/1884 622/8/1887 2761/8/356
f 1776/4/1888 2762/1/420 620/4/418
f 35/4/1889 5411/1/1890 1776/4/1888
f 1829/4/1891 1835/4/1878 5411/1/1890
f 5411/1/1890 65/5/1754 2762/1/420
f 102/497/1892 5412/501/1893 1831/499/1894
f 2041/498/753 2769/498/1695 5412/501/1893
f 5412/501/1893 628/500/756 2653/498/1895
f 1831/499/1894 2653/498/1895 548/497/1896
f 548/497/1896 5413/501/1897 2629/499/1898
f 2653/498/1895 2770/498/758 5413/501/1897
f 5413/501/1897 627/501/762 2767/498/762
f 2629/499/1898 2767/498/762 83/497/1899
f 85/498/1900 5414/501/1901 2765/499/1902
f 110/497/1903 5414/501/1901 1802/499/1904
f 2766/498/1696 2771/498/752 5414/501/1901
f 2765/499/1902 2771/498/752 625/497/748
f 50/4/341 5415/2/1905 1799/4/342
f 624/4/346 5415/2/1905 2764/38/1906
f 2772/3/345 2763/38/1907 5415/2/1905
f 1799/4/342 2763/38/1907 81/4/1908
f 81/4/1909 5416/1/1910 1735/4/1911
f 623/4/212 5416/1/1910 2763/4/1912
f 2776/1/211 2775/4/1913 5416/1/1910
f 1735/4/1911 2775/4/1913 91/4/1914
f 51/4/1915 5417/1/1916 1805/4/386
f 1796/4/1917 2773/1/191 5417/1/1916
f 5417/1/1916 625/5/196 1804/4/1918
f 1805/4/386 1804/4/1918 86/4/387
f 630/5/1919 5418/1/1920 2777/4/1860
f 674/4/1842 5418/1/1920 2917/4/1921
f 2912/4/1844 2774/4/1922 5418/1/1920
f 2777/4/1860 2774/4/1922 92/4/1861
f 2910/4/1923 2778/4/297 629/5/295
f 673/5/1852 5419/4/1924 2910/4/1923
f 2916/4/1851 1765/4/1925 5419/4/1924
f 5419/4/1924 63/4/1926 2778/4/297
f 1762/4/307 2779/16/1869 69/38/308
f 1762/4/307 2775/4/1927 5420/4/1928
f 5420/4/1928 618/5/1849 2755/1/1848
f 2779/16/1869 2755/1/1848 616/4/1847
f 2919/4/1929 2920/4/304 680/5/1930
f 619/5/294 5421/4/1931 2919/4/1929
f 1763/4/293 1758/4/1932 5421/4/1931
f 5421/4/1931 90/4/305 2920/4/304
f 2781/16/440 2784/15/110 631/4/108
f 73/3/135 5422/4/1933 2781/16/440
f 5422/4/1933 43/4/140 2782/4/1934
f 5422/4/1933 617/5/1935 2784/15/110
f 2788/1764/1607 2786/1765/1936 634/1766/1607
f 2788/1764/1607 2787/1765/1936 5423/1767/1936
f 2787/1765/1936 2789/1764/1937 5423/1767/1936
f 5423/1767/1936 636/1766/1937 2786/1765/1936
f 636/1766/1937 5424/1767/1938 2836/1765/1938
f 649/1765/1937 5424/1767/1938 2789/1764/1937
f 2837/1765/1938 2785/1765/1939 5424/1767/1938
f 5424/1767/1938 632/1768/1939 2836/1765/1938
f 2785/1765/1940 2838/1765/1941 632/1768/1940
f 633/1768/1940 5425/1767/1941 2785/1765/1940
f 2839/1765/1941 2790/1764/1942 5425/1767/1941
f 5425/1767/1941 639/1766/1942 2838/1765/1941
f 2790/1764/1942 2791/1765/1943 639/1766/1942
f 651/1765/1942 5426/1767/1943 2790/1764/1942
f 2792/1765/1943 2793/1764/1615 5426/1767/1943
f 5426/1767/1943 641/1766/1615 2791/1765/1943
f 641/1766/1615 5427/1767/1616 2794/1765/1616
f 652/1765/1615 5427/1767/1616 2793/1764/1615
f 5427/1767/1616 653/1765/1645 2796/1764/1645
f 2794/1765/1616 2796/1764/1645 643/1766/1645
f 643/1766/1645 5428/1767/1646 2797/1765/1646
f 2796/1764/1645 2798/1765/1646 5428/1767/1646
f 5428/1767/1646 654/1765/1644 2799/1764/1644
f 2797/1765/1646 2799/1764/1644 645/1766/1644
f 648/1765/1613 5429/1769/1612 2829/1768/1613
f 646/1765/1611 5429/1769/1612 2811/1765/1612
f 2828/1768/1611 2826/1765/1620 5429/1769/1612
f 5429/1769/1612 663/1766/1621 2829/1768/1613
f 645/1766/1644 5430/1767/1643 2800/1765/1643
f 2799/1764/1644 2801/1765/1643 5430/1767/1643
f 2801/1765/1643 2802/1764/1642 5430/1767/1643
f 5430/1767/1643 647/1766/1642 2800/1765/1643
f 647/1766/1642 5431/1767/1625 2803/1765/1625
f 2802/1764/1642 2804/1765/1625 5431/1767/1625
f 2804/1765/1625 2788/1764/1607 5431/1767/1625
f 2803/1765/1625 2788/1764/1607 634/1766/1607
f 635/1765/1626 5432/1770/1626 2813/1765/1626
f 637/1765/1626 5432/1770/1626 2805/1765/1627
f 2814/1765/1626 2787/1765/1626 5432/1770/1626
f 2813/1765/1626 2787/1765/1626 650/1765/1626
f 2806/1765/1626 2814/1764/1626 637/1765/1626
f 638/1765/1626 5433/1768/1626 2806/1765/1626
f 2840/1768/1626 2837/1765/1626 5433/1768/1626
f 5433/1768/1626 649/1765/1626 2814/1764/1626
f 638/1765/1626 5434/1767/1626 2840/1768/1626
f 2807/1765/1626 2815/1764/1626 5434/1767/1626
f 5434/1767/1626 651/1765/1626 2839/1765/1626
f 2840/1768/1626 2839/1765/1626 633/1766/1626
f 640/1765/1626 5435/1770/1626 2815/1765/1626
f 642/1765/1626 5435/1770/1626 2808/1765/1626
f 2816/1765/1626 2792/1765/1626 5435/1770/1626
f 2815/1765/1626 2792/1765/1626 651/1765/1626
f 642/1765/1626 5436/1770/1626 2816/1765/1626
f 644/1765/1626 5436/1770/1626 2809/1765/1626
f 2817/1765/1626 2795/1765/1626 5436/1770/1626
f 2816/1765/1626 2795/1765/1626 652/1765/1626
f 644/1765/1626 5437/1770/1626 2817/1765/1626
f 646/1765/1626 5437/1770/1626 2810/1765/1626
f 2818/1765/1626 2798/1765/1626 5437/1770/1626
f 2817/1765/1626 2798/1765/1626 653/1765/1626
f 646/1765/1626 5438/1770/1626 2818/1765/1626
f 648/1765/1626 5438/1770/1626 2811/1765/1626
f 2819/1765/1626 2801/1765/1626 5438/1770/1626
f 2818/1765/1626 2801/1765/1626 654/1765/1626
f 648/1765/1626 5439/1770/1626 2819/1765/1626
f 635/1765/1626 5439/1770/1626 2812/1765/1626
f 2813/1765/1626 2804/1765/1626 5439/1770/1626
f 2819/1765/1626 2804/1765/1626 655/1765/1626
f 656/498/1628 5440/1771/1626 2821/499/1629
f 657/498/1630 5440/1771/1626 2820/499/1631
f 663/498/1621 5440/1771/1626 2827/499/1632
f 662/498/1633 5440/1771/1626 2826/499/1620
f 661/498/1634 5440/1771/1626 2825/499/1635
f 660/498/1944 5440/1771/1626 2824/499/1637
f 659/498/1638 5440/1771/1626 2823/499/1639
f 658/498/1640 5440/1771/1626 2822/499/1641
f 2809/1765/1608 2831/1768/1609 644/1765/1609
f 2809/1765/1608 2830/1768/1607 5441/1769/1608
f 5441/1769/1608 660/1766/1944 2824/1765/1637
f 2831/1768/1609 2824/1765/1637 661/1766/1634
f 2807/1765/1643 2833/1768/1642 640/1765/1642
f 2807/1765/1643 2832/1768/1644 5442/1769/1643
f 2832/1768/1644 2822/1765/1641 5442/1769/1643
f 2833/1768/1642 2822/1765/1641 659/1766/1638
f 2805/1765/1616 2835/1768/1645 637/1765/1645
f 2805/1765/1616 2834/1768/1615 5443/1769/1616
f 2834/1768/1615 2820/1765/1631 5443/1769/1616
f 2835/1768/1645 2820/1765/1631 656/1766/1628
f 2812/1765/1614 2834/1768/1615 635/1765/1615
f 2812/1765/1614 2829/1768/1613 5444/1769/1614
f 2829/1768/1613 2827/1765/1632 5444/1769/1614
f 2834/1768/1615 2827/1765/1632 657/1766/1630
f 2810/1765/1610 2828/1768/1611 646/1765/1611
f 2810/1765/1610 2831/1768/1609 5445/1769/1610
f 2831/1768/1609 2825/1765/1635 5445/1769/1610
f 2828/1768/1611 2825/1765/1635 662/1766/1633
f 2808/1765/1625 2830/1768/1607 642/1765/1607
f 2808/1765/1625 2833/1768/1642 5446/1769/1625
f 2833/1768/1642 2823/1765/1639 5446/1769/1625
f 5446/1769/1625 660/1766/1944 2830/1768/1607
f 638/1765/1644 5447/1769/1646 2832/1768/1644
f 637/1765/1645 5447/1769/1646 2806/1765/1646
f 2835/1768/1645 2821/1765/1629 5447/1769/1646
f 2832/1768/1644 2821/1765/1629 658/1766/1640
f 2855/1960/1945 2860/1961/1946 664/1962/1947
f 673/1963/1948 5448/1964/1949 2855/1960/1945
f 2910/1965/1950 2921/1966/1951 5448/1964/1949
f 5448/1964/1949 672/1967/1952 2860/1961/1946
f 2856/1968/1953 2843/1969/1954 667/1970/1955
f 675/1971/1956 5449/1972/1957 2856/1968/1953
f 2850/1973/1958 2857/1974/1959 5449/1972/1957
f 5449/1972/1957 666/1975/1960 2843/1969/1954
f 668/1976/1961 5450/1977/1962 2844/1978/1963
f 2858/1979/1964 2851/1980/1965 5450/1977/1962
f 2851/1980/1965 2855/1960/1945 5450/1977/1962
f 5450/1977/1962 664/1962/1947 2844/1978/1963
f 666/1981/1960 5451/1982/1966 2862/1983/1967
f 2857/1984/1959 2917/1985/1968 5451/1982/1966
f 5451/1982/1966 630/1986/1969 2923/1987/1970
f 2862/1983/1967 2923/1987/1970 679/1988/1971
f 669/1989/1972 5452/1990/1973 2846/1991/1974
f 2859/1992/1975 2852/1993/1976 5452/1990/1973
f 5452/1990/1973 675/1994/1956 2856/1995/1953
f 2846/1991/1974 2856/1995/1953 667/1996/1955
s 0
f 670/1997/1977 5453/1998/1977 2849/1999/1977
f 2863/2000/1978 2861/2001/1978 5453/1998/1978
f 5453/1998/1979 680/2002/1979 2853/2003/1979
f 2849/1999/1980 2853/2003/1980 671/2004/1980
s 1
f 670/2005/1981 5454/2006/1982 2848/2007/1983
f 2849/2008/1984 2854/2009/1985 5454/2006/1982
f 2854/2009/1985 2859/2010/1975 5454/2006/1982
f 5454/2006/1982 669/2011/1972 2848/2007/1983
f 2911/2012/1986 2923/2013/1970 630/2014/1969
f 2911/2012/1986 2858/2015/1964 5455/2016/1987
f 5455/2016/1987 668/1976/1961 2845/2017/1988
f 2923/2013/1970 2845/2017/1988 679/2018/1971
f 629/2019/1989 5456/2020/1990 2921/2021/1951
f 2756/2022/1991 2922/2023/1992 5456/2020/1990
f 5456/2020/1990 665/2024/1993 2842/2025/1994
f 2921/2021/1951 2842/2025/1994 672/1967/1952
s 0
f 678/2026/1995 5457/2027/1995 2861/2001/1995
f 2847/2028/1996 2922/2029/1996 5457/2027/1996
f 5457/2027/1997 619/2030/1997 2919/2031/1997
f 2861/2001/1998 2919/2031/1998 680/2002/1998
s 1
f 669/2032/1972 5458/2033/1999 2848/2034/1983
f 2846/2035/1974 2864/2036/2000 5458/2033/1999
f 5458/2033/1999 678/2026/2001 2863/2000/2002
f 2848/2034/1983 2863/2000/2002 670/1997/1981
f 664/2037/1947 5459/2038/2003 2844/1978/1963
f 2866/2039/2004 2867/2040/2005 5459/2038/2003
f 5459/2038/2003 679/2041/1971 2845/2017/1988
f 2844/1978/1963 2845/2017/1988 668/1976/1961
f 2843/2042/1954 2865/2043/2006 667/2044/1955
f 666/2045/1960 5460/2046/2007 2843/2042/1954
f 2862/2047/1967 2867/2048/2005 5460/2046/2007
f 5460/2046/2007 681/2049/2008 2865/2043/2006
f 2868/2050/2009 2842/2025/1994 665/2024/1993
f 681/2049/2008 5461/2051/2010 2868/2050/2009
f 2866/2052/2004 2860/2053/1946 5461/2051/2010
f 5461/2051/2010 672/2054/1952 2842/2025/1994
s 0
f 2864/2055/2011 2847/2028/2011 678/2026/2011
f 667/2044/2012 5462/2056/2012 2864/2055/2012
f 2865/2043/2013 2868/2050/2013 5462/2056/2013
f 5462/2056/2014 665/2024/2014 2847/2028/2014
s 1
f 190/432/19 5463/2057/19 2000/2058/19
f 1999/2059/19 2001/2060/19 5463/2057/19
f 5463/2057/19 688/2061/19 2876/310/19
f 2000/2058/19 2876/310/19 687/307/19
f 1998/2062/19 1945/2063/19 152/496/19
f 1998/2062/19 2000/2058/19 5464/2064/19
f 5464/2064/19 687/2065/19 2877/303/19
f 5464/2064/19 683/300/19 1945/2063/19
f 191/2066/19 5465/2067/19 2001/2068/19
f 1980/2069/19 1981/2070/19 5465/2067/19
f 5465/2067/19 686/2071/19 2878/295/19
f 2001/2068/19 2878/295/19 688/292/19
f 1928/2072/2015 2871/2073/2016 146/2074/2017
f 150/182/698 5466/2075/2018 1928/2072/2015
f 2872/2076/697 2879/171/688 5466/2075/2018
f 5466/2075/2018 684/169/686 2871/2073/2016
f 1930/2077/683 2869/2078/683 151/2079/683
f 146/2074/2017 5467/2080/683 1930/2077/683
f 2871/2073/2016 2880/163/683 5467/2080/683
f 5467/2080/683 682/158/683 2869/2078/683
f 1929/2081/683 2870/2082/683 147/2083/683
f 151/2079/683 5468/2084/683 1929/2081/683
f 2869/2078/683 2881/155/683 5468/2084/683
f 5468/2084/683 683/157/683 2870/2082/683
f 2637/39/529 1884/59/2019 127/59/532
f 556/41/531 5469/42/2020 2637/39/529
f 2885/39/2021 2886/41/1717 5469/42/2020
f 5469/42/2020 691/42/1718 1884/59/2019
f 1858/62/1720 2885/62/2021 556/66/531
f 117/2085/1722 5470/8/2022 1858/62/1720
f 1857/8/2023 2887/62/584 5470/8/2022
f 5470/8/2022 692/63/586 2885/62/2021
f 114/2/540 5471/13/2024 1855/4/538
f 127/57/532 5471/13/2024 1880/4/535
f 1884/57/2019 2888/4/577 5471/13/2024
f 1855/4/538 2888/4/577 689/12/541
f 3268/12/543 3247/4/2025 740/4/560
f 3268/12/543 2882/43/576 5472/10/2026
f 2882/43/576 1912/17/548 5472/10/2026
f 5472/10/2026 399/2/553 3247/4/2025
f 58/10/479 5473/4/2027 1749/4/2028
f 57/10/481 5473/4/2027 1751/4/484
f 1750/4/234 2889/4/2029 5473/4/2027
f 5473/4/2027 693/4/2030 1749/4/2028
f 1699/4/2031 1749/6/2028 693/4/2030
f 77/4/166 5474/2086/2032 1699/4/2031
f 1713/6/165 1722/3/477 5474/2086/2032
f 5474/2086/2032 58/1/479 1749/6/2028
f 2389/2087/602 3269/2088/450 390/2089/603
f 407/2090/601 5475/2091/2033 2389/2087/602
f 3264/1446/1293 3183/2092/2034 5475/2091/2033
f 3269/2088/450 3183/2092/2034 776/2093/451
f 2901/2094/19 1689/2095/19 10/2096/19
f 699/461/19 5476/2097/19 2901/2094/19
f 2902/460/19 1691/2098/19 5476/2097/19
f 5476/2097/19 9/2099/19 1689/2095/19
f 2900/2100/19 3236/2101/19 11/2102/19
f 698/454/19 5477/2103/19 2900/2100/19
f 2903/453/19 3271/2104/19 5477/2103/19
f 5477/2103/19 842/428/19 3236/2101/19
f 2021/2105/19 1688/2106/19 8/426/19
f 696/439/19 5478/2107/19 2021/2105/19
f 2904/2108/19 2901/2094/19 5478/2107/19
f 5478/2107/19 10/2096/19 1688/2106/19
f 193/451/19 5479/2109/19 2023/2110/19
f 2028/450/19 2899/2111/19 5479/2109/19
f 5479/2109/19 696/2112/19 2905/2113/19
f 2023/2110/19 2905/2113/19 697/2114/19
f 3275/2115/2035 2934/2116/2036 703/2117/2037
f 884/2118/2038 5480/2119/2039 3275/2115/2035
f 5480/2119/2039 712/2120/2040 2932/2121/2041
f 2934/2116/2036 2932/2121/2041 710/2122/2042
f 704/2123/2043 5481/2124/2044 2935/2125/2045
f 3274/2126/2046 3278/2127/2047 5481/2124/2044
f 5481/2124/2044 708/2128/2048 2930/2129/2049
f 5481/2124/2044 711/2130/2050 2935/2125/2045
f 883/2131/2051 5482/2132/2052 3278/2127/2047
f 3218/2133/2053 3279/2134/2054 5482/2132/2052
f 5482/2132/2052 707/2135/2055 2928/2136/2056
f 3278/2127/2047 2928/2136/2056 708/2128/2048
f 2924/2137/2057 2936/2138/2058 701/2139/2059
f 703/2140/2037 5483/2141/2060 2924/2137/2057
f 5483/2141/2060 710/2142/2042 2926/2143/2061
f 5483/2141/2060 705/2144/2062 2936/2138/2058
f 884/2118/2038 5484/2145/2063 3277/2146/2064
f 3276/2147/2065 2935/2148/2045 5484/2145/2063
f 2935/2148/2045 2933/2149/2066 5484/2145/2063
f 5484/2145/2063 712/2120/2040 3277/2146/2064
f 2925/2150/2067 2937/2151/2068 702/2152/2069
f 701/2139/2059 5485/2153/2070 2925/2150/2067
f 2936/2138/2058 2931/2154/2071 5485/2153/2070
f 5485/2153/2070 709/2155/2072 2937/2151/2068
f 882/2156/2073 5486/2157/2074 3279/2158/2054
f 3217/2159/2075 3280/2160/2076 5486/2157/2074
f 5486/2157/2074 706/2161/2077 2927/2162/2078
f 3279/2158/2054 2927/2162/2078 707/2163/2055
f 705/2164/2062 5487/2165/2079 2931/2166/2071
f 2932/2167/2041 2926/2168/2061 710/2169/2042
f 2933/2170/2066 2932/2167/2041 712/2171/2040
f 2930/2172/2049 2933/2170/2066 711/2173/2050
f 708/2174/2048 5487/2165/2079 2930/2175/2049
f 2927/2176/2078 2928/2177/2056 707/2178/2055
f 2929/2179/2080 2927/2176/2078 706/2180/2077
f 2931/2166/2071 2929/2179/2080 709/2181/2072
f 204/2182/2081 5488/2183/2082 2946/2184/2083
f 1683/2185/2084 2947/2186/2085 5488/2183/2082
f 5488/2183/2082 716/2187/2086 2941/2188/2087
f 5488/2183/2082 718/2189/2088 2946/2184/2083
f 203/2190/2089 5489/2191/2090 2947/2186/2085
f 1682/2192/2091 2948/2193/2092 5489/2191/2090
f 5489/2191/2090 715/2194/2093 2939/2195/2094
f 2947/2186/2085 2939/2195/2094 716/2187/2086
f 202/2196/2095 5490/2197/2096 2948/2198/2092
f 864/2199/2097 5490/2197/2096 3273/2200/2098
f 3281/2201/2099 2945/2202/2100 5490/2197/2096
f 2948/2198/2092 2945/2202/2100 715/2203/2093
f 201/2204/2101 5491/2205/2102 2949/2206/2103
f 1684/2207/2104 2946/2208/2083 5491/2205/2102
f 2946/2208/2083 2942/2209/2105 5491/2205/2102
f 5491/2205/2102 713/2210/2106 2949/2206/2103
f 3228/2211/2107 2950/2212/2108 700/2213/2109
f 849/2214/2110 5492/2215/2111 3228/2211/2107
f 3282/2216/2112 2940/2217/2113 5492/2215/2111
f 5492/2215/2111 720/2218/2114 2950/2212/2108
f 3272/2219/2115 3283/2220/2116 850/2221/2117
f 700/2213/2109 5493/2222/2118 3272/2219/2115
f 2950/2212/2108 2944/2223/2119 5493/2222/2118
f 5493/2222/2118 717/2224/2120 3283/2220/2116
f 3227/2225/2121 3282/2216/2112 849/2214/2110
f 3227/2225/2121 2949/2226/2103 5494/2227/2122
f 5494/2227/2122 713/2228/2106 2938/2229/2123
f 5494/2227/2122 714/2230/2124 3282/2216/2112
f 2981/2231/2125 3281/2201/2099 864/2199/2097
f 850/2232/2117 5495/2233/2126 2981/2231/2125
f 3283/2234/2116 2943/2235/2127 5495/2233/2126
f 5495/2233/2126 719/2236/2128 3281/2201/2099
f 2938/2237/2123 2940/2238/2113 714/2239/2124
f 713/2240/2106 5496/2241/2129 2938/2237/2123
f 2941/2242/2087 2942/2243/2105 718/2244/2088
f 716/2245/2086 5496/2241/2129 2941/2246/2087
f 2945/2202/2100 2939/2247/2094 715/2203/2093
f 719/2248/2128 5496/2241/2129 2945/2202/2100
f 717/2249/2120 5496/2241/2129 2943/2235/2127
f 720/2250/2114 5496/2241/2129 2944/2251/2119
f 721/4/2130 5497/2/2131 2952/4/2132
f 3284/4/2133 3257/4/2134 5497/2/2131
f 5497/2/2131 722/4/2135 2965/4/2136
f 2952/4/2132 2965/4/2136 732/4/2137
f 732/4/2138 5498/12/2139 2952/4/2140
f 2957/4/2141 2960/12/2142 5498/12/2139
f 5498/12/2139 730/13/2143 2953/4/2144
f 2952/4/2140 2953/4/2144 721/4/2145
f 2951/4/2146 2966/38/2147 723/4/2148
f 724/4/2149 5499/2/2150 2951/4/2146
f 2967/38/2151 2958/3/2152 5499/2/2150
f 5499/2/2150 733/4/2153 2966/38/2147
f 2956/1/2154 2959/4/2155 729/4/2156
f 730/12/2157 5500/2/2158 2956/1/2154
f 2960/4/2159 2958/4/2152 5500/2/2158
f 5500/2/2158 731/4/2160 2959/4/2155
f 2954/4/2161 2955/4/2162 735/4/2163
f 721/4/2164 5501/11/2165 2954/4/2161
f 2953/4/2166 2956/1/2154 5501/11/2165
f 5501/11/2165 729/4/2156 2955/4/2162
f 732/4/2137 5502/12/2167 3287/4/2168
f 2965/4/2136 2964/12/2169 5502/12/2167
f 5502/12/2167 734/13/2170 3254/4/2171
f 3287/4/2168 3254/4/2171 24/4/2172
f 2962/13/2173 2959/4/2174 731/4/2175
f 742/5/2176 5503/11/2177 2962/13/2173
f 2961/4/2178 2963/13/2179 5503/11/2177
f 5503/11/2177 729/4/2180 2959/4/2174
f 24/4/2181 5504/2/2182 3287/38/2183
f 3245/4/2184 2966/38/2185 5504/2/2182
f 5504/2/2182 733/4/2186 2957/3/2141
f 3287/38/2183 2957/3/2141 732/4/2138
f 731/4/2175 5505/1/2187 2962/1/2173
f 2967/4/2188 3255/4/2189 5505/1/2187
f 5505/1/2187 404/4/2190 3285/4/2191
f 2962/1/2173 3285/4/2191 742/5/2176
f 735/4/2192 5506/1/2193 3286/4/2194
f 2955/4/2195 2963/1/2179 5506/1/2193
f 5506/1/2193 741/5/2196 3288/4/2197
f 3286/4/2194 3288/4/2197 405/4/2198
f 736/2252/2199 5507/2253/2199 2977/2254/2199
f 2968/2255/2199 2976/2256/2199 5507/2253/2199
f 5507/2253/2199 739/2257/2199 2974/2258/2199
f 2977/2254/2199 2974/2258/2199 725/2259/2199
f 737/2260/2199 5508/2261/2199 2972/2262/2199
f 2969/2263/2199 2971/2264/2199 5508/2261/2199
f 5508/2261/2199 727/2265/2199 2968/2255/2199
f 2972/2262/2199 2968/2255/2199 736/2252/2199
f 2975/2266/2199 2973/2267/2199 738/2268/2199
f 726/2269/2199 5509/2270/2199 2975/2266/2199
f 2970/2271/2199 2969/2263/2199 5509/2270/2199
f 2973/2267/2199 2969/2263/2199 737/2260/2199
f 2970/2272/2199 3289/2273/2199 728/2274/2199
f 2970/2272/2199 2978/2275/2199 5510/2276/2199
f 5510/2276/2199 740/2277/2199 3247/2278/2199
f 5510/2276/2199 399/2279/2199 3289/2273/2199
f 727/2280/2199 5511/2281/2199 3290/2282/2199
f 2971/2283/2199 3289/2273/2199 5511/2281/2199
f 5511/2281/2199 399/2279/2199 1911/2284/2200
f 3290/2282/2199 1911/2284/2200 401/2285/2199
f 737/2286/2201 5512/2287/2202 2979/2288/2203
f 736/2289/2204 5512/2287/2202 2972/2290/2205
f 2980/2291/2206 2961/2292/2207 5512/2287/2202
f 2979/2288/2203 2961/2292/2207 742/2293/2208
f 738/2294/2199 5513/2295/2199 3291/2296/2199
f 2973/2297/2199 2979/2288/2203 5513/2295/2199
f 5513/2295/2199 742/2293/2208 3285/2298/2199
f 3291/2296/2199 3285/2298/2199 404/2299/2199
f 725/2300/2209 5514/2301/2210 3292/2302/2211
f 2974/2303/2212 3293/2304/2213 5514/2301/2210
f 5514/2301/2210 406/2305/2214 1952/2306/2215
f 3292/2302/2211 1952/2306/2215 405/2307/2216
f 726/2308/2199 5515/2309/2199 2978/2275/2199
f 738/2294/2199 5515/2309/2199 2975/2310/2199
f 3291/2296/2199 3256/2311/2199 5515/2309/2199
f 2978/2275/2199 3256/2311/2199 740/2277/2199
f 739/2312/2199 5516/2313/2199 3293/2304/2213
f 2976/2314/2199 3290/2282/2199 5516/2313/2199
f 5516/2313/2199 401/2285/2199 1954/2315/2200
f 3293/2304/2213 1954/2315/2200 406/2305/2214
f 2977/2316/2217 2980/2291/2206 736/2289/2204
f 725/2300/2209 5517/2317/2218 2977/2316/2217
f 3292/2302/2211 3288/2318/2219 5517/2317/2218
f 5517/2317/2218 741/2319/2220 2980/2291/2206
f 2985/12/2221 3295/1/2222 743/4/2223
f 2985/12/2221 3296/1/2224 5518/1/2225
f 5518/1/2225 202/5/2226 1682/4/2227
f 5518/1/2225 203/5/2228 3295/1/2222
f 2987/4/2229 3298/4/2230 797/13/2231
f 743/4/2223 5519/1/2232 2987/4/2229
f 3295/1/2222 1683/4/2233 5519/1/2232
f 5519/1/2232 204/4/2234 3298/4/2230
f 2989/15/2235 3227/4/2236 849/5/2237
f 871/3/2238 5520/3/2239 2989/15/2235
f 5520/3/2239 745/3/2240 3294/4/2241
f 5520/3/2239 201/5/2242 3227/4/2236
f 3142/2320/2243 3164/2320/2244 852/2320/2245
f 764/2320/2246 5521/2321/2247 3142/2320/2243
f 3012/2320/2248 3009/2322/2249 5521/2321/2247
f 5521/2321/2247 854/2323/2250 3164/2320/2244
f 854/7/2250 5522/8/2251 3144/8/2252
f 3163/9/2253 2991/8/2254 5522/8/2251
f 5522/8/2251 750/8/2255 2996/8/2256
f 3144/8/2252 2996/8/2256 751/8/2257
f 844/2324/2258 5523/2325/2259 3194/2326/2260
f 3204/2327/2261 3214/2326/2262 5523/2325/2259
f 5523/2325/2259 880/2324/2263 3165/2328/2264
f 5523/2325/2259 848/2324/2265 3194/2326/2260
f 745/3/2240 5524/1/2266 3071/13/2267
f 3063/4/2268 3068/1/2269 5524/1/2266
f 5524/1/2266 744/5/2270 3073/4/2271
f 3071/13/2267 3073/4/2271 797/56/2231
f 3212/8/2272 3200/9/2273 874/2085/2274
f 877/8/2275 5525/8/2276 3212/8/2272
f 3207/8/2277 2991/8/2254 5525/8/2276
f 5525/8/2276 851/7/2278 3200/9/2273
f 2994/13/2279 2983/4/2280 747/4/2281
f 761/5/2282 5526/1/2283 2994/13/2279
f 3012/4/2248 3010/4/2284 5526/1/2283
f 5526/1/2283 844/4/2285 2983/4/2280
f 2994/4/2279 3011/4/2286 761/5/2282
f 747/4/2281 5527/1/2287 2994/4/2279
f 2982/12/2288 3007/13/2289 5527/1/2287
f 5527/1/2287 759/5/2290 3011/4/2286
f 3315/13/2291 1691/4/2292 695/5/2293
f 868/5/2294 5528/2/2295 3315/13/2291
f 3000/4/2296 3302/4/2297 5528/2/2295
f 5528/2/2295 9/5/2298 1691/4/2292
f 3302/4/2297 1689/4/2299 9/5/2298
f 757/4/2300 5529/11/2301 3302/4/2297
f 5529/11/2301 755/5/2302 3301/13/2303
f 5529/11/2301 10/5/2304 1689/4/2299
f 3206/4/2305 3211/4/2306 876/4/2307
f 746/13/2308 5530/2/2309 3206/4/2305
f 2982/4/2310 3004/4/2311 5530/2/2309
f 5530/2/2309 875/10/2312 3211/4/2306
f 3210/13/2313 3206/4/2314 876/4/2315
f 873/60/2316 5531/13/2317 3210/13/2313
f 3199/4/2318 3007/1/2289 5531/13/2317
f 5531/13/2317 746/12/2319 3206/4/2314
f 3145/2320/2320 3162/2320/2321 855/2320/2322
f 762/2320/2323 5532/2320/2324 3145/2320/2320
f 3020/2320/2325 3142/2320/2326 5532/2320/2324
f 5532/2320/2324 852/2320/2327 3162/2320/2321
f 748/4/2328 5533/1/2329 3021/4/2330
f 767/4/2331 5533/1/2329 3016/4/2332
f 3022/4/2333 2998/4/2334 5533/1/2329
f 3021/4/2330 2998/4/2334 844/4/2335
f 3017/4/2336 3020/4/2325 762/4/2323
f 748/4/2328 5534/1/2337 3017/4/2336
f 3021/4/2330 3010/4/2338 5534/1/2337
f 5534/1/2337 764/4/2339 3020/4/2325
f 841/2329/2340 5535/64/2341 3225/2329/2340
f 3013/28/2342 3226/29/2343 5535/64/2341
f 5535/64/2341 2/9/2343 1687/28/2344
f 3225/2329/2340 1687/28/2344 192/29/2345
f 767/4/2331 5536/1/2346 3022/4/2333
f 3014/4/2347 3023/4/2348 5536/1/2346
f 5536/1/2346 763/4/2349 3018/4/2350
f 3022/4/2333 3018/4/2350 755/4/2351
f 767/4/2352 5537/4/2353 3028/4/2354
f 3016/4/2355 3027/4/2356 5537/4/2353
f 5537/4/2353 769/4/2357 3025/4/2358
f 3028/4/2354 3025/4/2358 772/4/2359
f 766/4/2360 5538/1/2361 3029/4/2360
f 3014/4/2361 3028/4/2354 5538/1/2361
f 5538/1/2361 772/4/2359 3024/4/2361
f 3029/4/2360 3024/4/2361 771/4/2360
f 748/4/2362 5539/1/19 3027/4/2356
f 3017/4/19 3030/4/19 5539/1/19
f 3030/4/19 3026/4/19 5539/1/19
f 3027/4/2356 3026/4/19 769/4/2357
f 3015/9/19 3161/9/2363 855/29/2363
f 765/9/19 5540/8/19 3015/9/19
f 3297/8/19 3229/9/19 5540/8/19
f 5540/8/19 856/29/2363 3161/9/2363
f 3148/2330/2364 3160/2331/2365 858/2332/2366
f 780/2332/2367 5541/2333/2368 3148/2330/2364
f 3033/2331/2369 3032/2331/2370 5541/2333/2368
f 5541/2333/2368 857/2330/2371 3160/2331/2365
f 840/4/2372 5542/13/2373 3184/4/2374
f 781/4/2375 5542/13/2373 3132/4/2376
f 3184/4/2374 3034/4/2377 776/4/2378
f 3159/9/2379 3153/1847/2380 863/29/2380
f 858/7/2366 5543/8/2381 3159/9/2379
f 3037/8/2382 3072/66/2381 5543/8/2381
f 5543/8/2381 774/1847/2380 3153/1847/2380
f 792/10/2383 5544/4/2384 3056/4/2385
f 794/4/2386 5544/4/2384 3060/4/2387
f 3067/4/2388 3068/13/2269 5544/4/2384
f 5544/4/2384 796/3/2389 3056/4/2385
f 783/4/2390 5545/1/2391 3042/4/2392
f 3038/4/2391 3043/4/2393 5545/1/2391
f 5545/1/2391 782/4/2394 3065/4/2395
f 3042/4/2392 3065/4/2395 744/4/2396
f 859/29/2397 5546/64/2398 3158/29/2397
f 784/9/2398 5546/64/2398 3149/28/2399
f 3044/29/2398 3152/28/2398 5546/64/2398
f 5546/64/2398 862/29/2399 3158/29/2397
f 3132/1/2376 3064/4/2400 781/4/2375
f 3132/1/2376 3136/4/2401 5547/1/2402
f 5547/1/2402 785/4/2403 3045/4/2404
f 5547/1/2402 773/4/2405 3064/4/2400
f 3031/4/2406 3045/4/2404 785/4/2403
f 783/4/2390 5548/1/2407 3031/4/2406
f 3042/4/2392 3041/4/2408 5548/1/2407
f 5548/1/2407 773/4/2405 3045/4/2404
f 760/4/2409 5549/1/2410 3051/4/2410
f 3038/4/2410 3052/4/2410 5549/1/2410
f 5549/1/2410 788/4/2410 3047/4/2410
f 3051/4/2410 3047/4/2410 786/4/2410
f 3153/1847/2380 3157/9/2411 863/29/2380
f 774/1847/2380 5550/8/2411 3153/1847/2380
f 3135/66/2411 3151/9/2411 5550/8/2411
f 5550/8/2411 861/29/2411 3157/9/2411
f 859/2320/2410 5551/2320/2410 3156/2320/2410
f 3039/2320/2410 3051/2320/2410 5551/2320/2410
f 5551/2320/2410 786/2320/2410 3048/2320/2410
f 3156/2320/2410 3048/2320/2410 860/2320/2410
f 783/4/2412 5552/1/2413 3052/4/2414
f 3031/4/2415 3055/4/2416 5552/1/2413
f 5552/1/2413 790/4/2417 3046/4/2418
f 3052/4/2414 3046/4/2418 788/4/2419
f 3040/4/2420 3055/4/2411 785/4/2403
f 775/4/2421 5553/1/2411 3040/4/2420
f 3053/4/2411 3049/4/2411 5553/1/2411
f 5553/1/2411 790/4/2411 3055/4/2411
f 811/13/2422 5554/2/2423 3057/4/2424
f 3059/12/2425 3058/4/2426 5554/2/2423
f 5554/2/2423 794/4/2386 3060/4/2387
f 3057/4/2424 3060/4/2387 792/10/2383
f 3064/4/2427 3061/4/2428 781/4/2429
f 773/4/2430 5555/15/2431 3064/4/2427
f 3041/4/2432 3067/4/2433 5555/15/2431
f 5555/15/2431 794/4/2434 3061/4/2428
f 804/1/2435 5556/2086/2436 3088/2/2437
f 758/1/2438 5556/2086/2436 3080/3/2439
f 3089/2/2440 3056/3/2385 5556/2086/2436
f 3088/2/2437 3056/3/2385 796/1/2389
f 781/4/2429 5557/1/2441 3034/4/2442
f 3061/4/2428 3058/4/2443 5557/1/2441
f 5557/1/2441 812/4/2444 3062/4/2445
f 3034/4/2442 3062/4/2445 776/4/2446
f 2992/5/2447 3069/4/2448 798/56/2449
f 2992/5/2447 3073/4/2271 5558/1/2450
f 5558/1/2450 744/4/2270 3065/4/2451
f 5558/1/2450 782/4/2452 3069/4/2448
f 853/2085/2453 5559/8/2454 3143/8/2455
f 3155/9/2456 3152/9/2457 5559/8/2454
f 5559/8/2454 749/9/2457 3070/8/2458
f 3143/8/2455 3070/8/2458 799/7/2459
f 3095/4/2460 3103/4/2461 813/4/2462
f 795/4/2463 5560/4/2464 3095/4/2460
f 3102/4/2465 3099/4/2466 5560/4/2464
f 5560/4/2464 816/4/2467 3103/4/2461
f 3036/13/2468 3136/4/2401 840/4/2372
f 780/5/2367 5561/1/2469 3036/13/2468
f 3134/4/2470 3040/4/2420 5561/1/2469
f 5561/1/2469 785/4/2403 3136/4/2401
f 3233/12/2471 3304/2334/2472 6/5/2473
f 809/13/2474 5562/2335/2475 3233/12/2471
f 3001/2336/2476 3078/2337/2477 5562/2335/2475
f 5562/2335/2475 834/2338/2478 3304/2334/2472
f 806/4/2479 5563/12/2480 2997/4/2481
f 3083/12/2482 3077/13/2483 5563/12/2480
f 5563/12/2480 800/60/2484 3075/13/2485
f 2997/4/2481 3075/13/2485 803/4/2486
f 3093/12/2487 3001/2336/2476 809/13/2474
f 801/4/2488 5564/2339/2489 3093/12/2487
f 3092/2/2490 3079/2340/2491 5564/2339/2489
f 5564/2339/2489 810/2341/2492 3001/2336/2476
f 807/4/2493 5565/13/2494 3077/13/2483
f 3084/12/2495 3076/2/2496 5565/13/2494
f 5565/13/2494 870/60/2497 3082/4/2498
f 3077/13/2483 3082/4/2498 800/60/2484
f 7/5/2499 5566/3/2500 3299/4/2501
f 3231/4/2502 3129/4/2503 5566/3/2500
f 5566/3/2500 754/13/2504 3130/12/2505
f 5566/3/2500 758/10/2438 3299/4/2501
f 3085/4/2506 3003/1/2507 756/4/2508
f 803/4/2486 5567/11/2509 3085/4/2506
f 3075/13/2485 3086/4/2510 5567/11/2509
f 5567/11/2509 847/13/2511 3003/1/2507
f 3086/4/2510 3002/12/2512 847/12/2511
f 800/2/2484 5568/1/2513 3086/4/2510
f 3082/4/2498 3087/4/2514 5568/1/2513
f 5568/1/2513 846/11/2515 3002/12/2512
f 3191/4/2516 2984/4/2517 871/3/2238
f 3191/4/2516 3088/4/2437 5569/3/2518
f 5569/3/2518 796/3/2389 3063/4/2268
f 2984/4/2517 3063/4/2268 745/3/2240
f 792/10/2383 5570/2/2519 3057/11/2424
f 3089/12/2440 3130/4/2505 5570/2/2519
f 5570/2/2519 754/2/2504 3127/1/2520
f 3057/11/2424 3127/1/2520 811/13/2422
f 3308/12/2521 3307/4/2522 835/12/2523
f 735/4/2524 5571/15/2525 3308/12/2521
f 3286/4/2526 1705/4/38 5571/15/2525
f 5571/15/2525 15/4/43 3307/4/2522
f 3094/4/2527 3102/4/2465 795/4/2463
f 793/5/2528 5572/1/2529 3094/4/2527
f 3104/1/2530 3098/4/2531 5572/1/2529
f 5572/1/2529 818/4/2532 3102/4/2465
f 793/5/2528 5573/1/2533 3104/1/2530
f 3096/4/2534 3101/4/2535 5573/1/2533
f 5573/1/2533 815/4/2536 3100/4/2537
f 3104/1/2530 3100/4/2537 817/5/2538
f 3224/2320/746 3223/2320/2539 192/2320/747
f 3224/2320/746 3261/2320/2540 5574/2320/2541
f 5574/2320/2541 8/2320/2542 3300/2320/2543
f 5574/2320/2541 763/2320/2544 3223/2320/2539
f 3300/4/2543 3018/4/2545 763/4/2544
f 8/4/2542 5575/11/2546 3300/4/2543
f 1688/4/2547 3301/13/2303 5575/11/2546
f 3018/4/2545 3301/13/2303 755/5/2302
f 3106/13/2548 3085/4/2549 756/4/2550
f 821/2342/2551 5576/13/2552 3106/13/2548
f 3238/4/2553 3303/13/2554 5576/13/2552
f 5576/13/2552 803/4/2555 3085/4/2549
f 3303/13/2554 2997/4/2556 803/4/2555
f 12/60/2557 5577/1/2558 3303/13/2554
f 3237/4/2559 3107/4/2560 5577/1/2558
f 5577/1/2558 806/4/2561 2997/4/2556
f 806/4/2561 5578/1/2562 3083/12/2563
f 3107/4/2560 3105/4/2564 5578/1/2562
f 5578/1/2562 820/5/2565 3108/1/2566
f 3083/12/2563 3108/1/2566 807/4/2567
f 807/4/2567 5579/11/2568 3084/12/2569
f 3108/1/2566 3235/4/2570 5579/11/2568
f 5579/11/2568 13/4/2571 3239/4/2572
f 3084/12/2569 3239/4/2572 805/4/2573
f 864/5/2574 5580/11/2575 2981/4/2576
f 3215/13/2577 2988/4/2578 5580/11/2575
f 5580/11/2575 845/5/2579 2990/13/2580
f 2981/4/2576 2990/13/2580 850/5/2581
f 3109/4/2582 3170/1/2583 839/12/2584
f 825/5/2585 5581/2343/2586 3109/4/2582
f 3166/2344/2587 3125/2/2588 5581/2343/2586
f 5581/2343/2586 838/5/2589 3170/1/2583
f 3110/2345/2590 3167/2346/2591 828/2347/2592
f 829/5/2593 5582/2348/2594 3110/2345/2590
f 3168/2349/2595 3078/2337/2477 5582/2348/2594
f 5582/2348/2594 810/2350/2492 3167/2346/2591
f 3109/4/2596 3081/4/2597 825/4/2598
f 839/13/2599 5583/1/2600 3109/4/2596
f 3126/4/2601 3115/4/2602 5583/1/2600
f 5583/1/2600 826/4/2603 3081/4/2597
f 3114/4/2604 3123/4/2605 829/4/2606
f 830/4/2607 5584/13/2608 3114/4/2604
f 3116/4/2609 3113/4/2610 5584/13/2608
f 5584/13/2608 836/13/2611 3123/4/2605
f 3112/4/2612 3116/4/2613 830/4/2614
f 827/5/2615 5585/4/2616 3112/4/2612
f 3119/4/2617 3117/4/2618 5585/4/2616
f 5585/4/2616 823/4/2619 3116/4/2613
f 3091/4/2620 3119/4/2617 827/5/2615
f 826/4/2621 5586/1/2622 3091/4/2620
f 3115/4/2623 3118/4/2624 5586/1/2622
f 5586/1/2622 824/4/2625 3119/4/2617
f 808/5/2626 5587/2351/2627 3129/4/2503
f 3232/4/2628 3304/2334/2472 5587/2351/2627
f 3304/2334/2472 3122/2352/2629 5587/2351/2627
f 3129/4/2503 3122/2352/2629 754/13/2504
f 825/5/2585 5588/2353/2630 3166/2344/2587
f 3111/2354/2631 3167/2346/2591 5588/2353/2630
f 5588/2353/2630 810/2350/2492 3079/2355/2491
f 3166/2344/2587 3079/2355/2491 753/2356/2632
f 835/12/2523 5589/15/2633 3128/12/2634
f 3307/4/2522 1692/4/490 5589/15/2633
f 5589/15/2633 5/4/2635 3306/12/2636
f 3128/12/2634 3306/12/2636 811/12/2637
f 3118/4/2624 3312/1/2638 824/4/2625
f 822/4/2639 5590/1/2640 3118/4/2624
f 3182/4/2641 3244/4/569 5590/1/2640
f 5590/1/2640 14/5/68 3312/1/2638
f 3313/13/2642 3284/4/2643 721/5/2644
f 823/5/2619 5591/2/2645 3313/13/2642
f 3117/4/2618 3312/4/2638 5591/2/2645
f 5591/2/2645 14/5/68 3284/4/2643
f 745/3/2240 5592/1/2646 3294/1/2241
f 3071/13/2267 3298/4/2230 5592/1/2646
f 5592/1/2646 204/4/2234 1684/4/2647
f 3294/1/2241 1684/4/2647 201/5/2242
f 872/13/2648 5593/6/2649 3316/1/2650
f 2986/10/2651 2989/16/2235 5593/6/2649
f 5593/6/2649 849/5/2237 3228/4/2652
f 3316/1/2650 3228/4/2652 700/5/2653
f 3074/4/2654 3101/4/2655 814/4/2656
f 813/4/2462 5594/4/2657 3074/4/2654
f 3103/4/2461 3097/4/2658 5594/4/2657
f 5594/4/2657 815/4/2659 3101/4/2655
f 754/15/2504 5595/2357/2660 3127/15/2520
f 3121/2358/2661 3122/2359/2629 834/2338/2478
f 3124/1/2662 3121/2358/2661 837/15/2663
f 835/12/2664 5595/2357/2660 3124/16/2662
f 3127/15/2520 3128/12/2665 811/13/2422
f 822/4/2639 5596/1/2666 3182/4/2641
f 3126/4/2667 3170/1/2583 5596/1/2666
f 5596/1/2666 838/5/2589 3090/4/2668
f 3182/4/2641 3090/4/2668 802/4/570
f 7/5/2499 5597/3/2669 3230/4/2670
f 3299/4/2501 3080/4/2439 5597/3/2669
f 3080/4/2439 3197/4/2671 5597/3/2669
f 3230/4/2670 3197/4/2671 805/5/2672
f 3004/4/2311 3209/15/2673 875/10/2312
f 747/4/2674 5598/11/2675 3004/4/2311
f 2983/4/2676 3194/4/2677 5598/11/2675
f 5598/11/2675 848/5/2678 3209/15/2673
f 3036/4/2468 3033/4/2369 780/5/2367
f 840/4/2372 5599/1/2679 3036/4/2468
f 3184/4/2374 3183/4/2680 5599/1/2679
f 5599/1/2679 778/4/2681 3033/4/2369
f 766/2320/2682 5600/2320/2683 3023/2320/2348
f 3137/2320/2684 3225/2320/2340 5600/2320/2683
f 5600/2320/2683 192/2320/2345 3223/2320/2685
f 3023/2320/2348 3223/2320/2685 763/2320/2349
f 771/497/2686 5601/498/2687 3138/498/2688
f 3024/499/2689 3025/499/2690 5601/498/2687
f 5601/498/2687 769/498/2691 3026/499/2692
f 3138/498/2688 3026/499/2692 770/497/2693
f 856/497/1704 5602/498/2694 3146/499/2695
f 3266/498/1703 3309/499/2696 5602/498/2694
f 5602/498/2694 771/497/2686 3138/502/2688
f 5602/498/2694 770/497/2693 3146/499/2695
f 3049/2360/2697 3046/2360/2697 790/2361/2697
f 787/2362/2698 5603/2362/2698 3049/2360/2697
f 3139/2362/2697 3047/2360/2698 5603/2362/2698
f 3046/2360/2697 3047/2360/2698 788/2361/2697
f 860/2362/2697 5604/2363/2697 3150/2360/2697
f 861/2362/2698 5604/2363/2697 3154/2362/2697
f 3151/2360/2697 3140/2362/2697 5604/2363/2697
f 5604/2363/2697 789/2362/2697 3150/2360/2697
f 3099/499/2699 3097/499/2700 816/498/2701
f 818/498/2702 5605/498/2703 3099/499/2699
f 3098/499/2704 3100/499/2705 5605/498/2703
f 5605/498/2703 815/498/2706 3097/499/2700
f 3139/2362/2697 3048/2360/2697 786/2362/2697
f 787/2362/2698 5606/2363/2697 3139/2362/2697
f 3050/2360/2697 3154/2362/2697 5606/2363/2697
f 5606/2363/2697 860/2362/2697 3048/2360/2697
f 798/2323/2449 5607/2320/2707 3008/2322/2708
f 3069/2320/2448 3066/2320/2709 5607/2320/2707
f 5607/2320/2707 862/2320/2710 3155/2320/2456
f 3008/2322/2708 3155/2320/2456 853/2323/2453
f 3149/9/2409 3054/8/2410 784/9/2409
f 859/29/2410 5608/8/2410 3149/9/2409
f 3156/9/2410 3150/9/2410 5608/8/2410
f 3054/8/2410 3150/9/2410 789/7/2410
f 3133/2331/2711 3053/2331/2411 775/2330/2421
f 863/2330/2380 5609/2333/2411 3133/2331/2711
f 3157/2331/2411 3050/2331/2411 5609/2333/2411
f 5609/2333/2411 787/2330/2411 3053/2331/2411
f 760/2320/2712 5610/2320/2713 3043/2320/2393
f 3039/2320/2714 3158/2320/2397 5610/2320/2713
f 5610/2320/2713 862/2320/2399 3066/2320/2715
f 3043/2320/2393 3066/2320/2715 782/2320/2394
f 775/2330/2421 5611/2333/2716 3133/2331/2711
f 3134/2331/2470 3148/2330/2364 5611/2333/2716
f 5611/2333/2716 858/2332/2366 3159/2331/2379
f 3133/2331/2711 3159/2331/2379 863/2330/2380
f 3037/28/2382 3035/8/2717 779/8/2382
f 3037/28/2382 3160/9/2365 5612/8/2717
f 5612/8/2717 857/29/2371 3147/9/2718
f 5612/8/2717 777/7/2718 3035/8/2717
f 3145/2320/19 3030/2320/19 762/2320/19
f 855/2320/2363 5613/2320/19 3145/2320/19
f 3161/2320/2363 3146/2320/19 5613/2320/19
f 5613/2320/19 770/2320/19 3030/2320/19
f 765/9/2719 5614/64/2720 3019/29/2719
f 855/29/2322 5614/64/2720 3015/28/2720
f 3162/29/2321 2995/28/2721 5614/64/2720
f 3019/29/2719 2995/28/2721 752/9/2719
f 3208/2321/2722 3199/2320/2318 873/2323/2316
f 874/2323/2274 5615/2364/2723 3208/2321/2722
f 3200/2320/2273 3131/2322/2724 5615/2364/2723
f 5615/2364/2723 759/2323/2290 3199/2320/2318
f 761/2323/2282 5616/2365/2725 3009/2322/2249
f 3011/2320/2286 3131/2322/2724 5616/2365/2725
f 5616/2365/2725 851/2323/2278 3163/2320/2253
f 3009/2322/2249 3163/2320/2253 854/2323/2250
f 2995/9/2726 2993/8/2727 752/9/2728
f 852/29/2245 5617/8/2729 2995/9/2726
f 3164/9/2244 3144/8/2252 5617/8/2729
f 5617/8/2729 751/8/2257 2993/8/2727
f 771/2320/2360 5618/2320/2730 3029/2320/2360
f 3309/2320/2730 3310/2320/2731 5618/2320/2730
f 5618/2320/2730 841/2320/2731 3137/2320/2730
f 3029/2320/2360 3137/2320/2730 766/2320/2360
f 768/9/336 5619/8/336 3311/8/336
f 3013/1847/336 3310/1847/2731 5619/8/336
f 5619/8/336 564/29/2731 2039/9/336
f 3311/8/336 2039/9/336 4/7/336
f 2954/4/2732 3305/12/2733 721/5/2644
f 735/4/2734 5620/1/2735 2954/4/2732
f 3308/12/2736 3124/15/2662 5620/1/2735
f 5620/1/2735 837/11/2663 3305/12/2733
f 866/2366/2737 5621/2367/2738 3181/2368/2739
f 3172/2368/2737 3120/2368/2740 5621/2367/2738
f 5621/2367/2738 832/2369/2741 3173/2368/2742
f 3181/2368/2739 3173/2368/2742 865/2369/2743
f 3110/2370/2744 3175/2371/2745 829/2372/2606
f 3110/2370/2744 3174/2373/2746 5622/2374/2747
f 5622/2374/2747 831/2372/2748 3141/2375/2749
f 3175/2371/2745 3141/2375/2749 833/2372/2750
f 3175/2376/2745 3114/2375/2604 829/2372/2606
f 833/2372/2750 5623/2377/2751 3175/2376/2745
f 3171/2375/2752 3178/2375/2753 5623/2377/2751
f 3114/2375/2604 3178/2375/2753 830/2378/2607
f 3171/2368/2754 3180/2368/2755 867/2369/2743
f 833/2369/2756 5624/2368/2757 3171/2368/2754
f 3141/2368/2758 3172/2368/2737 5624/2368/2757
f 5624/2368/2757 866/2366/2737 3180/2368/2755
f 3174/2373/2746 3120/2375/2759 831/2372/2748
f 828/2347/2760 5625/2379/2761 3174/2373/2746
f 3111/2380/2762 3176/2376/2763 5625/2379/2761
f 3120/2375/2759 3176/2376/2763 832/2372/2764
f 3179/2375/2765 3081/2375/2597 826/2378/2603
f 3179/2375/2765 3173/2375/2766 5626/2381/2767
f 5626/2381/2767 832/2372/2764 3176/2371/2763
f 3081/2375/2597 3176/2371/2763 825/2372/2598
f 830/2378/2614 5627/2382/2768 3112/2375/2612
f 3178/2375/2769 3180/2375/2770 5627/2382/2768
f 5627/2382/2768 866/2372/2771 3177/2383/2772
f 3112/2375/2612 3177/2383/2772 827/2372/2615
f 827/2372/2615 5628/2383/2773 3091/2375/2620
f 3177/2383/2772 3181/2375/2774 5628/2383/2773
f 5628/2383/2773 865/2378/2775 3179/2375/2776
f 3091/2375/2620 3179/2375/2776 826/2378/2621
f 834/2338/2478 5629/2384/2777 3121/2385/2661
f 829/5/2593 5629/2384/2777 3168/2349/2595
f 3123/4/2778 3169/4/2779 5629/2384/2777
f 5629/2384/2777 837/10/2663 3121/2385/2661
f 3169/4/2779 3305/4/2733 837/10/2663
f 836/12/2780 5630/1/2781 3169/4/2779
f 5630/1/2781 823/5/2619 3313/13/2642
f 5630/1/2781 721/5/2644 3305/4/2733
f 812/2386/2782 5631/2387/2783 3062/2388/2783
f 3186/2388/2784 3095/2388/2785 5631/2387/2783
f 5631/2387/2783 813/2386/2786 3185/2388/2787
f 3062/2388/2783 3185/2388/2787 776/2386/2783
f 3059/2388/2788 3186/2388/2784 812/2386/2782
f 3059/2388/2788 3187/2389/2789 5632/2387/2790
f 5632/2387/2790 793/2387/2791 3094/2388/2792
f 5632/2387/2790 795/2386/2793 3186/2388/2784
f 814/2386/2794 5633/2387/2795 3314/2388/2796
f 793/2387/2791 5633/2387/2795 3096/2388/2797
f 5633/2387/2795 811/2390/2637 3306/2388/2636
f 3314/2388/2796 3306/2388/2636 5/2386/2635
f 814/2386/2794 5634/2387/2798 3074/2388/2799
f 3314/2388/2796 3234/2388/2800 5634/2387/2798
f 3234/2388/2800 3185/2388/2787 5634/2387/2798
f 5634/2387/2798 813/2386/2786 3074/2388/2799
f 3106/4/2548 3270/4/2801 821/2342/2551
f 756/4/2550 5635/11/2802 3106/4/2548
f 3188/4/2803 3315/13/2291 5635/11/2802
f 5635/11/2802 695/5/2293 3270/4/2801
f 3189/4/2804 3003/4/2507 847/13/2511
f 869/5/2805 5636/1/2806 3189/4/2804
f 3190/2/2807 3188/4/2808 5636/1/2806
f 5636/1/2806 756/4/2508 3003/4/2507
f 805/5/2672 5637/10/2809 3076/2/2496
f 804/10/2435 5637/10/2809 3197/4/2671
f 5637/10/2809 871/3/2238 3192/1/2810
f 3076/2/2496 3192/1/2810 870/60/2497
f 2986/4/2651 3192/12/2810 871/3/2238
f 2986/4/2651 3193/12/2811 5638/11/2812
f 3193/12/2811 3087/4/2514 5638/11/2812
f 5638/11/2812 870/60/2497 3192/12/2810
f 845/5/2579 5639/11/2813 2990/1/2580
f 3196/12/2814 3316/1/2650 5639/11/2813
f 5639/11/2813 700/5/2653 3272/4/2815
f 2990/1/2580 3272/4/2815 850/5/2581
f 3008/2322/2708 3006/2320/2816 798/2323/2449
f 853/2323/2453 5640/2364/2817 3008/2322/2708
f 3005/2320/2818 3208/2321/2722 5640/2364/2817
f 5640/2364/2817 873/2323/2316 3006/2320/2816
f 3205/2326/2819 3213/2326/2820 878/2391/2821
f 843/2328/2822 5641/2392/2823 3205/2326/2819
f 3198/2326/2824 3165/2328/2264 5641/2392/2823
f 5641/2392/2823 880/2324/2263 3213/2326/2820
f 3201/4/2825 2985/12/2826 743/4/2827
f 875/10/2312 5642/15/2828 3201/4/2825
f 3209/15/2673 3198/4/2829 5642/15/2828
f 5642/15/2828 843/4/2830 2985/12/2826
f 2992/2342/2447 3202/4/2831 797/56/2231
f 798/56/2449 5643/13/2832 2992/2342/2447
f 3006/4/2816 3210/13/2313 5643/13/2832
f 5643/13/2832 876/4/2315 3202/4/2831
f 3202/4/2833 2987/4/2834 797/13/2835
f 876/4/2307 5644/3/2836 3202/4/2833
f 3211/4/2306 3201/4/2825 5644/3/2836
f 5644/3/2836 743/4/2827 2987/4/2834
f 3143/8/2455 3005/9/2818 853/2085/2453
f 799/7/2459 5645/8/2837 3143/8/2455
f 3203/7/2838 3212/8/2272 5645/8/2837
f 5645/8/2837 874/2085/2274 3005/9/2818
f 202/5/2226 5646/11/2839 3273/4/2840
f 3296/13/2224 3205/4/2819 5646/11/2839
f 5646/11/2839 878/5/2821 3215/13/2577
f 3273/4/2840 3215/13/2577 864/5/2574
f 757/4/2841 5647/2393/2842 3216/2394/2843
f 3000/4/2844 3190/2395/2807 5647/2393/2842
f 5647/2393/2842 869/2328/2805 3195/2326/2845
f 3216/2394/2843 3195/2326/2845 879/2324/2846
f 2998/2395/2847 3204/2396/2261 844/2324/2258
f 755/4/2848 5648/2397/2849 2998/2395/2847
f 2999/4/2850 3216/2394/2843 5648/2397/2849
f 5648/2397/2849 879/2324/2846 3204/2396/2261
f 3318/2398/2851 2988/2399/2578 878/2400/2821
f 3318/2398/2851 2924/2399/2852 5649/2401/2853
f 5649/2401/2853 701/2400/2854 3319/2402/2855
f 2988/2399/2578 3319/2402/2855 845/2400/2579
f 845/2400/2579 5650/2403/2856 3196/2399/2814
f 3319/2402/2855 2925/2399/2857 5650/2403/2856
f 5650/2403/2856 702/2400/2858 3320/2402/2859
f 3196/2399/2814 3320/2402/2859 872/2400/2648
f 872/2400/2648 5651/2403/2860 3193/2399/2811
f 3320/2402/2859 3317/2399/2861 5651/2403/2860
f 3317/2399/2861 3219/2402/2862 5651/2403/2860
f 5651/2403/2860 846/2400/2515 3193/2399/2811
f 3219/2402/2862 3002/2399/2512 846/2400/2515
f 881/2400/2863 5652/2403/2864 3219/2402/2862
f 3217/2399/2865 3220/2402/2866 5652/2403/2864
f 5652/2403/2864 847/2400/2511 3002/2399/2512
f 3220/2402/2866 3189/2399/2804 847/2400/2511
f 882/2400/2867 5653/2403/2868 3220/2402/2866
f 3218/2399/2869 3221/2402/2870 5653/2403/2868
f 5653/2403/2868 869/2400/2805 3189/2399/2804
f 3221/2402/2870 3195/2399/2845 869/2400/2805
f 883/2400/2871 5654/2403/2872 3221/2402/2870
f 5654/2403/2872 704/2400/2873 3321/2402/2874
f 3195/2399/2845 3321/2402/2874 879/2400/2846
f 879/2400/2846 5655/2403/2875 3214/2399/2262
f 3321/2402/2874 3276/2399/2876 5655/2403/2875
f 3276/2399/2876 3222/2402/2877 5655/2403/2875
f 3214/2399/2262 3222/2402/2877 880/2400/2263
f 3222/2402/2877 3213/2399/2820 880/2400/2263
f 884/2400/2878 5656/2403/2879 3222/2402/2877
f 3275/2399/2880 3318/2398/2851 5656/2403/2879
f 5656/2403/2879 878/2400/2821 3213/2399/2820
f 3317/2404/2881 3280/2160/2076 881/2405/2882
f 702/2406/2069 5657/2407/2883 3317/2404/2881
f 2937/2408/2068 2929/2409/2080 5657/2407/2883
f 5657/2407/2883 706/2161/2077 3280/2160/2076
f 927/1/2884 5658/2/2885 3382/2/2886
f 3417/3/2887 3390/2/2888 5658/2/2885
f 5658/2/2885 931/1/2889 3416/3/2890
f 5658/2/2885 928/1/2891 3382/2/2886
f 3461/1/2892 3465/4/2893 971/5/2894
f 957/12/2895 5659/16/2896 3461/1/2892
f 3441/1/2897 3457/4/2898 5659/16/2896
f 5659/16/2896 967/4/2899 3465/4/2893
f 1362/7/2900 5660/8/2901 4254/9/2900
f 3453/8/2901 1820/8/19 5660/8/2901
f 5660/8/2901 1/7/19 4217/9/2901
f 4254/9/2900 4217/9/2901 1369/29/2900
f 3325/13/2902 3454/4/2903 964/10/2904
f 963/5/2905 5661/1/2906 3325/13/2902
f 3372/4/2907 3446/13/2908 5661/1/2906
f 5661/1/2906 965/10/2909 3454/4/2903
f 960/5/2910 5662/1/2911 3445/4/2912
f 3397/4/2913 3479/4/2914 5662/1/2911
f 5662/1/2911 973/4/33 3395/4/2915
f 3445/4/2912 3395/4/2915 943/4/2916
f 1237/4/2917 5663/11/2918 3571/4/2919
f 3344/4/2920 3482/1/2921 5663/11/2918
f 5663/11/2918 980/12/2922 3572/4/2923
f 3571/4/2919 3572/4/2923 1238/4/2924
f 902/5/2925 5664/10/2926 3334/4/2927
f 3341/1/2928 3340/4/2929 5664/10/2926
f 5664/10/2926 898/3/2930 3333/14/2931
f 3334/4/2927 3333/14/2931 895/5/2932
f 4805/4/2933 4529/4/2933 1535/4/2933
f 947/4/2933 5665/1/2934 4805/4/2933
f 3336/4/2934 4806/4/2934 5665/1/2934
f 5665/1/2934 1534/4/2934 4529/4/2933
f 900/4/2935 5666/1/2936 3420/12/2937
f 3645/1/2938 3427/4/2939 5666/1/2936
f 5666/1/2936 896/4/2940 4469/4/2941
f 5666/1/2936 1506/13/2942 3420/12/2937
f 1533/4/2943 5667/4/2944 4822/4/2945
f 901/2342/2946 5667/4/2944 4808/4/2947
f 4822/4/2945 3342/12/2948 893/4/2949
f 3335/4/2950 3337/4/2951 949/4/2952
f 903/4/2953 5668/1/2954 3335/4/2950
f 4810/4/2955 4806/4/2956 5668/1/2954
f 5668/1/2954 948/4/2957 3337/4/2951
f 3340/4/2929 4818/16/2958 898/3/2930
f 901/2342/2946 5669/1/2959 3340/4/2929
f 4808/1/2947 4542/4/2960 5669/1/2959
f 5669/1/2959 1545/12/2961 4818/16/2958
f 903/4/2962 5670/10/2963 4819/4/2964
f 3335/4/2965 3332/4/2966 5670/10/2963
f 5670/10/2963 898/3/2930 4818/15/2958
f 4819/4/2964 4818/15/2958 1545/12/2961
f 4820/4/2967 4805/4/2968 1535/4/2969
f 4820/4/2967 3570/4/2970 5671/1/2971
f 5671/1/2971 904/13/2972 3343/1/2973
f 5671/1/2971 947/5/2974 4805/4/2968
f 3332/10/2966 3348/4/2975 898/3/2930
f 949/5/2976 5672/10/2977 3332/10/2966
f 3347/4/2978 3359/4/2979 5672/10/2977
f 5672/10/2977 907/10/2980 3348/4/2975
f 3333/14/2931 3349/4/2981 895/5/2932
f 898/3/2930 5673/3/2982 3333/14/2931
f 3348/4/2975 3360/4/2983 5673/3/2982
f 5673/3/2982 908/5/2984 3349/4/2981
f 921/10/2985 5674/16/2986 3409/6/2987
f 959/4/2988 5674/16/2986 3391/4/2989
f 4364/4/2990 4365/1/2991 5674/16/2986
f 5674/16/2986 1445/38/2992 3409/6/2987
f 919/4/2993 5675/3/2994 3363/4/2995
f 3350/4/2996 3360/4/2983 5675/3/2994
f 5675/3/2994 907/10/2980 3357/4/2997
f 3363/4/2995 3357/4/2997 920/5/2998
f 3493/4/2999 3501/4/3000 985/5/3001
f 986/10/3002 5676/10/3003 3493/4/2999
f 3500/4/3004 3351/14/3005 5676/10/3003
f 5676/10/3003 918/5/3006 3501/4/3000
f 984/1/3007 5677/2/3008 3499/2/3009
f 3489/3/3010 3503/2/3011 5677/2/3008
f 5677/2/3008 928/1/2891 3353/3/3012
f 3499/2/3009 3353/3/3012 905/1/3013
f 3405/4/3014 3408/4/3015 946/3/3016
f 3405/4/3014 3367/12/3017 5678/10/3018
f 5678/10/3018 915/12/3019 3354/13/3020
f 3408/4/3015 3354/13/3020 945/10/3021
f 920/5/2998 5679/10/3022 3364/4/3023
f 3357/4/2997 3359/4/2979 5679/10/3022
f 5679/10/3022 913/3/3024 3355/14/3025
f 3364/4/3023 3355/14/3025 917/5/3026
f 896/4/3027 5680/2/3028 4469/4/3029
f 3423/4/3030 4468/4/3031 5680/2/3028
f 5680/2/3028 1505/4/3032 4470/4/3033
f 4469/4/3029 4470/4/3033 1506/12/3034
f 3389/4/3035 3413/4/3036 934/4/3037
f 935/10/3038 5681/3/3039 3389/4/3035
f 3417/4/2887 3383/4/3040 5681/3/3039
f 3413/4/3036 3383/4/3040 929/5/3041
f 971/5/2894 5682/1/3042 3461/1/2892
f 3464/4/3043 3439/4/3044 5682/1/3042
f 5682/1/3042 926/4/3045 3440/4/3046
f 5682/1/3042 957/12/2895 3461/1/2892
f 3352/4/3047 3339/4/3048 950/4/3049
f 910/10/3050 5683/10/3051 3352/4/3047
f 5683/10/3051 913/3/3024 3347/10/2978
f 3339/4/3048 3347/10/2978 949/5/2976
f 3499/4/3009 3492/4/3052 984/10/3007
f 905/10/3013 5684/17/3053 3499/4/3009
f 3366/4/3054 3500/4/3004 5684/17/3053
f 5684/17/3053 986/10/3002 3492/4/3052
f 905/1/3013 5685/2/3055 3414/2/3056
f 3353/3/3012 3416/2/2890 5685/2/3055
f 3416/2/2890 3356/3/3057 5685/2/3055
f 3414/2/3056 3356/3/3057 911/1/3058
f 911/10/3058 5686/2410/3059 3414/4/3056
f 3368/4/3060 3415/4/3061 5686/2410/3059
f 5686/2410/3059 912/3/3062 3366/4/3054
f 3414/4/3056 3366/4/3054 905/10/3013
f 3404/15/3063 3403/4/3064 944/5/3065
f 946/3/3016 5687/3/3066 3404/15/3063
f 3408/4/3015 3407/4/3067 5687/3/3066
f 5687/3/3066 916/5/3068 3403/4/3064
f 1439/4/3069 5688/1/3070 4346/4/3071
f 4354/13/3072 4347/4/3073 5688/1/3070
f 5688/1/3070 955/4/3074 3326/4/3075
f 4346/4/3071 3326/4/3075 925/4/3076
f 931/1/2889 5689/38/3077 3356/2/3057
f 938/4/3078 5689/38/3077 3375/6/3079
f 3392/4/3080 3379/6/3081 5689/38/3077
f 5689/38/3077 911/1/3058 3356/2/3057
f 3369/4/3082 3381/4/3083 954/5/3084
f 961/4/3085 5690/1/3086 3369/4/3082
f 4340/4/3087 4339/4/3088 5690/1/3086
f 5690/1/3086 914/4/3089 3381/4/3083
f 4357/13/3090 3376/4/3091 1438/4/3092
f 1434/5/3093 5691/2/3094 4357/13/3090
f 4355/4/3095 3369/4/3082 5691/2/3094
f 5691/2/3094 954/5/3084 3376/4/3091
f 1436/4/3096 5692/13/3097 4471/4/3098
f 934/4/3099 5692/13/3097 4341/4/3100
f 4471/4/3098 3413/4/3101 929/4/3098
f 935/1/3038 5693/38/3102 3390/2/2888
f 3378/6/3103 3401/4/3104 5693/38/3102
f 5693/38/3102 938/4/3078 3375/6/3079
f 3390/2/2888 3375/6/3079 931/1/2889
f 987/2/3105 5694/3/3106 3490/4/3107
f 3504/38/3108 3383/4/3040 5694/3/3106
f 5694/3/3106 927/10/2884 3502/4/3109
f 5694/3/3106 989/10/3110 3490/4/3107
f 3384/1/3111 3343/1/2973 904/13/2972
f 930/3/3112 5695/3/3113 3384/1/3111
f 3388/4/3114 3386/4/3115 5695/3/3113
f 3343/1/2973 3386/4/3115 947/5/2974
f 3502/3/3109 3491/2/3116 989/1/3110
f 927/1/2884 5696/2/3117 3502/3/3109
f 3382/2/2886 3503/3/3011 5696/2/3117
f 5696/2/3117 988/1/3118 3491/2/3116
f 909/4/3119 5697/2/3120 3346/12/3121
f 930/11/3112 5697/2/3120 3345/4/3122
f 3346/12/3121 3384/1/3111 904/13/2972
f 3504/13/3108 4473/4/3123 929/5/3041
f 987/11/3105 5698/1/3124 3504/2/3108
f 983/4/3125 5698/1/3124 3505/1/3126
f 934/4/3037 5699/2/3127 3389/4/3035
f 3377/4/3128 3400/4/3129 5699/2/3127
f 5699/2/3127 936/4/3130 3378/4/3103
f 3389/4/3035 3378/4/3103 935/10/3038
f 3379/6/3081 3368/2/3060 911/1/3058
f 937/4/3131 5700/38/3132 3379/6/3081
f 3394/4/3133 3391/6/2989 5700/38/3132
f 5700/38/3132 921/1/2985 3368/2/3060
f 3478/2411/3134 3410/20/3135 975/22/3136
f 978/27/3137 5701/2412/3138 3478/2411/3134
f 3452/26/3139 3442/2413/3140 5701/2412/3138
f 5701/2412/3138 963/23/3141 3410/20/3135
f 66/9/264 5702/28/3142 1813/29/267
f 4215/28/266 4253/29/3143 5702/28/3142
f 5702/28/3142 1368/29/3144 4216/29/3145
f 1813/29/267 4216/29/3145 67/1847/3146
f 922/4/3147 5703/10/3148 3402/4/3149
f 4363/4/3150 4361/14/3151 5703/10/3148
f 4361/14/3151 3444/16/3152 5703/10/3148
f 3402/4/3149 3444/16/3152 941/13/3153
f 3402/1/3149 3367/12/3154 922/4/3147
f 941/13/3153 5704/1/3155 3402/1/3149
f 3411/4/3156 3371/4/3157 5704/1/3155
f 5704/1/3155 915/13/3158 3367/12/3154
f 923/30/3159 5705/2414/3160 3434/34/3161
f 3370/32/3162 3372/36/3163 5705/2414/3160
f 3372/36/3163 3442/35/3140 5705/2414/3160
f 5705/2414/3160 958/33/3164 3434/34/3161
f 3399/4/3165 4338/4/3166 1435/5/3167
f 937/4/3168 5706/2/3169 3399/4/3165
f 3392/4/3170 4359/4/3171 5706/2/3169
f 5706/2/3169 1443/5/3172 4338/4/3166
f 1485/4/3173 5707/2/3174 4434/4/3175
f 4492/4/3176 4364/4/3177 5707/2/3174
f 5707/2/3174 959/4/3178 4498/4/3179
f 4434/4/3175 4498/4/3179 1494/5/3180
f 3398/10/3181 3444/16/3152 942/2/3182
f 3398/10/3181 3445/4/2912 5708/4/3183
f 5708/4/3183 943/4/2916 3396/4/3184
f 3444/16/3152 3396/4/3184 941/13/3153
f 899/4/3185 5709/1/3186 3418/4/3187
f 3422/4/3188 3336/4/3189 5709/1/3186
f 3336/4/3189 3423/4/3030 5709/1/3186
f 5709/1/3186 896/4/3027 3418/4/3187
f 897/4/3190 5710/1/3190 3419/4/3190
f 3424/4/3190 3337/4/3190 5710/1/3190
f 5710/1/3190 948/4/3191 3422/4/3188
f 3419/4/3190 3422/4/3188 899/4/3185
f 1506/12/3034 5711/2/3192 3420/4/3193
f 4470/4/3033 3338/4/3194 5711/2/3192
f 5711/2/3192 950/4/3195 3425/4/3196
f 3420/4/3193 3425/4/3196 900/4/3190
f 3425/4/3196 3421/4/3190 900/4/3190
f 950/4/3195 5712/1/3190 3425/4/3196
f 3339/4/3190 3424/4/3190 5712/1/3190
f 5712/1/3190 897/4/3190 3421/4/3190
f 3427/4/2939 3418/4/3197 896/4/2940
f 951/13/3198 5713/1/3199 3427/4/2939
f 3426/4/3200 3429/4/3201 5713/1/3199
f 5713/1/3199 899/4/3202 3418/4/3197
f 897/4/3203 5714/11/3204 3421/4/3205
f 3428/4/3206 3426/4/3200 5714/11/3204
f 5714/11/3204 951/12/3198 3645/1/2938
f 3421/4/3205 3645/1/2938 900/4/2935
f 899/4/3202 5715/3/3207 3419/4/3207
f 3428/4/3206 3429/4/3201 952/4/3208
f 897/4/3203 5715/3/3207 3428/4/3206
f 976/4/336 5716/1/336 3477/4/336
f 3430/4/336 3326/4/3075 5716/1/336
f 5716/1/336 955/4/3074 3435/4/336
f 3477/4/336 3435/4/336 977/4/336
f 3476/4/3209 3430/4/3210 976/4/3211
f 972/4/3209 5717/4/3210 3476/4/3209
f 3374/4/3212 3432/4/3213 5717/4/3210
f 5717/4/3210 925/4/3214 3430/4/3210
f 4353/4/3215 3431/4/3216 1439/4/3217
f 1438/4/3218 5718/1/3219 4353/4/3215
f 3376/4/3220 3433/4/3221 5718/1/3219
f 5718/1/3219 926/4/3045 3431/4/3216
f 4211/9/3222 4252/9/3223 1363/29/3224
f 44/7/358 5719/8/3225 4211/9/3222
f 1737/8/357 4343/8/3226 5719/8/3225
f 5719/8/3225 1437/7/3227 4252/9/3223
f 3440/4/3046 3441/1/2897 957/12/2895
f 3440/4/3046 3433/4/3221 5720/15/3228
f 5720/15/3228 954/4/3229 3381/4/3230
f 3441/1/2897 3381/4/3230 914/5/3231
f 974/39/3232 5721/40/3233 3479/39/2914
f 3468/39/3234 4253/39/3143 5721/40/3233
f 5721/40/3233 1367/39/3235 3467/39/3236
f 3479/39/2914 3467/39/3236 973/39/33
f 3475/4/2901 3395/4/3237 973/4/2901
f 979/5/2901 5722/3/3237 3475/4/2901
f 3473/4/3237 3448/4/2904 5722/3/3237
f 5722/3/3237 943/4/3238 3395/4/3237
f 3351/14/3005 3406/4/3239 918/5/3006
f 912/3/3062 5723/6/3240 3351/14/3005
f 3362/4/3241 3404/15/3063 5723/6/3240
f 5723/6/3240 944/5/3065 3406/4/3239
f 3446/13/2908 3451/4/3242 965/10/2909
f 3446/13/2908 3370/5/3243 5724/11/3244
f 5724/11/3244 923/5/3245 3447/4/3246
f 5724/11/3244 966/4/3247 3451/4/3242
f 3449/4/3248 3411/4/3249 941/12/3250
f 965/10/2909 5725/4/3251 3449/4/3248
f 3451/4/3242 3450/4/3252 5725/4/3251
f 5725/4/3251 924/4/3252 3411/4/3249
f 970/4/3253 5726/1/3254 3439/4/3255
f 3462/4/3256 3436/4/3257 5726/1/3254
f 5726/1/3254 956/4/3258 3438/4/3259
f 3439/4/3255 3438/4/3259 926/4/3260
f 3448/4/2904 3396/12/3261 943/4/3238
f 964/10/2904 5727/3/3262 3448/4/2904
f 3454/4/2903 3449/4/3248 5727/3/3262
f 5727/3/3262 941/12/3250 3396/12/3261
f 3354/13/3020 3455/4/3263 945/10/3021
f 3354/13/3020 3371/4/3264 5728/1/3265
f 3371/4/3264 3450/4/3266 5728/1/3265
f 5728/1/3265 966/4/3267 3455/4/3263
f 3407/4/3067 3456/4/3268 916/5/3068
f 945/10/3021 5729/4/3269 3407/4/3067
f 3455/4/3263 3447/4/3270 5729/4/3269
f 5729/4/3269 923/4/3271 3456/4/3268
f 3474/4/3272 3374/4/3273 972/4/3274
f 974/4/3275 5730/1/3276 3474/4/3272
f 3397/4/3277 3373/4/3278 5730/1/3276
f 5730/1/3276 953/4/3279 3374/4/3273
f 1365/39/730 5731/41/3280 3460/39/3281
f 4251/39/3282 3459/39/3283 5731/41/3280
f 5731/41/3280 969/39/3284 3462/39/3256
f 3460/39/3281 3462/39/3256 970/39/3253
f 4472/4/3285 4471/4/3286 929/4/3287
f 1228/4/3288 5732/13/3289 4472/4/3285
f 3358/4/3290 4344/13/3291 5732/13/3289
f 5732/13/3289 1436/4/3292 4471/4/3286
f 1361/42/3293 5733/41/3294 4209/41/3295
f 4250/39/3296 3460/39/3297 5733/41/3294
f 5733/41/3294 970/39/3298 3464/39/3043
f 4209/41/3295 3464/39/3043 971/42/2894
f 4209/41/3295 4249/39/3299 1361/42/3293
f 971/42/2894 5734/41/3300 4209/41/3295
f 3465/39/2893 4208/39/3301 5734/41/3300
f 5734/41/3300 1360/39/3302 4249/39/3299
f 4248/39/3303 3466/39/3304 1366/39/3305
f 1368/39/3306 5735/40/3307 4248/39/3303
f 3468/39/3308 3474/39/3272 5735/40/3307
f 5735/40/3307 972/39/3274 3466/39/3304
f 4247/39/2900 3467/39/3309 1367/39/2900
f 1362/42/2900 5736/42/3309 4247/39/2900
f 4210/41/3309 3475/39/2901 5736/42/3309
f 5736/42/3309 973/39/2901 3467/39/3309
f 3415/4/3061 3362/4/3241 912/3/3062
f 3415/4/3061 3409/6/2987 5737/10/3310
f 5737/10/3310 1445/38/2992 4362/6/3311
f 3362/4/3241 4362/6/3311 946/3/3016
f 1370/39/3312 5738/40/3313 3470/39/3314
f 4246/39/3312 3466/39/3313 5738/40/3313
f 5738/40/3313 972/39/3209 3476/39/3209
f 3470/39/3314 3476/39/3209 976/39/3211
f 1370/39/336 5739/41/336 4245/39/336
f 3470/39/336 3477/39/336 5739/41/336
f 5739/41/336 977/39/336 3471/39/336
f 4245/39/336 3471/39/336 1371/39/336
f 1226/44/3315 5740/2415/3316 3987/47/3317
f 4477/46/3318 4799/50/3319 5740/2415/3316
f 5740/2415/3316 1580/49/3320 4833/48/3321
f 3987/47/3317 4833/48/3321 1227/2089/3322
f 964/10/2904 5741/11/3237 3325/1/2902
f 3473/13/3237 3480/4/2901 5741/11/3237
f 5741/11/3237 975/4/2901 3410/4/3323
f 3325/1/2902 3410/4/3323 963/5/2905
f 3495/4/3324 3355/14/3025 913/3/3024
f 3495/4/3324 3493/1/2999 5742/1/3325
f 5742/1/3325 985/5/3001 3496/4/3326
f 5742/1/3325 917/5/3026 3355/14/3025
f 3494/4/3327 3365/4/3328 910/10/3050
f 984/10/3007 5743/3/3329 3494/4/3327
f 3492/4/3052 3495/4/3324 5743/3/3329
f 3365/4/3328 3495/4/3324 913/3/3024
f 1378/7/3330 5744/8/3331 4226/8/3332
f 4244/9/3333 3486/9/3334 5744/8/3331
f 5744/8/3331 116/7/465 1907/8/464
f 4226/8/3332 1907/8/464 141/8/595
f 3514/4/3335 3515/2/3336 983/4/3337
f 909/4/3338 5745/4/3339 3514/4/3335
f 3528/2/3340 3526/1/3341 5745/4/3339
f 5745/4/3339 994/1/3342 3515/2/3336
f 910/1/3050 5746/2/3343 3494/2/3327
f 3361/3/3344 3487/2/3345 5746/2/3343
f 5746/2/3343 988/1/3118 3489/3/3010
f 3494/2/3327 3489/3/3010 984/1/3007
f 3481/4/3346 3388/4/3114 930/3/3112
f 987/2/3105 5747/3/3347 3481/4/3346
f 3490/4/3107 3488/4/3348 5747/3/3347
f 5747/3/3347 932/10/3349 3388/4/3114
f 3488/3/3348 3387/2/3350 932/1/3349
f 989/1/3110 5748/2/3351 3488/3/3348
f 3491/2/3116 3487/3/3345 5748/2/3351
f 3387/2/3350 3487/3/3345 933/1/3352
f 3482/4/2921 3497/4/3353 980/12/2922
f 894/4/3354 5749/1/3355 3482/4/2921
f 3331/4/3356 4476/4/3357 5749/1/3355
f 5749/1/3355 1232/4/3358 3497/4/3353
f 3507/1/3359 3509/4/3360 992/5/3361
f 3507/1/3359 3497/4/3353 5750/1/3362
f 5750/1/3362 1232/4/3358 3508/4/3363
f 3509/4/3360 3508/4/3363 1231/4/3364
f 4221/52/3365 4243/52/3366 1373/53/3367
f 992/53/3361 5751/54/3368 4221/52/3365
f 5751/54/3368 1231/53/3364 4222/52/3369
f 4243/52/3366 4222/52/3369 1374/53/3370
f 1001/13/3371 5752/16/3372 3537/11/3373
f 3529/1/3374 3507/1/3359 5752/16/3372
f 5752/16/3372 992/5/3361 3531/55/3375
f 3537/11/3373 3531/55/3375 1003/61/3376
f 983/4/3337 5753/1/3377 4473/4/3378
f 3515/4/3336 3512/4/3379 5753/1/3377
f 5753/1/3377 1230/5/3380 4474/4/3381
f 4473/4/3378 4474/4/3381 929/4/3382
f 3513/4/3383 3511/13/3384 982/5/3385
f 1229/4/3386 5754/1/3387 3513/4/3383
f 3484/4/3388 3512/13/3379 5754/1/3387
f 5754/1/3387 994/3/3342 3511/13/3384
f 998/4/3389 5755/57/3390 3518/4/3391
f 3519/1/3392 3516/57/3393 5755/57/3390
f 5755/57/3390 1229/4/3386 3513/4/3383
f 5755/57/3390 982/4/3385 3518/4/3391
f 4223/39/3394 4242/39/3395 1375/39/3396
f 1233/39/3397 5756/42/3398 4223/39/3394
f 3519/39/3392 4224/41/3399 5756/42/3398
f 5756/42/3398 1376/42/3400 4242/39/3395
f 4241/39/3401 4220/41/3402 1372/1839/3403
f 1376/42/3400 5757/2416/3404 4241/39/3401
f 4224/41/3399 3521/59/3405 5757/2416/3404
f 5757/2416/3404 991/41/3406 4220/41/3402
f 3521/1/3405 3506/1/3407 991/57/3406
f 3521/1/3405 3518/4/3391 5758/13/3408
f 3518/4/3391 3522/4/3409 5758/13/3408
f 3506/1/3407 3522/4/3409 981/2/3410
f 3524/2/3411 3483/5/3412 981/60/3410
f 3524/2/3411 4811/1/3413 5759/3/3414
f 4811/1/3413 4832/5/3415 5759/3/3414
f 5759/3/3414 1502/13/3416 3483/5/3412
f 1002/43/3417 5760/10/3418 3530/6/3419
f 3534/10/3420 3533/4/3421 5760/10/3418
f 5760/10/3418 1235/12/3422 3535/12/3423
f 3530/6/3419 3535/12/3423 1001/12/3371
f 982/5/3385 5761/3/3424 3522/4/3409
f 3525/1/3425 3523/4/3426 5761/3/3424
f 5761/3/3424 999/3/3427 3524/2/3411
f 5761/3/3424 981/60/3410 3522/4/3409
f 3526/1/3341 3511/4/3384 994/11/3342
f 1000/11/3428 5762/43/3429 3526/4/3341
f 982/5/3385 5762/43/3429 3525/1/3425
f 4811/4/3413 4821/4/3430 1551/5/3431
f 999/3/3427 5763/4/3432 4811/4/3413
f 3527/4/3433 3570/4/3434 5763/4/3432
f 5763/4/3432 1236/4/3435 4821/4/3430
f 3346/12/3436 3528/2/3340 909/4/3338
f 904/12/3437 5764/3/3438 3346/12/3436
f 3527/4/3433 3523/4/3426 5764/3/3438
f 5764/3/3438 1000/4/3428 3528/2/3340
f 4809/4/3439 4807/4/3440 1600/4/3441
f 893/4/2949 5765/2/3442 4809/4/3439
f 3342/12/2948 3341/1/2928 5765/2/3442
f 5765/2/3442 902/5/2925 4807/4/3440
f 3529/1/3374 3572/4/2923 980/13/2922
f 1001/13/3371 5766/15/3443 3529/1/3374
f 3535/12/3423 3573/12/3444 5766/15/3443
f 5766/15/3443 1238/4/2924 3572/4/2923
f 1502/12/3416 5767/13/3445 4467/4/3446
f 4462/43/3447 3536/10/3448 5767/13/3445
f 5767/13/3445 1004/13/3449 4463/57/3450
f 4467/4/3446 4463/57/3450 1503/2417/3451
f 1002/43/3417 5768/15/3452 3536/10/3448
f 3530/6/3419 3537/11/3373 5768/15/3452
f 5768/15/3452 1003/61/3376 3532/1/3453
f 3536/10/3448 3532/1/3453 1004/13/3449
f 4240/62/3454 4466/8/3455 1504/2418/3456
f 1377/65/3457 5769/65/3458 4240/62/3454
f 5769/65/3458 142/2419/589 2883/2420/3459
f 5769/65/3458 690/2421/587 4466/8/3455
f 1377/65/3457 5770/8/3460 4225/8/3461
f 4239/62/3462 4226/8/3332 5770/8/3460
f 5770/8/3460 141/8/595 1908/63/594
f 4225/8/3461 1908/63/594 142/2419/589
f 990/67/3463 5771/68/3464 3982/70/3465
f 3976/2422/3466 3986/73/3467 5771/68/3464
f 5771/68/3464 1239/72/3468 3540/2423/3469
f 3982/70/3465 3540/2423/3469 993/1382/3470
f 1379/2424/3471 5772/2425/3472 4238/2426/3473
f 3543/2427/3474 3541/2428/3475 5772/2425/3472
f 5772/2425/3472 997/80/3476 4230/79/3477
f 4238/2426/3473 4230/79/3477 1383/1837/3478
f 3978/84/3479 4237/2429/3480 1381/85/3481
f 3978/84/3479 3542/2430/3482 5773/86/3483
f 5773/86/3483 1005/94/3484 3543/2427/3474
f 4237/2429/3480 3543/2427/3474 1379/2424/3471
f 996/89/3485 5774/2431/3486 3979/92/3487
f 3984/91/3488 3541/2432/3475 5774/2431/3486
f 5774/2431/3486 1005/2433/3484 3544/93/3489
f 3979/92/3487 3544/93/3489 995/99/3490
f 968/88/3491 5775/2434/3492 3542/2430/3482
f 3977/97/3493 3983/100/3494 5775/2434/3492
f 5775/2434/3492 995/99/3490 3544/2435/3489
f 3542/2430/3482 3544/2435/3489 1005/94/3484
f 3505/1/3126 3514/4/3495 983/4/3125
f 3505/1/3126 3481/2/3346 5776/4/3496
f 5776/4/3496 930/4/3112 3345/1/3122
f 3514/4/3495 3345/1/3122 909/4/3119
f 3406/103/3497 3557/2436/3498 918/104/3499
f 944/109/3500 5777/2437/3501 3406/103/3497
f 3568/2438/3502 3567/107/3503 5777/2437/3501
f 5777/2437/3501 1016/105/3504 3557/2436/3498
f 4795/111/3505 4813/2439/3506 1603/112/3507
f 887/117/3508 5778/2440/3509 4795/111/3505
f 3558/2441/3510 3545/115/3511 5778/2440/3509
f 5778/2440/3509 1008/113/3512 4813/2439/3506
f 919/118/3513 5779/2442/3514 3560/121/3515
f 3363/120/3516 3559/2443/3517 5779/2442/3514
f 5779/2442/3514 1018/123/3518 3553/122/3519
f 3560/121/3515 3553/122/3519 1017/2444/3520
f 887/117/3508 5780/2445/3521 3558/2441/3510
f 4796/127/3522 4814/2446/3523 5780/2445/3521
f 5780/2445/3521 1010/129/3524 3546/128/3525
f 3558/2441/3510 3546/128/3525 1009/2447/3526
f 920/125/3527 5781/2448/3528 3559/2443/3517
f 3364/133/3529 3561/1803/3530 5781/2448/3528
f 5781/2448/3528 1015/135/3531 3554/134/3532
f 3559/2443/3517 3554/134/3532 1018/123/3518
f 1607/138/3533 5782/139/3534 4816/2449/3535
f 4663/140/3536 4815/144/3537 5782/139/3534
f 5782/139/3534 1007/143/3538 3548/142/3539
f 4816/2449/3535 3548/142/3539 1011/151/3540
f 4798/147/3541 3562/2450/3542 886/148/3543
f 4798/147/3541 4816/2449/3535 5783/2451/3544
f 5783/2451/3544 1011/151/3540 3549/2452/3545
f 5783/2451/3544 1006/149/3546 3562/2450/3542
f 1606/131/3547 5784/2453/3548 4814/2446/3523
f 886/148/3543 5784/2453/3548 4797/153/3549
f 3562/2450/3542 3547/154/3550 5784/2453/3548
f 4814/2446/3523 3547/154/3550 1010/129/3524
f 3564/156/3551 4461/2454/3551 1497/157/3551
f 1012/162/3551 5785/159/3551 3564/156/3551
f 5785/159/3551 1013/160/3551 3563/2455/3551
f 5785/159/3551 1496/2456/3551 4461/2454/3551
f 3563/2455/3551 4460/163/3551 1496/2456/3551
f 3563/2455/3551 3551/168/3551 5786/2457/3551
f 5786/2457/3551 1014/167/3552 3565/2458/3553
f 4460/163/3551 3565/2458/3553 1498/2459/3554
f 1498/2459/3554 5787/2460/3555 4459/2461/3556
f 3565/2458/3553 3552/174/3557 5787/2460/3555
f 5787/2460/3555 1008/173/3558 3566/172/3559
f 4459/2461/3556 3566/172/3559 1499/2462/3560
f 1009/175/3561 5788/2463/3562 3545/178/3563
f 3546/177/3564 4453/2464/3565 5788/2463/3562
f 5788/2463/3562 1499/2462/3560 3566/2465/3559
f 3545/178/3563 3566/2465/3559 1008/173/3558
f 916/183/3566 5789/2466/3567 3403/186/3568
f 3456/185/3569 3370/32/3570 5789/2466/3567
f 5789/2466/3567 962/37/3571 3568/187/3502
f 3403/186/3568 3568/187/3502 944/109/3500
f 1356/188/3572 5790/2467/3573 4206/2468/3574
f 3556/190/3575 3553/194/3576 5790/2467/3573
f 5790/2467/3573 1018/193/3577 3555/2469/3578
f 4206/2468/3574 3555/2469/3578 1355/2470/3579
f 3569/197/3580 4205/196/3581 1357/198/3582
f 1016/203/3504 5791/2471/3583 3569/197/3580
f 3567/202/3584 4197/2472/3585 5791/2471/3583
f 5791/2471/3583 1355/2470/3579 4205/196/3581
f 3626/2473/19 3599/2474/19 1031/2475/19
f 3626/2473/19 3574/210/19 5792/208/19
f 5792/208/19 160/209/19 1955/2476/19
f 5792/208/19 161/207/19 3599/2474/19
f 1026/2477/19 5793/2478/19 3574/210/19
f 3624/213/19 3575/216/19 5793/2478/19
f 5793/2478/19 163/215/19 1958/214/19
f 3574/210/19 1958/214/19 160/209/19
f 1033/218/19 5794/219/19 3601/2479/19
f 3622/2480/19 3576/2481/19 5794/219/19
f 5794/219/19 164/223/19 1959/222/19
f 3601/2479/19 1959/222/19 162/234/19
f 1035/226/19 5795/2482/19 3603/229/19
f 1031/2475/19 5795/2482/19 3620/2483/19
f 3599/2474/19 1956/230/19 5795/2482/19
f 3603/229/19 1956/230/19 159/317/19
f 1028/217/19 5796/231/19 3575/216/19
f 3618/232/19 3601/2479/19 5796/231/19
f 5796/231/19 162/234/19 1957/233/19
f 3575/216/19 1957/233/19 163/215/19
f 902/235/19 5797/2484/19 3579/2485/19
f 3334/237/19 3577/241/19 5797/2484/19
f 5797/2484/19 1023/240/19 3583/239/19
f 3579/2485/19 3583/239/19 1021/2486/19
f 4695/244/19 4824/2487/19 1560/245/19
f 1636/250/19 5798/2488/19 4695/244/19
f 4823/2489/19 3584/357/19 5798/2488/19
f 5798/2488/19 1024/246/19 4824/2487/19
f 895/242/19 5799/2490/19 3577/241/19
f 3349/252/19 3580/2491/19 5799/2490/19
f 5799/2490/19 1022/2492/19 3585/253/19
f 3577/241/19 3585/253/19 1023/240/19
f 4807/258/19 4825/2493/19 1600/259/19
f 4807/258/19 3579/2485/19 5800/2494/19
f 5800/2494/19 1021/2486/19 3586/2495/19
f 4825/2493/19 3586/2495/19 1019/2496/19
f 4660/263/19 4823/2489/19 1636/250/19
f 1600/259/19 5801/2497/19 4660/263/19
f 4825/2493/19 3587/2498/19 5801/2497/19
f 5801/2497/19 1020/264/19 4823/2489/19
f 908/256/19 5802/267/19 3580/2491/19
f 919/118/19 5802/267/19 3350/268/19
f 5802/267/19 1017/270/19 3588/269/19
f 3580/2491/19 3588/269/19 1022/2492/19
f 3597/2499/19 3616/2500/19 1029/2501/19
f 1022/2502/19 5803/2503/19 3597/2499/19
f 3588/269/19 3605/397/3586 5803/2503/19
f 5803/2503/19 1037/2504/3587 3616/2500/19
f 1560/245/19 5804/2505/19 4662/281/19
f 4824/280/19 3590/2506/19 5804/2505/19
f 5804/2505/19 1007/282/19 4815/144/19
f 4662/281/19 4815/144/19 1599/145/19
f 3607/286/19 3614/2507/19 1039/305/19
f 3607/286/19 3590/291/19 5805/289/19
f 5805/289/19 1024/246/19 3582/2508/19
f 3614/2507/19 3582/2508/19 1036/2509/19
f 1501/2510/19 5806/2511/19 4458/2512/19
f 4455/294/19 3591/2513/19 5806/2511/19
f 5806/2511/19 172/297/19 2873/296/19
f 4458/2512/19 2873/296/19 686/2071/19
f 1497/300/19 5807/301/19 4457/2514/19
f 4451/302/19 3607/2515/19 5807/301/19
f 5807/301/19 1039/287/19 4454/304/19
f 4457/2514/19 4454/304/19 1500/2516/19
f 1500/2516/19 5808/2517/19 4456/2518/19
f 4454/2519/19 3608/313/19 5808/2517/19
f 5808/2517/19 1040/312/19 4455/2520/19
f 4456/2518/19 4455/2520/19 1501/2521/19
f 3591/2522/19 1979/315/19 172/297/19
f 1040/299/19 5809/2523/19 3591/2522/19
f 3613/2524/19 3603/319/19 5809/2523/19
f 5809/2523/19 159/317/19 1979/315/19
f 3608/313/19 3613/2525/19 1040/312/19
f 1039/314/19 5810/2526/19 3608/313/19
f 3614/2527/19 3604/363/19 5810/2526/19
f 5810/2526/19 1035/2528/19 3613/2525/19
f 164/223/19 5811/2529/19 1976/332/19
f 3576/2481/19 3615/339/19 5811/2529/19
f 5811/2529/19 1038/2530/3588 3589/2531/739
f 5811/2529/19 171/331/723 1976/332/19
f 1030/374/19 5812/337/19 3615/339/19
f 3598/375/19 3616/271/19 5812/337/19
f 3616/271/19 3606/2532/3589 5812/337/19
f 3615/339/19 3606/2532/3589 1038/2530/3588
f 1021/2533/19 5813/2534/19 3595/345/19
f 3583/2535/19 3581/2536/19 5813/2534/19
f 5813/2534/19 1034/347/19 3617/346/19
f 3595/345/19 3617/346/19 1027/350/19
f 1027/350/19 5814/2537/19 3596/352/19
f 3617/346/19 3602/2538/19 5814/2537/19
f 5814/2537/19 1033/354/19 3618/353/19
f 3596/352/19 3618/353/19 1028/2539/19
f 3584/357/19 3582/2540/19 1024/2541/19
f 1020/2542/19 5815/2543/19 3584/357/19
f 3578/2544/19 3619/2545/19 5815/2543/19
f 5815/2543/19 1036/2546/19 3582/2540/19
f 3619/2545/19 3604/2547/19 1036/2546/19
f 1032/2548/19 5816/2549/19 3619/2545/19
f 3600/2550/19 3620/228/19 5816/2549/19
f 3604/2547/19 3620/228/19 1035/2551/19
f 1023/349/19 5817/2552/19 3581/2536/19
f 3585/2553/19 3597/2554/19 5817/2552/19
f 5817/2552/19 1029/341/19 3621/2555/19
f 3581/2536/19 3621/2555/19 1034/347/19
f 1034/347/19 5818/2556/19 3602/2538/19
f 3621/2555/19 3598/2557/19 5818/2556/19
f 5818/2556/19 1030/2558/19 3622/2559/19
f 3602/2538/19 3622/2559/19 1033/354/19
f 1019/2560/19 5819/2561/19 3593/2562/19
f 3586/2563/19 3595/345/19 5819/2561/19
f 5819/2561/19 1027/350/19 3623/2564/19
f 3593/2562/19 3623/2564/19 1025/2565/19
f 1025/2565/19 5820/2566/19 3594/2567/19
f 3623/2564/19 3596/352/19 5820/2566/19
f 5820/2566/19 1028/2539/19 3624/2568/19
f 3594/2567/19 3624/2568/19 1026/2569/19
f 3587/2570/19 3578/2544/19 1020/2542/19
f 1019/2560/19 5821/2571/19 3587/2570/19
f 5821/2571/19 1025/2565/19 3625/2572/19
f 5821/2571/19 1032/2548/19 3578/2544/19
f 3625/2572/19 3600/2550/19 1032/2548/19
f 3625/2572/19 3594/2567/19 5822/2573/19
f 5822/2573/19 1026/2569/19 3626/2574/19
f 5822/2573/19 1031/2575/19 3600/2550/19
f 1358/2576/3590 5823/2577/3591 4204/2578/3592
f 3627/2579/3593 3605/276/3586 5823/2577/3591
f 5823/2577/3591 1017/270/19 3556/396/410
f 4204/2578/3592 3556/396/410 1356/2580/3594
f 1359/2581/3595 5824/2582/3596 4203/401/3597
f 3628/2583/3598 3606/2584/3589 5824/2582/3596
f 5824/2582/3596 1037/2585/3587 3627/2586/3593
f 4203/401/3597 3627/2586/3593 1358/2587/3590
f 543/406/735 5825/2588/3599 4202/2589/3600
f 2018/408/737 3589/412/739 5825/2588/3599
f 5825/2588/3599 1038/333/3588 3628/410/3598
f 4202/2589/3600 3628/410/3598 1359/398/3595
f 3327/9/3601 1690/66/740 2/9/742
f 1043/29/3602 5826/8/3603 3327/9/3601
f 4790/9/3604 4801/9/3605 5826/8/3603
f 5826/8/3603 11/7/743 1690/66/740
f 3643/2590/19 2020/413/19 198/415/19
f 1047/2591/19 5827/2592/19 3643/2590/19
f 3629/2593/19 3592/2594/19 5827/2592/19
f 5827/2592/19 173/416/19 2020/413/19
f 1509/2595/19 5828/2596/19 4483/424/19
f 4835/423/19 4826/427/19 5828/2596/19
f 5828/2596/19 888/426/19 3630/2597/19
f 4483/424/19 3630/2597/19 1508/2598/19
f 3642/2599/19 3640/2600/19 1049/474/19
f 1048/436/19 5829/2601/19 3642/2599/19
f 3631/2602/19 3609/434/19 5829/2601/19
f 5829/2601/19 1041/2603/19 3640/2600/19
f 4482/2604/19 4478/2605/19 1508/2606/19
f 1510/444/19 5830/2607/19 4482/2604/19
f 3634/2608/19 3635/2609/19 5830/2607/19
f 5830/2607/19 1045/2610/19 4478/2605/19
f 1047/445/19 5831/2611/19 3641/448/19
f 3638/2612/19 3636/450/19 5831/2611/19
f 5831/2611/19 1045/2613/19 3633/2614/19
f 3641/448/19 3633/2614/19 1049/431/19
f 4481/2615/19 2024/452/19 698/454/19
f 1509/2616/19 5832/2617/19 4481/2615/19
f 3632/458/19 3637/2618/19 5832/2617/19
f 5832/2617/19 194/455/19 2024/452/19
f 4480/2619/19 3634/2620/19 1510/2621/19
f 1507/466/19 5833/2622/19 4480/2619/19
f 4834/465/19 4827/464/19 5833/2622/19
f 5833/2622/19 1046/2623/19 3634/2620/19
f 1042/2624/19 5834/2625/19 3610/2626/19
f 3629/2627/19 3641/448/19 5834/2625/19
f 5834/2625/19 1049/431/19 3640/471/19
f 3610/2626/19 3640/471/19 1041/2628/19
f 3635/2609/19 3633/473/19 1045/2610/19
f 1046/2629/19 5835/2630/19 3635/2609/19
f 3639/2631/19 3642/2632/19 5835/2630/19
f 5835/2630/19 1049/431/19 3633/473/19
f 3637/2618/19 2031/479/19 194/455/19
f 1044/2633/19 5836/2634/19 3637/2618/19
f 3638/481/19 3643/2590/19 5836/2634/19
f 5836/2634/19 198/415/19 2031/479/19
f 3644/2635/19 4803/483/19 891/485/19
f 1048/490/19 5837/2636/19 3644/2635/19
f 3639/2637/19 4827/2638/19 5837/2636/19
f 5837/2636/19 1619/486/19 4803/483/19
f 4817/492/19 4802/491/19 1617/493/19
f 1012/496/19 5838/2639/19 4817/492/19
f 3631/2602/19 3644/2635/19 5838/2639/19
f 5838/2639/19 891/485/19 4802/491/19
f 1440/497/3606 5839/501/3607 4352/498/3608
f 3437/499/3609 3436/499/3610 5839/501/3607
f 3436/499/3610 3647/502/3611 5839/501/3607
f 5839/501/3607 1441/501/3612 4352/498/3608
f 1442/500/3613 5840/498/3614 4349/498/3615
f 4351/498/3616 2042/498/762 5840/498/3614
f 5840/498/3614 84/497/761 4219/499/3617
f 4349/498/3615 4219/499/3617 1371/497/3618
f 3648/504/3619 3650/503/3620 1070/505/3619
f 1054/510/3619 5841/2640/3620 3648/504/3619
f 3649/509/3620 3651/506/3621 5841/2640/3620
f 3650/503/3620 3651/506/3621 1071/511/3621
f 1071/511/3621 5842/512/3622 3653/514/3622
f 3651/506/3621 3652/516/3622 5842/512/3622
f 5842/512/3622 1058/2641/3623 3654/515/3623
f 3653/514/3622 3654/515/3623 1072/513/3623
f 3654/518/3623 3656/517/3624 1072/519/3623
f 1058/523/3623 5843/2642/3624 3654/518/3623
f 5843/2642/3624 1060/529/3625 3657/2643/3625
f 5843/2642/3624 1073/524/3625 3656/517/3624
f 1073/524/3625 5844/2644/3626 3659/526/3626
f 3657/2643/3625 3658/528/3626 5844/2644/3626
f 5844/2644/3626 1062/2645/3627 3660/527/3627
f 3659/526/3626 3660/527/3627 1074/2646/3627
f 3660/531/3627 3662/530/3628 1074/532/3627
f 1062/537/3627 5845/2647/3628 3660/531/3627
f 3661/536/3628 3663/535/3629 5845/2647/3628
f 5845/2647/3628 1075/533/3629 3662/530/3628
f 1075/533/3629 5846/2648/3630 3665/540/3630
f 3663/535/3629 3664/542/3630 5846/2648/3630
f 3664/542/3630 3666/541/3631 5846/2648/3630
f 3665/540/3630 3666/541/3631 1076/539/3631
f 3666/545/3631 3668/544/3632 1076/546/3631
f 1066/551/3631 5847/2649/3632 3666/545/3631
f 5847/2649/3632 1068/549/3633 3669/612/3633
f 5847/2649/3632 1077/611/3633 3668/544/3632
f 1055/552/781 5848/2650/780 3680/2651/780
f 1069/558/780 5848/2650/780 3679/554/780
f 3687/2652/780 3671/556/780 5848/2650/780
f 3680/2651/780 3671/556/780 1070/565/780
f 1055/552/781 5849/559/780 3672/562/780
f 3680/555/780 3650/564/780 5849/559/780
f 3650/564/780 3681/2653/780 5849/559/780
f 5849/559/780 1057/561/780 3672/562/780
f 1055/566/3627 5850/2654/3626 3679/570/3626
f 1087/573/3634 5850/2654/3626 3697/568/3634
f 5850/2654/3626 1093/650/3635 3696/571/3635
f 3679/570/3626 3696/571/3635 1069/569/3625
f 1057/561/780 5851/2655/780 3673/576/785
f 3681/2653/780 3653/578/780 5851/2655/780
f 3653/578/780 3682/2656/780 5851/2655/780
f 5851/2655/780 1059/575/780 3673/576/785
f 1059/575/780 5852/2657/780 3674/582/780
f 3682/2656/780 3656/584/780 5852/2657/780
f 3656/584/780 3683/2658/780 5852/2657/780
f 5852/2657/780 1061/581/780 3674/582/780
f 1061/581/780 5853/2659/784 3675/588/784
f 3683/2658/780 3659/590/780 5853/2659/784
f 3659/590/780 3684/2660/780 5853/2659/784
f 5853/2659/784 1063/587/780 3675/588/784
f 1063/587/780 5854/2661/780 3676/594/780
f 3684/2660/780 3662/596/780 5854/2661/780
f 3662/596/780 3685/595/780 5854/2661/780
f 5854/2661/780 1065/593/780 3676/594/780
f 1065/593/780 5855/598/780 3677/600/783
f 3685/595/780 3665/602/780 5855/598/780
f 3665/602/780 3686/2662/780 5855/598/780
f 5855/598/780 1067/599/780 3677/600/783
f 1067/599/780 5856/2663/780 3678/605/780
f 3686/2662/780 3668/607/780 5856/2663/780
f 3668/607/780 3687/2664/780 5856/2663/780
f 5856/2663/780 1069/558/780 3678/605/780
f 3670/610/3636 3669/2665/3633 1068/549/3633
f 1054/615/3619 5857/2666/3636 3670/610/3636
f 3648/614/3619 3671/613/3636 5857/2666/3636
f 3669/2665/3633 3671/613/3636 1077/611/3633
f 1119/616/3637 5858/617/3638 3783/2667/3639
f 3801/2668/3640 3800/960/3641 1135/623/780
f 1125/619/3642 5858/617/3638 3801/2669/3640
f 3699/625/3623 3677/624/3622 1067/626/3643
f 1092/630/3623 5859/2670/3622 3699/625/3623
f 3693/629/3622 3698/2671/3621 5859/2670/3622
f 3677/624/3622 3698/2671/3621 1065/651/3644
f 1063/631/3645 5860/2672/3636 3675/634/3636
f 1090/637/3619 5860/2672/3636 3701/633/3645
f 3691/636/3636 3700/2673/3633 5860/2672/3636
f 3675/634/3636 3700/2673/3633 1061/657/3646
f 1059/638/3647 5861/2674/3630 3673/641/3648
f 1088/644/3631 5861/2674/3630 3703/640/3631
f 5861/2674/3630 1086/668/3629 3702/2675/3629
f 3673/641/3648 3702/2675/3629 1057/664/3629
f 3696/571/3635 3678/647/3624 1069/569/3625
f 3696/571/3635 3694/649/3624 5862/2676/3624
f 5862/2676/3624 1092/648/3623 3699/2677/3623
f 5862/2676/3624 1067/646/3643 3678/647/3624
f 1065/651/3644 5863/2678/3620 3676/653/3620
f 1091/656/3621 5863/2678/3620 3698/2671/3621
f 3692/655/3649 3701/654/3645 5863/2678/3620
f 3676/653/3620 3701/654/3645 1063/821/3645
f 1061/657/3646 5864/2679/3632 3674/659/3632
f 1089/662/3633 5864/2679/3632 3700/2673/3633
f 3690/661/3632 3703/660/3631 5864/2679/3632
f 3674/659/3632 3703/660/3631 1059/2680/3647
f 3702/2675/3629 3672/663/3628 1057/664/3629
f 3702/2675/3629 3688/667/3650 5865/2681/3650
f 3688/667/3650 3697/665/3634 5865/2681/3650
f 5865/2681/3650 1055/828/3627 3672/663/3628
f 1079/669/3637 5866/2682/3651 3704/673/3652
f 3712/2683/3653 3688/675/3651 5866/2682/3651
f 3688/675/3651 3713/2684/3654 5866/2682/3651
f 5866/2682/3651 1078/672/3655 3704/673/3652
f 1078/672/3655 5867/2685/3656 3705/679/3657
f 3713/2684/3654 3689/681/3656 5867/2685/3656
f 3689/681/3656 3714/2686/3658 5867/2685/3656
f 5867/2685/3656 1080/678/3659 3705/679/3657
f 1080/678/3659 5868/2687/3660 3706/685/3661
f 3714/2686/3658 3690/687/3660 5868/2687/3660
f 3690/687/3660 3715/686/3662 5868/2687/3660
f 5868/2687/3660 1081/684/3663 3706/685/3661
f 1081/684/3663 5869/689/3664 3707/691/3665
f 3715/686/3662 3691/693/3664 5869/689/3664
f 3691/693/3664 3716/2688/3666 5869/689/3664
f 5869/689/3664 1082/690/3667 3707/691/3665
f 1082/690/3667 5870/2689/3668 3708/697/3669
f 3716/2688/3666 3692/699/3668 5870/2689/3668
f 3692/699/3668 3717/698/3670 5870/2689/3668
f 5870/2689/3668 1083/696/3671 3708/697/3669
f 1083/696/3671 5871/2690/3672 3709/703/3673
f 3717/698/3670 3693/705/3672 5871/2690/3672
f 3693/705/3672 3718/2691/3674 5871/2690/3672
f 5871/2690/3672 1084/702/3675 3709/703/3673
f 1084/702/3675 5872/707/3676 3710/709/3677
f 3718/2691/3674 3694/711/3676 5872/707/3676
f 3694/711/3676 3719/2692/3678 5872/707/3676
f 5872/707/3676 1085/708/3679 3710/709/3677
f 1085/708/3679 5873/2693/3680 3711/714/3639
f 3719/2692/3678 3695/715/3680 5873/2693/3680
f 3695/715/3680 3712/2683/3653 5873/2693/3680
f 5873/2693/3680 1079/669/3637 3711/714/3639
f 3720/504/3619 3722/503/3620 1110/505/3619
f 1094/510/3619 5874/2640/3620 3720/504/3619
f 3721/509/3620 3723/506/3621 5874/2640/3620
f 3722/503/3620 3723/506/3621 1111/511/3621
f 1111/511/3621 5875/512/3622 3725/514/3622
f 3723/506/3621 3724/516/3622 5875/512/3622
f 5875/512/3622 1098/2641/3623 3726/515/3623
f 3725/514/3622 3726/515/3623 1112/513/3623
f 3726/718/3623 3728/717/3624 1112/719/3623
f 1098/723/3623 5876/2694/3624 3726/718/3623
f 5876/2694/3624 1100/729/3625 3729/2695/3625
f 3728/717/3624 3729/2695/3625 1113/724/3625
f 1113/724/3625 5877/2696/3626 3731/726/3626
f 3729/2695/3625 3730/728/3626 5877/2696/3626
f 5877/2696/3626 1102/2697/3627 3732/727/3627
f 5877/2696/3626 1114/2698/3634 3731/726/3626
f 3732/531/3627 3734/530/3628 1114/532/3634
f 1102/537/3627 5878/2647/3628 3732/531/3627
f 3733/536/3628 3735/535/3629 5878/2647/3628
f 5878/2647/3628 1115/533/3629 3734/530/3628
f 1115/533/3629 5879/2648/3630 3737/540/3630
f 3735/535/3629 3736/542/3630 5879/2648/3630
f 5879/2648/3630 1106/2699/3631 3738/541/3631
f 3737/540/3630 3738/541/3631 1116/539/3631
f 3738/731/3631 3740/730/3632 1116/732/3631
f 1106/737/3631 5880/2700/3632 3738/731/3631
f 3739/736/3632 3741/795/3633 5880/2700/3632
f 5880/2700/3632 1117/2701/3633 3740/730/3632
f 1095/738/780 5881/2702/780 3752/746/780
f 1109/744/780 5881/2702/780 3751/740/780
f 3759/2703/780 3743/742/780 5881/2702/780
f 3752/746/780 3743/742/780 1110/751/784
f 1095/738/780 5882/2704/780 3744/748/784
f 3752/2705/780 3722/750/781 5882/2704/780
f 3722/750/781 3753/2706/780 5882/2704/780
f 5882/2704/780 1097/747/780 3744/748/784
f 3769/753/3627 3751/752/3626 1095/754/3627
f 3769/753/3627 3767/758/3626 5883/2707/3626
f 5883/2707/3626 1133/757/3635 3768/2708/3625
f 5883/2707/3626 1109/813/3681 3751/752/3626
f 1097/747/780 5884/2709/780 3745/762/785
f 3753/2706/780 3725/764/780 5884/2709/780
f 3725/764/780 3754/763/780 5884/2709/780
f 5884/2709/780 1099/761/780 3745/762/785
f 1099/761/780 5885/2710/780 3746/768/780
f 3754/763/780 3728/770/780 5885/2710/780
f 3728/770/780 3755/2711/780 5885/2710/780
f 5885/2710/780 1101/767/780 3746/768/780
f 1101/767/780 5886/772/780 3747/773/780
f 3755/2711/780 3731/776/780 5886/772/780
f 5886/772/780 1114/775/780 3756/2712/780
f 3747/773/780 3756/2712/780 1103/778/780
f 1103/778/780 5887/2713/780 3748/780/780
f 3756/2712/780 3734/783/780 5887/2713/780
f 5887/2713/780 1115/782/780 3757/781/780
f 3748/780/780 3757/781/780 1105/785/780
f 3757/781/780 3749/784/783 1105/785/780
f 1115/782/780 5888/2714/780 3757/781/780
f 3737/789/785 3758/2715/780 5888/2714/780
f 5888/2714/780 1107/786/780 3749/784/783
f 3758/2715/780 3750/790/780 1107/786/780
f 1116/794/780 5889/2716/780 3758/2715/780
f 3740/793/780 3759/743/780 5889/2716/780
f 5889/2716/780 1109/744/780 3750/790/780
f 1108/735/3633 5890/2717/3636 3741/2718/3633
f 1094/801/3619 5890/2717/3636 3742/796/3636
f 3720/800/3619 3743/797/3636 5890/2717/3636
f 5890/2717/3636 1117/2701/3633 3741/2718/3633
f 1107/626/3682 5891/2719/3683 3749/803/3684
f 3771/625/3685 3765/629/3686 5891/2719/3683
f 5891/2719/3683 1131/656/3687 3770/2720/3688
f 3749/803/3684 3770/2720/3688 1105/820/3689
f 3773/806/3690 3747/805/3691 1103/807/3692
f 1130/812/3693 5892/2721/3694 3773/806/3690
f 3763/811/3695 3772/810/3633 5892/2721/3694
f 5892/2721/3694 1101/808/3696 3747/805/3691
f 1099/638/3631 5893/2674/3630 3745/641/3648
f 1128/644/3631 5893/2674/3630 3775/640/3631
f 5893/2674/3630 1126/668/3697 3774/2675/3629
f 3745/641/3648 3774/2675/3629 1097/664/3698
f 1109/813/3681 5894/2722/3699 3750/815/3700
f 3768/2708/3625 3766/818/3701 5894/2722/3699
f 5894/2722/3699 1132/817/3702 3771/816/3685
f 3750/815/3700 3771/816/3685 1107/2723/3682
f 3770/2720/3688 3748/819/3703 1105/820/3689
f 1131/656/3687 5895/2724/3704 3770/2720/3688
f 3764/655/3705 3773/654/3690 5895/2724/3704
f 5895/2724/3704 1103/821/3692 3748/819/3703
f 1101/808/3696 5896/2725/3632 3746/824/3632
f 1129/827/3633 5896/2725/3632 3772/810/3633
f 3762/826/3632 3775/825/3631 5896/2725/3632
f 3746/824/3632 3775/825/3631 1099/2726/3631
f 3774/2675/3629 3744/663/3628 1097/664/3698
f 3774/2675/3629 3760/667/3628 5897/2681/3628
f 5897/2681/3628 1127/829/3634 3769/665/3627
f 5897/2681/3628 1095/828/3627 3744/663/3628
f 1119/830/3637 5898/831/3651 3776/834/3652
f 3784/832/3653 3760/836/3651 5898/831/3651
f 3760/836/3651 3785/2727/3654 5898/831/3651
f 5898/831/3651 1118/833/3706 3776/834/3652
f 1118/833/3706 5899/2728/3656 3777/840/3657
f 3785/2727/3654 3761/842/3656 5899/2728/3656
f 3761/842/3656 3786/841/3658 5899/2728/3656
f 5899/2728/3656 1120/839/3659 3777/840/3657
f 1120/839/3659 5900/2729/3660 3778/846/3661
f 3786/841/3658 3762/848/3660 5900/2729/3660
f 3762/848/3660 3787/2730/3662 5900/2729/3660
f 5900/2729/3660 1121/845/3663 3778/846/3661
f 1121/845/3663 5901/2731/3664 3779/852/3665
f 3787/2730/3662 3763/854/3664 5901/2731/3664
f 3763/854/3664 3788/2732/3666 5901/2731/3664
f 5901/2731/3664 1122/851/3667 3779/852/3665
f 1122/851/3667 5902/856/3668 3780/858/3669
f 3788/2732/3666 3764/860/3668 5902/856/3668
f 3764/860/3668 3789/859/3670 5902/856/3668
f 5902/856/3668 1123/857/3707 3780/858/3669
f 1123/857/3707 5903/2733/3672 3781/864/3673
f 3789/859/3670 3765/866/3672 5903/2733/3672
f 3765/866/3672 3790/2734/3674 5903/2733/3672
f 5903/2733/3672 1124/863/3675 3781/864/3673
f 1124/863/3675 5904/868/3676 3782/870/3677
f 3790/2734/3674 3766/872/3676 5904/868/3676
f 3766/872/3676 3791/2735/3678 5904/868/3676
f 5904/868/3676 1125/869/3642 3782/870/3677
f 1125/869/3642 5905/2736/3680 3783/875/3639
f 3791/2735/3678 3767/876/3680 5905/2736/3680
f 3767/876/3680 3784/832/3653 5905/2736/3680
f 5905/2736/3680 1119/830/3637 3783/875/3639
f 1079/878/3637 5906/879/3638 3711/714/3639
f 3793/2737/3708 3792/883/3641 1134/2738/780
f 1085/881/3679 5906/879/3638 3793/884/3708
f 1085/886/3679 5907/887/3709 3710/2739/3677
f 3794/892/3710 3793/884/3708 1134/2738/780
f 1084/888/3675 5907/887/3709 3794/2740/3710
f 1084/888/3675 5908/891/3711 3709/894/3673
f 3795/898/3712 3794/890/3710 1134/2738/780
f 1083/893/3671 5908/891/3711 3795/898/3712
f 1083/893/3671 5909/897/3713 3708/2741/3669
f 3796/2742/3714 3795/2743/3712 1134/2738/780
f 1082/899/3667 5909/897/3713 3796/2744/3714
f 1082/899/3667 5910/903/3715 3707/906/3665
f 3797/2745/3716 3796/2746/3714 1134/2738/780
f 1081/905/3663 5910/903/3715 3797/2747/3716
f 1081/908/3663 5911/909/3717 3706/685/3661
f 3798/2748/3718 3797/2745/3716 1134/2738/780
f 1080/911/3659 5911/909/3717 3798/915/3718
f 1080/678/3659 5912/914/3719 3705/917/3657
f 3799/2749/3720 3798/2750/3718 1134/2738/780
f 1078/916/3655 5912/914/3719 3799/919/3720
f 1078/916/3655 5913/920/3721 3704/2751/3652
f 3792/883/3641 3799/2749/3720 1134/2738/780
f 1079/878/3637 5913/920/3721 3792/922/3641
f 1125/923/3642 5914/924/3709 3782/2752/3677
f 3802/930/3710 3801/925/3640 1135/623/780
f 1124/926/3675 5914/924/3709 3802/2753/3710
f 1124/926/3675 5915/929/3711 3781/932/3673
f 3803/939/3712 3802/2754/3710 1135/623/780
f 1123/931/3707 5915/929/3711 3803/939/3712
f 1123/931/3707 5916/935/3713 3780/2755/3669
f 3804/2756/3714 3803/2757/3712 1135/623/780
f 1122/937/3667 5916/935/3713 3804/2758/3714
f 1122/937/3667 5917/941/3715 3779/2759/3665
f 3805/945/3716 3804/942/3714 1135/623/780
f 1121/943/3663 5917/941/3715 3805/2760/3716
f 1121/946/3663 5918/947/3717 3778/846/3661
f 3806/2761/3718 3805/945/3716 1135/623/780
f 1120/949/3659 5918/947/3717 3806/953/3718
f 1120/949/3659 5919/952/3719 3777/2762/3657
f 3807/2763/3720 3806/2764/3718 1135/623/780
f 1118/954/3706 5919/952/3719 3807/956/3720
f 1118/954/3706 5920/957/3721 3776/2765/3652
f 3800/621/3641 3807/2763/3720 1135/623/780
f 1119/616/3637 5920/957/3721 3800/621/3641
f 3856/962/3722 3821/2766/3723 1160/963/3724
f 1162/968/3725 5921/965/3726 3856/962/3722
f 3855/967/3727 3857/966/3728 5921/965/3726
f 5921/965/3726 1159/964/3729 3821/2766/3723
f 1153/969/3730 5922/2767/3731 3833/2768/3732
f 3840/971/3733 3808/2769/3734 5922/2767/3731
f 5922/2767/3731 1136/2770/3735 3841/973/3736
f 3833/2768/3732 3841/973/3736 1152/2771/3737
f 1152/977/3737 5923/2772/3738 3832/2773/3739
f 3838/982/3740 3841/2774/3736 1136/2775/3735
f 1151/2776/3741 5923/2772/3738 3838/982/3740
f 3853/984/3742 3843/983/3743 1158/985/3744
f 1160/963/3724 5924/2777/3745 3853/984/3742
f 3821/2766/3723 3854/988/3746 5924/2777/3745
f 5924/2777/3745 1157/986/3747 3843/983/3743
f 1137/976/3748 5925/2778/3749 3808/2769/3734
f 3811/990/3750 3809/2779/3751 5925/2778/3749
f 5925/2778/3749 1138/2780/3752 3812/2781/3753
f 3808/2769/3734 3812/2781/3753 1136/2770/3735
f 1136/2782/3735 5926/2783/3754 3838/2784/3740
f 1138/2780/3752 5926/2783/3754 3812/2785/3753
f 3838/2784/3740 3842/2786/3755 1151/2776/3741
f 1156/1001/3756 5927/2787/3757 3850/1004/3758
f 1158/1008/3744 5927/2787/3757 3839/1003/3759
f 5927/2787/3757 1157/1006/3747 3837/1005/3760
f 3850/1004/3758 3837/1005/3760 1155/2788/3761
f 3814/1009/3762 3809/2779/3751 1139/994/3763
f 1141/1013/3764 5928/1010/3765 3814/1009/3762
f 3813/2789/3766 3815/1023/3767 5928/1010/3765
f 5928/1010/3765 1138/2780/3752 3809/2779/3751
f 1139/1014/3768 5929/1015/3769 3814/1017/3770
f 3869/2790/3771 3837/1020/3772 5929/1015/3769
f 5929/1015/3769 1157/1019/3773 3820/1018/3774
f 3814/1017/3770 3820/1018/3774 1141/1097/3775
f 1138/2791/3752 5930/1022/3776 3842/1000/3755
f 1140/2792/3777 5930/1022/3776 3815/2793/3767
f 3842/1000/3755 3844/1045/3778 1151/2776/3741
f 1154/1027/3779 5931/2794/3780 3852/1030/3781
f 3847/1029/3782 3850/1033/3758 5931/2794/3780
f 5931/2794/3780 1155/1032/3761 3845/1031/3783
f 3852/1030/3781 3845/1031/3783 1146/1113/3784
f 3817/1035/3785 3813/2789/3766 1141/1013/3764
f 1143/1040/3786 5932/2795/3787 3817/1035/3785
f 3816/2796/3788 3818/2797/3789 5932/2795/3787
f 5932/2795/3787 1140/1036/3777 3813/2789/3766
f 3818/1042/3789 3844/1024/3778 1140/1025/3777
f 1142/1046/3790 5933/2798/3791 3818/2799/3789
f 1151/2776/3741 5933/2798/3791 3846/2800/3792
f 1164/1048/3793 5934/2801/3794 3858/1051/3795
f 3862/1050/3796 3861/1054/3797 5934/2801/3794
f 5934/2801/3794 1165/1053/3798 3863/1052/3799
f 3858/1051/3795 3863/1052/3799 1163/2802/3800
f 1143/1040/3786 5935/2803/3801 3816/2796/3788
f 3822/1057/3802 3819/2804/3803 5935/2803/3801
f 5935/2803/3801 1144/1075/3804 3823/2805/3805
f 3816/2796/3788 3823/2805/3805 1142/2806/3790
f 1148/1062/3806 5936/2807/3807 3830/1065/3808
f 3810/2808/3809 3863/1068/3810 5936/2807/3807
f 5936/2807/3807 1165/1067/3811 3829/2809/3812
f 3830/1065/3808 3829/2809/3812 1150/1119/3813
f 1142/1046/3790 5937/2810/3814 3846/1072/3792
f 3848/2811/3815 3823/1073/3805 1144/1075/3804
f 1151/2776/3741 5937/2810/3814 3848/2811/3815
f 1144/1075/3804 5938/2812/3816 3848/1074/3815
f 1147/2813/3817 5938/2812/3816 3826/2814/3818
f 3848/2811/3815 3849/2815/3819 1151/2776/3741
f 1166/1083/3820 5939/2816/3821 3861/1086/3797
f 3865/1085/3822 3864/2817/3823 5939/2816/3821
f 5939/2816/3821 1167/1088/3824 3866/1087/3825
f 3861/1086/3797 3866/1087/3825 1165/2818/3798
f 1145/1061/3826 5940/2819/3827 3819/2804/3803
f 3827/1092/3828 3824/2820/3829 5940/2819/3827
f 5940/2819/3827 1147/2821/3817 3826/1093/3818
f 3819/2804/3803 3826/1093/3818 1144/1075/3804
f 1141/1097/3775 5941/2822/3830 3817/1099/3831
f 3820/1018/3774 3854/1102/3832 5941/2822/3830
f 5941/2822/3830 1159/1101/3833 3825/1100/3834
f 3817/1099/3831 3825/1100/3834 1143/2823/3835
f 1147/2824/3817 5942/2825/3836 3849/2826/3819
f 1149/1108/3837 5942/2825/3836 3831/1105/3838
f 3849/2826/3819 3851/2827/3839 1151/2776/3741
f 1168/1090/3840 5943/1110/3841 3864/2817/3823
f 3867/1111/3842 3852/1030/3781 5943/1110/3841
f 5943/1110/3841 1146/1113/3784 3868/1112/3843
f 3864/2817/3823 3868/1112/3843 1167/1088/3824
f 3830/1114/3844 3824/2820/3829 1148/1096/3845
f 1150/1118/3846 5944/2828/3847 3830/1114/3844
f 3828/1117/3848 3831/2829/3838 5944/2828/3847
f 5944/2828/3847 1147/2821/3817 3824/2820/3829
f 1150/1119/3813 5945/2830/3849 3835/1121/3850
f 3829/2809/3812 3866/1124/3851 5945/2830/3849
f 5945/2830/3849 1167/1123/3852 3834/1122/3853
f 3835/1121/3850 3834/1122/3853 1153/2831/3854
f 3836/1140/3855 3851/2832/3839 1149/2833/3837
f 1152/2834/3737 5946/2835/3856 3836/2836/3855
f 1151/2776/3741 5946/2835/3856 3832/2837/3739
f 3859/1131/3857 3855/967/3727 1162/968/3725
f 1164/1136/3793 5947/2838/3858 3859/1131/3857
f 3858/1135/3795 3860/1134/3859 5947/2838/3858
f 5947/2838/3858 1161/1132/3860 3855/967/3727
f 3835/1137/3861 3828/1117/3848 1150/1118/3846
f 1153/969/3730 5948/1139/3862 3835/1137/3861
f 3833/2768/3732 3836/2839/3855 5948/1139/3862
f 5948/1139/3862 1149/2840/3837 3828/1117/3848
f 3870/1142/3863 3827/1141/3864 1145/1143/3865
f 1161/1146/3866 5949/1144/3867 3870/1142/3863
f 3860/1145/3868 3810/2808/3809 5949/1144/3867
f 5949/1144/3867 1148/1062/3806 3827/1141/3864
f 3871/2841/3869 3811/1147/3870 1137/1149/3871
f 1146/1152/3872 5950/2842/3873 3871/2841/3869
f 3845/1151/3874 3869/2790/3771 5950/2842/3873
f 5950/2842/3873 1139/1014/3768 3811/1147/3870
f 3834/1154/3853 3840/1153/3875 1153/1155/3854
f 1167/1158/3852 5951/2843/3876 3834/1154/3853
f 3868/1157/3877 3871/2841/3869 5951/2843/3876
f 5951/2843/3876 1137/1149/3871 3840/1153/3875
f 3825/1160/3834 3822/1159/3878 1143/1161/3835
f 1159/1165/3833 5952/2844/3879 3825/1160/3834
f 3857/966/3880 3870/1164/3863 5952/2844/3879
f 5952/2844/3879 1145/1162/3865 3822/1159/3878
f 3920/1167/3881 3885/1166/3882 1193/1168/3883
f 1195/1173/3884 5953/2845/3885 3920/1167/3881
f 3919/2846/3886 3921/1171/3887 5953/2845/3885
f 5953/2845/3885 1192/1169/3888 3885/1166/3882
f 1186/1174/3889 5954/1175/3890 3897/1177/3891
f 3904/1176/3892 3872/1180/3893 5954/1175/3890
f 5954/1175/3890 1169/1201/3894 3905/2847/3895
f 3897/1177/3891 3905/2847/3895 1185/2848/3896
f 1185/1182/3896 5955/1183/3897 3896/2849/3898
f 3902/2850/3899 3905/1187/3895 1169/2851/3894
f 1184/2852/3900 5955/1183/3897 3902/2853/3899
f 1191/1190/3901 5956/2854/3902 3907/2855/3903
f 1193/1168/3883 5956/2854/3902 3917/1192/3904
f 3885/1166/3882 3918/1194/3905 5956/2854/3902
f 3907/2855/3903 3918/1194/3905 1190/1212/3906
f 1170/1181/3907 5957/2856/3908 3872/1180/3893
f 3875/1196/3909 3873/2857/3910 5957/2856/3908
f 5957/2856/3908 1171/2858/3911 3876/2859/3912
f 3872/1180/3893 3876/2859/3912 1169/1201/3894
f 1169/2851/3894 5958/2860/3913 3902/2861/3899
f 3906/2862/3914 3876/1197/3912 1171/1206/3911
f 3902/2861/3899 3906/2863/3914 1184/2852/3900
f 1189/1207/3915 5959/2864/3916 3914/1210/3917
f 3903/1209/3918 3907/2855/3903 5959/2864/3916
f 5959/2864/3916 1190/1212/3906 3901/1211/3919
f 3914/1210/3917 3901/1211/3919 1188/1236/3920
f 3878/1213/3921 3873/2857/3910 1172/1200/3922
f 1174/1217/3923 5960/2865/3924 3878/1213/3921
f 3877/1216/3925 3879/2866/3926 5960/2865/3924
f 5960/2865/3924 1171/2858/3911 3873/2857/3910
f 1172/1218/3927 5961/2867/3928 3878/1221/3929
f 3933/2868/3930 3901/1224/3931 5961/2867/3928
f 5961/2867/3928 1190/1223/3932 3884/1222/3933
f 3878/1221/3929 3884/1222/3933 1174/2869/3934
f 1171/1206/3911 5962/2870/3935 3906/2871/3914
f 1173/2872/3936 5962/2870/3935 3879/2873/3926
f 3906/1203/3914 3908/1247/3937 1184/2852/3900
f 1187/1231/3938 5963/2874/3939 3916/2875/3940
f 3911/1233/3941 3914/1210/3917 5963/2874/3939
f 5963/2874/3939 1188/1236/3920 3909/1235/3942
f 3916/2875/3940 3909/1235/3942 1179/1310/3943
f 3881/1237/3944 3877/1216/3925 1174/1217/3923
f 1176/1242/3945 5964/1239/3946 3881/1237/3944
f 3880/1241/3947 3882/1240/3948 5964/1239/3946
f 5964/1239/3946 1173/1245/3936 3877/1216/3925
f 3882/2876/3948 3908/1228/3937 1173/1245/3936
f 1175/2877/3949 5965/2878/3950 3882/2876/3948
f 1184/2852/3900 5965/2878/3950 3910/2879/3951
f 3926/1251/3952 3922/1250/3953 1197/1252/3954
f 3926/1251/3952 3925/2880/3955 5966/2881/3956
f 5966/2881/3956 1198/1255/3957 3927/2882/3958
f 5966/2881/3956 1196/1253/3959 3922/1250/3953
f 1176/1242/3945 5967/1258/3960 3880/1241/3947
f 3886/1259/3961 3883/2883/3962 5967/1258/3960
f 5967/1258/3960 1177/2884/3963 3887/2885/3964
f 3880/1241/3947 3887/2885/3964 1175/1248/3949
f 1181/1264/3965 5968/1265/3966 3894/1267/3967
f 3874/2886/3968 3927/1270/3969 5968/1265/3966
f 5968/1265/3966 1198/1269/3970 3893/2887/3971
f 3894/1267/3967 3893/2887/3971 1183/1316/3972
f 1175/2888/3949 5969/2889/3973 3910/1274/3951
f 3912/2890/3974 3887/1273/3964 1177/1276/3963
f 1184/2852/3900 5969/2889/3973 3912/2891/3974
f 1177/1276/3963 5970/1277/3975 3912/2892/3974
f 3913/2893/3976 3890/1278/3977 1180/2894/3978
f 3912/2895/3974 3913/2893/3976 1184/2852/3900
f 1199/1257/3979 5971/2896/3980 3925/2880/3955
f 3929/1283/3981 3928/1286/3982 5971/2896/3980
f 5971/2896/3980 1200/1285/3983 3930/1284/3984
f 3925/2880/3955 3930/1284/3984 1198/1255/3957
f 1178/1263/3985 5972/1288/3986 3883/2883/3962
f 3891/1289/3987 3888/2897/3988 5972/1288/3986
f 5972/1288/3986 1180/1300/3978 3890/1290/3977
f 3883/2883/3962 3890/1290/3977 1177/2884/3963
f 1174/1294/3934 5973/1295/3989 3881/1297/3990
f 3884/1296/3933 3918/1194/3991 5973/1295/3989
f 5973/1295/3989 1192/1169/3992 3889/2898/3993
f 3881/1297/3990 3889/2898/3993 1176/1354/3994
f 1180/1300/3978 5974/1301/3995 3913/2899/3976
f 1182/2900/3996 5974/1301/3995 3895/2901/3997
f 3913/2902/3976 3915/1303/3998 1184/2852/3900
f 1201/1287/3999 5975/2903/4000 3928/1286/3982
f 3931/1308/4001 3916/2875/3940 5975/2903/4000
f 5975/2903/4000 1179/1310/3943 3932/1309/4002
f 3928/1286/3982 3932/1309/4002 1200/1285/3983
f 3894/1311/4003 3888/2897/3988 1181/1293/4004
f 1183/1315/4005 5976/2904/4006 3894/1311/4003
f 3892/1314/4007 3895/1313/3997 5976/2904/4006
f 5976/2904/4006 1180/1300/3978 3888/2897/3988
f 1183/1316/3972 5977/2905/4008 3899/1318/4009
f 3893/2887/3971 3930/1321/4010 5977/2905/4008
f 5977/2905/4008 1200/1320/4011 3898/1319/4012
f 3899/1318/4009 3898/1319/4012 1186/2906/4013
f 3900/2907/4014 3915/2908/3998 1182/1305/3996
f 1185/2909/3896 5978/1325/4015 3900/2910/4014
f 1184/2852/3900 5978/1325/4015 3896/2911/3898
f 3923/1327/4016 3919/2846/3886 1195/1173/3884
f 1197/1252/3954 5979/2912/4017 3923/1327/4016
f 3922/1250/3953 3924/1330/4018 5979/2912/4017
f 5979/2912/4017 1194/1328/4019 3919/2846/3886
f 3899/1331/4020 3892/1314/4007 1183/1315/4005
f 1186/1174/3889 5980/1333/4021 3899/1331/4020
f 3897/1177/3891 3900/1334/4014 5980/1333/4021
f 5980/1333/4021 1182/1324/3996 3892/1314/4007
f 3934/1336/4022 3891/1335/4023 1178/1337/4024
f 1194/1340/4025 5981/2913/4026 3934/1336/4022
f 3924/1339/4027 3874/2886/3968 5981/2913/4026
f 5981/2913/4026 1181/1264/3965 3891/1335/4023
f 3935/2914/4028 3875/1341/4029 1170/1343/4030
f 1179/1346/4031 5982/1344/4032 3935/2914/4028
f 3909/1345/4033 3933/2868/3930 5982/1344/4032
f 5982/1344/4032 1172/1218/3927 3875/1341/4029
f 3898/1348/4012 3904/1347/4034 1186/1349/4013
f 1200/1352/4011 5983/2915/4035 3898/1348/4012
f 3932/1351/4036 3935/2914/4028 5983/2915/4035
f 5983/2915/4035 1170/1343/4030 3904/1347/4034
f 3889/2898/3993 3886/1353/4037 1176/1354/3994
f 1192/1169/3992 5984/2916/4038 3889/2898/3993
f 3921/1171/4039 3934/1357/4022 5984/2916/4038
f 5984/2916/4038 1178/1355/4024 3886/1353/4037
f 1202/4/4040 5985/4/4041 3937/4/4042
f 3940/4/4043 3939/4/4044 5985/4/4041
f 3939/4/4044 3941/4/4045 5985/4/4041
f 3937/4/4042 3941/4/4045 1203/4/4046
f 4275/1358/4047 3936/1358/1200 1394/1359/4047
f 1395/1359/4047 5986/1360/1200 4275/1358/4047
f 3938/1358/1200 2337/1361/1200 5986/1360/1200
f 5986/1360/1200 355/1358/1200 3936/1358/1200
f 3943/4/4048 3945/4/4049 1207/4/4050
f 3943/4/4048 3944/4/4051 5987/4/4052
f 5987/4/4052 1202/4/4053 3937/4/4054
f 3945/4/4049 3937/4/4054 1203/4/4055
f 1394/1362/1210 5988/1363/4056 4271/1362/4057
f 4274/1362/1210 4273/1362/4056 5988/1363/4056
f 5988/1363/4056 1207/1362/4050 3945/1362/4049
f 4271/1362/4057 3945/1362/4049 1203/1362/4055
f 1208/4/4040 5989/4/4041 3947/4/4042
f 3950/4/4043 3949/4/4044 5989/4/4041
f 3949/4/4044 3951/4/4045 5989/4/4041
f 3947/4/4042 3951/4/4045 1209/4/4046
f 4270/1358/4047 3946/1358/1200 1391/1359/4047
f 1392/1359/4047 5990/1360/1200 4270/1358/4047
f 3948/1358/1200 2349/1361/1200 5990/1360/1200
f 5990/1360/1200 364/1358/1200 3946/1358/1200
f 3953/4/4048 3955/4/4049 1213/4/4050
f 3953/4/4048 3954/4/4051 5991/4/4052
f 5991/4/4052 1208/4/4053 3947/4/4054
f 3955/4/4049 3947/4/4054 1209/4/4055
f 1391/1362/1210 5992/1363/4056 4266/1362/4057
f 4269/1362/1210 4268/1362/4058 5992/1363/4056
f 5992/1363/4056 1213/1362/4050 3955/1362/4049
f 4266/1362/4057 3955/1362/4049 1209/1362/4055
f 1214/4/4059 5993/4/4041 3957/4/4042
f 3960/4/4043 3959/4/4044 5993/4/4041
f 3959/4/4044 3961/4/4045 5993/4/4041
f 3957/4/4042 3961/4/4045 1215/4/4046
f 4265/1358/4047 3956/1358/1200 1388/1359/4047
f 1389/1359/4047 5994/1360/1200 4265/1358/4047
f 3958/1358/1200 2361/1361/1200 5994/1360/1200
f 5994/1360/1200 373/1358/1200 3956/1358/1200
f 3963/4/4048 3965/4/4049 1219/4/4050
f 3963/4/4048 3964/4/4051 5995/4/4052
f 5995/4/4052 1214/4/4053 3957/4/4054
f 3965/4/4049 3957/4/4054 1215/4/4055
f 1388/1362/1210 5996/1363/4056 4261/1362/4057
f 4264/1362/1210 4263/1362/4058 5996/1363/4056
f 5996/1363/4056 1219/1362/4050 3965/1362/4049
f 4261/1362/4057 3965/1362/4049 1215/1362/4055
f 1220/4/4059 5997/4/4041 3967/4/4042
f 3970/4/4043 3969/4/4044 5997/4/4041
f 3969/4/4044 3971/4/4060 5997/4/4041
f 3967/4/4042 3971/4/4060 1221/4/4046
f 4260/1358/4047 3966/1358/1200 1385/1359/4047
f 1386/1359/4047 5998/1360/1200 4260/1358/4047
f 3968/1358/1200 2373/1361/1200 5998/1360/1200
f 5998/1360/1200 382/1358/1200 3966/1358/1200
f 3973/4/4048 3975/4/4049 1225/4/4050
f 3973/4/4048 3974/4/4051 5999/4/4052
f 5999/4/4052 1220/4/4053 3967/4/4054
f 3975/4/4049 3967/4/4054 1221/4/4055
f 1385/1362/1210 6000/1363/4056 4256/1362/4057
f 4259/1362/1210 4258/1362/4056 6000/1363/4056
f 6000/1363/4056 1225/1362/4050 3975/1362/4049
f 4256/1362/4057 3975/1362/4049 1221/1362/4055
f 3263/1365/1216 4715/1364/4061 777/1366/1217
f 402/1371/1222 6001/2917/4062 3263/1365/1216
f 3988/1370/4063 4831/1369/4064 6001/2917/4062
f 6001/2917/4062 1655/1367/4065 4715/1364/4061
f 1227/74/3322 6002/2918/4066 3987/1375/3317
f 3981/1376/4067 3976/2919/3466 990/67/3463
f 1226/1374/3315 6002/2918/4066 3981/2920/4067
f 1384/1377/4068 6003/2921/4069 4231/1380/4070
f 4235/2922/4071 4229/1383/4072 6003/2921/4069
f 6003/2921/4069 993/1382/3470 3540/2423/3469
f 4231/1380/4070 3540/2423/3469 1239/72/3468
f 968/1385/4073 6004/1386/4074 3977/1388/4075
f 3989/1387/4076 4472/1391/4077 6004/1386/4074
f 6004/1386/4074 929/1390/4078 4475/1389/4079
f 3977/1388/4075 4475/1389/4079 906/1425/4080
f 1381/1393/4081 6005/1394/4082 3978/1396/4083
f 4234/1395/4084 3458/1397/4085 6005/1394/4082
f 6005/1394/4082 1228/1392/4086 3989/1387/4076
f 3978/1396/4083 3989/1387/4076 968/1385/4073
f 3990/1400/4087 3979/1399/4088 995/1401/4089
f 1230/1406/4090 6006/2923/4091 3990/1400/4087
f 3484/1405/4092 3991/1404/4093 6006/2923/4091
f 6006/2923/4091 996/1402/4094 3979/1399/4088
f 4233/1408/4095 4229/1407/4096 1382/1409/4097
f 1374/1414/4098 6007/2924/4099 4233/1408/4095
f 4222/1413/4100 3992/2925/4101 6007/2924/4099
f 6007/2924/4099 993/1410/4102 4229/1407/4096
f 990/1415/4103 6008/2926/4104 3981/1418/4105
f 3993/1417/4106 4476/1419/4107 6008/2926/4104
f 4476/1419/4107 4477/46/3318 6008/2926/4104
f 6008/2926/4104 1226/44/3315 3981/1418/4105
f 3992/2925/4101 3982/1421/4108 993/1410/4102
f 1231/1424/4109 6009/2927/4110 3992/2925/4101
f 3508/1423/4111 3993/1417/4106 6009/2927/4110
f 6009/2927/4110 990/1415/4103 3982/1421/4108
f 906/1425/4080 6010/1426/4112 3983/1427/4113
f 4475/1389/4079 4474/1428/4114 6010/1426/4112
f 6010/1426/4112 1230/1406/4090 3990/1400/4087
f 3983/1427/4113 3990/1400/4087 995/1401/4089
f 996/1402/4094 6011/2928/4115 3984/1430/4116
f 3991/1404/4093 3516/1433/4117 6011/2928/4115
f 6011/2928/4115 1233/1432/4118 3994/2929/4119
f 3984/1430/4116 3994/2929/4119 997/1806/4120
f 1383/1435/4121 6012/2930/4122 3985/1439/4123
f 4232/1437/4124 3517/1441/4125 6012/2930/4122
f 3517/1441/4125 2400/1440/1287 6012/2930/4122
f 6012/2930/4122 400/1438/1285 3985/1439/4123
f 4831/1369/4064 4607/1443/4126 1655/1367/4065
f 1384/1448/4068 6013/2931/4127 4831/1369/4064
f 4231/1447/4070 4828/2932/4128 6013/2931/4127
f 6013/2931/4127 1581/1444/4129 4607/1443/4126
f 3996/1449/4130 4280/1449/4131 1397/1449/4132
f 1241/1449/4133 6014/1449/4134 3996/1449/4130
f 4000/1449/4135 3998/1449/4136 6014/1449/4134
f 6014/1449/4134 1398/1449/4137 4280/1449/4131
f 3995/1450/4138 4000/1450/4135 1241/1451/4133
f 410/1450/1307 6015/1451/4139 3995/1450/4138
f 2407/1451/1306 3997/1450/4140 6015/1451/4139
f 6015/1451/4139 1243/1451/4141 4000/1450/4135
f 4279/4/4142 4002/4/4143 1399/4/4144
f 4279/4/4142 4276/4/4145 6016/4/4146
f 6016/4/4146 1240/4/4147 4003/4/4148
f 4002/4/4143 4003/4/4148 1244/4/4149
f 410/1450/1316 6017/1451/4150 2412/1451/1316
f 3995/1450/4151 4004/1450/4152 6017/1451/4150
f 6017/1451/4150 1245/1451/4153 4001/1450/4154
f 2412/1451/1316 4001/1450/4154 416/2933/1316
f 4006/1449/4130 4285/1449/4131 1400/1449/4132
f 1247/1449/4133 6018/1449/4134 4006/1449/4130
f 4010/1449/4135 4008/1449/4136 6018/1449/4134
f 6018/1449/4134 1401/1449/4137 4285/1449/4131
f 4005/1450/4138 4010/1450/4135 1247/1451/4133
f 419/1450/1307 6019/1451/4139 4005/1450/4138
f 2419/1451/1306 4007/1450/4140 6019/1451/4139
f 6019/1451/4139 1249/1451/4141 4010/1450/4135
f 4284/4/4142 4012/4/4143 1402/4/4144
f 4284/4/4142 4281/4/4145 6020/4/4146
f 6020/4/4146 1246/4/4147 4013/4/4148
f 4012/4/4143 4013/4/4148 1250/4/4149
f 419/1450/1316 6021/1451/4150 2424/1451/1316
f 4005/1450/4151 4014/1450/4152 6021/1451/4150
f 6021/1451/4150 1251/1451/4153 4011/1450/4154
f 2424/1451/1316 4011/1450/4154 425/2933/1316
f 4016/1449/4155 4290/1449/4156 1403/1449/4157
f 1253/1449/4158 6022/1449/4159 4016/1449/4155
f 4020/1449/4160 4018/1449/4161 6022/1449/4159
f 6022/1449/4159 1404/1449/4162 4290/1449/4156
f 4015/1450/4163 4020/1450/4160 1253/1451/4158
f 428/1450/1335 6023/1451/4164 4015/1450/4163
f 2431/1451/1334 4017/1450/4164 6023/1451/4164
f 6023/1451/4164 1255/1451/4165 4020/1450/4160
f 4289/4/4142 4022/4/4143 1405/4/4144
f 4289/4/4142 4286/4/4145 6024/4/4146
f 6024/4/4146 1252/4/4147 4023/4/4148
f 4022/4/4143 4023/4/4148 1256/4/4149
f 428/1450/1316 6025/1451/4150 2436/1451/1316
f 4015/1450/4151 4024/1450/4152 6025/1451/4150
f 6025/1451/4150 1257/1451/4153 4021/1450/4154
f 2436/1451/1316 4021/1450/4154 434/2933/1316
f 4026/1449/4155 4295/1449/4156 1406/1449/4157
f 1259/1449/4158 6026/1449/4159 4026/1449/4155
f 4030/1449/4160 4028/1449/4161 6026/1449/4159
f 6026/1449/4159 1407/1449/4162 4295/1449/4156
f 4025/1450/4163 4030/1450/4160 1259/1451/4158
f 437/1450/1335 6027/1451/4164 4025/1450/4163
f 2443/1451/1334 4027/1450/4164 6027/1451/4164
f 6027/1451/4164 1261/1451/4165 4030/1450/4160
f 4294/4/4142 4032/4/4143 1408/4/4144
f 4294/4/4142 4291/4/4145 6028/4/4146
f 6028/4/4146 1258/4/4147 4033/4/4148
f 4032/4/4143 4033/4/4148 1262/4/4149
f 437/1450/1316 6029/1451/4150 2448/1451/1316
f 4025/1450/4151 4034/1450/4152 6029/1451/4150
f 6029/1451/4150 1263/1451/4153 4031/1450/4154
f 2448/1451/1316 4031/1450/4154 443/2933/1316
f 4036/1449/4166 4300/1449/4156 1409/1449/4157
f 1265/1449/4158 6030/1449/4161 4036/1449/4166
f 4040/1449/4160 4038/1449/4167 6030/1449/4161
f 6030/1449/4161 1410/1449/4168 4300/1449/4156
f 4035/1450/4163 4040/1450/4160 1265/1451/4158
f 446/1450/1335 6031/1451/4164 4035/1450/4163
f 2455/1451/1334 4037/1450/4164 6031/1451/4164
f 6031/1451/4164 1267/1451/4165 4040/1450/4160
f 4299/4/4142 4042/4/4169 1411/4/4170
f 4299/4/4142 4296/4/4171 6032/4/4172
f 6032/4/4172 1264/4/4147 4043/4/4173
f 4042/4/4169 4043/4/4173 1268/4/4149
f 446/1450/1316 6033/1451/4150 2460/1451/1316
f 4035/1450/4151 4044/1450/4174 6033/1451/4150
f 6033/1451/4150 1269/1451/4175 4041/1450/4154
f 2460/1451/1316 4041/1450/4154 452/2933/1316
f 4058/1454/4176 4068/1453/4177 1280/1455/4178
f 1298/1460/4176 6034/2934/4179 4058/1454/4176
f 4084/1459/4179 4093/1458/4180 6034/2934/4179
f 6034/2934/4179 1281/1456/4181 4068/1453/4177
f 4092/1462/4182 4070/1461/4183 1270/1463/4184
f 1302/1468/4182 6035/1465/4183 4092/1462/4182
f 4086/1467/4183 4091/1466/4185 6035/1465/4183
f 6035/1465/4183 1278/1464/4186 4070/1461/4183
f 4056/1470/4187 4072/1469/4188 1279/1471/4189
f 1301/1476/4187 6036/1473/4188 4056/1470/4187
f 4088/1475/4188 4058/1474/4176 6036/1473/4188
f 6036/1473/4188 1280/1472/4178 4072/1469/4188
f 4062/1478/4190 4049/1477/4191 1275/1479/4192
f 1284/1484/4193 6037/1657/4191 4062/1478/4190
f 4045/1483/4191 4061/1482/4194 6037/1657/4191
f 6037/1657/4191 1274/1480/4195 4049/1477/4191
f 4064/1486/4196 4047/1485/4197 1273/1487/4198
f 1288/1492/4199 6038/1489/4197 4064/1486/4196
f 4053/1491/4197 4063/1490/4200 6038/1489/4197
f 6038/1489/4197 1272/1488/4201 4047/1485/4197
f 1277/1493/4202 6039/2935/4203 4054/1496/4204
f 4065/1495/4205 4060/1499/4206 6039/2935/4203
f 6039/2935/4203 1288/1498/4199 4064/1497/4196
f 4054/1496/4204 4064/1497/4196 1273/2936/4198
f 4066/2937/4207 4052/1501/4208 1276/1503/4209
f 1289/1508/4210 6040/2938/4211 4066/2937/4207
f 4059/1507/4212 4065/1506/4205 6040/2938/4211
f 6040/2938/4211 1277/1504/4202 4052/1501/4208
f 1271/1509/4213 6041/1510/4214 4051/1512/4214
f 4067/1511/4215 4057/1515/4214 6041/1510/4214
f 6041/1510/4214 1284/1514/4193 4062/1513/4190
f 4051/1512/4214 4062/1513/4190 1275/2939/4192
f 1274/1517/4195 6042/2940/4216 4050/1520/4217
f 4061/1519/4194 4055/1521/4218 6042/2940/4216
f 4055/1521/4218 4066/2937/4207 6042/2940/4216
f 6042/2940/4216 1276/1503/4209 4050/1520/4217
f 4063/1524/4200 4048/1523/4219 1272/1525/4201
f 1286/1530/4220 6043/1527/4219 4063/1524/4200
f 4046/1529/4219 4067/1528/4215 6043/1527/4219
f 6043/1527/4219 1271/1526/4213 4048/1523/4219
f 1281/1531/4221 6044/1532/4222 4068/1535/4223
f 4075/1533/4224 4045/1537/4225 6044/1532/4222
f 4045/1537/4225 4076/1536/1400 6044/1532/4222
f 6044/1532/4222 1280/1534/4226 4068/1535/4223
f 4077/1540/4227 4069/1539/4228 1279/1541/4229
f 1287/1546/4230 6045/2941/4231 4077/1540/4227
f 4046/1545/4232 4078/1544/4233 6045/2941/4231
f 6045/2941/4231 1278/1542/4234 4069/1539/4228
f 1278/1542/4234 6046/1547/4235 4070/1549/4236
f 4078/1544/4233 4053/1551/4237 6046/1547/4235
f 4053/1551/4237 4079/1550/4238 6046/1547/4235
f 6046/1547/4235 1270/1548/4239 4070/1549/4236
f 4080/2942/4240 4071/1553/4241 1282/1555/4242
f 1289/1559/4243 6047/1556/4244 4080/2942/4240
f 4055/1558/4245 4075/1557/4224 6047/1556/4244
f 6047/1556/4244 1281/1531/4221 4071/1553/4241
f 1280/1534/4226 6048/1560/4246 4072/1561/4247
f 4076/1536/1400 4057/1562/4248 6048/1560/4246
f 6048/1560/4246 1287/1546/4230 4077/1540/4227
f 4072/1561/4247 4077/1540/4227 1279/1541/4229
f 1290/1564/4249 6049/1565/4250 4073/1567/4251
f 4081/2943/4252 4059/1568/4253 6049/1565/4250
f 6049/1565/4250 1289/1559/4243 4080/2942/4240
f 4073/1567/4251 4080/2942/4240 1282/1555/4242
f 1270/1548/4239 6050/1570/4254 4074/1572/4255
f 4079/1571/4238 4060/1573/4256 6050/1570/4254
f 6050/1570/4254 1283/1569/4257 4081/2943/4252
f 4074/1572/4255 4081/2943/4252 1290/1564/4249
f 4082/1576/4258 4100/1575/4259 1291/1577/4260
f 1303/1582/4261 6051/1579/4262 4082/1576/4258
f 4099/1581/4263 4096/1580/4264 6051/1579/4262
f 6051/1579/4262 1294/1578/4265 4100/1575/4259
f 4098/1584/4266 4097/1583/4267 1296/1585/4268
f 4098/1584/4266 4102/1588/4269 6052/2944/4270
f 4102/1588/4269 4083/1593/4271 6052/2944/4270
f 6052/2944/4270 1291/1577/4260 4097/1583/4267
f 4082/1576/4258 4101/2945/4272 1303/1582/4261
f 1291/1577/4260 6053/2946/4273 4082/2947/4258
f 1304/1591/4274 6053/2946/4273 4083/1593/4271
f 1282/1594/4275 6054/2948/4276 4073/1597/4277
f 4095/1596/4278 4089/1600/4276 6054/2948/4276
f 6054/2948/4276 1293/1599/4279 4094/1598/4279
f 4073/1597/4277 4094/1598/4279 1290/2949/4280
f 4093/1603/4180 4071/1602/4281 1281/1604/4181
f 1299/1607/4180 6055/2950/4281 4093/1603/4180
f 6055/2950/4281 1292/1601/4278 4095/1596/4278
f 4071/1602/4281 4095/1596/4278 1282/1594/4275
f 1278/1608/4186 6056/1609/4282 4069/1611/4282
f 4091/1610/4185 4085/1614/4282 6056/1609/4282
f 6056/1609/4282 1301/1613/4187 4056/1612/4187
f 4069/1611/4282 4056/1612/4187 1279/2951/4189
f 1290/1616/4280 6057/2952/4283 4074/1619/4284
f 4094/1618/4279 4090/1622/4283 6057/2952/4283
f 6057/2952/4283 1302/1621/4182 4092/1620/4182
f 4074/1619/4284 4092/1620/4182 1270/2953/4184
f 1295/1624/4285 6058/2954/4286 4096/1580/4287
f 4103/1626/4288 4084/1628/4289 6058/2954/4286
f 4084/1628/4289 4104/1627/4290 6058/2954/4286
f 6058/2954/4286 1294/1578/4291 4096/1580/4287
f 4105/1630/4292 4097/1583/4293 1291/1631/4294
f 1301/1635/4295 6059/2955/4296 4105/1630/4292
f 4085/1634/4297 4106/1633/4298 6059/2955/4296
f 6059/2955/4296 1296/1585/4299 4097/1583/4293
f 1296/1585/4300 6060/2956/4301 4098/1584/4302
f 4106/1633/4303 4086/1638/4304 6060/2956/4301
f 4086/1638/4304 4107/1637/4305 6060/2956/4301
f 6060/2956/4301 1297/1589/4306 4098/1584/4302
f 4108/2957/4307 4099/1581/4308 1303/1582/4309
f 1292/1643/4310 6061/2958/4311 4108/2957/4307
f 4087/1642/4312 4103/1626/4313 6061/2958/4311
f 6061/2958/4311 1295/1624/4314 4099/1581/4308
f 1294/1578/4315 6062/2959/4316 4100/1645/4317
f 4104/1627/4318 4088/1646/4319 6062/2959/4316
f 6062/2959/4316 1301/1635/4320 4105/1630/4321
f 4100/1645/4317 4105/1630/4321 1291/1631/4322
f 1304/1648/4323 6063/2960/4324 4101/1651/4325
f 4109/1650/4326 4089/1652/4327 6063/2960/4324
f 6063/2960/4324 1292/1643/4310 4108/2957/4307
f 4101/1651/4325 4108/2957/4307 1303/1582/4309
f 1297/1589/4328 6064/2961/4329 4102/1588/4330
f 4107/1637/4331 4090/1655/4332 6064/2961/4329
f 6064/2961/4329 1293/1653/4333 4109/1650/4326
f 4102/1588/4330 4109/1650/4326 1304/1648/4323
f 4111/1477/4334 4113/1478/4335 1306/1479/4336
f 1305/1480/4337 6065/1481/4334 4111/1477/4334
f 4112/1482/4338 4110/1483/4334 6065/1481/4334
f 6065/1481/4334 1313/1484/4339 4113/1478/4335
f 4117/1478/4340 4115/1477/4191 1312/1479/4341
f 1315/1484/4342 6066/1657/4191 4117/1478/4340
f 4114/1483/4191 4116/1482/4343 6066/1657/4191
f 6066/1657/4191 1311/1480/4344 4115/1477/4191
f 1314/1658/4345 6067/1659/1529 4119/1661/4346
f 4112/1660/4338 4118/1664/1529 6067/1659/1529
f 6067/1659/1529 1311/1663/4344 4116/1662/4343
f 4119/1661/4346 4116/1662/4343 1316/2962/4347
f 4123/1667/4348 4135/1666/4349 1310/1668/4350
f 1309/1673/4351 6068/2963/4348 4123/1667/4348
f 4134/1672/4352 4131/1671/4348 6068/2963/4348
f 6068/2963/4348 1324/1669/4353 4135/1666/4349
f 4113/1675/4335 4121/1674/1537 1306/1676/4336
f 1313/1681/4339 6069/1678/1537 4113/1675/4335
f 4120/1680/4354 4117/1679/4340 6069/1678/1537
f 6069/1678/1537 1312/1677/4341 4121/1674/1537
f 1317/1682/1539 6070/1683/1539 4141/1685/1539
f 4138/1684/1539 4140/1688/1539 6070/1683/1539
f 6070/1683/1539 1320/1687/1539 4139/1686/1539
f 4141/1685/1539 4139/1686/1539 1319/1738/1539
f 1308/1690/4355 6071/1691/1541 4126/1693/4356
f 1307/1696/4357 6071/1691/1541 4122/1692/4358
f 4127/1695/4359 4110/1694/4360 6071/1691/1541
f 4126/1693/4356 4110/1694/4360 1314/2964/4345
f 1309/1697/4351 6072/1698/4361 4128/1700/4362
f 1310/1703/4350 6072/1698/4361 4123/1699/4363
f 4129/1702/4364 4114/1701/4365 6072/1698/4361
f 4128/1700/4362 4114/1701/4365 1315/2965/4342
f 1310/1703/4350 6073/2966/4366 4129/1702/4364
f 1308/1690/4355 6073/2966/4366 4124/1705/4367
f 4126/1693/4356 4119/1706/4346 6073/2966/4366
f 4129/1702/4364 4119/1706/4346 1316/2967/4347
f 1307/1696/4357 6074/2968/1554 4127/1695/4359
f 1309/1697/4351 6074/2968/1554 4125/1708/4368
f 4128/1700/4362 4120/1709/4354 6074/2968/1554
f 4127/1695/4359 4120/1709/4354 1313/2969/4339
f 4124/1712/4367 4136/1714/4369 1308/1710/4355
f 1310/1717/4350 6075/1711/4370 4124/1712/4367
f 4135/1716/4349 4132/1715/4370 6075/1711/4370
f 6075/1711/4370 1322/1713/4371 4136/1714/4369
f 1307/1718/4357 6076/2970/4372 4137/1721/4373
f 4122/1720/4372 4136/1724/4369 6076/2970/4372
f 6076/2970/4372 1322/1723/4371 4130/1722/4372
f 4137/1721/4373 4130/1722/4372 1321/2971/4374
f 4125/1727/4368 4134/1726/4352 1309/1728/4351
f 4125/1727/4368 4137/1731/4373 6077/1730/4375
f 4137/1731/4373 4133/1729/4375 6077/1730/4375
f 6077/1730/4375 1323/2972/4376 4134/1726/4352
f 1318/1689/4377 6078/2973/4378 4142/1735/4379
f 1317/1682/4380 6078/2973/4378 4138/1734/4381
f 4143/1737/4382 4130/1736/4383 6078/2973/4378
f 4142/1735/4379 4130/1736/4383 1322/2974/4384
f 1319/1738/4385 6079/1739/4386 4144/1741/4387
f 1320/1687/4388 6079/1739/4386 4139/1740/4389
f 4145/1743/4390 4131/1742/4391 6079/1739/4386
f 4144/1741/4387 4131/1742/4391 1323/2975/4392
f 1320/1687/4393 6080/2976/4394 4145/1743/4395
f 1318/1689/4396 6080/2976/4394 4140/1688/1578
f 4142/1735/4397 4132/1745/4398 6080/2976/4394
f 4145/1743/4395 4132/1745/4398 1324/2977/4399
f 1317/1682/4400 6081/1746/4401 4143/1737/4402
f 1319/1738/4403 6081/1746/4401 4141/1747/1585
f 4144/1741/4404 4133/1748/4405 6081/1746/4401
f 4143/1737/4402 4133/1748/4405 1321/2978/4406
f 892/1749/4407 6082/1750/4408 4146/2979/4409
f 1603/112/3507 6082/1750/4408 4804/1751/4410
f 4813/2439/3506 3552/1754/4411 6082/1750/4408
f 6082/1750/4408 1014/1752/4412 4146/2979/4409
f 4800/1756/4413 4829/2980/4414 1618/1757/4415
f 4800/1756/4413 4146/2979/4409 6083/2981/4416
f 6083/2981/4416 1014/1752/4412 3551/2982/4417
f 6083/2981/4416 1013/1758/4418 4829/2980/4414
f 4675/1760/4419 4817/492/4420 1617/493/1603
f 1618/1757/4415 6084/2983/4421 4675/1760/4419
f 4829/2980/4414 3550/1763/4422 6084/2983/4421
f 6084/2983/4421 1012/1761/4423 4817/492/4420
f 4147/1765/4424 4149/1764/4425 1325/1766/4425
f 1327/1766/4426 6085/1767/4424 4147/1765/4424
f 6085/1767/4424 1340/1765/4426 4148/1765/4424
f 4149/1764/4425 4148/1765/4424 1341/1765/4425
f 4151/1765/4427 4150/1764/4426 1327/1766/4426
f 1329/1766/4428 6086/1767/4427 4151/1765/4427
f 4153/1764/4428 4152/1765/4427 6086/1767/4427
f 6086/1767/4427 1340/1765/4426 4150/1764/4426
f 4154/1765/4429 4153/1764/4428 1329/1766/4428
f 1331/1766/4430 6087/1767/4429 4154/1765/4429
f 4156/1764/4430 4155/1765/4429 6087/1767/4429
f 6087/1767/4429 1342/1765/4428 4153/1764/4428
f 4157/1765/4431 4156/1764/4430 1331/1766/4430
f 4157/1765/4431 4159/1764/4432 6088/1767/4431
f 6088/1767/4431 1344/1765/4432 4158/1765/4431
f 4156/1764/4430 4158/1765/4431 1343/1765/4430
f 4160/1765/4433 4159/1764/4432 1333/1766/4432
f 4160/1765/4433 4162/1764/4434 6089/1767/4433
f 6089/1767/4433 1345/1765/4434 4161/1765/4433
f 6089/1767/4433 1344/1765/4432 4159/1764/4432
f 4486/1765/4435 4162/1764/4434 1335/1766/4434
f 4486/1765/4435 4366/1765/4436 6090/1767/4435
f 6090/1767/4435 1447/1768/4436 4485/1765/4435
f 6090/1767/4435 1345/1765/4434 4162/1764/4434
f 4190/1768/4430 4172/1765/4429 1339/1765/4430
f 1354/1766/4437 6091/1769/4429 4190/1768/4430
f 4187/1765/4438 4189/1768/4428 6091/1769/4429
f 6091/1769/4429 1337/1765/4428 4172/1765/4429
f 1446/1768/4439 6092/1767/4440 4366/1765/4439
f 4484/1765/4440 4163/1764/4441 6092/1767/4440
f 6092/1767/4440 1346/1765/4441 4422/1765/4440
f 4366/1765/4439 4422/1765/4440 1447/1768/4439
f 4164/1765/4442 4163/1764/4441 1338/1766/4441
f 1325/1766/4425 6093/1767/4442 4164/1765/4442
f 4149/1764/4425 4165/1765/4442 6093/1767/4442
f 6093/1767/4442 1346/1765/4441 4163/1764/4441
f 1326/1765/1626 6094/2984/1626 4166/1765/1627
f 4174/1768/1626 4148/1765/1626 6094/2984/1626
f 4148/1765/1626 4175/1768/1626 6094/2984/1626
f 6094/2984/1626 1328/1765/1626 4166/1765/1627
f 1328/1765/1626 6095/2984/1626 4167/1765/1626
f 4175/1768/1626 4152/1765/1626 6095/2984/1626
f 4152/1765/1626 4176/1768/1626 6095/2984/1626
f 6095/2984/1626 1330/1765/1626 4167/1765/1626
f 1330/1765/1626 6096/2984/1626 4168/1765/1626
f 4176/1768/1626 4155/1765/1626 6096/2984/1626
f 4155/1765/1626 4177/1768/1626 6096/2984/1626
f 6096/2984/1626 1332/1765/1626 4168/1765/1626
f 1332/1765/1626 6097/2984/1626 4169/1765/1626
f 4177/1768/1626 4158/1765/1627 6097/2984/1626
f 4158/1765/1627 4178/1768/1626 6097/2984/1626
f 6097/2984/1626 1334/1765/1626 4169/1765/1626
f 1334/1765/1626 6098/2984/1626 4170/1765/1626
f 4178/1768/1626 4161/1765/1627 6098/2984/1626
f 4161/1765/1627 4179/1768/1626 6098/2984/1626
f 6098/2984/1626 1336/1765/1626 4170/1765/1626
f 4179/1764/1626 4171/1765/1626 1336/1765/1626
f 1345/1765/1626 6099/1767/1626 4179/1764/1626
f 4485/1765/1626 4487/1768/1626 6099/1767/1626
f 6099/1767/1626 1337/1765/1626 4171/1765/1626
f 1337/1765/1626 6100/1767/1626 4172/1765/2743
f 4487/1768/1626 4422/1765/1626 6100/1767/1626
f 6100/1767/1626 1346/1765/1626 4180/1764/1626
f 4172/1765/2743 4180/1764/1626 1339/1765/1626
f 1339/1765/1626 6101/2984/1626 4173/1765/1626
f 4180/1768/1626 4165/1765/1626 6101/2984/1626
f 4165/1765/1626 4174/1768/1626 6101/2984/1626
f 6101/2984/1626 1326/1765/1626 4173/1765/1626
f 1347/498/4443 6102/1771/1626 4181/499/4444
f 1349/498/4445 6102/1771/1626 4182/499/4446
f 1350/498/4447 6102/1771/1626 4183/499/4448
f 1351/498/4449 6102/1771/1626 4184/499/4450
f 1352/498/4451 6102/1771/1626 4185/499/4452
f 1353/498/4453 6102/1771/1626 4186/499/4454
f 1354/498/4437 6102/1771/1626 4187/499/4438
f 1348/498/4455 6102/1771/1626 4188/499/4456
f 4192/1768/4426 4170/1765/4424 1336/1765/4426
f 4192/1768/4426 4185/1765/4452 6103/1769/4424
f 4185/1765/4452 4191/1768/4425 6103/1769/4424
f 4170/1765/4424 4191/1768/4425 1334/1765/4425
f 1332/1765/4457 6104/1769/4458 4168/1765/4458
f 4194/1768/4457 4183/1765/4448 6104/1769/4458
f 4183/1765/4448 4193/1768/4459 6104/1769/4458
f 4168/1765/4458 4193/1768/4459 1330/1765/4459
f 4196/1768/4460 4166/1765/4433 1328/1765/4460
f 4196/1768/4460 4181/1765/4444 6105/1769/4433
f 4181/1765/4444 4195/1768/4432 6105/1769/4433
f 4166/1765/4433 4195/1768/4432 1326/1765/4432
f 4195/1768/4432 4173/1765/4431 1326/1765/4432
f 4195/1768/4432 4188/1765/4456 6106/2985/4431
f 6106/2985/4431 1354/1766/4437 4190/1768/4430
f 4173/1765/4431 4190/1768/4430 1339/1765/4430
f 4189/1768/4428 4171/1765/4427 1337/1765/4428
f 1353/1766/4453 6107/2985/4427 4189/1768/4428
f 4186/1765/4454 4192/1768/4426 6107/2985/4427
f 4171/1765/4427 4192/1768/4426 1336/1765/4426
f 4191/1768/4425 4169/1765/4442 1334/1765/4425
f 1351/1766/4449 6108/2985/4442 4191/1768/4425
f 4184/1765/4450 4194/1768/4457 6108/2985/4442
f 4169/1765/4442 4194/1768/4457 1332/1765/4457
f 4193/1768/4459 4167/1765/4461 1330/1765/4459
f 4193/1768/4459 4182/1765/4446 6109/2985/4461
f 4182/1765/4446 4196/1768/4460 6109/2985/4461
f 4167/1765/4461 4196/1768/4460 1328/1765/4460
f 96/1772/1647 6110/1773/4462 3472/1775/4463
f 2618/1774/1649 4202/2589/3600 6110/1773/4462
f 6110/1773/4462 1359/398/3595 4201/2986/4464
f 3472/1775/4463 4201/2986/4464 978/27/4465
f 978/27/4465 6111/2987/4466 3452/26/4467
f 4201/2988/4464 4203/401/3597 6111/2987/4466
f 6111/2987/4466 1358/2587/3590 4200/2989/4468
f 3452/26/4467 4200/2989/4468 958/33/4469
f 4200/2989/4468 3434/34/4470 958/33/4469
f 1358/2576/3590 6112/2990/4471 4200/2989/4468
f 4204/2578/3592 4198/1784/4472 6112/2990/4471
f 6112/2990/4471 923/1782/4473 3434/34/4470
f 1015/1785/3531 6113/2991/4474 3554/1788/4475
f 1357/198/3582 6113/2991/4474 4199/1787/4476
f 4205/196/3581 3555/2992/3578 6113/2991/4474
f 6113/2991/4474 1018/193/3577 3554/1788/4475
f 4198/1791/4477 3370/1790/4478 923/1792/4479
f 4198/1791/4477 4206/2468/3574 6114/2993/4480
f 4206/2468/3574 4197/2994/3585 6114/2993/4480
f 6114/2993/4480 962/1793/4481 3370/1790/4478
f 3557/2995/3498 3501/1795/4482 918/104/3499
f 3557/2995/3498 3569/1800/3580 6115/2996/4483
f 3569/1800/3580 4207/2997/4484 6115/2996/4483
f 6115/2996/4483 985/1797/4485 3501/1795/4482
f 4207/2997/4484 3496/1801/4486 985/1797/4485
f 1357/1805/3582 6116/2998/4487 4207/2997/4484
f 4199/1804/4476 3561/136/3530 6116/2998/4487
f 6116/2998/4487 917/137/4488 3496/1801/4486
f 997/1806/4120 6117/2999/4489 4230/1808/4490
f 3994/2929/4119 4223/1809/4491 6117/2999/4489
f 6117/2999/4489 1375/1442/4492 4232/1437/4124
f 4230/1808/4490 4232/1437/4124 1383/1435/4121
f 396/1810/1679 6118/3000/4493 3980/1813/4494
f 2396/1812/1681 3498/1814/4495 6118/3000/4493
f 3498/1814/4495 4233/1408/4095 6118/3000/4493
f 6118/3000/4493 1382/1409/4097 3980/1813/4494
f 393/1816/1684 6119/3001/4496 4228/1819/4497
f 2393/1818/1686 4211/1820/4498 6119/3001/4496
f 6119/3001/4496 1363/1398/4499 4234/1395/4084
f 4228/1819/4497 4234/1395/4084 1381/1393/4081
f 402/1822/1222 6120/3002/4500 3988/1825/4063
f 1918/1824/1691 3980/1826/4501 6120/3002/4500
f 6120/3002/4500 1382/1384/4502 4235/2922/4071
f 3988/1825/4063 4235/2922/4071 1384/1377/4068
f 1441/501/3612 6121/498/4503 4348/498/4504
f 4350/498/4505 4349/498/3615 6121/498/4503
f 6121/498/4503 1371/497/3618 3471/499/4506
f 4348/498/4504 3471/499/4506 977/497/4507
f 3/497/1699 6122/501/1699 2040/502/1699
f 4794/499/4508 4830/498/4509 6122/501/1699
f 6122/501/1699 1380/497/4510 3646/499/4511
f 2040/502/1699 3646/499/4511 4/497/1699
f 4228/1829/4512 1922/1828/1684 393/1830/1706
f 1381/85/3481 6123/3003/4513 4228/1829/4512
f 6123/3003/4513 1379/2424/3471 4227/3004/4514
f 1922/1828/1684 4227/3004/4514 403/1833/1709
f 403/1833/1709 6124/1834/4515 1920/1835/1711
f 4227/3004/4514 4238/2426/3473 6124/1834/4515
f 6124/1834/4515 1383/1837/3478 3985/1836/4516
f 1920/1835/1711 3985/1836/4516 400/3005/4517
f 1004/3006/3449 6125/1838/4518 3538/41/4519
f 3532/39/3453 3539/1846/4520 6125/1838/4518
f 6125/1838/4518 1378/42/3330 4239/41/3462
f 3538/41/4519 4239/41/3462 1377/3007/3457
f 4463/39/3450 4465/41/4521 1503/42/3451
f 4463/39/3450 3538/41/4519 6126/3007/4522
f 3538/41/4519 4240/39/3454 6126/3007/4522
f 6126/3007/4522 1504/41/3456 4465/41/4521
f 1897/9/1721 3485/8/4523 117/2085/1722
f 136/7/1725 6127/8/4524 1897/9/1721
f 3520/8/4525 4241/62/3401 6127/8/4524
f 6127/8/4524 1372/65/3403 3485/8/4523
f 3517/9/4526 1895/66/1726 133/7/1728
f 1375/29/3396 6128/8/4527 3517/9/4526
f 4242/9/3395 3520/66/4525 6128/8/4527
f 6128/8/4527 136/7/1725 1895/66/1726
f 3486/1843/3334 1872/1843/1730 116/1844/465
f 1373/1845/3367 6129/1842/4528 3486/1843/3334
f 6129/1842/4528 1374/1845/3370 3498/1843/4529
f 1872/1843/1730 3498/1843/4529 125/1844/4530
f 1003/39/3376 6130/41/4531 3539/1846/4520
f 3531/39/3375 4221/39/3365 6130/41/4531
f 6130/41/4531 1373/39/3367 4244/1846/3333
f 3539/1846/4520 4244/1846/3333 1378/42/3330
f 80/9/336 6131/8/336 1806/8/336
f 4218/9/336 4245/9/336 6131/8/336
f 6131/8/336 1371/29/336 4219/9/336
f 1806/8/336 4219/9/336 84/7/336
f 80/9/1735 6132/64/4532 4218/28/4532
f 1798/28/1735 4214/28/4533 6132/64/4532
f 6132/64/4532 1366/29/3312 4246/28/3312
f 4218/28/4532 4246/28/3312 1370/28/3312
f 1816/8/19 4215/9/2901 66/9/19
f 97/8/19 6133/8/2901 1816/8/19
f 3453/8/2901 4247/9/2900 6133/8/2901
f 6133/8/2901 1367/29/2900 4215/9/2901
f 1732/28/1739 4214/28/4534 48/9/1740
f 1732/28/1739 4216/29/4535 6134/28/4536
f 4216/29/4535 4248/29/3303 6134/28/4536
f 6134/28/4536 1366/29/3305 4214/28/4534
f 3443/29/4537 1809/8/1743 88/8/1745
f 1361/7/3293 6135/8/4538 3443/29/4537
f 4249/9/3299 3380/9/4539 6135/8/4538
f 6135/8/4538 45/9/1746 1809/8/1743
f 88/8/1745 6136/8/4540 3443/66/4537
f 1742/8/1750 4213/9/4541 6136/8/4540
f 6136/8/4540 1365/29/4542 4250/9/3296
f 3443/66/4537 4250/9/3296 1361/7/3293
f 47/9/19 6137/8/19 4213/9/19
f 1797/8/19 4212/9/19 6137/8/19
f 6137/8/19 1364/29/19 4251/9/3282
f 4213/9/19 4251/9/3282 1365/29/730
f 3458/39/4543 3358/39/3290 1228/39/3288
f 1363/39/3224 6138/42/4544 3458/39/4543
f 4252/39/3223 4342/41/4545 6138/42/4544
f 6138/42/4544 940/42/4546 3358/39/3290
f 979/42/2901 6139/41/3309 3480/39/2901
f 4210/41/3309 4254/39/2900 6139/41/3309
f 6139/41/3309 1369/39/2900 3469/39/3309
f 3480/39/2901 3469/39/3309 975/39/2901
f 975/22/3136 6140/3008/4547 3478/3009/3134
f 1369/1853/4548 6140/3008/4547 3469/1849/4549
f 4255/1852/4550 3472/1851/4551 6140/3008/4547
f 3478/3009/3134 3472/1851/4551 978/3010/3137
f 4217/1854/4552 4255/1852/4550 1369/1853/4548
f 1/1858/1765 6141/3011/4553 4217/1854/4552
f 4255/1856/4550 2673/1855/1763 96/1857/1764
f 382/1358/1210 6142/1361/1210 3966/1358/1210
f 2378/1361/1210 3972/1358/1210 6142/1361/1210
f 6142/1361/1210 1387/1359/1210 4259/1358/1210
f 3966/1358/1210 4259/1358/1210 1385/1359/1210
f 3971/1362/4060 4256/1362/4554 1221/1362/4046
f 1223/1362/4555 6143/1363/4556 3971/1362/4060
f 4257/1362/4556 4260/1362/4047 6143/1363/4556
f 6143/1363/4556 1385/1362/4047 4256/1362/4554
f 373/1358/1210 6144/1361/1210 3956/1358/1210
f 2366/1361/1210 3962/1358/1210 6144/1361/1210
f 6144/1361/1210 1390/1359/1210 4264/1358/1210
f 3956/1358/1210 4264/1358/1210 1388/1359/1210
f 3961/1362/4045 4261/1362/4554 1215/1362/4046
f 1217/1362/4555 6145/1363/4556 3961/1362/4045
f 4262/1362/4556 4265/1362/4047 6145/1363/4556
f 6145/1363/4556 1388/1362/4047 4261/1362/4554
f 364/1358/1210 6146/1361/1210 3946/1358/1210
f 2354/1361/1210 3952/1358/1210 6146/1361/1210
f 6146/1361/1210 1393/1359/1210 4269/1358/1210
f 3946/1358/1210 4269/1358/1210 1391/1359/1210
f 3951/1362/4045 4266/1362/4554 1209/1362/4046
f 1211/1362/4555 6147/1363/4556 3951/1362/4045
f 4267/1362/4556 4270/1362/4047 6147/1363/4556
f 6147/1363/4556 1391/1362/4047 4266/1362/4554
f 355/1358/1210 6148/1361/1210 3936/1358/1210
f 2342/1361/1210 3942/1358/1210 6148/1361/1210
f 6148/1361/1210 1396/1359/1210 4274/1358/1210
f 3936/1358/1210 4274/1358/1210 1394/1359/1210
f 3941/1362/4045 4271/1362/4554 1203/1362/4046
f 1205/1362/4555 6149/1363/4556 3941/1362/4045
f 4272/1362/4556 4275/1362/4047 6149/1363/4556
f 6149/1363/4556 1394/1362/4047 4271/1362/4554
f 4004/1449/4152 4278/1449/4557 1245/1449/4153
f 1241/1449/4558 6150/1449/4559 4004/1449/4152
f 3996/1449/4560 4279/1449/4142 6150/1449/4559
f 6150/1449/4559 1399/1449/4144 4278/1449/4557
f 1240/4/4561 6151/4/4562 3999/4/4563
f 4276/4/4167 4280/4/4131 6151/4/4562
f 4280/4/4131 4277/4/4564 6151/4/4562
f 3999/4/4563 4277/4/4564 1242/4/4565
f 4014/1449/4152 4283/1449/4557 1251/1449/4153
f 1247/1449/4558 6152/1449/4559 4014/1449/4152
f 4006/1449/4560 4284/1449/4142 6152/1449/4559
f 6152/1449/4559 1402/1449/4144 4283/1449/4557
f 1246/4/4561 6153/4/4562 4009/4/4563
f 4281/4/4167 4285/4/4131 6153/4/4562
f 4285/4/4131 4282/4/4564 6153/4/4562
f 4009/4/4563 4282/4/4564 1248/4/4565
f 4024/1449/4152 4288/1449/4557 1257/1449/4153
f 1253/1449/4558 6154/1449/4559 4024/1449/4152
f 4016/1449/4560 4289/1449/4142 6154/1449/4559
f 6154/1449/4559 1405/1449/4144 4288/1449/4557
f 1252/4/4566 6155/4/4567 4019/4/4568
f 4286/4/4569 4290/4/4156 6155/4/4567
f 4290/4/4156 4287/4/4570 6155/4/4567
f 4019/4/4568 4287/4/4570 1254/4/4571
f 4034/1449/4152 4293/1449/4557 1263/1449/4153
f 1259/1449/4558 6156/1449/4559 4034/1449/4152
f 4026/1449/4560 4294/1449/4142 6156/1449/4559
f 6156/1449/4559 1408/1449/4144 4293/1449/4557
f 1258/4/4566 6157/4/4567 4029/4/4568
f 4291/4/4569 4295/4/4156 6157/4/4567
f 4295/4/4156 4292/4/4570 6157/4/4567
f 4029/4/4568 4292/4/4570 1260/4/4571
f 4044/1449/4174 4298/1449/4557 1269/1449/4175
f 1265/1449/4558 6158/1449/4572 4044/1449/4174
f 4036/1449/4573 4299/1449/4142 6158/1449/4572
f 6158/1449/4572 1411/1449/4170 4298/1449/4557
f 1264/4/4566 6159/4/4567 4039/4/4568
f 4296/4/4574 4300/4/4156 6159/4/4567
f 4300/4/4156 4297/4/4570 6159/4/4567
f 4039/4/4568 4297/4/4570 1266/4/4571
f 1413/1861/4575 6160/1862/4576 4315/1864/4577
f 4326/1863/4578 4323/1867/4579 6160/1862/4576
f 6160/1862/4576 1427/1866/4580 4325/1865/4581
f 4315/1864/4577 4325/1865/4581 1415/3012/4582
f 1420/1869/1626 6161/1870/1626 4329/1869/1626
f 1418/1869/1626 6161/1870/1626 4330/1869/1626
f 6161/1870/1626 1419/1869/1626 4331/1869/1626
f 6161/1870/1626 1423/1869/1626 4329/1869/1626
f 1430/1871/4583 6162/3013/4584 4307/1874/4585
f 4308/1873/4586 4310/1876/4587 6162/3013/4584
f 4310/1876/4587 4309/1875/4588 6162/3013/4584
f 4307/1874/4585 4309/1875/4588 1431/3014/4589
f 1416/1878/4590 6163/3015/4591 4310/1882/4587
f 4311/1880/4592 4302/1884/4593 6163/3015/4591
f 4302/1884/4593 4312/1883/4594 6163/3015/4591
f 6163/3015/4591 1417/1881/4595 4310/1882/4587
f 4301/1887/4596 4305/1886/4597 1429/1888/4598
f 4301/1887/4596 4311/1892/4592 6164/1890/4599
f 6164/1890/4599 1416/1891/4590 4308/1889/4586
f 4305/1886/4597 4308/1889/4586 1430/1894/4583
f 4309/1889/4588 4306/1886/4600 1431/1894/4589
f 1417/1891/4595 6165/1890/4601 4309/1889/4588
f 4312/1892/4594 4303/1895/4602 6165/1890/4601
f 4306/1886/4600 4303/1895/4602 1428/1888/4603
f 4317/1897/4604 4313/1896/4605 1412/1898/4606
f 1421/1893/4607 6166/3016/4608 4317/1897/4604
f 4301/1887/4596 4318/1901/4609 6166/3016/4608
f 6166/3016/4608 1414/1899/4610 4313/1896/4605
f 1413/1902/4575 6167/3017/4611 4314/1905/4612
f 4319/3018/4613 4302/1876/4593 6167/3017/4611
f 4302/1876/4593 4317/1906/4604 6167/3017/4611
f 4314/1905/4612 4317/1906/4604 1412/3019/4606
f 1415/1908/4582 6168/1909/4614 4315/1911/4577
f 4320/3020/4615 4303/1875/4602 6168/1909/4614
f 6168/1909/4614 1422/1907/4616 4319/3018/4613
f 4315/1911/4577 4319/3018/4613 1413/1902/4575
f 4318/1914/4609 4316/1913/4617 1414/1915/4610
f 1429/1871/4598 6169/3021/4618 4318/1914/4609
f 4304/1874/4619 4320/3020/4615 6169/3021/4618
f 6169/3021/4618 1415/1908/4582 4316/1913/4617
f 4328/1917/4620 4313/1896/4605 1414/1899/4610
f 1424/1866/4621 6170/1918/4622 4328/1917/4620
f 4321/1867/4623 4327/1919/4624 6170/1918/4622
f 6170/1918/4622 1412/1898/4606 4313/1896/4605
f 4325/1921/4581 4316/1920/4617 1415/1922/4582
f 1427/1927/4580 6171/3022/4625 4325/1921/4581
f 4324/1926/4626 4328/1925/4620 6171/3022/4625
f 6171/3022/4625 1414/1923/4610 4316/1920/4617
f 1412/1928/4606 6172/3023/4627 4314/1931/4612
f 4327/1930/4624 4322/1934/4628 6172/3023/4627
f 6172/3023/4627 1426/1933/4629 4326/1932/4578
f 4314/1931/4612 4326/1932/4578 1413/3024/4575
f 4333/3025/1626 4329/1936/1626 1423/1938/1626
f 1428/1943/4603 6173/3026/1626 4333/3025/1626
f 6173/3026/1626 1429/1941/4598 4334/3027/1626
f 4329/1936/1626 4334/3027/1626 1420/1944/1626
f 1420/1944/1626 6174/3028/1626 4330/1947/1626
f 4334/3027/1626 4305/1949/1626 6174/3028/1626
f 4305/1949/1626 4335/3029/1626 6174/3028/1626
f 6174/3028/1626 1418/1946/1626 4330/1947/1626
f 1419/1950/1626 6175/1951/1626 4331/1953/1626
f 4336/3030/1626 4306/1954/1626 6175/1951/1626
f 4306/1954/1626 4333/3025/1626 6175/1951/1626
f 6175/1951/1626 1423/1938/1626 4331/1953/1626
f 4335/3029/1626 4332/1956/1626 1418/1946/1626
f 1430/1959/1626 6176/3031/1626 4335/3029/1626
f 6176/3031/1626 1431/1955/1626 4336/3030/1626
f 4332/1956/1626 4336/3030/1626 1419/1950/1626
f 1488/4/4630 6177/1/4631 4431/4/4632
f 4490/4/4633 4337/12/4634 6177/1/4631
f 6177/1/4631 1432/12/4635 4491/10/4636
f 4431/4/4632 4491/10/4636 1489/4/4637
f 4494/4/4638 4432/4/4639 1487/5/4640
f 936/4/4641 6178/1/4642 4494/4/4638
f 3400/4/4643 4493/4/4644 6178/1/4642
f 6178/1/4642 1490/4/4645 4432/4/4639
f 1490/4/4645 6179/2/4646 4489/4/4647
f 4493/4/4644 4340/4/4648 6179/2/4646
f 6179/2/4646 961/4/4649 4358/4/4650
f 4489/4/4647 4358/4/4650 1444/5/4651
f 4491/10/4636 4433/4/4652 1489/4/4637
f 1432/12/4635 6180/6/4653 4491/10/4636
f 4360/4/4654 4496/4/4655 6180/6/4653
f 6180/6/4653 1491/4/4656 4433/4/4652
f 1491/4/4656 6181/12/4657 4435/4/4658
f 4496/4/4655 4361/16/3151 6181/12/4657
f 4361/16/3151 4492/4/3176 6181/12/4657
f 6181/12/4657 1485/4/3173 4435/4/4658
f 914/4/4659 6182/1/4660 3412/4/4661
f 4339/4/4662 3377/4/4663 6182/1/4660
f 3377/4/4663 4341/1/3100 6182/1/4660
f 3412/4/4661 4341/1/3100 1436/4/3096
f 4342/41/4545 3463/39/4664 940/42/4546
f 1437/42/3227 6183/41/4665 4342/41/4545
f 3393/39/4666 4208/39/4667 6183/41/4665
f 6183/41/4665 967/39/4668 3463/39/4664
f 4343/8/3226 3393/9/4666 1437/7/3227
f 622/8/1887 6184/8/4669 4343/8/3226
f 1777/8/1886 3380/9/4670 6184/8/4669
f 6184/8/4669 1360/29/4671 3393/9/4666
f 4344/13/3291 3412/4/4672 1436/4/3292
f 940/5/4546 6185/1/4673 4344/13/3291
f 3463/4/4664 3457/4/4674 6185/1/4673
f 6185/1/4673 914/4/4675 3412/4/4672
f 969/497/4676 6186/501/4677 3647/498/3611
f 3459/499/4678 4236/498/4679 6186/501/4677
f 6186/501/4677 1442/500/3613 4350/498/4505
f 3647/498/3611 4350/498/4505 1441/501/3612
f 1364/497/4680 6187/501/4681 4236/498/4679
f 4212/499/4682 2767/498/762 6187/501/4681
f 6187/501/4681 627/501/762 4351/498/3616
f 4236/498/4679 4351/498/3616 1442/500/3613
f 955/498/4683 6188/501/4684 3435/499/4685
f 4347/499/4686 4352/498/3608 6188/501/4684
f 4352/498/3608 4348/498/4504 6188/501/4684
f 6188/501/4684 977/497/4507 3435/499/4685
f 925/4/3214 6189/2/4687 4346/38/4688
f 3432/4/3213 4345/38/4689 6189/2/4687
f 4345/38/4689 4353/3/3215 6189/2/4687
f 6189/2/4687 1439/4/3217 4346/38/4688
f 953/4/4690 6190/13/4691 4345/4/4692
f 3373/4/4693 4356/4/4694 6190/13/4691
f 4356/4/4694 4357/13/3090 6190/13/4691
f 6190/13/4691 1438/4/3092 4345/4/4692
f 926/4/3260 6191/13/4695 3431/4/4696
f 3438/4/3259 3437/4/4697 6191/13/4695
f 6191/13/4695 1440/5/4698 4354/13/3072
f 3431/4/4696 4354/13/3072 1439/4/3069
f 1444/5/4651 6192/1/4699 4495/4/4700
f 4358/4/4650 4355/4/4701 6192/1/4699
f 4355/4/4701 4490/4/4633 6192/1/4699
f 6192/1/4699 1488/4/4630 4495/4/4700
f 4359/4/3171 4488/4/4702 1443/5/3172
f 938/4/4703 6193/2/4704 4359/4/3171
f 3401/4/4705 4494/4/4638 6193/2/4704
f 6193/2/4704 1487/5/4640 4488/4/4702
f 4360/12/4654 3398/4/3181 942/2/3182
f 4360/12/4654 4337/1/4634 6194/14/4706
f 6194/14/4706 1434/5/4707 4356/4/4708
f 3398/4/3181 4356/4/4708 960/5/2910
f 4498/4/3179 4497/4/4709 1494/5/3180
f 959/4/3178 6195/2/4710 4498/4/3179
f 3394/4/4711 3399/4/3165 6195/2/4710
f 6195/2/4710 1435/5/3167 4497/4/4709
f 4365/1/2991 4362/4/3311 1445/38/2992
f 1433/5/4712 6196/2/4713 4365/1/2991
f 6196/2/4713 922/4/4714 3405/4/3014
f 6196/2/4713 946/3/3016 4362/4/3311
f 4367/1765/4715 4369/1764/4425 1448/1766/4425
f 1450/1766/4716 6197/1767/4715 4367/1765/4715
f 4370/1764/4716 4368/1765/4715 6197/1767/4715
f 6197/1767/4715 1464/1765/4425 4369/1764/4425
f 4417/1765/4717 4370/1764/4716 1450/1766/4716
f 1446/1768/4718 6198/1767/4717 4417/1765/4717
f 4366/1765/4718 4418/1765/4717 6198/1767/4717
f 6198/1767/4717 1463/1765/4716 4370/1764/4716
f 4419/1765/4719 4366/1765/4720 1446/1768/4720
f 1453/1766/4721 6199/1767/4719 4419/1765/4719
f 4371/1764/4721 4420/1765/4719 6199/1767/4719
f 6199/1767/4719 1447/1768/4720 4366/1765/4720
f 4372/1765/4722 4371/1764/4721 1453/1766/4721
f 1455/1766/4432 6200/1767/4722 4372/1765/4722
f 4374/1764/4432 4373/1765/4722 6200/1767/4722
f 4371/1764/4721 4373/1765/4722 1465/1765/4721
f 4375/1765/4433 4374/1764/4432 1455/1766/4432
f 4375/1765/4433 4377/1764/4460 6201/1767/4433
f 6201/1767/4433 1467/1765/4460 4376/1765/4433
f 6201/1767/4433 1466/1765/4432 4374/1764/4432
f 1457/1766/4460 6202/1767/4461 4377/1764/4460
f 4378/1765/4461 4380/1764/4459 6202/1767/4461
f 6202/1767/4461 1468/1765/4459 4379/1765/4461
f 6202/1767/4461 1467/1765/4460 4377/1764/4460
f 1462/1765/4430 6203/1769/4429 4392/1765/4429
f 1477/1766/4437 6203/1769/4429 4410/1768/4430
f 4407/1765/4438 4409/1768/4428 6203/1769/4429
f 6203/1769/4429 1460/1765/4428 4392/1765/4429
f 1459/1766/4459 6204/1767/4458 4380/1764/4459
f 4381/1765/4458 4383/1764/4457 6204/1767/4458
f 6204/1767/4458 1469/1765/4457 4382/1765/4458
f 4380/1764/4459 4382/1765/4458 1468/1765/4459
f 1461/1766/4457 6205/1767/4442 4383/1764/4457
f 4384/1765/4442 4369/1764/4425 6205/1767/4442
f 6205/1767/4442 1464/1765/4425 4385/1765/4442
f 4383/1764/4457 4385/1765/4442 1469/1765/4457
f 1449/1765/1626 6206/2984/1626 4386/1765/1627
f 4394/1768/1626 4368/1765/1626 6206/2984/1626
f 4368/1765/1626 4395/1768/1626 6206/2984/1626
f 6206/2984/1626 1451/1765/1626 4386/1765/1627
f 4395/1764/1626 4387/1765/1626 1451/1765/1626
f 1463/1765/1626 6207/1767/1626 4395/1764/1626
f 4418/1765/1626 4421/1768/1626 6207/1767/1626
f 6207/1767/1626 1452/1765/1626 4387/1765/1626
f 1452/1765/1626 6208/1767/1626 4388/1765/1626
f 4421/1768/1626 4420/1765/1626 6208/1767/1626
f 6208/1767/1626 1465/1765/1626 4396/1764/1626
f 4388/1765/1626 4396/1764/1626 1454/1765/1626
f 1454/1765/1626 6209/2984/1626 4389/1765/1626
f 4396/1768/1626 4373/1765/1626 6209/2984/1626
f 4373/1765/1626 4397/1768/1626 6209/2984/1626
f 6209/2984/1626 1456/1765/1626 4389/1765/1626
f 1456/1765/1626 6210/2984/1626 4390/1765/1626
f 4397/1768/1626 4376/1765/1627 6210/2984/1626
f 4376/1765/1627 4398/1768/1626 6210/2984/1626
f 6210/2984/1626 1458/1765/1626 4390/1765/1626
f 1458/1765/1626 6211/2984/1626 4391/1765/1626
f 4398/1768/1626 4379/1765/1626 6211/2984/1626
f 4379/1765/1626 4399/1768/1626 6211/2984/1626
f 6211/2984/1626 1460/1765/1626 4391/1765/1626
f 1460/1765/1626 6212/2984/1626 4392/1765/1626
f 4399/1768/1626 4382/1765/1626 6212/2984/1626
f 4382/1765/1626 4400/1768/1626 6212/2984/1626
f 6212/2984/1626 1462/1765/1626 4392/1765/1626
f 1462/1765/1626 6213/2984/1626 4393/1765/1626
f 4400/1768/1626 4385/1765/1626 6213/2984/1626
f 4385/1765/1626 4394/1768/1626 6213/2984/1626
f 6213/2984/1626 1449/1765/1626 4393/1765/1626
f 1470/498/4443 6214/1771/1626 4401/499/4444
f 1472/498/4445 6214/1771/1626 4402/499/4446
f 1473/498/4447 6214/1771/1626 4403/499/4448
f 1474/498/4449 6214/1771/1626 4404/499/4450
f 1475/498/4451 6214/1771/1626 4405/499/4452
f 1476/498/4453 6214/1771/1626 4406/499/4454
f 1477/498/4437 6214/1771/1626 4407/499/4438
f 1471/498/4455 6214/1771/1626 4408/499/4456
f 4412/1768/4426 4390/1765/4424 1458/1765/4426
f 4412/1768/4426 4405/1765/4452 6215/1769/4424
f 6215/1769/4424 1474/1766/4449 4411/1768/4425
f 4390/1765/4424 4411/1768/4425 1456/1765/4425
f 4414/1768/4457 4388/1765/4458 1454/1765/4457
f 1473/1766/4447 6216/1769/4458 4414/1768/4457
f 4403/1765/4448 4413/1768/4459 6216/1769/4458
f 4388/1765/4458 4413/1768/4459 1452/1765/4459
f 4416/1768/4460 4386/1765/4433 1451/1765/4460
f 4416/1768/4460 4401/1765/4444 6217/1769/4433
f 4401/1765/4444 4415/1768/4432 6217/1769/4433
f 4386/1765/4433 4415/1768/4432 1449/1765/4432
f 4415/1768/4432 4393/1765/4431 1449/1765/4432
f 4415/1768/4432 4408/1765/4456 6218/2985/4431
f 6218/2985/4431 1477/1766/4437 4410/1768/4430
f 4393/1765/4431 4410/1768/4430 1462/1765/4430
f 4409/1768/4428 4391/1765/4427 1460/1765/4428
f 1476/1766/4453 6219/2985/4427 4409/1768/4428
f 6219/2985/4427 1475/1766/4451 4412/1768/4426
f 4391/1765/4427 4412/1768/4426 1458/1765/4426
f 4411/1768/4425 4389/1765/4442 1456/1765/4425
f 1474/1766/4449 6220/2985/4442 4411/1768/4425
f 4404/1765/4450 4414/1768/4457 6220/2985/4442
f 4389/1765/4442 4414/1768/4457 1454/1765/4457
f 1452/1765/4459 6221/2985/4461 4387/1765/4461
f 4413/1768/4459 4402/1765/4446 6221/2985/4461
f 4402/1765/4446 4416/1768/4460 6221/2985/4461
f 6221/2985/4461 1451/1765/4460 4387/1765/4461
f 4441/1961/4723 4436/1960/4724 1478/1962/4725
f 1486/1967/4726 6222/3032/4727 4441/1961/4723
f 4499/3033/4728 4488/1965/4729 6222/3032/4727
f 6222/3032/4727 1487/1963/4730 4436/1960/4724
f 4424/1969/4731 4437/1968/4732 1481/1970/4733
f 1480/1975/4734 6223/3034/4735 4424/1969/4731
f 4438/1974/4736 4431/1973/4737 6223/3034/4735
f 6223/3034/4735 1489/1971/4738 4437/1968/4732
f 1482/1976/4739 6224/3035/4740 4439/1979/4741
f 1478/1962/4725 6224/3035/4740 4425/1978/4742
f 4436/1960/4724 4432/1980/4743 6224/3035/4740
f 4439/1979/4741 4432/1980/4743 1490/3036/4744
f 1480/1981/4734 6225/3037/4745 4438/1984/4736
f 4443/1983/4746 4501/1987/4747 6225/3037/4745
f 6225/3037/4745 1444/1986/4748 4495/1985/4749
f 4438/1984/4736 4495/1985/4749 1488/3038/4750
f 1483/1989/4751 6226/1990/4752 4440/1992/4753
f 4427/1991/4754 4437/1995/4732 6226/1990/4752
f 6226/1990/4752 1489/1994/4738 4433/1993/4755
f 4440/1992/4753 4433/1993/4755 1491/3039/4756
s 0
f 1484/1997/4757 6227/3040/4757 4444/2000/4757
f 4430/1999/4758 4434/2003/4758 6227/3040/4758
f 6227/3040/4759 1494/2002/4759 4442/3041/4759
f 4444/2000/4760 4442/3041/4760 1492/2026/4760
s 1
f 1484/2005/4761 6228/3042/4762 4430/2008/4763
f 1483/2011/4751 6228/3042/4762 4429/2007/4764
f 4440/2010/4753 4435/2009/4765 6228/3042/4762
f 4430/2008/4763 4435/2009/4765 1485/3043/4766
f 4501/2013/4747 4489/2012/4767 1444/2014/4748
f 4501/2013/4747 4426/2017/4768 6229/3044/4769
f 6229/3044/4769 1482/1976/4739 4439/2015/4741
f 4489/2012/4767 4439/2015/4741 1490/3036/4744
f 1443/2019/4770 6230/3045/4771 4338/2022/4772
f 4499/3033/4728 4423/2025/4773 6230/3045/4771
f 6230/3045/4771 1479/2024/4774 4500/3046/4775
f 4338/2022/4772 4500/3046/4775 1435/2030/4776
s 0
f 1492/2026/4777 6231/3047/4777 4428/2028/4777
f 4442/3041/4778 4497/2031/4778 6231/3047/4778
f 6231/3047/4779 1435/2030/4779 4500/2029/4779
f 4428/2028/4780 4500/2029/4780 1479/2024/4780
s 1
f 1483/2032/4751 6232/2033/4781 4427/2035/4754
f 4429/2034/4764 4444/2000/4782 6232/2033/4781
f 6232/2033/4781 1492/2026/4783 4445/2036/4784
f 4427/2035/4754 4445/2036/4784 1481/2044/4733
f 1478/2037/4725 6233/3048/4785 4447/3049/4786
f 4425/1978/4742 4426/2017/4768 6233/3048/4785
f 6233/3048/4785 1493/2041/4787 4448/3050/4788
f 4447/3049/4786 4448/3050/4788 1495/2049/4789
f 4446/3051/4790 4424/2042/4731 1481/2044/4733
f 1495/3052/4789 6234/3053/4791 4446/3051/4790
f 4448/2040/4788 4443/2047/4746 6234/3053/4791
f 6234/3053/4791 1480/2045/4734 4424/2042/4731
f 4423/3054/4773 4449/3055/4792 1479/2024/4774
f 1486/2054/4726 6235/3056/4793 4423/3054/4773
f 4441/2053/4723 4447/3049/4786 6235/3056/4793
f 6235/3056/4793 1495/3052/4789 4449/3055/4792
s 0
f 4428/2028/4794 4445/2055/4794 1492/2026/4794
f 1479/2024/4795 6236/2056/4795 4428/2028/4795
f 4449/3055/4796 4446/3051/4796 6236/2056/4796
f 6236/2056/4797 1481/2044/4797 4445/2055/4797
s 1
f 1041/2628/19 6237/3057/19 3610/3058/19
f 3611/3059/19 4456/2518/19 6237/3057/19
f 6237/3057/19 1501/2521/19 3612/3060/19
f 3610/3058/19 3612/3060/19 1042/3061/19
f 3564/2063/19 3609/3062/19 1012/496/19
f 1497/300/19 6238/3063/19 3564/2063/19
f 6238/3063/19 1500/2516/19 3611/3064/19
f 3609/3062/19 3611/3064/19 1041/432/19
f 1042/2066/19 6239/3065/19 3592/3066/19
f 3612/2068/19 4458/2512/19 6239/3065/19
f 6239/3065/19 686/2071/19 1981/2070/19
f 3592/3066/19 1981/2070/19 173/416/19
f 4452/2073/4798 3547/2072/4799 1006/2074/4800
f 1498/2459/3554 6240/3067/4801 4452/2073/4798
f 4459/2461/3556 4453/2076/3565 6240/3067/4801
f 6240/3067/4801 1010/182/4802 3547/2072/4799
f 4450/3068/3551 3549/2077/3551 1011/2079/3551
f 1496/2456/3551 6241/3069/3551 4450/3068/3551
f 4460/163/3551 4452/2073/4798 6241/3069/3551
f 6241/3069/3551 1006/2074/4800 3549/2077/3551
f 4451/2082/3551 3548/2081/3551 1007/2083/3551
f 1497/157/3551 6242/3070/3551 4451/2082/3551
f 4461/2454/3551 4450/3068/3551 6242/3070/3551
f 6242/3070/3551 1011/2079/3551 3548/2081/3551
f 3510/59/4803 4220/41/3402 991/41/3406
f 1503/42/3451 6243/42/4804 3510/59/4803
f 4465/41/4521 4464/39/4805 6243/42/4804
f 6243/42/4804 1372/1839/3403 4220/41/3402
f 4464/62/4805 3485/66/4523 1372/65/3403
f 1504/2418/3456 6244/2420/4806 4464/62/4805
f 4466/8/3455 1857/8/2023 6244/2420/4806
f 6244/2420/4806 117/2085/1722 3485/66/4523
f 981/60/3410 6245/1/4807 3506/4/3407
f 3483/60/3412 4467/4/3446 6245/1/4807
f 4467/4/3446 3510/57/4803 6245/1/4807
f 6245/1/4807 991/57/3406 3506/4/3407
f 4812/4/4808 4832/5/3415 1551/5/3431
f 1234/2/4809 6246/10/4810 4812/4/4808
f 3534/17/3420 4462/43/3447 6246/10/4810
f 4832/5/3415 4462/43/3447 1502/13/3416
f 933/10/3352 6247/1/4811 3387/4/3350
f 1505/4/4812 6247/1/4811 3385/4/4813
f 4468/4/4814 3386/1/3115 6247/1/4811
f 6247/1/4811 932/10/3349 3387/4/3350
f 3385/6/4813 3338/4/4815 1505/4/4812
f 933/1/3352 6248/38/4816 3385/6/4813
f 3361/2/3344 3352/6/3047 6248/38/4816
f 6248/38/4816 950/4/3049 3338/4/4815
f 4833/2088/3321 3986/2087/3467 1227/2089/3322
f 4833/2088/3321 4751/2092/4817 6249/3071/4818
f 4751/2092/4817 4828/1446/4128 6249/3071/4818
f 6249/3071/4818 1239/2090/3468 3986/2087/3467
f 3329/2095/19 4479/3072/19 890/2096/19
f 889/2099/19 6250/3073/19 3329/2095/19
f 3330/2098/19 4480/2619/19 6250/3073/19
f 6250/3073/19 1510/2621/19 4479/3072/19
f 4801/2101/19 2900/2100/19 11/2102/19
f 1640/428/19 6251/3074/19 4801/2101/19
f 4835/3075/19 4481/2615/19 6251/3074/19
f 6251/3074/19 698/454/19 2900/2100/19
f 3328/2106/19 3630/3076/19 888/426/19
f 890/2096/19 6252/3077/19 3328/2106/19
f 4479/3072/19 4482/3078/19 6252/3077/19
f 6252/3077/19 1508/2598/19 3630/3076/19
f 1044/451/19 6253/3079/19 3636/450/19
f 3632/2110/19 4483/3080/19 6253/3079/19
f 6253/3079/19 1508/439/19 4478/3081/19
f 3636/450/19 4478/3081/19 1045/2613/19
f 4512/2116/4819 4839/2115/4820 1514/2117/4821
f 4512/2116/4819 4510/2121/4822 6254/3082/4823
f 6254/3082/4823 1523/2120/4824 4841/2146/4825
f 6254/3082/4823 1681/2118/4826 4839/2115/4820
f 1515/2123/4827 6255/3083/4828 4838/2126/4829
f 1522/2130/4830 6255/3083/4828 4513/2125/4831
f 6255/3083/4828 1519/2128/4832 4842/3084/4833
f 4838/2126/4829 4842/3084/4833 1680/2131/4834
f 1680/2131/4834 6256/3085/4835 4784/2133/4836
f 4842/3084/4833 4506/2136/4837 6256/3085/4835
f 6256/3085/4835 1518/2135/4838 4843/2134/4839
f 4784/2133/4836 4843/2134/4839 1679/3086/4840
f 4514/3087/4841 4502/2137/4842 1512/2139/4843
f 1516/2144/4844 6257/3088/4845 4514/3087/4841
f 6257/3088/4845 1521/2142/4846 4512/3089/4819
f 6257/3088/4845 1514/2140/4821 4502/2137/4842
f 1681/2118/4826 6258/2145/4847 4840/2147/4848
f 1523/2120/4824 6258/2145/4847 4841/2146/4825
f 4511/2149/4849 4513/2148/4831 6258/2145/4847
f 4840/2147/4848 4513/2148/4831 1515/3090/4827
f 4515/2151/4850 4503/2150/4851 1513/2152/4852
f 1520/2155/4853 6259/3091/4854 4515/2151/4850
f 4509/2154/4855 4514/3087/4841 6259/3091/4854
f 6259/3091/4854 1512/2139/4843 4503/2150/4851
f 1679/2156/4840 6260/3092/4856 4783/2159/4857
f 4843/2158/4839 4505/2162/4858 6260/3092/4856
f 6260/3092/4856 1517/2161/4859 4844/3093/4860
f 4783/2159/4857 4844/3093/4860 1678/2405/4861
f 1516/2164/4844 6261/3094/4862 4504/3095/4863
f 4507/2179/4864 4509/2166/4855 1520/2181/4853
f 4505/2176/4858 4507/2179/4864 1517/2180/4859
f 4506/2177/4837 4505/2176/4858 1518/2178/4838
f 1519/2174/4832 6261/3094/4862 4506/2177/4837
f 4511/2170/4849 4508/2172/4865 1522/2173/4830
f 4510/2167/4822 4511/2170/4849 1523/2171/4824
f 4504/2168/4863 4510/2167/4822 1521/2169/4846
f 1053/2182/4866 6262/2183/4867 3323/2185/4868
f 1529/2189/4869 6262/2183/4867 4524/2184/4870
f 6262/2183/4867 1527/2187/4871 4525/3096/4872
f 3323/2185/4868 4525/3096/4872 1052/2190/4873
f 1052/2190/4873 6263/2191/4874 3322/2192/4875
f 4525/3096/4872 4517/2195/4876 6263/2191/4874
f 6263/2191/4874 1526/2194/4877 4526/2193/4878
f 3322/2192/4875 4526/2193/4878 1051/3097/4879
f 1051/2196/4879 6264/3098/4880 4837/2200/4881
f 4526/2198/4878 4523/2202/4882 6264/3098/4880
f 4523/2202/4882 4845/3099/4883 6264/3098/4880
f 6264/3098/4880 1662/2199/4884 4837/2200/4881
f 1050/2204/4885 6265/3100/4886 3324/2207/4887
f 1524/2210/4888 6265/3100/4886 4527/2206/4889
f 4520/2209/4890 4524/2208/4870 6265/3100/4886
f 3324/2207/4887 4524/2208/4870 1053/3101/4866
f 4528/3102/4891 4793/2211/4892 1511/2213/4893
f 1531/2218/4894 6266/2215/4895 4528/3102/4891
f 4518/2217/4896 4846/3103/4897 6266/2215/4895
f 6266/2215/4895 1647/2214/4898 4793/2211/4892
f 4847/2220/4899 4836/2219/4900 1648/2221/4901
f 1528/2224/4902 6267/3104/4903 4847/2220/4899
f 4522/2223/4904 4528/3102/4891 6267/3104/4903
f 6267/3104/4903 1511/2213/4893 4836/2219/4900
f 4846/3103/4897 4792/2225/4905 1647/2214/4898
f 1525/2230/4906 6268/3105/4907 4846/3103/4897
f 6268/3105/4907 1524/2228/4888 4527/2226/4889
f 4792/2225/4905 4527/2226/4889 1050/3106/4885
f 4845/3099/4883 4559/2231/4908 1662/2199/4884
f 1530/2236/4909 6269/3107/4910 4845/3099/4883
f 4521/2235/4911 4847/2234/4899 6269/3107/4910
f 6269/3107/4910 1648/2232/4901 4559/2231/4908
f 4518/2238/4896 4516/2237/4912 1525/2239/4906
f 1531/2250/4894 6270/2241/4913 4518/3108/4896
f 1528/2249/4902 6270/2241/4913 4522/2251/4904
f 1530/2248/4909 6270/2241/4913 4521/2235/4911
f 4517/2247/4876 4523/2202/4882 1526/2203/4877
f 1527/2245/4871 6270/2241/4913 4517/2247/4876
f 4520/2243/4890 4519/2242/4914 1529/2244/4869
f 1524/2240/4888 6270/2241/4913 4520/2243/4890
f 1532/4/4915 6271/4/4916 4848/4/4917
f 4530/4/4918 4543/4/4919 6271/4/4916
f 6271/4/4916 1533/4/4920 4822/4/4921
f 4848/4/4917 4822/4/4921 893/4/4922
f 1543/4/4923 6272/12/4924 4535/4/4925
f 4530/4/4926 4531/4/4927 6272/12/4924
f 6272/12/4924 1541/13/4928 4538/12/4929
f 4535/4/4925 4538/12/4929 1544/4/4930
f 4544/38/4931 4529/4/4932 1534/4/4933
f 1544/4/4934 6273/2/4935 4544/38/4931
f 4536/3/4936 4545/38/4937 6273/2/4935
f 6273/2/4935 1535/4/4938 4529/4/4932
f 4537/4/4939 4534/1/4940 1540/4/4941
f 1542/4/4942 6274/4/4943 4537/4/4939
f 4536/4/4936 4538/4/4944 6274/4/4943
f 6274/4/4943 1541/12/4945 4534/1/4940
f 4533/4/4946 4532/4/4947 1546/4/4948
f 1540/4/4941 6275/11/4949 4533/4/4946
f 4534/1/4940 4531/4/4950 6275/11/4949
f 6275/11/4949 1532/4/4951 4532/4/4947
f 1543/4/4952 6276/12/4953 4543/4/4919
f 4851/4/4954 4819/4/4955 6276/12/4953
f 6276/12/4953 1545/13/4956 4542/12/4957
f 4543/4/4919 4542/12/4957 1533/4/4920
f 4537/4/4958 4540/1/4959 1542/4/4960
f 1540/4/4961 6277/11/4962 4537/4/4958
f 4541/1/4963 4539/4/4964 6277/11/4962
f 6277/11/4962 1553/5/4965 4540/1/4959
f 903/4/4966 6278/2/4967 4810/4/4968
f 4851/38/4969 4535/3/4925 6278/2/4967
f 6278/2/4967 1544/4/4930 4544/38/4970
f 4810/4/4968 4544/38/4970 1534/4/4971
f 1542/4/4960 6279/1/4972 4545/4/4973
f 4540/13/4959 4849/4/4974 6279/1/4972
f 6279/1/4972 1236/4/4975 4820/4/4976
f 4545/4/4973 4820/4/4976 1535/4/4977
f 1546/4/4978 6280/13/4979 4533/4/4980
f 4850/4/4981 4852/4/4982 6280/13/4979
f 6280/13/4979 1552/5/4983 4541/13/4963
f 4533/4/4980 4541/13/4963 1540/4/4961
f 1547/2252/4984 6281/2253/4984 4546/3109/4984
f 4555/2254/4984 4552/2258/4984 6281/2253/4984
f 6281/2253/4984 1550/2257/4984 4554/2256/4984
f 4546/3109/4984 4554/2256/4984 1538/2265/4984
f 1548/2260/4984 6282/3110/4984 4547/3111/4984
f 4550/2262/4984 4546/3109/4984 6282/3110/4984
f 6282/3110/4984 1538/2265/4984 4549/2264/4984
f 4547/3111/4984 4549/2264/4984 1539/3112/4984
f 4551/2267/4984 4553/2266/4984 1549/2268/4984
f 4551/2267/4984 4547/3111/4984 6283/3113/4984
f 4547/3111/4984 4548/2271/4984 6283/3113/4984
f 6283/3113/4984 1537/2269/4984 4553/2266/4984
f 4853/3114/4984 4548/2272/4984 1539/2274/4984
f 1234/2279/4984 6284/3115/4984 4853/3114/4984
f 6284/3115/4984 1551/2277/4984 4556/3116/4984
f 4548/2272/4984 4556/3116/4984 1537/2308/4984
f 1538/2280/4984 6285/3117/4984 4549/2283/4984
f 4854/3118/4984 3533/2284/4985 6285/3117/4984
f 6285/3117/4984 1234/2279/4984 4853/3114/4984
f 4549/2283/4984 4853/3114/4984 1539/2274/4984
f 1548/2286/4986 6286/2287/4987 4550/2290/4988
f 4557/3119/4989 4539/2292/4990 6286/2287/4987
f 4539/2292/4990 4558/3120/4991 6286/2287/4987
f 6286/2287/4987 1547/2289/4992 4550/2290/4988
f 1549/2294/4984 6287/3121/4984 4551/2297/4984
f 4855/2296/4984 4849/2298/4984 6287/3121/4984
f 6287/3121/4984 1553/2293/4989 4557/3119/4989
f 4551/2297/4984 4557/3119/4989 1548/2286/4986
f 1536/2300/4993 6288/3122/4994 4552/2303/4995
f 4856/2302/4996 3571/2306/4997 6288/3122/4994
f 6288/3122/4994 1238/2305/4998 4857/2304/4999
f 4552/2303/4995 4857/2304/4999 1550/2312/4984
f 1537/2308/4984 6289/3123/4984 4553/2310/4984
f 4556/3116/4984 4821/2311/4984 6289/3123/4984
f 4821/2311/4984 4855/2296/4984 6289/3123/4984
f 6289/3123/4984 1549/2294/4984 4553/2310/4984
f 1550/2312/4984 6290/3124/4984 4554/2314/4984
f 4857/2304/4999 3573/2315/5000 6290/3124/4984
f 6290/3124/4984 1235/2285/4984 4854/3118/4984
f 4554/2314/4984 4854/3118/4984 1538/2280/4984
f 4558/3120/4991 4555/2316/5001 1547/2289/4992
f 1552/2319/5002 6291/3125/5003 4558/3120/4991
f 4852/2318/5004 4856/2302/4996 6291/3125/5003
f 6291/3125/5003 1536/2300/4993 4555/2316/5001
f 4859/1/5005 4563/12/5006 1554/13/5007
f 1052/5/5008 6292/11/5009 4859/1/5005
f 6292/11/5009 1051/5/5010 4860/13/5011
f 4563/12/5006 4860/13/5011 1641/5/5012
f 4861/4/5013 4565/4/5014 1596/13/5015
f 1053/4/5016 6293/11/5017 4861/4/5013
f 3323/4/5018 4859/1/5005 6293/11/5017
f 6293/11/5017 1554/13/5007 4565/4/5014
f 4792/4/5019 4567/1/5020 1647/5/5021
f 1050/5/5022 6294/3/5023 4792/4/5019
f 6294/3/5023 1556/3/5024 4562/4/5025
f 6294/3/5023 1669/5/5026 4567/1/5020
f 4732/2320/5027 4710/2320/5028 1650/2320/5029
f 1652/2323/5030 6295/3126/5031 4732/2320/5027
f 4585/2321/5032 4588/2320/5033 6295/3126/5031
f 6295/3126/5031 1571/2320/5034 4710/2320/5028
f 1652/7/5030 6296/8/5035 4731/9/5036
f 4712/8/5037 2996/8/2256 6296/8/5035
f 6296/8/5035 750/8/2255 4569/8/5038
f 4731/9/5036 4569/8/5038 1649/7/5039
f 1642/2324/5040 6297/3127/5041 4771/3128/5042
f 1646/2324/5043 6297/3127/5041 4762/2326/5044
f 6297/3127/5041 1677/2324/5045 4780/2326/5046
f 4771/3128/5042 4780/2326/5046 1676/2324/5047
f 1556/3/5024 6298/13/5048 4635/4/5049
f 4642/13/5050 4643/4/5051 6298/13/5048
f 6298/13/5048 1555/5/5052 4640/13/5053
f 4635/4/5049 4640/13/5053 1595/3/5054
f 4768/9/5055 4778/8/5056 1672/2085/5057
f 1649/7/5039 6299/8/5058 4768/9/5055
f 4569/8/5038 3207/8/2277 6299/8/5058
f 6299/8/5058 877/8/2275 4778/8/5056
f 4561/4/5059 4571/1/5060 1558/4/5061
f 1642/4/5062 6300/1/5063 4561/4/5059
f 4586/4/5064 4588/4/5033 6300/1/5063
f 6300/1/5063 1568/5/5065 4571/1/5060
f 4587/4/5066 4571/4/5060 1568/5/5065
f 1566/5/5067 6301/11/5068 4587/4/5066
f 4583/1/5069 4560/12/5070 6301/11/5068
f 6301/11/5068 1558/4/5061 4571/4/5060
f 3330/4/5071 4877/1/5072 1507/5/5073
f 889/5/5074 6302/4/5075 3330/4/5071
f 4865/4/5076 4576/4/5077 6302/4/5075
f 6302/4/5075 1666/5/5078 4877/1/5072
f 3329/4/5079 4865/4/5076 889/5/5074
f 890/5/5080 6303/1/5081 3329/4/5079
f 6303/1/5081 1562/5/5082 4575/4/5083
f 6303/1/5081 1564/4/5084 4865/4/5076
f 4777/4/5085 4773/4/5086 1674/2/5087
f 1673/13/5088 6304/4/5089 4777/4/5085
f 4580/4/5090 4560/4/5091 6304/4/5089
f 6304/4/5089 1557/13/5092 4773/4/5086
f 4773/4/5093 4776/5/5094 1674/60/5095
f 1557/12/5096 6305/1/5097 4773/4/5093
f 4583/1/5069 4767/4/5098 6305/1/5097
f 6305/1/5097 1671/60/5099 4776/5/5094
f 4730/2320/5100 4713/2320/5101 1653/2320/5102
f 1650/2320/5103 6306/2320/5104 4730/2320/5100
f 4710/2320/5105 4595/2320/5106 6306/2320/5104
f 6306/2320/5104 1569/2320/5107 4713/2320/5101
f 1559/4/5108 6307/1/5109 4592/4/5110
f 4596/4/5111 4574/4/5112 6307/1/5109
f 4574/4/5112 4597/4/5113 6307/1/5109
f 6307/1/5109 1573/4/5114 4592/4/5110
f 4595/4/5106 4593/4/5115 1569/4/5107
f 1571/4/5116 6308/1/5117 4595/4/5106
f 4586/4/5118 4596/4/5111 6308/1/5117
f 6308/1/5117 1559/4/5108 4593/4/5115
f 1639/2329/5119 6309/3129/2341 4589/28/5120
f 4791/2329/5119 3327/28/2344 6309/3129/2341
f 6309/3129/2341 2/9/2343 3226/29/2343
f 4589/28/5120 3226/29/2343 768/9/2343
f 1573/4/5114 6310/1/5121 4590/4/5122
f 4597/4/5113 4594/4/5123 6310/1/5121
f 6310/1/5121 1570/4/5124 4598/4/5125
f 4590/4/5122 4598/4/5125 1572/4/5126
f 1573/4/5127 6311/4/5128 4592/4/5129
f 4603/4/5130 4600/4/5131 6311/4/5128
f 6311/4/5128 1574/4/5132 4602/4/5133
f 4592/4/5129 4602/4/5133 1559/4/5134
f 1572/4/5135 6312/1/5136 4590/4/5136
f 4604/4/5135 4599/4/5136 6312/1/5136
f 6312/1/5136 1577/4/5137 4603/4/5130
f 4590/4/5136 4603/4/5130 1573/4/5127
f 1559/4/5134 6313/1/19 4593/4/19
f 4602/4/5133 4601/4/19 6313/1/19
f 4601/4/19 4605/4/19 6313/1/19
f 4593/4/19 4605/4/19 1569/4/19
f 4729/9/5138 4591/9/19 1653/29/5138
f 1654/29/5138 6314/28/19 4729/9/5138
f 4794/9/19 3297/8/19 6314/28/19
f 6314/28/19 765/9/19 4591/9/19
f 4728/2331/5139 4716/2333/5140 1656/2332/5141
f 1655/2330/5142 6315/2333/5143 4728/2331/5139
f 4607/2331/5144 4608/2331/5145 6315/2333/5143
f 6315/2333/5143 1582/2332/5146 4716/2333/5140
f 1638/4/5147 6316/2/5148 4702/4/5149
f 4609/4/5150 4752/4/5151 1580/4/5152
f 1583/4/5153 6316/2/5148 4609/4/5150
f 4721/1847/2380 4727/9/5154 1661/29/2380
f 774/1847/2380 6317/66/2381 4721/1847/2380
f 3072/66/2381 4611/8/2382 6317/66/2381
f 6317/66/2381 1656/7/5141 4727/9/5154
f 1591/10/5155 6318/4/5156 4632/4/5157
f 1595/3/5054 6318/4/5156 4628/4/5158
f 4640/1/5053 4639/4/5159 6318/4/5156
f 6318/4/5156 1593/4/5160 4632/4/5157
f 1585/4/5161 6319/1/5162 4612/4/5163
f 4616/4/5164 4637/4/5165 6319/1/5162
f 6319/1/5162 1584/4/5166 4617/4/5166
f 4612/4/5163 4617/4/5166 1567/4/5167
f 4726/29/2397 4717/28/2399 1657/29/2398
f 4726/29/2397 4720/28/2398 6320/3129/2398
f 4720/28/2398 3044/28/2398 6320/3129/2398
f 6320/3129/2398 784/9/2398 4717/28/2399
f 4636/4/5168 4702/1/5149 1583/4/5153
f 1578/4/5169 6321/1/5170 4636/4/5168
f 6321/1/5170 1586/4/5171 4705/4/5172
f 4702/1/5149 4705/4/5172 1638/4/5147
f 4618/4/5173 4606/4/5174 1586/4/5171
f 1578/4/5169 6322/1/5175 4618/4/5173
f 4615/4/5176 4616/4/5164 6322/1/5175
f 6322/1/5175 1585/4/5161 4606/4/5174
f 1567/4/2410 6323/1/2410 4612/4/2410
f 4624/4/2410 4620/4/2410 6323/1/2410
f 6323/1/2410 1589/4/2410 4625/4/2410
f 4612/4/2410 4625/4/2410 1585/4/2409
f 4725/9/2411 4721/1847/2380 1661/29/2380
f 1659/29/2411 6324/28/2411 4725/9/2411
f 4719/9/2411 3135/66/2411 6324/28/2411
f 6324/28/2411 774/1847/2380 4721/1847/2380
f 1657/2320/2410 6325/2320/2410 4613/2320/2410
f 4724/2320/2410 4621/2320/2410 6325/2320/2410
f 6325/2320/2410 1587/2320/2410 4624/2320/2410
f 4613/2320/2410 4624/2320/2410 1567/2320/2410
f 1585/4/5177 6326/1/5178 4606/4/5179
f 4625/4/5180 4619/4/5181 6326/1/5178
f 6326/1/5178 1590/4/5182 4627/4/5183
f 4606/4/5179 4627/4/5183 1586/4/5184
f 4627/4/2411 4614/4/5185 1586/4/5171
f 1590/4/2411 6327/1/2411 4627/4/2411
f 4622/4/2411 4626/4/2411 6327/1/2411
f 6327/1/2411 1579/4/5186 4614/4/5185
f 1609/13/5187 6328/4/5188 4631/12/5189
f 4629/4/5190 4632/4/5157 6328/4/5188
f 6328/4/5188 1593/4/5160 4630/4/5191
f 4631/12/5189 4630/4/5191 1610/4/5192
f 4633/4/5193 4636/4/5194 1583/4/5195
f 1593/4/5196 6329/1/5197 4633/4/5193
f 4639/4/5198 4615/4/5199 6329/1/5197
f 6329/1/5197 1578/4/5200 4636/4/5194
f 1602/1/5201 6330/2086/5202 4650/2/5203
f 4658/3/5204 4628/2/5158 6330/2086/5202
f 4628/2/5158 4659/3/5205 6330/2086/5202
f 6330/2086/5202 1565/1/5206 4650/2/5203
f 1583/4/5195 6331/1/5207 4633/4/5193
f 4609/4/5208 4634/4/5209 6331/1/5207
f 6331/1/5207 1610/4/5210 4630/4/5211
f 4633/4/5193 4630/4/5211 1593/4/5196
f 4641/4/5212 4570/2342/5213 1597/56/5214
f 1584/4/5215 6332/13/5216 4641/4/5212
f 6332/13/5216 1555/4/5052 4643/4/5051
f 4570/2342/5213 4643/4/5051 1596/56/5015
f 1651/2085/5217 6333/8/5218 4723/9/5219
f 4711/7/5220 3070/8/2458 6333/8/5218
f 6333/8/5218 749/9/2457 4720/9/2457
f 4723/9/5219 4720/9/2457 1660/29/5221
f 4673/4/5222 4665/4/5223 1611/4/5224
f 1614/4/5225 6334/4/5226 4673/4/5222
f 4669/4/5227 4672/4/5228 6334/4/5226
f 6334/4/5226 1594/4/5229 4665/4/5223
f 4705/4/5172 4610/1/5230 1638/4/5147
f 1586/4/5171 6335/1/5231 4705/4/5172
f 4614/4/5185 4704/4/5232 6335/1/5231
f 6335/1/5231 1582/5/5146 4610/1/5230
f 4867/3130/5233 4798/12/5234 886/5/5235
f 1632/3131/5236 6336/3132/5237 4867/3130/5233
f 4648/2337/5238 4577/2336/5239 6336/3132/5237
f 6336/3132/5237 1607/13/5240 4798/12/5234
f 1604/4/5241 6337/3/5242 4653/12/5243
f 4573/4/5244 4645/4/5245 6337/3/5242
f 6337/3/5242 1598/3/5246 4647/4/5247
f 4653/12/5243 4647/4/5247 1605/4/5248
f 4577/2336/5239 4663/12/5249 1607/13/5240
f 1608/2341/5250 6338/3133/5251 4577/2336/5239
f 4649/3134/5252 4662/2/5253 6338/3133/5251
f 6338/3133/5251 1599/4/5254 4663/12/5249
f 1605/4/5248 6339/2/5255 4654/12/5256
f 4647/4/5247 4652/13/5257 6339/2/5255
f 6339/2/5255 1668/60/5258 4646/60/5259
f 4654/12/5256 4646/60/5259 1603/5/5260
f 887/5/5261 6340/3/5262 4796/4/5263
f 1565/10/5206 6340/3/5262 4862/4/5264
f 6340/3/5262 1561/13/5265 4699/4/5266
f 4796/4/5263 4699/4/5266 1606/5/5267
f 4579/13/5268 4655/4/5269 1563/5/5270
f 1645/13/5271 6341/3/5272 4579/13/5268
f 4656/4/5273 4645/4/5245 6341/3/5272
f 6341/3/5272 1601/5/5274 4655/4/5269
f 4578/12/5275 4656/4/5273 1645/13/5271
f 1644/11/5276 6342/1/5277 4578/12/5275
f 4657/4/5278 4652/13/5257 6342/1/5277
f 6342/1/5277 1598/3/5246 4656/4/5273
f 4562/4/5025 4759/4/5279 1669/5/5026
f 4562/4/5025 4635/4/5049 6343/3/5280
f 6343/3/5280 1595/3/5054 4658/4/5204
f 4759/4/5279 4658/4/5204 1602/10/5201
f 1591/10/5155 6344/2/5281 4659/4/5205
f 4629/11/5190 4697/1/5282 6344/2/5281
f 6344/2/5281 1561/2/5265 4700/4/5283
f 4659/4/5205 4700/4/5283 1565/10/5206
f 4870/4/5284 4871/12/5285 1633/12/5286
f 894/4/3354 6345/15/5287 4870/4/5284
f 3344/4/2920 4850/4/5288 6345/15/5287
f 6345/15/5287 1546/4/5289 4871/12/5285
f 4672/4/5228 4664/4/5290 1594/4/5229
f 1616/4/5291 6346/11/5292 4672/4/5228
f 4668/4/5293 4674/13/5294 6346/11/5292
f 6346/11/5292 1592/5/5295 4664/4/5290
f 1592/5/5295 6347/1/5296 4666/4/5297
f 4674/13/5294 4670/4/5298 6347/1/5296
f 6347/1/5296 1613/4/5299 4671/4/5300
f 4666/4/5297 4671/4/5300 1612/4/5301
f 4789/2320/5302 4790/2320/3604 1043/2320/3602
f 1570/2320/5303 6348/2320/5304 4789/2320/5302
f 6348/2320/5304 888/2320/5305 4826/2320/5306
f 4790/2320/3604 4826/2320/5306 1640/2320/5307
f 4594/4/5308 4863/4/5309 1570/4/5303
f 4594/4/5308 4864/1/5310 6349/1/5311
f 4864/1/5310 3328/4/5312 6349/1/5311
f 6349/1/5311 888/4/5305 4863/4/5309
f 4655/4/5313 4676/4/5314 1563/4/5315
f 1601/4/5316 6350/1/5317 4655/4/5313
f 4866/4/5318 4803/4/5319 6350/1/5317
f 6350/1/5317 1619/1/5320 4676/4/5314
f 4573/4/5321 4866/4/5318 1601/4/5316
f 1604/4/5322 6351/13/5323 4573/4/5321
f 4677/4/5324 4802/4/5325 6351/13/5323
f 6351/13/5323 891/2/5326 4866/4/5318
f 1604/4/5322 6352/1/5327 4677/4/5324
f 4653/12/5328 4678/1/5329 6352/1/5327
f 6352/1/5327 1618/5/5330 4675/4/5331
f 4677/4/5324 4675/4/5331 1617/4/5332
f 1605/4/5333 6353/11/5334 4678/1/5329
f 4654/12/5335 4804/4/5336 6353/11/5334
f 6353/11/5334 892/4/5337 4800/4/5338
f 4678/1/5329 4800/4/5338 1618/5/5330
f 1662/5/5339 6354/11/5340 4781/1/5341
f 4559/4/5342 4568/1/5343 6354/11/5340
f 6354/11/5340 1643/5/5344 4566/4/5345
f 4781/1/5341 4566/4/5345 1675/5/5346
f 4738/13/5347 4679/4/5348 1637/12/5349
f 1636/5/5350 6355/3135/5351 4738/13/5347
f 4695/2/5352 4734/2344/5353 6355/3135/5351
f 6355/3135/5351 1623/5/5354 4679/4/5348
f 4735/3136/5355 4680/2345/5356 1626/2347/5357
f 1608/3137/5250 6356/3138/5358 4735/3136/5355
f 4648/2337/5238 4736/3139/5359 6356/3138/5358
f 6356/3138/5358 1627/5/5360 4680/2345/5356
f 4651/4/5361 4679/4/5362 1623/4/5363
f 1624/4/5364 6357/1/5365 4651/4/5361
f 4685/4/5366 4696/4/5367 6357/1/5365
f 6357/1/5365 1637/13/5368 4679/4/5362
f 4693/4/5369 4684/4/5370 1627/4/5371
f 1634/13/5372 6358/1/5373 4693/4/5369
f 4683/4/2610 4686/4/5374 6358/1/5373
f 6358/1/5373 1628/4/5375 4684/4/5370
f 4686/4/5376 4682/4/5377 1628/4/5378
f 1621/4/5379 6359/2/5380 4686/4/5376
f 4687/4/5381 4689/4/5382 6359/2/5380
f 6359/2/5380 1625/5/5383 4682/4/5377
f 4689/4/5382 4661/4/5384 1625/5/5383
f 1622/4/5385 6360/1/5386 4689/4/5382
f 4688/4/5387 4685/4/5388 6360/1/5386
f 6360/1/5386 1624/4/5389 4661/4/5384
f 1606/5/5267 6361/3140/5390 4797/4/5391
f 4699/4/5266 4692/3141/5392 6361/3140/5390
f 4692/3141/5392 4867/3130/5233 6361/3140/5390
f 4797/4/5391 4867/3130/5233 886/5/5235
f 1623/5/5354 6362/3142/5393 4681/2354/5394
f 4734/2344/5353 4649/2355/5252 6362/3142/5393
f 6362/3142/5393 1608/3137/5250 4735/3136/5355
f 4681/2354/5394 4735/3136/5355 1626/2347/5357
f 1633/12/5286 6363/15/5395 4870/4/5284
f 4698/12/5396 4869/12/5397 6363/15/5395
f 6363/15/5395 885/4/5398 3331/4/3356
f 4870/4/5284 3331/4/3356 894/4/3354
f 4874/13/5399 4688/4/5387 1622/4/5385
f 893/5/2949 6364/1/5400 4874/13/5399
f 4809/4/3439 4750/4/5401 6364/1/5400
f 6364/1/5400 1620/4/5402 4688/4/5387
f 4848/4/5403 4875/1/5404 1532/5/5405
f 893/5/2949 6365/4/5406 4848/4/5403
f 4874/4/5399 4687/4/5381 6365/4/5406
f 6365/4/5406 1621/5/5379 4875/1/5404
f 1556/3/5024 6366/13/5407 4642/13/5050
f 4858/13/5408 3324/4/5409 6366/13/5407
f 6366/13/5407 1053/4/5016 4861/4/5013
f 4642/13/5050 4861/4/5013 1596/56/5015
f 1670/13/5410 6367/11/5411 4564/12/5412
f 4878/1/5413 4793/4/5414 6367/11/5411
f 6367/11/5411 1647/5/5021 4567/13/5020
f 4564/12/5412 4567/13/5020 1669/5/5026
f 4671/4/5415 4644/4/5416 1612/4/5417
f 1613/4/5418 6368/4/5419 4671/4/5415
f 4667/4/5420 4673/4/5222 6368/4/5419
f 6368/4/5419 1611/4/5224 4644/4/5416
f 1561/15/5265 6369/3143/5421 4692/3141/5392
f 4698/12/5422 4697/1/5282 1609/13/5187
f 1633/12/5423 6369/3143/5421 4698/12/5422
f 4691/2358/5424 4694/15/5425 1635/15/5426
f 4692/2352/5392 4691/2385/5424 1632/3131/5236
f 1620/4/5402 6370/13/5427 4696/4/5428
f 4750/4/5401 4660/4/5429 6370/13/5427
f 6370/13/5427 1636/5/5350 4738/13/5347
f 4696/4/5428 4738/13/5347 1637/12/5349
f 887/5/5261 6371/3/5430 4862/4/5264
f 4795/4/5431 4765/4/5432 6371/3/5430
f 4765/4/5432 4650/4/5203 6371/3/5430
f 4862/4/5264 4650/4/5203 1565/10/5206
f 4775/1/5433 4580/4/5090 1673/13/5088
f 1646/5/5434 6372/11/5435 4775/1/5433
f 4762/4/5436 4561/4/5437 6372/11/5435
f 6372/11/5435 1558/4/5438 4580/4/5090
f 4608/4/5145 4610/4/5230 1582/5/5146
f 1581/4/5439 6373/1/5440 4608/4/5145
f 4751/4/5441 4752/4/5151 6373/1/5440
f 6373/1/5440 1638/4/5147 4610/4/5230
f 1572/2320/5126 6374/2320/5442 4706/2320/5443
f 4598/2320/5125 4789/2320/5444 6374/2320/5442
f 6374/2320/5442 1043/2320/5445 4791/2320/5119
f 4706/2320/5443 4791/2320/5119 1639/2320/5119
f 1576/497/5446 6375/498/5447 4599/499/5448
f 4707/498/5449 4601/499/5450 6375/498/5447
f 6375/498/5447 1574/498/5451 4600/499/5452
f 4599/499/5448 4600/499/5452 1577/498/5453
f 1654/497/5454 6376/501/5455 4830/498/4509
f 1575/497/5456 6376/501/5455 4714/499/5457
f 6376/501/5455 1576/497/5446 4872/499/5458
f 4830/498/4509 4872/499/5458 1380/497/4510
f 4619/2360/2697 4622/2360/2698 1590/2361/2697
f 1589/2361/2697 6377/2362/2698 4619/2360/2697
f 4620/2360/2697 4708/2362/2697 6377/2362/2698
f 4622/2360/2698 4708/2362/2697 1588/2362/2698
f 1658/2362/2697 6378/2362/2697 4722/2362/2697
f 789/2362/2697 6378/2362/2697 4718/2360/2697
f 3140/2362/2697 4719/2360/2698 6378/2362/2697
f 4722/2362/2697 4719/2360/2698 1659/2362/2697
f 4667/499/5459 4669/499/5460 1614/498/5461
f 1613/498/5462 6379/498/5463 4667/499/5459
f 4670/499/5464 4668/499/5465 6379/498/5463
f 6379/498/5463 1616/498/5466 4669/499/5460
f 4621/2360/2697 4708/2362/2697 1587/2362/2697
f 1658/2362/2697 6380/2362/2697 4621/2360/2697
f 4722/2362/2697 4623/2360/2697 6380/2362/2697
f 4708/2362/2697 4623/2360/2697 1588/2362/2698
f 1597/2323/5214 6381/2320/5467 4641/2320/5212
f 4584/2321/5468 4723/2320/5219 6381/2320/5467
f 6381/2320/5467 1660/2320/5221 4638/2320/5469
f 4641/2320/5212 4638/2320/5469 1584/2320/5215
f 3054/8/2410 4717/9/2410 784/9/2409
f 3054/8/2410 4718/9/2410 6382/8/2410
f 6382/8/2410 1658/29/2410 4724/9/2410
f 4717/9/2410 4724/9/2410 1657/29/2410
f 4626/2331/2411 4703/2331/5470 1579/2330/5186
f 1588/2330/2411 6383/2333/2411 4626/2331/2411
f 4623/2331/2411 4725/2331/2411 6383/2333/2411
f 6383/2333/2411 1661/2330/2380 4703/2331/5470
f 1567/2320/5167 6384/2320/2713 4613/2320/2713
f 4617/2320/5166 4638/2320/5471 6384/2320/2713
f 6384/2320/2713 1660/2320/2399 4726/2320/2397
f 4613/2320/2713 4726/2320/2397 1657/2320/2398
f 1579/2330/5186 6385/2333/5472 4704/2331/5232
f 4703/2331/5470 4727/2331/5154 6385/2333/5472
f 6385/2333/5472 1656/2332/5141 4716/2333/5140
f 4704/2331/5232 4716/2333/5140 1582/2332/5146
f 779/8/2382 6386/8/2717 4611/8/2382
f 3035/28/2717 4715/9/2718 6386/8/2717
f 4715/9/2718 4728/9/5139 6386/8/2717
f 6386/8/2717 1656/7/5141 4611/8/2382
f 4605/2320/19 4713/2320/19 1569/2320/19
f 1575/2320/19 6387/2320/19 4605/2320/19
f 4714/2320/19 4729/2320/5138 6387/2320/19
f 6387/2320/19 1653/2320/5138 4713/2320/19
f 765/9/2719 6388/28/5473 4591/28/5473
f 3019/28/2719 4572/28/2721 6388/28/5473
f 4572/28/2721 4730/29/5100 6388/28/5473
f 6388/28/5473 1653/29/5102 4591/28/5473
f 4767/2320/5098 4774/2322/5474 1671/2323/5099
f 1566/2323/5067 6389/2365/5475 4767/2320/5098
f 4701/2321/5476 4768/2320/5055 6389/2365/5475
f 6389/2365/5475 1672/2323/5057 4774/2322/5474
f 1568/2323/5065 6390/2364/5477 4587/2320/5066
f 4585/2321/5032 4731/2320/5036 6390/2364/5477
f 6390/2364/5477 1649/2323/5039 4701/2321/5476
f 4587/2320/5066 4701/2321/5476 1566/2323/5067
f 2993/8/2727 4572/9/5478 752/9/2728
f 751/8/2257 6391/8/5479 2993/8/2727
f 4712/8/5037 4732/9/5027 6391/8/5479
f 6391/8/5479 1650/29/5029 4572/9/5478
f 1576/2320/5135 6392/2320/5480 4872/2320/5480
f 4604/2320/5135 4706/2320/5480 6392/2320/5480
f 6392/2320/5480 1639/2320/5481 4873/2320/5481
f 4872/2320/5480 4873/2320/5481 1380/2320/5481
f 768/9/336 6393/8/336 4589/1847/336
f 3311/8/336 3646/9/336 6393/8/336
f 6393/8/336 1380/29/5481 4873/1847/5481
f 4589/1847/336 4873/1847/5481 1639/2329/5481
f 4868/4/5482 4532/4/5483 1532/5/5405
f 1635/1/5426 6394/1/5484 4868/4/5482
f 4694/1/5425 4871/12/5485 6394/1/5484
f 6394/1/5484 1546/4/5486 4532/4/5483
f 1664/2366/5487 6395/2368/5488 4740/2368/5489
f 4749/2368/5490 4741/2368/5491 6395/2368/5488
f 6395/2368/5488 1630/2369/5492 4690/2368/5493
f 4740/2368/5489 4690/2368/5493 1629/2366/5494
f 4743/2371/5495 4680/2370/5496 1627/2372/5371
f 4743/2371/5495 4709/2375/5497 6396/3144/5498
f 6396/3144/5498 1629/2372/5499 4742/2373/5500
f 4680/2370/5496 4742/2373/5500 1626/2347/5501
f 4684/2375/5370 4743/2371/5495 1627/2372/5371
f 4684/2375/5370 4746/2375/5502 6397/2377/5503
f 4746/2375/5502 4739/2375/5504 6397/2377/5503
f 6397/2377/5503 1631/2372/5505 4743/2371/5495
f 4748/2368/5506 4739/2368/5507 1665/2369/5508
f 1664/2366/5487 6398/2367/5509 4748/2368/5506
f 4740/2368/5489 4709/2368/5510 6398/2367/5509
f 6398/2367/5509 1631/2369/5511 4739/2368/5507
f 4690/2375/5512 4742/3145/5500 1629/2372/5499
f 4690/2375/5512 4744/2376/5513 6399/3146/5514
f 4744/2376/5513 4681/2380/5515 6399/3146/5514
f 6399/3146/5514 1626/2347/5501 4742/3145/5500
f 4651/2375/5361 4747/2375/5516 1624/2378/5364
f 4651/2375/5361 4744/2371/5513 6400/3147/5517
f 6400/3147/5517 1630/2372/5518 4741/2375/5519
f 4747/2375/5516 4741/2375/5519 1663/2378/5520
f 1628/2378/5378 6401/2382/5521 4746/2375/5522
f 4682/2375/5377 4745/2382/5523 6401/2382/5521
f 6401/2382/5521 1664/2372/5524 4748/2375/5525
f 4746/2375/5522 4748/2375/5525 1665/2378/5526
f 1625/2372/5383 6402/2383/5527 4745/2382/5523
f 4661/2375/5384 4747/2375/5528 6402/2383/5527
f 6402/2383/5527 1663/2378/5529 4749/2375/5530
f 4745/2382/5523 4749/2375/5530 1664/2372/5524
f 1632/3131/5236 6403/3148/5531 4736/3149/5359
f 1635/10/5426 6403/3148/5531 4691/3150/5424
f 4737/4/5532 4693/4/5533 6403/3148/5531
f 6403/3148/5531 1627/5/5360 4736/3149/5359
f 4868/4/5482 4737/4/5532 1635/10/5426
f 1532/5/5405 6404/1/5534 4868/4/5482
f 6404/1/5534 1621/5/5379 4683/4/5535
f 6404/1/5534 1634/12/5536 4737/4/5532
f 1610/2386/5537 6405/2387/5538 4754/2388/5539
f 4634/2388/5538 4753/2388/5540 6405/2387/5538
f 6405/2387/5538 1611/2386/5541 4665/2388/5542
f 4754/2388/5539 4665/2388/5542 1594/2386/5543
f 4754/2388/5539 4631/2388/5544 1610/2386/5537
f 1594/2386/5543 6406/2387/5545 4754/2388/5539
f 6406/2387/5545 1592/2387/5546 4755/2387/5547
f 4631/2388/5544 4755/2387/5547 1609/2390/5548
f 1612/2386/5549 6407/2387/5550 4666/2388/5551
f 4876/2388/5552 4869/2388/5397 6407/2387/5550
f 6407/2387/5550 1609/2390/5548 4755/2387/5547
f 6407/2387/5550 1592/2387/5546 4666/2388/5551
f 1612/2386/5549 6408/2387/5553 4876/2388/5552
f 1611/2386/5541 6408/2387/5553 4644/2388/5554
f 4753/2388/5540 4799/2388/5555 6408/2387/5553
f 4876/2388/5552 4799/2388/5555 885/2386/5398
f 4834/4/5556 4676/4/5314 1619/1/5320
f 1507/5/5073 6409/1/5557 4834/4/5556
f 4877/1/5072 4756/4/5558 6409/1/5557
f 6409/1/5557 1563/4/5315 4676/4/5314
f 4579/1/5268 4757/4/5559 1645/13/5271
f 1563/5/5270 6410/1/5560 4579/1/5268
f 4756/4/5561 4758/2/5562 6410/1/5560
f 6410/1/5560 1667/5/5563 4757/4/5559
f 1603/5/5260 6411/13/5564 4765/4/5432
f 4646/60/5259 4760/4/5565 6411/13/5564
f 6411/13/5564 1669/5/5026 4759/1/5279
f 6411/13/5564 1602/10/5201 4765/4/5432
f 4760/4/5565 4564/12/5412 1669/4/5026
f 1668/2/5258 6412/1/5566 4760/4/5565
f 4657/4/5278 4761/12/5567 6412/1/5566
f 4564/12/5412 4761/12/5567 1670/12/5410
f 1643/5/5344 6413/11/5568 4764/12/5569
f 4568/13/5343 4836/4/5570 6413/11/5568
f 6413/11/5568 1511/5/5571 4878/1/5413
f 4764/12/5569 4878/1/5413 1670/13/5410
f 4582/2320/5572 4584/2321/5468 1597/2323/5214
f 1671/2323/5099 6414/2365/5573 4582/2320/5572
f 4774/2322/5474 4581/2320/5574 6414/2365/5573
f 6414/2365/5573 1651/2323/5217 4584/2321/5468
f 4779/2326/5575 4772/2326/5576 1675/2391/5346
f 1677/2324/5045 6415/2392/5577 4779/2326/5575
f 4733/3151/5578 4766/2326/5579 6415/2392/5577
f 6415/2392/5577 1641/2328/5012 4772/2326/5576
f 4563/12/5580 4769/12/5581 1554/12/5582
f 1641/4/5583 6416/11/5584 4563/12/5580
f 4766/4/5585 4775/1/5433 6416/11/5584
f 6416/11/5584 1673/13/5088 4769/12/5581
f 4770/4/5586 4570/2342/5213 1596/56/5015
f 1674/60/5095 6417/13/5587 4770/4/5586
f 4776/5/5094 4582/4/5572 6417/13/5587
f 6417/13/5587 1597/56/5214 4570/2342/5213
f 4565/4/5588 4770/4/5589 1596/13/5590
f 1554/12/5582 6418/13/5591 4565/4/5588
f 4769/12/5581 4777/4/5085 6418/13/5591
f 6418/13/5591 1674/2/5087 4770/4/5589
f 4581/9/5574 4711/8/5220 1651/2085/5217
f 1672/2085/5057 6419/7/5592 4581/9/5574
f 4778/8/5056 3203/7/2838 6419/7/5592
f 6419/7/5592 799/7/2459 4711/8/5220
f 1051/5/5010 6420/11/5593 4860/1/5011
f 4837/4/5594 4781/1/5341 6420/11/5593
f 6420/11/5593 1675/5/5346 4772/4/5576
f 4860/1/5011 4772/4/5576 1641/5/5012
f 1564/4/5595 6421/3152/5596 4576/4/5597
f 4782/3153/5598 4763/2326/5599 6421/3152/5596
f 6421/3152/5596 1667/2328/5563 4758/2395/5562
f 4576/4/5597 4758/2395/5562 1666/4/5600
f 4771/3154/5042 4574/2395/5601 1642/2324/5040
f 1676/2324/5047 6422/3155/5602 4771/3154/5042
f 4782/3156/5598 4575/4/5603 6422/3155/5602
f 6422/3155/5602 1562/4/5604 4574/2395/5601
f 4566/2399/5345 4880/2401/5605 1675/2400/5346
f 4566/2399/5345 4881/2400/5606 6423/2400/5607
f 6423/2400/5607 1512/2400/5608 4502/2399/5609
f 4880/2401/5605 4502/2399/5609 1514/2400/5610
f 1643/2400/5344 6424/2400/5611 4881/2400/5606
f 4764/2399/5569 4882/2400/5612 6424/2400/5611
f 6424/2400/5611 1513/2400/5613 4503/2399/5614
f 4881/2400/5606 4503/2399/5614 1512/2400/5608
f 1670/2400/5410 6425/2400/5615 4882/2400/5612
f 1644/2400/5276 6425/2400/5615 4761/2399/5567
f 4785/2400/5616 4879/2399/5617 6425/2400/5615
f 4882/2400/5612 4879/2399/5617 1513/2400/5613
f 4578/2399/5275 4785/2400/5616 1644/2400/5276
f 1645/2400/5271 6426/2400/5618 4578/2399/5275
f 4786/2400/5619 4783/2399/5620 6426/2400/5618
f 6426/2400/5618 1678/2400/5621 4785/2400/5616
f 4757/2399/5559 4786/2400/5619 1645/2400/5271
f 1667/2400/5563 6427/2400/5622 4757/2399/5559
f 4787/2400/5623 4784/2399/5624 6427/2400/5622
f 6427/2400/5622 1679/2400/5625 4786/2400/5619
f 4763/2399/5599 4787/2400/5623 1667/2400/5563
f 4763/2399/5599 4883/2400/5626 6428/2400/5627
f 6428/2400/5627 1515/2400/5628 4838/2399/5629
f 6428/2400/5627 1680/2400/5630 4787/2400/5623
f 1676/2400/5047 6429/2400/5631 4883/2400/5626
f 4780/2399/5046 4788/2400/5632 6429/2400/5631
f 4788/2400/5632 4840/2399/5633 6429/2400/5631
f 4883/2400/5626 4840/2399/5633 1515/2400/5628
f 4779/2399/5575 4788/2400/5632 1677/2400/5045
f 1675/2400/5346 6430/2400/5634 4779/2399/5575
f 4880/2401/5605 4839/2399/5635 6430/2400/5634
f 6430/2400/5634 1681/2400/5636 4788/2400/5632
f 4844/3093/4860 4879/2404/5637 1678/2405/4861
f 1517/2161/4859 6431/3157/5638 4844/3093/4860
f 4507/2409/4864 4515/2408/4850 6431/3157/5638
f 6431/3157/5638 1513/2406/4852 4879/2404/5637
f 52/1/1 1746/3/5 4884/2/2
f 53/1/4 1781/2/177 4884/2/2
f 4884/2/2 1781/2/177 56/1/6
f 1782/2/3 4884/2/2 1754/3/7
f 1837/4/9 4885/1/13 1833/1/10
f 100/4/12 1829/4/14 4885/1/13
f 1829/4/14 35/5/5639 1810/1/15
f 4885/1/13 1810/1/15 87/6/16
f 546/7/17 2671/9/17 4886/8/18
f 2671/9/17 553/29/17 2634/9/18
f 4886/8/18 2634/9/18 1/7/19
f 1825/8/18 4886/8/18 1820/8/19
f 1826/4/20 4887/1/24 1685/1/21
f 98/10/23 1817/1/25 4887/1/24
f 1817/1/25 93/5/376 1734/4/26
f 4887/1/24 1734/4/26 94/5/27
f 91/5/28 1815/4/31 4888/1/29
f 1815/4/31 70/4/311 1759/4/32
f 4888/1/29 1759/4/32 106/4/33
f 1761/4/30 4888/1/29 1851/4/34
f 405/4/36 1952/4/39 4889/11/37
f 1952/4/39 406/4/572 1953/4/40
f 4889/11/37 1953/4/40 113/12/41
f 1705/4/38 4889/11/37 1854/13/42
f 23/5/44 1695/4/47 4890/10/45
f 1695/4/47 16/5/101 1694/14/48
f 4890/10/45 1694/14/48 19/2/49
f 1702/1/46 4890/10/45 1701/4/50
f 2951/4/52 4891/1/53 3240/4/52
f 723/4/53 3241/4/53 4891/1/53
f 3241/4/53 75/4/53 1697/4/53
f 4891/1/53 1697/4/53 74/4/54
f 21/4/55 1785/12/59 4892/1/56
f 694/13/58 2890/4/5640 4892/1/56
f 4892/1/56 2890/4/5640 17/4/60
f 2038/1/57 4892/1/56 1792/4/61
f 722/4/63 3257/4/67 4893/4/64
f 1703/4/66 4893/4/64 3257/4/67
f 22/5/51 3243/1/65 4893/4/64
f 1698/4/69 4894/1/73 1696/4/70
f 75/4/72 3241/4/74 4894/1/73
f 3241/4/74 723/4/5641 3245/4/75
f 4894/1/73 3245/4/75 24/4/76
f 3253/15/77 4895/1/79 1701/16/50
f 734/12/78 2964/4/80 4895/1/79
f 2964/4/80 722/4/63 3243/1/65
f 4895/1/79 3243/1/65 22/5/51
f 24/4/81 3254/4/84 4896/14/82
f 3254/4/84 734/12/78 3253/16/77
f 4896/14/82 3253/16/77 19/2/49
f 1696/4/83 4896/14/82 1693/10/85
f 3240/4/87 4897/1/91 3255/4/88
f 74/5/90 1704/4/232 4897/1/91
f 4897/1/91 1704/4/232 25/13/92
f 3255/4/88 4897/1/91 1951/4/93
f 1709/4/95 4898/17/97 1693/10/85
f 28/10/96 1720/4/98 4898/17/97
f 1720/4/98 34/2/145 1708/16/99
f 4898/17/97 1708/16/99 76/5/86
f 1710/4/100 4899/3/103 1694/14/48
f 29/5/102 1721/4/104 4899/3/103
f 1721/4/104 28/10/96 1709/4/95
f 4899/3/103 1709/4/95 19/2/49
f 42/10/105 1773/1/109 4900/12/106
f 631/4/108 2784/15/110 4900/12/106
f 2784/15/110 617/5/1935 2783/4/111
f 4900/12/106 2783/4/111 90/4/112
f 40/4/113 1724/4/116 4901/3/114
f 1724/4/116 41/5/141 1718/4/117
f 4901/3/114 1718/4/117 28/10/96
f 1711/4/115 4901/3/114 1721/4/104
f 1875/4/118 4902/10/122 1866/4/119
f 39/5/121 1712/14/123 4902/10/122
f 1712/14/123 33/2/181 1874/4/124
f 4902/10/122 1874/4/124 121/10/125
f 119/1/126 1873/3/129 4903/2/127
f 1873/3/129 26/1/173 1714/2/130
f 4903/2/127 1714/2/130 53/1/4
f 1862/2/128 4903/2/127 1877/3/131
f 1772/4/133 4904/10/137 1769/4/134
f 1772/4/133 72/10/393 1715/1/136
f 4904/10/137 1715/1/136 36/12/138
f 1769/4/134 4904/10/137 1728/12/139
f 41/5/141 1725/4/143 4905/10/142
f 1725/4/143 38/5/456 1716/14/144
f 4905/10/142 1716/14/144 34/2/145
f 1718/4/117 4905/10/142 1720/4/98
f 17/4/146 2890/4/149 4906/4/147
f 2890/4/149 694/12/319 2891/4/150
f 4906/4/147 2891/4/150 693/4/151
f 1788/4/148 4906/4/147 2889/4/152
f 1778/4/154 4907/3/158 1753/4/155
f 1778/4/154 54/5/231 1747/4/157
f 1747/4/157 52/10/1 1782/4/3
f 4907/3/158 1782/4/3 60/10/8
f 104/5/11 1833/1/10 4908/1/159
f 87/6/16 1808/4/359 4908/1/159
f 4908/1/159 1808/4/359 51/4/161
f 1836/4/160 4908/1/159 1807/4/162
f 1700/4/164 4909/10/167 1713/4/165
f 1700/4/164 76/5/86 1708/16/99
f 4909/10/167 1708/16/99 34/2/145
f 4909/10/167 1726/4/168 31/10/169
f 1865/4/170 4910/18/171 1873/4/129
f 121/10/125 1874/4/124 4910/18/171
f 1874/4/124 33/2/181 1727/4/172
f 4910/18/171 1727/4/172 26/10/173
f 26/1/173 1779/3/175 4911/2/174
f 1779/3/175 32/1/178 1717/2/176
f 1717/2/176 56/1/6 1781/3/177
f 1714/2/130 4911/2/174 1781/3/177
f 32/10/178 1779/4/175 4912/19/179
f 1779/4/175 26/10/173 1727/4/172
f 4912/19/179 1727/4/172 33/2/181
f 1729/4/180 4912/19/179 1780/4/182
f 1767/4/183 4913/3/187 1768/14/184
f 37/5/186 1771/4/188 4913/3/187
f 1771/4/188 72/10/393 1772/4/133
f 4913/3/187 1772/4/133 73/3/135
f 624/4/189 2764/4/192 4914/1/190
f 2764/4/192 50/4/337 1686/4/193
f 4914/1/190 1686/4/193 85/4/194
f 2773/1/191 4914/1/190 2765/4/195
f 56/1/6 1717/3/176 4915/2/197
f 32/1/178 1743/2/199 4915/2/197
f 1743/2/199 62/4/255 1756/4/200
f 4915/2/197 1756/4/200 63/4/201
f 1745/4/202 4916/1/206 1730/4/203
f 35/4/205 2757/4/207 4916/1/206
f 2757/4/207 64/4/5642 2758/4/208
f 4916/1/206 2758/4/208 92/4/209
f 1739/4/210 4917/4/213 2776/1/211
f 82/5/204 1730/4/203 4917/4/213
f 1730/4/203 92/4/209 2774/4/214
f 4917/4/213 2774/4/214 618/5/215
f 620/4/216 2892/4/220 4918/2/217
f 1778/4/219 4918/2/217 2892/4/220
f 59/4/221 2759/1/218 4918/2/217
f 60/1/8 1754/3/7 4919/2/222
f 1754/3/7 56/1/6 1738/2/198
f 4919/2/222 1738/2/198 63/4/201
f 1741/2/223 4919/2/222 1765/4/224
f 122/4/226 1863/4/230 4920/3/227
f 124/10/229 1876/4/239 4920/3/227
f 4920/3/227 1876/4/239 52/10/1
f 1878/4/228 4920/3/227 1747/4/157
f 1704/1/232 4921/3/235 1748/1/233
f 1704/1/232 74/5/90 1750/4/234
f 1750/4/234 57/10/481 1752/4/236
f 4921/3/235 1752/4/236 55/3/237
f 1864/3/238 4922/2/240 1876/2/239
f 123/1/132 1877/2/131 4922/2/240
f 1877/2/131 53/1/4 1746/3/5
f 4922/2/240 1746/3/5 52/1/1
f 30/4/241 1707/12/244 4923/2/242
f 1748/11/233 4923/2/242 1707/12/244
f 55/11/237 1706/1/243 4923/2/242
f 2894/4/245 4924/4/247 1878/4/228
f 118/4/246 1879/1/248 4924/4/247
f 122/11/226 1878/1/228 4924/4/247
f 59/4/156 1753/4/155 4925/4/249
f 1753/4/155 60/10/8 1741/4/223
f 4925/4/249 1741/4/223 61/4/225
f 1740/4/250 4925/4/249 1764/4/251
f 1729/3/180 4926/2/253 1743/2/199
f 42/1/105 1755/2/107 4926/2/253
f 1755/2/107 90/4/112 1758/4/254
f 4926/2/253 1758/4/254 62/4/255
f 1774/20/256 4927/24/260 1850/21/257
f 94/23/259 1811/25/261 4927/24/260
f 1811/25/261 89/33/288 1824/26/262
f 4927/24/260 1824/26/262 111/27/263
f 66/9/264 1813/28/267 4928/28/265
f 1813/28/267 67/1847/3146 2633/29/268
f 4928/28/265 2633/29/268 552/29/269
f 2632/28/266 4928/28/265 2670/29/270
f 43/4/272 1766/11/275 4929/10/273
f 1766/11/275 68/13/284 1814/4/276
f 1814/4/276 69/38/308 2780/16/277
f 2782/4/274 4929/10/273 2780/16/277
f 1728/12/279 4930/1/281 1766/1/275
f 36/13/280 1733/4/282 4930/1/281
f 1733/4/282 49/4/5643 1775/4/283
f 4930/1/281 1775/4/283 68/13/284
f 46/30/285 1801/34/289 4931/31/286
f 89/33/288 1811/35/261 4931/31/286
f 1811/35/261 94/23/259 1734/36/290
f 1731/32/287 4931/31/286 1734/36/290
f 2756/4/292 4932/4/296 1763/4/293
f 629/5/295 2778/4/297 4932/4/296
f 2778/4/297 63/4/1926 1756/4/298
f 4932/4/296 1756/4/298 62/4/299
f 671/4/300 2853/4/303 4933/4/301
f 2853/4/303 680/5/1930 2920/4/304
f 4933/4/301 2920/4/304 90/4/305
f 2914/4/302 4933/4/301 2783/4/306
f 1814/12/276 4934/2/310 1762/10/307
f 1814/12/276 68/13/284 1760/4/309
f 4934/2/310 1760/4/309 70/4/311
f 1762/10/307 4934/2/310 1815/4/31
f 20/4/312 1783/4/315 4935/1/313
f 17/4/146 1788/4/148 4935/1/313
f 1788/4/148 74/4/153 1697/4/316
f 1787/4/314 4935/1/313 1697/4/316
f 18/4/318 1784/4/318 4936/1/318
f 1784/4/318 20/4/312 1787/4/314
f 4936/1/318 1787/4/314 75/4/317
f 1789/4/318 4936/1/318 1698/4/318
f 694/12/319 1785/4/321 4937/4/320
f 1785/4/321 21/4/318 1790/4/322
f 4937/4/320 1790/4/322 77/4/323
f 2891/4/150 4937/4/320 1699/4/324
f 1786/4/318 4938/15/318 1790/4/322
f 18/4/318 1789/4/318 4938/15/318
f 1789/4/318 76/4/318 1700/4/318
f 4938/15/318 1700/4/318 77/4/323
f 1783/4/325 4939/1/327 1792/4/61
f 20/4/326 1794/4/328 4939/1/327
f 1794/4/328 79/4/334 1791/4/329
f 4939/1/327 1791/4/329 78/13/62
f 18/4/330 1786/4/333 4940/11/331
f 1786/4/333 21/4/55 2038/1/57
f 4940/11/331 2038/1/57 78/12/62
f 1793/4/332 4940/11/331 1791/4/329
f 20/4/326 1784/4/335 4941/3/335
f 18/4/330 1793/4/332 4941/3/335
f 1794/4/328 4941/3/335 1793/4/332
f 109/4/336 1849/4/336 4942/1/336
f 1849/4/336 110/4/336 1802/4/336
f 4942/1/336 1802/4/336 85/4/194
f 1795/4/336 4942/1/336 1686/4/193
f 1795/4/338 4943/4/338 1848/4/339
f 50/4/341 1799/4/342 4943/4/338
f 1799/4/342 81/4/1908 1736/4/343
f 4943/4/338 1736/4/343 105/4/339
f 1796/4/344 4944/15/347 2772/4/345
f 51/4/161 1800/4/348 4944/15/347
f 1800/4/348 82/4/362 1739/4/349
f 4944/15/347 1739/4/349 623/4/350
f 2669/9/351 4945/8/355 2628/9/352
f 621/7/354 2761/8/356 4945/8/355
f 2761/8/356 622/8/1887 1737/8/357
f 4945/8/355 1737/8/357 44/7/358
f 1810/1/15 4946/1/361 1808/4/359
f 1810/1/15 35/5/5639 1745/4/360
f 4946/1/361 1745/4/360 82/4/362
f 1808/4/359 4946/1/361 1800/4/348
f 107/39/35 1851/39/34 4947/40/363
f 1851/39/34 106/39/33 1839/39/365
f 4947/40/363 1839/39/365 551/39/271
f 1840/39/364 4947/40/363 2670/39/270
f 1759/4/366 4948/3/366 1847/4/18
f 70/4/367 1819/4/22 4948/3/366
f 1819/4/22 95/10/22 1845/4/366
f 4948/3/366 1845/4/366 112/5/18
f 1770/4/368 4949/10/369 1712/14/123
f 71/5/185 1768/14/184 4949/10/369
f 1768/14/184 73/3/135 1723/4/370
f 4949/10/369 1723/4/370 33/2/181
f 1823/4/371 4950/11/373 1817/1/25
f 99/4/372 1818/4/5644 4950/11/373
f 4950/11/373 1818/4/5644 46/5/374
f 1817/1/25 4950/11/373 1731/5/375
f 1775/4/377 4951/2/381 1821/4/378
f 49/4/380 1822/4/380 4951/2/381
f 1822/4/380 99/4/372 1823/4/371
f 4951/2/381 1823/4/371 98/10/23
f 103/4/382 1807/4/385 4952/1/383
f 1807/4/385 51/4/1915 1805/4/386
f 4952/1/383 1805/4/386 86/4/387
f 1834/4/384 4952/1/383 1803/4/388
f 1760/12/390 4953/3/391 1819/4/22
f 68/12/379 1821/4/378 4953/3/391
f 1821/4/378 98/10/23 1826/4/20
f 4953/3/391 1826/4/20 95/10/22
f 1827/4/392 4954/1/395 1715/1/136
f 99/4/394 1822/4/396 4954/1/395
f 1822/4/396 49/4/5645 1733/4/397
f 1715/1/136 4954/1/395 1733/4/397
f 1828/4/398 4955/2/400 1771/4/188
f 46/4/399 1818/4/401 4955/2/400
f 1818/4/401 99/4/394 1827/4/392
f 4955/2/400 1827/4/392 72/10/393
f 1736/4/402 4956/1/406 1846/4/403
f 81/4/405 1735/4/407 4956/1/406
f 1735/4/407 91/4/5646 1761/4/408
f 4956/1/406 1761/4/408 107/4/409
f 549/39/410 1832/39/413 4957/41/411
f 1832/39/413 103/39/382 1834/39/384
f 4957/41/411 1834/39/384 102/39/389
f 2668/39/412 4957/41/411 1831/39/414
f 2892/4/415 4958/1/419 2893/4/416
f 620/4/418 2762/1/420 4958/1/419
f 2762/1/420 65/5/1754 1719/4/421
f 4958/1/419 1719/4/421 391/4/422
f 545/42/423 2626/41/426 4959/41/424
f 2626/41/426 104/42/11 1836/39/160
f 4959/41/424 1836/39/160 103/39/163
f 2667/39/425 4959/41/424 1832/39/427
f 2666/39/429 4960/41/431 2626/41/426
f 544/39/430 2625/39/432 4960/41/431
f 2625/39/432 100/39/12 1837/39/9
f 4960/41/431 1837/39/9 104/42/11
f 1838/39/433 4961/40/436 2665/39/434
f 105/39/404 1846/39/403 4961/40/436
f 1846/39/403 107/39/409 1840/39/437
f 4961/40/436 1840/39/437 552/39/438
f 1839/39/439 4962/42/439 2664/39/17
f 106/39/18 1847/39/18 4962/42/439
f 1847/39/18 112/42/18 2627/41/439
f 4962/42/439 2627/41/439 546/42/17
f 1723/4/370 4963/43/441 1780/4/182
f 1723/4/370 73/3/135 2781/6/440
f 4963/43/441 2781/6/440 631/4/108
f 1780/4/182 4963/43/441 1773/1/109
f 554/39/442 1842/39/443 4964/40/443
f 1842/39/443 109/39/340 1848/39/339
f 4964/40/443 1848/39/339 105/39/339
f 2663/39/444 4964/40/443 1838/39/445
f 554/39/336 2662/39/336 4965/41/336
f 2662/39/336 555/39/336 1843/39/336
f 4965/41/336 1843/39/336 110/39/336
f 1842/39/336 4965/41/336 1849/39/336
f 389/44/446 2390/47/449 4966/45/447
f 2390/47/449 390/2089/603 3269/48/450
f 4966/45/447 3269/48/450 776/49/451
f 2898/46/448 4966/45/447 3234/50/452
f 95/10/22 1685/13/21 4967/11/366
f 1685/13/21 94/5/27 1774/4/454
f 4967/11/366 1774/4/454 108/4/18
f 1845/1/366 4967/11/366 1852/4/18
f 1716/14/144 4968/1/457 1868/4/455
f 38/5/456 1869/4/5647 4968/1/457
f 4968/1/457 1869/4/5647 120/5/120
f 1868/4/455 4968/1/457 1866/13/119
f 1726/4/168 4969/3/459 1867/4/458
f 1726/4/168 34/2/145 1868/4/455
f 1868/4/455 121/10/125 1865/4/170
f 4969/3/459 1865/4/170 119/10/126
f 562/7/460 2643/8/463 4970/8/461
f 2643/8/463 141/8/595 1907/8/464
f 4970/8/461 1907/8/464 116/7/465
f 2661/9/462 4970/8/461 1859/9/466
f 1889/4/468 4971/2/472 1888/4/469
f 130/1/471 1902/13/473 4971/2/472
f 1902/13/473 138/2/557 1904/4/474
f 4971/2/472 1904/4/474 30/4/475
f 31/1/169 1867/3/458 4972/2/476
f 1867/3/458 119/1/126 1862/2/128
f 4972/2/476 1862/2/128 123/1/132
f 1722/2/477 4972/2/476 1860/3/478
f 1752/4/236 4973/3/482 1853/4/480
f 57/10/481 1861/4/483 4973/3/482
f 1861/4/483 124/10/229 1863/4/230
f 4973/3/482 1863/4/230 122/4/226
f 1751/3/484 4974/2/485 1861/2/483
f 1751/3/484 58/1/479 1860/2/478
f 1860/2/478 123/1/132 1864/3/238
f 4974/2/485 1864/3/238 124/1/229
f 1870/4/486 4975/15/488 1854/4/42
f 397/4/487 2897/4/489 4975/15/488
f 2897/4/489 5/4/2635 1692/4/490
f 4975/15/488 1692/4/490 15/4/43
f 1883/4/491 4976/1/495 1881/1/492
f 1883/4/491 395/4/500 1882/4/494
f 4976/1/495 1882/4/494 397/4/487
f 1881/1/492 4976/1/495 1870/4/486
f 2660/52/496 4977/54/499 2638/52/497
f 2660/52/496 558/53/1733 2639/52/498
f 4977/54/499 2639/52/498 395/53/500
f 4977/54/499 1883/52/491 128/53/493
f 139/1/501 1915/1/504 4978/1/502
f 1915/1/504 143/61/583 1909/55/505
f 4978/1/502 1909/55/505 128/5/493
f 1905/1/503 4978/1/502 1881/13/492
f 118/4/470 2894/4/507 4979/13/506
f 2894/4/507 54/4/5648 2895/4/508
f 4979/13/506 2895/4/508 394/5/509
f 1889/4/468 4979/13/506 1886/13/510
f 1885/1/511 4980/4/514 1887/4/512
f 130/3/471 1886/1/510 4980/4/514
f 1886/1/510 394/5/509 1856/4/515
f 4980/4/514 1856/4/515 392/4/516
f 135/5/517 1892/1/520 4981/1/518
f 115/56/513 1887/4/512 4981/1/518
f 4981/1/518 1887/4/512 392/4/516
f 1893/1/519 4981/1/518 1890/57/521
f 2659/39/523 4982/41/527 2640/39/524
f 560/39/526 2641/39/528 4982/41/527
f 2641/39/528 135/39/517 1893/39/519
f 4982/41/527 1893/39/519 398/39/522
f 2637/39/529 4983/41/533 2658/39/530
f 127/59/532 1896/59/534 4983/41/533
f 1896/59/534 135/39/517 2641/39/528
f 4983/41/533 2641/39/528 560/39/526
f 1880/1/535 4984/1/537 1896/1/534
f 1880/1/535 114/60/540 1898/4/536
f 1898/4/536 115/56/513 1892/1/520
f 1896/1/534 4984/1/537 1892/1/520
f 1855/4/538 4985/1/542 1900/4/539
f 689/12/541 3268/12/543 4985/1/542
f 3268/12/543 740/5/560 3246/13/544
f 1900/4/539 4985/1/542 3246/13/544
f 140/3/546 1906/4/549 4986/4/547
f 1906/4/549 139/10/501 1913/1/550
f 4986/4/547 1913/1/550 401/13/551
f 1912/10/548 4986/4/547 1911/4/552
f 115/56/513 1898/1/536 4987/3/554
f 114/60/540 1900/4/539 4987/3/554
f 4987/3/554 1900/4/539 137/3/545
f 1901/13/555 4987/3/554 1899/4/556
f 1885/4/511 4988/57/558 1902/4/473
f 115/56/513 1901/12/555 4988/57/558
f 138/11/557 1902/1/473 4988/57/558
f 3256/4/559 4989/1/562 3246/4/544
f 404/4/561 1951/4/563 4989/1/562
f 1951/4/563 25/12/567 1903/1/564
f 4989/1/562 1903/1/564 137/3/545
f 1904/4/474 4990/3/566 1707/12/565
f 138/2/557 1899/4/556 4990/3/566
f 1899/4/556 137/3/545 1903/4/564
f 4990/3/566 1903/4/564 25/12/567
f 3242/4/568 4991/13/571 3244/4/569
f 23/5/44 1702/1/46 4991/13/571
f 1702/1/46 22/5/51 1703/4/66
f 4991/13/571 1703/4/66 14/4/68
f 1953/4/40 4992/15/573 1905/11/503
f 406/4/572 1954/12/574 4992/15/573
f 1954/12/574 401/13/551 1913/1/550
f 4992/15/573 1913/1/550 139/10/501
f 689/12/541 2888/4/577 4993/13/575
f 2888/4/577 691/2417/1718 2884/57/578
f 4993/13/575 2884/57/578 144/56/579
f 2882/43/576 4993/13/575 1914/13/580
f 140/3/546 1914/13/580 4994/1/581
f 1914/13/580 144/56/579 1910/1/582
f 4994/1/581 1910/1/582 143/61/583
f 1906/12/549 4994/1/581 1915/1/504
f 2887/62/584 4995/8/588 2657/62/585
f 690/64/587 2883/2420/3459 4995/8/588
f 4995/8/588 2883/2420/3459 142/65/589
f 4995/8/588 2642/62/590 561/66/591
f 561/66/591 2642/62/590 4996/8/592
f 2642/62/590 142/2419/589 1908/65/594
f 4996/8/592 1908/65/594 141/8/595
f 2656/62/593 4996/8/592 2643/8/463
f 126/67/596 2385/70/599 4997/68/597
f 2385/70/599 129/1382/1229 1919/71/600
f 4997/68/597 1919/71/600 407/72/601
f 2379/69/598 4997/68/597 2389/73/602
f 563/75/604 2655/78/607 4998/76/605
f 2655/78/607 567/1837/1713 2647/79/608
f 4998/76/605 2647/79/608 134/80/609
f 1924/77/606 4998/76/605 1921/81/610
f 2654/83/612 4999/86/615 2381/84/613
f 2654/83/612 563/75/604 1924/77/606
f 4999/86/615 1924/77/606 145/82/611
f 2381/84/613 4999/86/615 1923/87/616
f 132/89/618 2382/92/621 5000/90/619
f 2382/92/621 131/99/625 1925/93/622
f 5000/90/619 1925/93/622 145/94/611
f 2387/91/620 5000/90/619 1921/95/610
f 101/88/617 1923/87/616 5001/96/623
f 1923/87/616 145/82/611 1925/98/622
f 5001/96/623 1925/98/622 131/99/625
f 2380/97/624 5001/96/623 2386/100/626
f 1888/4/628 5002/2/629 1879/1/248
f 1888/4/628 30/4/241 1706/1/243
f 5002/2/629 1706/1/243 55/2/237
f 1879/1/248 5002/2/629 1853/4/480
f 1938/102/630 5003/106/634 1770/103/631
f 156/105/633 1948/107/635 5003/106/634
f 1948/107/635 93/37/703 1949/108/636
f 5003/106/634 1949/108/636 71/109/637
f 3248/110/638 5004/114/642 3230/111/639
f 148/113/641 1926/115/643 5004/114/642
f 1926/115/643 149/2447/5649 1939/116/644
f 5004/114/642 1939/116/644 7/117/645
f 40/118/646 1941/121/649 5005/119/647
f 1941/121/649 157/2444/3520 1934/122/650
f 5005/119/647 1934/122/650 158/123/651
f 1724/120/648 5005/119/647 1940/124/652
f 7/117/645 1939/116/644 5006/126/654
f 1939/116/644 149/2447/5649 1927/128/656
f 5006/126/654 1927/128/656 150/129/657
f 3231/127/655 5006/126/654 3249/130/658
f 41/125/653 1940/124/652 5007/132/660
f 1940/124/652 158/123/651 1935/134/662
f 5007/132/660 1935/134/662 155/135/663
f 1725/133/661 5007/132/660 1942/136/664
f 809/138/666 3251/141/669 5008/139/667
f 3251/141/669 151/151/679 1929/142/670
f 5008/139/667 1929/142/670 147/143/671
f 3093/140/668 5008/139/667 3250/144/672
f 1943/146/674 5009/150/678 3233/147/675
f 146/149/677 1930/2452/5650 5009/150/678
f 5009/150/678 1930/2452/5650 151/151/679
f 3233/147/675 5009/150/678 3251/141/669
f 808/131/659 3249/130/658 5010/152/680
f 3249/130/658 150/129/657 1928/154/682
f 1928/154/682 146/149/677 1943/146/674
f 5010/152/680 1943/146/674 6/148/676
f 2881/155/683 5011/159/683 1945/156/683
f 682/158/683 1944/164/683 5011/159/683
f 5011/159/683 1944/164/683 153/160/683
f 5011/159/683 1931/161/683 152/162/683
f 2880/163/683 5012/166/683 1944/164/683
f 2880/163/683 684/169/686 1946/165/684
f 5012/166/683 1946/165/684 154/167/685
f 1944/164/683 5012/166/683 1932/168/683
f 684/169/686 2879/171/688 5013/170/687
f 2879/171/688 685/180/696 1947/172/689
f 5013/170/687 1947/172/689 148/173/690
f 1946/165/684 5013/170/687 1933/174/691
f 149/175/692 1926/178/695 5014/176/693
f 1926/178/695 148/173/690 1947/179/689
f 5014/176/693 1947/179/689 685/180/696
f 1927/177/694 5014/176/693 2872/181/697
f 37/183/699 1767/186/702 5015/184/700
f 1767/186/702 71/109/637 1949/187/636
f 5015/184/700 1949/187/636 93/37/703
f 1828/185/701 5015/184/700 1731/32/704
f 539/188/706 2623/191/709 5016/189/707
f 2623/191/709 538/3158/717 1936/192/710
f 5016/189/707 1936/192/710 158/193/711
f 1937/190/708 5016/189/707 1934/194/712
f 2622/196/714 5017/200/718 1950/197/715
f 538/199/717 2613/201/719 5017/200/718
f 2613/201/719 93/1793/1667 1948/202/720
f 5017/200/718 1948/202/720 156/203/633
f 1988/204/19 5018/208/19 2015/205/19
f 161/207/19 1955/2476/19 5018/208/19
f 5018/208/19 1955/2476/19 160/209/19
f 2015/205/19 5018/208/19 1960/210/19
f 175/211/19 1960/210/19 5019/212/19
f 1960/210/19 160/209/19 1958/214/19
f 5019/212/19 1958/214/19 163/215/19
f 2013/213/19 5019/212/19 1961/216/19
f 182/218/19 1990/221/19 5020/219/19
f 1990/221/19 162/234/19 1959/222/19
f 5020/219/19 1959/222/19 164/223/19
f 2011/220/19 5020/219/19 1962/224/19
f 184/226/19 1992/229/19 5021/227/19
f 1992/229/19 159/317/19 1956/230/19
f 1956/230/19 161/207/19 1988/204/19
f 5021/227/19 1988/204/19 180/206/19
f 177/217/19 1961/216/19 5022/231/19
f 1961/216/19 163/215/19 1957/233/19
f 5022/231/19 1957/233/19 162/234/19
f 2007/232/19 5022/231/19 1990/221/19
f 23/235/19 1965/238/19 5023/236/19
f 1965/238/19 167/262/19 1969/239/19
f 5023/236/19 1969/239/19 169/240/19
f 1695/237/19 5023/236/19 1963/241/19
f 3259/243/19 5024/247/19 3125/244/19
f 170/246/19 1970/248/19 5024/247/19
f 1970/248/19 166/264/19 3258/249/19
f 5024/247/19 3258/249/19 838/250/19
f 16/242/19 1963/241/19 5025/251/19
f 1963/241/19 169/240/19 1971/253/19
f 5025/251/19 1971/253/19 168/254/19
f 1710/252/19 5025/251/19 1966/255/19
f 3260/257/19 5026/261/19 3242/258/19
f 3260/257/19 165/376/19 1972/260/19
f 5026/261/19 1972/260/19 167/262/19
f 3242/258/19 5026/261/19 1965/238/19
f 3258/249/19 5027/265/19 3090/263/19
f 166/264/19 1973/266/19 5027/265/19
f 1973/266/19 165/376/19 3260/257/19
f 5027/265/19 3260/257/19 802/259/19
f 29/256/19 1966/255/19 5028/267/19
f 1966/255/19 168/254/19 1974/269/19
f 5028/267/19 1974/269/19 157/270/19
f 5028/267/19 1941/121/19 40/118/19
f 2005/271/19 5029/275/19 1986/272/19
f 186/274/721 1994/276/722 5029/275/19
f 1994/276/722 157/270/19 1974/277/19
f 5029/275/19 1974/277/19 168/278/19
f 753/245/19 3092/281/19 5030/279/19
f 3092/281/19 801/145/19 3250/144/19
f 5030/279/19 3250/144/19 147/282/19
f 3259/280/19 5030/279/19 1977/283/19
f 2003/285/19 5031/289/19 1996/286/19
f 2003/285/19 185/358/19 1968/288/19
f 5031/289/19 1968/288/19 170/290/19
f 1996/286/19 5031/289/19 1977/291/19
f 688/292/19 2878/295/19 5032/293/19
f 2878/295/19 686/2071/19 2873/296/19
f 5032/293/19 2873/296/19 172/297/19
f 2875/294/19 5032/293/19 1978/298/19
f 683/300/19 2877/303/19 5033/301/19
f 2877/303/19 687/2065/19 2874/304/19
f 5033/301/19 2874/304/19 188/305/19
f 2870/302/19 5033/301/19 1996/306/19
f 687/307/19 2876/310/19 5034/308/19
f 2876/310/19 688/2061/19 2875/311/19
f 5034/308/19 2875/311/19 189/312/19
f 2874/309/19 5034/308/19 1997/313/19
f 1979/315/19 5035/318/19 1978/316/19
f 159/317/19 1992/319/19 5035/318/19
f 1992/319/19 184/226/19 2002/320/19
f 5035/318/19 2002/320/19 189/321/19
f 2002/322/19 5036/326/19 1997/323/19
f 184/325/19 1993/327/19 5036/326/19
f 1993/327/19 185/2546/19 2003/328/19
f 5036/326/19 2003/328/19 188/314/19
f 164/223/19 1976/332/19 5037/329/19
f 171/331/723 1975/412/739 5037/329/19
f 5037/329/19 1975/412/739 187/333/724
f 1962/330/19 5037/329/19 2004/334/19
f 179/336/19 2004/339/19 5038/337/19
f 2004/339/19 187/2530/724 1995/340/725
f 1995/340/725 186/403/721 2005/271/19
f 1987/338/19 5038/337/19 2005/271/19
f 167/342/19 1984/345/19 5039/343/19
f 1984/345/19 176/350/19 2006/346/19
f 5039/343/19 2006/346/19 183/347/19
f 1969/344/19 5039/343/19 1967/348/19
f 176/350/19 1985/352/19 5040/351/19
f 1985/352/19 177/385/19 2007/353/19
f 5040/351/19 2007/353/19 182/354/19
f 2006/346/19 5040/351/19 1991/355/19
f 1968/356/19 5041/359/19 1970/357/19
f 185/358/19 2008/360/19 5041/359/19
f 2008/360/19 181/366/19 1964/361/19
f 5041/359/19 1964/361/19 166/362/19
f 1993/363/19 5042/364/19 2008/360/19
f 1993/363/19 184/3159/19 2009/228/19
f 2009/228/19 180/389/19 1989/365/19
f 5042/364/19 1989/365/19 181/366/19
f 169/349/19 1967/348/19 5043/367/19
f 1967/348/19 183/347/19 2010/369/19
f 5043/367/19 2010/369/19 178/341/19
f 1971/368/19 5043/367/19 1986/370/19
f 183/347/19 1991/355/19 5044/372/19
f 1991/355/19 182/354/19 2011/373/19
f 5044/372/19 2011/373/19 179/374/19
f 2010/369/19 5044/372/19 1987/375/19
f 165/376/19 1982/379/19 5045/377/19
f 1982/379/19 174/381/19 2012/380/19
f 5045/377/19 2012/380/19 176/350/19
f 1972/378/19 5045/377/19 1984/345/19
f 174/381/19 1983/383/19 5046/382/19
f 1983/383/19 175/391/19 2013/384/19
f 5046/382/19 2013/384/19 177/385/19
f 2012/380/19 5046/382/19 1985/352/19
f 1964/361/19 5047/387/19 1973/386/19
f 181/366/19 2014/388/19 5047/387/19
f 5047/387/19 2014/388/19 174/381/19
f 5047/387/19 1982/379/19 165/376/19
f 1989/365/19 5048/390/19 2014/388/19
f 180/389/19 2015/3160/19 5048/390/19
f 5048/390/19 2015/3160/19 175/391/19
f 2014/388/19 5048/390/19 1983/383/19
f 541/392/726 2621/395/729 5049/393/727
f 2621/395/729 539/2580/5651 1937/396/730
f 5049/393/727 1937/396/730 157/270/19
f 2016/394/728 5049/393/727 1994/397/722
f 542/398/731 2620/401/734 5050/399/732
f 2620/401/734 541/1780/726 2016/402/728
f 5050/399/732 2016/402/728 186/403/721
f 2017/400/733 5050/399/732 1995/404/725
f 543/406/735 2619/409/738 5051/407/736
f 2619/409/738 542/1777/731 2017/410/733
f 5051/407/736 2017/410/733 187/411/724
f 2018/408/737 5051/407/736 1975/412/739
f 1690/66/740 5052/8/744 1687/9/741
f 11/7/743 3236/9/745 5052/8/744
f 3236/9/745 842/29/5652 3224/9/746
f 5052/8/744 3224/9/746 192/29/747
f 2020/413/19 5053/417/19 2036/414/19
f 173/416/19 1980/418/19 5053/417/19
f 1980/418/19 191/2066/19 2019/419/19
f 5053/417/19 2019/419/19 197/420/19
f 697/421/19 2905/424/19 5054/422/19
f 2905/424/19 696/2606/19 2021/425/19
f 5054/422/19 2021/425/19 8/426/19
f 3271/423/19 5054/422/19 3261/427/19
f 2033/429/19 5055/433/19 2035/430/19
f 190/432/19 1998/434/19 5055/433/19
f 1998/434/19 152/496/19 2022/435/19
f 5055/433/19 2022/435/19 199/436/19
f 2899/437/19 5056/441/19 2904/438/19
f 195/440/19 2027/442/19 5056/441/19
f 2027/442/19 196/478/19 2026/443/19
f 5056/441/19 2026/443/19 699/444/19
f 197/445/19 2034/448/19 5057/446/19
f 2034/448/19 200/472/19 2025/449/19
f 5057/446/19 2025/449/19 195/440/19
f 2030/447/19 5057/446/19 2028/450/19
f 2024/452/19 5058/456/19 2903/453/19
f 194/455/19 2029/457/19 5058/456/19
f 2029/457/19 193/482/19 2023/458/19
f 5058/456/19 2023/458/19 697/421/19
f 2026/459/19 5059/463/19 2902/460/19
f 196/462/19 3262/464/19 5059/463/19
f 3262/464/19 821/486/19 3270/465/19
f 5059/463/19 3270/465/19 695/466/19
f 191/467/19 1999/470/19 5060/468/19
f 1999/470/19 190/432/19 2033/471/19
f 5060/468/19 2033/471/19 200/472/19
f 2019/469/19 5060/468/19 2034/448/19
f 2025/473/19 5061/475/19 2027/442/19
f 200/474/19 2035/476/19 5061/475/19
f 2035/476/19 199/3161/19 2032/477/19
f 5061/475/19 2032/477/19 196/478/19
f 2031/479/19 5062/480/19 2029/457/19
f 198/415/19 2036/414/19 5062/480/19
f 2036/414/19 197/420/19 2030/481/19
f 5062/480/19 2030/481/19 193/482/19
f 3238/483/19 5063/487/19 2037/484/19
f 821/486/19 3262/488/19 5063/487/19
f 3262/488/19 196/3162/19 2032/489/19
f 5063/487/19 2032/489/19 199/490/19
f 3237/491/19 5064/494/19 3252/492/19
f 12/485/19 2037/484/19 5064/494/19
f 2037/484/19 199/490/19 2022/495/19
f 5064/494/19 2022/495/19 152/496/19
f 625/497/748 2771/498/752 5065/498/749
f 626/500/751 2041/498/753 5065/498/749
f 2041/498/753 102/497/1892 1803/499/754
f 1804/499/750 5065/498/749 1803/499/754
f 628/500/756 2768/502/759 5066/501/757
f 2768/502/759 555/497/1698 2636/499/760
f 5066/501/757 2636/499/760 84/497/761
f 2770/498/758 5066/501/757 2042/502/762
f 2045/503/763 5067/507/763 2043/504/764
f 2045/503/763 222/511/765 2046/506/765
f 5067/507/763 2046/506/765 207/508/765
f 5067/507/763 2044/509/763 205/510/764
f 222/511/765 2048/514/766 5068/512/766
f 223/513/767 2049/515/768 5068/512/766
f 2049/515/768 209/2641/768 2047/516/766
f 2046/506/765 5068/512/766 2047/516/766
f 2051/517/769 5069/521/769 2049/518/768
f 2051/517/769 224/524/770 2052/520/770
f 2052/520/770 211/529/770 2050/522/769
f 5069/521/769 2050/522/769 209/523/768
f 224/524/770 2054/526/771 5070/525/771
f 2054/526/771 225/2646/772 2055/527/772
f 2055/527/772 213/2645/772 2053/528/771
f 2052/520/770 5070/525/771 2053/528/771
f 2057/530/773 5071/534/773 2055/531/772
f 226/533/774 2058/535/774 5071/534/773
f 2058/535/774 215/543/774 2056/536/773
f 5071/534/773 2056/536/773 213/537/772
f 226/533/774 2060/540/775 5072/538/775
f 227/539/776 2061/541/777 5072/538/775
f 2061/541/777 217/2699/777 2059/542/775
f 2058/535/774 5072/538/775 2059/542/775
f 2063/544/778 5073/548/778 2061/545/777
f 2063/544/778 228/611/779 2064/547/779
f 5073/548/778 2064/547/779 219/549/779
f 5073/548/778 2062/550/778 217/551/777
f 206/552/780 2075/555/780 5074/553/780
f 2075/555/780 221/565/781 2066/556/780
f 2066/556/780 228/3163/784 2082/557/780
f 5074/553/780 2082/557/780 220/558/780
f 206/552/780 2067/562/780 5075/559/780
f 208/561/780 2076/563/780 5075/559/780
f 2076/563/780 222/579/780 2045/564/780
f 2075/560/780 5075/559/780 2045/564/780
f 206/566/782 2074/570/771 5076/567/771
f 220/569/770 2091/571/770 5076/567/771
f 2091/571/770 244/650/798 2090/572/771
f 5076/567/771 2090/572/771 238/573/782
f 208/561/780 2068/576/783 5077/574/780
f 210/575/780 2077/577/780 5077/574/780
f 2077/577/780 223/585/780 2048/578/780
f 2076/563/780 5077/574/780 2048/578/780
f 210/575/780 2069/582/780 5078/580/780
f 212/581/780 2078/583/780 5078/580/780
f 2078/583/780 224/591/780 2051/584/780
f 2077/577/780 5078/580/780 2051/584/780
f 212/581/780 2070/588/781 5079/586/781
f 214/587/784 2079/589/780 5079/586/781
f 2079/589/780 225/597/780 2054/590/781
f 2078/583/780 5079/586/781 2054/590/781
f 214/587/784 2071/594/780 5080/592/780
f 216/593/780 2080/595/780 5080/592/780
f 2080/595/780 226/603/780 2057/596/780
f 2079/589/780 5080/592/780 2057/596/780
f 216/593/780 2072/600/785 5081/598/780
f 218/599/780 2081/601/780 5081/598/780
f 2081/601/780 227/608/780 2060/602/780
f 2080/595/780 5081/598/780 2060/602/780
f 218/599/780 2073/605/780 5082/604/780
f 220/558/780 2082/606/780 5082/604/780
f 2082/606/780 228/3163/784 2063/607/780
f 2081/601/780 5082/604/780 2063/607/780
f 219/549/779 2064/612/779 5083/609/786
f 228/611/779 2066/613/786 5083/609/786
f 2066/613/786 221/3164/764 2043/614/764
f 5083/609/786 2043/614/764 205/615/764
f 270/616/787 2178/620/791 5084/617/788
f 276/619/790 2196/3165/792 5084/617/788
f 2195/621/789 5084/617/788 2196/622/792
f 2072/624/766 5085/628/766 2094/625/767
f 2072/624/766 216/651/799 2093/627/765
f 2093/627/765 242/656/765 2088/629/766
f 2094/625/767 5085/628/766 2088/629/766
f 214/631/793 2070/634/786 5086/632/786
f 2070/634/786 212/657/800 2095/635/779
f 2095/635/779 240/662/779 2086/636/786
f 5086/632/786 2086/636/786 241/637/764
f 210/638/795 2068/641/796 5087/639/775
f 2068/641/796 208/664/774 2097/642/774
f 2097/642/774 237/668/774 2084/643/775
f 5087/639/775 2084/643/775 239/644/777
f 220/569/770 2073/647/797 5088/645/769
f 218/646/768 2094/2677/767 5088/645/769
f 5088/645/769 2094/2677/767 243/648/767
f 2091/571/770 5088/645/769 2089/649/769
f 216/651/799 2071/653/763 5089/652/763
f 2071/653/763 214/821/793 2096/654/794
f 2096/654/794 241/3166/764 2087/655/763
f 5089/652/763 2087/655/763 242/656/765
f 212/657/800 2069/659/778 5090/658/778
f 2069/659/778 210/2680/795 2098/660/777
f 2098/660/777 239/3167/777 2085/661/778
f 5090/658/778 2085/661/778 240/662/779
f 2067/663/773 5091/666/773 2097/642/774
f 2067/663/773 206/828/782 2092/665/782
f 2092/665/782 238/829/782 2083/667/773
f 5091/666/773 2083/667/773 237/668/774
f 230/669/787 2099/673/804 5092/670/801
f 229/672/803 2108/674/805 5092/670/801
f 2108/674/805 237/682/805 2083/675/801
f 2107/671/802 5092/670/801 2083/675/801
f 229/672/803 2100/679/808 5093/677/806
f 231/678/807 2109/680/809 5093/677/806
f 2109/680/809 239/688/809 2084/681/806
f 2108/674/805 5093/677/806 2084/681/806
f 231/678/807 2101/685/812 5094/683/810
f 232/684/811 2110/686/813 5094/683/810
f 2110/686/813 240/694/813 2085/687/810
f 2109/680/809 5094/683/810 2085/687/810
f 232/684/811 2102/691/816 5095/689/814
f 233/690/815 2111/692/817 5095/689/814
f 2111/692/817 241/700/817 2086/693/814
f 2110/686/813 5095/689/814 2086/693/814
f 233/690/815 2103/697/820 5096/695/818
f 234/696/819 2112/698/821 5096/695/818
f 2112/698/821 242/706/821 2087/699/818
f 2111/692/817 5096/695/818 2087/699/818
f 234/696/819 2104/703/824 5097/701/822
f 235/702/823 2113/704/825 5097/701/822
f 2113/704/825 243/712/825 2088/705/822
f 2112/698/821 5097/701/822 2088/705/822
f 235/702/823 2105/709/828 5098/707/826
f 236/708/827 2114/710/829 5098/707/826
f 2114/710/829 244/716/829 2089/711/826
f 2113/704/825 5098/707/826 2089/711/826
f 236/708/827 2106/714/791 5099/713/830
f 230/669/787 2107/671/802 5099/713/830
f 2107/671/802 238/676/802 2090/715/830
f 2114/710/829 5099/713/830 2090/715/830
f 2117/503/763 5100/507/763 2115/504/764
f 2117/503/763 262/511/765 2118/506/765
f 5100/507/763 2118/506/765 247/508/765
f 5100/507/763 2116/509/763 245/510/764
f 262/511/765 2120/514/766 5101/512/766
f 263/513/768 2121/515/768 5101/512/766
f 2121/515/768 249/2641/768 2119/516/766
f 2118/506/765 5101/512/766 2119/516/766
f 2123/717/769 5102/721/769 2121/718/768
f 2123/717/769 264/724/770 2124/720/770
f 2124/720/770 251/729/770 2122/722/769
f 5102/721/769 2122/722/769 249/723/768
f 264/724/770 2126/726/771 5103/725/771
f 2126/726/771 265/2698/772 2127/727/772
f 2127/727/772 253/2697/772 2125/728/771
f 2124/720/770 5103/725/771 2125/728/771
f 2129/530/773 5104/534/773 2127/531/772
f 2129/530/773 266/533/774 2130/535/774
f 5104/534/773 2130/535/774 255/543/774
f 5104/534/773 2128/536/773 253/537/772
f 266/533/774 2132/540/775 5105/538/775
f 267/539/776 2133/541/777 5105/538/775
f 2133/541/777 257/2699/777 2131/542/775
f 2130/535/774 5105/538/775 2131/542/775
f 2135/730/778 5106/734/778 2133/731/777
f 2135/730/778 268/2701/779 2136/733/779
f 5106/734/778 2136/733/779 259/735/779
f 5106/734/778 2134/736/778 257/737/777
f 246/738/781 2147/741/780 5107/739/780
f 2147/741/780 261/751/780 2138/742/780
f 2138/742/780 268/3168/780 2154/743/780
f 5107/739/780 2154/743/780 260/744/781
f 246/738/781 2139/748/784 5108/745/780
f 248/747/780 2148/749/780 5108/745/780
f 2148/749/780 262/765/780 2117/750/780
f 2147/746/780 5108/745/780 2117/750/780
f 2146/752/771 5109/756/771 2164/753/772
f 2146/752/771 260/813/847 2163/755/770
f 5109/756/771 2163/755/770 284/757/798
f 2164/753/772 5109/756/771 2162/758/771
f 248/747/780 2140/762/783 5110/760/780
f 250/761/780 2149/763/780 5110/760/780
f 2149/763/780 263/771/780 2120/764/780
f 2148/749/780 5110/760/780 2120/764/780
f 250/761/780 2141/768/780 5111/766/780
f 252/767/780 2150/769/780 5111/766/780
f 2150/769/780 264/777/781 2123/770/780
f 2149/763/780 5111/766/780 2123/770/780
f 252/767/780 2142/773/781 5112/772/780
f 2142/773/781 254/778/784 2151/774/784
f 5112/772/780 2151/774/784 265/775/780
f 2150/769/780 5112/772/780 2126/776/780
f 254/778/784 2143/780/780 5113/779/780
f 2143/780/780 256/785/780 2152/781/780
f 5113/779/780 2152/781/780 266/782/780
f 2151/774/784 5113/779/780 2129/783/780
f 2144/784/785 5114/787/780 2152/781/780
f 258/786/780 2153/788/780 5114/787/780
f 2153/788/780 267/794/780 2132/789/783
f 5114/787/780 2132/789/783 266/782/780
f 2145/790/780 5115/791/780 2153/788/780
f 260/744/781 2154/792/780 5115/791/780
f 2154/792/780 268/3168/780 2135/793/780
f 5115/791/780 2135/793/780 267/794/780
f 2136/795/779 5116/798/786 2137/796/786
f 2136/795/779 268/2701/779 2138/797/786
f 5116/798/786 2138/797/786 261/799/764
f 5116/798/786 2115/800/764 245/801/764
f 258/626/831 2144/803/834 5117/802/832
f 2144/803/834 256/820/852 2165/804/835
f 5117/802/832 2165/804/835 282/656/836
f 2166/625/833 5117/802/832 2160/629/837
f 2142/805/839 5118/809/843 2168/806/840
f 252/808/842 2167/810/800 5118/809/843
f 2167/810/800 280/827/779 2158/811/844
f 5118/809/843 2158/811/844 281/812/845
f 250/638/777 2140/641/796 5119/639/775
f 2140/641/796 248/664/855 2169/642/774
f 2169/642/774 277/668/856 2156/643/846
f 5119/639/775 2156/643/846 279/644/777
f 260/813/847 2145/815/849 5120/814/848
f 2145/815/849 258/2723/831 2166/816/833
f 5120/814/848 2166/816/833 283/817/838
f 2163/755/770 5120/814/848 2161/818/850
f 2143/819/851 5121/822/853 2165/804/835
f 254/821/841 2168/654/840 5121/822/853
f 2168/654/840 281/3166/845 2159/655/854
f 5121/822/853 2159/655/854 282/656/836
f 252/808/842 2141/824/778 5122/823/778
f 2141/824/778 250/2726/777 2170/825/776
f 2170/825/776 279/3169/777 2157/826/778
f 5122/823/778 2157/826/778 280/827/779
f 248/664/855 2139/663/773 5123/666/773
f 246/828/782 2164/665/772 5123/666/773
f 5123/666/773 2164/665/772 278/829/772
f 5123/666/773 2155/667/773 277/668/856
f 270/830/787 2171/834/804 5124/831/801
f 269/833/857 2180/835/805 5124/831/801
f 2180/835/805 277/843/805 2155/836/801
f 2179/832/802 5124/831/801 2155/836/801
f 269/833/857 2172/840/808 5125/838/806
f 271/839/807 2181/841/809 5125/838/806
f 2181/841/809 279/849/809 2156/842/806
f 2180/835/805 5125/838/806 2156/842/806
f 271/839/807 2173/846/812 5126/844/810
f 272/845/811 2182/847/813 5126/844/810
f 2182/847/813 280/855/858 2157/848/810
f 2181/841/809 5126/844/810 2157/848/810
f 272/845/811 2174/852/816 5127/850/814
f 273/851/815 2183/853/817 5127/850/814
f 2183/853/817 281/861/817 2158/854/814
f 2182/847/813 5127/850/814 2158/854/814
f 273/851/815 2175/858/820 5128/856/818
f 274/857/819 2184/859/821 5128/856/818
f 2184/859/821 282/867/821 2159/860/818
f 2183/853/817 5128/856/818 2159/860/818
f 274/857/819 2176/864/824 5129/862/822
f 275/863/823 2185/865/825 5129/862/822
f 2185/865/825 283/873/825 2160/866/822
f 2184/859/821 5129/862/822 2160/866/822
f 275/863/823 2177/870/828 5130/868/826
f 276/869/790 2186/871/829 5130/868/826
f 2186/871/829 284/877/829 2161/872/826
f 2185/865/825 5130/868/826 2161/872/826
f 276/869/790 2178/875/791 5131/874/830
f 270/830/787 2179/832/802 5131/874/830
f 2179/832/802 278/837/802 2162/876/830
f 2186/871/829 5131/874/830 2162/876/830
f 230/878/787 2106/3170/791 5132/879/788
f 236/881/827 2188/3171/792 5132/879/788
f 2187/883/789 5132/879/788 2188/884/792
f 236/886/827 2105/2739/828 5133/887/859
f 235/888/823 2189/892/860 5133/887/859
f 2188/889/792 5133/887/859 2189/890/860
f 235/888/823 2104/894/824 5134/891/861
f 234/893/819 2190/2743/862 5134/891/861
f 2189/895/860 5134/891/861 2190/896/862
f 234/893/819 2103/900/820 5135/897/863
f 233/899/815 2191/904/864 5135/897/863
f 2190/901/862 5135/897/863 2191/902/864
f 233/899/815 2102/906/816 5136/903/865
f 232/905/811 2192/910/866 5136/903/865
f 2191/902/864 5136/903/865 2192/907/866
f 232/908/811 2101/685/812 5137/909/867
f 231/911/807 2193/915/868 5137/909/867
f 2192/912/866 5137/909/867 2193/913/868
f 231/678/807 2100/917/808 5138/914/869
f 229/916/803 2194/919/870 5138/914/869
f 2193/918/868 5138/914/869 2194/919/870
f 229/916/803 2099/3172/804 5139/920/871
f 230/878/787 2187/883/789 5139/920/871
f 2194/919/870 5139/920/871 2187/922/789
f 276/923/790 2177/3173/828 5140/924/859
f 275/926/823 2197/930/860 5140/924/859
f 2196/927/792 5140/924/859 2197/928/860
f 275/926/823 2176/932/824 5141/929/861
f 274/931/819 2198/3174/862 5141/929/861
f 2197/933/860 5141/929/861 2198/934/862
f 274/931/819 2175/938/820 5142/935/863
f 273/937/815 2199/942/864 5142/935/863
f 2198/939/862 5142/935/863 2199/940/864
f 273/937/815 2174/944/816 5143/941/865
f 272/943/811 2200/948/866 5143/941/865
f 2199/940/864 5143/941/865 2200/945/866
f 272/946/811 2173/3175/812 5144/947/867
f 271/949/807 2201/953/868 5144/947/867
f 2200/950/866 5144/947/867 2201/951/868
f 271/949/807 2172/3176/808 5145/952/869
f 269/954/857 2202/956/870 5145/952/869
f 2201/951/868 5145/952/869 2202/956/870
f 269/954/857 2171/834/804 5146/957/872
f 270/616/787 2195/621/789 5146/957/872
f 2202/959/870 5146/957/872 2195/960/789
f 2216/961/873 5147/965/877 2251/962/874
f 310/964/876 2252/966/878 5147/965/877
f 2252/966/878 312/1132/1008 2250/967/879
f 5147/965/877 2250/967/879 313/968/880
f 304/969/881 2228/972/884 5148/970/882
f 2228/972/884 303/3177/889 2236/973/885
f 5148/970/882 2236/973/885 287/974/886
f 2235/971/883 5148/970/882 2203/975/887
f 303/977/889 2227/2773/892 5149/978/890
f 302/980/891 2233/998/893 5149/978/890
f 2236/973/885 5149/978/890 2233/982/893
f 2238/983/894 5150/987/898 2248/984/895
f 308/986/897 2249/988/899 5150/987/898
f 2249/988/899 310/964/876 2216/961/873
f 5150/987/898 2216/961/873 311/963/875
f 288/976/888 2203/975/887 5151/989/900
f 2203/975/887 287/974/886 2207/991/902
f 5151/989/900 2207/991/902 289/992/903
f 2206/990/901 5151/989/900 2204/993/904
f 287/974/886 2233/3178/893 5152/995/906
f 2237/997/907 5152/995/906 2233/998/893
f 289/999/903 2207/3179/902 5152/995/906
f 307/1001/908 2245/1004/911 5153/1002/909
f 2245/1004/911 306/2788/934 2232/1005/912
f 5153/1002/909 2232/1005/912 308/1006/897
f 5153/1002/909 2238/1007/894 309/1008/896
f 2204/993/904 5154/1010/914 2209/1009/913
f 289/992/903 2210/1011/915 5154/1010/914
f 2210/1011/915 291/1036/928 2208/1012/916
f 5154/1010/914 2208/1012/916 292/1013/917
f 290/1014/918 2209/1017/921 5155/1015/919
f 2209/1017/921 292/1097/981 2215/1018/922
f 5155/1015/919 2215/1018/922 308/1019/923
f 2264/1016/920 5155/1015/919 2232/1020/924
f 289/999/903 2237/3180/907 5156/1022/926
f 2239/1024/927 5156/1022/926 2237/1000/907
f 291/1025/928 2210/1011/915 5156/1022/926
f 305/1027/929 2247/1030/932 5157/1028/930
f 2247/1030/932 297/1113/994 2240/1031/933
f 5157/1028/930 2240/1031/933 306/1032/934
f 2242/1029/931 5157/1028/930 2245/1033/911
f 2208/1012/916 5158/1037/936 2212/1035/935
f 291/1036/928 2213/1038/937 5158/1037/936
f 2213/1038/937 293/2806/941 2211/1039/938
f 5158/1037/936 2211/1039/938 294/1040/939
f 2239/1041/927 5159/1044/940 2213/1042/937
f 302/980/891 2241/1072/942 5159/1044/940
f 293/1046/941 2213/2799/937 5159/1044/940
f 315/1048/943 2253/1051/946 5160/1049/944
f 2253/1051/946 314/2802/5653 2258/1052/947
f 5160/1049/944 2258/1052/947 316/1053/948
f 2257/1050/945 5160/1049/944 2256/1054/949
f 294/1040/939 2211/1039/938 5161/1056/951
f 2211/1039/938 293/2806/941 2218/1058/953
f 5161/1056/951 2218/1058/953 295/1059/954
f 2217/1057/952 5161/1056/951 2214/1060/955
f 299/1062/957 2225/1065/960 5162/1063/958
f 2225/1065/960 301/1119/999 2224/1066/961
f 5162/1063/958 2224/1066/961 316/1067/962
f 2205/1064/959 5162/1063/958 2258/1068/963
f 293/1046/941 2241/3181/942 5163/1070/965
f 302/980/891 2243/1080/966 5163/1070/965
f 2218/1073/953 5163/1070/965 2243/1074/966
f 295/1076/954 2243/1080/966 5164/1077/967
f 2244/1079/969 5164/1077/967 2243/1080/966
f 298/1081/970 2221/3182/968 5164/1077/967
f 317/1083/950 2256/1086/949 5165/1084/971
f 2256/1086/949 316/2818/948 2261/1087/973
f 5165/1084/971 2261/1087/973 318/1088/974
f 2260/1085/972 5165/1084/971 2259/1089/975
f 296/1061/956 2214/1060/955 5166/1091/977
f 2214/1060/955 295/1059/954 2221/1093/968
f 5166/1091/977 2221/1093/968 298/1094/970
f 2222/1092/978 5166/1091/977 2219/1095/979
f 292/1097/981 2212/1099/983 5167/1098/982
f 2212/1099/983 294/2823/1030 2220/1100/984
f 5167/1098/982 2220/1100/984 310/1101/985
f 2215/1018/922 5167/1098/982 2249/1102/986
f 298/1103/970 2244/2826/969 5168/1104/987
f 2246/1106/989 5168/1104/987 2244/1107/969
f 300/1108/990 2226/3183/988 5168/1104/987
f 319/1090/976 2259/1089/975 5169/1110/991
f 2259/1089/975 318/1088/974 2263/1112/993
f 5169/1110/991 2263/1112/993 297/1113/994
f 2262/1111/992 5169/1110/991 2247/1030/932
f 2219/1095/979 5170/1115/996 2225/1114/995
f 298/1094/970 2226/1116/988 5170/1115/996
f 2226/1116/988 300/1138/990 2223/1117/997
f 5170/1115/996 2223/1117/997 301/1118/998
f 301/1119/999 2230/1121/1001 5171/1120/1000
f 2230/1121/1001 304/2831/1026 2229/1122/1002
f 5171/1120/1000 2229/1122/1002 318/1123/1003
f 2224/1066/961 5171/1120/1000 2261/1124/1004
f 2246/1125/989 5172/1127/1006 2231/1126/1005
f 302/980/891 2227/981/892 5172/1127/1006
f 303/1129/889 2231/3184/1005 5172/1127/1006
f 2250/967/879 5173/1133/1009 2254/1131/1007
f 312/1132/1008 2255/1134/1010 5173/1133/1009
f 2255/1134/1010 314/3185/5653 2253/1135/946
f 5173/1133/1009 2253/1135/946 315/1136/943
f 2223/1117/997 5174/1139/1012 2230/1137/1011
f 300/1138/990 2231/1140/1005 5174/1139/1012
f 2231/1140/1005 303/3177/889 2228/972/884
f 5174/1139/1012 2228/972/884 304/969/881
f 2222/1141/1013 5175/1144/1016 2265/1142/1014
f 299/1062/957 2205/1064/959 5175/1144/1016
f 2205/1064/959 314/1069/964 2255/1145/1017
f 5175/1144/1016 2255/1145/1017 312/1146/1018
f 2206/1147/1019 5176/1150/1022 2266/1148/1020
f 290/1014/918 2264/1016/920 5176/1150/1022
f 2264/1016/920 306/1021/925 2240/1151/1023
f 5176/1150/1022 2240/1151/1023 297/1152/1024
f 2235/1153/1025 5177/1156/1027 2229/1154/1002
f 288/1149/1021 2266/1148/1020 5177/1156/1027
f 2266/1148/1020 297/1152/1024 2263/1157/1028
f 5177/1156/1027 2263/1157/1028 318/1158/1003
f 2217/1159/1029 5178/1163/1031 2220/1160/984
f 296/1162/1015 2265/1164/1014 5178/1163/1031
f 2265/1164/1014 312/3186/1018 2252/966/1032
f 5178/1163/1031 2252/966/1032 310/1165/985
f 2280/1166/1033 5179/1170/1037 2315/1167/1034
f 343/1169/1036 2316/1171/1038 5179/1170/1037
f 2316/1171/1038 345/1328/1168 2314/1172/1039
f 5179/1170/1037 2314/1172/1039 346/1173/1040
f 337/1174/1041 2292/1177/1044 5180/1175/1042
f 2292/1177/1044 336/1182/1049 2300/1178/1045
f 5180/1175/1042 2300/1178/1045 320/1179/1046
f 2299/1176/1043 5180/1175/1042 2267/1180/1047
f 336/1182/1049 2291/3187/1052 5181/1183/1050
f 335/1185/1051 2297/3188/1053 5181/1183/1050
f 2300/1187/1045 5181/1183/1050 2297/1188/1053
f 342/1190/1054 2302/1193/1057 5182/1191/1055
f 2302/1193/1057 341/1212/1072 2313/1194/1058
f 2313/1194/1058 343/1169/1036 2280/1166/1033
f 5182/1191/1055 2280/1166/1033 344/1168/1035
f 321/1181/1048 2267/1180/1047 5183/1195/1059
f 2267/1180/1047 320/1179/1046 2271/1197/1061
f 5183/1195/1059 2271/1197/1061 322/1198/1062
f 2270/1196/1060 5183/1195/1059 2268/1199/1063
f 320/1201/1046 2297/3189/1053 5184/1202/1065
f 2301/1203/1066 5184/1202/1065 2297/1204/1053
f 2271/1197/1061 5184/1202/1065 2301/1205/1066
f 340/1207/1067 2309/1210/1070 5185/1208/1068
f 2309/1210/1070 339/1236/1094 2296/1211/1071
f 5185/1208/1068 2296/1211/1071 341/1212/1072
f 2298/1209/1069 5185/1208/1068 2302/1193/1057
f 2268/1199/1063 5186/1214/1074 2273/1213/1073
f 322/1198/1062 2274/1215/1075 5186/1214/1074
f 2274/1215/1075 324/1238/1088 2272/1216/1076
f 5186/1214/1074 2272/1216/1076 325/1217/1077
f 323/1218/1078 2273/1221/1081 5187/1219/1079
f 2273/1221/1081 325/2869/1141 2279/1222/1082
f 5187/1219/1079 2279/1222/1082 341/1223/1083
f 2328/1220/1080 5187/1219/1079 2296/1224/1084
f 322/1226/1062 2301/1203/1066 5188/1227/1086
f 2303/1228/1087 5188/1227/1086 2301/1203/1066
f 324/1229/1088 2274/3190/1075 5188/1227/1086
f 338/1231/1089 2311/1234/1092 5189/1232/1090
f 2311/1234/1092 330/1310/1154 2304/1235/1093
f 5189/1232/1090 2304/1235/1093 339/1236/1094
f 2306/1233/1091 5189/1232/1090 2309/1210/1070
f 2272/1216/1076 5190/1239/1096 2276/1237/1095
f 324/1238/1088 2277/1240/1097 5190/1239/1096
f 2277/1240/1097 326/1248/1101 2275/1241/1098
f 5190/1239/1096 2275/1241/1098 327/1242/1099
f 2303/1243/1087 5191/1246/1100 2277/1244/1097
f 335/1185/1051 2305/1274/1102 5191/1246/1100
f 326/1248/1101 2277/3191/1097 5191/1246/1100
f 2317/1250/1103 5192/1254/1107 2321/1251/1104
f 347/1253/1106 2322/2882/5654 5192/1254/1107
f 5192/1254/1107 2322/2882/5654 349/1255/1108
f 2321/1251/1104 5192/1254/1107 2320/1256/1109
f 327/1242/1099 2275/1241/1098 5193/1258/1111
f 2275/1241/1098 326/1248/1101 2282/1260/1113
f 5193/1258/1111 2282/1260/1113 328/1261/1114
f 2281/1259/1112 5193/1258/1111 2278/1262/1115
f 332/1264/1117 2289/1267/1120 5194/1265/1118
f 2289/1267/1120 334/1316/1159 2288/1268/1121
f 5194/1265/1118 2288/1268/1121 349/1269/1122
f 2269/1266/1119 5194/1265/1118 2322/1270/1123
f 326/1248/1101 2305/1249/1102 5195/1272/1125
f 335/1185/1051 2307/3192/1126 5195/1272/1125
f 2282/1260/1113 5195/1272/1125 2307/1275/1126
f 328/1276/1114 2307/3193/1126 5196/1277/1127
f 2308/1279/1129 5196/1277/1127 2307/1280/1126
f 2285/1278/1128 5196/1277/1127 2308/1279/1129
f 350/1257/1110 2320/1256/1109 5197/1282/1131
f 2320/1256/1109 349/1255/1108 2325/1284/1133
f 5197/1282/1131 2325/1284/1133 351/1285/1134
f 2324/1283/1132 5197/1282/1131 2323/1286/1135
f 329/1263/1116 2278/1262/1115 5198/1288/1137
f 2278/1262/1115 328/1261/1114 2285/1290/1128
f 5198/1288/1137 2285/1290/1128 331/1291/1130
f 2286/1289/1138 5198/1288/1137 2283/1292/1139
f 325/1294/1141 2276/1297/1143 5199/1295/1142
f 2276/1297/1143 327/1354/1190 2284/1298/1144
f 5199/1295/1142 2284/1298/1144 343/1169/1145
f 2279/1296/1082 5199/1295/1142 2313/1194/1146
f 331/1300/1130 2308/3194/1129 5200/1301/1147
f 2310/1303/1149 5200/1301/1147 2308/1304/1129
f 333/1305/1150 2290/2901/1148 5200/1301/1147
f 352/1287/1136 2323/1286/1135 5201/1307/1151
f 2323/1286/1135 351/1285/1134 2327/1309/1153
f 5201/1307/1151 2327/1309/1153 330/1310/1154
f 2326/1308/1152 5201/1307/1151 2311/1234/1092
f 2283/1292/1139 5202/1312/1156 2289/1311/1155
f 331/1291/1130 2290/1313/1148 5202/1312/1156
f 2290/1313/1148 333/1332/1150 2287/1314/1157
f 5202/1312/1156 2287/1314/1157 334/1315/1158
f 334/1316/1159 2294/1318/1161 5203/1317/1160
f 2294/1318/1161 337/2906/1186 2293/1319/1162
f 5203/1317/1160 2293/1319/1162 351/1320/1163
f 2288/1268/1121 5203/1317/1160 2325/1321/1164
f 2310/1322/1149 5204/1325/1166 2295/1323/1165
f 335/1185/1051 2291/2849/1052 5204/1325/1166
f 336/1326/1049 2295/2907/1165 5204/1325/1166
f 2314/1172/1039 5205/1329/1169 2318/1327/1167
f 345/1328/1168 2319/1330/1170 5205/1329/1169
f 2319/1330/1170 347/1253/1106 2317/1250/1103
f 5205/1329/1169 2317/1250/1103 348/1252/1105
f 2287/1314/1157 5206/1333/1172 2294/1331/1171
f 333/1332/1150 2295/1334/1165 5206/1333/1172
f 2295/1334/1165 336/1182/1049 2292/1177/1044
f 5206/1333/1172 2292/1177/1044 337/1174/1041
f 2286/1335/1173 5207/1338/1176 2329/1336/1174
f 332/1264/1117 2269/1266/1119 5207/1338/1176
f 2269/1266/1119 347/1271/1124 2319/1339/1177
f 5207/1338/1176 2319/1339/1177 345/1340/1178
f 2270/1341/1179 5208/1344/1182 2330/1342/1180
f 323/1218/1078 2328/1220/1080 5208/1344/1182
f 2328/1220/1080 339/1225/1085 2304/1345/1183
f 5208/1344/1182 2304/1345/1183 330/1346/1184
f 2299/1347/1185 5209/1350/1187 2293/1348/1162
f 321/1343/1181 2330/1342/1180 5209/1350/1187
f 2330/1342/1180 330/1346/1184 2327/1351/1188
f 5209/1350/1187 2327/1351/1188 351/1352/1163
f 2281/1353/1189 5210/1356/1191 2284/1298/1144
f 329/1355/1175 2329/1357/1174 5210/1356/1191
f 2329/1357/1174 345/3195/1178 2316/1171/1192
f 5210/1356/1191 2316/1171/1192 343/1169/1145
f 353/4/1193 2332/4/1196 5211/4/1194
f 2332/4/1196 354/4/1768 2336/4/1197
f 2336/4/1197 357/4/1770 2334/4/1198
f 2335/4/1195 5211/4/1194 2334/4/1198
f 2331/1358/1200 5212/1360/1200 2693/1358/1201
f 355/1358/1200 2337/1361/1200 5212/1360/1200
f 2337/1361/1200 358/1860/1200 2333/1358/1200
f 5212/1360/1200 2333/1358/1200 579/1359/1201
f 2341/4/1202 5213/4/1206 2339/4/1203
f 2341/4/1202 354/4/5655 2332/4/1205
f 5213/4/1206 2332/4/1205 353/4/1207
f 2339/4/1203 5213/4/1206 2340/4/1208
f 578/1362/1210 2689/1362/1212 5214/1363/1211
f 2689/1362/1212 354/1362/5655 2341/1362/1202
f 5214/1363/1211 2341/1362/1202 360/1362/1204
f 2692/1362/1210 5214/1363/1211 2691/1362/1211
f 362/4/1193 2344/4/1196 5215/4/1194
f 2344/4/1196 363/4/1768 2348/4/1197
f 2348/4/1197 366/4/1770 2346/4/1198
f 2347/4/1195 5215/4/1194 2346/4/1198
f 2343/1358/1200 5216/1360/1200 2688/1358/1201
f 364/1358/1200 2349/1361/1200 5216/1360/1200
f 2349/1361/1200 367/1860/1200 2345/1358/1200
f 5216/1360/1200 2345/1358/1200 576/1359/1201
f 2353/4/1202 5217/4/1206 2351/4/1203
f 2353/4/1202 363/4/5655 2344/4/1205
f 5217/4/1206 2344/4/1205 362/4/1207
f 2351/4/1203 5217/4/1206 2352/4/1208
f 575/1362/1210 2684/1362/1212 5218/1363/1211
f 2684/1362/1212 363/1362/5655 2353/1362/1202
f 5218/1363/1211 2353/1362/1202 369/1362/1204
f 2687/1362/1210 5218/1363/1211 2686/1362/1213
f 371/4/1214 2356/4/1196 5219/4/1194
f 2356/4/1196 372/4/1768 2360/4/1197
f 2360/4/1197 375/4/1770 2358/4/1198
f 2359/4/1195 5219/4/1194 2358/4/1198
f 2355/1358/1200 5220/1360/1200 2683/1358/1201
f 373/1358/1200 2361/1361/1200 5220/1360/1200
f 2361/1361/1200 376/1860/1200 2357/1358/1200
f 5220/1360/1200 2357/1358/1200 573/1359/1201
f 2365/4/1202 5221/4/1206 2363/4/1203
f 2365/4/1202 372/4/5655 2356/4/1205
f 5221/4/1206 2356/4/1205 371/4/1207
f 2363/4/1203 5221/4/1206 2364/4/1208
f 572/1362/1210 2679/1362/1212 5222/1363/1211
f 2679/1362/1212 372/1362/5655 2365/1362/1202
f 5222/1363/1211 2365/1362/1202 378/1362/1204
f 2682/1362/1210 5222/1363/1211 2681/1362/1213
f 380/4/1214 2368/4/1196 5223/4/1194
f 2368/4/1196 381/4/1768 2372/4/1197
f 2372/4/1197 384/4/1770 2370/4/1198
f 2371/4/1195 5223/4/1194 2370/4/1198
f 2367/1358/1200 5224/1360/1200 2678/1358/1201
f 382/1358/1200 2373/1361/1200 5224/1360/1200
f 2373/1361/1200 385/1860/1200 2369/1358/1200
f 5224/1360/1200 2369/1358/1200 570/1359/1201
f 2377/4/1202 5225/4/1206 2375/4/1203
f 2377/4/1202 381/4/5655 2368/4/1205
f 5225/4/1206 2368/4/1205 380/4/1207
f 2375/4/1203 5225/4/1206 2376/4/1208
f 569/1362/1210 2674/1362/1212 5226/1363/1211
f 2674/1362/1212 381/1362/5655 2377/1362/1202
f 5226/1363/1211 2377/1362/1202 387/1362/1204
f 2677/1362/1210 5226/1363/1211 2676/1362/1211
f 3147/1364/1215 5227/1368/1219 3263/1365/1216
f 857/1367/1218 3267/1369/1220 5227/1368/1219
f 3267/1369/1220 568/1448/1225 2391/1370/1221
f 5227/1368/1219 2391/1370/1221 402/1371/1222
f 390/74/603 2390/1375/449 5228/1372/1223
f 389/1374/446 2384/2920/1224 5228/1372/1223
f 2379/69/598 5228/1372/1223 2384/1376/1224
f 568/1377/1225 2648/1380/1228 5229/1378/1226
f 2648/1380/1228 407/72/601 1919/1381/600
f 5229/1378/1226 1919/1381/600 129/1382/1229
f 2652/1379/1227 5229/1378/1226 2646/1383/1230
f 101/1385/1232 2380/1388/1235 5230/1386/1233
f 2380/1388/1235 27/1425/1272 2896/1389/1236
f 5230/1386/1233 2896/1389/1236 54/1390/1237
f 2392/1387/1234 5230/1386/1233 2893/1391/1238
f 565/1393/1240 2381/1396/1243 5231/1394/1241
f 2381/1396/1243 101/1385/1232 2392/1387/1234
f 5231/1394/1241 2392/1387/1234 391/1392/1239
f 2651/1395/1242 5231/1394/1241 1830/1397/1244
f 2382/1399/1246 5232/1403/1250 2394/1400/1247
f 132/1402/1249 2395/1404/1251 5232/1403/1250
f 2395/1404/1251 392/1434/1281 1856/1405/1252
f 5232/1403/1250 1856/1405/1252 394/1406/1253
f 2646/1407/1254 5233/1411/1258 2650/1408/1255
f 129/1410/1257 2397/1412/1259 5233/1411/1258
f 2397/1412/1259 395/1424/1271 2639/1413/1260
f 5233/1411/1258 2639/1413/1260 558/1414/1261
f 126/1415/1262 2384/1418/1265 5234/1416/1263
f 389/44/446 2898/46/448 5234/1416/1263
f 2898/46/448 5/51/453 2897/1419/1266
f 2398/1417/1264 5234/1416/1263 2897/1419/1266
f 2385/1421/1268 5235/1422/1269 2397/1412/1259
f 126/1415/1262 2398/1417/1264 5235/1422/1269
f 2398/1417/1264 397/1420/1267 1882/1423/1270
f 5235/1422/1269 1882/1423/1270 395/1424/1271
f 27/1425/1272 2386/1427/1274 5236/1426/1273
f 2386/1427/1274 131/1401/1248 2394/1400/1247
f 5236/1426/1273 2394/1400/1247 394/1406/1253
f 2896/1389/1236 5236/1426/1273 2895/1428/1275
f 132/1402/1249 2387/1430/1277 5237/1429/1276
f 2387/1430/1277 134/1806/1675 2399/1431/1278
f 5237/1429/1276 2399/1431/1278 398/1432/1279
f 2395/1404/1251 5237/1429/1276 1890/1433/1280
f 567/1435/1282 2388/1439/1286 5238/1436/1283
f 400/1438/1285 2400/1440/1287 5238/1436/1283
f 2400/1440/1287 133/3196/1287 1891/1441/1288
f 2649/1437/1284 5238/1436/1283 1891/1441/1288
f 3032/1443/1290 5239/1445/1292 3267/1369/1220
f 778/1444/1291 3264/1446/1293 5239/1445/1292
f 3264/1446/1293 407/2090/601 2648/1447/1228
f 5239/1445/1292 2648/1447/1228 568/1448/1225
f 2698/1449/1294 5240/1449/1298 2402/1449/1295
f 582/1449/1297 2404/1449/1299 5240/1449/1298
f 2404/1449/1299 412/1449/1303 2406/1449/1300
f 5240/1449/1298 2406/1449/1300 409/1449/1301
f 2406/1450/1300 5241/1451/1304 2401/1450/1302
f 412/1451/1303 2403/1450/1305 5241/1451/1304
f 2403/1450/1305 413/2933/5656 2407/1451/1306
f 5241/1451/1304 2407/1451/1306 410/1450/1307
f 2409/4/1308 5242/4/1312 2697/4/1309
f 2409/4/1308 414/4/5657 2410/4/1311
f 5242/4/1312 2410/4/1311 408/4/1313
f 2697/4/1309 5242/4/1312 2694/4/1314
f 410/1450/1316 2412/1452/1316 5243/1451/1317
f 2412/1452/1316 416/2933/1316 2408/1450/1319
f 5243/1451/1317 2408/1450/1319 415/1451/1320
f 2401/1450/1318 5243/1451/1317 2411/1450/1321
f 2703/1449/1294 5244/1449/1298 2414/1449/1295
f 585/1449/1297 2416/1449/1299 5244/1449/1298
f 2416/1449/1299 421/1449/1303 2418/1449/1300
f 5244/1449/1298 2418/1449/1300 418/1449/1301
f 2418/1450/1300 5245/1451/1304 2413/1450/1302
f 421/1451/1303 2415/1450/1305 5245/1451/1304
f 2415/1450/1305 422/2933/5656 2419/1451/1306
f 5245/1451/1304 2419/1451/1306 419/1450/1307
f 2421/4/1308 5246/4/1312 2702/4/1309
f 2421/4/1308 423/4/5657 2422/4/1311
f 5246/4/1312 2422/4/1311 417/4/1313
f 2702/4/1309 5246/4/1312 2699/4/1314
f 419/1450/1316 2424/1452/1316 5247/1451/1317
f 2424/1452/1316 425/2933/1316 2420/1450/1319
f 5247/1451/1317 2420/1450/1319 424/1451/1320
f 2413/1450/1318 5247/1451/1317 2423/1450/1321
f 2708/1449/1323 5248/1449/1327 2426/1449/1324
f 588/1449/1326 2428/1449/1328 5248/1449/1327
f 2428/1449/1328 430/1449/1332 2430/1449/1329
f 5248/1449/1327 2430/1449/1329 427/1449/1330
f 2430/1450/1329 5249/1451/1333 2425/1450/1331
f 430/1451/1332 2427/1450/1333 5249/1451/1333
f 2427/1450/1333 431/2933/1334 2431/1451/1334
f 5249/1451/1333 2431/1451/1334 428/1450/1335
f 2433/4/1308 5250/4/1312 2707/4/1309
f 2433/4/1308 432/4/5657 2434/4/1311
f 5250/4/1312 2434/4/1311 426/4/1313
f 2707/4/1309 5250/4/1312 2704/4/1314
f 428/1450/1316 2436/1452/1316 5251/1451/1317
f 2436/1452/1316 434/2933/1316 2432/1450/1319
f 5251/1451/1317 2432/1450/1319 433/1451/1320
f 2425/1450/1318 5251/1451/1317 2435/1450/1321
f 2713/1449/1323 5252/1449/1327 2438/1449/1324
f 591/1449/1326 2440/1449/1328 5252/1449/1327
f 2440/1449/1328 439/1449/1332 2442/1449/1329
f 5252/1449/1327 2442/1449/1329 436/1449/1330
f 2442/1450/1329 5253/1451/1333 2437/1450/1331
f 439/1451/1332 2439/1450/1333 5253/1451/1333
f 2439/1450/1333 440/2933/1334 2443/1451/1334
f 5253/1451/1333 2443/1451/1334 437/1450/1335
f 2445/4/1308 5254/4/1312 2712/4/1309
f 2445/4/1308 441/4/5657 2446/4/1311
f 5254/4/1312 2446/4/1311 435/4/1313
f 2712/4/1309 5254/4/1312 2709/4/1314
f 437/1450/1316 2448/1452/1316 5255/1451/1317
f 2448/1452/1316 443/2933/1316 2444/1450/1319
f 5255/1451/1317 2444/1450/1319 442/1451/1320
f 2437/1450/1318 5255/1451/1317 2447/1450/1321
f 2718/1449/1323 5256/1449/1328 2450/1449/1336
f 594/1449/1337 2452/1449/1338 5256/1449/1328
f 2452/1449/1338 448/1449/1332 2454/1449/1329
f 5256/1449/1328 2454/1449/1329 445/1449/1330
f 2454/1450/1329 5257/1451/1333 2449/1450/1331
f 448/1451/1332 2451/1450/1333 5257/1451/1333
f 2451/1450/1333 449/2933/1334 2455/1451/1334
f 5257/1451/1333 2455/1451/1334 446/1450/1335
f 2457/4/1339 5258/4/1342 2717/4/1309
f 2457/4/1339 450/4/5657 2458/4/1341
f 5258/4/1342 2458/4/1341 444/4/1313
f 2717/4/1309 5258/4/1342 2714/4/1343
f 446/1450/1316 2460/1452/1316 5259/1451/1317
f 2460/1452/1316 452/2933/1316 2456/1450/1319
f 5259/1451/1317 2456/1450/1319 451/1451/1345
f 2449/1450/1318 5259/1451/1317 2459/1450/1346
f 2484/1453/1347 5260/1457/1351 2474/1454/1348
f 464/1456/1350 2509/1458/1352 5260/1457/1351
f 2509/1458/1352 482/3197/1352 2500/1459/1351
f 5260/1457/1351 2500/1459/1351 481/1460/1348
f 2486/1461/1353 5261/1465/1353 2508/1462/1354
f 461/1464/1356 2507/1466/1357 5261/1465/1353
f 2507/1466/1357 483/3198/1357 2502/1467/1353
f 5261/1465/1353 2502/1467/1353 485/1468/1354
f 2488/1469/1358 5262/1473/1358 2472/1470/1359
f 463/1472/1349 2474/1474/1348 5262/1473/1358
f 2474/1474/1348 481/3199/1348 2504/1475/1358
f 5262/1473/1358 2504/1475/1358 484/1476/1359
f 2465/1477/1361 5263/1481/1361 2478/1478/1362
f 457/1480/1364 2477/1482/1365 5263/1481/1361
f 2477/1482/1365 468/3200/1392 2461/1483/1361
f 5263/1481/1361 2461/1483/1361 467/1484/1366
f 2463/1485/1367 5264/1489/1367 2480/1486/1368
f 455/1488/1370 2479/1490/1371 5264/1489/1367
f 2479/1490/1371 469/3201/1394 2469/1491/1367
f 5264/1489/1367 2469/1491/1367 471/1492/1372
f 460/1493/1373 2470/1496/1376 5265/1494/1374
f 2470/1496/1376 456/2936/1369 2480/1497/1368
f 5265/1494/1374 2480/1497/1368 471/1498/1372
f 2481/1495/1375 5265/1494/1374 2476/1499/1377
f 2468/1501/1379 5266/1505/1382 2482/1502/1380
f 460/1504/1373 2481/1506/1375 5266/1505/1382
f 2481/1506/1375 466/3202/1378 2475/1507/1383
f 5266/1505/1382 2475/1507/1383 472/1508/1384
f 454/1509/1385 2467/1512/1386 5267/1510/1386
f 2467/1512/1386 458/2939/1363 2478/1513/1362
f 5267/1510/1386 2478/1513/1362 467/1514/1366
f 2483/1511/1387 5267/1510/1386 2473/1515/1386
f 457/1517/1364 2466/1520/1390 5268/1518/1389
f 459/1503/1381 2482/1502/1380 5268/1518/1389
f 2482/1502/1380 472/1508/1384 2471/1521/1391
f 2477/1519/1365 5268/1518/1389 2471/1521/1391
f 2464/1523/1393 5269/1527/1393 2479/1524/1371
f 454/1526/1385 2483/1528/1387 5269/1527/1393
f 2483/1528/1387 470/3203/1388 2462/1529/1393
f 5269/1527/1393 2462/1529/1393 469/1530/1394
f 464/1531/1395 2484/1535/1399 5270/1532/1396
f 463/1534/1398 2492/1536/1400 5270/1532/1396
f 2492/1536/1400 467/1563/1426 2461/1537/1401
f 2491/1533/1397 5270/1532/1396 2461/1537/1401
f 2485/1539/1403 5271/1543/1407 2493/1540/1404
f 461/1542/1406 2494/1544/1408 5271/1543/1407
f 2494/1544/1408 469/1552/1416 2462/1545/1409
f 5271/1543/1407 2462/1545/1409 470/1546/1410
f 461/1542/1406 2486/1549/1413 5272/1547/1411
f 453/1548/1412 2495/1550/1414 5272/1547/1411
f 2495/1550/1414 471/1574/1436 2469/1551/1415
f 2494/1544/1408 5272/1547/1411 2469/1551/1415
f 2487/1553/1417 5273/1556/1420 2496/1554/1418
f 464/1531/1395 2491/1557/1397 5273/1556/1420
f 2491/1557/1397 468/1538/1402 2471/1558/1421
f 5273/1556/1420 2471/1558/1421 472/1559/1422
f 463/1534/1398 2488/1561/1424 5274/1560/1423
f 2488/1561/1424 462/1541/1405 2493/1540/1404
f 5274/1560/1423 2493/1540/1404 470/1546/1410
f 2492/1536/1400 5274/1560/1423 2473/1562/1425
f 473/1564/1427 2489/1567/1430 5275/1565/1428
f 2489/1567/1430 465/1555/1419 2496/1554/1418
f 5275/1565/1428 2496/1554/1418 472/1559/1422
f 2497/1566/1429 5275/1565/1428 2475/1568/1431
f 453/1548/1412 2490/1572/1434 5276/1570/1433
f 2490/1572/1434 473/1564/1427 2497/1566/1429
f 5276/1570/1433 2497/1566/1429 466/1569/1432
f 2495/1571/1414 5276/1570/1433 2476/1573/1435
f 2516/1575/1437 5277/1579/1441 2498/1576/1438
f 477/1578/1440 2512/1580/1442 5277/1579/1441
f 2512/1580/1442 478/1624/5658 2515/1581/1443
f 5277/1579/1441 2515/1581/1443 486/1582/1444
f 2513/1583/1445 5278/1586/1448 2514/1584/1446
f 474/1577/1439 2499/1587/1449 5278/1586/1448
f 2499/1587/1449 487/1648/1453 2518/1588/1450
f 2514/1584/1446 5278/1586/1448 2518/1588/1450
f 2517/1590/1452 5279/1592/1454 2498/1576/1438
f 487/1591/1453 2499/1593/1449 5279/1592/1454
f 474/1577/1439 2498/2947/1438 5279/1592/1454
f 465/1594/1455 2489/1597/1458 5280/1595/1456
f 2489/1597/1458 473/2949/1462 2510/1598/1459
f 5280/1595/1456 2510/1598/1459 476/1599/1459
f 2511/1596/1457 5280/1595/1456 2505/1600/1456
f 2487/1602/1460 5281/1605/1460 2509/1603/1352
f 2487/1602/1460 465/1594/1455 2511/1596/1457
f 5281/1605/1460 2511/1596/1457 475/1601/1457
f 5281/1605/1460 2503/1606/1460 482/1607/1352
f 461/1608/1356 2485/1611/1461 5282/1609/1461
f 2485/1611/1461 462/2951/1360 2472/1612/1359
f 5282/1609/1461 2472/1612/1359 484/1613/1359
f 2507/1610/1357 5282/1609/1461 2501/1614/1461
f 473/1616/1462 2490/1619/1464 5283/1617/1463
f 2490/1619/1464 453/2953/1355 2508/1620/1354
f 5283/1617/1463 2508/1620/1354 485/1621/1354
f 2510/1618/1459 5283/1617/1463 2506/1622/1463
f 478/1624/1465 2512/1580/1469 5284/1625/1466
f 477/1578/1468 2520/1627/1470 5284/1625/1466
f 2520/1627/1470 481/1647/5659 2500/1628/1471
f 2519/1626/1467 5284/1625/1466 2500/1628/1471
f 2513/1583/1473 5285/1632/1477 2521/1630/1474
f 479/1585/1476 2522/1633/1478 5285/1632/1477
f 2522/1633/1478 483/1639/5660 2501/1634/1479
f 5285/1632/1477 2501/1634/1479 484/1635/1480
f 479/1585/1481 2514/1584/1485 5286/1636/1482
f 480/1589/1484 2523/1637/1486 5286/1636/1482
f 2523/1637/1486 485/1656/5661 2502/1638/1487
f 2522/1633/1483 5286/1636/1482 2502/1638/1487
f 2515/1581/1489 5287/1641/1493 2524/1640/1490
f 478/1624/1492 2519/1626/1494 5287/1641/1493
f 2519/1626/1494 482/1629/5662 2503/1642/1495
f 5287/1641/1493 2503/1642/1495 475/1643/1496
f 477/1578/1497 2516/1645/1500 5288/1644/1498
f 2516/1645/1500 474/1631/5663 2521/1630/1501
f 5288/1644/1498 2521/1630/1501 484/1635/1502
f 2520/1627/1499 5288/1644/1498 2504/1646/1503
f 487/1648/1505 2517/1651/1508 5289/1649/1506
f 2517/1651/1508 486/1582/1491 2524/1640/1490
f 5289/1649/1506 2524/1640/1490 475/1643/1496
f 2525/1650/1507 5289/1649/1506 2505/1652/1509
f 480/1589/1511 2518/1588/1514 5290/1654/1512
f 2518/1588/1514 487/1648/1505 2525/1650/1507
f 5290/1654/1512 2525/1650/1507 476/1653/1510
f 2523/1637/1513 5290/1654/1512 2506/1655/1515
f 2529/1478/1517 5291/1657/1518 2527/1477/1518
f 496/1484/1520 2526/1483/1518 5291/1657/1518
f 2526/1483/1518 497/3200/1528 2528/1482/1521
f 5291/1657/1518 2528/1482/1521 488/1480/1522
f 2531/1477/1361 5292/1481/1361 2533/1478/1523
f 494/1480/1525 2532/1482/1526 5292/1481/1361
f 2532/1482/1526 499/3200/5664 2530/1483/1361
f 5292/1481/1361 2530/1483/1361 498/1484/1527
f 497/1658/1528 2535/1661/1530 5293/1659/1529
f 2535/1661/1530 499/2962/5664 2532/1662/1526
f 5293/1659/1529 2532/1662/1526 494/1663/1525
f 2528/1660/1521 5293/1659/1529 2534/1664/1529
f 2551/1666/1531 5294/1670/1532 2539/1667/1532
f 507/1669/1534 2547/1671/1532 5294/1670/1532
f 2547/1671/1532 506/3204/5665 2550/1672/1535
f 5294/1670/1532 2550/1672/1535 492/1673/1536
f 2537/1674/1537 5295/1678/1537 2529/1675/1517
f 495/1677/1524 2533/1679/1523 5295/1678/1537
f 2533/1679/1523 498/3205/1527 2536/1680/1538
f 5295/1678/1537 2536/1680/1538 496/1681/1520
f 500/1682/1539 2557/1685/1539 5296/1683/1539
f 2557/1685/1539 502/1738/1539 2555/1686/1539
f 5296/1683/1539 2555/1686/1539 503/1687/1539
f 2554/1684/1539 5296/1683/1539 2556/1688/1539
f 491/1690/1540 2542/1693/1543 5297/1691/1541
f 2542/1693/1543 497/2964/1528 2526/1694/1544
f 2526/1694/1544 496/2969/1520 2543/1695/1545
f 5297/1691/1541 2543/1695/1545 490/1696/1546
f 492/1697/1536 2544/1700/1549 5298/1698/1547
f 2544/1700/1549 498/2965/1527 2530/1701/1550
f 2530/1701/1550 499/2967/5664 2545/1702/1551
f 5298/1698/1547 2545/1702/1551 493/1703/1533
f 493/1703/1533 2545/1702/1551 5299/1704/1552
f 2545/1702/1551 499/2967/5664 2535/1706/1530
f 2535/1706/1530 497/2964/1528 2542/1693/1543
f 5299/1704/1552 2542/1693/1543 491/1690/1540
f 490/1696/1546 2543/1695/1545 5300/1707/1554
f 2543/1695/1545 496/2969/1520 2536/1709/1538
f 2536/1709/1538 498/2965/1527 2544/1700/1549
f 5300/1707/1554 2544/1700/1549 492/1697/1536
f 491/1710/1540 2552/1714/1558 5301/1711/1556
f 505/1713/1557 2548/1715/1556 5301/1711/1556
f 2548/1715/1556 507/3206/1534 2551/1716/1531
f 5301/1711/1556 2551/1716/1531 493/1717/1533
f 490/1718/1546 2553/1721/1560 5302/1719/1559
f 2553/1721/1560 504/2971/5666 2546/1722/1559
f 5302/1719/1559 2546/1722/1559 505/1723/1557
f 2538/1720/1559 5302/1719/1559 2552/1724/1558
f 2550/1726/1535 5303/1730/1561 2541/1727/1555
f 2550/1726/1535 506/2972/5665 2549/1729/1561
f 2549/1729/1561 504/3207/5666 2553/1731/1560
f 2541/1727/1555 5303/1730/1561 2553/1731/1560
f 501/1689/1562 2558/1735/1565 5304/1733/1563
f 2558/1735/1565 505/2974/5667 2546/1736/1566
f 2546/1736/1566 504/2978/5668 2559/1737/1567
f 5304/1733/1563 2559/1737/1567 500/1682/1568
f 502/1738/1569 2560/1741/1572 5305/1739/1570
f 2560/1741/1572 506/2975/5669 2547/1742/1573
f 2547/1742/1573 507/2977/5670 2561/1743/1574
f 5305/1739/1570 2561/1743/1574 503/1687/1575
f 503/1687/1576 2561/1743/1579 5306/1744/1577
f 2561/1743/1579 507/2977/5671 2548/1745/1580
f 2548/1745/1580 505/2974/5672 2558/1735/1581
f 5306/1744/1577 2558/1735/1581 501/1689/1582
f 500/1682/1583 2559/1737/1586 5307/1746/1584
f 2559/1737/1586 504/2978/5673 2549/1748/1587
f 2549/1748/1587 506/2975/5674 2560/1741/1588
f 5307/1746/1584 2560/1741/1588 502/1738/1589
f 13/1749/1590 2562/1753/1594 5308/1750/1591
f 154/1752/1593 1933/1754/1595 5308/1750/1591
f 1933/1754/1595 148/113/641 3248/110/638
f 5308/1750/1591 3248/110/638 805/112/640
f 3265/1755/1596 5309/1759/1600 3235/1756/1597
f 153/1758/1599 1932/2982/5675 5309/1759/1600
f 5309/1759/1600 1932/2982/5675 154/1752/1593
f 3235/1756/1597 5309/1759/1600 2562/1753/1594
f 3252/492/1601 5310/1762/1605 3105/1760/1602
f 152/1761/1604 1931/1763/1606 5310/1762/1605
f 1931/1763/1606 153/1758/1599 3265/1755/1596
f 5310/1762/1605 3265/1755/1596 820/1757/1598
f 2565/1764/1607 5311/1767/1608 2563/1765/1608
f 524/1765/1607 2564/1765/1608 5311/1767/1608
f 2564/1765/1608 523/1765/1609 2566/1764/1609
f 2563/1765/1608 5311/1767/1608 2566/1764/1609
f 2566/1764/1609 5312/1767/1610 2567/1765/1610
f 523/1765/1609 2568/1765/1610 5312/1767/1610
f 2568/1765/1610 525/1765/1611 2569/1764/1611
f 5312/1767/1610 2569/1764/1611 512/1766/1611
f 2569/1764/1611 5313/1767/1612 2570/1765/1612
f 525/1765/1611 2571/1765/1612 5313/1767/1612
f 2571/1765/1612 526/1765/1613 2572/1764/1613
f 5313/1767/1612 2572/1764/1613 514/1766/1613
f 2572/1764/1613 5314/1767/1614 2573/1765/1614
f 526/1765/1613 2574/1765/1614 5314/1767/1614
f 2574/1765/1614 527/1765/1615 2575/1764/1615
f 5314/1767/1614 2575/1764/1615 516/1766/1615
f 2575/1764/1615 5315/1767/1616 2576/1765/1616
f 527/1765/1615 2577/1765/1616 5315/1767/1616
f 5315/1767/1616 2577/1765/1616 528/1765/1617
f 2576/1765/1616 5315/1767/1616 2578/1764/1617
f 518/1766/1617 2578/1764/1617 5316/1767/1618
f 528/1765/1617 2907/1765/1618 5316/1767/1618
f 5316/1767/1618 2907/1765/1618 633/1768/1619
f 2908/1765/1618 5316/1767/1618 2785/1765/1619
f 522/1765/1613 2588/1765/1612 5317/1769/1612
f 520/1765/1611 2605/1768/1611 5317/1769/1612
f 2605/1768/1611 536/1766/1633 2603/1765/1620
f 5317/1769/1612 2603/1765/1620 537/1766/1621
f 632/1768/1622 2785/1765/1622 5318/1767/1623
f 2785/1765/1622 633/1768/1622 2841/1765/1623
f 2841/1765/1623 529/1765/1624 2579/1764/1624
f 5318/1767/1623 2579/1764/1624 521/1766/1624
f 521/1766/1624 2579/1764/1624 5319/1767/1625
f 2579/1764/1624 529/1765/1624 2581/1765/1625
f 2581/1765/1625 524/1765/1607 2565/1764/1607
f 2580/1765/1625 5319/1767/1625 2565/1764/1607
f 509/1765/1626 2582/1765/1627 5320/1770/1626
f 511/1765/1626 2591/1765/1626 5320/1770/1626
f 2591/1765/1626 523/1765/1626 2564/1765/1626
f 2590/1765/1626 5320/1770/1626 2564/1765/1626
f 511/1765/1626 2583/1765/1626 5321/1770/1626
f 513/1765/1626 2592/1765/1626 5321/1770/1626
f 2592/1765/1626 525/1765/1626 2568/1765/1626
f 2591/1765/1626 5321/1770/1626 2568/1765/1626
f 513/1765/1626 2584/1765/1626 5322/1770/1626
f 515/1765/1626 2593/1765/1626 5322/1770/1626
f 2593/1765/1626 526/1765/1626 2571/1765/1626
f 2592/1765/1626 5322/1770/1626 2571/1765/1626
f 515/1765/1626 2585/1765/1626 5323/1770/1627
f 517/1765/1626 2594/1765/1626 5323/1770/1627
f 2594/1765/1626 527/1765/1626 2574/1765/1627
f 2593/1765/1626 5323/1770/1627 2574/1765/1627
f 517/1765/1626 2586/1765/1626 5324/1770/1626
f 519/1765/1626 2595/1765/1626 5324/1770/1626
f 2595/1765/1626 528/1765/1626 2577/1765/1626
f 2594/1765/1626 5324/1770/1626 2577/1765/1626
f 2587/1765/1626 5325/1768/1626 2595/1764/1626
f 520/1765/1626 2909/1768/1626 5325/1768/1626
f 2909/1768/1626 633/1766/1626 2907/1765/1626
f 5325/1768/1626 2907/1765/1626 528/1765/1626
f 520/1765/1626 2588/1765/1626 5326/1767/1626
f 2588/1765/1626 522/1765/1626 2596/1764/1626
f 5326/1767/1626 2596/1764/1626 529/1765/1626
f 2909/1768/1626 5326/1767/1626 2841/1765/1626
f 522/1765/1626 2589/1765/1626 5327/1770/1626
f 509/1765/1626 2590/1765/1626 5327/1770/1626
f 2590/1765/1626 524/1765/1627 2581/1765/1626
f 2596/1765/1626 5327/1770/1626 2581/1765/1626
f 530/498/1628 2597/499/1631 5328/1771/1626
f 531/498/1630 2604/499/1632 5328/1771/1626
f 537/498/1621 2603/499/1620 5328/1771/1626
f 536/498/1633 2602/499/1635 5328/1771/1626
f 535/498/1634 2601/499/1637 5328/1771/1626
f 534/498/1636 2600/499/1639 5328/1771/1626
f 533/498/1638 2599/499/1641 5328/1771/1626
f 532/498/1640 2598/499/1629 5328/1771/1626
f 2586/1765/1608 5329/1769/1608 2608/1768/1609
f 2586/1765/1608 517/1765/1607 2607/1768/1607
f 2607/1768/1607 534/1766/1636 2601/1765/1637
f 2608/1768/1609 5329/1769/1608 2601/1765/1637
f 515/1765/1642 2584/1765/1643 5330/1769/1643
f 513/1765/1644 2609/1768/1644 5330/1769/1643
f 2609/1768/1644 532/1766/1640 2599/1765/1641
f 2610/1768/1642 5330/1769/1643 2599/1765/1641
f 2582/1765/1616 5331/1769/1616 2612/1768/1645
f 2582/1765/1616 509/1765/1615 2611/1768/1615
f 2611/1768/1615 531/1766/1630 2597/1765/1631
f 2612/1768/1645 5331/1769/1616 2597/1765/1631
f 509/1765/1615 2589/1765/1614 5332/1769/1614
f 2589/1765/1614 522/1765/1613 2606/1768/1613
f 2606/1768/1613 537/1766/1621 2604/1765/1632
f 2611/1768/1615 5332/1769/1614 2604/1765/1632
f 520/1765/1611 2587/1765/1610 5333/1769/1610
f 2587/1765/1610 519/1765/1609 2608/1768/1609
f 2608/1768/1609 535/1766/1634 2602/1765/1635
f 2605/1768/1611 5333/1769/1610 2602/1765/1635
f 2585/1765/1625 5334/1769/1625 2607/1768/1607
f 515/1765/1642 2610/1768/1642 5334/1769/1625
f 2610/1768/1642 533/1766/1638 2600/1765/1639
f 2607/1768/1607 5334/1769/1625 2600/1765/1639
f 513/1765/1644 2583/1765/1646 5335/1769/1646
f 2583/1765/1646 511/1765/1645 2612/1768/1645
f 2612/1768/1645 530/1766/1628 2598/1765/1629
f 2609/1768/1644 5335/1769/1646 2598/1765/1629
f 96/1772/1647 1844/1775/1650 5336/1773/1648
f 1844/1775/1650 111/27/1652 2617/1776/1651
f 5336/1773/1648 2617/1776/1651 542/1777/731
f 2618/1774/1649 5336/1773/1648 2619/409/738
f 111/27/1652 1824/26/1654 5337/1778/1653
f 1824/26/1654 89/33/1657 2616/1779/1655
f 5337/1778/1653 2616/1779/1655 541/1780/726
f 2617/1776/1651 5337/1778/1653 2620/401/734
f 1801/34/1656 5338/1783/1659 2616/1781/1655
f 46/1782/1658 2614/1784/1660 5338/1783/1659
f 2614/1784/1660 539/2580/5651 2621/395/729
f 5338/1783/1659 2621/395/729 541/392/726
f 155/1785/663 1935/1788/1663 5339/1786/1661
f 158/193/711 1936/1789/710 5339/1786/1661
f 1936/1789/710 538/199/717 2622/196/714
f 5339/1786/1661 2622/196/714 540/198/716
f 1731/1790/1664 5340/1794/1668 2614/1791/1665
f 93/1793/1667 2613/201/719 5340/1794/1668
f 2613/201/719 538/3158/717 2623/191/709
f 2614/1791/1665 5340/1794/1668 2623/191/709
f 1875/1795/1669 5341/1798/1671 1938/1796/630
f 120/1797/1670 2624/1799/1672 5341/1798/1671
f 2624/1799/1672 540/1805/716 1950/1800/715
f 1938/1796/630 5341/1798/1671 1950/1800/715
f 1869/1801/1673 5342/1802/1674 2624/1799/1672
f 38/137/665 1942/1803/664 5342/1802/1674
f 1942/1803/664 155/135/663 2615/1804/1662
f 5342/1802/1674 2615/1804/1662 540/1805/716
f 134/1806/1675 2647/1808/1677 5343/1807/1676
f 2647/1808/1677 567/1435/1282 2649/1437/1284
f 5343/1807/1676 2649/1437/1284 559/1442/1289
f 2399/1431/1278 5343/1807/1676 2640/1809/1678
f 396/1810/1679 2383/1813/1682 5344/1811/1680
f 566/1409/1256 2650/1408/1255 5344/1811/1680
f 2650/1408/1255 558/1414/1261 1871/1814/1683
f 2396/1812/1681 5344/1811/1680 1871/1814/1683
f 393/1816/1684 2645/1819/1687 5345/1817/1685
f 2645/1819/1687 565/1393/1240 2651/1395/1242
f 5345/1817/1685 2651/1395/1242 547/1398/1245
f 2393/1818/1686 5345/1817/1685 2628/1820/1688
f 402/1822/1222 2391/1825/1221 5346/1823/1690
f 2391/1825/1221 568/1377/1225 2652/1379/1227
f 5346/1823/1690 2652/1379/1227 566/1384/1231
f 1918/1824/1691 5346/1823/1690 2383/1826/1692
f 626/500/751 2766/501/1696 5347/501/1694
f 2766/501/1696 110/497/1903 1843/499/1697
f 5347/501/1694 1843/499/1697 555/497/1698
f 2769/498/1695 5347/501/1694 2768/502/759
f 3/497/1699 2040/502/1699 5348/501/1699
f 2040/502/1699 4/497/1699 2039/499/1701
f 5348/501/1699 2039/499/1701 564/497/1702
f 3229/499/1700 5348/501/1699 3266/498/1703
f 1922/1828/1684 5349/1832/1708 2645/1829/1705
f 1922/1828/1684 403/1833/1709 2644/1831/1707
f 5349/1832/1708 2644/1831/1707 563/75/604
f 5349/1832/1708 2654/83/612 565/85/614
f 403/1833/1709 1920/1835/1711 5350/1834/1710
f 1920/1835/1711 400/3005/4517 2388/1836/1712
f 5350/1834/1710 2388/1836/1712 567/1837/1713
f 2644/1831/1707 5350/1834/1710 2655/78/607
f 144/1838/579 1916/1840/1715 5351/1839/1714
f 1916/1840/1715 561/3208/591 2656/41/593
f 5351/1839/1714 2656/41/593 562/1841/460
f 1910/39/582 5351/1839/1714 1917/41/1716
f 2886/41/1717 5352/1838/1719 2884/39/578
f 692/41/586 2657/39/585 5352/1838/1719
f 2657/39/585 561/3208/591 1916/1840/1715
f 2884/39/578 5352/1838/1719 1916/1840/1715
f 1858/29/1720 5353/8/1723 1897/9/1721
f 556/66/531 2658/66/530 5353/8/1723
f 2658/66/530 560/29/526 1894/9/1724
f 5353/8/1723 1894/9/1724 136/29/1725
f 1895/66/1726 5354/8/1729 1891/9/1727
f 136/7/1725 1894/9/1724 5354/8/1729
f 1894/9/1724 560/29/526 2659/9/523
f 5354/8/1729 2659/9/523 559/29/525
f 1872/1842/1730 5355/1842/1732 1859/1843/466
f 1872/1842/1730 125/1844/4530 1871/1843/1731
f 5355/1842/1732 1871/1843/1731 558/1845/1733
f 5355/1842/1732 2660/1843/496 557/1845/467
f 143/42/583 1917/41/1716 5356/42/1734
f 1917/41/1716 562/1841/460 2661/1846/462
f 5356/42/1734 2661/1846/462 557/39/467
f 1909/39/505 5356/42/1734 2638/39/497
f 80/9/336 1806/8/336 5357/8/336
f 1806/8/336 84/7/336 2636/9/336
f 5357/8/336 2636/9/336 555/29/336
f 2635/9/336 5357/8/336 2662/9/336
f 80/9/1735 2635/28/1736 5358/64/1736
f 2635/28/1736 554/28/442 2663/28/444
f 5358/64/1736 2663/28/444 550/29/442
f 1798/29/1735 5358/64/1736 2631/28/1737
f 2632/9/18 5359/8/18 1816/8/19
f 551/29/17 2664/9/17 5359/8/18
f 2664/9/17 546/7/17 1825/8/18
f 5359/8/18 1825/8/18 97/8/19
f 2631/28/1738 5360/28/1741 1732/29/1739
f 550/29/435 2665/29/434 5360/28/1741
f 2665/29/434 552/29/438 2633/29/1742
f 1732/29/1739 5360/28/1741 2633/29/1742
f 1809/8/1743 5361/8/1747 1812/8/1744
f 45/9/1746 1744/9/1748 5361/8/1747
f 1744/9/1748 544/29/430 2666/9/429
f 5361/8/1747 2666/9/429 545/7/423
f 88/8/1745 1812/28/1744 5362/8/1749
f 1812/28/1744 545/7/423 2667/9/425
f 5362/8/1749 2667/9/425 549/29/428
f 1742/8/1750 5362/8/1749 2630/9/1751
f 47/9/19 2630/9/19 5363/8/19
f 2630/9/19 549/29/410 2668/9/412
f 5363/8/19 2668/9/412 548/29/19
f 1797/8/19 5363/8/19 2629/9/19
f 1719/39/421 5364/42/1755 1830/39/1753
f 65/42/1754 2760/41/1756 5364/42/1755
f 2760/41/1756 621/42/354 2669/39/351
f 5364/42/1755 2669/39/351 547/39/353
f 112/42/18 1852/39/18 5365/42/439
f 1852/39/18 108/39/18 1841/39/439
f 5365/42/439 1841/39/439 553/39/17
f 2627/41/439 5365/42/439 2671/39/17
f 108/22/258 1850/1850/257 5366/1848/1757
f 1850/1850/257 111/3010/263 1844/1851/1759
f 1844/1851/1759 96/1857/1764 2672/1852/1760
f 5366/1848/1757 2672/1852/1760 553/1853/1761
f 2672/1852/1760 5367/1859/1766 2634/1854/1762
f 2673/1855/1763 5367/1859/1766 2672/1856/1760
f 1/1858/1765 2634/1854/1762 5367/1859/1766
f 382/1358/1210 2367/1358/1210 5368/1361/1210
f 2367/1358/1210 569/1359/1210 2677/1358/1210
f 5368/1361/1210 2677/1358/1210 571/1359/1210
f 2378/1361/1210 5368/1361/1210 2374/1358/1210
f 2674/1362/1767 5369/1363/1769 2372/1362/1197
f 569/1362/1201 2678/1362/1201 5369/1363/1769
f 2678/1362/1201 570/1362/1201 2675/1362/1769
f 5369/1363/1769 2675/1362/1769 384/1362/1770
f 373/1358/1210 2355/1358/1210 5370/1361/1210
f 2355/1358/1210 572/1359/1210 2682/1358/1210
f 5370/1361/1210 2682/1358/1210 574/1359/1210
f 2366/1361/1210 5370/1361/1210 2362/1358/1210
f 2679/1362/1767 5371/1363/1769 2360/1362/1197
f 572/1362/1201 2683/1362/1201 5371/1363/1769
f 2683/1362/1201 573/1362/1201 2680/1362/1769
f 5371/1363/1769 2680/1362/1769 375/1362/1770
f 364/1358/1210 2343/1358/1210 5372/1361/1210
f 2343/1358/1210 575/1359/1210 2687/1358/1210
f 5372/1361/1210 2687/1358/1210 577/1359/1210
f 2354/1361/1210 5372/1361/1210 2350/1358/1210
f 2684/1362/1767 5373/1363/1769 2348/1362/1197
f 575/1362/1201 2688/1362/1201 5373/1363/1769
f 2688/1362/1201 576/1362/1201 2685/1362/1769
f 5373/1363/1769 2685/1362/1769 366/1362/1770
f 355/1358/1210 2331/1358/1210 5374/1361/1210
f 2331/1358/1210 578/1359/1210 2692/1358/1210
f 5374/1361/1210 2692/1358/1210 580/1359/1210
f 2342/1361/1210 5374/1361/1210 2338/1358/1210
f 2689/1362/1767 5375/1363/1769 2336/1362/1197
f 578/1362/1201 2693/1362/1201 5375/1363/1769
f 2693/1362/1201 579/1362/1201 2690/1362/1769
f 5375/1363/1769 2690/1362/1769 357/1362/1770
f 2696/1449/1771 5376/1449/1772 2411/1449/1321
f 583/1449/1310 2697/1449/1309 5376/1449/1772
f 2697/1449/1309 581/1449/1315 2402/1449/1773
f 5376/1449/1772 2402/1449/1773 409/1449/1322
f 408/4/1774 2405/4/1776 5377/4/1775
f 2405/4/1776 411/4/5676 2695/4/1777
f 2695/4/1777 582/4/1297 2698/4/1294
f 2694/4/1338 5377/4/1775 2698/4/1294
f 2701/1449/1771 5378/1449/1772 2423/1449/1321
f 586/1449/1310 2702/1449/1309 5378/1449/1772
f 2702/1449/1309 584/1449/1315 2414/1449/1773
f 5378/1449/1772 2414/1449/1773 418/1449/1322
f 417/4/1774 2417/4/1776 5379/4/1775
f 2417/4/1776 420/4/5676 2700/4/1777
f 2700/4/1777 585/4/1297 2703/4/1294
f 2699/4/1338 5379/4/1775 2703/4/1294
f 2706/1449/1771 5380/1449/1772 2435/1449/1321
f 589/1449/1310 2707/1449/1309 5380/1449/1772
f 2707/1449/1309 587/1449/1315 2426/1449/1773
f 5380/1449/1772 2426/1449/1773 427/1449/1322
f 426/4/1778 2429/4/1781 5381/4/1779
f 2429/4/1781 429/4/5677 2705/4/1782
f 2705/4/1782 588/4/1326 2708/4/1323
f 2704/4/1780 5381/4/1779 2708/4/1323
f 2711/1449/1771 5382/1449/1772 2447/1449/1321
f 592/1449/1310 2712/1449/1309 5382/1449/1772
f 2712/1449/1309 590/1449/1315 2438/1449/1773
f 5382/1449/1772 2438/1449/1773 436/1449/1322
f 435/4/1778 2441/4/1781 5383/4/1779
f 2441/4/1781 438/4/5677 2710/4/1782
f 2710/4/1782 591/4/1326 2713/4/1323
f 2709/4/1780 5383/4/1779 2713/4/1323
f 2716/1449/1771 5384/1449/1783 2459/1449/1346
f 595/1449/1340 2717/1449/1309 5384/1449/1783
f 2717/1449/1309 593/1449/1344 2450/1449/1784
f 5384/1449/1783 2450/1449/1784 445/1449/1322
f 444/4/1778 2453/4/1781 5385/4/1779
f 2453/4/1781 447/4/5677 2715/4/1782
f 2715/4/1782 594/4/1337 2718/4/1323
f 2714/4/1785 5385/4/1779 2718/4/1323
f 597/1861/1786 2733/1864/1789 5386/1862/1787
f 2733/1864/1789 599/3012/1825 2743/1865/1790
f 5386/1862/1787 2743/1865/1790 611/1866/1791
f 2744/1863/1788 5386/1862/1787 2741/1867/1792
f 604/1869/1626 2747/1869/1626 5387/1870/1626
f 607/1869/1626 2749/1869/1626 5387/1870/1626
f 5387/1870/1626 2749/1869/1626 603/1869/1626
f 5387/1870/1626 2750/1869/1626 602/1869/1626
f 614/1871/1794 2725/1874/1797 5388/1872/1795
f 2725/1874/1797 615/3014/1812 2727/1875/1798
f 2727/1875/1798 601/3209/1803 2728/1876/1799
f 2726/1873/1796 5388/1872/1795 2728/1876/1799
f 600/1878/1800 2728/1882/1799 5389/1879/1801
f 601/1881/1803 2730/1883/1804 5389/1879/1801
f 2730/1883/1804 606/3210/1824 2720/1884/1805
f 2729/1880/1802 5389/1879/1801 2720/1884/1805
f 2723/1886/1807 5390/1890/1810 2719/1887/1808
f 2723/1886/1807 614/1894/1794 2726/1889/1796
f 5390/1890/1810 2726/1889/1796 600/1891/1800
f 2719/1887/1808 5390/1890/1810 2729/1892/1802
f 2724/1886/1811 5391/1890/1814 2727/1889/1798
f 2724/1886/1811 612/1888/1828 2721/1895/1813
f 2721/1895/1813 606/1893/1824 2730/1892/1804
f 5391/1890/1814 2730/1892/1804 601/1891/1803
f 2731/1896/1815 5392/1900/1819 2735/1897/1816
f 598/1899/1818 2736/1901/1820 5392/1900/1819
f 2736/1901/1820 613/1888/1809 2719/1887/1808
f 5392/1900/1819 2719/1887/1808 605/1893/1806
f 597/1902/1786 2732/1905/1823 5393/1903/1821
f 2732/1905/1823 596/3019/1817 2735/1906/1816
f 2735/1906/1816 605/1877/1806 2720/1876/1805
f 2737/1904/1822 5393/1903/1821 2720/1876/1805
f 599/1908/1825 2733/1911/1789 5394/1909/1826
f 2733/1911/1789 597/1902/1786 2737/1904/1822
f 5394/1909/1826 2737/1904/1822 606/1907/1824
f 2738/1910/1827 5394/1909/1826 2721/1875/1813
f 2734/1913/1829 5395/1916/1830 2736/1914/1820
f 599/1908/1825 2738/1910/1827 5395/1916/1830
f 2738/1910/1827 612/1912/1828 2722/1874/1831
f 5395/1916/1830 2722/1874/1831 613/1871/1809
f 2731/1896/1815 5396/1918/1833 2746/1917/1832
f 596/1898/1817 2745/1919/1834 5396/1918/1833
f 2745/1919/1834 609/1868/1841 2739/1867/1835
f 5396/1918/1833 2739/1867/1835 608/1866/1836
f 2734/1920/1829 5397/1924/1837 2743/1921/1790
f 598/1923/1818 2746/1925/1832 5397/1924/1837
f 2746/1925/1832 608/3211/1836 2742/1926/1838
f 5397/1924/1837 2742/1926/1838 611/1927/1791
f 596/1928/1817 2732/1931/1823 5398/1929/1839
f 2732/1931/1823 597/3024/1786 2744/1932/1788
f 5398/1929/1839 2744/1932/1788 610/1933/1793
f 2745/1930/1834 5398/1929/1839 2740/1934/1840
f 2747/1936/1626 5399/1940/1626 2751/1937/1626
f 2747/1936/1626 604/1944/1626 2752/1939/1626
f 5399/1940/1626 2752/1939/1626 613/1941/1809
f 5399/1940/1626 2722/1942/1831 612/1943/1828
f 604/1944/1626 2748/1947/1626 5400/1945/1626
f 602/1946/1626 2753/1948/1626 5400/1945/1626
f 2753/1948/1626 614/1959/1626 2723/1949/1626
f 2752/1939/1626 5400/1945/1626 2723/1949/1626
f 603/1950/1626 2749/1953/1626 5401/1951/1626
f 607/1938/1626 2751/1937/1626 5401/1951/1626
f 2751/1937/1626 612/1943/1828 2724/1954/1626
f 2754/1952/1626 5401/1951/1626 2724/1954/1626
f 2750/1956/1626 5402/1957/1626 2753/1948/1626
f 2750/1956/1626 603/1950/1626 2754/1952/1626
f 5402/1957/1626 2754/1952/1626 615/1955/1626
f 5402/1957/1626 2725/1958/1626 614/1959/1626
f 674/4/1842 2850/4/1845 5403/15/1843
f 2850/4/1845 675/4/1865 2913/10/1846
f 5403/15/1843 2913/10/1846 616/4/1847
f 2912/4/1844 5403/15/1843 2755/1/1848
f 2851/4/1850 5404/1/1854 2916/4/1851
f 676/4/1853 2915/4/1855 5404/1/1854
f 2915/4/1855 64/4/1863 1764/4/1856
f 5404/1/1854 1764/4/1856 61/4/1857
f 676/4/1853 2911/4/1859 5405/4/1858
f 2911/4/1859 630/5/1919 2777/4/1860
f 5405/4/1858 2777/4/1860 92/4/1861
f 2915/4/1855 5405/4/1858 2758/4/1862
f 2852/4/1864 5406/6/1867 2913/10/1846
f 677/4/1866 2918/10/1868 5406/6/1867
f 2918/10/1868 69/38/308 2779/16/1869
f 5406/6/1867 2779/16/1869 616/4/1847
f 677/4/1866 2854/4/1871 5407/4/1870
f 671/4/300 2914/4/302 5407/4/1870
f 2914/4/302 617/5/278 2780/16/277
f 2918/10/1868 5407/4/1870 2780/16/277
f 35/4/1872 1776/4/1875 5408/1/1873
f 1776/4/1875 620/4/216 2759/1/218
f 2759/1/218 59/4/221 1740/4/1876
f 2757/4/1874 5408/1/1873 1740/4/1876
f 1835/39/1878 5409/41/1880 2760/41/1756
f 100/39/1879 2625/39/1881 5409/41/1880
f 2625/39/1881 544/39/1883 1757/39/1882
f 5409/41/1880 1757/39/1882 621/42/354
f 1757/9/1882 5410/8/1884 2761/8/356
f 544/29/1883 1744/9/1885 5410/8/1884
f 1744/9/1885 45/9/5678 1777/8/1886
f 5410/8/1884 1777/8/1886 622/8/1887
f 1776/4/1888 5411/1/1890 2762/1/420
f 35/4/1889 1829/4/1891 5411/1/1890
f 1829/4/1891 100/4/1879 1835/4/1878
f 5411/1/1890 1835/4/1878 65/5/1754
f 102/497/1892 2041/498/753 5412/501/1893
f 2041/498/753 626/500/751 2769/498/1695
f 5412/501/1893 2769/498/1695 628/500/756
f 1831/499/1894 5412/501/1893 2653/498/1895
f 548/497/1896 2653/498/1895 5413/501/1897
f 2653/498/1895 628/500/756 2770/498/758
f 5413/501/1897 2770/498/758 627/501/762
f 2629/499/1898 5413/501/1897 2767/498/762
f 85/498/1900 1802/499/1904 5414/501/1901
f 110/497/1903 2766/498/1696 5414/501/1901
f 2766/498/1696 626/500/751 2771/498/752
f 2765/499/1902 5414/501/1901 2771/498/752
f 50/4/341 2764/38/1906 5415/2/1905
f 624/4/346 2772/3/345 5415/2/1905
f 2772/3/345 623/4/350 2763/38/1907
f 1799/4/342 5415/2/1905 2763/38/1907
f 81/4/1909 2763/4/1912 5416/1/1910
f 623/4/212 2776/1/211 5416/1/1910
f 2776/1/211 618/5/215 2775/4/1913
f 1735/4/1911 5416/1/1910 2775/4/1913
f 51/4/1915 1796/4/1917 5417/1/1916
f 1796/4/1917 624/4/189 2773/1/191
f 5417/1/1916 2773/1/191 625/5/196
f 1805/4/386 5417/1/1916 1804/4/1918
f 630/5/1919 2917/4/1921 5418/1/1920
f 674/4/1842 2912/4/1844 5418/1/1920
f 2912/4/1844 618/4/1849 2774/4/1922
f 2777/4/1860 5418/1/1920 2774/4/1922
f 2910/4/1923 5419/4/1924 2778/4/297
f 673/5/1852 2916/4/1851 5419/4/1924
f 2916/4/1851 61/4/1857 1765/4/1925
f 5419/4/1924 1765/4/1925 63/4/1926
f 1762/4/307 5420/4/1928 2779/16/1869
f 1762/4/307 91/5/28 2775/4/1927
f 5420/4/1928 2775/4/1927 618/5/1849
f 2779/16/1869 5420/4/1928 2755/1/1848
f 2919/4/1929 5421/4/1931 2920/4/304
f 619/5/294 1763/4/293 5421/4/1931
f 1763/4/293 62/4/299 1758/4/1932
f 5421/4/1931 1758/4/1932 90/4/305
f 2781/16/440 5422/4/1933 2784/15/110
f 73/3/135 1769/4/134 5422/4/1933
f 5422/4/1933 1769/4/134 43/4/140
f 5422/4/1933 2782/4/1934 617/5/1935
f 2788/1764/1607 5423/1767/1936 2786/1765/1936
f 2788/1764/1607 650/1765/1607 2787/1765/1936
f 2787/1765/1936 649/1765/1937 2789/1764/1937
f 5423/1767/1936 2789/1764/1937 636/1766/1937
f 636/1766/1937 2789/1764/1937 5424/1767/1938
f 649/1765/1937 2837/1765/1938 5424/1767/1938
f 2837/1765/1938 633/1768/1939 2785/1765/1939
f 5424/1767/1938 2785/1765/1939 632/1768/1939
f 2785/1765/1940 5425/1767/1941 2838/1765/1941
f 633/1768/1940 2839/1765/1941 5425/1767/1941
f 2839/1765/1941 651/1765/1942 2790/1764/1942
f 5425/1767/1941 2790/1764/1942 639/1766/1942
f 2790/1764/1942 5426/1767/1943 2791/1765/1943
f 651/1765/1942 2792/1765/1943 5426/1767/1943
f 2792/1765/1943 652/1765/1615 2793/1764/1615
f 5426/1767/1943 2793/1764/1615 641/1766/1615
f 641/1766/1615 2793/1764/1615 5427/1767/1616
f 652/1765/1615 2795/1765/1616 5427/1767/1616
f 5427/1767/1616 2795/1765/1616 653/1765/1645
f 2794/1765/1616 5427/1767/1616 2796/1764/1645
f 643/1766/1645 2796/1764/1645 5428/1767/1646
f 2796/1764/1645 653/1765/1645 2798/1765/1646
f 5428/1767/1646 2798/1765/1646 654/1765/1644
f 2797/1765/1646 5428/1767/1646 2799/1764/1644
f 648/1765/1613 2811/1765/1612 5429/1769/1612
f 646/1765/1611 2828/1768/1611 5429/1769/1612
f 2828/1768/1611 662/1766/1633 2826/1765/1620
f 5429/1769/1612 2826/1765/1620 663/1766/1621
f 645/1766/1644 2799/1764/1644 5430/1767/1643
f 2799/1764/1644 654/1765/1644 2801/1765/1643
f 2801/1765/1643 655/1765/1642 2802/1764/1642
f 5430/1767/1643 2802/1764/1642 647/1766/1642
f 647/1766/1642 2802/1764/1642 5431/1767/1625
f 2802/1764/1642 655/1765/1642 2804/1765/1625
f 2804/1765/1625 650/1765/1607 2788/1764/1607
f 2803/1765/1625 5431/1767/1625 2788/1764/1607
f 635/1765/1626 2805/1765/1627 5432/1770/1626
f 637/1765/1626 2814/1765/1626 5432/1770/1626
f 2814/1765/1626 649/1765/1626 2787/1765/1626
f 2813/1765/1626 5432/1770/1626 2787/1765/1626
f 2806/1765/1626 5433/1768/1626 2814/1764/1626
f 638/1765/1626 2840/1768/1626 5433/1768/1626
f 2840/1768/1626 633/1766/1626 2837/1765/1626
f 5433/1768/1626 2837/1765/1626 649/1765/1626
f 638/1765/1626 2807/1765/1626 5434/1767/1626
f 2807/1765/1626 640/1765/1626 2815/1764/1626
f 5434/1767/1626 2815/1764/1626 651/1765/1626
f 2840/1768/1626 5434/1767/1626 2839/1765/1626
f 640/1765/1626 2808/1765/1626 5435/1770/1626
f 642/1765/1626 2816/1765/1626 5435/1770/1626
f 2816/1765/1626 652/1765/1626 2792/1765/1626
f 2815/1765/1626 5435/1770/1626 2792/1765/1626
f 642/1765/1626 2809/1765/1626 5436/1770/1626
f 644/1765/1626 2817/1765/1626 5436/1770/1626
f 2817/1765/1626 653/1765/1626 2795/1765/1626
f 2816/1765/1626 5436/1770/1626 2795/1765/1626
f 644/1765/1626 2810/1765/1626 5437/1770/1626
f 646/1765/1626 2818/1765/1626 5437/1770/1626
f 2818/1765/1626 654/1765/1626 2798/1765/1626
f 2817/1765/1626 5437/1770/1626 2798/1765/1626
f 646/1765/1626 2811/1765/1626 5438/1770/1626
f 648/1765/1626 2819/1765/1626 5438/1770/1626
f 2819/1765/1626 655/1765/1626 2801/1765/1626
f 2818/1765/1626 5438/1770/1626 2801/1765/1626
f 648/1765/1626 2812/1765/1626 5439/1770/1626
f 635/1765/1626 2813/1765/1626 5439/1770/1626
f 2813/1765/1626 650/1765/1626 2804/1765/1626
f 2819/1765/1626 5439/1770/1626 2804/1765/1626
f 656/498/1628 2820/499/1631 5440/1771/1626
f 657/498/1630 2827/499/1632 5440/1771/1626
f 663/498/1621 2826/499/1620 5440/1771/1626
f 662/498/1633 2825/499/1635 5440/1771/1626
f 661/498/1634 2824/499/1637 5440/1771/1626
f 660/498/1944 2823/499/1639 5440/1771/1626
f 659/498/1638 2822/499/1641 5440/1771/1626
f 658/498/1640 2821/499/1629 5440/1771/1626
f 2809/1765/1608 5441/1769/1608 2831/1768/1609
f 2809/1765/1608 642/1765/1607 2830/1768/1607
f 5441/1769/1608 2830/1768/1607 660/1766/1944
f 2831/1768/1609 5441/1769/1608 2824/1765/1637
f 2807/1765/1643 5442/1769/1643 2833/1768/1642
f 2807/1765/1643 638/1765/1644 2832/1768/1644
f 2832/1768/1644 658/1766/1640 2822/1765/1641
f 2833/1768/1642 5442/1769/1643 2822/1765/1641
f 2805/1765/1616 5443/1769/1616 2835/1768/1645
f 2805/1765/1616 635/1765/1615 2834/1768/1615
f 2834/1768/1615 657/1766/1630 2820/1765/1631
f 2835/1768/1645 5443/1769/1616 2820/1765/1631
f 2812/1765/1614 5444/1769/1614 2834/1768/1615
f 2812/1765/1614 648/1765/1613 2829/1768/1613
f 2829/1768/1613 663/1766/1621 2827/1765/1632
f 2834/1768/1615 5444/1769/1614 2827/1765/1632
f 2810/1765/1610 5445/1769/1610 2828/1768/1611
f 2810/1765/1610 644/1765/1609 2831/1768/1609
f 2831/1768/1609 661/1766/1634 2825/1765/1635
f 2828/1768/1611 5445/1769/1610 2825/1765/1635
f 2808/1765/1625 5446/1769/1625 2830/1768/1607
f 2808/1765/1625 640/1765/1642 2833/1768/1642
f 2833/1768/1642 659/1766/1638 2823/1765/1639
f 5446/1769/1625 2823/1765/1639 660/1766/1944
f 638/1765/1644 2806/1765/1646 5447/1769/1646
f 637/1765/1645 2835/1768/1645 5447/1769/1646
f 2835/1768/1645 656/1766/1628 2821/1765/1629
f 2832/1768/1644 5447/1769/1646 2821/1765/1629
f 2855/1960/1945 5448/1964/1949 2860/1961/1946
f 673/1963/1948 2910/1965/1950 5448/1964/1949
f 2910/1965/1950 629/2019/1989 2921/1966/1951
f 5448/1964/1949 2921/1966/1951 672/1967/1952
f 2856/1968/1953 5449/1972/1957 2843/1969/1954
f 675/1971/1956 2850/1973/1958 5449/1972/1957
f 2850/1973/1958 674/3212/5679 2857/1974/1959
f 5449/1972/1957 2857/1974/1959 666/1975/1960
f 668/1976/1961 2858/1979/1964 5450/1977/1962
f 2858/1979/1964 676/3036/5680 2851/1980/1965
f 2851/1980/1965 673/1963/1948 2855/1960/1945
f 5450/1977/1962 2855/1960/1945 664/1962/1947
f 666/1981/1960 2857/1984/1959 5451/1982/1966
f 2857/1984/1959 674/3038/5679 2917/1985/1968
f 5451/1982/1966 2917/1985/1968 630/1986/1969
f 2862/1983/1967 5451/1982/1966 2923/1987/1970
f 669/1989/1972 2859/1992/1975 5452/1990/1973
f 2859/1992/1975 677/3039/5681 2852/1993/1976
f 5452/1990/1973 2852/1993/1976 675/1994/1956
f 2846/1991/1974 5452/1990/1973 2856/1995/1953
s 0
f 670/1997/5682 2863/2000/5682 5453/1998/5682
f 2863/2000/5683 678/2026/5683 2861/2001/5683
f 5453/1998/5684 2861/2001/5684 680/2002/5684
f 2849/1999/5685 5453/1998/5685 2853/2003/5685
s 1
f 670/2005/1981 2849/2008/1984 5454/2006/1982
f 2849/2008/1984 671/3043/5686 2854/2009/1985
f 2854/2009/1985 677/3213/5681 2859/2010/1975
f 5454/2006/1982 2859/2010/1975 669/2011/1972
f 2911/2012/1986 5455/2016/1987 2923/2013/1970
f 2911/2012/1986 676/3036/5680 2858/2015/1964
f 5455/2016/1987 2858/2015/1964 668/1976/1961
f 2923/2013/1970 5455/2016/1987 2845/2017/1988
f 629/2019/1989 2756/2022/1991 5456/2020/1990
f 2756/2022/1991 619/2030/5687 2922/2023/1992
f 5456/2020/1990 2922/2023/1992 665/2024/1993
f 2921/2021/1951 5456/2020/1990 2842/2025/1994
s 0
f 678/2026/5688 2847/2028/5688 5457/2027/5688
f 2847/2028/5689 665/2024/5689 2922/2029/5689
f 5457/2027/5690 2922/2029/5690 619/2030/5690
f 2861/2001/5691 5457/2027/5691 2919/2031/5691
s 1
f 669/2032/1972 2846/2035/1974 5458/2033/1999
f 2846/2035/1974 667/2044/1955 2864/2036/2000
f 5458/2033/1999 2864/2036/2000 678/2026/2001
f 2848/2034/1983 5458/2033/1999 2863/2000/2002
f 664/2037/1947 2866/2039/2004 5459/2038/2003
f 2866/2039/2004 681/2049/2008 2867/2040/2005
f 5459/2038/2003 2867/2040/2005 679/2041/1971
f 2844/1978/1963 5459/2038/2003 2845/2017/1988
f 2843/2042/1954 5460/2046/2007 2865/2043/2006
f 666/2045/1960 2862/2047/1967 5460/2046/2007
f 2862/2047/1967 679/2041/1971 2867/2048/2005
f 5460/2046/2007 2867/2048/2005 681/2049/2008
f 2868/2050/2009 5461/2051/2010 2842/2025/1994
f 681/2049/2008 2866/2052/2004 5461/2051/2010
f 2866/2052/2004 664/2037/1947 2860/2053/1946
f 5461/2051/2010 2860/2053/1946 672/2054/1952
s 0
f 2864/2055/5692 5462/2056/5692 2847/2028/5692
f 667/2044/5693 2865/2043/5693 5462/2056/5693
f 2865/2043/5694 681/2049/5694 2868/2050/5694
f 5462/2056/5695 2868/2050/5695 665/2024/5695
s 1
f 190/432/19 1999/2059/19 5463/2057/19
f 1999/2059/19 191/467/19 2001/2060/19
f 5463/2057/19 2001/2060/19 688/2061/19
f 2000/2058/19 5463/2057/19 2876/310/19
f 1998/2062/19 5464/2064/19 1945/2063/19
f 1998/2062/19 190/2603/19 2000/2058/19
f 5464/2064/19 2000/2058/19 687/2065/19
f 5464/2064/19 2877/303/19 683/300/19
f 191/2066/19 1980/2069/19 5465/2067/19
f 1980/2069/19 173/416/19 1981/2070/19
f 5465/2067/19 1981/2070/19 686/2071/19
f 2001/2068/19 5465/2067/19 2878/295/19
f 1928/2072/2015 5466/2075/2018 2871/2073/2016
f 150/182/698 2872/2076/697 5466/2075/2018
f 2872/2076/697 685/180/696 2879/171/688
f 5466/2075/2018 2879/171/688 684/169/686
f 1930/2077/683 5467/2080/683 2869/2078/683
f 146/2074/2017 2871/2073/2016 5467/2080/683
f 2871/2073/2016 684/169/686 2880/163/683
f 5467/2080/683 2880/163/683 682/158/683
f 1929/2081/683 5468/2084/683 2870/2082/683
f 151/2079/683 2869/2078/683 5468/2084/683
f 2869/2078/683 682/158/683 2881/155/683
f 5468/2084/683 2881/155/683 683/157/683
f 2637/39/529 5469/42/2020 1884/59/2019
f 556/41/531 2885/39/2021 5469/42/2020
f 2885/39/2021 692/41/586 2886/41/1717
f 5469/42/2020 2886/41/1717 691/42/1718
f 1858/62/1720 5470/8/2022 2885/62/2021
f 117/2085/1722 1857/8/2023 5470/8/2022
f 1857/8/2023 690/2421/587 2887/62/584
f 5470/8/2022 2887/62/584 692/63/586
f 114/2/540 1880/4/535 5471/13/2024
f 127/57/532 1884/57/2019 5471/13/2024
f 1884/57/2019 691/2417/1718 2888/4/577
f 1855/4/538 5471/13/2024 2888/4/577
f 3268/12/543 5472/10/2026 3247/4/2025
f 3268/12/543 689/12/541 2882/43/576
f 2882/43/576 140/43/546 1912/17/548
f 5472/10/2026 1912/17/548 399/2/553
f 58/10/479 1751/4/484 5473/4/2027
f 57/10/481 1750/4/234 5473/4/2027
f 1750/4/234 74/5/90 2889/4/2029
f 5473/4/2027 2889/4/2029 693/4/2030
f 1699/4/2031 5474/2086/2032 1749/6/2028
f 77/4/166 1713/6/165 5474/2086/2032
f 1713/6/165 31/1/169 1722/3/477
f 5474/2086/2032 1722/3/477 58/1/479
f 2389/2087/602 5475/2091/2033 3269/2088/450
f 407/2090/601 3264/1446/1293 5475/2091/2033
f 3264/1446/1293 778/1444/1291 3183/2092/2034
f 3269/2088/450 5475/2091/2033 3183/2092/2034
f 2901/2094/19 5476/2097/19 1689/2095/19
f 699/461/19 2902/460/19 5476/2097/19
f 2902/460/19 695/466/19 1691/2098/19
f 5476/2097/19 1691/2098/19 9/2099/19
f 2900/2100/19 5477/2103/19 3236/2101/19
f 698/454/19 2903/453/19 5477/2103/19
f 2903/453/19 697/421/19 3271/2104/19
f 5477/2103/19 3271/2104/19 842/428/19
f 2021/2105/19 5478/2107/19 1688/2106/19
f 696/439/19 2904/2108/19 5478/2107/19
f 2904/2108/19 699/461/19 2901/2094/19
f 5478/2107/19 2901/2094/19 10/2096/19
f 193/451/19 2028/450/19 5479/2109/19
f 2028/450/19 195/440/19 2899/2111/19
f 5479/2109/19 2899/2111/19 696/2112/19
f 2023/2110/19 5479/2109/19 2905/2113/19
f 3275/2115/2035 5480/2119/2039 2934/2116/2036
f 884/2118/2038 3277/2146/2064 5480/2119/2039
f 5480/2119/2039 3277/2146/2064 712/2120/2040
f 2934/2116/2036 5480/2119/2039 2932/2121/2041
f 704/2123/2043 3274/2126/2046 5481/2124/2044
f 3274/2126/2046 883/2131/2051 3278/2127/2047
f 5481/2124/2044 3278/2127/2047 708/2128/2048
f 5481/2124/2044 2930/2129/2049 711/2130/2050
f 883/2131/2051 3218/2133/2053 5482/2132/2052
f 3218/2133/2053 882/3086/2073 3279/2134/2054
f 5482/2132/2052 3279/2134/2054 707/2135/2055
f 3278/2127/2047 5482/2132/2052 2928/2136/2056
f 2924/2137/2057 5483/2141/2060 2936/2138/2058
f 703/2140/2037 2934/3089/2036 5483/2141/2060
f 5483/2141/2060 2934/3089/2036 710/2142/2042
f 5483/2141/2060 2926/2143/2061 705/2144/2062
f 884/2118/2038 3276/2147/2065 5484/2145/2063
f 3276/2147/2065 704/3090/2043 2935/2148/2045
f 2935/2148/2045 711/3214/2050 2933/2149/2066
f 5484/2145/2063 2933/2149/2066 712/2120/2040
f 2925/2150/2067 5485/2153/2070 2937/2151/2068
f 701/2139/2059 2936/2138/2058 5485/2153/2070
f 2936/2138/2058 705/2144/2062 2931/2154/2071
f 5485/2153/2070 2931/2154/2071 709/2155/2072
f 882/2156/2073 3217/2159/2075 5486/2157/2074
f 3217/2159/2075 881/2405/2882 3280/2160/2076
f 5486/2157/2074 3280/2160/2076 706/2161/2077
f 3279/2158/2054 5486/2157/2074 2927/2162/2078
f 705/2164/2062 2926/3095/2061 5487/2165/2079
f 2932/2167/2041 5487/2165/2079 2926/2168/2061
f 2933/2170/2066 5487/2165/2079 2932/2167/2041
f 2930/2172/2049 5487/2165/2079 2933/2170/2066
f 708/2174/2048 2928/2177/2056 5487/2165/2079
f 2927/2176/2078 5487/2165/2079 2928/2177/2056
f 2929/2179/2080 5487/2165/2079 2927/2176/2078
f 2931/2166/2071 5487/2165/2079 2929/2179/2080
f 204/2182/2081 1683/2185/2084 5488/2183/2082
f 1683/2185/2084 203/2190/2089 2947/2186/2085
f 5488/2183/2082 2947/2186/2085 716/2187/2086
f 5488/2183/2082 2941/2188/2087 718/2189/2088
f 203/2190/2089 1682/2192/2091 5489/2191/2090
f 1682/2192/2091 202/3097/2095 2948/2193/2092
f 5489/2191/2090 2948/2193/2092 715/2194/2093
f 2947/2186/2085 5489/2191/2090 2939/2195/2094
f 202/2196/2095 3273/2200/2098 5490/2197/2096
f 864/2199/2097 3281/2201/2099 5490/2197/2096
f 3281/2201/2099 719/2236/2128 2945/2202/2100
f 2948/2198/2092 5490/2197/2096 2945/2202/2100
f 201/2204/2101 1684/2207/2104 5491/2205/2102
f 1684/2207/2104 204/3101/2081 2946/2208/2083
f 2946/2208/2083 718/3215/2088 2942/2209/2105
f 5491/2205/2102 2942/2209/2105 713/2210/2106
f 3228/2211/2107 5492/2215/2111 2950/2212/2108
f 849/2214/2110 3282/2216/2112 5492/2215/2111
f 3282/2216/2112 714/2230/2124 2940/2217/2113
f 5492/2215/2111 2940/2217/2113 720/2218/2114
f 3272/2219/2115 5493/2222/2118 3283/2220/2116
f 700/2213/2109 2950/2212/2108 5493/2222/2118
f 2950/2212/2108 720/2218/2114 2944/2223/2119
f 5493/2222/2118 2944/2223/2119 717/2224/2120
f 3227/2225/2121 5494/2227/2122 3282/2216/2112
f 3227/2225/2121 201/3106/2101 2949/2226/2103
f 5494/2227/2122 2949/2226/2103 713/2228/2106
f 5494/2227/2122 2938/2229/2123 714/2230/2124
f 2981/2231/2125 5495/2233/2126 3281/2201/2099
f 850/2232/2117 3283/2234/2116 5495/2233/2126
f 3283/2234/2116 717/2249/2120 2943/2235/2127
f 5495/2233/2126 2943/2235/2127 719/2236/2128
f 2938/2237/2123 5496/2241/2129 2940/2238/2113
f 713/2240/2106 2942/2243/2105 5496/2241/2129
f 2941/2242/2087 5496/2241/2129 2942/2243/2105
f 716/2245/2086 2939/2247/2094 5496/2241/2129
f 2945/2202/2100 5496/2241/2129 2939/2247/2094
f 719/2248/2128 2943/2235/2127 5496/2241/2129
f 717/2249/2120 2944/2251/2119 5496/2241/2129
f 720/2250/2114 2940/3108/2113 5496/2241/2129
f 721/4/2130 3284/4/2133 5497/2/2131
f 3284/4/2133 14/4/5696 3257/4/2134
f 5497/2/2131 3257/4/2134 722/4/2135
f 2952/4/2132 5497/2/2131 2965/4/2136
f 732/4/2138 2957/4/2141 5498/12/2139
f 2957/4/2141 733/4/2186 2960/12/2142
f 5498/12/2139 2960/12/2142 730/13/2143
f 2952/4/2140 5498/12/2139 2953/4/2144
f 2951/4/2146 5499/2/2150 2966/38/2147
f 724/4/2149 2967/38/2151 5499/2/2150
f 2967/38/2151 731/4/2160 2958/3/2152
f 5499/2/2150 2958/3/2152 733/4/2153
f 2956/1/2154 5500/2/2158 2959/4/2155
f 730/12/2157 2960/4/2159 5500/2/2158
f 2960/4/2159 733/4/2153 2958/4/2152
f 5500/2/2158 2958/4/2152 731/4/2160
f 2954/4/2161 5501/11/2165 2955/4/2162
f 721/4/2164 2953/4/2166 5501/11/2165
f 2953/4/2166 730/12/2157 2956/1/2154
f 5501/11/2165 2956/1/2154 729/4/2156
f 732/4/2137 2965/4/2136 5502/12/2167
f 2965/4/2136 722/4/2135 2964/12/2169
f 5502/12/2167 2964/12/2169 734/13/2170
f 3287/4/2168 5502/12/2167 3254/4/2171
f 2962/13/2173 5503/11/2177 2959/4/2174
f 742/5/2176 2961/4/2178 5503/11/2177
f 2961/4/2178 741/5/2196 2963/13/2179
f 5503/11/2177 2963/13/2179 729/4/2180
f 24/4/2181 3245/4/2184 5504/2/2182
f 3245/4/2184 723/4/5697 2966/38/2185
f 5504/2/2182 2966/38/2185 733/4/2186
f 3287/38/2183 5504/2/2182 2957/3/2141
f 731/4/2175 2967/4/2188 5505/1/2187
f 2967/4/2188 724/4/5698 3255/4/2189
f 5505/1/2187 3255/4/2189 404/4/2190
f 2962/1/2173 5505/1/2187 3285/4/2191
f 735/4/2192 2955/4/2195 5506/1/2193
f 2955/4/2195 729/4/2180 2963/1/2179
f 5506/1/2193 2963/1/2179 741/5/2196
f 3286/4/2194 5506/1/2193 3288/4/2197
f 736/2252/2199 2968/2255/2199 5507/2253/2199
f 2968/2255/2199 727/2265/2199 2976/2256/2199
f 5507/2253/2199 2976/2256/2199 739/2257/2199
f 2977/2254/2199 5507/2253/2199 2974/2258/2199
f 737/2260/2199 2969/2263/2199 5508/2261/2199
f 2969/2263/2199 728/3112/2199 2971/2264/2199
f 5508/2261/2199 2971/2264/2199 727/2265/2199
f 2972/2262/2199 5508/2261/2199 2968/2255/2199
f 2975/2266/2199 5509/2270/2199 2973/2267/2199
f 726/2269/2199 2970/2271/2199 5509/2270/2199
f 2970/2271/2199 728/3112/2199 2969/2263/2199
f 2973/2267/2199 5509/2270/2199 2969/2263/2199
f 2970/2272/2199 5510/2276/2199 3289/2273/2199
f 2970/2272/2199 726/2308/2199 2978/2275/2199
f 5510/2276/2199 2978/2275/2199 740/2277/2199
f 5510/2276/2199 3247/2278/2199 399/2279/2199
f 727/2280/2199 2971/2283/2199 5511/2281/2199
f 2971/2283/2199 728/2274/2199 3289/2273/2199
f 5511/2281/2199 3289/2273/2199 399/2279/2199
f 3290/2282/2199 5511/2281/2199 1911/2284/2200
f 737/2286/2201 2972/2290/2205 5512/2287/2202
f 736/2289/2204 2980/2291/2206 5512/2287/2202
f 2980/2291/2206 741/2319/2220 2961/2292/2207
f 2979/2288/2203 5512/2287/2202 2961/2292/2207
f 738/2294/2199 2973/2297/2199 5513/2295/2199
f 2973/2297/2199 737/2286/2201 2979/2288/2203
f 5513/2295/2199 2979/2288/2203 742/2293/2208
f 3291/2296/2199 5513/2295/2199 3285/2298/2199
f 725/2300/2209 2974/2303/2212 5514/2301/2210
f 2974/2303/2212 739/2312/2199 3293/2304/2213
f 5514/2301/2210 3293/2304/2213 406/2305/2214
f 3292/2302/2211 5514/2301/2210 1952/2306/2215
f 726/2308/2199 2975/2310/2199 5515/2309/2199
f 738/2294/2199 3291/2296/2199 5515/2309/2199
f 3291/2296/2199 404/2299/2199 3256/2311/2199
f 2978/2275/2199 5515/2309/2199 3256/2311/2199
f 739/2312/2199 2976/2314/2199 5516/2313/2199
f 2976/2314/2199 727/2280/2199 3290/2282/2199
f 5516/2313/2199 3290/2282/2199 401/2285/2199
f 3293/2304/2213 5516/2313/2199 1954/2315/2200
f 2977/2316/2217 5517/2317/2218 2980/2291/2206
f 725/2300/2209 3292/2302/2211 5517/2317/2218
f 3292/2302/2211 405/2307/2216 3288/2318/2219
f 5517/2317/2218 3288/2318/2219 741/2319/2220
f 2985/12/2221 5518/1/2225 3295/1/2222
f 2985/12/2221 843/5/2822 3296/1/2224
f 5518/1/2225 3296/1/2224 202/5/2226
f 5518/1/2225 1682/4/2227 203/5/2228
f 2987/4/2229 5519/1/2232 3298/4/2230
f 743/4/2223 3295/1/2222 5519/1/2232
f 3295/1/2222 203/5/2228 1683/4/2233
f 5519/1/2232 1683/4/2233 204/4/2234
f 2989/15/2235 5520/3/2239 3227/4/2236
f 871/3/2238 2984/4/2517 5520/3/2239
f 5520/3/2239 2984/4/2517 745/3/2240
f 5520/3/2239 3294/4/2241 201/5/2242
f 3142/2320/2243 5521/2321/2247 3164/2320/2244
f 764/2320/2246 3012/2320/2248 5521/2321/2247
f 3012/2320/2248 761/2323/2282 3009/2322/2249
f 5521/2321/2247 3009/2322/2249 854/2323/2250
f 854/7/2250 3163/9/2253 5522/8/2251
f 3163/9/2253 851/7/2278 2991/8/2254
f 5522/8/2251 2991/8/2254 750/8/2255
f 3144/8/2252 5522/8/2251 2996/8/2256
f 844/2324/2258 3204/2327/2261 5523/2325/2259
f 3204/2327/2261 879/2324/2846 3214/2326/2262
f 5523/2325/2259 3214/2326/2262 880/2324/2263
f 5523/2325/2259 3165/2328/2264 848/2324/2265
f 745/3/2240 3063/4/2268 5524/1/2266
f 3063/4/2268 796/3/2389 3068/1/2269
f 5524/1/2266 3068/1/2269 744/5/2270
f 3071/13/2267 5524/1/2266 3073/4/2271
f 3212/8/2272 5525/8/2276 3200/9/2273
f 877/8/2275 3207/8/2277 5525/8/2276
f 3207/8/2277 750/8/2255 2991/8/2254
f 5525/8/2276 2991/8/2254 851/7/2278
f 2994/13/2279 5526/1/2283 2983/4/2280
f 761/5/2282 3012/4/2248 5526/1/2283
f 3012/4/2248 764/4/2246 3010/4/2284
f 5526/1/2283 3010/4/2284 844/4/2285
f 2994/4/2279 5527/1/2287 3011/4/2286
f 747/4/2281 2982/12/2288 5527/1/2287
f 2982/12/2288 746/12/2319 3007/13/2289
f 5527/1/2287 3007/13/2289 759/5/2290
f 3315/13/2291 5528/2/2295 1691/4/2292
f 868/5/2294 3000/4/2296 5528/2/2295
f 3000/4/2296 757/4/2300 3302/4/2297
f 5528/2/2295 3302/4/2297 9/5/2298
f 3302/4/2297 5529/11/2301 1689/4/2299
f 757/4/2300 2999/4/5699 5529/11/2301
f 5529/11/2301 2999/4/5699 755/5/2302
f 5529/11/2301 3301/13/2303 10/5/2304
f 3206/4/2305 5530/2/2309 3211/4/2306
f 746/13/2308 2982/4/2310 5530/2/2309
f 2982/4/2310 747/4/2674 3004/4/2311
f 5530/2/2309 3004/4/2311 875/10/2312
f 3210/13/2313 5531/13/2317 3206/4/2314
f 873/60/2316 3199/4/2318 5531/13/2317
f 3199/4/2318 759/5/2290 3007/1/2289
f 5531/13/2317 3007/1/2289 746/12/2319
f 3145/2320/2320 5532/2320/2324 3162/2320/2321
f 762/2320/2323 3020/2320/2325 5532/2320/2324
f 3020/2320/2325 764/2320/2339 3142/2320/2326
f 5532/2320/2324 3142/2320/2326 852/2320/2327
f 748/4/2328 3016/4/2332 5533/1/2329
f 767/4/2331 3022/4/2333 5533/1/2329
f 3022/4/2333 755/4/2351 2998/4/2334
f 3021/4/2330 5533/1/2329 2998/4/2334
f 3017/4/2336 5534/1/2337 3020/4/2325
f 748/4/2328 3021/4/2330 5534/1/2337
f 3021/4/2330 844/4/2335 3010/4/2338
f 5534/1/2337 3010/4/2338 764/4/2339
f 841/2329/2340 3013/28/2342 5535/64/2341
f 3013/28/2342 768/9/2343 3226/29/2343
f 5535/64/2341 3226/29/2343 2/9/2343
f 3225/2329/2340 5535/64/2341 1687/28/2344
f 767/4/2331 3014/4/2347 5536/1/2346
f 3014/4/2347 766/4/2682 3023/4/2348
f 5536/1/2346 3023/4/2348 763/4/2349
f 3022/4/2333 5536/1/2346 3018/4/2350
f 767/4/2352 3016/4/2355 5537/4/2353
f 3016/4/2355 748/4/2362 3027/4/2356
f 5537/4/2353 3027/4/2356 769/4/2357
f 3028/4/2354 5537/4/2353 3025/4/2358
f 766/4/2360 3014/4/2361 5538/1/2361
f 3014/4/2361 767/4/2352 3028/4/2354
f 5538/1/2361 3028/4/2354 772/4/2359
f 3029/4/2360 5538/1/2361 3024/4/2361
f 748/4/2362 3017/4/19 5539/1/19
f 3017/4/19 762/4/19 3030/4/19
f 3030/4/19 770/4/19 3026/4/19
f 3027/4/2356 5539/1/19 3026/4/19
f 3015/9/19 5540/8/19 3161/9/2363
f 765/9/19 3297/8/19 5540/8/19
f 3297/8/19 3/7/19 3229/9/19
f 5540/8/19 3229/9/19 856/29/2363
f 3148/2330/2364 5541/2333/2368 3160/2331/2365
f 780/2332/2367 3033/2331/2369 5541/2333/2368
f 3033/2331/2369 778/2330/2681 3032/2331/2370
f 5541/2333/2368 3032/2331/2370 857/2330/2371
f 840/4/2372 3132/1/2376 5542/13/2373
f 781/4/2375 3034/4/2377 5542/13/2373
f 3184/4/2374 5542/13/2373 3034/4/2377
f 3159/9/2379 5543/8/2381 3153/1847/2380
f 858/7/2366 3037/8/2382 5543/8/2381
f 3037/8/2382 779/8/2382 3072/66/2381
f 5543/8/2381 3072/66/2381 774/1847/2380
f 792/10/2383 3060/4/2387 5544/4/2384
f 794/4/2386 3067/4/2388 5544/4/2384
f 3067/4/2388 744/5/2270 3068/13/2269
f 5544/4/2384 3068/13/2269 796/3/2389
f 783/4/2390 3038/4/2391 5545/1/2391
f 3038/4/2391 760/4/2712 3043/4/2393
f 5545/1/2391 3043/4/2393 782/4/2394
f 3042/4/2392 5545/1/2391 3065/4/2395
f 859/29/2397 3149/28/2399 5546/64/2398
f 784/9/2398 3044/29/2398 5546/64/2398
f 3044/29/2398 749/9/2398 3152/28/2398
f 5546/64/2398 3152/28/2398 862/29/2399
f 3132/1/2376 5547/1/2402 3064/4/2400
f 3132/1/2376 840/4/2372 3136/4/2401
f 5547/1/2402 3136/4/2401 785/4/2403
f 5547/1/2402 3045/4/2404 773/4/2405
f 3031/4/2406 5548/1/2407 3045/4/2404
f 783/4/2390 3042/4/2392 5548/1/2407
f 3042/4/2392 744/4/2396 3041/4/2408
f 5548/1/2407 3041/4/2408 773/4/2405
f 760/4/2409 3038/4/2410 5549/1/2410
f 3038/4/2410 783/4/2409 3052/4/2410
f 5549/1/2410 3052/4/2410 788/4/2410
f 3051/4/2410 5549/1/2410 3047/4/2410
f 3153/1847/2380 5550/8/2411 3157/9/2411
f 774/1847/2380 3135/66/2411 5550/8/2411
f 3135/66/2411 791/7/2411 3151/9/2411
f 5550/8/2411 3151/9/2411 861/29/2411
f 859/2320/2410 3039/2320/2410 5551/2320/2410
f 3039/2320/2410 760/2320/2409 3051/2320/2410
f 5551/2320/2410 3051/2320/2410 786/2320/2410
f 3156/2320/2410 5551/2320/2410 3048/2320/2410
f 783/4/2412 3031/4/2415 5552/1/2413
f 3031/4/2415 785/4/5700 3055/4/2416
f 5552/1/2413 3055/4/2416 790/4/2417
f 3052/4/2414 5552/1/2413 3046/4/2418
f 3040/4/2420 5553/1/2411 3055/4/2411
f 775/4/2421 3053/4/2411 5553/1/2411
f 3053/4/2411 787/4/2411 3049/4/2411
f 5553/1/2411 3049/4/2411 790/4/2411
f 811/13/2422 3059/12/2425 5554/2/2423
f 3059/12/2425 812/4/5701 3058/4/2426
f 5554/2/2423 3058/4/2426 794/4/2386
f 3057/4/2424 5554/2/2423 3060/4/2387
f 3064/4/2427 5555/15/2431 3061/4/2428
f 773/4/2430 3041/4/2432 5555/15/2431
f 3041/4/2432 744/4/5702 3067/4/2433
f 5555/15/2431 3067/4/2433 794/4/2434
f 804/1/2435 3080/3/2439 5556/2086/2436
f 758/1/2438 3089/2/2440 5556/2086/2436
f 3089/2/2440 792/1/2383 3056/3/2385
f 3088/2/2437 5556/2086/2436 3056/3/2385
f 781/4/2429 3061/4/2428 5557/1/2441
f 3061/4/2428 794/4/2434 3058/4/2443
f 5557/1/2441 3058/4/2443 812/4/2444
f 3034/4/2442 5557/1/2441 3062/4/2445
f 2992/5/2447 5558/1/2450 3069/4/2448
f 2992/5/2447 797/56/2231 3073/4/2271
f 5558/1/2450 3073/4/2271 744/4/2270
f 5558/1/2450 3065/4/2451 782/4/2452
f 853/2085/2453 3155/9/2456 5559/8/2454
f 3155/9/2456 862/29/2710 3152/9/2457
f 5559/8/2454 3152/9/2457 749/9/2457
f 3143/8/2455 5559/8/2454 3070/8/2458
f 3095/4/2460 5560/4/2464 3103/4/2461
f 795/4/2463 3102/4/2465 5560/4/2464
f 3102/4/2465 818/4/2532 3099/4/2466
f 5560/4/2464 3099/4/2466 816/4/2467
f 3036/13/2468 5561/1/2469 3136/4/2401
f 780/5/2367 3134/4/2470 5561/1/2469
f 3134/4/2470 775/4/2421 3040/4/2420
f 5561/1/2469 3040/4/2420 785/4/2403
f 3233/12/2471 5562/2335/2475 3304/2334/2472
f 809/13/2474 3001/2336/2476 5562/2335/2475
f 3001/2336/2476 810/2341/2492 3078/2337/2477
f 5562/2335/2475 3078/2337/2477 834/2338/2478
f 806/4/2479 3083/12/2482 5563/12/2480
f 3083/12/2482 807/4/2493 3077/13/2483
f 5563/12/2480 3077/13/2483 800/60/2484
f 2997/4/2481 5563/12/2480 3075/13/2485
f 3093/12/2487 5564/2339/2489 3001/2336/2476
f 801/4/2488 3092/2/2490 5564/2339/2489
f 3092/2/2490 753/2356/2632 3079/2340/2491
f 5564/2339/2489 3079/2340/2491 810/2341/2492
f 807/4/2493 3084/12/2495 5565/13/2494
f 3084/12/2495 805/5/2672 3076/2/2496
f 5565/13/2494 3076/2/2496 870/60/2497
f 3077/13/2483 5565/13/2494 3082/4/2498
f 7/5/2499 3231/4/2502 5566/3/2500
f 3231/4/2502 808/5/2626 3129/4/2503
f 5566/3/2500 3129/4/2503 754/13/2504
f 5566/3/2500 3130/12/2505 758/10/2438
f 3085/4/2506 5567/11/2509 3003/1/2507
f 803/4/2486 3075/13/2485 5567/11/2509
f 3075/13/2485 800/60/2484 3086/4/2510
f 5567/11/2509 3086/4/2510 847/13/2511
f 3086/4/2510 5568/1/2513 3002/12/2512
f 800/2/2484 3082/4/2498 5568/1/2513
f 3082/4/2498 870/2/2497 3087/4/2514
f 5568/1/2513 3087/4/2514 846/11/2515
f 3191/4/2516 5569/3/2518 2984/4/2517
f 3191/4/2516 804/10/2435 3088/4/2437
f 5569/3/2518 3088/4/2437 796/3/2389
f 2984/4/2517 5569/3/2518 3063/4/2268
f 792/10/2383 3089/12/2440 5570/2/2519
f 3089/12/2440 758/10/2438 3130/4/2505
f 5570/2/2519 3130/4/2505 754/2/2504
f 3057/11/2424 5570/2/2519 3127/1/2520
f 3308/12/2521 5571/15/2525 3307/4/2522
f 735/4/2524 3286/4/2526 5571/15/2525
f 3286/4/2526 405/4/36 1705/4/38
f 5571/15/2525 1705/4/38 15/4/43
f 3094/4/2527 5572/1/2529 3102/4/2465
f 793/5/2528 3104/1/2530 5572/1/2529
f 3104/1/2530 817/5/2538 3098/4/2531
f 5572/1/2529 3098/4/2531 818/4/2532
f 793/5/2528 3096/4/2534 5573/1/2533
f 3096/4/2534 814/4/5703 3101/4/2535
f 5573/1/2533 3101/4/2535 815/4/2536
f 3104/1/2530 5573/1/2533 3100/4/2537
f 3224/2320/746 5574/2320/2541 3223/2320/2539
f 3224/2320/746 842/2320/5652 3261/2320/2540
f 5574/2320/2541 3261/2320/2540 8/2320/2542
f 5574/2320/2541 3300/2320/2543 763/2320/2544
f 3300/4/2543 5575/11/2546 3018/4/2545
f 8/4/2542 1688/4/2547 5575/11/2546
f 1688/4/2547 10/5/2304 3301/13/2303
f 3018/4/2545 5575/11/2546 3301/13/2303
f 3106/13/2548 5576/13/2552 3085/4/2549
f 821/2342/2551 3238/4/2553 5576/13/2552
f 3238/4/2553 12/60/2557 3303/13/2554
f 5576/13/2552 3303/13/2554 803/4/2555
f 3303/13/2554 5577/1/2558 2997/4/2556
f 12/60/2557 3237/4/2559 5577/1/2558
f 3237/4/2559 819/4/5704 3107/4/2560
f 5577/1/2558 3107/4/2560 806/4/2561
f 806/4/2561 3107/4/2560 5578/1/2562
f 3107/4/2560 819/4/5704 3105/4/2564
f 5578/1/2562 3105/4/2564 820/5/2565
f 3083/12/2563 5578/1/2562 3108/1/2566
f 807/4/2567 3108/1/2566 5579/11/2568
f 3108/1/2566 820/5/2565 3235/4/2570
f 5579/11/2568 3235/4/2570 13/4/2571
f 3084/12/2569 5579/11/2568 3239/4/2572
f 864/5/2574 3215/13/2577 5580/11/2575
f 3215/13/2577 878/5/2821 2988/4/2578
f 5580/11/2575 2988/4/2578 845/5/2579
f 2981/4/2576 5580/11/2575 2990/13/2580
f 3109/4/2582 5581/2343/2586 3170/1/2583
f 825/5/2585 3166/2344/2587 5581/2343/2586
f 3166/2344/2587 753/2356/2632 3125/2/2588
f 5581/2343/2586 3125/2/2588 838/5/2589
f 3110/2345/2590 5582/2348/2594 3167/2346/2591
f 829/5/2593 3168/2349/2595 5582/2348/2594
f 3168/2349/2595 834/2338/2478 3078/2337/2477
f 5582/2348/2594 3078/2337/2477 810/2350/2492
f 3109/4/2596 5583/1/2600 3081/4/2597
f 839/13/2599 3126/4/2601 5583/1/2600
f 3126/4/2601 822/4/5705 3115/4/2602
f 5583/1/2600 3115/4/2602 826/4/2603
f 3114/4/2604 5584/13/2608 3123/4/2605
f 830/4/2607 3116/4/2609 5584/13/2608
f 3116/4/2609 823/4/19 3113/4/2610
f 5584/13/2608 3113/4/2610 836/13/2611
f 3112/4/2612 5585/4/2616 3116/4/2613
f 827/5/2615 3119/4/2617 5585/4/2616
f 3119/4/2617 824/4/2625 3117/4/2618
f 5585/4/2616 3117/4/2618 823/4/2619
f 3091/4/2620 5586/1/2622 3119/4/2617
f 826/4/2621 3115/4/2623 5586/1/2622
f 3115/4/2623 822/4/2639 3118/4/2624
f 5586/1/2622 3118/4/2624 824/4/2625
f 808/5/2626 3232/4/2628 5587/2351/2627
f 3232/4/2628 6/5/2473 3304/2334/2472
f 3304/2334/2472 834/2338/2478 3122/2352/2629
f 3129/4/2503 5587/2351/2627 3122/2352/2629
f 825/5/2585 3111/2354/2631 5588/2353/2630
f 3111/2354/2631 828/2347/2592 3167/2346/2591
f 5588/2353/2630 3167/2346/2591 810/2350/2492
f 3166/2344/2587 5588/2353/2630 3079/2355/2491
f 835/12/2523 3307/4/2522 5589/15/2633
f 3307/4/2522 15/4/43 1692/4/490
f 5589/15/2633 1692/4/490 5/4/2635
f 3128/12/2634 5589/15/2633 3306/12/2636
f 3118/4/2624 5590/1/2640 3312/1/2638
f 822/4/2639 3182/4/2641 5590/1/2640
f 3182/4/2641 802/4/570 3244/4/569
f 5590/1/2640 3244/4/569 14/5/68
f 3313/13/2642 5591/2/2645 3284/4/2643
f 823/5/2619 3117/4/2618 5591/2/2645
f 3117/4/2618 824/4/2625 3312/4/2638
f 5591/2/2645 3312/4/2638 14/5/68
f 745/3/2240 3071/13/2267 5592/1/2646
f 3071/13/2267 797/56/2231 3298/4/2230
f 5592/1/2646 3298/4/2230 204/4/2234
f 3294/1/2241 5592/1/2646 1684/4/2647
f 872/13/2648 2986/10/2651 5593/6/2649
f 2986/10/2651 871/3/2238 2989/16/2235
f 5593/6/2649 2989/16/2235 849/5/2237
f 3316/1/2650 5593/6/2649 3228/4/2652
f 3074/4/2654 5594/4/2657 3101/4/2655
f 813/4/2462 3103/4/2461 5594/4/2657
f 3103/4/2461 816/4/2467 3097/4/2658
f 5594/4/2657 3097/4/2658 815/4/2659
f 754/15/2504 3122/2352/2629 5595/2357/2660
f 3121/2358/2661 5595/2357/2660 3122/2359/2629
f 3124/1/2662 5595/2357/2660 3121/2358/2661
f 835/12/2664 3128/12/2665 5595/2357/2660
f 3127/15/2520 5595/2357/2660 3128/12/2665
f 822/4/2639 3126/4/2667 5596/1/2666
f 3126/4/2667 839/12/2584 3170/1/2583
f 5596/1/2666 3170/1/2583 838/5/2589
f 3182/4/2641 5596/1/2666 3090/4/2668
f 7/5/2499 3299/4/2501 5597/3/2669
f 3299/4/2501 758/10/2438 3080/4/2439
f 3080/4/2439 804/10/2435 3197/4/2671
f 3230/4/2670 5597/3/2669 3197/4/2671
f 3004/4/2311 5598/11/2675 3209/15/2673
f 747/4/2674 2983/4/2676 5598/11/2675
f 2983/4/2676 844/4/5706 3194/4/2677
f 5598/11/2675 3194/4/2677 848/5/2678
f 3036/4/2468 5599/1/2679 3033/4/2369
f 840/4/2372 3184/4/2374 5599/1/2679
f 3184/4/2374 776/4/2378 3183/4/2680
f 5599/1/2679 3183/4/2680 778/4/2681
f 766/2320/2682 3137/2320/2684 5600/2320/2683
f 3137/2320/2684 841/2320/2340 3225/2320/2340
f 5600/2320/2683 3225/2320/2340 192/2320/2345
f 3023/2320/2348 5600/2320/2683 3223/2320/2685
f 771/497/2686 3024/499/2689 5601/498/2687
f 3024/499/2689 772/498/5707 3025/499/2690
f 5601/498/2687 3025/499/2690 769/498/2691
f 3138/498/2688 5601/498/2687 3026/499/2692
f 856/497/1704 3266/498/1703 5602/498/2694
f 3266/498/1703 564/497/1702 3309/499/2696
f 5602/498/2694 3309/499/2696 771/497/2686
f 5602/498/2694 3138/502/2688 770/497/2693
f 3049/2360/2697 5603/2362/2698 3046/2360/2697
f 787/2362/2698 3139/2362/2697 5603/2362/2698
f 3139/2362/2697 786/2362/2697 3047/2360/2698
f 3046/2360/2697 5603/2362/2698 3047/2360/2698
f 860/2362/2697 3154/2362/2697 5604/2363/2697
f 861/2362/2698 3151/2360/2697 5604/2363/2697
f 3151/2360/2697 791/2362/2697 3140/2362/2697
f 5604/2363/2697 3140/2362/2697 789/2362/2697
f 3099/499/2699 5605/498/2703 3097/499/2700
f 818/498/2702 3098/499/2704 5605/498/2703
f 3098/499/2704 817/498/5708 3100/499/2705
f 5605/498/2703 3100/499/2705 815/498/2706
f 3139/2362/2697 5606/2363/2697 3048/2360/2697
f 787/2362/2698 3050/2360/2697 5606/2363/2697
f 3050/2360/2697 861/2362/2698 3154/2362/2697
f 5606/2363/2697 3154/2362/2697 860/2362/2697
f 798/2323/2449 3069/2320/2448 5607/2320/2707
f 3069/2320/2448 782/2320/2452 3066/2320/2709
f 5607/2320/2707 3066/2320/2709 862/2320/2710
f 3008/2322/2708 5607/2320/2707 3155/2320/2456
f 3149/9/2409 5608/8/2410 3054/8/2410
f 859/29/2410 3156/9/2410 5608/8/2410
f 3156/9/2410 860/29/2410 3150/9/2410
f 3054/8/2410 5608/8/2410 3150/9/2410
f 3133/2331/2711 5609/2333/2411 3053/2331/2411
f 863/2330/2380 3157/2331/2411 5609/2333/2411
f 3157/2331/2411 861/2330/2411 3050/2331/2411
f 5609/2333/2411 3050/2331/2411 787/2330/2411
f 760/2320/2712 3039/2320/2714 5610/2320/2713
f 3039/2320/2714 859/2320/2397 3158/2320/2397
f 5610/2320/2713 3158/2320/2397 862/2320/2399
f 3043/2320/2393 5610/2320/2713 3066/2320/2715
f 775/2330/2421 3134/2331/2470 5611/2333/2716
f 3134/2331/2470 780/2332/2367 3148/2330/2364
f 5611/2333/2716 3148/2330/2364 858/2332/2366
f 3133/2331/2711 5611/2333/2716 3159/2331/2379
f 3037/28/2382 5612/8/2717 3035/8/2717
f 3037/28/2382 858/7/2366 3160/9/2365
f 5612/8/2717 3160/9/2365 857/29/2371
f 5612/8/2717 3147/9/2718 777/7/2718
f 3145/2320/19 5613/2320/19 3030/2320/19
f 855/2320/2363 3161/2320/2363 5613/2320/19
f 3161/2320/2363 856/2320/2363 3146/2320/19
f 5613/2320/19 3146/2320/19 770/2320/19
f 765/9/2719 3015/28/2720 5614/64/2720
f 855/29/2322 3162/29/2321 5614/64/2720
f 3162/29/2321 852/29/2327 2995/28/2721
f 3019/29/2719 5614/64/2720 2995/28/2721
f 3208/2321/2722 5615/2364/2723 3199/2320/2318
f 874/2323/2274 3200/2320/2273 5615/2364/2723
f 3200/2320/2273 851/2323/2278 3131/2322/2724
f 5615/2364/2723 3131/2322/2724 759/2323/2290
f 761/2323/2282 3011/2320/2286 5616/2365/2725
f 3011/2320/2286 759/2323/2290 3131/2322/2724
f 5616/2365/2725 3131/2322/2724 851/2323/2278
f 3009/2322/2249 5616/2365/2725 3163/2320/2253
f 2995/9/2726 5617/8/2729 2993/8/2727
f 852/29/2245 3164/9/2244 5617/8/2729
f 3164/9/2244 854/7/2250 3144/8/2252
f 5617/8/2729 3144/8/2252 751/8/2257
f 771/2320/2360 3309/2320/2730 5618/2320/2730
f 3309/2320/2730 564/2320/2731 3310/2320/2731
f 5618/2320/2730 3310/2320/2731 841/2320/2731
f 3029/2320/2360 5618/2320/2730 3137/2320/2730
f 768/9/336 3013/1847/336 5619/8/336
f 3013/1847/336 841/2329/2731 3310/1847/2731
f 5619/8/336 3310/1847/2731 564/29/2731
f 3311/8/336 5619/8/336 2039/9/336
f 2954/4/2732 5620/1/2735 3305/12/2733
f 735/4/2734 3308/12/2736 5620/1/2735
f 3308/12/2736 835/12/2664 3124/15/2662
f 5620/1/2735 3124/15/2662 837/11/2663
f 866/2366/2737 3172/2368/2737 5621/2367/2738
f 3172/2368/2737 831/2366/5709 3120/2368/2740
f 5621/2367/2738 3120/2368/2740 832/2369/2741
f 3181/2368/2739 5621/2367/2738 3173/2368/2742
f 3110/2370/2744 5622/2374/2747 3175/2371/2745
f 3110/2370/2744 828/2347/2760 3174/2373/2746
f 5622/2374/2747 3174/2373/2746 831/2372/2748
f 3175/2371/2745 5622/2374/2747 3141/2375/2749
f 3175/2376/2745 5623/2377/2751 3114/2375/2604
f 833/2372/2750 3171/2375/2752 5623/2377/2751
f 3171/2375/2752 867/2378/5710 3178/2375/2753
f 3114/2375/2604 5623/2377/2751 3178/2375/2753
f 3171/2368/2754 5624/2368/2757 3180/2368/2755
f 833/2369/2756 3141/2368/2758 5624/2368/2757
f 3141/2368/2758 831/2366/5709 3172/2368/2737
f 5624/2368/2757 3172/2368/2737 866/2366/2737
f 3174/2373/2746 5625/2379/2761 3120/2375/2759
f 828/2347/2760 3111/2380/2762 5625/2379/2761
f 3111/2380/2762 825/2372/2598 3176/2376/2763
f 3120/2375/2759 5625/2379/2761 3176/2376/2763
f 3179/2375/2765 5626/2381/2767 3081/2375/2597
f 3179/2375/2765 865/2378/5711 3173/2375/2766
f 5626/2381/2767 3173/2375/2766 832/2372/2764
f 3081/2375/2597 5626/2381/2767 3176/2371/2763
f 830/2378/2614 3178/2375/2769 5627/2382/2768
f 3178/2375/2769 867/2378/5712 3180/2375/2770
f 5627/2382/2768 3180/2375/2770 866/2372/2771
f 3112/2375/2612 5627/2382/2768 3177/2383/2772
f 827/2372/2615 3177/2383/2772 5628/2383/2773
f 3177/2383/2772 866/2372/2771 3181/2375/2774
f 5628/2383/2773 3181/2375/2774 865/2378/2775
f 3091/2375/2620 5628/2383/2773 3179/2375/2776
f 834/2338/2478 3168/2349/2595 5629/2384/2777
f 829/5/2593 3123/4/2778 5629/2384/2777
f 3123/4/2778 836/12/2780 3169/4/2779
f 5629/2384/2777 3169/4/2779 837/10/2663
f 3169/4/2779 5630/1/2781 3305/4/2733
f 836/12/2780 3113/4/5713 5630/1/2781
f 5630/1/2781 3113/4/5713 823/5/2619
f 5630/1/2781 3313/13/2642 721/5/2644
f 812/2386/2782 3186/2388/2784 5631/2387/2783
f 3186/2388/2784 795/2386/2793 3095/2388/2785
f 5631/2387/2783 3095/2388/2785 813/2386/2786
f 3062/2388/2783 5631/2387/2783 3185/2388/2787
f 3059/2388/2788 5632/2387/2790 3186/2388/2784
f 3059/2388/2788 811/2390/2637 3187/2389/2789
f 5632/2387/2790 3187/2389/2789 793/2387/2791
f 5632/2387/2790 3094/2388/2792 795/2386/2793
f 814/2386/2794 3096/2388/2797 5633/2387/2795
f 793/2387/2791 3187/2389/2789 5633/2387/2795
f 5633/2387/2795 3187/2389/2789 811/2390/2637
f 3314/2388/2796 5633/2387/2795 3306/2388/2636
f 814/2386/2794 3314/2388/2796 5634/2387/2798
f 3314/2388/2796 5/2386/2635 3234/2388/2800
f 3234/2388/2800 776/2386/2783 3185/2388/2787
f 5634/2387/2798 3185/2388/2787 813/2386/2786
f 3106/4/2548 5635/11/2802 3270/4/2801
f 756/4/2550 3188/4/2803 5635/11/2802
f 3188/4/2803 868/5/2294 3315/13/2291
f 5635/11/2802 3315/13/2291 695/5/2293
f 3189/4/2804 5636/1/2806 3003/4/2507
f 869/5/2805 3190/2/2807 5636/1/2806
f 3190/2/2807 868/4/5714 3188/4/2808
f 5636/1/2806 3188/4/2808 756/4/2508
f 805/5/2672 3197/4/2671 5637/10/2809
f 804/10/2435 3191/4/2516 5637/10/2809
f 5637/10/2809 3191/4/2516 871/3/2238
f 3076/2/2496 5637/10/2809 3192/1/2810
f 2986/4/2651 5638/11/2812 3192/12/2810
f 2986/4/2651 872/13/2648 3193/12/2811
f 3193/12/2811 846/11/2515 3087/4/2514
f 5638/11/2812 3087/4/2514 870/60/2497
f 845/5/2579 3196/12/2814 5639/11/2813
f 3196/12/2814 872/13/2648 3316/1/2650
f 5639/11/2813 3316/1/2650 700/5/2653
f 2990/1/2580 5639/11/2813 3272/4/2815
f 3008/2322/2708 5640/2364/2817 3006/2320/2816
f 853/2323/2453 3005/2320/2818 5640/2364/2817
f 3005/2320/2818 874/2323/2274 3208/2321/2722
f 5640/2364/2817 3208/2321/2722 873/2323/2316
f 3205/2326/2819 5641/2392/2823 3213/2326/2820
f 843/2328/2822 3198/2326/2824 5641/2392/2823
f 3198/2326/2824 848/2324/2265 3165/2328/2264
f 5641/2392/2823 3165/2328/2264 880/2324/2263
f 3201/4/2825 5642/15/2828 2985/12/2826
f 875/10/2312 3209/15/2673 5642/15/2828
f 3209/15/2673 848/5/2678 3198/4/2829
f 5642/15/2828 3198/4/2829 843/4/2830
f 2992/2342/2447 5643/13/2832 3202/4/2831
f 798/56/2449 3006/4/2816 5643/13/2832
f 3006/4/2816 873/60/2316 3210/13/2313
f 5643/13/2832 3210/13/2313 876/4/2315
f 3202/4/2833 5644/3/2836 2987/4/2834
f 876/4/2307 3211/4/2306 5644/3/2836
f 3211/4/2306 875/10/2312 3201/4/2825
f 5644/3/2836 3201/4/2825 743/4/2827
f 3143/8/2455 5645/8/2837 3005/9/2818
f 799/7/2459 3203/7/2838 5645/8/2837
f 3203/7/2838 877/8/2275 3212/8/2272
f 5645/8/2837 3212/8/2272 874/2085/2274
f 202/5/2226 3296/13/2224 5646/11/2839
f 3296/13/2224 843/5/2822 3205/4/2819
f 5646/11/2839 3205/4/2819 878/5/2821
f 3273/4/2840 5646/11/2839 3215/13/2577
f 757/4/2841 3000/4/2844 5647/2393/2842
f 3000/4/2844 868/4/5714 3190/2395/2807
f 5647/2393/2842 3190/2395/2807 869/2328/2805
f 3216/2394/2843 5647/2393/2842 3195/2326/2845
f 2998/2395/2847 5648/2397/2849 3204/2396/2261
f 755/4/2848 2999/4/2850 5648/2397/2849
f 2999/4/2850 757/4/2841 3216/2394/2843
f 5648/2397/2849 3216/2394/2843 879/2324/2846
f 3318/2398/2851 5649/2401/2853 2988/2399/2578
f 3318/2398/2851 703/2400/5715 2924/2399/2852
f 5649/2401/2853 2924/2399/2852 701/2400/2854
f 2988/2399/2578 5649/2401/2853 3319/2402/2855
f 845/2400/2579 3319/2402/2855 5650/2403/2856
f 3319/2402/2855 701/2400/2854 2925/2399/2857
f 5650/2403/2856 2925/2399/2857 702/2400/2858
f 3196/2399/2814 5650/2403/2856 3320/2402/2859
f 872/2400/2648 3320/2402/2859 5651/2403/2860
f 3320/2402/2859 702/2400/2858 3317/2399/2861
f 3317/2399/2861 881/2400/2863 3219/2402/2862
f 5651/2403/2860 3219/2402/2862 846/2400/2515
f 3219/2402/2862 5652/2403/2864 3002/2399/2512
f 881/2400/2863 3217/2399/2865 5652/2403/2864
f 3217/2399/2865 882/2400/2867 3220/2402/2866
f 5652/2403/2864 3220/2402/2866 847/2400/2511
f 3220/2402/2866 5653/2403/2868 3189/2399/2804
f 882/2400/2867 3218/2399/2869 5653/2403/2868
f 3218/2399/2869 883/2400/2871 3221/2402/2870
f 5653/2403/2868 3221/2402/2870 869/2400/2805
f 3221/2402/2870 5654/2403/2872 3195/2399/2845
f 883/2400/2871 3274/2399/5716 5654/2403/2872
f 5654/2403/2872 3274/2399/5716 704/2400/2873
f 3195/2399/2845 5654/2403/2872 3321/2402/2874
f 879/2400/2846 3321/2402/2874 5655/2403/2875
f 3321/2402/2874 704/2400/2873 3276/2399/2876
f 3276/2399/2876 884/2400/2878 3222/2402/2877
f 3214/2399/2262 5655/2403/2875 3222/2402/2877
f 3222/2402/2877 5656/2403/2879 3213/2399/2820
f 884/2400/2878 3275/2399/2880 5656/2403/2879
f 3275/2399/2880 703/2400/5715 3318/2398/2851
f 5656/2403/2879 3318/2398/2851 878/2400/2821
f 3317/2404/2881 5657/2407/2883 3280/2160/2076
f 702/2406/2069 2937/2408/2068 5657/2407/2883
f 2937/2408/2068 709/3216/2072 2929/2409/2080
f 5657/2407/2883 2929/2409/2080 706/2161/2077
f 927/1/2884 3417/3/2887 5658/2/2885
f 3417/3/2887 935/1/3038 3390/2/2888
f 5658/2/2885 3390/2/2888 931/1/2889
f 5658/2/2885 3416/3/2890 928/1/2891
f 3461/1/2892 5659/16/2896 3465/4/2893
f 957/12/2895 3441/1/2897 5659/16/2896
f 3441/1/2897 914/5/3231 3457/4/2898
f 5659/16/2896 3457/4/2898 967/4/2899
f 1362/7/2900 3453/8/2901 5660/8/2901
f 3453/8/2901 97/8/19 1820/8/19
f 5660/8/2901 1820/8/19 1/7/19
f 4254/9/2900 5660/8/2901 4217/9/2901
f 3325/13/2902 5661/1/2906 3454/4/2903
f 963/5/2905 3372/4/2907 5661/1/2906
f 3372/4/2907 962/5/5717 3446/13/2908
f 5661/1/2906 3446/13/2908 965/10/2909
f 960/5/2910 3397/4/2913 5662/1/2911
f 3397/4/2913 974/4/3232 3479/4/2914
f 5662/1/2911 3479/4/2914 973/4/33
f 3445/4/2912 5662/1/2911 3395/4/2915
f 1237/4/2917 3344/4/2920 5663/11/2918
f 3344/4/2920 894/4/3354 3482/1/2921
f 5663/11/2918 3482/1/2921 980/12/2922
f 3571/4/2919 5663/11/2918 3572/4/2923
f 902/5/2925 3341/1/2928 5664/10/2926
f 3341/1/2928 901/2342/2946 3340/4/2929
f 5664/10/2926 3340/4/2929 898/3/2930
f 3334/4/2927 5664/10/2926 3333/14/2931
f 4805/4/2933 5665/1/2934 4529/4/2933
f 947/4/2933 3336/4/2934 5665/1/2934
f 3336/4/2934 948/4/2934 4806/4/2934
f 5665/1/2934 4806/4/2934 1534/4/2934
f 900/4/2935 3645/1/2938 5666/1/2936
f 3645/1/2938 951/12/3198 3427/4/2939
f 5666/1/2936 3427/4/2939 896/4/2940
f 5666/1/2936 4469/4/2941 1506/13/2942
f 1533/4/2943 4808/1/2947 5667/4/2944
f 901/2342/2946 3342/12/2948 5667/4/2944
f 4822/4/2945 5667/4/2944 3342/12/2948
f 3335/4/2950 5668/1/2954 3337/4/2951
f 903/4/2953 4810/4/2955 5668/1/2954
f 4810/4/2955 1534/4/5718 4806/4/2956
f 5668/1/2954 4806/4/2956 948/4/2957
f 3340/4/2929 5669/1/2959 4818/16/2958
f 901/2342/2946 4808/1/2947 5669/1/2959
f 4808/1/2947 1533/4/2943 4542/4/2960
f 5669/1/2959 4542/4/2960 1545/12/2961
f 903/4/2962 3335/4/2965 5670/10/2963
f 3335/4/2965 949/5/2976 3332/4/2966
f 5670/10/2963 3332/4/2966 898/3/2930
f 4819/4/2964 5670/10/2963 4818/15/2958
f 4820/4/2967 5671/1/2971 4805/4/2968
f 4820/4/2967 1236/4/5719 3570/4/2970
f 5671/1/2971 3570/4/2970 904/13/2972
f 5671/1/2971 3343/1/2973 947/5/2974
f 3332/10/2966 5672/10/2977 3348/4/2975
f 949/5/2976 3347/4/2978 5672/10/2977
f 3347/4/2978 913/3/3024 3359/4/2979
f 5672/10/2977 3359/4/2979 907/10/2980
f 3333/14/2931 5673/3/2982 3349/4/2981
f 898/3/2930 3348/4/2975 5673/3/2982
f 3348/4/2975 907/10/2980 3360/4/2983
f 5673/3/2982 3360/4/2983 908/5/2984
f 921/10/2985 3391/4/2989 5674/16/2986
f 959/4/2988 4364/4/2990 5674/16/2986
f 4364/4/2990 1433/5/4712 4365/1/2991
f 5674/16/2986 4365/1/2991 1445/38/2992
f 919/4/2993 3350/4/2996 5675/3/2994
f 3350/4/2996 908/5/2984 3360/4/2983
f 5675/3/2994 3360/4/2983 907/10/2980
f 3363/4/2995 5675/3/2994 3357/4/2997
f 3493/4/2999 5676/10/3003 3501/4/3000
f 986/10/3002 3500/4/3004 5676/10/3003
f 3500/4/3004 912/3/3062 3351/14/3005
f 5676/10/3003 3351/14/3005 918/5/3006
f 984/1/3007 3489/3/3010 5677/2/3008
f 3489/3/3010 988/1/3118 3503/2/3011
f 5677/2/3008 3503/2/3011 928/1/2891
f 3499/2/3009 5677/2/3008 3353/3/3012
f 3405/4/3014 5678/10/3018 3408/4/3015
f 3405/4/3014 922/4/4714 3367/12/3017
f 5678/10/3018 3367/12/3017 915/12/3019
f 3408/4/3015 5678/10/3018 3354/13/3020
f 920/5/2998 3357/4/2997 5679/10/3022
f 3357/4/2997 907/10/2980 3359/4/2979
f 5679/10/3022 3359/4/2979 913/3/3024
f 3364/4/3023 5679/10/3022 3355/14/3025
f 896/4/3027 3423/4/3030 5680/2/3028
f 3423/4/3030 947/4/5720 4468/4/3031
f 5680/2/3028 4468/4/3031 1505/4/3032
f 4469/4/3029 5680/2/3028 4470/4/3033
f 3389/4/3035 5681/3/3039 3413/4/3036
f 935/10/3038 3417/4/2887 5681/3/3039
f 3417/4/2887 927/10/2884 3383/4/3040
f 3413/4/3036 5681/3/3039 3383/4/3040
f 971/5/2894 3464/4/3043 5682/1/3042
f 3464/4/3043 970/4/3298 3439/4/3044
f 5682/1/3042 3439/4/3044 926/4/3045
f 5682/1/3042 3440/4/3046 957/12/2895
f 3352/4/3047 5683/10/3051 3339/4/3048
f 910/10/3050 3365/4/3328 5683/10/3051
f 5683/10/3051 3365/4/3328 913/3/3024
f 3339/4/3048 5683/10/3051 3347/10/2978
f 3499/4/3009 5684/17/3053 3492/4/3052
f 905/10/3013 3366/4/3054 5684/17/3053
f 3366/4/3054 912/3/3062 3500/4/3004
f 5684/17/3053 3500/4/3004 986/10/3002
f 905/1/3013 3353/3/3012 5685/2/3055
f 3353/3/3012 928/1/2891 3416/2/2890
f 3416/2/2890 931/1/2889 3356/3/3057
f 3414/2/3056 5685/2/3055 3356/3/3057
f 911/10/3058 3368/4/3060 5686/2410/3059
f 3368/4/3060 921/10/2985 3415/4/3061
f 5686/2410/3059 3415/4/3061 912/3/3062
f 3414/4/3056 5686/2410/3059 3366/4/3054
f 3404/15/3063 5687/3/3066 3403/4/3064
f 946/3/3016 3408/4/3015 5687/3/3066
f 3408/4/3015 945/10/3021 3407/4/3067
f 5687/3/3066 3407/4/3067 916/5/3068
f 1439/4/3069 4354/13/3072 5688/1/3070
f 4354/13/3072 1440/5/4698 4347/4/3073
f 5688/1/3070 4347/4/3073 955/4/3074
f 4346/4/3071 5688/1/3070 3326/4/3075
f 931/1/2889 3375/6/3079 5689/38/3077
f 938/4/3078 3392/4/3080 5689/38/3077
f 3392/4/3080 937/4/3131 3379/6/3081
f 5689/38/3077 3379/6/3081 911/1/3058
f 3369/4/3082 5690/1/3086 3381/4/3083
f 961/4/3085 4340/4/3087 5690/1/3086
f 4340/4/3087 939/4/5721 4339/4/3088
f 5690/1/3086 4339/4/3088 914/4/3089
f 4357/13/3090 5691/2/3094 3376/4/3091
f 1434/5/3093 4355/4/3095 5691/2/3094
f 4355/4/3095 961/4/3085 3369/4/3082
f 5691/2/3094 3369/4/3082 954/5/3084
f 1436/4/3096 4341/1/3100 5692/13/3097
f 934/4/3099 3413/4/3101 5692/13/3097
f 4471/4/3098 5692/13/3097 3413/4/3101
f 935/1/3038 3378/6/3103 5693/38/3102
f 3378/6/3103 936/4/3130 3401/4/3104
f 5693/38/3102 3401/4/3104 938/4/3078
f 3390/2/2888 5693/38/3102 3375/6/3079
f 987/2/3105 3504/38/3108 5694/3/3106
f 3504/38/3108 929/5/3041 3383/4/3040
f 5694/3/3106 3383/4/3040 927/10/2884
f 5694/3/3106 3502/4/3109 989/10/3110
f 3384/1/3111 5695/3/3113 3343/1/2973
f 930/3/3112 3388/4/3114 5695/3/3113
f 3388/4/3114 932/10/3349 3386/4/3115
f 3343/1/2973 5695/3/3113 3386/4/3115
f 3502/3/3109 5696/2/3117 3491/2/3116
f 927/1/2884 3382/2/2886 5696/2/3117
f 3382/2/2886 928/1/2891 3503/3/3011
f 5696/2/3117 3503/3/3011 988/1/3118
f 909/4/3119 3345/4/3122 5697/2/3120
f 930/11/3112 3384/4/3111 5697/2/3120
f 3346/12/3121 5697/2/3120 3384/1/3111
f 3504/13/3108 5698/1/3124 4473/4/3123
f 987/11/3105 3505/1/3126 5698/1/3124
f 983/4/3125 4473/4/3123 5698/1/3124
f 934/4/3037 3377/4/3128 5699/2/3127
f 3377/4/3128 939/4/5722 3400/4/3129
f 5699/2/3127 3400/4/3129 936/4/3130
f 3389/4/3035 5699/2/3127 3378/4/3103
f 3379/6/3081 5700/38/3132 3368/2/3060
f 937/4/3131 3394/4/3133 5700/38/3132
f 3394/4/3133 959/4/2988 3391/6/2989
f 5700/38/3132 3391/6/2989 921/1/2985
f 3478/2411/3134 5701/2412/3138 3410/20/3135
f 978/27/3137 3452/26/3139 5701/2412/3138
f 3452/26/3139 958/33/3164 3442/2413/3140
f 5701/2412/3138 3442/2413/3140 963/23/3141
f 66/9/264 4215/28/266 5702/28/3142
f 4215/28/266 1367/29/3235 4253/29/3143
f 5702/28/3142 4253/29/3143 1368/29/3144
f 1813/29/267 5702/28/3142 4216/29/3145
f 922/4/3147 4363/4/3150 5703/10/3148
f 4363/4/3150 1433/5/5723 4361/14/3151
f 4361/14/3151 942/2/3182 3444/16/3152
f 3402/4/3149 5703/10/3148 3444/16/3152
f 3402/1/3149 5704/1/3155 3367/12/3154
f 941/13/3153 3411/4/3156 5704/1/3155
f 3411/4/3156 924/4/5643 3371/4/3157
f 5704/1/3155 3371/4/3157 915/13/3158
f 923/30/3159 3370/32/3162 5705/2414/3160
f 3370/32/3162 962/37/5724 3372/36/3163
f 3372/36/3163 963/23/3141 3442/35/3140
f 5705/2414/3160 3442/35/3140 958/33/3164
f 3399/4/3165 5706/2/3169 4338/4/3166
f 937/4/3168 3392/4/3170 5706/2/3169
f 3392/4/3170 938/4/4703 4359/4/3171
f 5706/2/3169 4359/4/3171 1443/5/3172
f 1485/4/3173 4492/4/3176 5707/2/3174
f 4492/4/3176 1433/4/5723 4364/4/3177
f 5707/2/3174 4364/4/3177 959/4/3178
f 4434/4/3175 5707/2/3174 4498/4/3179
f 3398/10/3181 5708/4/3183 3444/16/3152
f 3398/10/3181 960/5/2910 3445/4/2912
f 5708/4/3183 3445/4/2912 943/4/2916
f 3444/16/3152 5708/4/3183 3396/4/3184
f 899/4/3185 3422/4/3188 5709/1/3186
f 3422/4/3188 948/4/3191 3336/4/3189
f 3336/4/3189 947/4/5720 3423/4/3030
f 5709/1/3186 3423/4/3030 896/4/3027
f 897/4/3190 3424/4/3190 5710/1/3190
f 3424/4/3190 949/4/3190 3337/4/3190
f 5710/1/3190 3337/4/3190 948/4/3191
f 3419/4/3190 5710/1/3190 3422/4/3188
f 1506/12/3034 4470/4/3033 5711/2/3192
f 4470/4/3033 1505/4/3032 3338/4/3194
f 5711/2/3192 3338/4/3194 950/4/3195
f 3420/4/3193 5711/2/3192 3425/4/3196
f 3425/4/3196 5712/1/3190 3421/4/3190
f 950/4/3195 3339/4/3190 5712/1/3190
f 3339/4/3190 949/4/3190 3424/4/3190
f 5712/1/3190 3424/4/3190 897/4/3190
f 3427/4/2939 5713/1/3199 3418/4/3197
f 951/13/3198 3426/4/3200 5713/1/3199
f 3426/4/3200 952/4/3208 3429/4/3201
f 5713/1/3199 3429/4/3201 899/4/3202
f 897/4/3203 3428/4/3206 5714/11/3204
f 3428/4/3206 952/4/3208 3426/4/3200
f 5714/11/3204 3426/4/3200 951/12/3198
f 3421/4/3205 5714/11/3204 3645/1/2938
f 899/4/3202 3429/4/3201 5715/3/3207
f 3428/4/3206 5715/3/3207 3429/4/3201
f 897/4/3203 3419/4/3207 5715/3/3207
f 976/4/336 3430/4/336 5716/1/336
f 3430/4/336 925/4/3076 3326/4/3075
f 5716/1/336 3326/4/3075 955/4/3074
f 3477/4/336 5716/1/336 3435/4/336
f 3476/4/3209 5717/4/3210 3430/4/3210
f 972/4/3209 3374/4/3212 5717/4/3210
f 3374/4/3212 953/4/5725 3432/4/3213
f 5717/4/3210 3432/4/3213 925/4/3214
f 4353/4/3215 5718/1/3219 3431/4/3216
f 1438/4/3218 3376/4/3220 5718/1/3219
f 3376/4/3220 954/4/3229 3433/4/3221
f 5718/1/3219 3433/4/3221 926/4/3045
f 4211/9/3222 5719/8/3225 4252/9/3223
f 44/7/358 1737/8/357 5719/8/3225
f 1737/8/357 622/8/1887 4343/8/3226
f 5719/8/3225 4343/8/3226 1437/7/3227
f 3440/4/3046 5720/15/3228 3441/1/2897
f 3440/4/3046 926/4/3045 3433/4/3221
f 5720/15/3228 3433/4/3221 954/4/3229
f 3441/1/2897 5720/15/3228 3381/4/3230
f 974/39/3232 3468/39/3234 5721/40/3233
f 3468/39/3234 1368/39/3144 4253/39/3143
f 5721/40/3233 4253/39/3143 1367/39/3235
f 3479/39/2914 5721/40/3233 3467/39/3236
f 3475/4/2901 5722/3/3237 3395/4/3237
f 979/5/2901 3473/4/3237 5722/3/3237
f 3473/4/3237 964/10/2904 3448/4/2904
f 5722/3/3237 3448/4/2904 943/4/3238
f 3351/14/3005 5723/6/3240 3406/4/3239
f 912/3/3062 3362/4/3241 5723/6/3240
f 3362/4/3241 946/3/3016 3404/15/3063
f 5723/6/3240 3404/15/3063 944/5/3065
f 3446/13/2908 5724/11/3244 3451/4/3242
f 3446/13/2908 962/5/5717 3370/5/3243
f 5724/11/3244 3370/5/3243 923/5/3245
f 5724/11/3244 3447/4/3246 966/4/3247
f 3449/4/3248 5725/4/3251 3411/4/3249
f 965/10/2909 3451/4/3242 5725/4/3251
f 3451/4/3242 966/4/3247 3450/4/3252
f 5725/4/3251 3450/4/3252 924/4/3252
f 970/4/3253 3462/4/3256 5726/1/3254
f 3462/4/3256 969/4/3284 3436/4/3257
f 5726/1/3254 3436/4/3257 956/4/3258
f 3439/4/3255 5726/1/3254 3438/4/3259
f 3448/4/2904 5727/3/3262 3396/12/3261
f 964/10/2904 3454/4/2903 5727/3/3262
f 3454/4/2903 965/10/2909 3449/4/3248
f 5727/3/3262 3449/4/3248 941/12/3250
f 3354/13/3020 5728/1/3265 3455/4/3263
f 3354/13/3020 915/12/3019 3371/4/3264
f 3371/4/3264 924/4/5726 3450/4/3266
f 5728/1/3265 3450/4/3266 966/4/3267
f 3407/4/3067 5729/4/3269 3456/4/3268
f 945/10/3021 3455/4/3263 5729/4/3269
f 3455/4/3263 966/4/3267 3447/4/3270
f 5729/4/3269 3447/4/3270 923/4/3271
f 3474/4/3272 5730/1/3276 3374/4/3273
f 974/4/3275 3397/4/3277 5730/1/3276
f 3397/4/3277 960/4/5727 3373/4/3278
f 5730/1/3276 3373/4/3278 953/4/3279
f 1365/39/730 4251/39/3282 5731/41/3280
f 4251/39/3282 1364/39/19 3459/39/3283
f 5731/41/3280 3459/39/3283 969/39/3284
f 3460/39/3281 5731/41/3280 3462/39/3256
f 4472/4/3285 5732/13/3289 4471/4/3286
f 1228/4/3288 3358/4/3290 5732/13/3289
f 3358/4/3290 940/5/4546 4344/13/3291
f 5732/13/3289 4344/13/3291 1436/4/3292
f 1361/42/3293 4250/39/3296 5733/41/3294
f 4250/39/3296 1365/39/4542 3460/39/3297
f 5733/41/3294 3460/39/3297 970/39/3298
f 4209/41/3295 5733/41/3294 3464/39/3043
f 4209/41/3295 5734/41/3300 4249/39/3299
f 971/42/2894 3465/39/2893 5734/41/3300
f 3465/39/2893 967/39/2899 4208/39/3301
f 5734/41/3300 4208/39/3301 1360/39/3302
f 4248/39/3303 5735/40/3307 3466/39/3304
f 1368/39/3306 3468/39/3308 5735/40/3307
f 3468/39/3308 974/39/3275 3474/39/3272
f 5735/40/3307 3474/39/3272 972/39/3274
f 4247/39/2900 5736/42/3309 3467/39/3309
f 1362/42/2900 4210/41/3309 5736/42/3309
f 4210/41/3309 979/42/2901 3475/39/2901
f 5736/42/3309 3475/39/2901 973/39/2901
f 3415/4/3061 5737/10/3310 3362/4/3241
f 3415/4/3061 921/10/2985 3409/6/2987
f 5737/10/3310 3409/6/2987 1445/38/2992
f 3362/4/3241 5737/10/3310 4362/6/3311
f 1370/39/3312 4246/39/3312 5738/40/3313
f 4246/39/3312 1366/39/3312 3466/39/3313
f 5738/40/3313 3466/39/3313 972/39/3209
f 3470/39/3314 5738/40/3313 3476/39/3209
f 1370/39/336 3470/39/336 5739/41/336
f 3470/39/336 976/39/336 3477/39/336
f 5739/41/336 3477/39/336 977/39/336
f 4245/39/336 5739/41/336 3471/39/336
f 1226/44/3315 4477/46/3318 5740/2415/3316
f 4477/46/3318 885/51/5728 4799/50/3319
f 5740/2415/3316 4799/50/3319 1580/49/3320
f 3987/47/3317 5740/2415/3316 4833/48/3321
f 964/10/2904 3473/13/3237 5741/11/3237
f 3473/13/3237 979/5/2901 3480/4/2901
f 5741/11/3237 3480/4/2901 975/4/2901
f 3325/1/2902 5741/11/3237 3410/4/3323
f 3495/4/3324 5742/1/3325 3355/14/3025
f 3495/4/3324 986/10/3002 3493/1/2999
f 5742/1/3325 3493/1/2999 985/5/3001
f 5742/1/3325 3496/4/3326 917/5/3026
f 3494/4/3327 5743/3/3329 3365/4/3328
f 984/10/3007 3492/4/3052 5743/3/3329
f 3492/4/3052 986/10/3002 3495/4/3324
f 3365/4/3328 5743/3/3329 3495/4/3324
f 1378/7/3330 4244/9/3333 5744/8/3331
f 4244/9/3333 1373/29/3367 3486/9/3334
f 5744/8/3331 3486/9/3334 116/7/465
f 4226/8/3332 5744/8/3331 1907/8/464
f 3514/4/3335 5745/4/3339 3515/2/3336
f 909/4/3338 3528/2/3340 5745/4/3339
f 3528/2/3340 1000/4/3428 3526/1/3341
f 5745/4/3339 3526/1/3341 994/1/3342
f 910/1/3050 3361/3/3344 5746/2/3343
f 3361/3/3344 933/1/3352 3487/2/3345
f 5746/2/3343 3487/2/3345 988/1/3118
f 3494/2/3327 5746/2/3343 3489/3/3010
f 3481/4/3346 5747/3/3347 3388/4/3114
f 987/2/3105 3490/4/3107 5747/3/3347
f 3490/4/3107 989/10/3110 3488/4/3348
f 5747/3/3347 3488/4/3348 932/10/3349
f 3488/3/3348 5748/2/3351 3387/2/3350
f 989/1/3110 3491/2/3116 5748/2/3351
f 3491/2/3116 988/1/3118 3487/3/3345
f 3387/2/3350 5748/2/3351 3487/3/3345
f 3482/4/2921 5749/1/3355 3497/4/3353
f 894/4/3354 3331/4/3356 5749/1/3355
f 3331/4/3356 885/4/5398 4476/4/3357
f 5749/1/3355 4476/4/3357 1232/4/3358
f 3507/1/3359 5750/1/3362 3509/4/3360
f 3507/1/3359 980/13/2922 3497/4/3353
f 5750/1/3362 3497/4/3353 1232/4/3358
f 3509/4/3360 5750/1/3362 3508/4/3363
f 4221/52/3365 5751/54/3368 4243/52/3366
f 992/53/3361 3509/52/3360 5751/54/3368
f 5751/54/3368 3509/52/3360 1231/53/3364
f 4243/52/3366 5751/54/3368 4222/52/3369
f 1001/13/3371 3529/1/3374 5752/16/3372
f 3529/1/3374 980/13/2922 3507/1/3359
f 5752/16/3372 3507/1/3359 992/5/3361
f 3537/11/3373 5752/16/3372 3531/55/3375
f 983/4/3337 3515/4/3336 5753/1/3377
f 3515/4/3336 994/2/3342 3512/4/3379
f 5753/1/3377 3512/4/3379 1230/5/3380
f 4473/4/3378 5753/1/3377 4474/4/3381
f 3513/4/3383 5754/1/3387 3511/13/3384
f 1229/4/3386 3484/4/3388 5754/1/3387
f 3484/4/3388 1230/5/3380 3512/13/3379
f 5754/1/3387 3512/13/3379 994/3/3342
f 998/4/3389 3519/1/3392 5755/57/3390
f 3519/1/3392 1233/58/3397 3516/57/3393
f 5755/57/3390 3516/57/3393 1229/4/3386
f 5755/57/3390 3513/4/3383 982/4/3385
f 4223/39/3394 5756/42/3398 4242/39/3395
f 1233/39/3397 3519/39/3392 5756/42/3398
f 3519/39/3392 998/42/3389 4224/41/3399
f 5756/42/3398 4224/41/3399 1376/42/3400
f 4241/39/3401 5757/2416/3404 4220/41/3402
f 1376/42/3400 4224/41/3399 5757/2416/3404
f 4224/41/3399 998/42/3389 3521/59/3405
f 5757/2416/3404 3521/59/3405 991/41/3406
f 3521/1/3405 5758/13/3408 3506/1/3407
f 3521/1/3405 998/4/3389 3518/4/3391
f 3518/4/3391 982/4/3385 3522/4/3409
f 3506/1/3407 5758/13/3408 3522/4/3409
f 3524/2/3411 5759/3/3414 3483/5/3412
f 3524/2/3411 999/3/3427 4811/1/3413
f 4811/1/3413 1551/5/3431 4832/5/3415
f 5759/3/3414 4832/5/3415 1502/13/3416
f 1002/43/3417 3534/10/3420 5760/10/3418
f 3534/10/3420 1234/2/4809 3533/4/3421
f 5760/10/3418 3533/4/3421 1235/12/3422
f 3530/6/3419 5760/10/3418 3535/12/3423
f 982/5/3385 3525/1/3425 5761/3/3424
f 3525/1/3425 1000/3/3428 3523/4/3426
f 5761/3/3424 3523/4/3426 999/3/3427
f 5761/3/3424 3524/2/3411 981/60/3410
f 3526/1/3341 5762/43/3429 3511/4/3384
f 1000/11/3428 3525/1/3425 5762/43/3429
f 982/5/3385 3511/1/3384 5762/43/3429
f 4811/4/3413 5763/4/3432 4821/4/3430
f 999/3/3427 3527/4/3433 5763/4/3432
f 3527/4/3433 904/12/3437 3570/4/3434
f 5763/4/3432 3570/4/3434 1236/4/3435
f 3346/12/3436 5764/3/3438 3528/2/3340
f 904/12/3437 3527/4/3433 5764/3/3438
f 3527/4/3433 999/3/3427 3523/4/3426
f 5764/3/3438 3523/4/3426 1000/4/3428
f 4809/4/3439 5765/2/3442 4807/4/3440
f 893/4/2949 3342/12/2948 5765/2/3442
f 3342/12/2948 901/2342/2946 3341/1/2928
f 5765/2/3442 3341/1/2928 902/5/2925
f 3529/1/3374 5766/15/3443 3572/4/2923
f 1001/13/3371 3535/12/3423 5766/15/3443
f 3535/12/3423 1235/12/3422 3573/12/3444
f 5766/15/3443 3573/12/3444 1238/4/2924
f 1502/12/3416 4462/43/3447 5767/13/3445
f 4462/43/3447 1002/43/3417 3536/10/3448
f 5767/13/3445 3536/10/3448 1004/13/3449
f 4467/4/3446 5767/13/3445 4463/57/3450
f 1002/43/3417 3530/6/3419 5768/15/3452
f 3530/6/3419 1001/13/3371 3537/11/3373
f 5768/15/3452 3537/11/3373 1003/61/3376
f 3536/10/3448 5768/15/3452 3532/1/3453
f 4240/62/3454 5769/65/3458 4466/8/3455
f 1377/65/3457 4225/8/3461 5769/65/3458
f 5769/65/3458 4225/8/3461 142/2419/589
f 5769/65/3458 2883/2420/3459 690/2421/587
f 1377/65/3457 4239/62/3462 5770/8/3460
f 4239/62/3462 1378/7/3330 4226/8/3332
f 5770/8/3460 4226/8/3332 141/8/595
f 4225/8/3461 5770/8/3460 1908/63/594
f 990/67/3463 3976/2422/3466 5771/68/3464
f 3976/2422/3466 1227/74/3322 3986/73/3467
f 5771/68/3464 3986/73/3467 1239/72/3468
f 3982/70/3465 5771/68/3464 3540/2423/3469
f 1379/2424/3471 3543/2427/3474 5772/2425/3472
f 3543/2427/3474 1005/94/3484 3541/2428/3475
f 5772/2425/3472 3541/2428/3475 997/80/3476
f 4238/2426/3473 5772/2425/3472 4230/79/3477
f 3978/84/3479 5773/86/3483 4237/2429/3480
f 3978/84/3479 968/88/3491 3542/2430/3482
f 5773/86/3483 3542/2430/3482 1005/94/3484
f 4237/2429/3480 5773/86/3483 3543/2427/3474
f 996/89/3485 3984/91/3488 5774/2431/3486
f 3984/91/3488 997/80/3476 3541/2432/3475
f 5774/2431/3486 3541/2432/3475 1005/2433/3484
f 3979/92/3487 5774/2431/3486 3544/93/3489
f 968/88/3491 3977/97/3493 5775/2434/3492
f 3977/97/3493 906/101/5729 3983/100/3494
f 5775/2434/3492 3983/100/3494 995/99/3490
f 3542/2430/3482 5775/2434/3492 3544/2435/3489
f 3505/1/3126 5776/4/3496 3514/4/3495
f 3505/1/3126 987/3/3105 3481/2/3346
f 5776/4/3496 3481/2/3346 930/4/3112
f 3514/4/3495 5776/4/3496 3345/1/3122
f 3406/103/3497 5777/2437/3501 3557/2436/3498
f 944/109/3500 3568/2438/3502 5777/2437/3501
f 3568/2438/3502 962/37/3571 3567/107/3503
f 5777/2437/3501 3567/107/3503 1016/105/3504
f 4795/111/3505 5778/2440/3509 4813/2439/3506
f 887/117/3508 3558/2441/3510 5778/2440/3509
f 3558/2441/3510 1009/2447/3526 3545/115/3511
f 5778/2440/3509 3545/115/3511 1008/113/3512
f 919/118/3513 3363/120/3516 5779/2442/3514
f 3363/120/3516 920/125/3527 3559/2443/3517
f 5779/2442/3514 3559/2443/3517 1018/123/3518
f 3560/121/3515 5779/2442/3514 3553/122/3519
f 887/117/3508 4796/127/3522 5780/2445/3521
f 4796/127/3522 1606/131/3547 4814/2446/3523
f 5780/2445/3521 4814/2446/3523 1010/129/3524
f 3558/2441/3510 5780/2445/3521 3546/128/3525
f 920/125/3527 3364/133/3529 5781/2448/3528
f 3364/133/3529 917/137/4488 3561/1803/3530
f 5781/2448/3528 3561/1803/3530 1015/135/3531
f 3559/2443/3517 5781/2448/3528 3554/134/3532
f 1607/138/3533 4663/140/3536 5782/139/3534
f 4663/140/3536 1599/145/673 4815/144/3537
f 5782/139/3534 4815/144/3537 1007/143/3538
f 4816/2449/3535 5782/139/3534 3548/142/3539
f 4798/147/3541 5783/2451/3544 3562/2450/3542
f 4798/147/3541 1607/138/3533 4816/2449/3535
f 5783/2451/3544 4816/2449/3535 1011/151/3540
f 5783/2451/3544 3549/2452/3545 1006/149/3546
f 1606/131/3547 4797/153/3549 5784/2453/3548
f 886/148/3543 3562/2450/3542 5784/2453/3548
f 3562/2450/3542 1006/149/3546 3547/154/3550
f 4814/2446/3523 5784/2453/3548 3547/154/3550
f 3564/156/3551 5785/159/3551 4461/2454/3551
f 1012/162/3551 3550/161/3551 5785/159/3551
f 5785/159/3551 3550/161/3551 1013/160/3551
f 5785/159/3551 3563/2455/3551 1496/2456/3551
f 3563/2455/3551 5786/2457/3551 4460/163/3551
f 3563/2455/3551 1013/160/3551 3551/168/3551
f 5786/2457/3551 3551/168/3551 1014/167/3552
f 4460/163/3551 5786/2457/3551 3565/2458/3553
f 1498/2459/3554 3565/2458/3553 5787/2460/3555
f 3565/2458/3553 1014/167/3552 3552/174/3557
f 5787/2460/3555 3552/174/3557 1008/173/3558
f 4459/2461/3556 5787/2460/3555 3566/172/3559
f 1009/175/3561 3546/177/3564 5788/2463/3562
f 3546/177/3564 1010/182/4802 4453/2464/3565
f 5788/2463/3562 4453/2464/3565 1499/2462/3560
f 3545/178/3563 5788/2463/3562 3566/2465/3559
f 916/183/3566 3456/185/3569 5789/2466/3567
f 3456/185/3569 923/30/5730 3370/32/3570
f 5789/2466/3567 3370/32/3570 962/37/3571
f 3403/186/3568 5789/2466/3567 3568/187/3502
f 1356/188/3572 3556/190/3575 5790/2467/3573
f 3556/190/3575 1017/195/5731 3553/194/3576
f 5790/2467/3573 3553/194/3576 1018/193/3577
f 4206/2468/3574 5790/2467/3573 3555/2469/3578
f 3569/197/3580 5791/2471/3583 4205/196/3581
f 1016/203/3504 3567/202/3584 5791/2471/3583
f 3567/202/3584 962/1793/4481 4197/2472/3585
f 5791/2471/3583 4197/2472/3585 1355/2470/3579
f 3626/2473/19 5792/208/19 3599/2474/19
f 3626/2473/19 1026/2477/19 3574/210/19
f 5792/208/19 3574/210/19 160/209/19
f 5792/208/19 1955/2476/19 161/207/19
f 1026/2477/19 3624/213/19 5793/2478/19
f 3624/213/19 1028/217/19 3575/216/19
f 5793/2478/19 3575/216/19 163/215/19
f 3574/210/19 5793/2478/19 1958/214/19
f 1033/218/19 3622/2480/19 5794/219/19
f 3622/2480/19 1030/3217/19 3576/2481/19
f 5794/219/19 3576/2481/19 164/223/19
f 3601/2479/19 5794/219/19 1959/222/19
f 1035/226/19 3620/2483/19 5795/2482/19
f 1031/2475/19 3599/2474/19 5795/2482/19
f 3599/2474/19 161/207/19 1956/230/19
f 3603/229/19 5795/2482/19 1956/230/19
f 1028/217/19 3618/232/19 5796/231/19
f 3618/232/19 1033/218/19 3601/2479/19
f 5796/231/19 3601/2479/19 162/234/19
f 3575/216/19 5796/231/19 1957/233/19
f 902/235/19 3334/237/19 5797/2484/19
f 3334/237/19 895/242/19 3577/241/19
f 5797/2484/19 3577/241/19 1023/240/19
f 3579/2485/19 5797/2484/19 3583/239/19
f 4695/244/19 5798/2488/19 4824/2487/19
f 1636/250/19 4823/2489/19 5798/2488/19
f 4823/2489/19 1020/264/19 3584/357/19
f 5798/2488/19 3584/357/19 1024/246/19
f 895/242/19 3349/252/19 5799/2490/19
f 3349/252/19 908/256/19 3580/2491/19
f 5799/2490/19 3580/2491/19 1022/2492/19
f 3577/241/19 5799/2490/19 3585/253/19
f 4807/258/19 5800/2494/19 4825/2493/19
f 4807/258/19 902/235/19 3579/2485/19
f 5800/2494/19 3579/2485/19 1021/2486/19
f 4825/2493/19 5800/2494/19 3586/2495/19
f 4660/263/19 5801/2497/19 4823/2489/19
f 1600/259/19 4825/2493/19 5801/2497/19
f 4825/2493/19 1019/2496/19 3587/2498/19
f 5801/2497/19 3587/2498/19 1020/264/19
f 908/256/19 3350/268/19 5802/267/19
f 919/118/19 3560/121/19 5802/267/19
f 5802/267/19 3560/121/19 1017/270/19
f 3580/2491/19 5802/267/19 3588/269/19
f 3597/2499/19 5803/2503/19 3616/2500/19
f 1022/2502/19 3588/269/19 5803/2503/19
f 3588/269/19 1017/270/19 3605/397/3586
f 5803/2503/19 3605/397/3586 1037/2504/3587
f 1560/245/19 4824/280/19 5804/2505/19
f 4824/280/19 1024/3218/19 3590/2506/19
f 5804/2505/19 3590/2506/19 1007/282/19
f 4662/281/19 5804/2505/19 4815/144/19
f 3607/286/19 5805/289/19 3614/2507/19
f 3607/286/19 1007/282/19 3590/291/19
f 5805/289/19 3590/291/19 1024/246/19
f 3614/2507/19 5805/289/19 3582/2508/19
f 1501/2510/19 4455/294/19 5806/2511/19
f 4455/294/19 1040/321/19 3591/2513/19
f 5806/2511/19 3591/2513/19 172/297/19
f 4458/2512/19 5806/2511/19 2873/296/19
f 1497/300/19 4451/302/19 5807/301/19
f 4451/302/19 1007/282/19 3607/2515/19
f 5807/301/19 3607/2515/19 1039/287/19
f 4457/2514/19 5807/301/19 4454/304/19
f 1500/2516/19 4454/2519/19 5808/2517/19
f 4454/2519/19 1039/314/19 3608/313/19
f 5808/2517/19 3608/313/19 1040/312/19
f 4456/2518/19 5808/2517/19 4455/2520/19
f 3591/2522/19 5809/2523/19 1979/315/19
f 1040/299/19 3613/2524/19 5809/2523/19
f 3613/2524/19 1035/226/19 3603/319/19
f 5809/2523/19 3603/319/19 159/317/19
f 3608/313/19 5810/2526/19 3613/2525/19
f 1039/314/19 3614/2527/19 5810/2526/19
f 3614/2527/19 1036/3219/19 3604/363/19
f 5810/2526/19 3604/363/19 1035/2528/19
f 164/223/19 3576/2481/19 5811/2529/19
f 3576/2481/19 1030/3220/19 3615/339/19
f 5811/2529/19 3615/339/19 1038/2530/3588
f 5811/2529/19 3589/2531/739 171/331/723
f 1030/374/19 3598/375/19 5812/337/19
f 3598/375/19 1029/3221/19 3616/271/19
f 3616/271/19 1037/403/3587 3606/2532/3589
f 3615/339/19 5812/337/19 3606/2532/3589
f 1021/2533/19 3583/2535/19 5813/2534/19
f 3583/2535/19 1023/349/19 3581/2536/19
f 5813/2534/19 3581/2536/19 1034/347/19
f 3595/345/19 5813/2534/19 3617/346/19
f 1027/350/19 3617/346/19 5814/2537/19
f 3617/346/19 1034/347/19 3602/2538/19
f 5814/2537/19 3602/2538/19 1033/354/19
f 3596/352/19 5814/2537/19 3618/353/19
f 3584/357/19 5815/2543/19 3582/2540/19
f 1020/2542/19 3578/2544/19 5815/2543/19
f 3578/2544/19 1032/2548/19 3619/2545/19
f 5815/2543/19 3619/2545/19 1036/2546/19
f 3619/2545/19 5816/2549/19 3604/2547/19
f 1032/2548/19 3600/2550/19 5816/2549/19
f 3600/2550/19 1031/2575/19 3620/228/19
f 3604/2547/19 5816/2549/19 3620/228/19
f 1023/349/19 3585/2553/19 5817/2552/19
f 3585/2553/19 1022/371/19 3597/2554/19
f 5817/2552/19 3597/2554/19 1029/341/19
f 3581/2536/19 5817/2552/19 3621/2555/19
f 1034/347/19 3621/2555/19 5818/2556/19
f 3621/2555/19 1029/341/19 3598/2557/19
f 5818/2556/19 3598/2557/19 1030/2558/19
f 3602/2538/19 5818/2556/19 3622/2559/19
f 1019/2560/19 3586/2563/19 5819/2561/19
f 3586/2563/19 1021/2533/19 3595/345/19
f 5819/2561/19 3595/345/19 1027/350/19
f 3593/2562/19 5819/2561/19 3623/2564/19
f 1025/2565/19 3623/2564/19 5820/2566/19
f 3623/2564/19 1027/350/19 3596/352/19
f 5820/2566/19 3596/352/19 1028/2539/19
f 3594/2567/19 5820/2566/19 3624/2568/19
f 3587/2570/19 5821/2571/19 3578/2544/19
f 1019/2560/19 3593/2562/19 5821/2571/19
f 5821/2571/19 3593/2562/19 1025/2565/19
f 5821/2571/19 3625/2572/19 1032/2548/19
f 3625/2572/19 5822/2573/19 3600/2550/19
f 3625/2572/19 1025/2565/19 3594/2567/19
f 5822/2573/19 3594/2567/19 1026/2569/19
f 5822/2573/19 3626/2574/19 1031/2575/19
f 1358/2576/3590 3627/2579/3593 5823/2577/3591
f 3627/2579/3593 1037/274/3587 3605/276/3586
f 5823/2577/3591 3605/276/3586 1017/270/19
f 4204/2578/3592 5823/2577/3591 3556/396/410
f 1359/2581/3595 3628/2583/3598 5824/2582/3596
f 3628/2583/3598 1038/3222/3588 3606/2584/3589
f 5824/2582/3596 3606/2584/3589 1037/2585/3587
f 4203/401/3597 5824/2582/3596 3627/2586/3593
f 543/406/735 2018/408/737 5825/2588/3599
f 2018/408/737 171/331/723 3589/412/739
f 5825/2588/3599 3589/412/739 1038/333/3588
f 4202/2589/3600 5825/2588/3599 3628/410/3598
f 3327/9/3601 5826/8/3603 1690/66/740
f 1043/29/3602 4790/9/3604 5826/8/3603
f 4790/9/3604 1640/29/5307 4801/9/3605
f 5826/8/3603 4801/9/3605 11/7/743
f 3643/2590/19 5827/2592/19 2020/413/19
f 1047/2591/19 3629/2593/19 5827/2592/19
f 3629/2593/19 1042/2066/19 3592/2594/19
f 5827/2592/19 3592/2594/19 173/416/19
f 1509/2595/19 4835/423/19 5828/2596/19
f 4835/423/19 1640/428/19 4826/427/19
f 5828/2596/19 4826/427/19 888/426/19
f 4483/424/19 5828/2596/19 3630/2597/19
f 3642/2599/19 5829/2601/19 3640/2600/19
f 1048/436/19 3631/2602/19 5829/2601/19
f 3631/2602/19 1012/496/19 3609/434/19
f 5829/2601/19 3609/434/19 1041/2603/19
f 4482/2604/19 5830/2607/19 4478/2605/19
f 1510/444/19 3634/2608/19 5830/2607/19
f 3634/2608/19 1046/2629/19 3635/2609/19
f 5830/2607/19 3635/2609/19 1045/2610/19
f 1047/445/19 3638/2612/19 5831/2611/19
f 3638/2612/19 1044/451/19 3636/450/19
f 5831/2611/19 3636/450/19 1045/2613/19
f 3641/448/19 5831/2611/19 3633/2614/19
f 4481/2615/19 5832/2617/19 2024/452/19
f 1509/2616/19 3632/458/19 5832/2617/19
f 3632/458/19 1044/2633/19 3637/2618/19
f 5832/2617/19 3637/2618/19 194/455/19
f 4480/2619/19 5833/2622/19 3634/2620/19
f 1507/466/19 4834/465/19 5833/2622/19
f 4834/465/19 1619/486/19 4827/464/19
f 5833/2622/19 4827/464/19 1046/2623/19
f 1042/2624/19 3629/2627/19 5834/2625/19
f 3629/2627/19 1047/445/19 3641/448/19
f 5834/2625/19 3641/448/19 1049/431/19
f 3610/2626/19 5834/2625/19 3640/471/19
f 3635/2609/19 5835/2630/19 3633/473/19
f 1046/2629/19 3639/2631/19 5835/2630/19
f 3639/2631/19 1048/3223/19 3642/2632/19
f 5835/2630/19 3642/2632/19 1049/431/19
f 3637/2618/19 5836/2634/19 2031/479/19
f 1044/2633/19 3638/481/19 5836/2634/19
f 3638/481/19 1047/2591/19 3643/2590/19
f 5836/2634/19 3643/2590/19 198/415/19
f 3644/2635/19 5837/2636/19 4803/483/19
f 1048/490/19 3639/2637/19 5837/2636/19
f 3639/2637/19 1046/3162/19 4827/2638/19
f 5837/2636/19 4827/2638/19 1619/486/19
f 4817/492/19 5838/2639/19 4802/491/19
f 1012/496/19 3631/2602/19 5838/2639/19
f 3631/2602/19 1048/490/19 3644/2635/19
f 5838/2639/19 3644/2635/19 891/485/19
f 1440/497/3606 3437/499/3609 5839/501/3607
f 3437/499/3609 956/498/5732 3436/499/3610
f 3436/499/3610 969/497/4676 3647/502/3611
f 5839/501/3607 3647/502/3611 1441/501/3612
f 1442/500/3613 4351/498/3616 5840/498/3614
f 4351/498/3616 627/501/762 2042/498/762
f 5840/498/3614 2042/498/762 84/497/761
f 4349/498/3615 5840/498/3614 4219/499/3617
f 3648/504/3619 5841/2640/3620 3650/503/3620
f 1054/510/3619 3649/509/3620 5841/2640/3620
f 3649/509/3620 1056/508/3621 3651/506/3621
f 3650/503/3620 5841/2640/3620 3651/506/3621
f 1071/511/3621 3651/506/3621 5842/512/3622
f 3651/506/3621 1056/508/3621 3652/516/3622
f 5842/512/3622 3652/516/3622 1058/2641/3623
f 3653/514/3622 5842/512/3622 3654/515/3623
f 3654/518/3623 5843/2642/3624 3656/517/3624
f 1058/523/3623 3655/522/3624 5843/2642/3624
f 5843/2642/3624 3655/522/3624 1060/529/3625
f 5843/2642/3624 3657/2643/3625 1073/524/3625
f 1073/524/3625 3657/2643/3625 5844/2644/3626
f 3657/2643/3625 1060/529/3625 3658/528/3626
f 5844/2644/3626 3658/528/3626 1062/2645/3627
f 3659/526/3626 5844/2644/3626 3660/527/3627
f 3660/531/3627 5845/2647/3628 3662/530/3628
f 1062/537/3627 3661/536/3628 5845/2647/3628
f 3661/536/3628 1064/543/3629 3663/535/3629
f 5845/2647/3628 3663/535/3629 1075/533/3629
f 1075/533/3629 3663/535/3629 5846/2648/3630
f 3663/535/3629 1064/543/3629 3664/542/3630
f 3664/542/3630 1066/2699/3631 3666/541/3631
f 3665/540/3630 5846/2648/3630 3666/541/3631
f 3666/545/3631 5847/2649/3632 3668/544/3632
f 1066/551/3631 3667/550/3632 5847/2649/3632
f 5847/2649/3632 3667/550/3632 1068/549/3633
f 5847/2649/3632 3669/612/3633 1077/611/3633
f 1055/552/781 3679/554/780 5848/2650/780
f 1069/558/780 3687/2652/780 5848/2650/780
f 3687/2652/780 1077/3163/780 3671/556/780
f 3680/2651/780 5848/2650/780 3671/556/780
f 1055/552/781 3680/555/780 5849/559/780
f 3680/555/780 1070/565/780 3650/564/780
f 3650/564/780 1071/579/780 3681/2653/780
f 5849/559/780 3681/2653/780 1057/561/780
f 1055/566/3627 3697/568/3634 5850/2654/3626
f 1087/573/3634 3695/572/3626 5850/2654/3626
f 5850/2654/3626 3695/572/3626 1093/650/3635
f 3679/570/3626 5850/2654/3626 3696/571/3635
f 1057/561/780 3681/2653/780 5851/2655/780
f 3681/2653/780 1071/579/780 3653/578/780
f 3653/578/780 1072/585/780 3682/2656/780
f 5851/2655/780 3682/2656/780 1059/575/780
f 1059/575/780 3682/2656/780 5852/2657/780
f 3682/2656/780 1072/585/780 3656/584/780
f 3656/584/780 1073/591/780 3683/2658/780
f 5852/2657/780 3683/2658/780 1061/581/780
f 1061/581/780 3683/2658/780 5853/2659/784
f 3683/2658/780 1073/591/780 3659/590/780
f 3659/590/780 1074/597/781 3684/2660/780
f 5853/2659/784 3684/2660/780 1063/587/780
f 1063/587/780 3684/2660/780 5854/2661/780
f 3684/2660/780 1074/597/781 3662/596/780
f 3662/596/780 1075/603/780 3685/595/780
f 5854/2661/780 3685/595/780 1065/593/780
f 1065/593/780 3685/595/780 5855/598/780
f 3685/595/780 1075/603/780 3665/602/780
f 3665/602/780 1076/608/780 3686/2662/780
f 5855/598/780 3686/2662/780 1067/599/780
f 1067/599/780 3686/2662/780 5856/2663/780
f 3686/2662/780 1076/608/780 3668/607/780
f 3668/607/780 1077/3163/780 3687/2664/780
f 5856/2663/780 3687/2664/780 1069/558/780
f 3670/610/3636 5857/2666/3636 3669/2665/3633
f 1054/615/3619 3648/614/3619 5857/2666/3636
f 3648/614/3619 1070/3164/3619 3671/613/3636
f 3669/2665/3633 5857/2666/3636 3671/613/3636
f 1119/616/3637 3800/960/3641 5858/617/3638
f 3801/2668/3640 5858/617/3638 3800/960/3641
f 1125/619/3642 3783/2667/3639 5858/617/3638
f 3699/625/3623 5859/2670/3622 3677/624/3622
f 1092/630/3623 3693/629/3622 5859/2670/3622
f 3693/629/3622 1091/656/3621 3698/2671/3621
f 3677/624/3622 5859/2670/3622 3698/2671/3621
f 1063/631/3645 3701/633/3645 5860/2672/3636
f 1090/637/3619 3691/636/3636 5860/2672/3636
f 3691/636/3636 1089/662/3633 3700/2673/3633
f 3675/634/3636 5860/2672/3636 3700/2673/3633
f 1059/638/3647 3703/640/3631 5861/2674/3630
f 1088/644/3631 3689/643/3630 5861/2674/3630
f 5861/2674/3630 3689/643/3630 1086/668/3629
f 3673/641/3648 5861/2674/3630 3702/2675/3629
f 3696/571/3635 5862/2676/3624 3678/647/3624
f 3696/571/3635 1093/650/3635 3694/649/3624
f 5862/2676/3624 3694/649/3624 1092/648/3623
f 5862/2676/3624 3699/2677/3623 1067/646/3643
f 1065/651/3644 3698/2671/3621 5863/2678/3620
f 1091/656/3621 3692/655/3649 5863/2678/3620
f 3692/655/3649 1090/3166/3619 3701/654/3645
f 3676/653/3620 5863/2678/3620 3701/654/3645
f 1061/657/3646 3700/2673/3633 5864/2679/3632
f 1089/662/3633 3690/661/3632 5864/2679/3632
f 3690/661/3632 1088/3167/3631 3703/660/3631
f 3674/659/3632 5864/2679/3632 3703/660/3631
f 3702/2675/3629 5865/2681/3650 3672/663/3628
f 3702/2675/3629 1086/668/3629 3688/667/3650
f 3688/667/3650 1087/829/3634 3697/665/3634
f 5865/2681/3650 3697/665/3634 1055/828/3627
f 1079/669/3637 3712/2683/3653 5866/2682/3651
f 3712/2683/3653 1087/676/3653 3688/675/3651
f 3688/675/3651 1086/682/3654 3713/2684/3654
f 5866/2682/3651 3713/2684/3654 1078/672/3655
f 1078/672/3655 3713/2684/3654 5867/2685/3656
f 3713/2684/3654 1086/682/3654 3689/681/3656
f 3689/681/3656 1088/688/3658 3714/2686/3658
f 5867/2685/3656 3714/2686/3658 1080/678/3659
f 1080/678/3659 3714/2686/3658 5868/2687/3660
f 3714/2686/3658 1088/688/3658 3690/687/3660
f 3690/687/3660 1089/694/3662 3715/686/3662
f 5868/2687/3660 3715/686/3662 1081/684/3663
f 1081/684/3663 3715/686/3662 5869/689/3664
f 3715/686/3662 1089/694/3662 3691/693/3664
f 3691/693/3664 1090/700/3666 3716/2688/3666
f 5869/689/3664 3716/2688/3666 1082/690/3667
f 1082/690/3667 3716/2688/3666 5870/2689/3668
f 3716/2688/3666 1090/700/3666 3692/699/3668
f 3692/699/3668 1091/706/3670 3717/698/3670
f 5870/2689/3668 3717/698/3670 1083/696/3671
f 1083/696/3671 3717/698/3670 5871/2690/3672
f 3717/698/3670 1091/706/3670 3693/705/3672
f 3693/705/3672 1092/712/3674 3718/2691/3674
f 5871/2690/3672 3718/2691/3674 1084/702/3675
f 1084/702/3675 3718/2691/3674 5872/707/3676
f 3718/2691/3674 1092/712/3674 3694/711/3676
f 3694/711/3676 1093/716/3678 3719/2692/3678
f 5872/707/3676 3719/2692/3678 1085/708/3679
f 1085/708/3679 3719/2692/3678 5873/2693/3680
f 3719/2692/3678 1093/716/3678 3695/715/3680
f 3695/715/3680 1087/676/3653 3712/2683/3653
f 5873/2693/3680 3712/2683/3653 1079/669/3637
f 3720/504/3619 5874/2640/3620 3722/503/3620
f 1094/510/3619 3721/509/3620 5874/2640/3620
f 3721/509/3620 1096/508/3621 3723/506/3621
f 3722/503/3620 5874/2640/3620 3723/506/3621
f 1111/511/3621 3723/506/3621 5875/512/3622
f 3723/506/3621 1096/508/3621 3724/516/3622
f 5875/512/3622 3724/516/3622 1098/2641/3623
f 3725/514/3622 5875/512/3622 3726/515/3623
f 3726/718/3623 5876/2694/3624 3728/717/3624
f 1098/723/3623 3727/722/3624 5876/2694/3624
f 5876/2694/3624 3727/722/3624 1100/729/3625
f 3728/717/3624 5876/2694/3624 3729/2695/3625
f 1113/724/3625 3729/2695/3625 5877/2696/3626
f 3729/2695/3625 1100/729/3625 3730/728/3626
f 5877/2696/3626 3730/728/3626 1102/2697/3627
f 5877/2696/3626 3732/727/3627 1114/2698/3634
f 3732/531/3627 5878/2647/3628 3734/530/3628
f 1102/537/3627 3733/536/3628 5878/2647/3628
f 3733/536/3628 1104/543/3629 3735/535/3629
f 5878/2647/3628 3735/535/3629 1115/533/3629
f 1115/533/3629 3735/535/3629 5879/2648/3630
f 3735/535/3629 1104/543/3629 3736/542/3630
f 5879/2648/3630 3736/542/3630 1106/2699/3631
f 3737/540/3630 5879/2648/3630 3738/541/3631
f 3738/731/3631 5880/2700/3632 3740/730/3632
f 1106/737/3631 3739/736/3632 5880/2700/3632
f 3739/736/3632 1108/735/3633 3741/795/3633
f 5880/2700/3632 3741/795/3633 1117/2701/3633
f 1095/738/780 3751/740/780 5881/2702/780
f 1109/744/780 3759/2703/780 5881/2702/780
f 3759/2703/780 1117/3168/780 3743/742/780
f 3752/746/780 5881/2702/780 3743/742/780
f 1095/738/780 3752/2705/780 5882/2704/780
f 3752/2705/780 1110/751/784 3722/750/781
f 3722/750/781 1111/765/780 3753/2706/780
f 5882/2704/780 3753/2706/780 1097/747/780
f 3769/753/3627 5883/2707/3626 3751/752/3626
f 3769/753/3627 1127/759/3634 3767/758/3626
f 5883/2707/3626 3767/758/3626 1133/757/3635
f 5883/2707/3626 3768/2708/3625 1109/813/3681
f 1097/747/780 3753/2706/780 5884/2709/780
f 3753/2706/780 1111/765/780 3725/764/780
f 3725/764/780 1112/771/780 3754/763/780
f 5884/2709/780 3754/763/780 1099/761/780
f 1099/761/780 3754/763/780 5885/2710/780
f 3754/763/780 1112/771/780 3728/770/780
f 3728/770/780 1113/777/781 3755/2711/780
f 5885/2710/780 3755/2711/780 1101/767/780
f 1101/767/780 3755/2711/780 5886/772/780
f 3755/2711/780 1113/777/781 3731/776/780
f 5886/772/780 3731/776/780 1114/775/780
f 3747/773/780 5886/772/780 3756/2712/780
f 1103/778/780 3756/2712/780 5887/2713/780
f 3756/2712/780 1114/775/780 3734/783/780
f 5887/2713/780 3734/783/780 1115/782/780
f 3748/780/780 5887/2713/780 3757/781/780
f 3757/781/780 5888/2714/780 3749/784/783
f 1115/782/780 3737/789/785 5888/2714/780
f 3737/789/785 1116/794/780 3758/2715/780
f 5888/2714/780 3758/2715/780 1107/786/780
f 3758/2715/780 5889/2716/780 3750/790/780
f 1116/794/780 3740/793/780 5889/2716/780
f 3740/793/780 1117/3168/780 3759/743/780
f 5889/2716/780 3759/743/780 1109/744/780
f 1108/735/3633 3742/796/3636 5890/2717/3636
f 1094/801/3619 3720/800/3619 5890/2717/3636
f 3720/800/3619 1110/799/3619 3743/797/3636
f 5890/2717/3636 3743/797/3636 1117/2701/3633
f 1107/626/3682 3771/625/3685 5891/2719/3683
f 3771/625/3685 1132/630/3702 3765/629/3686
f 5891/2719/3683 3765/629/3686 1131/656/3687
f 3749/803/3684 5891/2719/3683 3770/2720/3688
f 3773/806/3690 5892/2721/3694 3747/805/3691
f 1130/812/3693 3763/811/3695 5892/2721/3694
f 3763/811/3695 1129/827/3633 3772/810/3633
f 5892/2721/3694 3772/810/3633 1101/808/3696
f 1099/638/3631 3775/640/3631 5893/2674/3630
f 1128/644/3631 3761/643/3630 5893/2674/3630
f 5893/2674/3630 3761/643/3630 1126/668/3697
f 3745/641/3648 5893/2674/3630 3774/2675/3629
f 1109/813/3681 3768/2708/3625 5894/2722/3699
f 3768/2708/3625 1133/757/3635 3766/818/3701
f 5894/2722/3699 3766/818/3701 1132/817/3702
f 3750/815/3700 5894/2722/3699 3771/816/3685
f 3770/2720/3688 5895/2724/3704 3748/819/3703
f 1131/656/3687 3764/655/3705 5895/2724/3704
f 3764/655/3705 1130/3166/3693 3773/654/3690
f 5895/2724/3704 3773/654/3690 1103/821/3692
f 1101/808/3696 3772/810/3633 5896/2725/3632
f 1129/827/3633 3762/826/3632 5896/2725/3632
f 3762/826/3632 1128/3169/3631 3775/825/3631
f 3746/824/3632 5896/2725/3632 3775/825/3631
f 3774/2675/3629 5897/2681/3628 3744/663/3628
f 3774/2675/3629 1126/668/3697 3760/667/3628
f 5897/2681/3628 3760/667/3628 1127/829/3634
f 5897/2681/3628 3769/665/3627 1095/828/3627
f 1119/830/3637 3784/832/3653 5898/831/3651
f 3784/832/3653 1127/837/3653 3760/836/3651
f 3760/836/3651 1126/843/3654 3785/2727/3654
f 5898/831/3651 3785/2727/3654 1118/833/3706
f 1118/833/3706 3785/2727/3654 5899/2728/3656
f 3785/2727/3654 1126/843/3654 3761/842/3656
f 3761/842/3656 1128/849/3658 3786/841/3658
f 5899/2728/3656 3786/841/3658 1120/839/3659
f 1120/839/3659 3786/841/3658 5900/2729/3660
f 3786/841/3658 1128/849/3658 3762/848/3660
f 3762/848/3660 1129/855/3662 3787/2730/3662
f 5900/2729/3660 3787/2730/3662 1121/845/3663
f 1121/845/3663 3787/2730/3662 5901/2731/3664
f 3787/2730/3662 1129/855/3662 3763/854/3664
f 3763/854/3664 1130/861/3666 3788/2732/3666
f 5901/2731/3664 3788/2732/3666 1122/851/3667
f 1122/851/3667 3788/2732/3666 5902/856/3668
f 3788/2732/3666 1130/861/3666 3764/860/3668
f 3764/860/3668 1131/867/5733 3789/859/3670
f 5902/856/3668 3789/859/3670 1123/857/3707
f 1123/857/3707 3789/859/3670 5903/2733/3672
f 3789/859/3670 1131/867/5733 3765/866/3672
f 3765/866/3672 1132/873/3674 3790/2734/3674
f 5903/2733/3672 3790/2734/3674 1124/863/3675
f 1124/863/3675 3790/2734/3674 5904/868/3676
f 3790/2734/3674 1132/873/3674 3766/872/3676
f 3766/872/3676 1133/877/3678 3791/2735/3678
f 5904/868/3676 3791/2735/3678 1125/869/3642
f 1125/869/3642 3791/2735/3678 5905/2736/3680
f 3791/2735/3678 1133/877/3678 3767/876/3680
f 3767/876/3680 1127/837/3653 3784/832/3653
f 5905/2736/3680 3784/832/3653 1119/830/3637
f 1079/878/3637 3792/883/3641 5906/879/3638
f 3793/2737/3708 5906/879/3638 3792/883/3641
f 1085/881/3679 3711/714/3639 5906/879/3638
f 1085/886/3679 3793/884/3708 5907/887/3709
f 3794/892/3710 5907/887/3709 3793/884/3708
f 1084/888/3675 3710/3224/3677 5907/887/3709
f 1084/888/3675 3794/892/3710 5908/891/3711
f 3795/898/3712 5908/891/3711 3794/890/3710
f 1083/893/3671 3709/894/3673 5908/891/3711
f 1083/893/3671 3795/898/3712 5909/897/3713
f 3796/2742/3714 5909/897/3713 3795/2743/3712
f 1082/899/3667 3708/2741/3669 5909/897/3713
f 1082/899/3667 3796/2744/3714 5910/903/3715
f 3797/2745/3716 5910/903/3715 3796/2746/3714
f 1081/905/3663 3707/906/3665 5910/903/3715
f 1081/908/3663 3797/910/3716 5911/909/3717
f 3798/2748/3718 5911/909/3717 3797/2745/3716
f 1080/911/3659 3706/3225/3661 5911/909/3717
f 1080/678/3659 3798/3226/3718 5912/914/3719
f 3799/2749/3720 5912/914/3719 3798/2750/3718
f 1078/916/3655 3705/917/3657 5912/914/3719
f 1078/916/3655 3799/3227/3720 5913/920/3721
f 3792/883/3641 5913/920/3721 3799/2749/3720
f 1079/878/3637 3704/2751/3652 5913/920/3721
f 1125/923/3642 3801/925/3640 5914/924/3709
f 3802/930/3710 5914/924/3709 3801/925/3640
f 1124/926/3675 3782/3228/3677 5914/924/3709
f 1124/926/3675 3802/928/3710 5915/929/3711
f 3803/939/3712 5915/929/3711 3802/2754/3710
f 1123/931/3707 3781/932/3673 5915/929/3711
f 1123/931/3707 3803/3229/3712 5916/935/3713
f 3804/2756/3714 5916/935/3713 3803/2757/3712
f 1122/937/3667 3780/2755/3669 5916/935/3713
f 1122/937/3667 3804/2758/3714 5917/941/3715
f 3805/945/3716 5917/941/3715 3804/942/3714
f 1121/943/3663 3779/2759/3665 5917/941/3715
f 1121/946/3663 3805/948/3716 5918/947/3717
f 3806/2761/3718 5918/947/3717 3805/945/3716
f 1120/949/3659 3778/3230/3661 5918/947/3717
f 1120/949/3659 3806/953/3718 5919/952/3719
f 3807/2763/3720 5919/952/3719 3806/2764/3718
f 1118/954/3706 3777/955/3657 5919/952/3719
f 1118/954/3706 3807/3231/3720 5920/957/3721
f 3800/621/3641 5920/957/3721 3807/2763/3720
f 1119/616/3637 3776/834/3652 5920/957/3721
f 3856/962/3722 5921/965/3726 3821/2766/3723
f 1162/968/3725 3855/967/3727 5921/965/3726
f 3855/967/3727 1161/1132/3860 3857/966/3728
f 5921/965/3726 3857/966/3728 1159/964/3729
f 1153/969/3730 3840/971/3733 5922/2767/3731
f 3840/971/3733 1137/976/3748 3808/2769/3734
f 5922/2767/3731 3808/2769/3734 1136/2770/3735
f 3833/2768/3732 5922/2767/3731 3841/973/3736
f 1152/977/3737 3841/973/3736 5923/2772/3738
f 3838/982/3740 5923/2772/3738 3841/2774/3736
f 1151/2776/3741 3832/3232/3739 5923/2772/3738
f 3853/984/3742 5924/2777/3745 3843/983/3743
f 1160/963/3724 3821/2766/3723 5924/2777/3745
f 3821/2766/3723 1159/964/3729 3854/988/3746
f 5924/2777/3745 3854/988/3746 1157/986/3747
f 1137/976/3748 3811/990/3750 5925/2778/3749
f 3811/990/3750 1139/994/3763 3809/2779/3751
f 5925/2778/3749 3809/2779/3751 1138/2780/3752
f 3808/2769/3734 5925/2778/3749 3812/2781/3753
f 1136/2782/3735 3812/2781/3753 5926/2783/3754
f 1138/2780/3752 3842/3233/3755 5926/2783/3754
f 3838/2784/3740 5926/2783/3754 3842/2786/3755
f 1156/1001/3756 3839/1003/3759 5927/2787/3757
f 1158/1008/3744 3843/1007/3743 5927/2787/3757
f 5927/2787/3757 3843/1007/3743 1157/1006/3747
f 3850/1004/3758 5927/2787/3757 3837/1005/3760
f 3814/1009/3762 5928/1010/3765 3809/2779/3751
f 1141/1013/3764 3813/2789/3766 5928/1010/3765
f 3813/2789/3766 1140/1036/3777 3815/1023/3767
f 5928/1010/3765 3815/1023/3767 1138/2780/3752
f 1139/1014/3768 3869/2790/3771 5929/1015/3769
f 3869/2790/3771 1155/1021/5734 3837/1020/3772
f 5929/1015/3769 3837/1020/3772 1157/1019/3773
f 3814/1017/3770 5929/1015/3769 3820/1018/3774
f 1138/2791/3752 3815/1011/3767 5930/1022/3776
f 1140/2792/3777 3844/1026/3778 5930/1022/3776
f 3842/1000/3755 5930/1022/3776 3844/1045/3778
f 1154/1027/3779 3847/1029/3782 5931/2794/3780
f 3847/1029/3782 1156/1034/3756 3850/1033/3758
f 5931/2794/3780 3850/1033/3758 1155/1032/3761
f 3852/1030/3781 5931/2794/3780 3845/1031/3783
f 3817/1035/3785 5932/2795/3787 3813/2789/3766
f 1143/1040/3786 3816/2796/3788 5932/2795/3787
f 3816/2796/3788 1142/2806/3790 3818/2797/3789
f 5932/2795/3787 3818/2797/3789 1140/1036/3777
f 3818/1042/3789 5933/2798/3791 3844/1024/3778
f 1142/1046/3790 3846/3234/3792 5933/2798/3791
f 1151/2776/3741 3844/1045/3778 5933/2798/3791
f 1164/1048/3793 3862/1050/3796 5934/2801/3794
f 3862/1050/3796 1166/1055/3820 3861/1054/3797
f 5934/2801/3794 3861/1054/3797 1165/1053/3798
f 3858/1051/3795 5934/2801/3794 3863/1052/3799
f 1143/1040/3786 3822/1057/3802 5935/2803/3801
f 3822/1057/3802 1145/1061/3826 3819/2804/3803
f 5935/2803/3801 3819/2804/3803 1144/1075/3804
f 3816/2796/3788 5935/2803/3801 3823/2805/3805
f 1148/1062/3806 3810/2808/3809 5936/2807/3807
f 3810/2808/3809 1163/1069/5735 3863/1068/3810
f 5936/2807/3807 3863/1068/3810 1165/1067/3811
f 3830/1065/3808 5936/2807/3807 3829/2809/3812
f 1142/1046/3790 3823/1058/3805 5937/2810/3814
f 3848/2811/3815 5937/2810/3814 3823/1073/3805
f 1151/2776/3741 3846/1072/3792 5937/2810/3814
f 1144/1075/3804 3826/3235/3818 5938/2812/3816
f 1147/2813/3817 3849/1079/3819 5938/2812/3816
f 3848/2811/3815 5938/2812/3816 3849/2815/3819
f 1166/1083/3820 3865/1085/3822 5939/2816/3821
f 3865/1085/3822 1168/1090/3840 3864/2817/3823
f 5939/2816/3821 3864/2817/3823 1167/1088/3824
f 3861/1086/3797 5939/2816/3821 3866/1087/3825
f 1145/1061/3826 3827/1092/3828 5940/2819/3827
f 3827/1092/3828 1148/1096/3845 3824/2820/3829
f 5940/2819/3827 3824/2820/3829 1147/2821/3817
f 3819/2804/3803 5940/2819/3827 3826/1093/3818
f 1141/1097/3775 3820/1018/3774 5941/2822/3830
f 3820/1018/3774 1157/1019/3773 3854/1102/3832
f 5941/2822/3830 3854/1102/3832 1159/1101/3833
f 3817/1099/3831 5941/2822/3830 3825/1100/3834
f 1147/2824/3817 3831/3183/3838 5942/2825/3836
f 1149/1108/3837 3851/3236/3839 5942/2825/3836
f 3849/2826/3819 5942/2825/3836 3851/2827/3839
f 1168/1090/3840 3867/1111/3842 5943/1110/3841
f 3867/1111/3842 1154/1027/3779 3852/1030/3781
f 5943/1110/3841 3852/1030/3781 1146/1113/3784
f 3864/2817/3823 5943/1110/3841 3868/1112/3843
f 3830/1114/3844 5944/2828/3847 3824/2820/3829
f 1150/1118/3846 3828/1117/3848 5944/2828/3847
f 3828/1117/3848 1149/2840/3837 3831/2829/3838
f 5944/2828/3847 3831/2829/3838 1147/2821/3817
f 1150/1119/3813 3829/2809/3812 5945/2830/3849
f 3829/2809/3812 1165/1067/3811 3866/1124/3851
f 5945/2830/3849 3866/1124/3851 1167/1123/3852
f 3835/1121/3850 5945/2830/3849 3834/1122/3853
f 3836/1140/3855 5946/2835/3856 3851/2832/3839
f 1152/2834/3737 3832/2773/3739 5946/2835/3856
f 1151/2776/3741 3851/3237/3839 5946/2835/3856
f 3859/1131/3857 5947/2838/3858 3855/967/3727
f 1164/1136/3793 3858/1135/3795 5947/2838/3858
f 3858/1135/3795 1163/3185/3800 3860/1134/3859
f 5947/2838/3858 3860/1134/3859 1161/1132/3860
f 3835/1137/3861 5948/1139/3862 3828/1117/3848
f 1153/969/3730 3833/2768/3732 5948/1139/3862
f 3833/2768/3732 1152/2771/3737 3836/2839/3855
f 5948/1139/3862 3836/2839/3855 1149/2840/3837
f 3870/1142/3863 5949/1144/3867 3827/1141/3864
f 1161/1146/3866 3860/1145/3868 5949/1144/3867
f 3860/1145/3868 1163/1069/5735 3810/2808/3809
f 5949/1144/3867 3810/2808/3809 1148/1062/3806
f 3871/2841/3869 5950/2842/3873 3811/1147/3870
f 1146/1152/3872 3845/1151/3874 5950/2842/3873
f 3845/1151/3874 1155/1021/5734 3869/2790/3771
f 5950/2842/3873 3869/2790/3771 1139/1014/3768
f 3834/1154/3853 5951/2843/3876 3840/1153/3875
f 1167/1158/3852 3868/1157/3877 5951/2843/3876
f 3868/1157/3877 1146/1152/3872 3871/2841/3869
f 5951/2843/3876 3871/2841/3869 1137/1149/3871
f 3825/1160/3834 5952/2844/3879 3822/1159/3878
f 1159/1165/3833 3857/966/3880 5952/2844/3879
f 3857/966/3880 1161/3186/3866 3870/1164/3863
f 5952/2844/3879 3870/1164/3863 1145/1162/3865
f 3920/1167/3881 5953/2845/3885 3885/1166/3882
f 1195/1173/3884 3919/2846/3886 5953/2845/3885
f 3919/2846/3886 1194/1328/4019 3921/1171/3887
f 5953/2845/3885 3921/1171/3887 1192/1169/3888
f 1186/1174/3889 3904/1176/3892 5954/1175/3890
f 3904/1176/3892 1170/1181/3907 3872/1180/3893
f 5954/1175/3890 3872/1180/3893 1169/1201/3894
f 3897/1177/3891 5954/1175/3890 3905/2847/3895
f 1185/1182/3896 3905/1178/3895 5955/1183/3897
f 3902/2850/3899 5955/1183/3897 3905/1187/3895
f 1184/2852/3900 3896/1186/3898 5955/1183/3897
f 1191/1190/3901 3917/1192/3904 5956/2854/3902
f 1193/1168/3883 3885/1166/3882 5956/2854/3902
f 3885/1166/3882 1192/1169/3888 3918/1194/3905
f 3907/2855/3903 5956/2854/3902 3918/1194/3905
f 1170/1181/3907 3875/1196/3909 5957/2856/3908
f 3875/1196/3909 1172/1200/3922 3873/2857/3910
f 5957/2856/3908 3873/2857/3910 1171/2858/3911
f 3872/1180/3893 5957/2856/3908 3876/2859/3912
f 1169/2851/3894 3876/3238/3912 5958/2860/3913
f 3906/2862/3914 5958/2860/3913 3876/1197/3912
f 3902/2861/3899 5958/2860/3913 3906/2863/3914
f 1189/1207/3915 3903/1209/3918 5959/2864/3916
f 3903/1209/3918 1191/1190/3901 3907/2855/3903
f 5959/2864/3916 3907/2855/3903 1190/1212/3906
f 3914/1210/3917 5959/2864/3916 3901/1211/3919
f 3878/1213/3921 5960/2865/3924 3873/2857/3910
f 1174/1217/3923 3877/1216/3925 5960/2865/3924
f 3877/1216/3925 1173/1245/3936 3879/2866/3926
f 5960/2865/3924 3879/2866/3926 1171/2858/3911
f 1172/1218/3927 3933/2868/3930 5961/2867/3928
f 3933/2868/3930 1188/1225/5736 3901/1224/3931
f 5961/2867/3928 3901/1224/3931 1190/1223/3932
f 3878/1221/3929 5961/2867/3928 3884/1222/3933
f 1171/1206/3911 3879/2866/3926 5962/2870/3935
f 1173/2872/3936 3908/3239/3937 5962/2870/3935
f 3906/1203/3914 5962/2870/3935 3908/1247/3937
f 1187/1231/3938 3911/1233/3941 5963/2874/3939
f 3911/1233/3941 1189/1207/3915 3914/1210/3917
f 5963/2874/3939 3914/1210/3917 1188/1236/3920
f 3916/2875/3940 5963/2874/3939 3909/1235/3942
f 3881/1237/3944 5964/1239/3946 3877/1216/3925
f 1176/1242/3945 3880/1241/3947 5964/1239/3946
f 3880/1241/3947 1175/1248/3949 3882/1240/3948
f 5964/1239/3946 3882/1240/3948 1173/1245/3936
f 3882/2876/3948 5965/2878/3950 3908/1228/3937
f 1175/2877/3949 3910/1274/3951 5965/2878/3950
f 1184/2852/3900 3908/1230/3937 5965/2878/3950
f 3926/1251/3952 5966/2881/3956 3922/1250/3953
f 3926/1251/3952 1199/1257/3979 3925/2880/3955
f 5966/2881/3956 3925/2880/3955 1198/1255/3957
f 5966/2881/3956 3927/2882/3958 1196/1253/3959
f 1176/1242/3945 3886/1259/3961 5967/1258/3960
f 3886/1259/3961 1178/1263/3985 3883/2883/3962
f 5967/1258/3960 3883/2883/3962 1177/2884/3963
f 3880/1241/3947 5967/1258/3960 3887/2885/3964
f 1181/1264/3965 3874/2886/3968 5968/1265/3966
f 3874/2886/3968 1196/1271/5737 3927/1270/3969
f 5968/1265/3966 3927/1270/3969 1198/1269/3970
f 3894/1267/3967 5968/1265/3966 3893/2887/3971
f 1175/2888/3949 3887/2885/3964 5969/2889/3973
f 3912/2890/3974 5969/2889/3973 3887/1273/3964
f 1184/2852/3900 3910/1274/3951 5969/2889/3973
f 1177/1276/3963 3890/3240/3977 5970/1277/3975
f 3913/2893/3976 5970/1277/3975 3890/1278/3977
f 3912/2895/3974 5970/1277/3975 3913/2893/3976
f 1199/1257/3979 3929/1283/3981 5971/2896/3980
f 3929/1283/3981 1201/1287/3999 3928/1286/3982
f 5971/2896/3980 3928/1286/3982 1200/1285/3983
f 3925/2880/3955 5971/2896/3980 3930/1284/3984
f 1178/1263/3985 3891/1289/3987 5972/1288/3986
f 3891/1289/3987 1181/1293/4004 3888/2897/3988
f 5972/1288/3986 3888/2897/3988 1180/1300/3978
f 3883/2883/3962 5972/1288/3986 3890/1290/3977
f 1174/1294/3934 3884/1296/3933 5973/1295/3989
f 3884/1296/3933 1190/1299/3932 3918/1194/3991
f 5973/1295/3989 3918/1194/3991 1192/1169/3992
f 3881/1297/3990 5973/1295/3989 3889/2898/3993
f 1180/1300/3978 3895/2901/3997 5974/1301/3995
f 1182/2900/3996 3915/1303/3998 5974/1301/3995
f 3913/2902/3976 5974/1301/3995 3915/1303/3998
f 1201/1287/3999 3931/1308/4001 5975/2903/4000
f 3931/1308/4001 1187/1231/3938 3916/2875/3940
f 5975/2903/4000 3916/2875/3940 1179/1310/3943
f 3928/1286/3982 5975/2903/4000 3932/1309/4002
f 3894/1311/4003 5976/2904/4006 3888/2897/3988
f 1183/1315/4005 3892/1314/4007 5976/2904/4006
f 3892/1314/4007 1182/1324/3996 3895/1313/3997
f 5976/2904/4006 3895/1313/3997 1180/1300/3978
f 1183/1316/3972 3893/2887/3971 5977/2905/4008
f 3893/2887/3971 1198/1269/3970 3930/1321/4010
f 5977/2905/4008 3930/1321/4010 1200/1320/4011
f 3899/1318/4009 5977/2905/4008 3898/1319/4012
f 3900/2907/4014 5978/1325/4015 3915/2908/3998
f 1185/2909/3896 3896/2849/3898 5978/1325/4015
f 1184/2852/3900 3915/2908/3998 5978/1325/4015
f 3923/1327/4016 5979/2912/4017 3919/2846/3886
f 1197/1252/3954 3922/1250/3953 5979/2912/4017
f 3922/1250/3953 1196/1253/3959 3924/1330/4018
f 5979/2912/4017 3924/1330/4018 1194/1328/4019
f 3899/1331/4020 5980/1333/4021 3892/1314/4007
f 1186/1174/3889 3897/1177/3891 5980/1333/4021
f 3897/1177/3891 1185/2848/3896 3900/1334/4014
f 5980/1333/4021 3900/1334/4014 1182/1324/3996
f 3934/1336/4022 5981/2913/4026 3891/1335/4023
f 1194/1340/4025 3924/1339/4027 5981/2913/4026
f 3924/1339/4027 1196/1271/5737 3874/2886/3968
f 5981/2913/4026 3874/2886/3968 1181/1264/3965
f 3935/2914/4028 5982/1344/4032 3875/1341/4029
f 1179/1346/4031 3909/1345/4033 5982/1344/4032
f 3909/1345/4033 1188/1225/5736 3933/2868/3930
f 5982/1344/4032 3933/2868/3930 1172/1218/3927
f 3898/1348/4012 5983/2915/4035 3904/1347/4034
f 1200/1352/4011 3932/1351/4036 5983/2915/4035
f 3932/1351/4036 1179/1346/4031 3935/2914/4028
f 5983/2915/4035 3935/2914/4028 1170/1343/4030
f 3889/2898/3993 5984/2916/4038 3886/1353/4037
f 1192/1169/3992 3921/1171/4039 5984/2916/4038
f 3921/1171/4039 1194/3195/4025 3934/1357/4022
f 5984/2916/4038 3934/1357/4022 1178/1355/4024
f 1202/4/4040 3940/4/4043 5985/4/4041
f 3940/4/4043 1204/4/5738 3939/4/4044
f 3939/4/4044 1205/4/4555 3941/4/4045
f 3937/4/4042 5985/4/4041 3941/4/4045
f 4275/1358/4047 5986/1360/1200 3936/1358/1200
f 1395/1359/4047 3938/1358/1200 5986/1360/1200
f 3938/1358/1200 358/1860/1200 2337/1361/1200
f 5986/1360/1200 2337/1361/1200 355/1358/1200
f 3943/4/4048 5987/4/4052 3945/4/4049
f 3943/4/4048 1206/4/5739 3944/4/4051
f 5987/4/4052 3944/4/4051 1202/4/4053
f 3945/4/4049 5987/4/4052 3937/4/4054
f 1394/1362/1210 4274/1362/1210 5988/1363/4056
f 4274/1362/1210 1396/1362/1210 4273/1362/4056
f 5988/1363/4056 4273/1362/4056 1207/1362/4050
f 4271/1362/4057 5988/1363/4056 3945/1362/4049
f 1208/4/4040 3950/4/4043 5989/4/4041
f 3950/4/4043 1210/4/5738 3949/4/4044
f 3949/4/4044 1211/4/4555 3951/4/4045
f 3947/4/4042 5989/4/4041 3951/4/4045
f 4270/1358/4047 5990/1360/1200 3946/1358/1200
f 1392/1359/4047 3948/1358/1200 5990/1360/1200
f 3948/1358/1200 367/1860/1200 2349/1361/1200
f 5990/1360/1200 2349/1361/1200 364/1358/1200
f 3953/4/4048 5991/4/4052 3955/4/4049
f 3953/4/4048 1212/4/5739 3954/4/4051
f 5991/4/4052 3954/4/4051 1208/4/4053
f 3955/4/4049 5991/4/4052 3947/4/4054
f 1391/1362/1210 4269/1362/1210 5992/1363/4056
f 4269/1362/1210 1393/1362/1210 4268/1362/4058
f 5992/1363/4056 4268/1362/4058 1213/1362/4050
f 4266/1362/4057 5992/1363/4056 3955/1362/4049
f 1214/4/4059 3960/4/4043 5993/4/4041
f 3960/4/4043 1216/4/5738 3959/4/4044
f 3959/4/4044 1217/4/4555 3961/4/4045
f 3957/4/4042 5993/4/4041 3961/4/4045
f 4265/1358/4047 5994/1360/1200 3956/1358/1200
f 1389/1359/4047 3958/1358/1200 5994/1360/1200
f 3958/1358/1200 376/1860/1200 2361/1361/1200
f 5994/1360/1200 2361/1361/1200 373/1358/1200
f 3963/4/4048 5995/4/4052 3965/4/4049
f 3963/4/4048 1218/4/5739 3964/4/4051
f 5995/4/4052 3964/4/4051 1214/4/4053
f 3965/4/4049 5995/4/4052 3957/4/4054
f 1388/1362/1210 4264/1362/1210 5996/1363/4056
f 4264/1362/1210 1390/1362/1210 4263/1362/4058
f 5996/1363/4056 4263/1362/4058 1219/1362/4050
f 4261/1362/4057 5996/1363/4056 3965/1362/4049
f 1220/4/4059 3970/4/4043 5997/4/4041
f 3970/4/4043 1222/4/5738 3969/4/4044
f 3969/4/4044 1223/4/4555 3971/4/4060
f 3967/4/4042 5997/4/4041 3971/4/4060
f 4260/1358/4047 5998/1360/1200 3966/1358/1200
f 1386/1359/4047 3968/1358/1200 5998/1360/1200
f 3968/1358/1200 385/1860/1200 2373/1361/1200
f 5998/1360/1200 2373/1361/1200 382/1358/1200
f 3973/4/4048 5999/4/4052 3975/4/4049
f 3973/4/4048 1224/4/5739 3974/4/4051
f 5999/4/4052 3974/4/4051 1220/4/4053
f 3975/4/4049 5999/4/4052 3967/4/4054
f 1385/1362/1210 4259/1362/1210 6000/1363/4056
f 4259/1362/1210 1387/1362/1210 4258/1362/4056
f 6000/1363/4056 4258/1362/4056 1225/1362/4050
f 4256/1362/4057 6000/1363/4056 3975/1362/4049
f 3263/1365/1216 6001/2917/4062 4715/1364/4061
f 402/1371/1222 3988/1370/4063 6001/2917/4062
f 3988/1370/4063 1384/1448/4068 4831/1369/4064
f 6001/2917/4062 4831/1369/4064 1655/1367/4065
f 1227/74/3322 3976/1373/3466 6002/2918/4066
f 3981/1376/4067 6002/2918/4066 3976/2919/3466
f 1226/1374/3315 3987/1375/3317 6002/2918/4066
f 1384/1377/4068 4235/2922/4071 6003/2921/4069
f 4235/2922/4071 1382/1384/4502 4229/1383/4072
f 6003/2921/4069 4229/1383/4072 993/1382/3470
f 4231/1380/4070 6003/2921/4069 3540/2423/3469
f 968/1385/4073 3989/1387/4076 6004/1386/4074
f 3989/1387/4076 1228/1392/4086 4472/1391/4077
f 6004/1386/4074 4472/1391/4077 929/1390/4078
f 3977/1388/4075 6004/1386/4074 4475/1389/4079
f 1381/1393/4081 4234/1395/4084 6005/1394/4082
f 4234/1395/4084 1363/1398/4499 3458/1397/4085
f 6005/1394/4082 3458/1397/4085 1228/1392/4086
f 3978/1396/4083 6005/1394/4082 3989/1387/4076
f 3990/1400/4087 6006/2923/4091 3979/1399/4088
f 1230/1406/4090 3484/1405/4092 6006/2923/4091
f 3484/1405/4092 1229/1434/5740 3991/1404/4093
f 6006/2923/4091 3991/1404/4093 996/1402/4094
f 4233/1408/4095 6007/2924/4099 4229/1407/4096
f 1374/1414/4098 4222/1413/4100 6007/2924/4099
f 4222/1413/4100 1231/1424/4109 3992/2925/4101
f 6007/2924/4099 3992/2925/4101 993/1410/4102
f 990/1415/4103 3993/1417/4106 6008/2926/4104
f 3993/1417/4106 1232/1420/5741 4476/1419/4107
f 4476/1419/4107 885/51/5728 4477/46/3318
f 6008/2926/4104 4477/46/3318 1226/44/3315
f 3992/2925/4101 6009/2927/4110 3982/1421/4108
f 1231/1424/4109 3508/1423/4111 6009/2927/4110
f 3508/1423/4111 1232/1420/5741 3993/1417/4106
f 6009/2927/4110 3993/1417/4106 990/1415/4103
f 906/1425/4080 4475/1389/4079 6010/1426/4112
f 4475/1389/4079 929/1390/4078 4474/1428/4114
f 6010/1426/4112 4474/1428/4114 1230/1406/4090
f 3983/1427/4113 6010/1426/4112 3990/1400/4087
f 996/1402/4094 3991/1404/4093 6011/2928/4115
f 3991/1404/4093 1229/1434/5740 3516/1433/4117
f 6011/2928/4115 3516/1433/4117 1233/1432/4118
f 3984/1430/4116 6011/2928/4115 3994/2929/4119
f 1383/1435/4121 4232/1437/4124 6012/2930/4122
f 4232/1437/4124 1375/1442/4492 3517/1441/4125
f 3517/1441/4125 133/3196/1287 2400/1440/1287
f 6012/2930/4122 2400/1440/1287 400/1438/1285
f 4831/1369/4064 6013/2931/4127 4607/1443/4126
f 1384/1448/4068 4231/1447/4070 6013/2931/4127
f 4231/1447/4070 1239/2090/3468 4828/2932/4128
f 6013/2931/4127 4828/2932/4128 1581/1444/4129
f 3996/1449/4130 6014/1449/4134 4280/1449/4131
f 1241/1449/4133 4000/1449/4135 6014/1449/4134
f 4000/1449/4135 1243/1449/4141 3998/1449/4136
f 6014/1449/4134 3998/1449/4136 1398/1449/4137
f 3995/1450/4138 6015/1451/4139 4000/1450/4135
f 410/1450/1307 2407/1451/1306 6015/1451/4139
f 2407/1451/1306 413/2933/5656 3997/1450/4140
f 6015/1451/4139 3997/1450/4140 1243/1451/4141
f 4279/4/4142 6016/4/4146 4002/4/4143
f 4279/4/4142 1397/4/5742 4276/4/4145
f 6016/4/4146 4276/4/4145 1240/4/4147
f 4002/4/4143 6016/4/4146 4003/4/4148
f 410/1450/1316 3995/1450/4151 6017/1451/4150
f 3995/1450/4151 1241/1451/4558 4004/1450/4152
f 6017/1451/4150 4004/1450/4152 1245/1451/4153
f 2412/1451/1316 6017/1451/4150 4001/1450/4154
f 4006/1449/4130 6018/1449/4134 4285/1449/4131
f 1247/1449/4133 4010/1449/4135 6018/1449/4134
f 4010/1449/4135 1249/1449/4141 4008/1449/4136
f 6018/1449/4134 4008/1449/4136 1401/1449/4137
f 4005/1450/4138 6019/1451/4139 4010/1450/4135
f 419/1450/1307 2419/1451/1306 6019/1451/4139
f 2419/1451/1306 422/2933/5656 4007/1450/4140
f 6019/1451/4139 4007/1450/4140 1249/1451/4141
f 4284/4/4142 6020/4/4146 4012/4/4143
f 4284/4/4142 1400/4/5742 4281/4/4145
f 6020/4/4146 4281/4/4145 1246/4/4147
f 4012/4/4143 6020/4/4146 4013/4/4148
f 419/1450/1316 4005/1450/4151 6021/1451/4150
f 4005/1450/4151 1247/1451/4558 4014/1450/4152
f 6021/1451/4150 4014/1450/4152 1251/1451/4153
f 2424/1451/1316 6021/1451/4150 4011/1450/4154
f 4016/1449/4155 6022/1449/4159 4290/1449/4156
f 1253/1449/4158 4020/1449/4160 6022/1449/4159
f 4020/1449/4160 1255/1449/4165 4018/1449/4161
f 6022/1449/4159 4018/1449/4161 1404/1449/4162
f 4015/1450/4163 6023/1451/4164 4020/1450/4160
f 428/1450/1335 2431/1451/1334 6023/1451/4164
f 2431/1451/1334 431/2933/1334 4017/1450/4164
f 6023/1451/4164 4017/1450/4164 1255/1451/4165
f 4289/4/4142 6024/4/4146 4022/4/4143
f 4289/4/4142 1403/4/5742 4286/4/4145
f 6024/4/4146 4286/4/4145 1252/4/4147
f 4022/4/4143 6024/4/4146 4023/4/4148
f 428/1450/1316 4015/1450/4151 6025/1451/4150
f 4015/1450/4151 1253/1451/4558 4024/1450/4152
f 6025/1451/4150 4024/1450/4152 1257/1451/4153
f 2436/1451/1316 6025/1451/4150 4021/1450/4154
f 4026/1449/4155 6026/1449/4159 4295/1449/4156
f 1259/1449/4158 4030/1449/4160 6026/1449/4159
f 4030/1449/4160 1261/1449/4165 4028/1449/4161
f 6026/1449/4159 4028/1449/4161 1407/1449/4162
f 4025/1450/4163 6027/1451/4164 4030/1450/4160
f 437/1450/1335 2443/1451/1334 6027/1451/4164
f 2443/1451/1334 440/2933/1334 4027/1450/4164
f 6027/1451/4164 4027/1450/4164 1261/1451/4165
f 4294/4/4142 6028/4/4146 4032/4/4143
f 4294/4/4142 1406/4/5742 4291/4/4145
f 6028/4/4146 4291/4/4145 1258/4/4147
f 4032/4/4143 6028/4/4146 4033/4/4148
f 437/1450/1316 4025/1450/4151 6029/1451/4150
f 4025/1450/4151 1259/1451/4558 4034/1450/4152
f 6029/1451/4150 4034/1450/4152 1263/1451/4153
f 2448/1451/1316 6029/1451/4150 4031/1450/4154
f 4036/1449/4166 6030/1449/4161 4300/1449/4156
f 1265/1449/4158 4040/1449/4160 6030/1449/4161
f 4040/1449/4160 1267/1449/4165 4038/1449/4167
f 6030/1449/4161 4038/1449/4167 1410/1449/4168
f 4035/1450/4163 6031/1451/4164 4040/1450/4160
f 446/1450/1335 2455/1451/1334 6031/1451/4164
f 2455/1451/1334 449/2933/1334 4037/1450/4164
f 6031/1451/4164 4037/1450/4164 1267/1451/4165
f 4299/4/4142 6032/4/4172 4042/4/4169
f 4299/4/4142 1409/4/5743 4296/4/4171
f 6032/4/4172 4296/4/4171 1264/4/4147
f 4042/4/4169 6032/4/4172 4043/4/4173
f 446/1450/1316 4035/1450/4151 6033/1451/4150
f 4035/1450/4151 1265/1451/4558 4044/1450/4174
f 6033/1451/4150 4044/1450/4174 1269/1451/4175
f 2460/1451/1316 6033/1451/4150 4041/1450/4154
f 4058/1454/4176 6034/2934/4179 4068/1453/4177
f 1298/1460/4176 4084/1459/4179 6034/2934/4179
f 4084/1459/4179 1299/3197/4180 4093/1458/4180
f 6034/2934/4179 4093/1458/4180 1281/1456/4181
f 4092/1462/4182 6035/1465/4183 4070/1461/4183
f 1302/1468/4182 4086/1467/4183 6035/1465/4183
f 4086/1467/4183 1300/3198/4185 4091/1466/4185
f 6035/1465/4183 4091/1466/4185 1278/1464/4186
f 4056/1470/4187 6036/1473/4188 4072/1469/4188
f 1301/1476/4187 4088/1475/4188 6036/1473/4188
f 4088/1475/4188 1298/3199/4176 4058/1474/4176
f 6036/1473/4188 4058/1474/4176 1280/1472/4178
f 4062/1478/4190 6037/1657/4191 4049/1477/4191
f 1284/1484/4193 4045/1483/4191 6037/1657/4191
f 4045/1483/4191 1285/3200/5744 4061/1482/4194
f 6037/1657/4191 4061/1482/4194 1274/1480/4195
f 4064/1486/4196 6038/1489/4197 4047/1485/4197
f 1288/1492/4199 4053/1491/4197 6038/1489/4197
f 4053/1491/4197 1286/3201/4220 4063/1490/4200
f 6038/1489/4197 4063/1490/4200 1272/1488/4201
f 1277/1493/4202 4065/1495/4205 6039/2935/4203
f 4065/1495/4205 1283/1500/5745 4060/1499/4206
f 6039/2935/4203 4060/1499/4206 1288/1498/4199
f 4054/1496/4204 6039/2935/4203 4064/1497/4196
f 4066/2937/4207 6040/2938/4211 4052/1501/4208
f 1289/1508/4210 4059/1507/4212 6040/2938/4211
f 4059/1507/4212 1283/3202/5745 4065/1506/4205
f 6040/2938/4211 4065/1506/4205 1277/1504/4202
f 1271/1509/4213 4067/1511/4215 6041/1510/4214
f 4067/1511/4215 1287/1516/5746 4057/1515/4214
f 6041/1510/4214 4057/1515/4214 1284/1514/4193
f 4051/1512/4214 6041/1510/4214 4062/1513/4190
f 1274/1517/4195 4061/1519/4194 6042/2940/4216
f 4061/1519/4194 1285/1522/5744 4055/1521/4218
f 4055/1521/4218 1289/1508/4210 4066/2937/4207
f 6042/2940/4216 4066/2937/4207 1276/1503/4209
f 4063/1524/4200 6043/1527/4219 4048/1523/4219
f 1286/1530/4220 4046/1529/4219 6043/1527/4219
f 4046/1529/4219 1287/3203/5746 4067/1528/4215
f 6043/1527/4219 4067/1528/4215 1271/1526/4213
f 1281/1531/4221 4075/1533/4224 6044/1532/4222
f 4075/1533/4224 1285/1538/5747 4045/1537/4225
f 4045/1537/4225 1284/1563/5748 4076/1536/1400
f 6044/1532/4222 4076/1536/1400 1280/1534/4226
f 4077/1540/4227 6045/2941/4231 4069/1539/4228
f 1287/1546/4230 4046/1545/4232 6045/2941/4231
f 4046/1545/4232 1286/1552/5749 4078/1544/4233
f 6045/2941/4231 4078/1544/4233 1278/1542/4234
f 1278/1542/4234 4078/1544/4233 6046/1547/4235
f 4078/1544/4233 1286/1552/5749 4053/1551/4237
f 4053/1551/4237 1288/1574/5750 4079/1550/4238
f 6046/1547/4235 4079/1550/4238 1270/1548/4239
f 4080/2942/4240 6047/1556/4244 4071/1553/4241
f 1289/1559/4243 4055/1558/4245 6047/1556/4244
f 4055/1558/4245 1285/1538/5747 4075/1557/4224
f 6047/1556/4244 4075/1557/4224 1281/1531/4221
f 1280/1534/4226 4076/1536/1400 6048/1560/4246
f 4076/1536/1400 1284/1563/5748 4057/1562/4248
f 6048/1560/4246 4057/1562/4248 1287/1546/4230
f 4072/1561/4247 6048/1560/4246 4077/1540/4227
f 1290/1564/4249 4081/2943/4252 6049/1565/4250
f 4081/2943/4252 1283/1569/4257 4059/1568/4253
f 6049/1565/4250 4059/1568/4253 1289/1559/4243
f 4073/1567/4251 6049/1565/4250 4080/2942/4240
f 1270/1548/4239 4079/1571/4238 6050/1570/4254
f 4079/1571/4238 1288/1574/5750 4060/1573/4256
f 6050/1570/4254 4060/1573/4256 1283/1569/4257
f 4074/1572/4255 6050/1570/4254 4081/2943/4252
f 4082/1576/4258 6051/1579/4262 4100/1575/4259
f 1303/1582/4261 4099/1581/4263 6051/1579/4262
f 4099/1581/4263 1295/1624/5751 4096/1580/4264
f 6051/1579/4262 4096/1580/4264 1294/1578/4265
f 4098/1584/4266 6052/2944/4270 4097/1583/4267
f 4098/1584/4266 1297/1589/5752 4102/1588/4269
f 4102/1588/4269 1304/1648/4274 4083/1593/4271
f 6052/2944/4270 4083/1593/4271 1291/1577/4260
f 4082/1576/4258 6053/2946/4273 4101/2945/4272
f 1291/1577/4260 4083/1593/4271 6053/2946/4273
f 1304/1591/4274 4101/2945/4272 6053/2946/4273
f 1282/1594/4275 4095/1596/4278 6054/2948/4276
f 4095/1596/4278 1292/1601/4278 4089/1600/4276
f 6054/2948/4276 4089/1600/4276 1293/1599/4279
f 4073/1597/4277 6054/2948/4276 4094/1598/4279
f 4093/1603/4180 6055/2950/4281 4071/1602/4281
f 1299/1607/4180 4087/1606/4281 6055/2950/4281
f 6055/2950/4281 4087/1606/4281 1292/1601/4278
f 4071/1602/4281 6055/2950/4281 4095/1596/4278
f 1278/1608/4186 4091/1610/4185 6056/1609/4282
f 4091/1610/4185 1300/1615/4185 4085/1614/4282
f 6056/1609/4282 4085/1614/4282 1301/1613/4187
f 4069/1611/4282 6056/1609/4282 4056/1612/4187
f 1290/1616/4280 4094/1618/4279 6057/2952/4283
f 4094/1618/4279 1293/1623/4279 4090/1622/4283
f 6057/2952/4283 4090/1622/4283 1302/1621/4182
f 4074/1619/4284 6057/2952/4283 4092/1620/4182
f 1295/1624/4285 4103/1626/4288 6058/2954/4286
f 4103/1626/4288 1299/1629/5753 4084/1628/4289
f 4084/1628/4289 1298/1647/5754 4104/1627/4290
f 6058/2954/4286 4104/1627/4290 1294/1578/4291
f 4105/1630/4292 6059/2955/4296 4097/1583/4293
f 1301/1635/4295 4085/1634/4297 6059/2955/4296
f 4085/1634/4297 1300/1639/5755 4106/1633/4298
f 6059/2955/4296 4106/1633/4298 1296/1585/4299
f 1296/1585/4300 4106/1633/4303 6060/2956/4301
f 4106/1633/4303 1300/1639/5756 4086/1638/4304
f 4086/1638/4304 1302/1656/5757 4107/1637/4305
f 6060/2956/4301 4107/1637/4305 1297/1589/4306
f 4108/2957/4307 6061/2958/4311 4099/1581/4308
f 1292/1643/4310 4087/1642/4312 6061/2958/4311
f 4087/1642/4312 1299/1629/5758 4103/1626/4313
f 6061/2958/4311 4103/1626/4313 1295/1624/4314
f 1294/1578/4315 4104/1627/4318 6062/2959/4316
f 4104/1627/4318 1298/1647/5759 4088/1646/4319
f 6062/2959/4316 4088/1646/4319 1301/1635/4320
f 4100/1645/4317 6062/2959/4316 4105/1630/4321
f 1304/1648/4323 4109/1650/4326 6063/2960/4324
f 4109/1650/4326 1293/1653/4333 4089/1652/4327
f 6063/2960/4324 4089/1652/4327 1292/1643/4310
f 4101/1651/4325 6063/2960/4324 4108/2957/4307
f 1297/1589/4328 4107/1637/4331 6064/2961/4329
f 4107/1637/4331 1302/1656/5760 4090/1655/4332
f 6064/2961/4329 4090/1655/4332 1293/1653/4333
f 4102/1588/4330 6064/2961/4329 4109/1650/4326
f 4111/1477/4334 6065/1481/4334 4113/1478/4335
f 1305/1480/4337 4112/1482/4338 6065/1481/4334
f 4112/1482/4338 1314/3200/4345 4110/1483/4334
f 6065/1481/4334 4110/1483/4334 1313/1484/4339
f 4117/1478/4340 6066/1657/4191 4115/1477/4191
f 1315/1484/4342 4114/1483/4191 6066/1657/4191
f 4114/1483/4191 1316/3200/4347 4116/1482/4343
f 6066/1657/4191 4116/1482/4343 1311/1480/4344
f 1314/1658/4345 4112/1660/4338 6067/1659/1529
f 4112/1660/4338 1305/1665/4337 4118/1664/1529
f 6067/1659/1529 4118/1664/1529 1311/1663/4344
f 4119/1661/4346 6067/1659/1529 4116/1662/4343
f 4123/1667/4348 6068/2963/4348 4135/1666/4349
f 1309/1673/4351 4134/1672/4352 6068/2963/4348
f 4134/1672/4352 1323/3204/4376 4131/1671/4348
f 6068/2963/4348 4131/1671/4348 1324/1669/4353
f 4113/1675/4335 6069/1678/1537 4121/1674/1537
f 1313/1681/4339 4120/1680/4354 6069/1678/1537
f 4120/1680/4354 1315/3205/4342 4117/1679/4340
f 6069/1678/1537 4117/1679/4340 1312/1677/4341
f 1317/1682/1539 4138/1684/1539 6070/1683/1539
f 4138/1684/1539 1318/1689/1539 4140/1688/1539
f 6070/1683/1539 4140/1688/1539 1320/1687/1539
f 4141/1685/1539 6070/1683/1539 4139/1686/1539
f 1308/1690/4355 4122/1692/4358 6071/1691/1541
f 1307/1696/4357 4127/1695/4359 6071/1691/1541
f 4127/1695/4359 1313/2969/4339 4110/1694/4360
f 4126/1693/4356 6071/1691/1541 4110/1694/4360
f 1309/1697/4351 4123/1699/4363 6072/1698/4361
f 1310/1703/4350 4129/1702/4364 6072/1698/4361
f 4129/1702/4364 1316/2967/4347 4114/1701/4365
f 4128/1700/4362 6072/1698/4361 4114/1701/4365
f 1310/1703/4350 4124/1705/4367 6073/2966/4366
f 1308/1690/4355 4126/1693/4356 6073/2966/4366
f 4126/1693/4356 1314/2964/4345 4119/1706/4346
f 4129/1702/4364 6073/2966/4366 4119/1706/4346
f 1307/1696/4357 4125/1708/4368 6074/2968/1554
f 1309/1697/4351 4128/1700/4362 6074/2968/1554
f 4128/1700/4362 1315/2965/4342 4120/1709/4354
f 4127/1695/4359 6074/2968/1554 4120/1709/4354
f 4124/1712/4367 6075/1711/4370 4136/1714/4369
f 1310/1717/4350 4135/1716/4349 6075/1711/4370
f 4135/1716/4349 1324/3206/4353 4132/1715/4370
f 6075/1711/4370 4132/1715/4370 1322/1713/4371
f 1307/1718/4357 4122/1720/4372 6076/2970/4372
f 4122/1720/4372 1308/1725/4355 4136/1724/4369
f 6076/2970/4372 4136/1724/4369 1322/1723/4371
f 4137/1721/4373 6076/2970/4372 4130/1722/4372
f 4125/1727/4368 6077/1730/4375 4134/1726/4352
f 4125/1727/4368 1307/1732/4357 4137/1731/4373
f 4137/1731/4373 1321/3207/4374 4133/1729/4375
f 6077/1730/4375 4133/1729/4375 1323/2972/4376
f 1318/1689/4377 4138/1734/4381 6078/2973/4378
f 1317/1682/4380 4143/1737/4382 6078/2973/4378
f 4143/1737/4382 1321/2978/5761 4130/1736/4383
f 4142/1735/4379 6078/2973/4378 4130/1736/4383
f 1319/1738/4385 4139/1740/4389 6079/1739/4386
f 1320/1687/4388 4145/1743/4390 6079/1739/4386
f 4145/1743/4390 1324/2977/5762 4131/1742/4391
f 4144/1741/4387 6079/1739/4386 4131/1742/4391
f 1320/1687/4393 4140/1688/1578 6080/2976/4394
f 1318/1689/4396 4142/1735/4397 6080/2976/4394
f 4142/1735/4397 1322/2974/5763 4132/1745/4398
f 4145/1743/4395 6080/2976/4394 4132/1745/4398
f 1317/1682/4400 4141/1747/1585 6081/1746/4401
f 1319/1738/4403 4144/1741/4404 6081/1746/4401
f 4144/1741/4404 1323/2975/5764 4133/1748/4405
f 4143/1737/4402 6081/1746/4401 4133/1748/4405
f 892/1749/4407 4804/1751/4410 6082/1750/4408
f 1603/112/3507 4813/2439/3506 6082/1750/4408
f 4813/2439/3506 1008/113/3512 3552/1754/4411
f 6082/1750/4408 3552/1754/4411 1014/1752/4412
f 4800/1756/4413 6083/2981/4416 4829/2980/4414
f 4800/1756/4413 892/1749/4407 4146/2979/4409
f 6083/2981/4416 4146/2979/4409 1014/1752/4412
f 6083/2981/4416 3551/2982/4417 1013/1758/4418
f 4675/1760/4419 6084/2983/4421 4817/492/4420
f 1618/1757/4415 4829/2980/4414 6084/2983/4421
f 4829/2980/4414 1013/1758/4418 3550/1763/4422
f 6084/2983/4421 3550/1763/4422 1012/1761/4423
f 4147/1765/4424 6085/1767/4424 4149/1764/4425
f 1327/1766/4426 4150/1764/4426 6085/1767/4424
f 6085/1767/4424 4150/1764/4426 1340/1765/4426
f 4149/1764/4425 6085/1767/4424 4148/1765/4424
f 4151/1765/4427 6086/1767/4427 4150/1764/4426
f 1329/1766/4428 4153/1764/4428 6086/1767/4427
f 4153/1764/4428 1342/1765/4428 4152/1765/4427
f 6086/1767/4427 4152/1765/4427 1340/1765/4426
f 4154/1765/4429 6087/1767/4429 4153/1764/4428
f 1331/1766/4430 4156/1764/4430 6087/1767/4429
f 4156/1764/4430 1343/1765/4430 4155/1765/4429
f 6087/1767/4429 4155/1765/4429 1342/1765/4428
f 4157/1765/4431 6088/1767/4431 4156/1764/4430
f 4157/1765/4431 1333/1766/4432 4159/1764/4432
f 6088/1767/4431 4159/1764/4432 1344/1765/4432
f 4156/1764/4430 6088/1767/4431 4158/1765/4431
f 4160/1765/4433 6089/1767/4433 4159/1764/4432
f 4160/1765/4433 1335/1766/4434 4162/1764/4434
f 6089/1767/4433 4162/1764/4434 1345/1765/4434
f 6089/1767/4433 4161/1765/4433 1344/1765/4432
f 4486/1765/4435 6090/1767/4435 4162/1764/4434
f 4486/1765/4435 1446/1768/4436 4366/1765/4436
f 6090/1767/4435 4366/1765/4436 1447/1768/4436
f 6090/1767/4435 4485/1765/4435 1345/1765/4434
f 4190/1768/4430 6091/1769/4429 4172/1765/4429
f 1354/1766/4437 4187/1765/4438 6091/1769/4429
f 4187/1765/4438 1353/1766/4453 4189/1768/4428
f 6091/1769/4429 4189/1768/4428 1337/1765/4428
f 1446/1768/4439 4484/1765/4440 6092/1767/4440
f 4484/1765/4440 1338/1766/4441 4163/1764/4441
f 6092/1767/4440 4163/1764/4441 1346/1765/4441
f 4366/1765/4439 6092/1767/4440 4422/1765/4440
f 4164/1765/4442 6093/1767/4442 4163/1764/4441
f 1325/1766/4425 4149/1764/4425 6093/1767/4442
f 4149/1764/4425 1341/1765/4425 4165/1765/4442
f 6093/1767/4442 4165/1765/4442 1346/1765/4441
f 1326/1765/1626 4174/1768/1626 6094/2984/1626
f 4174/1768/1626 1341/1765/1627 4148/1765/1626
f 4148/1765/1626 1340/1765/1626 4175/1768/1626
f 6094/2984/1626 4175/1768/1626 1328/1765/1626
f 1328/1765/1626 4175/1768/1626 6095/2984/1626
f 4175/1768/1626 1340/1765/1626 4152/1765/1626
f 4152/1765/1626 1342/1765/1626 4176/1768/1626
f 6095/2984/1626 4176/1768/1626 1330/1765/1626
f 1330/1765/1626 4176/1768/1626 6096/2984/1626
f 4176/1768/1626 1342/1765/1626 4155/1765/1626
f 4155/1765/1626 1343/1765/1626 4177/1768/1626
f 6096/2984/1626 4177/1768/1626 1332/1765/1626
f 1332/1765/1626 4177/1768/1626 6097/2984/1626
f 4177/1768/1626 1343/1765/1626 4158/1765/1627
f 4158/1765/1627 1344/1765/1626 4178/1768/1626
f 6097/2984/1626 4178/1768/1626 1334/1765/1626
f 1334/1765/1626 4178/1768/1626 6098/2984/1626
f 4178/1768/1626 1344/1765/1626 4161/1765/1627
f 4161/1765/1627 1345/1765/1626 4179/1768/1626
f 6098/2984/1626 4179/1768/1626 1336/1765/1626
f 4179/1764/1626 6099/1767/1626 4171/1765/1626
f 1345/1765/1626 4485/1765/1626 6099/1767/1626
f 4485/1765/1626 1447/1766/1626 4487/1768/1626
f 6099/1767/1626 4487/1768/1626 1337/1765/1626
f 1337/1765/1626 4487/1768/1626 6100/1767/1626
f 4487/1768/1626 1447/1766/1626 4422/1765/1626
f 6100/1767/1626 4422/1765/1626 1346/1765/1626
f 4172/1765/2743 6100/1767/1626 4180/1764/1626
f 1339/1765/1626 4180/1768/1626 6101/2984/1626
f 4180/1768/1626 1346/1765/1626 4165/1765/1626
f 4165/1765/1626 1341/1765/1627 4174/1768/1626
f 6101/2984/1626 4174/1768/1626 1326/1765/1626
f 1347/498/4443 4182/499/4446 6102/1771/1626
f 1349/498/4445 4183/499/4448 6102/1771/1626
f 1350/498/4447 4184/499/4450 6102/1771/1626
f 1351/498/4449 4185/499/4452 6102/1771/1626
f 1352/498/4451 4186/499/4454 6102/1771/1626
f 1353/498/4453 4187/499/4438 6102/1771/1626
f 1354/498/4437 4188/499/4456 6102/1771/1626
f 1348/498/4455 4181/499/4444 6102/1771/1626
f 4192/1768/4426 6103/1769/4424 4170/1765/4424
f 4192/1768/4426 1352/1766/4451 4185/1765/4452
f 4185/1765/4452 1351/1766/4449 4191/1768/4425
f 4170/1765/4424 6103/1769/4424 4191/1768/4425
f 1332/1765/4457 4194/1768/4457 6104/1769/4458
f 4194/1768/4457 1350/1766/4447 4183/1765/4448
f 4183/1765/4448 1349/1766/4445 4193/1768/4459
f 4168/1765/4458 6104/1769/4458 4193/1768/4459
f 4196/1768/4460 6105/1769/4433 4166/1765/4433
f 4196/1768/4460 1347/1766/4443 4181/1765/4444
f 4181/1765/4444 1348/1766/4455 4195/1768/4432
f 4166/1765/4433 6105/1769/4433 4195/1768/4432
f 4195/1768/4432 6106/2985/4431 4173/1765/4431
f 4195/1768/4432 1348/1766/4455 4188/1765/4456
f 6106/2985/4431 4188/1765/4456 1354/1766/4437
f 4173/1765/4431 6106/2985/4431 4190/1768/4430
f 4189/1768/4428 6107/2985/4427 4171/1765/4427
f 1353/1766/4453 4186/1765/4454 6107/2985/4427
f 4186/1765/4454 1352/1766/4451 4192/1768/4426
f 4171/1765/4427 6107/2985/4427 4192/1768/4426
f 4191/1768/4425 6108/2985/4442 4169/1765/4442
f 1351/1766/4449 4184/1765/4450 6108/2985/4442
f 4184/1765/4450 1350/1766/4447 4194/1768/4457
f 4169/1765/4442 6108/2985/4442 4194/1768/4457
f 4193/1768/4459 6109/2985/4461 4167/1765/4461
f 4193/1768/4459 1349/1766/4445 4182/1765/4446
f 4182/1765/4446 1347/1766/4443 4196/1768/4460
f 4167/1765/4461 6109/2985/4461 4196/1768/4460
f 96/1772/1647 2618/1774/1649 6110/1773/4462
f 2618/1774/1649 543/406/735 4202/2589/3600
f 6110/1773/4462 4202/2589/3600 1359/398/3595
f 3472/1775/4463 6110/1773/4462 4201/2986/4464
f 978/27/4465 4201/2988/4464 6111/2987/4466
f 4201/2988/4464 1359/2581/3595 4203/401/3597
f 6111/2987/4466 4203/401/3597 1358/2587/3590
f 3452/26/4467 6111/2987/4466 4200/2989/4468
f 4200/2989/4468 6112/2990/4471 3434/34/4470
f 1358/2576/3590 4204/2578/3592 6112/2990/4471
f 4204/2578/3592 1356/2580/3594 4198/1784/4472
f 6112/2990/4471 4198/1784/4472 923/1782/4473
f 1015/1785/3531 4199/1787/4476 6113/2991/4474
f 1357/198/3582 4205/196/3581 6113/2991/4474
f 4205/196/3581 1355/2470/3579 3555/2992/3578
f 6113/2991/4474 3555/2992/3578 1018/193/3577
f 4198/1791/4477 6114/2993/4480 3370/1790/4478
f 4198/1791/4477 1356/188/3572 4206/2468/3574
f 4206/2468/3574 1355/2470/3579 4197/2994/3585
f 6114/2993/4480 4197/2994/3585 962/1793/4481
f 3557/2995/3498 6115/2996/4483 3501/1795/4482
f 3557/2995/3498 1016/105/3504 3569/1800/3580
f 3569/1800/3580 1357/1805/3582 4207/2997/4484
f 6115/2996/4483 4207/2997/4484 985/1797/4485
f 4207/2997/4484 6116/2998/4487 3496/1801/4486
f 1357/1805/3582 4199/1804/4476 6116/2998/4487
f 4199/1804/4476 1015/135/3531 3561/136/3530
f 6116/2998/4487 3561/136/3530 917/137/4488
f 997/1806/4120 3994/2929/4119 6117/2999/4489
f 3994/2929/4119 1233/1432/4118 4223/1809/4491
f 6117/2999/4489 4223/1809/4491 1375/1442/4492
f 4230/1808/4490 6117/2999/4489 4232/1437/4124
f 396/1810/1679 2396/1812/1681 6118/3000/4493
f 2396/1812/1681 125/1815/1681 3498/1814/4495
f 3498/1814/4495 1374/1414/4098 4233/1408/4095
f 6118/3000/4493 4233/1408/4095 1382/1409/4097
f 393/1816/1684 2393/1818/1686 6119/3001/4496
f 2393/1818/1686 44/1821/1689 4211/1820/4498
f 6119/3001/4496 4211/1820/4498 1363/1398/4499
f 4228/1819/4497 6119/3001/4496 4234/1395/4084
f 402/1822/1222 1918/1824/1691 6120/3002/4500
f 1918/1824/1691 396/1827/1693 3980/1826/4501
f 6120/3002/4500 3980/1826/4501 1382/1384/4502
f 3988/1825/4063 6120/3002/4500 4235/2922/4071
f 1441/501/3612 4350/498/4505 6121/498/4503
f 4350/498/4505 1442/500/3613 4349/498/3615
f 6121/498/4503 4349/498/3615 1371/497/3618
f 4348/498/4504 6121/498/4503 3471/499/4506
f 3/497/1699 4794/499/4508 6122/501/1699
f 4794/499/4508 1654/497/5454 4830/498/4509
f 6122/501/1699 4830/498/4509 1380/497/4510
f 2040/502/1699 6122/501/1699 3646/499/4511
f 4228/1829/4512 6123/3003/4513 1922/1828/1684
f 1381/85/3481 4237/2429/3480 6123/3003/4513
f 6123/3003/4513 4237/2429/3480 1379/2424/3471
f 1922/1828/1684 6123/3003/4513 4227/3004/4514
f 403/1833/1709 4227/3004/4514 6124/1834/4515
f 4227/3004/4514 1379/2424/3471 4238/2426/3473
f 6124/1834/4515 4238/2426/3473 1383/1837/3478
f 1920/1835/1711 6124/1834/4515 3985/1836/4516
f 1004/3006/3449 3532/39/3453 6125/1838/4518
f 3532/39/3453 1003/39/3376 3539/1846/4520
f 6125/1838/4518 3539/1846/4520 1378/42/3330
f 3538/41/4519 6125/1838/4518 4239/41/3462
f 4463/39/3450 6126/3007/4522 4465/41/4521
f 4463/39/3450 1004/3006/3449 3538/41/4519
f 3538/41/4519 1377/3007/3457 4240/39/3454
f 6126/3007/4522 4240/39/3454 1504/41/3456
f 1897/9/1721 6127/8/4524 3485/8/4523
f 136/7/1725 3520/8/4525 6127/8/4524
f 3520/8/4525 1376/7/3400 4241/62/3401
f 6127/8/4524 4241/62/3401 1372/65/3403
f 3517/9/4526 6128/8/4527 1895/66/1726
f 1375/29/3396 4242/9/3395 6128/8/4527
f 4242/9/3395 1376/7/3400 3520/66/4525
f 6128/8/4527 3520/66/4525 136/7/1725
f 3486/1843/3334 6129/1842/4528 1872/1843/1730
f 1373/1845/3367 4243/1843/3366 6129/1842/4528
f 6129/1842/4528 4243/1843/3366 1374/1845/3370
f 1872/1843/1730 6129/1842/4528 3498/1843/4529
f 1003/39/3376 3531/39/3375 6130/41/4531
f 3531/39/3375 992/39/3361 4221/39/3365
f 6130/41/4531 4221/39/3365 1373/39/3367
f 3539/1846/4520 6130/41/4531 4244/1846/3333
f 80/9/336 4218/9/336 6131/8/336
f 4218/9/336 1370/28/336 4245/9/336
f 6131/8/336 4245/9/336 1371/29/336
f 1806/8/336 6131/8/336 4219/9/336
f 80/9/1735 1798/28/1735 6132/64/4532
f 1798/28/1735 48/9/1735 4214/28/4533
f 6132/64/4532 4214/28/4533 1366/29/3312
f 4218/28/4532 6132/64/4532 4246/28/3312
f 1816/8/19 6133/8/2901 4215/9/2901
f 97/8/19 3453/8/2901 6133/8/2901
f 3453/8/2901 1362/7/2900 4247/9/2900
f 6133/8/2901 4247/9/2900 1367/29/2900
f 1732/28/1739 6134/28/4536 4214/28/4534
f 1732/28/1739 67/1847/1740 4216/29/4535
f 4216/29/4535 1368/29/3306 4248/29/3303
f 6134/28/4536 4248/29/3303 1366/29/3305
f 3443/29/4537 6135/8/4538 1809/8/1743
f 1361/7/3293 4249/9/3299 6135/8/4538
f 4249/9/3299 1360/29/3302 3380/9/4539
f 6135/8/4538 3380/9/4539 45/9/1746
f 88/8/1745 1742/8/1750 6136/8/4540
f 1742/8/1750 47/9/1752 4213/9/4541
f 6136/8/4540 4213/9/4541 1365/29/4542
f 3443/66/4537 6136/8/4540 4250/9/3296
f 47/9/19 1797/8/19 6137/8/19
f 1797/8/19 83/7/19 4212/9/19
f 6137/8/19 4212/9/19 1364/29/19
f 4213/9/19 6137/8/19 4251/9/3282
f 3458/39/4543 6138/42/4544 3358/39/3290
f 1363/39/3224 4252/39/3223 6138/42/4544
f 4252/39/3223 1437/42/3227 4342/41/4545
f 6138/42/4544 4342/41/4545 940/42/4546
f 979/42/2901 4210/41/3309 6139/41/3309
f 4210/41/3309 1362/42/2900 4254/39/2900
f 6139/41/3309 4254/39/2900 1369/39/2900
f 3480/39/2901 6139/41/3309 3469/39/3309
f 975/22/3136 3469/1849/4549 6140/3008/4547
f 1369/1853/4548 4255/1852/4550 6140/3008/4547
f 4255/1852/4550 96/1857/1764 3472/1851/4551
f 3478/3009/3134 6140/3008/4547 3472/1851/4551
f 4217/1854/4552 6141/3011/4553 4255/1852/4550
f 1/1858/1765 2673/1855/1763 6141/3011/4553
f 4255/1856/4550 6141/3011/4553 2673/1855/1763
f 382/1358/1210 2378/1361/1210 6142/1361/1210
f 2378/1361/1210 388/1860/1210 3972/1358/1210
f 6142/1361/1210 3972/1358/1210 1387/1359/1210
f 3966/1358/1210 6142/1361/1210 4259/1358/1210
f 3971/1362/4060 6143/1363/4556 4256/1362/4554
f 1223/1362/4555 4257/1362/4556 6143/1363/4556
f 4257/1362/4556 1386/1362/4047 4260/1362/4047
f 6143/1363/4556 4260/1362/4047 1385/1362/4047
f 373/1358/1210 2366/1361/1210 6144/1361/1210
f 2366/1361/1210 379/1860/1210 3962/1358/1210
f 6144/1361/1210 3962/1358/1210 1390/1359/1210
f 3956/1358/1210 6144/1361/1210 4264/1358/1210
f 3961/1362/4045 6145/1363/4556 4261/1362/4554
f 1217/1362/4555 4262/1362/4556 6145/1363/4556
f 4262/1362/4556 1389/1362/4047 4265/1362/4047
f 6145/1363/4556 4265/1362/4047 1388/1362/4047
f 364/1358/1210 2354/1361/1210 6146/1361/1210
f 2354/1361/1210 370/1860/1210 3952/1358/1210
f 6146/1361/1210 3952/1358/1210 1393/1359/1210
f 3946/1358/1210 6146/1361/1210 4269/1358/1210
f 3951/1362/4045 6147/1363/4556 4266/1362/4554
f 1211/1362/4555 4267/1362/4556 6147/1363/4556
f 4267/1362/4556 1392/1362/4047 4270/1362/4047
f 6147/1363/4556 4270/1362/4047 1391/1362/4047
f 355/1358/1210 2342/1361/1210 6148/1361/1210
f 2342/1361/1210 361/1860/1210 3942/1358/1210
f 6148/1361/1210 3942/1358/1210 1396/1359/1210
f 3936/1358/1210 6148/1361/1210 4274/1358/1210
f 3941/1362/4045 6149/1363/4556 4271/1362/4554
f 1205/1362/4555 4272/1362/4556 6149/1363/4556
f 4272/1362/4556 1395/1362/4047 4275/1362/4047
f 6149/1363/4556 4275/1362/4047 1394/1362/4047
f 4004/1449/4152 6150/1449/4559 4278/1449/4557
f 1241/1449/4558 3996/1449/4560 6150/1449/4559
f 3996/1449/4560 1397/1449/5742 4279/1449/4142
f 6150/1449/4559 4279/1449/4142 1399/1449/4144
f 1240/4/4561 4276/4/4167 6151/4/4562
f 4276/4/4167 1397/4/4132 4280/4/4131
f 4280/4/4131 1398/4/4137 4277/4/4564
f 3999/4/4563 6151/4/4562 4277/4/4564
f 4014/1449/4152 6152/1449/4559 4283/1449/4557
f 1247/1449/4558 4006/1449/4560 6152/1449/4559
f 4006/1449/4560 1400/1449/5742 4284/1449/4142
f 6152/1449/4559 4284/1449/4142 1402/1449/4144
f 1246/4/4561 4281/4/4167 6153/4/4562
f 4281/4/4167 1400/4/4132 4285/4/4131
f 4285/4/4131 1401/4/4137 4282/4/4564
f 4009/4/4563 6153/4/4562 4282/4/4564
f 4024/1449/4152 6154/1449/4559 4288/1449/4557
f 1253/1449/4558 4016/1449/4560 6154/1449/4559
f 4016/1449/4560 1403/1449/5742 4289/1449/4142
f 6154/1449/4559 4289/1449/4142 1405/1449/4144
f 1252/4/4566 4286/4/4569 6155/4/4567
f 4286/4/4569 1403/4/4157 4290/4/4156
f 4290/4/4156 1404/4/4162 4287/4/4570
f 4019/4/4568 6155/4/4567 4287/4/4570
f 4034/1449/4152 6156/1449/4559 4293/1449/4557
f 1259/1449/4558 4026/1449/4560 6156/1449/4559
f 4026/1449/4560 1406/1449/5742 4294/1449/4142
f 6156/1449/4559 4294/1449/4142 1408/1449/4144
f 1258/4/4566 4291/4/4569 6157/4/4567
f 4291/4/4569 1406/4/4157 4295/4/4156
f 4295/4/4156 1407/4/4162 4292/4/4570
f 4029/4/4568 6157/4/4567 4292/4/4570
f 4044/1449/4174 6158/1449/4572 4298/1449/4557
f 1265/1449/4558 4036/1449/4573 6158/1449/4572
f 4036/1449/4573 1409/1449/5743 4299/1449/4142
f 6158/1449/4572 4299/1449/4142 1411/1449/4170
f 1264/4/4566 4296/4/4574 6159/4/4567
f 4296/4/4574 1409/4/4157 4300/4/4156
f 4300/4/4156 1410/4/4168 4297/4/4570
f 4039/4/4568 6159/4/4567 4297/4/4570
f 1413/1861/4575 4326/1863/4578 6160/1862/4576
f 4326/1863/4578 1426/1868/4629 4323/1867/4579
f 6160/1862/4576 4323/1867/4579 1427/1866/4580
f 4315/1864/4577 6160/1862/4576 4325/1865/4581
f 1420/1869/1626 4330/1869/1626 6161/1870/1626
f 1418/1869/1626 4332/1869/1626 6161/1870/1626
f 6161/1870/1626 4332/1869/1626 1419/1869/1626
f 6161/1870/1626 4331/1869/1626 1423/1869/1626
f 1430/1871/4583 4308/1873/4586 6162/3013/4584
f 4308/1873/4586 1416/1877/4590 4310/1876/4587
f 4310/1876/4587 1417/3209/4595 4309/1875/4588
f 4307/1874/4585 6162/3013/4584 4309/1875/4588
f 1416/1878/4590 4311/1880/4592 6163/3015/4591
f 4311/1880/4592 1421/1885/4607 4302/1884/4593
f 4302/1884/4593 1422/3210/4616 4312/1883/4594
f 6163/3015/4591 4312/1883/4594 1417/1881/4595
f 4301/1887/4596 6164/1890/4599 4305/1886/4597
f 4301/1887/4596 1421/1893/4607 4311/1892/4592
f 6164/1890/4599 4311/1892/4592 1416/1891/4590
f 4305/1886/4597 6164/1890/4599 4308/1889/4586
f 4309/1889/4588 6165/1890/4601 4306/1886/4600
f 1417/1891/4595 4312/1892/4594 6165/1890/4601
f 4312/1892/4594 1422/1893/4616 4303/1895/4602
f 4306/1886/4600 6165/1890/4601 4303/1895/4602
f 4317/1897/4604 6166/3016/4608 4313/1896/4605
f 1421/1893/4607 4301/1887/4596 6166/3016/4608
f 4301/1887/4596 1429/1888/4598 4318/1901/4609
f 6166/3016/4608 4318/1901/4609 1414/1899/4610
f 1413/1902/4575 4319/3018/4613 6167/3017/4611
f 4319/3018/4613 1422/1907/4616 4302/1876/4593
f 4302/1876/4593 1421/1877/4607 4317/1906/4604
f 4314/1905/4612 6167/3017/4611 4317/1906/4604
f 1415/1908/4582 4320/3020/4615 6168/1909/4614
f 4320/3020/4615 1428/1912/4603 4303/1875/4602
f 6168/1909/4614 4303/1875/4602 1422/1907/4616
f 4315/1911/4577 6168/1909/4614 4319/3018/4613
f 4318/1914/4609 6169/3021/4618 4316/1913/4617
f 1429/1871/4598 4304/1874/4619 6169/3021/4618
f 4304/1874/4619 1428/1912/4603 4320/3020/4615
f 6169/3021/4618 4320/3020/4615 1415/1908/4582
f 4328/1917/4620 6170/1918/4622 4313/1896/4605
f 1424/1866/4621 4321/1867/4623 6170/1918/4622
f 4321/1867/4623 1425/1868/5765 4327/1919/4624
f 6170/1918/4622 4327/1919/4624 1412/1898/4606
f 4325/1921/4581 6171/3022/4625 4316/1920/4617
f 1427/1927/4580 4324/1926/4626 6171/3022/4625
f 4324/1926/4626 1424/3211/4621 4328/1925/4620
f 6171/3022/4625 4328/1925/4620 1414/1923/4610
f 1412/1928/4606 4327/1930/4624 6172/3023/4627
f 4327/1930/4624 1425/1935/5765 4322/1934/4628
f 6172/3023/4627 4322/1934/4628 1426/1933/4629
f 4314/1931/4612 6172/3023/4627 4326/1932/4578
f 4333/3025/1626 6173/3026/1626 4329/1936/1626
f 1428/1943/4603 4304/1942/4619 6173/3026/1626
f 6173/3026/1626 4304/1942/4619 1429/1941/4598
f 4329/1936/1626 6173/3026/1626 4334/3027/1626
f 1420/1944/1626 4334/3027/1626 6174/3028/1626
f 4334/3027/1626 1429/1941/4598 4305/1949/1626
f 4305/1949/1626 1430/1959/1626 4335/3029/1626
f 6174/3028/1626 4335/3029/1626 1418/1946/1626
f 1419/1950/1626 4336/3030/1626 6175/1951/1626
f 4336/3030/1626 1431/1955/1626 4306/1954/1626
f 4306/1954/1626 1428/1943/4603 4333/3025/1626
f 6175/1951/1626 4333/3025/1626 1423/1938/1626
f 4335/3029/1626 6176/3031/1626 4332/1956/1626
f 1430/1959/1626 4307/1958/1626 6176/3031/1626
f 6176/3031/1626 4307/1958/1626 1431/1955/1626
f 4332/1956/1626 6176/3031/1626 4336/3030/1626
f 1488/4/4630 4490/4/4633 6177/1/4631
f 4490/4/4633 1434/5/4707 4337/12/4634
f 6177/1/4631 4337/12/4634 1432/12/4635
f 4431/4/4632 6177/1/4631 4491/10/4636
f 4494/4/4638 6178/1/4642 4432/4/4639
f 936/4/4641 3400/4/4643 6178/1/4642
f 3400/4/4643 939/4/5766 4493/4/4644
f 6178/1/4642 4493/4/4644 1490/4/4645
f 1490/4/4645 4493/4/4644 6179/2/4646
f 4493/4/4644 939/4/5766 4340/4/4648
f 6179/2/4646 4340/4/4648 961/4/4649
f 4489/4/4647 6179/2/4646 4358/4/4650
f 4491/10/4636 6180/6/4653 4433/4/4652
f 1432/12/4635 4360/4/4654 6180/6/4653
f 4360/4/4654 942/2/3182 4496/4/4655
f 6180/6/4653 4496/4/4655 1491/4/4656
f 1491/4/4656 4496/4/4655 6181/12/4657
f 4496/4/4655 942/2/3182 4361/16/3151
f 4361/16/3151 1433/5/5723 4492/4/3176
f 6181/12/4657 4492/4/3176 1485/4/3173
f 914/4/4659 4339/4/4662 6182/1/4660
f 4339/4/4662 939/4/5767 3377/4/4663
f 3377/4/4663 934/4/3099 4341/1/3100
f 3412/4/4661 6182/1/4660 4341/1/3100
f 4342/41/4545 6183/41/4665 3463/39/4664
f 1437/42/3227 3393/39/4666 6183/41/4665
f 3393/39/4666 1360/39/4671 4208/39/4667
f 6183/41/4665 4208/39/4667 967/39/4668
f 4343/8/3226 6184/8/4669 3393/9/4666
f 622/8/1887 1777/8/1886 6184/8/4669
f 1777/8/1886 45/9/5678 3380/9/4670
f 6184/8/4669 3380/9/4670 1360/29/4671
f 4344/13/3291 6185/1/4673 3412/4/4672
f 940/5/4546 3463/4/4664 6185/1/4673
f 3463/4/4664 967/4/4668 3457/4/4674
f 6185/1/4673 3457/4/4674 914/4/4675
f 969/497/4676 3459/499/4678 6186/501/4677
f 3459/499/4678 1364/497/4680 4236/498/4679
f 6186/501/4677 4236/498/4679 1442/500/3613
f 3647/498/3611 6186/501/4677 4350/498/4505
f 1364/497/4680 4212/499/4682 6187/501/4681
f 4212/499/4682 83/497/1899 2767/498/762
f 6187/501/4681 2767/498/762 627/501/762
f 4236/498/4679 6187/501/4681 4351/498/3616
f 955/498/4683 4347/499/4686 6188/501/4684
f 4347/499/4686 1440/497/3606 4352/498/3608
f 4352/498/3608 1441/501/3612 4348/498/4504
f 6188/501/4684 4348/498/4504 977/497/4507
f 925/4/3214 3432/4/3213 6189/2/4687
f 3432/4/3213 953/4/5725 4345/38/4689
f 4345/38/4689 1438/4/3218 4353/3/3215
f 6189/2/4687 4353/3/3215 1439/4/3217
f 953/4/4690 3373/4/4693 6190/13/4691
f 3373/4/4693 960/4/5768 4356/4/4694
f 4356/4/4694 1434/5/3093 4357/13/3090
f 6190/13/4691 4357/13/3090 1438/4/3092
f 926/4/3260 3438/4/3259 6191/13/4695
f 3438/4/3259 956/4/3258 3437/4/4697
f 6191/13/4695 3437/4/4697 1440/5/4698
f 3431/4/4696 6191/13/4695 4354/13/3072
f 1444/5/4651 4358/4/4650 6192/1/4699
f 4358/4/4650 961/4/4649 4355/4/4701
f 4355/4/4701 1434/4/4707 4490/4/4633
f 6192/1/4699 4490/4/4633 1488/4/4630
f 4359/4/3171 6193/2/4704 4488/4/4702
f 938/4/4703 3401/4/4705 6193/2/4704
f 3401/4/4705 936/4/4641 4494/4/4638
f 6193/2/4704 4494/4/4638 1487/5/4640
f 4360/12/4654 6194/14/4706 3398/4/3181
f 4360/12/4654 1432/12/4635 4337/1/4634
f 6194/14/4706 4337/1/4634 1434/5/4707
f 3398/4/3181 6194/14/4706 4356/4/4708
f 4498/4/3179 6195/2/4710 4497/4/4709
f 959/4/3178 3394/4/4711 6195/2/4710
f 3394/4/4711 937/4/3168 3399/4/3165
f 6195/2/4710 3399/4/3165 1435/5/3167
f 4365/1/2991 6196/2/4713 4362/4/3311
f 1433/5/4712 4363/4/5769 6196/2/4713
f 6196/2/4713 4363/4/5769 922/4/4714
f 6196/2/4713 3405/4/3014 946/3/3016
f 4367/1765/4715 6197/1767/4715 4369/1764/4425
f 1450/1766/4716 4370/1764/4716 6197/1767/4715
f 4370/1764/4716 1463/1765/4716 4368/1765/4715
f 6197/1767/4715 4368/1765/4715 1464/1765/4425
f 4417/1765/4717 6198/1767/4717 4370/1764/4716
f 1446/1768/4718 4366/1765/4718 6198/1767/4717
f 4366/1765/4718 1447/1768/4718 4418/1765/4717
f 6198/1767/4717 4418/1765/4717 1463/1765/4716
f 4419/1765/4719 6199/1767/4719 4366/1765/4720
f 1453/1766/4721 4371/1764/4721 6199/1767/4719
f 4371/1764/4721 1465/1765/4721 4420/1765/4719
f 6199/1767/4719 4420/1765/4719 1447/1768/4720
f 4372/1765/4722 6200/1767/4722 4371/1764/4721
f 1455/1766/4432 4374/1764/4432 6200/1767/4722
f 4374/1764/4432 1466/1765/4432 4373/1765/4722
f 4371/1764/4721 6200/1767/4722 4373/1765/4722
f 4375/1765/4433 6201/1767/4433 4374/1764/4432
f 4375/1765/4433 1457/1766/4460 4377/1764/4460
f 6201/1767/4433 4377/1764/4460 1467/1765/4460
f 6201/1767/4433 4376/1765/4433 1466/1765/4432
f 1457/1766/4460 4378/1765/4461 6202/1767/4461
f 4378/1765/4461 1459/1766/4459 4380/1764/4459
f 6202/1767/4461 4380/1764/4459 1468/1765/4459
f 6202/1767/4461 4379/1765/4461 1467/1765/4460
f 1462/1765/4430 4410/1768/4430 6203/1769/4429
f 1477/1766/4437 4407/1765/4438 6203/1769/4429
f 4407/1765/4438 1476/1766/4453 4409/1768/4428
f 6203/1769/4429 4409/1768/4428 1460/1765/4428
f 1459/1766/4459 4381/1765/4458 6204/1767/4458
f 4381/1765/4458 1461/1766/4457 4383/1764/4457
f 6204/1767/4458 4383/1764/4457 1469/1765/4457
f 4380/1764/4459 6204/1767/4458 4382/1765/4458
f 1461/1766/4457 4384/1765/4442 6205/1767/4442
f 4384/1765/4442 1448/1766/4425 4369/1764/4425
f 6205/1767/4442 4369/1764/4425 1464/1765/4425
f 4383/1764/4457 6205/1767/4442 4385/1765/4442
f 1449/1765/1626 4394/1768/1626 6206/2984/1626
f 4394/1768/1626 1464/1765/1627 4368/1765/1626
f 4368/1765/1626 1463/1765/1626 4395/1768/1626
f 6206/2984/1626 4395/1768/1626 1451/1765/1626
f 4395/1764/1626 6207/1767/1626 4387/1765/1626
f 1463/1765/1626 4418/1765/1626 6207/1767/1626
f 4418/1765/1626 1447/1766/1626 4421/1768/1626
f 6207/1767/1626 4421/1768/1626 1452/1765/1626
f 1452/1765/1626 4421/1768/1626 6208/1767/1626
f 4421/1768/1626 1447/1766/1626 4420/1765/1626
f 6208/1767/1626 4420/1765/1626 1465/1765/1626
f 4388/1765/1626 6208/1767/1626 4396/1764/1626
f 1454/1765/1626 4396/1768/1626 6209/2984/1626
f 4396/1768/1626 1465/1765/1626 4373/1765/1626
f 4373/1765/1626 1466/1765/1626 4397/1768/1626
f 6209/2984/1626 4397/1768/1626 1456/1765/1626
f 1456/1765/1626 4397/1768/1626 6210/2984/1626
f 4397/1768/1626 1466/1765/1626 4376/1765/1627
f 4376/1765/1627 1467/1765/1626 4398/1768/1626
f 6210/2984/1626 4398/1768/1626 1458/1765/1626
f 1458/1765/1626 4398/1768/1626 6211/2984/1626
f 4398/1768/1626 1467/1765/1626 4379/1765/1626
f 4379/1765/1626 1468/1765/1626 4399/1768/1626
f 6211/2984/1626 4399/1768/1626 1460/1765/1626
f 1460/1765/1626 4399/1768/1626 6212/2984/1626
f 4399/1768/1626 1468/1765/1626 4382/1765/1626
f 4382/1765/1626 1469/1765/1626 4400/1768/1626
f 6212/2984/1626 4400/1768/1626 1462/1765/1626
f 1462/1765/1626 4400/1768/1626 6213/2984/1626
f 4400/1768/1626 1469/1765/1626 4385/1765/1626
f 4385/1765/1626 1464/1765/1627 4394/1768/1626
f 6213/2984/1626 4394/1768/1626 1449/1765/1626
f 1470/498/4443 4402/499/4446 6214/1771/1626
f 1472/498/4445 4403/499/4448 6214/1771/1626
f 1473/498/4447 4404/499/4450 6214/1771/1626
f 1474/498/4449 4405/499/4452 6214/1771/1626
f 1475/498/4451 4406/499/4454 6214/1771/1626
f 1476/498/4453 4407/499/4438 6214/1771/1626
f 1477/498/4437 4408/499/4456 6214/1771/1626
f 1471/498/4455 4401/499/4444 6214/1771/1626
f 4412/1768/4426 6215/1769/4424 4390/1765/4424
f 4412/1768/4426 1475/1766/4451 4405/1765/4452
f 6215/1769/4424 4405/1765/4452 1474/1766/4449
f 4390/1765/4424 6215/1769/4424 4411/1768/4425
f 4414/1768/4457 6216/1769/4458 4388/1765/4458
f 1473/1766/4447 4403/1765/4448 6216/1769/4458
f 4403/1765/4448 1472/1766/4445 4413/1768/4459
f 4388/1765/4458 6216/1769/4458 4413/1768/4459
f 4416/1768/4460 6217/1769/4433 4386/1765/4433
f 4416/1768/4460 1470/1766/4443 4401/1765/4444
f 4401/1765/4444 1471/1766/4455 4415/1768/4432
f 4386/1765/4433 6217/1769/4433 4415/1768/4432
f 4415/1768/4432 6218/2985/4431 4393/1765/4431
f 4415/1768/4432 1471/1766/4455 4408/1765/4456
f 6218/2985/4431 4408/1765/4456 1477/1766/4437
f 4393/1765/4431 6218/2985/4431 4410/1768/4430
f 4409/1768/4428 6219/2985/4427 4391/1765/4427
f 1476/1766/4453 4406/1765/4454 6219/2985/4427
f 6219/2985/4427 4406/1765/4454 1475/1766/4451
f 4391/1765/4427 6219/2985/4427 4412/1768/4426
f 4411/1768/4425 6220/2985/4442 4389/1765/4442
f 1474/1766/4449 4404/1765/4450 6220/2985/4442
f 4404/1765/4450 1473/1766/4447 4414/1768/4457
f 4389/1765/4442 6220/2985/4442 4414/1768/4457
f 1452/1765/4459 4413/1768/4459 6221/2985/4461
f 4413/1768/4459 1472/1766/4445 4402/1765/4446
f 4402/1765/4446 1470/1766/4443 4416/1768/4460
f 6221/2985/4461 4416/1768/4460 1451/1765/4460
f 4441/1961/4723 6222/3032/4727 4436/1960/4724
f 1486/1967/4726 4499/3033/4728 6222/3032/4727
f 4499/3033/4728 1443/2019/4770 4488/1965/4729
f 6222/3032/4727 4488/1965/4729 1487/1963/4730
f 4424/1969/4731 6223/3034/4735 4437/1968/4732
f 1480/1975/4734 4438/1974/4736 6223/3034/4735
f 4438/1974/4736 1488/3212/4750 4431/1973/4737
f 6223/3034/4735 4431/1973/4737 1489/1971/4738
f 1482/1976/4739 4425/1978/4742 6224/3035/4740
f 1478/1962/4725 4436/1960/4724 6224/3035/4740
f 4436/1960/4724 1487/1963/4730 4432/1980/4743
f 4439/1979/4741 6224/3035/4740 4432/1980/4743
f 1480/1981/4734 4443/1983/4746 6225/3037/4745
f 4443/1983/4746 1493/1988/4787 4501/1987/4747
f 6225/3037/4745 4501/1987/4747 1444/1986/4748
f 4438/1984/4736 6225/3037/4745 4495/1985/4749
f 1483/1989/4751 4427/1991/4754 6226/1990/4752
f 4427/1991/4754 1481/1996/4733 4437/1995/4732
f 6226/1990/4752 4437/1995/4732 1489/1994/4738
f 4440/1992/4753 6226/1990/4752 4433/1993/4755
s 0
f 1484/1997/5770 4430/1999/5770 6227/3040/5770
f 4430/1999/5771 1485/2004/5771 4434/2003/5771
f 6227/3040/5772 4434/2003/5772 1494/2002/5772
f 4444/2000/5773 6227/3040/5773 4442/3041/5773
s 1
f 1484/2005/4761 4429/2007/4764 6228/3042/4762
f 1483/2011/4751 4440/2010/4753 6228/3042/4762
f 4440/2010/4753 1491/3213/4756 4435/2009/4765
f 4430/2008/4763 6228/3042/4762 4435/2009/4765
f 4501/2013/4747 6229/3044/4769 4489/2012/4767
f 4501/2013/4747 1493/2018/4787 4426/2017/4768
f 6229/3044/4769 4426/2017/4768 1482/1976/4739
f 4489/2012/4767 6229/3044/4769 4439/2015/4741
f 1443/2019/4770 4499/3033/4728 6230/3045/4771
f 4499/3033/4728 1486/1967/4726 4423/2025/4773
f 6230/3045/4771 4423/2025/4773 1479/2024/4774
f 4338/2022/4772 6230/3045/4771 4500/3046/4775
s 0
f 1492/2026/5774 4442/3041/5774 6231/3047/5774
f 4442/3041/5775 1494/2002/5775 4497/2031/5775
f 6231/3047/5776 4497/2031/5776 1435/2030/5776
f 4428/2028/5777 6231/3047/5777 4500/2029/5777
s 1
f 1483/2032/4751 4429/2034/4764 6232/2033/4781
f 4429/2034/4764 1484/1997/4761 4444/2000/4782
f 6232/2033/4781 4444/2000/4782 1492/2026/4783
f 4427/2035/4754 6232/2033/4781 4445/2036/4784
f 1478/2037/4725 4425/1978/4742 6233/3048/4785
f 4425/1978/4742 1482/1976/4739 4426/2017/4768
f 6233/3048/4785 4426/2017/4768 1493/2041/4787
f 4447/3049/4786 6233/3048/4785 4448/3050/4788
f 4446/3051/4790 6234/3053/4791 4424/2042/4731
f 1495/3052/4789 4448/2040/4788 6234/3053/4791
f 4448/2040/4788 1493/2041/4787 4443/2047/4746
f 6234/3053/4791 4443/2047/4746 1480/2045/4734
f 4423/3054/4773 6235/3056/4793 4449/3055/4792
f 1486/2054/4726 4441/2053/4723 6235/3056/4793
f 4441/2053/4723 1478/2037/4725 4447/3049/4786
f 6235/3056/4793 4447/3049/4786 1495/3052/4789
s 0
f 4428/2028/5778 6236/2056/5778 4445/2055/5778
f 1479/2024/5779 4449/3055/5779 6236/2056/5779
f 4449/3055/5780 1495/3052/5780 4446/3051/5780
f 6236/2056/5781 4446/3051/5781 1481/2044/5781
s 1
f 1041/2628/19 3611/3059/19 6237/3057/19
f 3611/3059/19 1500/2516/19 4456/2518/19
f 6237/3057/19 4456/2518/19 1501/2521/19
f 3610/3058/19 6237/3057/19 3612/3060/19
f 3564/2063/19 6238/3063/19 3609/3062/19
f 1497/300/19 4457/2514/19 6238/3063/19
f 6238/3063/19 4457/2514/19 1500/2516/19
f 3609/3062/19 6238/3063/19 3611/3064/19
f 1042/2066/19 3612/2068/19 6239/3065/19
f 3612/2068/19 1501/2510/19 4458/2512/19
f 6239/3065/19 4458/2512/19 686/2071/19
f 3592/3066/19 6239/3065/19 1981/2070/19
f 4452/2073/4798 6240/3067/4801 3547/2072/4799
f 1498/2459/3554 4459/2461/3556 6240/3067/4801
f 4459/2461/3556 1499/2462/3560 4453/2076/3565
f 6240/3067/4801 4453/2076/3565 1010/182/4802
f 4450/3068/3551 6241/3069/3551 3549/2077/3551
f 1496/2456/3551 4460/163/3551 6241/3069/3551
f 4460/163/3551 1498/2459/3554 4452/2073/4798
f 6241/3069/3551 4452/2073/4798 1006/2074/4800
f 4451/2082/3551 6242/3070/3551 3548/2081/3551
f 1497/157/3551 4461/2454/3551 6242/3070/3551
f 4461/2454/3551 1496/2456/3551 4450/3068/3551
f 6242/3070/3551 4450/3068/3551 1011/2079/3551
f 3510/59/4803 6243/42/4804 4220/41/3402
f 1503/42/3451 4465/41/4521 6243/42/4804
f 4465/41/4521 1504/41/3456 4464/39/4805
f 6243/42/4804 4464/39/4805 1372/1839/3403
f 4464/62/4805 6244/2420/4806 3485/66/4523
f 1504/2418/3456 4466/8/3455 6244/2420/4806
f 4466/8/3455 690/2421/587 1857/8/2023
f 6244/2420/4806 1857/8/2023 117/2085/1722
f 981/60/3410 3483/60/3412 6245/1/4807
f 3483/60/3412 1502/13/3416 4467/4/3446
f 4467/4/3446 1503/2417/3451 3510/57/4803
f 6245/1/4807 3510/57/4803 991/57/3406
f 4812/4/4808 6246/10/4810 4832/5/3415
f 1234/2/4809 3534/17/3420 6246/10/4810
f 3534/17/3420 1002/43/3417 4462/43/3447
f 4832/5/3415 6246/10/4810 4462/43/3447
f 933/10/3352 3385/4/4813 6247/1/4811
f 1505/4/4812 4468/4/4814 6247/1/4811
f 4468/4/4814 947/5/2974 3386/1/3115
f 6247/1/4811 3386/1/3115 932/10/3349
f 3385/6/4813 6248/38/4816 3338/4/4815
f 933/1/3352 3361/2/3344 6248/38/4816
f 3361/2/3344 910/1/3050 3352/6/3047
f 6248/38/4816 3352/6/3047 950/4/3049
f 4833/2088/3321 6249/3071/4818 3986/2087/3467
f 4833/2088/3321 1580/2093/3320 4751/2092/4817
f 4751/2092/4817 1581/1444/4129 4828/1446/4128
f 6249/3071/4818 4828/1446/4128 1239/2090/3468
f 3329/2095/19 6250/3073/19 4479/3072/19
f 889/2099/19 3330/2098/19 6250/3073/19
f 3330/2098/19 1507/466/19 4480/2619/19
f 6250/3073/19 4480/2619/19 1510/2621/19
f 4801/2101/19 6251/3074/19 2900/2100/19
f 1640/428/19 4835/3075/19 6251/3074/19
f 4835/3075/19 1509/2616/19 4481/2615/19
f 6251/3074/19 4481/2615/19 698/454/19
f 3328/2106/19 6252/3077/19 3630/3076/19
f 890/2096/19 4479/3072/19 6252/3077/19
f 4479/3072/19 1510/2621/19 4482/3078/19
f 6252/3077/19 4482/3078/19 1508/2598/19
f 1044/451/19 3632/2110/19 6253/3079/19
f 3632/2110/19 1509/2114/19 4483/3080/19
f 6253/3079/19 4483/3080/19 1508/439/19
f 3636/450/19 6253/3079/19 4478/3081/19
f 4512/2116/4819 6254/3082/4823 4839/2115/4820
f 4512/2116/4819 1521/2122/4846 4510/2121/4822
f 6254/3082/4823 4510/2121/4822 1523/2120/4824
f 6254/3082/4823 4841/2146/4825 1681/2118/4826
f 1515/2123/4827 4513/2125/4831 6255/3083/4828
f 1522/2130/4830 4508/2129/4865 6255/3083/4828
f 6255/3083/4828 4508/2129/4865 1519/2128/4832
f 4838/2126/4829 6255/3083/4828 4842/3084/4833
f 1680/2131/4834 4842/3084/4833 6256/3085/4835
f 4842/3084/4833 1519/2128/4832 4506/2136/4837
f 6256/3085/4835 4506/2136/4837 1518/2135/4838
f 4784/2133/4836 6256/3085/4835 4843/2134/4839
f 4514/3087/4841 6257/3088/4845 4502/2137/4842
f 1516/2144/4844 4504/2143/4863 6257/3088/4845
f 6257/3088/4845 4504/2143/4863 1521/2142/4846
f 6257/3088/4845 4512/3089/4819 1514/2140/4821
f 1681/2118/4826 4841/2146/4825 6258/2145/4847
f 1523/2120/4824 4511/2149/4849 6258/2145/4847
f 4511/2149/4849 1522/3214/4830 4513/2148/4831
f 4840/2147/4848 6258/2145/4847 4513/2148/4831
f 4515/2151/4850 6259/3091/4854 4503/2150/4851
f 1520/2155/4853 4509/2154/4855 6259/3091/4854
f 4509/2154/4855 1516/2144/4844 4514/3087/4841
f 6259/3091/4854 4514/3087/4841 1512/2139/4843
f 1679/2156/4840 4843/2158/4839 6260/3092/4856
f 4843/2158/4839 1518/2163/4838 4505/2162/4858
f 6260/3092/4856 4505/2162/4858 1517/2161/4859
f 4783/2159/4857 6260/3092/4856 4844/3093/4860
f 1516/2164/4844 4509/2166/4855 6261/3094/4862
f 4507/2179/4864 6261/3094/4862 4509/2166/4855
f 4505/2176/4858 6261/3094/4862 4507/2179/4864
f 4506/2177/4837 6261/3094/4862 4505/2176/4858
f 1519/2174/4832 4508/2175/4865 6261/3094/4862
f 4511/2170/4849 6261/3094/4862 4508/2172/4865
f 4510/2167/4822 6261/3094/4862 4511/2170/4849
f 4504/2168/4863 6261/3094/4862 4510/2167/4822
f 1053/2182/4866 4524/2184/4870 6262/2183/4867
f 1529/2189/4869 4519/2188/4914 6262/2183/4867
f 6262/2183/4867 4519/2188/4914 1527/2187/4871
f 3323/2185/4868 6262/2183/4867 4525/3096/4872
f 1052/2190/4873 4525/3096/4872 6263/2191/4874
f 4525/3096/4872 1527/2187/4871 4517/2195/4876
f 6263/2191/4874 4517/2195/4876 1526/2194/4877
f 3322/2192/4875 6263/2191/4874 4526/2193/4878
f 1051/2196/4879 4526/2198/4878 6264/3098/4880
f 4526/2198/4878 1526/2203/4877 4523/2202/4882
f 4523/2202/4882 1530/2236/4909 4845/3099/4883
f 6264/3098/4880 4845/3099/4883 1662/2199/4884
f 1050/2204/4885 4527/2206/4889 6265/3100/4886
f 1524/2210/4888 4520/2209/4890 6265/3100/4886
f 4520/2209/4890 1529/3215/4869 4524/2208/4870
f 3324/2207/4887 6265/3100/4886 4524/2208/4870
f 4528/3102/4891 6266/2215/4895 4793/2211/4892
f 1531/2218/4894 4518/2217/4896 6266/2215/4895
f 4518/2217/4896 1525/2230/4906 4846/3103/4897
f 6266/2215/4895 4846/3103/4897 1647/2214/4898
f 4847/2220/4899 6267/3104/4903 4836/2219/4900
f 1528/2224/4902 4522/2223/4904 6267/3104/4903
f 4522/2223/4904 1531/2218/4894 4528/3102/4891
f 6267/3104/4903 4528/3102/4891 1511/2213/4893
f 4846/3103/4897 6268/3105/4907 4792/2225/4905
f 1525/2230/4906 4516/2229/4912 6268/3105/4907
f 6268/3105/4907 4516/2229/4912 1524/2228/4888
f 4792/2225/4905 6268/3105/4907 4527/2226/4889
f 4845/3099/4883 6269/3107/4910 4559/2231/4908
f 1530/2236/4909 4521/2235/4911 6269/3107/4910
f 4521/2235/4911 1528/2249/4902 4847/2234/4899
f 6269/3107/4910 4847/2234/4899 1648/2232/4901
f 4518/2238/4896 6270/2241/4913 4516/2237/4912
f 1531/2250/4894 4522/2251/4904 6270/2241/4913
f 1528/2249/4902 4521/2235/4911 6270/2241/4913
f 1530/2248/4909 4523/2202/4882 6270/2241/4913
f 4517/2247/4876 6270/2241/4913 4523/2202/4882
f 1527/2245/4871 4519/2246/4914 6270/2241/4913
f 4520/2243/4890 6270/2241/4913 4519/2242/4914
f 1524/2240/4888 4516/2237/4912 6270/2241/4913
f 1532/4/4915 4530/4/4918 6271/4/4916
f 4530/4/4918 1543/4/4952 4543/4/4919
f 6271/4/4916 4543/4/4919 1533/4/4920
f 4848/4/4917 6271/4/4916 4822/4/4921
f 1543/4/4923 4530/4/4926 6272/12/4924
f 4530/4/4926 1532/4/5782 4531/4/4927
f 6272/12/4924 4531/4/4927 1541/13/4928
f 4535/4/4925 6272/12/4924 4538/12/4929
f 4544/38/4931 6273/2/4935 4529/4/4932
f 1544/4/4934 4536/3/4936 6273/2/4935
f 4536/3/4936 1542/4/4942 4545/38/4937
f 6273/2/4935 4545/38/4937 1535/4/4938
f 4537/4/4939 6274/4/4943 4534/1/4940
f 1542/4/4942 4536/4/4936 6274/4/4943
f 4536/4/4936 1544/4/4934 4538/4/4944
f 6274/4/4943 4538/4/4944 1541/12/4945
f 4533/4/4946 6275/11/4949 4532/4/4947
f 1540/4/4941 4534/1/4940 6275/11/4949
f 4534/1/4940 1541/12/4945 4531/4/4950
f 6275/11/4949 4531/4/4950 1532/4/4951
f 1543/4/4952 4851/4/4954 6276/12/4953
f 4851/4/4954 903/4/5783 4819/4/4955
f 6276/12/4953 4819/4/4955 1545/13/4956
f 4543/4/4919 6276/12/4953 4542/12/4957
f 4537/4/4958 6277/11/4962 4540/1/4959
f 1540/4/4961 4541/1/4963 6277/11/4962
f 4541/1/4963 1552/5/4983 4539/4/4964
f 6277/11/4962 4539/4/4964 1553/5/4965
f 903/4/4966 4851/38/4969 6278/2/4967
f 4851/38/4969 1543/4/4923 4535/3/4925
f 6278/2/4967 4535/3/4925 1544/4/4930
f 4810/4/4968 6278/2/4967 4544/38/4970
f 1542/4/4960 4540/13/4959 6279/1/4972
f 4540/13/4959 1553/5/4965 4849/4/4974
f 6279/1/4972 4849/4/4974 1236/4/4975
f 4545/4/4973 6279/1/4972 4820/4/4976
f 1546/4/4978 4850/4/4981 6280/13/4979
f 4850/4/4981 1237/4/5784 4852/4/4982
f 6280/13/4979 4852/4/4982 1552/5/4983
f 4533/4/4980 6280/13/4979 4541/13/4963
f 1547/2252/4984 4555/2254/4984 6281/2253/4984
f 4555/2254/4984 1536/2259/4984 4552/2258/4984
f 6281/2253/4984 4552/2258/4984 1550/2257/4984
f 4546/3109/4984 6281/2253/4984 4554/2256/4984
f 1548/2260/4984 4550/2262/4984 6282/3110/4984
f 4550/2262/4984 1547/2252/4984 4546/3109/4984
f 6282/3110/4984 4546/3109/4984 1538/2265/4984
f 4547/3111/4984 6282/3110/4984 4549/2264/4984
f 4551/2267/4984 6283/3113/4984 4553/2266/4984
f 4551/2267/4984 1548/2260/4984 4547/3111/4984
f 4547/3111/4984 1539/3112/4984 4548/2271/4984
f 6283/3113/4984 4548/2271/4984 1537/2269/4984
f 4853/3114/4984 6284/3115/4984 4548/2272/4984
f 1234/2279/4984 4812/2278/4984 6284/3115/4984
f 6284/3115/4984 4812/2278/4984 1551/2277/4984
f 4548/2272/4984 6284/3115/4984 4556/3116/4984
f 1538/2280/4984 4854/3118/4984 6285/3117/4984
f 4854/3118/4984 1235/2285/4984 3533/2284/4985
f 6285/3117/4984 3533/2284/4985 1234/2279/4984
f 4549/2283/4984 6285/3117/4984 4853/3114/4984
f 1548/2286/4986 4557/3119/4989 6286/2287/4987
f 4557/3119/4989 1553/2293/4989 4539/2292/4990
f 4539/2292/4990 1552/2319/5002 4558/3120/4991
f 6286/2287/4987 4558/3120/4991 1547/2289/4992
f 1549/2294/4984 4855/2296/4984 6287/3121/4984
f 4855/2296/4984 1236/2299/4984 4849/2298/4984
f 6287/3121/4984 4849/2298/4984 1553/2293/4989
f 4551/2297/4984 6287/3121/4984 4557/3119/4989
f 1536/2300/4993 4856/2302/4996 6288/3122/4994
f 4856/2302/4996 1237/2307/5785 3571/2306/4997
f 6288/3122/4994 3571/2306/4997 1238/2305/4998
f 4552/2303/4995 6288/3122/4994 4857/2304/4999
f 1537/2308/4984 4556/3116/4984 6289/3123/4984
f 4556/3116/4984 1551/2277/4984 4821/2311/4984
f 4821/2311/4984 1236/2299/4984 4855/2296/4984
f 6289/3123/4984 4855/2296/4984 1549/2294/4984
f 1550/2312/4984 4857/2304/4999 6290/3124/4984
f 4857/2304/4999 1238/2305/4998 3573/2315/5000
f 6290/3124/4984 3573/2315/5000 1235/2285/4984
f 4554/2314/4984 6290/3124/4984 4854/3118/4984
f 4558/3120/4991 6291/3125/5003 4555/2316/5001
f 1552/2319/5002 4852/2318/5004 6291/3125/5003
f 4852/2318/5004 1237/2307/5785 4856/2302/4996
f 6291/3125/5003 4856/2302/4996 1536/2300/4993
f 4859/1/5005 6292/11/5009 4563/12/5006
f 1052/5/5008 3322/4/5786 6292/11/5009
f 6292/11/5009 3322/4/5786 1051/5/5010
f 4563/12/5006 6292/11/5009 4860/13/5011
f 4861/4/5013 6293/11/5017 4565/4/5014
f 1053/4/5016 3323/4/5018 6293/11/5017
f 3323/4/5018 1052/5/5008 4859/1/5005
f 6293/11/5017 4859/1/5005 1554/13/5007
f 4792/4/5019 6294/3/5023 4567/1/5020
f 1050/5/5022 4858/4/5408 6294/3/5023
f 6294/3/5023 4858/4/5408 1556/3/5024
f 6294/3/5023 4562/4/5025 1669/5/5026
f 4732/2320/5027 6295/3126/5031 4710/2320/5028
f 1652/2323/5030 4585/2321/5032 6295/3126/5031
f 4585/2321/5032 1568/2323/5065 4588/2320/5033
f 6295/3126/5031 4588/2320/5033 1571/2320/5034
f 1652/7/5030 4712/8/5037 6296/8/5035
f 4712/8/5037 751/8/2257 2996/8/2256
f 6296/8/5035 2996/8/2256 750/8/2255
f 4731/9/5036 6296/8/5035 4569/8/5038
f 1642/2324/5040 4762/2326/5044 6297/3127/5041
f 1646/2324/5043 4733/3151/5578 6297/3127/5041
f 6297/3127/5041 4733/3151/5578 1677/2324/5045
f 4771/3128/5042 6297/3127/5041 4780/2326/5046
f 1556/3/5024 4642/13/5050 6298/13/5048
f 4642/13/5050 1596/56/5015 4643/4/5051
f 6298/13/5048 4643/4/5051 1555/5/5052
f 4635/4/5049 6298/13/5048 4640/13/5053
f 4768/9/5055 6299/8/5058 4778/8/5056
f 1649/7/5039 4569/8/5038 6299/8/5058
f 4569/8/5038 750/8/2255 3207/8/2277
f 6299/8/5058 3207/8/2277 877/8/2275
f 4561/4/5059 6300/1/5063 4571/1/5060
f 1642/4/5062 4586/4/5064 6300/1/5063
f 4586/4/5064 1571/4/5034 4588/4/5033
f 6300/1/5063 4588/4/5033 1568/5/5065
f 4587/4/5066 6301/11/5068 4571/4/5060
f 1566/5/5067 4583/1/5069 6301/11/5068
f 4583/1/5069 1557/12/5096 4560/12/5070
f 6301/11/5068 4560/12/5070 1558/4/5061
f 3330/4/5071 6302/4/5075 4877/1/5072
f 889/5/5074 4865/4/5076 6302/4/5075
f 4865/4/5076 1564/4/5084 4576/4/5077
f 6302/4/5075 4576/4/5077 1666/5/5078
f 3329/4/5079 6303/1/5081 4865/4/5076
f 890/5/5080 4864/1/5310 6303/1/5081
f 6303/1/5081 4864/1/5310 1562/5/5082
f 6303/1/5081 4575/4/5083 1564/4/5084
f 4777/4/5085 6304/4/5089 4773/4/5086
f 1673/13/5088 4580/4/5090 6304/4/5089
f 4580/4/5090 1558/4/5438 4560/4/5091
f 6304/4/5089 4560/4/5091 1557/13/5092
f 4773/4/5093 6305/1/5097 4776/5/5094
f 1557/12/5096 4583/1/5069 6305/1/5097
f 4583/1/5069 1566/5/5067 4767/4/5098
f 6305/1/5097 4767/4/5098 1671/60/5099
f 4730/2320/5100 6306/2320/5104 4713/2320/5101
f 1650/2320/5103 4710/2320/5105 6306/2320/5104
f 4710/2320/5105 1571/2320/5116 4595/2320/5106
f 6306/2320/5104 4595/2320/5106 1569/2320/5107
f 1559/4/5108 4596/4/5111 6307/1/5109
f 4596/4/5111 1642/4/5787 4574/4/5112
f 4574/4/5112 1562/4/5788 4597/4/5113
f 6307/1/5109 4597/4/5113 1573/4/5114
f 4595/4/5106 6308/1/5117 4593/4/5115
f 1571/4/5116 4586/4/5118 6308/1/5117
f 4586/4/5118 1642/4/5787 4596/4/5111
f 6308/1/5117 4596/4/5111 1559/4/5108
f 1639/2329/5119 4791/2329/5119 6309/3129/2341
f 4791/2329/5119 1043/29/5445 3327/28/2344
f 6309/3129/2341 3327/28/2344 2/9/2343
f 4589/28/5120 6309/3129/2341 3226/29/2343
f 1573/4/5114 4597/4/5113 6310/1/5121
f 4597/4/5113 1562/4/5788 4594/4/5123
f 6310/1/5121 4594/4/5123 1570/4/5124
f 4590/4/5122 6310/1/5121 4598/4/5125
f 1573/4/5127 4603/4/5130 6311/4/5128
f 4603/4/5130 1577/4/5137 4600/4/5131
f 6311/4/5128 4600/4/5131 1574/4/5132
f 4592/4/5129 6311/4/5128 4602/4/5133
f 1572/4/5135 4604/4/5135 6312/1/5136
f 4604/4/5135 1576/4/5135 4599/4/5136
f 6312/1/5136 4599/4/5136 1577/4/5137
f 4590/4/5136 6312/1/5136 4603/4/5130
f 1559/4/5134 4602/4/5133 6313/1/19
f 4602/4/5133 1574/4/5132 4601/4/19
f 4601/4/19 1575/4/19 4605/4/19
f 4593/4/19 6313/1/19 4605/4/19
f 4729/9/5138 6314/28/19 4591/9/19
f 1654/29/5138 4794/9/19 6314/28/19
f 4794/9/19 3/7/19 3297/8/19
f 6314/28/19 3297/8/19 765/9/19
f 4728/2331/5139 6315/2333/5143 4716/2333/5140
f 1655/2330/5142 4607/2331/5144 6315/2333/5143
f 4607/2331/5144 1581/2330/5439 4608/2331/5145
f 6315/2333/5143 4608/2331/5145 1582/2332/5146
f 1638/4/5147 4752/4/5151 6316/2/5148
f 4609/4/5150 6316/2/5148 4752/4/5151
f 1583/4/5153 4702/1/5149 6316/2/5148
f 4721/1847/2380 6317/66/2381 4727/9/5154
f 774/1847/2380 3072/66/2381 6317/66/2381
f 3072/66/2381 779/8/2382 4611/8/2382
f 6317/66/2381 4611/8/2382 1656/7/5141
f 1591/10/5155 4628/4/5158 6318/4/5156
f 1595/3/5054 4640/1/5053 6318/4/5156
f 4640/1/5053 1555/5/5052 4639/4/5159
f 6318/4/5156 4639/4/5159 1593/4/5160
f 1585/4/5161 4616/4/5164 6319/1/5162
f 4616/4/5164 1555/4/5789 4637/4/5165
f 6319/1/5162 4637/4/5165 1584/4/5166
f 4612/4/5163 6319/1/5162 4617/4/5166
f 4726/29/2397 6320/3129/2398 4717/28/2399
f 4726/29/2397 1660/29/2399 4720/28/2398
f 4720/28/2398 749/9/2398 3044/28/2398
f 6320/3129/2398 3044/28/2398 784/9/2398
f 4636/4/5168 6321/1/5170 4702/1/5149
f 1578/4/5169 4618/4/5173 6321/1/5170
f 6321/1/5170 4618/4/5173 1586/4/5171
f 4702/1/5149 6321/1/5170 4705/4/5172
f 4618/4/5173 6322/1/5175 4606/4/5174
f 1578/4/5169 4615/4/5176 6322/1/5175
f 4615/4/5176 1555/4/5789 4616/4/5164
f 6322/1/5175 4616/4/5164 1585/4/5161
f 1567/4/2410 4624/4/2410 6323/1/2410
f 4624/4/2410 1587/4/2410 4620/4/2410
f 6323/1/2410 4620/4/2410 1589/4/2410
f 4612/4/2410 6323/1/2410 4625/4/2410
f 4725/9/2411 6324/28/2411 4721/1847/2380
f 1659/29/2411 4719/9/2411 6324/28/2411
f 4719/9/2411 791/7/2411 3135/66/2411
f 6324/28/2411 3135/66/2411 774/1847/2380
f 1657/2320/2410 4724/2320/2410 6325/2320/2410
f 4724/2320/2410 1658/2320/2410 4621/2320/2410
f 6325/2320/2410 4621/2320/2410 1587/2320/2410
f 4613/2320/2410 6325/2320/2410 4624/2320/2410
f 1585/4/5177 4625/4/5180 6326/1/5178
f 4625/4/5180 1589/4/5790 4619/4/5181
f 6326/1/5178 4619/4/5181 1590/4/5182
f 4606/4/5179 6326/1/5178 4627/4/5183
f 4627/4/2411 6327/1/2411 4614/4/5185
f 1590/4/2411 4622/4/2411 6327/1/2411
f 4622/4/2411 1588/4/2411 4626/4/2411
f 6327/1/2411 4626/4/2411 1579/4/5186
f 1609/13/5187 4629/4/5190 6328/4/5188
f 4629/4/5190 1591/10/5155 4632/4/5157
f 6328/4/5188 4632/4/5157 1593/4/5160
f 4631/12/5189 6328/4/5188 4630/4/5191
f 4633/4/5193 6329/1/5197 4636/4/5194
f 1593/4/5196 4639/4/5198 6329/1/5197
f 4639/4/5198 1555/4/5791 4615/4/5199
f 6329/1/5197 4615/4/5199 1578/4/5200
f 1602/1/5201 4658/3/5204 6330/2086/5202
f 4658/3/5204 1595/1/5054 4628/2/5158
f 4628/2/5158 1591/1/5155 4659/3/5205
f 6330/2086/5202 4659/3/5205 1565/1/5206
f 1583/4/5195 4609/4/5208 6331/1/5207
f 4609/4/5208 1580/4/5792 4634/4/5209
f 6331/1/5207 4634/4/5209 1610/4/5210
f 4633/4/5193 6331/1/5207 4630/4/5211
f 4641/4/5212 6332/13/5216 4570/2342/5213
f 1584/4/5215 4637/4/5793 6332/13/5216
f 6332/13/5216 4637/4/5793 1555/4/5052
f 4570/2342/5213 6332/13/5216 4643/4/5051
f 1651/2085/5217 4711/7/5220 6333/8/5218
f 4711/7/5220 799/7/2459 3070/8/2458
f 6333/8/5218 3070/8/2458 749/9/2457
f 4723/9/5219 6333/8/5218 4720/9/2457
f 4673/4/5222 6334/4/5226 4665/4/5223
f 1614/4/5225 4669/4/5227 6334/4/5226
f 4669/4/5227 1616/4/5291 4672/4/5228
f 6334/4/5226 4672/4/5228 1594/4/5229
f 4705/4/5172 6335/1/5231 4610/1/5230
f 1586/4/5171 4614/4/5185 6335/1/5231
f 4614/4/5185 1579/4/5186 4704/4/5232
f 6335/1/5231 4704/4/5232 1582/5/5146
f 4867/3130/5233 6336/3132/5237 4798/12/5234
f 1632/3131/5236 4648/2337/5238 6336/3132/5237
f 4648/2337/5238 1608/2341/5250 4577/2336/5239
f 6336/3132/5237 4577/2336/5239 1607/13/5240
f 1604/4/5241 4573/4/5244 6337/3/5242
f 4573/4/5244 1601/5/5274 4645/4/5245
f 6337/3/5242 4645/4/5245 1598/3/5246
f 4653/12/5243 6337/3/5242 4647/4/5247
f 4577/2336/5239 6338/3133/5251 4663/12/5249
f 1608/2341/5250 4649/3134/5252 6338/3133/5251
f 4649/3134/5252 1560/2356/5794 4662/2/5253
f 6338/3133/5251 4662/2/5253 1599/4/5254
f 1605/4/5248 4647/4/5247 6339/2/5255
f 4647/4/5247 1598/3/5246 4652/13/5257
f 6339/2/5255 4652/13/5257 1668/60/5258
f 4654/12/5256 6339/2/5255 4646/60/5259
f 887/5/5261 4862/4/5264 6340/3/5262
f 1565/10/5206 4700/4/5283 6340/3/5262
f 6340/3/5262 4700/4/5283 1561/13/5265
f 4796/4/5263 6340/3/5262 4699/4/5266
f 4579/13/5268 6341/3/5272 4655/4/5269
f 1645/13/5271 4656/4/5273 6341/3/5272
f 4656/4/5273 1598/3/5246 4645/4/5245
f 6341/3/5272 4645/4/5245 1601/5/5274
f 4578/12/5275 6342/1/5277 4656/4/5273
f 1644/11/5276 4657/4/5278 6342/1/5277
f 4657/4/5278 1668/60/5258 4652/13/5257
f 6342/1/5277 4652/13/5257 1598/3/5246
f 4562/4/5025 6343/3/5280 4759/4/5279
f 4562/4/5025 1556/3/5024 4635/4/5049
f 6343/3/5280 4635/4/5049 1595/3/5054
f 4759/4/5279 6343/3/5280 4658/4/5204
f 1591/10/5155 4629/11/5190 6344/2/5281
f 4629/11/5190 1609/13/5187 4697/1/5282
f 6344/2/5281 4697/1/5282 1561/2/5265
f 4659/4/5205 6344/2/5281 4700/4/5283
f 4870/4/5284 6345/15/5287 4871/12/5285
f 894/4/3354 3344/4/2920 6345/15/5287
f 3344/4/2920 1237/4/2917 4850/4/5288
f 6345/15/5287 4850/4/5288 1546/4/5289
f 4672/4/5228 6346/11/5292 4664/4/5290
f 1616/4/5291 4668/4/5293 6346/11/5292
f 4668/4/5293 1615/5/5795 4674/13/5294
f 6346/11/5292 4674/13/5294 1592/5/5295
f 1592/5/5295 4674/13/5294 6347/1/5296
f 4674/13/5294 1615/5/5795 4670/4/5298
f 6347/1/5296 4670/4/5298 1613/4/5299
f 4666/4/5297 6347/1/5296 4671/4/5300
f 4789/2320/5302 6348/2320/5304 4790/2320/3604
f 1570/2320/5303 4863/2320/5309 6348/2320/5304
f 6348/2320/5304 4863/2320/5309 888/2320/5305
f 4790/2320/3604 6348/2320/5304 4826/2320/5306
f 4594/4/5308 6349/1/5311 4863/4/5309
f 4594/4/5308 1562/5/5082 4864/1/5310
f 4864/1/5310 890/5/5080 3328/4/5312
f 6349/1/5311 3328/4/5312 888/4/5305
f 4655/4/5313 6350/1/5317 4676/4/5314
f 1601/4/5316 4866/4/5318 6350/1/5317
f 4866/4/5318 891/2/5326 4803/4/5319
f 6350/1/5317 4803/4/5319 1619/1/5320
f 4573/4/5321 6351/13/5323 4866/4/5318
f 1604/4/5322 4677/4/5324 6351/13/5323
f 4677/4/5324 1617/4/5332 4802/4/5325
f 6351/13/5323 4802/4/5325 891/2/5326
f 1604/4/5322 4653/12/5328 6352/1/5327
f 4653/12/5328 1605/4/5333 4678/1/5329
f 6352/1/5327 4678/1/5329 1618/5/5330
f 4677/4/5324 6352/1/5327 4675/4/5331
f 1605/4/5333 4654/12/5335 6353/11/5334
f 4654/12/5335 1603/4/5796 4804/4/5336
f 6353/11/5334 4804/4/5336 892/4/5337
f 4678/1/5329 6353/11/5334 4800/4/5338
f 1662/5/5339 4559/4/5342 6354/11/5340
f 4559/4/5342 1648/5/5797 4568/1/5343
f 6354/11/5340 4568/1/5343 1643/5/5344
f 4781/1/5341 6354/11/5340 4566/4/5345
f 4738/13/5347 6355/3135/5351 4679/4/5348
f 1636/5/5350 4695/2/5352 6355/3135/5351
f 4695/2/5352 1560/2356/5794 4734/2344/5353
f 6355/3135/5351 4734/2344/5353 1623/5/5354
f 4735/3136/5355 6356/3138/5358 4680/2345/5356
f 1608/3137/5250 4648/2337/5238 6356/3138/5358
f 4648/2337/5238 1632/3131/5236 4736/3139/5359
f 6356/3138/5358 4736/3139/5359 1627/5/5360
f 4651/4/5361 6357/1/5365 4679/4/5362
f 1624/4/5364 4685/4/5366 6357/1/5365
f 4685/4/5366 1620/4/5798 4696/4/5367
f 6357/1/5365 4696/4/5367 1637/13/5368
f 4693/4/5369 6358/1/5373 4684/4/5370
f 1634/13/5372 4683/4/2610 6358/1/5373
f 4683/4/2610 1621/4/19 4686/4/5374
f 6358/1/5373 4686/4/5374 1628/4/5375
f 4686/4/5376 6359/2/5380 4682/4/5377
f 1621/4/5379 4687/4/5381 6359/2/5380
f 4687/4/5381 1622/4/5385 4689/4/5382
f 6359/2/5380 4689/4/5382 1625/5/5383
f 4689/4/5382 6360/1/5386 4661/4/5384
f 1622/4/5385 4688/4/5387 6360/1/5386
f 4688/4/5387 1620/4/5402 4685/4/5388
f 6360/1/5386 4685/4/5388 1624/4/5389
f 1606/5/5267 4699/4/5266 6361/3140/5390
f 4699/4/5266 1561/13/5265 4692/3141/5392
f 4692/3141/5392 1632/3131/5236 4867/3130/5233
f 4797/4/5391 6361/3140/5390 4867/3130/5233
f 1623/5/5354 4734/2344/5353 6362/3142/5393
f 4734/2344/5353 1560/2356/5794 4649/2355/5252
f 6362/3142/5393 4649/2355/5252 1608/3137/5250
f 4681/2354/5394 6362/3142/5393 4735/3136/5355
f 1633/12/5286 4698/12/5396 6363/15/5395
f 4698/12/5396 1609/12/5548 4869/12/5397
f 6363/15/5395 4869/12/5397 885/4/5398
f 4870/4/5284 6363/15/5395 3331/4/3356
f 4874/13/5399 6364/1/5400 4688/4/5387
f 893/5/2949 4809/4/3439 6364/1/5400
f 4809/4/3439 1600/4/3441 4750/4/5401
f 6364/1/5400 4750/4/5401 1620/4/5402
f 4848/4/5403 6365/4/5406 4875/1/5404
f 893/5/2949 4874/4/5399 6365/4/5406
f 4874/4/5399 1622/4/5385 4687/4/5381
f 6365/4/5406 4687/4/5381 1621/5/5379
f 1556/3/5024 4858/13/5408 6366/13/5407
f 4858/13/5408 1050/5/5022 3324/4/5409
f 6366/13/5407 3324/4/5409 1053/4/5016
f 4642/13/5050 6366/13/5407 4861/4/5013
f 1670/13/5410 4878/1/5413 6367/11/5411
f 4878/1/5413 1511/5/5571 4793/4/5414
f 6367/11/5411 4793/4/5414 1647/5/5021
f 4564/12/5412 6367/11/5411 4567/13/5020
f 4671/4/5415 6368/4/5419 4644/4/5416
f 1613/4/5418 4667/4/5420 6368/4/5419
f 4667/4/5420 1614/4/5225 4673/4/5222
f 6368/4/5419 4673/4/5222 1611/4/5224
f 1561/15/5265 4697/2/5282 6369/3143/5421
f 4698/12/5422 6369/3143/5421 4697/1/5282
f 1633/12/5423 4694/15/5425 6369/3143/5421
f 4691/2358/5424 6369/3143/5421 4694/15/5425
f 4692/2352/5392 6369/3143/5421 4691/2385/5424
f 1620/4/5402 4750/4/5401 6370/13/5427
f 4750/4/5401 1600/4/3441 4660/4/5429
f 6370/13/5427 4660/4/5429 1636/5/5350
f 4696/4/5428 6370/13/5427 4738/13/5347
f 887/5/5261 4795/4/5431 6371/3/5430
f 4795/4/5431 1603/5/5260 4765/4/5432
f 4765/4/5432 1602/10/5201 4650/4/5203
f 4862/4/5264 6371/3/5430 4650/4/5203
f 4775/1/5433 6372/11/5435 4580/4/5090
f 1646/5/5434 4762/4/5436 6372/11/5435
f 4762/4/5436 1642/4/5799 4561/4/5437
f 6372/11/5435 4561/4/5437 1558/4/5438
f 4608/4/5145 6373/1/5440 4610/4/5230
f 1581/4/5439 4751/4/5441 6373/1/5440
f 4751/4/5441 1580/4/5152 4752/4/5151
f 6373/1/5440 4752/4/5151 1638/4/5147
f 1572/2320/5126 4598/2320/5125 6374/2320/5442
f 4598/2320/5125 1570/2320/5124 4789/2320/5444
f 6374/2320/5442 4789/2320/5444 1043/2320/5445
f 4706/2320/5443 6374/2320/5442 4791/2320/5119
f 1576/497/5446 4707/498/5449 6375/498/5447
f 4707/498/5449 1575/497/5456 4601/499/5450
f 6375/498/5447 4601/499/5450 1574/498/5451
f 4599/499/5448 6375/498/5447 4600/499/5452
f 1654/497/5454 4714/499/5457 6376/501/5455
f 1575/497/5456 4707/498/5449 6376/501/5455
f 6376/501/5455 4707/498/5449 1576/497/5446
f 4830/498/4509 6376/501/5455 4872/499/5458
f 4619/2360/2697 6377/2362/2698 4622/2360/2698
f 1589/2361/2697 4620/2360/2697 6377/2362/2698
f 4620/2360/2697 1587/2362/2697 4708/2362/2697
f 4622/2360/2698 6377/2362/2698 4708/2362/2697
f 1658/2362/2697 4718/2360/2697 6378/2362/2697
f 789/2362/2697 3140/2362/2697 6378/2362/2697
f 3140/2362/2697 791/2362/2697 4719/2360/2698
f 4722/2362/2697 6378/2362/2697 4719/2360/2698
f 4667/499/5459 6379/498/5463 4669/499/5460
f 1613/498/5462 4670/499/5464 6379/498/5463
f 4670/499/5464 1615/498/5800 4668/499/5465
f 6379/498/5463 4668/499/5465 1616/498/5466
f 4621/2360/2697 6380/2362/2697 4708/2362/2697
f 1658/2362/2697 4722/2362/2697 6380/2362/2697
f 4722/2362/2697 1659/2362/2697 4623/2360/2697
f 4708/2362/2697 6380/2362/2697 4623/2360/2697
f 1597/2323/5214 4584/2321/5468 6381/2320/5467
f 4584/2321/5468 1651/2323/5217 4723/2320/5219
f 6381/2320/5467 4723/2320/5219 1660/2320/5221
f 4641/2320/5212 6381/2320/5467 4638/2320/5469
f 3054/8/2410 6382/8/2410 4717/9/2410
f 3054/8/2410 789/7/2410 4718/9/2410
f 6382/8/2410 4718/9/2410 1658/29/2410
f 4717/9/2410 6382/8/2410 4724/9/2410
f 4626/2331/2411 6383/2333/2411 4703/2331/5470
f 1588/2330/2411 4623/2331/2411 6383/2333/2411
f 4623/2331/2411 1659/2330/2411 4725/2331/2411
f 6383/2333/2411 4725/2331/2411 1661/2330/2380
f 1567/2320/5167 4617/2320/5166 6384/2320/2713
f 4617/2320/5166 1584/2320/5166 4638/2320/5471
f 6384/2320/2713 4638/2320/5471 1660/2320/2399
f 4613/2320/2713 6384/2320/2713 4726/2320/2397
f 1579/2330/5186 4703/2331/5470 6385/2333/5472
f 4703/2331/5470 1661/2330/2380 4727/2331/5154
f 6385/2333/5472 4727/2331/5154 1656/2332/5141
f 4704/2331/5232 6385/2333/5472 4716/2333/5140
f 779/8/2382 3035/28/2717 6386/8/2717
f 3035/28/2717 777/7/2718 4715/9/2718
f 4715/9/2718 1655/29/5142 4728/9/5139
f 6386/8/2717 4728/9/5139 1656/7/5141
f 4605/2320/19 6387/2320/19 4713/2320/19
f 1575/2320/19 4714/2320/19 6387/2320/19
f 4714/2320/19 1654/2320/5138 4729/2320/5138
f 6387/2320/19 4729/2320/5138 1653/2320/5138
f 765/9/2719 3019/28/2719 6388/28/5473
f 3019/28/2719 752/9/2719 4572/28/2721
f 4572/28/2721 1650/29/5103 4730/29/5100
f 6388/28/5473 4730/29/5100 1653/29/5102
f 4767/2320/5098 6389/2365/5475 4774/2322/5474
f 1566/2323/5067 4701/2321/5476 6389/2365/5475
f 4701/2321/5476 1649/2323/5039 4768/2320/5055
f 6389/2365/5475 4768/2320/5055 1672/2323/5057
f 1568/2323/5065 4585/2321/5032 6390/2364/5477
f 4585/2321/5032 1652/2323/5030 4731/2320/5036
f 6390/2364/5477 4731/2320/5036 1649/2323/5039
f 4587/2320/5066 6390/2364/5477 4701/2321/5476
f 2993/8/2727 6391/8/5479 4572/9/5478
f 751/8/2257 4712/8/5037 6391/8/5479
f 4712/8/5037 1652/7/5030 4732/9/5027
f 6391/8/5479 4732/9/5027 1650/29/5029
f 1576/2320/5135 4604/2320/5135 6392/2320/5480
f 4604/2320/5135 1572/2320/5135 4706/2320/5480
f 6392/2320/5480 4706/2320/5480 1639/2320/5481
f 4872/2320/5480 6392/2320/5480 4873/2320/5481
f 768/9/336 3311/8/336 6393/8/336
f 3311/8/336 4/7/336 3646/9/336
f 6393/8/336 3646/9/336 1380/29/5481
f 4589/1847/336 6393/8/336 4873/1847/5481
f 4868/4/5482 6394/1/5484 4532/4/5483
f 1635/1/5426 4694/1/5425 6394/1/5484
f 4694/1/5425 1633/12/5423 4871/12/5485
f 6394/1/5484 4871/12/5485 1546/4/5486
f 1664/2366/5487 4749/2368/5490 6395/2368/5488
f 4749/2368/5490 1663/2369/5508 4741/2368/5491
f 6395/2368/5488 4741/2368/5491 1630/2369/5492
f 4740/2368/5489 6395/2368/5488 4690/2368/5493
f 4743/2371/5495 6396/3144/5498 4680/2370/5496
f 4743/2371/5495 1631/2372/5505 4709/2375/5497
f 6396/3144/5498 4709/2375/5497 1629/2372/5499
f 4680/2370/5496 6396/3144/5498 4742/2373/5500
f 4684/2375/5370 6397/2377/5503 4743/2371/5495
f 4684/2375/5370 1628/2378/5375 4746/2375/5502
f 4746/2375/5502 1665/2378/5801 4739/2375/5504
f 6397/2377/5503 4739/2375/5504 1631/2372/5505
f 4748/2368/5506 6398/2367/5509 4739/2368/5507
f 1664/2366/5487 4740/2368/5489 6398/2367/5509
f 4740/2368/5489 1629/2366/5494 4709/2368/5510
f 6398/2367/5509 4709/2368/5510 1631/2369/5511
f 4690/2375/5512 6399/3146/5514 4742/3145/5500
f 4690/2375/5512 1630/2372/5518 4744/2376/5513
f 4744/2376/5513 1623/2372/5363 4681/2380/5515
f 6399/3146/5514 4681/2380/5515 1626/2347/5501
f 4651/2375/5361 6400/3147/5517 4747/2375/5516
f 4651/2375/5361 1623/2372/5363 4744/2371/5513
f 6400/3147/5517 4744/2371/5513 1630/2372/5518
f 4747/2375/5516 6400/3147/5517 4741/2375/5519
f 1628/2378/5378 4682/2375/5377 6401/2382/5521
f 4682/2375/5377 1625/2372/5383 4745/2382/5523
f 6401/2382/5521 4745/2382/5523 1664/2372/5524
f 4746/2375/5522 6401/2382/5521 4748/2375/5525
f 1625/2372/5383 4661/2375/5384 6402/2383/5527
f 4661/2375/5384 1624/2378/5389 4747/2375/5528
f 6402/2383/5527 4747/2375/5528 1663/2378/5529
f 4745/2382/5523 6402/2383/5527 4749/2375/5530
f 1632/3131/5236 4691/3150/5424 6403/3148/5531
f 1635/10/5426 4737/4/5532 6403/3148/5531
f 4737/4/5532 1634/12/5536 4693/4/5533
f 6403/3148/5531 4693/4/5533 1627/5/5360
f 4868/4/5482 6404/1/5534 4737/4/5532
f 1532/5/5405 4875/1/5404 6404/1/5534
f 6404/1/5534 4875/1/5404 1621/5/5379
f 6404/1/5534 4683/4/5535 1634/12/5536
f 1610/2386/5537 4634/2388/5538 6405/2387/5538
f 4634/2388/5538 1580/2386/5538 4753/2388/5540
f 6405/2387/5538 4753/2388/5540 1611/2386/5541
f 4754/2388/5539 6405/2387/5538 4665/2388/5542
f 4754/2388/5539 6406/2387/5545 4631/2388/5544
f 1594/2386/5543 4664/2388/5802 6406/2387/5545
f 6406/2387/5545 4664/2388/5802 1592/2387/5546
f 4631/2388/5544 6406/2387/5545 4755/2387/5547
f 1612/2386/5549 4876/2388/5552 6407/2387/5550
f 4876/2388/5552 885/2386/5398 4869/2388/5397
f 6407/2387/5550 4869/2388/5397 1609/2390/5548
f 6407/2387/5550 4755/2387/5547 1592/2387/5546
f 1612/2386/5549 4644/2388/5554 6408/2387/5553
f 1611/2386/5541 4753/2388/5540 6408/2387/5553
f 4753/2388/5540 1580/2386/5538 4799/2388/5555
f 4876/2388/5552 6408/2387/5553 4799/2388/5555
f 4834/4/5556 6409/1/5557 4676/4/5314
f 1507/5/5073 4877/1/5072 6409/1/5557
f 4877/1/5072 1666/5/5078 4756/4/5558
f 6409/1/5557 4756/4/5558 1563/4/5315
f 4579/1/5268 6410/1/5560 4757/4/5559
f 1563/5/5270 4756/4/5561 6410/1/5560
f 4756/4/5561 1666/4/5600 4758/2/5562
f 6410/1/5560 4758/2/5562 1667/5/5563
f 1603/5/5260 4646/60/5259 6411/13/5564
f 4646/60/5259 1668/60/5258 4760/4/5565
f 6411/13/5564 4760/4/5565 1669/5/5026
f 6411/13/5564 4759/1/5279 1602/10/5201
f 4760/4/5565 6412/1/5566 4564/12/5412
f 1668/2/5258 4657/4/5278 6412/1/5566
f 4657/4/5278 1644/11/5276 4761/12/5567
f 4564/12/5412 6412/1/5566 4761/12/5567
f 1643/5/5344 4568/13/5343 6413/11/5568
f 4568/13/5343 1648/5/5797 4836/4/5570
f 6413/11/5568 4836/4/5570 1511/5/5571
f 4764/12/5569 6413/11/5568 4878/1/5413
f 4582/2320/5572 6414/2365/5573 4584/2321/5468
f 1671/2323/5099 4774/2322/5474 6414/2365/5573
f 4774/2322/5474 1672/2323/5057 4581/2320/5574
f 6414/2365/5573 4581/2320/5574 1651/2323/5217
f 4779/2326/5575 6415/2392/5577 4772/2326/5576
f 1677/2324/5045 4733/3151/5578 6415/2392/5577
f 4733/3151/5578 1646/2324/5043 4766/2326/5579
f 6415/2392/5577 4766/2326/5579 1641/2328/5012
f 4563/12/5580 6416/11/5584 4769/12/5581
f 1641/4/5583 4766/4/5585 6416/11/5584
f 4766/4/5585 1646/5/5434 4775/1/5433
f 6416/11/5584 4775/1/5433 1673/13/5088
f 4770/4/5586 6417/13/5587 4570/2342/5213
f 1674/60/5095 4776/5/5094 6417/13/5587
f 4776/5/5094 1671/60/5099 4582/4/5572
f 6417/13/5587 4582/4/5572 1597/56/5214
f 4565/4/5588 6418/13/5591 4770/4/5589
f 1554/12/5582 4769/12/5581 6418/13/5591
f 4769/12/5581 1673/12/5088 4777/4/5085
f 6418/13/5591 4777/4/5085 1674/2/5087
f 4581/9/5574 6419/7/5592 4711/8/5220
f 1672/2085/5057 4778/8/5056 6419/7/5592
f 4778/8/5056 877/8/2275 3203/7/2838
f 6419/7/5592 3203/7/2838 799/7/2459
f 1051/5/5010 4837/4/5594 6420/11/5593
f 4837/4/5594 1662/5/5339 4781/1/5341
f 6420/11/5593 4781/1/5341 1675/5/5346
f 4860/1/5011 6420/11/5593 4772/4/5576
f 1564/4/5595 4782/3153/5598 6421/3152/5596
f 4782/3153/5598 1676/2324/5047 4763/2326/5599
f 6421/3152/5596 4763/2326/5599 1667/2328/5563
f 4576/4/5597 6421/3152/5596 4758/2395/5562
f 4771/3154/5042 6422/3155/5602 4574/2395/5601
f 1676/2324/5047 4782/3156/5598 6422/3155/5602
f 4782/3156/5598 1564/4/5595 4575/4/5603
f 6422/3155/5602 4575/4/5603 1562/4/5604
f 4566/2399/5345 6423/2400/5607 4880/2401/5605
f 4566/2399/5345 1643/2400/5344 4881/2400/5606
f 6423/2400/5607 4881/2400/5606 1512/2400/5608
f 4880/2401/5605 6423/2400/5607 4502/2399/5609
f 1643/2400/5344 4764/2399/5569 6424/2400/5611
f 4764/2399/5569 1670/2400/5410 4882/2400/5612
f 6424/2400/5611 4882/2400/5612 1513/2400/5613
f 4881/2400/5606 6424/2400/5611 4503/2399/5614
f 1670/2400/5410 4761/2399/5567 6425/2400/5615
f 1644/2400/5276 4785/2400/5616 6425/2400/5615
f 4785/2400/5616 1678/2400/5621 4879/2399/5617
f 4882/2400/5612 6425/2400/5615 4879/2399/5617
f 4578/2399/5275 6426/2400/5618 4785/2400/5616
f 1645/2400/5271 4786/2400/5619 6426/2400/5618
f 4786/2400/5619 1679/2400/5625 4783/2399/5620
f 6426/2400/5618 4783/2399/5620 1678/2400/5621
f 4757/2399/5559 6427/2400/5622 4786/2400/5619
f 1667/2400/5563 4787/2400/5623 6427/2400/5622
f 4787/2400/5623 1680/2400/5630 4784/2399/5624
f 6427/2400/5622 4784/2399/5624 1679/2400/5625
f 4763/2399/5599 6428/2400/5627 4787/2400/5623
f 4763/2399/5599 1676/2400/5047 4883/2400/5626
f 6428/2400/5627 4883/2400/5626 1515/2400/5628
f 6428/2400/5627 4838/2399/5629 1680/2400/5630
f 1676/2400/5047 4780/2399/5046 6429/2400/5631
f 4780/2399/5046 1677/2400/5045 4788/2400/5632
f 4788/2400/5632 1681/2400/5636 4840/2399/5633
f 4883/2400/5626 6429/2400/5631 4840/2399/5633
f 4779/2399/5575 6430/2400/5634 4788/2400/5632
f 1675/2400/5346 4880/2401/5605 6430/2400/5634
f 4880/2401/5605 1514/2400/5610 4839/2399/5635
f 6430/2400/5634 4839/2399/5635 1681/2400/5636
f 4844/3093/4860 6431/3157/5638 4879/2404/5637
f 1517/2161/4859 4507/2409/4864 6431/3157/5638
f 4507/2409/4864 1520/3216/4853 4515/2408/4850
f 6431/3157/5638 4515/2408/4850 1513/2406/4852
