# Blender 4.5.5 LTS
# www.blender.org
o Wheel
v -0.209605 0.132887 -0.320703
v 0.084764 0.133293 -0.321265
v -0.209446 -0.133033 -0.321332
v 0.084497 -0.133193 -0.321537
v -0.209605 -0.320622 -0.132854
v 0.084408 -0.321669 -0.133114
v -0.209658 -0.320535 0.133015
v 0.084408 -0.321669 0.133484
v -0.209658 -0.132686 0.320864
v 0.084497 -0.133193 0.321908
v -0.209658 0.132973 0.320864
v 0.084764 0.133293 0.321635
v -0.209658 0.320823 0.133015
v 0.084497 0.321920 0.133394
v -0.209658 0.320823 -0.132644
v 0.084497 0.321920 -0.133023
v -0.139497 0.139044 -0.335149
v 0.014782 0.139044 -0.335149
v 0.014782 -0.138756 -0.335149
v -0.139497 -0.138756 -0.335149
v 0.014782 -0.335190 -0.138715
v -0.139497 -0.335190 -0.138715
v 0.014782 -0.335190 0.139085
v -0.139497 -0.335190 0.139085
v 0.014782 -0.138756 0.335519
v -0.139497 -0.138756 0.335519
v 0.014782 0.139044 0.335519
v -0.139497 0.139044 0.335519
v 0.014782 0.335478 0.139085
v -0.139497 0.335478 0.139085
v 0.014782 0.335478 -0.138715
v -0.139497 0.335478 -0.138715
v -0.234917 -0.104416 -0.252246
v 0.108806 -0.105379 -0.253479
v 0.108271 -0.254065 -0.105112
v 0.108271 -0.254065 0.105482
v 0.108806 -0.105379 0.253849
v 0.108806 0.254127 0.104937
v 0.108806 0.254127 -0.104567
v -0.235874 0.102100 -0.248473
v 0.100408 0.104538 -0.251844
v -0.235874 -0.247778 -0.103549
v -0.236193 -0.247257 0.102662
v -0.236193 -0.102333 0.247586
v -0.236193 0.102621 0.247586
v 0.100408 0.104538 0.252214
v -0.236193 0.247545 0.102662
v -0.236193 0.247545 -0.102292
v -0.226193 0.090545 -0.218062
v 0.101477 0.090545 -0.218062
v -0.226193 -0.090257 -0.218062
v 0.101477 -0.090257 -0.218062
v -0.226193 -0.218103 -0.090216
v 0.101477 -0.218103 -0.090216
v -0.226193 -0.218103 0.090586
v 0.101477 -0.218103 0.090586
v -0.226193 -0.090257 0.218432
v 0.101477 -0.090257 0.218432
v -0.226193 0.090545 0.218432
v 0.101477 0.090545 0.218432
v -0.226193 0.218391 0.090586
v 0.101477 0.218391 0.090586
v -0.226193 0.218391 -0.090216
v 0.101477 0.218391 -0.090216
v 0.098271 -0.254065 -0.105112
v 0.098806 -0.105379 -0.253479
v 0.098271 -0.254065 0.105482
v 0.098806 -0.105379 0.253849
v 0.098806 0.254127 -0.104567
v 0.098806 0.254127 0.104937
v 0.110408 0.104538 -0.251844
v 0.110408 0.104538 0.252214
v -0.225874 -0.247778 -0.103549
v -0.226193 -0.247257 0.102662
v -0.226193 -0.102333 0.247586
v -0.226193 0.102621 0.247586
v -0.226193 0.247545 0.102662
v -0.226193 0.247545 -0.102292
v -0.225874 0.102100 -0.248473
v -0.224917 -0.104416 -0.252246
v 0.015958 0.262757 0.008368
v 0.015958 0.262757 -0.008374
v 0.015297 0.067287 0.013171
v 0.082930 0.262757 0.008368
v 0.082930 0.262757 -0.008374
v -0.091275 0.067232 -0.013544
v 0.015958 0.245959 -0.092822
v -0.091275 0.057115 -0.037970
v 0.015958 0.239552 -0.108291
v 0.015313 0.067241 -0.013590
v 0.082930 0.245959 -0.092822
v 0.015313 0.057153 -0.037944
v 0.082930 0.239552 -0.108291
v 0.015958 0.191716 -0.179882
v 0.015958 0.179877 -0.191721
v 0.082930 0.191716 -0.179882
v 0.015297 0.038264 -0.056899
v 0.082930 0.179877 -0.191721
v -0.091275 0.037965 -0.057120
v 0.015958 0.108286 -0.239557
v -0.091275 0.013539 -0.067237
v 0.015958 0.092817 -0.245964
v 0.082930 0.108286 -0.239557
v 0.082930 0.092817 -0.245964
v 0.015958 0.008369 -0.262762
v 0.015958 -0.008373 -0.262762
v 0.015293 0.013217 -0.067301
v 0.082930 0.008369 -0.262762
v 0.015292 -0.013221 -0.067301
v 0.082930 -0.008373 -0.262762
v -0.091275 -0.013543 -0.067237
v 0.015958 -0.092821 -0.245964
v -0.091274 -0.037969 -0.057120
v 0.015958 -0.108290 -0.239557
v 0.082930 -0.092821 -0.245964
v 0.082930 -0.108290 -0.239557
v 0.015958 -0.179881 -0.191721
v 0.015958 -0.191720 -0.179882
v 0.015292 -0.038242 -0.056937
v 0.082930 -0.179881 -0.191721
v 0.015292 -0.056936 -0.038243
v 0.082930 -0.191720 -0.179882
v -0.091270 -0.057128 -0.037924
v 0.015958 -0.239556 -0.108290
v 0.015958 -0.245963 -0.092822
v 0.082930 -0.239556 -0.108290
v 0.082930 -0.245963 -0.092822
v -0.091252 -0.067317 -0.013138
v 0.015958 -0.262761 -0.008374
v 0.015958 -0.262761 0.008369
v 0.015292 -0.067300 -0.013222
v 0.082930 -0.262761 -0.008374
v 0.015292 -0.067300 0.013216
v 0.082930 -0.262761 0.008369
v -0.091254 -0.067245 0.013584
v 0.015958 -0.245963 0.092816
v -0.091273 -0.057118 0.037964
v 0.015958 -0.239556 0.108285
v 0.082930 -0.245963 0.092816
v 0.082930 -0.239556 0.108285
v 0.019498 0.076890 0.043391
v 0.015958 -0.191720 0.179876
v 0.019500 0.085053 0.023683
v 0.015958 -0.179881 0.191715
v 0.015292 -0.056936 0.038237
v 0.082930 -0.191720 0.179876
v 0.015292 -0.038241 0.056932
v 0.082930 -0.179881 0.191715
v -0.091275 -0.037969 0.057114
v 0.015958 -0.108289 0.239551
v -0.091275 -0.013543 0.067231
v 0.015958 -0.092821 0.245958
v -0.063519 0.077046 0.043183
v 0.082930 -0.108289 0.239551
v -0.063519 0.085016 0.023941
v 0.082930 -0.092821 0.245958
v -0.063521 0.054431 0.069513
v 0.015958 -0.008373 0.262756
v -0.063521 0.069514 0.054430
v 0.015958 0.008370 0.262756
v 0.015292 -0.013221 0.067295
v 0.082930 -0.008373 0.262756
v 0.015292 0.013217 0.067295
v 0.082930 0.008370 0.262756
v -0.091275 0.013539 0.067231
v 0.015958 0.092818 0.245958
v -0.091275 0.037965 0.057114
v 0.015958 0.108286 0.239551
v 0.019499 0.054655 0.069381
v 0.082930 0.092818 0.245958
v 0.019499 0.069382 0.054653
v 0.082930 0.108286 0.239551
v 0.019497 0.023685 0.085052
v 0.015958 0.179877 0.191715
v 0.019497 0.043392 0.076889
v 0.015958 0.191716 0.179876
v 0.015292 0.038238 0.056931
v 0.082930 0.179877 0.191715
v 0.015293 0.056933 0.038237
v 0.082930 0.191716 0.179876
v -0.091275 0.057115 0.037964
v 0.015958 0.239552 0.108284
v -0.091275 0.067232 0.013538
v 0.015958 0.245959 0.092816
v -0.063520 0.023942 0.085015
v 0.082930 0.239552 0.108284
v -0.063519 0.043184 0.077045
v 0.082930 0.245959 0.092816
v 0.000150 0.055539 0.157017
v 0.000150 0.071755 0.150300
v 0.070297 0.071796 0.150269
v 0.070297 0.055488 0.157024
v 0.000149 0.111356 0.123836
v 0.000149 0.123837 0.111355
v 0.070297 0.123811 0.111399
v 0.070297 0.111400 0.123810
v 0.000150 0.150302 0.071753
v 0.000150 0.157018 0.055538
v 0.070297 0.157025 0.055487
v 0.070297 0.150271 0.071794
v 0.000149 0.166308 0.008822
v 0.000150 0.166306 -0.008836
v 0.070300 0.166307 -0.008843
v 0.070298 0.166319 0.008765
v 0.000150 0.157017 -0.055551
v 0.000150 0.150305 -0.071753
v 0.070300 0.150305 -0.071753
v 0.070300 0.157017 -0.055551
v 0.000150 0.123841 -0.111355
v 0.000149 0.111356 -0.123842
v 0.070298 0.111404 -0.123810
v 0.070300 0.123847 -0.111351
v 0.000150 0.071754 -0.150306
v 0.000150 0.055539 -0.157023
v 0.070297 0.055488 -0.157030
v 0.070297 0.071796 -0.150275
v 0.000149 0.008824 -0.166312
v 0.000149 -0.008827 -0.166312
v 0.070297 -0.008778 -0.166325
v 0.070297 0.008774 -0.166325
v 0.000150 -0.055543 -0.157023
v 0.000150 -0.071758 -0.150306
v 0.070297 -0.071799 -0.150275
v 0.070297 -0.055492 -0.157030
v 0.000149 -0.111360 -0.123842
v 0.000150 -0.123841 -0.111361
v 0.070297 -0.123815 -0.111405
v 0.070297 -0.111404 -0.123816
v 0.000151 -0.150307 -0.071752
v 0.000153 -0.157035 -0.055480
v 0.070298 -0.157030 -0.055486
v 0.070297 -0.150274 -0.071800
v 0.000153 -0.166324 -0.008764
v 0.000153 -0.166313 0.008830
v 0.070298 -0.166324 0.008773
v 0.070297 -0.166325 -0.008771
v 0.000153 -0.157022 0.055538
v 0.000150 -0.150305 0.071753
v 0.070297 -0.150274 0.071795
v 0.070297 -0.157029 0.055487
v 0.000149 -0.123841 0.111355
v 0.000149 -0.111360 0.123836
v 0.070297 -0.111404 0.123810
v 0.070297 -0.123815 0.111399
v 0.000150 -0.071758 0.150300
v 0.000150 -0.055543 0.157017
v 0.070297 -0.055492 0.157024
v 0.070297 -0.071799 0.150269
v 0.000149 -0.008827 0.166306
v 0.000149 0.008824 0.166306
v 0.070297 0.008774 0.166319
v 0.070297 -0.008777 0.166319
v 0.019503 0.087700 0.010374
v -0.063517 0.087636 -0.010705
v 0.019516 0.087643 -0.010742
v -0.063520 0.087643 0.010663
v -0.063519 0.077067 -0.043158
v 0.019515 0.077067 -0.043158
v 0.019515 0.085009 -0.023983
v -0.063519 0.085009 -0.023983
v 0.019503 0.054675 -0.069356
v -0.063520 0.054431 -0.069519
v 0.019516 0.069566 -0.054384
v -0.063517 0.069535 -0.054405
v -0.063519 0.023942 -0.085021
v -0.063519 0.043184 -0.077051
v 0.019498 0.023685 -0.085058
v 0.019500 0.043392 -0.076895
v 0.019499 -0.010416 -0.087713
v 0.019499 0.010412 -0.087713
v -0.063521 -0.010668 -0.087648
v -0.063521 0.010664 -0.087648
v -0.063519 -0.043188 -0.077051
v -0.063519 -0.023946 -0.085021
v 0.019497 -0.043396 -0.076895
v 0.019497 -0.023688 -0.085058
v 0.019499 -0.069386 -0.054659
v 0.019499 -0.054658 -0.069387
v -0.063518 -0.069518 -0.054435
v -0.063520 -0.054435 -0.069519
v -0.063515 -0.077057 -0.043152
v -0.063501 -0.085085 -0.023622
v 0.019502 -0.085064 -0.023653
v 0.019498 -0.076894 -0.043397
v 0.019501 -0.087711 0.010411
v 0.019500 -0.087719 -0.010380
v -0.063501 -0.087711 -0.010344
v -0.063502 -0.087654 0.010699
v -0.063518 -0.077050 0.043183
v -0.063503 -0.085020 0.023941
v 0.019497 -0.076894 0.043391
v 0.019500 -0.085057 0.023684
v 0.019499 -0.054658 0.069381
v 0.019499 -0.069385 0.054653
v -0.063521 -0.054434 0.069513
v -0.063521 -0.069518 0.054430
v -0.063519 -0.023946 0.085015
v -0.063520 -0.043188 0.077045
v 0.019497 -0.023688 0.085052
v 0.019497 -0.043396 0.076889
v 0.019499 0.010412 0.087707
v 0.019499 -0.010415 0.087707
v -0.063521 0.010664 0.087642
v -0.063521 -0.010667 0.087642
v -0.140552 -0.000007 0.000025
v 0.045445 0.047913 -0.031830
v 0.045445 0.056384 -0.011379
v 0.045445 0.011122 -0.056407
v 0.045445 -0.011128 -0.056405
v 0.045445 -0.032017 -0.047753
v 0.045445 -0.047752 -0.032018
v 0.045445 -0.056404 -0.011129
v 0.045445 -0.056404 0.011124
v 0.045445 -0.047752 0.032012
v 0.045445 -0.032017 0.047747
v 0.045445 -0.011128 0.056400
v 0.045445 0.011125 0.056399
v 0.045445 0.032013 0.047747
v 0.045445 0.047747 0.032015
v 0.045445 0.056380 0.011056
v 0.045445 0.032047 -0.047691
v -0.138559 0.066468 -0.013317
v -0.138559 0.056414 -0.037590
v -0.138559 0.037585 -0.056419
v -0.138559 0.013312 -0.066473
v -0.138559 -0.013316 -0.066473
v -0.138559 -0.037588 -0.056419
v -0.138556 -0.066488 0.013394
v -0.138559 -0.056418 0.037584
v -0.138559 -0.037588 0.056413
v -0.138559 -0.013316 0.066467
v -0.138559 0.013313 0.066467
v -0.138559 0.037585 0.056413
v -0.138559 0.056414 0.037583
v -0.138559 0.066468 0.013311
v -0.138557 -0.056434 -0.037506
v -0.138554 -0.066537 -0.012986
v 0.048011 0.056484 -0.037543
v 0.048011 0.066484 -0.013400
v 0.048009 0.013134 -0.066508
v 0.048008 -0.013138 -0.066508
v 0.048008 -0.037740 -0.056318
v 0.048008 -0.056317 -0.037741
v 0.048008 -0.066507 -0.013139
v 0.048008 -0.066507 0.013133
v 0.048008 -0.056317 0.037735
v 0.048008 -0.037739 0.056312
v 0.048008 -0.013138 0.066502
v 0.048008 0.013134 0.066502
v 0.048008 0.037736 0.056312
v 0.048009 0.056313 0.037735
v 0.048010 0.066487 0.013050
v 0.048010 0.037783 -0.056248
v 0.026949 0.011122 -0.056407
v 0.026949 -0.011128 -0.056405
v 0.026949 -0.047752 -0.032018
v 0.026949 -0.032017 0.047747
v 0.026949 0.011125 0.056399
v 0.026949 0.047747 0.032015
v 0.026949 0.056380 0.011056
v 0.026949 0.039746 0.002732
v 0.026949 0.035657 -0.017843
v 0.026949 0.026944 -0.005423
v 0.026949 0.048515 -0.009803
v 0.026949 0.056384 -0.011379
v 0.026949 0.002733 -0.039751
v 0.026949 -0.017842 -0.035661
v 0.026949 -0.005422 -0.026949
v 0.026949 -0.009802 -0.048520
v 0.034801 0.039746 0.002732
v 0.034801 0.035657 -0.017843
v 0.034801 0.026944 -0.005423
v 0.034801 0.048515 -0.009803
v 0.026949 -0.047752 0.032012
v 0.026949 -0.056404 0.011124
v 0.026949 -0.056404 -0.011129
v 0.034801 0.002733 -0.039751
v 0.034801 -0.017842 -0.035661
v 0.034801 -0.005422 -0.026949
v 0.034801 -0.009802 -0.048520
v 0.026949 0.003789 -0.019232
v 0.026949 -0.003773 -0.019247
v 0.026949 0.016332 -0.010853
v 0.026949 0.019220 -0.003882
v 0.026949 0.010923 -0.016260
v 0.026949 0.021342 -0.031883
v 0.026949 0.032013 0.047747
v 0.026949 -0.011128 0.056400
v 0.026949 0.032047 -0.047691
v 0.026949 -0.032017 -0.047753
v 0.026949 0.047913 -0.031830
v 0.026949 -0.002737 0.039745
v 0.026949 0.017838 0.035656
v 0.026949 0.005418 0.026943
v 0.026949 0.009798 0.048514
v 0.034801 -0.002737 0.039745
v 0.034801 0.017838 0.035656
v 0.034801 0.005418 0.026943
v 0.034801 0.009798 0.048514
v 0.026949 0.019221 0.003762
v 0.026949 0.010848 0.016332
v 0.026949 0.003876 0.019220
v 0.026949 0.016255 0.010923
v 0.026949 0.031888 0.021335
v 0.026949 -0.039749 -0.002738
v 0.026949 -0.035660 0.017837
v 0.026949 -0.026948 0.005417
v 0.026949 -0.048519 0.009797
v 0.034801 -0.039749 -0.002738
v 0.034801 -0.035660 0.017837
v 0.034801 -0.026948 0.005417
v 0.034801 -0.048519 0.009797
v 0.026949 -0.003768 0.019221
v 0.026949 -0.016338 0.010848
v 0.026949 -0.019226 0.003876
v 0.026949 -0.010929 0.016255
v 0.026949 -0.021340 0.031888
v 0.026949 -0.019227 -0.003768
v 0.026949 -0.010826 -0.016343
v 0.026949 -0.016260 -0.010929
v 0.026949 -0.031893 -0.021341
v 0.020776 0.002315 -0.011812
v 0.020776 -0.002317 -0.011822
v 0.020776 0.010032 -0.006661
v 0.020776 0.011801 -0.002391
v 0.020776 0.006707 -0.009981
v 0.020776 0.011799 0.002302
v 0.020776 0.006654 0.010034
v 0.020776 0.002384 0.011803
v 0.020776 0.009973 0.006710
v 0.020776 -0.002309 0.011801
v 0.020776 -0.010041 0.006656
v 0.020776 -0.011810 0.002386
v 0.020776 -0.006717 0.009975
v 0.020776 -0.011808 -0.002307
v 0.020776 -0.006648 -0.010038
v 0.020776 -0.009983 -0.006714
v 0.020776 0.003134 -0.015915
v 0.020776 -0.003125 -0.015927
v 0.020776 0.009037 -0.013456
v 0.020776 0.013513 -0.008982
v 0.020776 0.015903 -0.003213
v 0.020776 0.015904 0.003113
v 0.020776 0.013449 0.009039
v 0.020776 0.008975 0.013515
v 0.020776 0.003206 0.015905
v 0.020776 -0.003120 0.015906
v 0.020776 -0.009046 0.013451
v 0.020776 -0.013522 0.008977
v 0.020776 -0.015912 0.003208
v 0.020776 -0.015913 -0.003118
v 0.020776 -0.013458 -0.009044
v 0.020776 -0.008961 -0.013524
v 0.027822 0.001949 -0.009946
v 0.027822 -0.001950 -0.009955
v 0.027822 0.008447 -0.005609
v 0.027822 0.009936 -0.002014
v 0.027822 0.005647 -0.008404
v 0.027822 0.009935 0.001938
v 0.027822 0.005603 0.008447
v 0.027822 0.002007 0.009937
v 0.027822 0.008397 0.005649
v 0.027822 -0.001944 0.009936
v 0.027822 -0.008454 0.005604
v 0.027822 -0.009943 0.002008
v 0.027822 -0.005656 0.008398
v 0.027822 -0.009942 -0.001943
v 0.027822 -0.005597 -0.008452
v 0.027822 -0.008405 -0.005654
v -0.209506 -0.000106 -0.347118
v 0.084664 0.000036 -0.347481
v 0.062099 0.138325 -0.333413
v -0.186811 -0.138041 -0.333422
v -0.209506 -0.245260 -0.245571
v 0.084419 -0.245882 -0.245825
v -0.186831 -0.333369 -0.137982
v -0.209652 -0.346567 0.000159
v 0.084408 -0.347783 0.000185
v -0.186837 -0.333358 0.138326
v -0.209658 -0.245010 0.245339
v 0.084419 -0.245882 0.246195
v -0.186837 -0.137997 0.333687
v -0.209658 0.000144 0.346885
v 0.084664 0.000036 0.347851
v -0.186837 0.138285 0.333687
v -0.209658 0.245298 0.245339
v 0.084664 0.246057 0.245946
v -0.186837 0.333646 0.138326
v -0.209658 0.346844 0.000185
v 0.084430 0.348062 0.000185
v -0.186837 0.333646 -0.137956
v -0.209652 0.245287 -0.244995
v 0.084664 0.246057 -0.245575
v -0.186831 0.138274 -0.333343
v -0.062358 0.139044 -0.335149
v 0.062066 -0.138061 -0.333448
v -0.062358 -0.138756 -0.335149
v 0.062055 -0.333500 -0.138015
v -0.062358 -0.335190 -0.138715
v 0.062055 -0.333500 0.138385
v -0.062358 -0.335190 0.139085
v 0.062066 -0.138061 0.333818
v -0.062358 -0.138756 0.335519
v 0.062099 0.138325 0.333784
v -0.062358 0.139044 0.335519
v 0.062066 0.333783 0.138374
v -0.062358 0.335478 0.139085
v 0.062066 0.333783 -0.138003
v -0.062358 0.335478 -0.138715
v -0.139497 0.256502 -0.256173
v 0.014782 0.256502 -0.256173
v -0.139497 0.362689 0.000185
v 0.014782 0.362689 0.000185
v -0.139497 0.256502 0.256543
v 0.014782 0.256502 0.256543
v -0.139497 0.000144 0.362730
v 0.014782 0.000144 0.362730
v -0.139497 -0.256214 0.256543
v 0.014782 -0.256214 0.256543
v -0.139497 -0.362401 0.000185
v 0.014782 -0.362401 0.000185
v -0.139497 -0.256214 -0.256173
v 0.014782 -0.256214 -0.256173
v -0.139497 0.000144 -0.362360
v 0.014782 0.000144 -0.362360
v 0.098338 -0.194223 -0.194086
v 0.098271 -0.274693 0.000185
v 0.098338 -0.194223 0.194456
v 0.098405 0.274924 0.000185
v 0.094435 -0.121372 0.292983
v -0.219878 -0.120871 -0.291970
v 0.094157 -0.292938 0.121583
v 0.094157 -0.292938 -0.121213
v 0.094435 0.293108 -0.120929
v 0.094435 -0.121372 -0.292613
v 0.094435 0.293108 0.121300
v -0.226153 -0.267397 0.000028
v -0.226193 -0.188990 0.189319
v -0.226193 0.000144 0.267661
v -0.226193 0.189278 0.189319
v -0.226193 0.267620 0.000185
v -0.226153 0.189213 -0.189106
v -0.226193 0.000144 -0.235772
v 0.101477 0.000144 -0.235772
v -0.226193 -0.166703 -0.166662
v 0.101477 -0.166703 -0.166662
v -0.226193 -0.235813 0.000185
v 0.101477 -0.235813 0.000185
v -0.226193 -0.166703 0.167032
v 0.101477 -0.166703 0.167032
v -0.226193 0.000144 0.236142
v 0.101477 0.000144 0.236142
v -0.226193 0.166991 0.167032
v 0.101477 0.166991 0.167032
v -0.226193 0.236101 0.000185
v 0.101477 0.236101 0.000185
v -0.226193 0.166991 -0.166662
v 0.101477 0.166991 -0.166662
v -0.231193 0.096583 0.233009
v -0.231193 0.232968 0.096624
v 0.105942 0.097541 0.235323
v -0.231033 -0.232940 -0.096882
v -0.231193 -0.232680 0.096624
v -0.231193 0.232968 -0.096254
v -0.231193 -0.096295 0.233009
v -0.231033 0.096322 -0.233268
v 0.105942 0.097541 -0.234953
v -0.062358 -0.090257 0.218432
v -0.062358 0.090545 0.218432
v -0.062358 -0.218103 0.090586
v -0.062358 -0.218103 -0.090216
v -0.062358 -0.090257 -0.218062
v -0.062358 0.090545 -0.218062
v -0.062358 0.218391 -0.090216
v -0.062358 0.218391 0.090586
v -0.225276 -0.001354 -0.270907
v 0.099807 -0.000505 -0.273085
v -0.225276 -0.190488 -0.192564
v 0.099807 -0.000505 0.273455
v 0.099807 0.193834 0.192957
v 0.099807 0.193834 -0.192587
v -0.220542 -0.119786 0.289720
v -0.220542 0.120073 0.289721
v 0.095270 0.121072 0.292131
v -0.220376 -0.289663 -0.120399
v -0.220542 -0.289392 0.120115
v -0.220542 0.289679 -0.119744
v -0.220376 0.119802 -0.290005
v 0.095270 0.121072 -0.291761
v -0.220542 0.289680 0.120115
v 0.104874 -0.236084 -0.097664
v 0.105141 -0.097818 -0.235771
v 0.105141 0.236259 0.097761
v 0.104874 -0.236084 0.098034
v 0.105141 0.236259 -0.097391
v 0.105141 -0.097818 0.236141
v -0.230555 -0.097337 -0.235154
v 0.108338 -0.194223 -0.194086
v 0.108271 -0.274693 0.000185
v 0.109807 -0.000505 -0.273085
v 0.108338 -0.194223 0.194456
v 0.109807 -0.000505 0.273455
v 0.108405 0.274924 0.000185
v 0.109807 0.193834 -0.192587
v 0.109807 0.193834 0.192957
v -0.236153 -0.267397 0.000028
v -0.235276 -0.190488 -0.192564
v -0.236193 -0.188990 0.189319
v -0.236193 0.000144 0.267661
v -0.236193 0.189278 0.189319
v -0.236193 0.267620 0.000185
v -0.236153 0.189213 -0.189106
v -0.235276 -0.001354 -0.270907
v 0.103271 -0.254065 -0.105112
v 0.103271 -0.254065 0.105482
v 0.103806 -0.105379 0.253849
v 0.105408 0.104538 0.252214
v 0.103806 0.254127 0.104937
v 0.103806 0.254127 -0.104567
v 0.105408 0.104538 -0.251844
v 0.103806 -0.105379 -0.253479
v -0.230874 -0.247778 -0.103549
v -0.229917 -0.104416 -0.252246
v -0.230874 0.102100 -0.248473
v -0.231193 0.247545 -0.102292
v -0.231193 0.247545 0.102662
v -0.231193 0.102621 0.247586
v -0.231193 -0.102333 0.247586
v -0.231193 -0.247257 0.102662
v 0.013982 0.214234 0.008425
v 0.008782 0.262757 -0.000003
v 0.049444 0.262757 -0.010168
v 0.090105 0.262757 -0.000003
v 0.008042 0.072521 0.010807
v 0.049444 0.262757 0.010162
v -0.091275 0.063029 -0.026111
v 0.013982 0.201150 -0.074208
v 0.008782 0.242755 -0.100557
v -0.078410 0.062879 -0.037751
v -0.037393 0.059032 -0.039151
v 0.049444 0.238865 -0.109948
v 0.008057 0.062879 -0.037750
v 0.015315 0.063030 -0.026112
v 0.090105 0.242755 -0.100557
v 0.008057 0.071153 -0.017775
v -0.037393 0.069423 -0.014065
v 0.049444 0.246646 -0.091165
v 0.013982 0.157446 -0.145530
v 0.008782 0.185797 -0.185802
v 0.049444 0.178609 -0.192990
v 0.008042 0.043635 -0.058928
v 0.090105 0.185797 -0.185802
v 0.049444 0.192984 -0.178614
v -0.091275 0.026106 -0.063033
v 0.013982 0.089764 -0.194709
v 0.008782 0.100551 -0.242760
v -0.078411 0.017727 -0.071167
v 0.049444 0.091160 -0.246650
v 0.090105 0.100551 -0.242760
v 0.049444 0.109943 -0.238870
v 0.013982 0.008426 -0.214238
v 0.008782 -0.000002 -0.262762
v 0.049444 -0.010167 -0.262762
v 0.008037 -0.010856 -0.072534
v 0.015293 -0.000002 -0.068227
v 0.090105 -0.000002 -0.262762
v 0.008038 0.010852 -0.072534
v 0.049444 0.010163 -0.262762
v -0.091275 -0.026110 -0.063033
v 0.013982 -0.074206 -0.201155
v 0.008782 -0.100555 -0.242760
v -0.078410 -0.037786 -0.062859
v 0.049444 -0.109947 -0.238870
v 0.090105 -0.100555 -0.242760
v 0.049444 -0.091164 -0.246650
v 0.013982 -0.145530 -0.157450
v 0.008782 -0.185800 -0.185801
v 0.049444 -0.192988 -0.178613
v 0.008038 -0.058964 -0.043615
v 0.015292 -0.048243 -0.048244
v 0.090105 -0.185800 -0.185801
v 0.008037 -0.043614 -0.058965
v 0.049444 -0.178612 -0.192989
v 0.013982 -0.194708 -0.089768
v 0.008782 -0.242759 -0.100556
v 0.049444 -0.246649 -0.091165
v 0.090105 -0.242759 -0.100556
v 0.049444 -0.238869 -0.109948
v 0.013982 -0.214239 -0.008423
v 0.008782 -0.262760 -0.000003
v 0.049444 -0.262760 0.010163
v 0.008040 -0.072533 0.010851
v 0.015292 -0.068225 -0.000003
v 0.090105 -0.262760 -0.000003
v 0.008039 -0.072542 -0.010814
v -0.037392 -0.069524 -0.013579
v 0.049444 -0.262760 -0.010168
v -0.091263 -0.063032 0.026106
v 0.013982 -0.201154 0.074201
v 0.008782 -0.242759 0.100551
v -0.078409 -0.062858 0.037781
v 0.049444 -0.238869 0.109942
v 0.090105 -0.242759 0.100551
v 0.049444 -0.246649 0.091159
v 0.013982 -0.157449 0.145525
v 0.008782 -0.185800 0.185796
v 0.049444 -0.178612 0.192984
v 0.008037 -0.043614 0.058959
v 0.015292 -0.048243 0.048238
v 0.090105 -0.185800 0.185796
v 0.008037 -0.058964 0.043610
v 0.049444 -0.192988 0.178608
v -0.091275 -0.026110 0.063028
v 0.013982 -0.089768 0.194703
v 0.008782 -0.100555 0.242754
v -0.078411 -0.017731 0.071161
v 0.049444 -0.091164 0.246644
v 0.090105 -0.100555 0.242754
v 0.049444 -0.109947 0.238864
v 0.013982 -0.008430 0.214232
v 0.008782 -0.000002 0.262756
v -0.072414 0.081038 0.033564
v -0.022010 0.085899 0.021726
v 0.049444 0.010164 0.262756
v 0.008037 0.010852 0.072528
v 0.015292 -0.000002 0.068221
v 0.090105 -0.000002 0.262756
v 0.008037 -0.010856 0.072528
v 0.028394 0.080965 0.033535
v 0.049444 -0.010167 0.262756
v -0.091275 0.026106 0.063027
v 0.013982 0.074202 0.201149
v 0.008782 0.100552 0.242754
v -0.078411 0.037782 0.062854
v -0.022011 0.076104 0.045373
v 0.049444 0.109943 0.238864
v 0.044998 0.108250 0.055375
v 0.044999 0.115702 0.037384
v 0.090105 0.100552 0.242754
v -0.078411 0.062855 0.037781
v -0.031521 0.115680 0.037537
v 0.049444 0.091160 0.246644
v -0.072416 0.061968 0.061966
v 0.013982 0.145526 0.157444
v 0.008782 0.185797 0.185795
v -0.022011 0.071045 0.052944
v 0.028394 0.062023 0.062022
v 0.049444 0.192985 0.178607
v 0.008038 0.058960 0.043609
v 0.015293 0.048240 0.048238
v 0.090105 0.185797 0.185795
v 0.008037 0.043611 0.058959
v -0.022011 0.052946 0.071044
v 0.049444 0.178609 0.192983
v -0.091275 0.063029 0.026105
v 0.013982 0.194704 0.089763
v 0.008782 0.242756 0.100550
v -0.078411 0.071162 0.017726
v -0.078412 0.043343 0.059118
v 0.049444 0.246646 0.091159
v -0.031523 0.092587 0.078816
v 0.044999 0.078950 0.092507
v 0.090105 0.242756 0.100550
v 0.044999 0.092508 0.078949
v -0.072414 0.033566 0.081036
v 0.049444 0.238865 0.109942
v -0.031522 0.037539 0.115679
v 0.013982 0.089764 0.194703
v 0.081350 0.089769 0.194699
v 0.081350 0.074196 0.201150
v 0.035223 0.053772 0.157742
v 0.077812 0.063642 0.153645
v 0.035223 0.073518 0.149563
v -0.007366 0.063648 0.153660
v -0.022011 0.045375 0.076103
v 0.013982 0.157445 0.145525
v 0.081350 0.157442 0.145530
v 0.081350 0.145531 0.157441
v 0.035223 0.110045 0.125156
v 0.077813 0.117607 0.117605
v 0.035223 0.125158 0.110043
v -0.007367 0.117596 0.117594
v -0.031521 0.108342 0.055251
v 0.013982 0.201150 0.074201
v 0.081350 0.201151 0.074195
v 0.081350 0.194701 0.089768
v 0.035223 0.149564 0.073516
v 0.077813 0.153647 0.063640
v 0.035223 0.157743 0.053770
v -0.007366 0.153661 0.063646
v 0.028392 0.033536 0.080964
v 0.013982 0.214233 -0.008432
v 0.081351 0.214234 -0.008433
v 0.081351 0.214235 0.008418
v 0.035223 0.166314 0.010683
v 0.077815 0.166314 -0.000042
v 0.035225 0.166306 -0.010729
v -0.007366 0.166306 -0.000003
v -0.031521 0.115675 -0.037565
v 0.013982 0.194705 -0.089768
v 0.081351 0.194705 -0.089768
v 0.081351 0.201150 -0.074208
v 0.035225 0.157736 -0.053815
v 0.077816 0.153661 -0.063652
v 0.035225 0.149586 -0.073489
v -0.007366 0.153661 -0.063652
v -0.022011 0.021727 0.085898
v 0.013982 0.145526 -0.157450
v 0.081351 0.145532 -0.157446
v 0.081351 0.157446 -0.145530
v 0.035225 0.125180 -0.110016
v 0.077815 0.117629 -0.117578
v 0.035223 0.110045 -0.125162
v -0.007366 0.117596 -0.117600
v -0.031521 0.055252 -0.108347
v 0.013982 0.074202 -0.201155
v 0.081350 0.074196 -0.201156
v 0.081350 0.089769 -0.194705
v 0.035223 0.073517 -0.149569
v 0.077813 0.063641 -0.153652
v 0.035223 0.053771 -0.157748
v -0.007366 0.063647 -0.153666
v 0.044997 0.037385 0.115700
v 0.013982 -0.008430 -0.214238
v 0.081350 -0.008424 -0.214240
v 0.081350 0.008420 -0.214240
v 0.035223 0.010684 -0.166319
v 0.077813 -0.000002 -0.166326
v 0.035223 -0.010688 -0.166319
v -0.007367 -0.000002 -0.166311
v -0.031522 -0.037542 -0.115685
v 0.013982 -0.089768 -0.194709
v 0.081350 -0.089773 -0.194705
v 0.081350 -0.074200 -0.201156
v 0.035223 -0.053775 -0.157748
v 0.077812 -0.063645 -0.153651
v 0.035223 -0.073521 -0.149569
v -0.007366 -0.063651 -0.153666
v 0.044997 0.055376 0.108248
v 0.013982 -0.157449 -0.145531
v 0.081350 -0.157446 -0.145536
v 0.081350 -0.145535 -0.157447
v 0.035223 -0.110048 -0.125162
v 0.077813 -0.117610 -0.117611
v 0.035223 -0.125161 -0.110049
v -0.007366 -0.117599 -0.117600
v -0.031519 -0.108350 -0.055235
v 0.013982 -0.201156 -0.074199
v 0.081351 -0.201155 -0.074200
v 0.081350 -0.194704 -0.089774
v 0.035223 -0.149568 -0.073522
v 0.077813 -0.153650 -0.063646
v 0.035226 -0.157755 -0.053737
v -0.007364 -0.153673 -0.063613
v -0.031511 -0.121244 -0.009546
v 0.013982 -0.214237 0.008426
v 0.081351 -0.214239 0.008419
v 0.081350 -0.214239 -0.008424
v 0.035225 -0.166325 -0.010650
v 0.077813 -0.166325 -0.000003
v 0.035225 -0.166318 0.010684
v -0.007362 -0.166318 0.000036
v -0.031511 -0.115683 0.037537
v 0.013982 -0.194708 0.089763
v 0.081350 -0.194704 0.089768
v 0.081350 -0.201155 0.074195
v 0.035225 -0.157747 0.053770
v 0.077813 -0.153650 0.063640
v 0.035223 -0.149568 0.073516
v -0.007364 -0.153665 0.063646
v -0.078411 0.017727 0.071161
v 0.013982 -0.145529 0.157444
v 0.081350 -0.145535 0.157441
v 0.081350 -0.157445 0.145530
v 0.035223 -0.125161 0.110044
v 0.077813 -0.117610 0.117606
v 0.035223 -0.110048 0.125157
v -0.007367 -0.117599 0.117595
v -0.031522 -0.055256 0.108341
v 0.013982 -0.074206 0.201149
v 0.081350 -0.074199 0.201150
v 0.081350 -0.089773 0.194699
v 0.035223 -0.073521 0.149563
v 0.077812 -0.063645 0.153646
v 0.035223 -0.053775 0.157742
v -0.007366 -0.063651 0.153660
v -0.031522 0.055253 0.108341
v 0.013982 0.008426 0.214232
v 0.081350 0.008420 0.214234
v 0.081350 -0.008424 0.214234
v 0.035223 -0.010688 0.166313
v 0.077813 -0.000002 0.166321
v 0.035223 0.010685 0.166313
v -0.007367 -0.000002 0.166305
v -0.091275 0.068124 -0.000003
v -0.078408 0.072444 -0.011201
v 0.008057 0.072453 -0.011244
v 0.015305 0.068173 -0.000250
v -0.037403 0.069471 0.013815
v -0.091275 0.048171 -0.048176
v -0.078412 0.043343 -0.059124
v -0.037403 0.039352 -0.058899
v 0.015305 0.048379 -0.048036
v 0.008057 0.059180 -0.043287
v -0.037404 0.013817 -0.069476
v 0.008037 0.017419 -0.071211
v 0.015294 0.026069 -0.062943
v 0.008039 0.038031 -0.062673
v -0.091275 -0.000002 -0.068129
v -0.078412 -0.011157 -0.072457
v -0.037405 -0.013821 -0.069476
v -0.037404 -0.039355 -0.058900
v 0.008036 -0.038035 -0.062673
v 0.015292 -0.026073 -0.062943
v 0.008036 -0.017423 -0.071211
v -0.091273 -0.048175 -0.048174
v -0.078409 -0.059123 -0.043347
v -0.037403 -0.058899 -0.039355
v -0.091261 -0.063082 -0.025863
v -0.078390 -0.071243 -0.017344
v 0.008040 -0.071218 -0.017381
v 0.015292 -0.062942 -0.026074
v 0.008037 -0.062672 -0.038036
v -0.091251 -0.068177 0.000245
v -0.078390 -0.072465 0.011196
v -0.037393 -0.069475 0.013817
v -0.037405 -0.058898 0.039351
v 0.008036 -0.062672 0.038030
v 0.015292 -0.062942 0.026068
v 0.008039 -0.071210 0.017418
v -0.091275 -0.048174 0.048170
v -0.078412 -0.043347 0.059118
v -0.037405 -0.039355 0.058894
v -0.037405 -0.013821 0.069470
v 0.008036 -0.017423 0.071205
v 0.015292 -0.026073 0.062938
v 0.008036 -0.038035 0.062667
v -0.091275 -0.000002 0.068123
v -0.078412 0.011153 0.072451
v -0.037405 0.013817 0.069470
v -0.037405 0.039352 0.058894
v 0.008036 0.038031 0.062667
v 0.015292 0.026069 0.062938
v 0.008036 0.017419 0.071205
v -0.091275 0.048171 0.048170
v -0.078412 0.059119 0.043342
v -0.037404 0.058895 0.039350
v 0.008039 0.071206 0.017417
v 0.015294 0.062939 0.026067
v 0.008037 0.062668 0.038030
v -0.031523 0.078817 0.092586
v -0.031522 0.121202 0.009734
v -0.031520 0.092599 -0.078804
v -0.031523 0.009735 -0.121206
v -0.031522 -0.078821 -0.092592
v -0.031523 -0.092590 0.078816
v -0.031523 -0.009738 0.121201
v 0.045001 0.121236 0.009562
v -0.031520 0.121197 -0.009761
v 0.045009 0.121202 -0.009783
v -0.078412 0.072452 0.011152
v -0.022010 0.087675 0.012794
v 0.028405 0.087675 -0.000201
v -0.022000 0.087636 -0.012999
v -0.072415 0.087636 -0.000004
v -0.031521 0.108355 -0.055239
v 0.045008 0.108355 -0.055239
v 0.045008 0.115675 -0.037565
v -0.078410 0.071153 -0.017775
v -0.072415 0.081038 -0.033571
v -0.022002 0.076216 -0.045213
v 0.028412 0.081038 -0.033571
v -0.022002 0.085860 -0.021929
v 0.045001 0.078963 -0.092494
v -0.031522 0.078817 -0.092592
v 0.045009 0.092617 -0.078791
v -0.078408 0.059143 -0.043312
v -0.072415 0.061968 -0.061972
v -0.022010 0.052946 -0.071049
v 0.028405 0.062135 -0.061860
v -0.022000 0.071157 -0.052783
v -0.031521 0.037538 -0.115685
v -0.078411 0.037782 -0.062860
v 0.044998 0.037385 -0.115706
v 0.044999 0.055376 -0.108254
v -0.072414 0.033566 -0.081043
v -0.022011 0.021727 -0.085904
v 0.028394 0.033536 -0.080970
v -0.022010 0.045375 -0.076109
v 0.044999 -0.009589 -0.121245
v 0.044999 0.009585 -0.121245
v -0.031523 -0.009739 -0.121206
v -0.078412 0.011153 -0.072457
v -0.072416 -0.000002 -0.087641
v -0.022011 -0.012800 -0.087680
v 0.028394 -0.000002 -0.087719
v -0.022011 0.012796 -0.087680
v -0.031521 -0.055256 -0.108347
v -0.078411 -0.017731 -0.071167
v 0.044998 -0.055380 -0.108254
v 0.044997 -0.037389 -0.115706
v -0.072414 -0.033570 -0.081042
v -0.022011 -0.045379 -0.076108
v 0.028392 -0.033540 -0.080970
v -0.022011 -0.021731 -0.085904
v 0.044999 -0.092512 -0.078955
v 0.044999 -0.078954 -0.092513
v -0.031521 -0.092591 -0.078822
v -0.078411 -0.043347 -0.059124
v -0.072414 -0.061971 -0.061972
v -0.022010 -0.071049 -0.052950
v 0.028394 -0.062027 -0.062028
v -0.022011 -0.052949 -0.071050
v -0.078406 -0.062867 -0.037743
v -0.031510 -0.115722 -0.037350
v 0.045000 -0.115710 -0.037368
v 0.044998 -0.108253 -0.055381
v -0.072402 -0.081081 -0.033373
v -0.021999 -0.085942 -0.021534
v 0.028393 -0.080969 -0.033540
v -0.022010 -0.076108 -0.045379
v 0.045000 -0.121244 0.009584
v 0.044999 -0.121248 -0.009568
v -0.078389 -0.072533 -0.010770
v -0.031511 -0.121210 0.009755
v -0.072395 -0.087679 0.000195
v -0.022000 -0.087679 0.012796
v 0.028394 -0.087718 -0.000002
v -0.022000 -0.087718 -0.012603
v -0.031520 -0.108346 0.055251
v -0.078392 -0.071166 0.017727
v 0.044998 -0.108253 0.055375
v 0.044999 -0.115705 0.037384
v -0.072404 -0.081041 0.033565
v -0.022011 -0.076107 0.045374
v 0.028392 -0.080969 0.033535
v -0.022001 -0.085903 0.021726
v 0.044999 -0.078954 0.092507
v 0.044999 -0.092512 0.078949
v -0.031523 -0.078821 0.092586
v -0.078412 -0.059122 0.043342
v -0.072416 -0.061971 0.061967
v -0.022011 -0.052949 0.071044
v 0.028394 -0.062027 0.062022
v -0.022011 -0.071049 0.052945
v -0.031522 -0.037542 0.115679
v -0.078411 -0.037786 0.062854
v 0.044997 -0.037389 0.115701
v 0.044997 -0.055380 0.108248
v -0.072414 -0.033569 0.081037
v -0.022011 -0.021730 0.085898
v 0.028392 -0.033539 0.080964
v -0.022011 -0.045378 0.076103
v 0.044999 0.009585 0.121239
v 0.044999 -0.009588 0.121239
v -0.031523 0.009735 0.121200
v -0.078412 -0.011157 0.072451
v -0.072416 -0.000002 0.087635
v -0.022011 0.012796 0.087674
v 0.028394 -0.000002 0.087714
v -0.022011 -0.012800 0.087674
v -0.138559 0.062662 -0.025959
v -0.138559 0.025954 -0.062667
v -0.138559 -0.025958 -0.062667
v -0.138557 -0.062668 0.025964
v -0.138559 -0.025958 0.062661
v -0.138559 0.025955 0.062661
v -0.138559 0.062662 0.025953
v -0.138559 0.067742 -0.000003
v -0.138559 0.047900 -0.047905
v -0.138559 -0.000002 -0.067747
v -0.138558 -0.047906 -0.047895
v -0.138555 -0.062713 -0.025721
v -0.138555 -0.067793 0.000235
v -0.138559 -0.047904 0.047899
v -0.138559 -0.000002 0.067741
v -0.138559 0.047900 0.047899
v -0.114917 0.037648 -0.056536
v -0.114917 0.056531 -0.037653
v -0.114917 0.056531 0.037647
v -0.114917 0.037648 0.056530
v -0.114917 0.013350 0.066594
v -0.114917 -0.013354 0.066594
v -0.114913 -0.056550 -0.037576
v -0.114916 -0.037652 -0.056535
v -0.114917 -0.037652 0.056530
v -0.114915 -0.056534 0.037647
v -0.114917 -0.013354 -0.066600
v -0.114917 0.013350 -0.066600
v -0.114905 -0.066614 0.013426
v -0.114904 -0.066667 -0.013011
v -0.114917 0.066595 -0.013355
v -0.114917 0.066595 0.013349
v 0.048012 0.062673 -0.025964
v 0.048008 -0.000002 -0.067830
v 0.048008 -0.047963 -0.047964
v 0.048008 -0.067829 -0.000003
v 0.048008 -0.047963 0.047958
v 0.048008 -0.000002 0.067824
v 0.048008 0.047959 0.047958
v 0.048011 0.067784 -0.000233
v 0.048011 0.048092 -0.047772
v 0.048009 0.025928 -0.062582
v 0.048008 -0.025926 -0.062590
v 0.048008 -0.062589 -0.025927
v 0.048008 -0.062589 0.025922
v 0.048008 -0.025926 0.062584
v 0.048008 0.025923 0.062584
v 0.048009 0.062583 0.025911
v 0.031650 -0.013152 -0.066640
v 0.031650 -0.037823 -0.056421
v 0.031650 -0.066639 0.013147
v 0.031650 -0.056420 0.037818
v 0.031654 0.037863 -0.056356
v 0.031651 0.013148 -0.066640
v 0.031650 -0.056420 -0.037824
v 0.031650 -0.066639 -0.013153
v 0.031650 -0.037823 0.056415
v 0.031662 0.066610 -0.013432
v 0.031662 0.056596 -0.037610
v 0.031650 -0.013152 0.066634
v 0.031650 0.013148 0.066634
v 0.031651 0.056416 0.037818
v 0.031654 0.066620 0.013070
v 0.031650 0.037820 0.056415
v 0.045445 0.053157 -0.022022
v 0.045445 -0.000002 -0.057530
v 0.045445 -0.040680 -0.040681
v 0.045445 -0.057529 -0.000003
v 0.045445 -0.040680 0.040675
v 0.045445 -0.000002 0.057524
v 0.045445 0.040676 0.040675
v 0.045445 0.057484 -0.000216
v 0.045445 0.040797 -0.040501
v 0.045445 0.021978 -0.053070
v 0.045445 -0.021985 -0.053074
v 0.045445 -0.053073 -0.021986
v 0.045445 -0.053073 0.021980
v 0.045445 -0.021985 0.053069
v 0.045445 0.021981 0.053069
v 0.045445 0.053064 0.021979
v -0.139538 -0.008023 0.040102
v 0.026949 0.041760 -0.026742
v 0.046728 0.061434 -0.012389
v 0.046728 0.052198 -0.034686
v 0.046727 0.012128 -0.061457
v 0.046726 -0.012133 -0.061457
v 0.046726 -0.034878 -0.052035
v 0.046726 -0.052034 -0.034879
v 0.046726 -0.061456 -0.012134
v 0.046726 -0.061456 0.012128
v 0.046726 -0.052034 0.034873
v 0.046726 -0.034878 0.052030
v 0.046726 -0.012133 0.061451
v 0.046726 0.012129 0.061451
v 0.046726 0.034875 0.052029
v 0.046727 0.052030 0.034875
v 0.046728 0.061434 0.012053
v 0.046728 0.034915 -0.051969
v -0.139537 -0.034036 -0.022617
v -0.139538 0.022677 0.034029
v -0.139538 -0.008023 -0.040087
v -0.139538 0.008015 -0.040087
v -0.139538 0.040090 0.008026
v -0.139536 -0.040109 0.008083
v 0.026949 -0.040680 -0.040681
v 0.026949 -0.057529 -0.000003
v 0.026949 0.040676 0.040675
v 0.026949 -0.053073 -0.021986
v 0.026949 -0.053073 0.021980
v 0.036197 -0.011128 0.056400
v 0.036197 0.032013 0.047747
v 0.036197 0.047747 0.032015
v -0.139538 0.040090 -0.008011
v -0.139538 0.034017 -0.022673
v 0.036197 -0.032017 -0.047753
v -0.139538 0.034017 0.022688
v -0.139535 -0.040135 -0.007825
v 0.036197 -0.047752 -0.032018
v 0.036197 -0.056404 -0.011129
v -0.139538 -0.022685 0.034029
v -0.139538 0.008015 0.040102
v 0.036197 -0.056404 0.011124
v 0.036197 -0.047752 0.032012
v -0.139538 -0.022685 -0.034012
v -0.139538 -0.034025 0.022690
v -0.139538 0.022677 -0.034014
v 0.026949 0.043725 -0.016162
v 0.026949 0.046536 -0.002017
v 0.026949 0.031706 0.000994
v 0.026949 0.028895 -0.013151
v 0.036197 0.032047 -0.047691
v 0.026949 0.052450 -0.010591
v 0.036197 -0.032017 0.047747
v 0.036197 0.056380 0.011056
v 0.036197 0.011125 0.056399
v 0.026949 0.053064 0.021979
v 0.026949 -0.016161 -0.043730
v 0.026949 -0.002016 -0.046541
v 0.026949 0.000995 -0.031711
v 0.026949 -0.013150 -0.028899
v 0.026949 0.021981 0.053069
v 0.026949 -0.021985 0.053069
v 0.026949 -0.000002 0.057524
v 0.026949 -0.040680 0.040675
v 0.026949 0.008710 -0.048787
v 0.026949 -0.010465 -0.052463
v 0.034801 0.043725 -0.016162
v 0.034801 0.046536 -0.002017
v 0.034801 0.031706 0.000994
v 0.034801 0.028895 -0.013151
v 0.034801 -0.016161 -0.043730
v 0.034801 -0.002016 -0.046541
v 0.034801 0.000995 -0.031711
v 0.034801 -0.013150 -0.028899
v 0.030875 0.002733 -0.039751
v 0.030875 -0.005422 -0.026949
v 0.030875 -0.017842 -0.035661
v 0.030875 0.035657 -0.017843
v 0.030875 0.048515 -0.009803
v 0.030875 0.039746 0.002732
v 0.030875 0.026944 -0.005423
v 0.030875 -0.009802 -0.048520
v 0.026949 -0.000000 -0.019617
v 0.026949 0.007490 -0.018094
v 0.026949 0.013906 -0.013809
v 0.026949 0.018120 -0.007510
v 0.026949 0.023082 -0.004652
v 0.026949 0.023723 -0.015798
v 0.026949 0.027858 -0.026902
v 0.026949 0.016105 -0.024054
v 0.026949 -0.004597 -0.023098
v 0.026949 0.005500 -0.027953
v 0.026949 0.014217 -0.036005
v 0.026949 -0.000002 -0.057530
v 0.026949 0.053157 -0.022022
v 0.034801 -0.028898 0.013145
v 0.034801 -0.031710 -0.001000
v 0.026949 0.016157 0.043724
v 0.026949 0.002012 0.046535
v 0.026949 -0.000999 0.031705
v 0.026949 0.013146 0.028893
v 0.034801 -0.046540 0.002011
v 0.034801 -0.043729 0.016156
v 0.026949 -0.028898 0.013145
v 0.026949 -0.031710 -0.001000
v 0.026949 -0.046540 0.002011
v 0.026949 -0.043729 0.016156
v 0.034801 0.016157 0.043724
v 0.034801 0.002012 0.046535
v 0.034801 -0.000999 0.031705
v 0.034801 0.013146 0.028893
v 0.030875 0.017838 0.035656
v 0.030875 0.009798 0.048514
v 0.030875 -0.002737 0.039745
v 0.030875 0.005418 0.026943
v 0.026949 0.018088 0.007487
v 0.026949 0.013804 0.013906
v 0.026949 0.007504 0.018120
v 0.026949 0.004647 0.023082
v 0.026949 0.015793 0.023722
v 0.026949 0.026923 0.027839
v 0.026949 0.024050 0.016104
v 0.026949 0.026832 0.041677
v 0.026949 -0.008716 0.048781
v 0.026949 0.010461 0.052457
v 0.026949 0.019596 -0.000078
v 0.026949 0.027945 0.005486
v 0.026949 0.036000 0.014217
v 0.026949 0.039797 0.026650
v 0.030875 -0.035660 0.017837
v 0.030875 -0.048519 0.009797
v 0.030875 -0.039749 -0.002738
v 0.030875 -0.026948 0.005417
v 0.026949 -0.007493 0.018088
v 0.026949 -0.013912 0.013804
v 0.026949 -0.018125 0.007504
v 0.026949 -0.023087 0.004647
v 0.026949 -0.023727 0.015793
v 0.026949 -0.027844 0.026922
v 0.026949 -0.016109 0.024050
v 0.026949 -0.041681 0.026831
v 0.026949 -0.048786 -0.008717
v 0.026949 -0.052462 0.010460
v 0.026949 0.000073 0.019596
v 0.026949 -0.005492 0.027944
v 0.026949 -0.014222 0.035999
v 0.026949 -0.026653 0.039796
v 0.026949 -0.018093 -0.007493
v 0.026949 -0.013806 -0.013912
v 0.026949 -0.024055 -0.016110
v 0.026949 -0.007431 -0.018140
v 0.026949 -0.015784 -0.023730
v 0.026949 -0.026927 -0.027845
v 0.026949 -0.019602 0.000073
v 0.026949 -0.027950 -0.005492
v 0.026949 -0.036004 -0.014222
v 0.026949 -0.039801 -0.026655
v 0.026949 0.021978 -0.053070
v 0.026949 -0.021985 -0.053074
v 0.036197 0.056384 -0.011379
v 0.036197 0.011122 -0.056407
v 0.036197 -0.011128 -0.056405
v 0.026949 0.048772 0.008677
v 0.036197 0.047913 -0.031830
v 0.026949 0.040797 -0.040501
v 0.026949 0.057484 -0.000216
v 0.026949 -0.026836 -0.041683
v 0.026949 0.026667 -0.039770
v 0.020776 -0.000002 -0.016234
v 0.020776 0.006196 -0.014973
v 0.020776 0.011506 -0.011428
v 0.020776 0.014993 -0.006215
v 0.020776 0.014966 0.006196
v 0.020776 0.011421 0.011508
v 0.020776 0.006208 0.014995
v 0.020776 0.016214 -0.000065
v 0.020776 -0.006203 0.014968
v 0.020776 -0.011514 0.011423
v 0.020776 -0.015001 0.006210
v 0.020776 0.000058 0.016216
v 0.020776 -0.014975 -0.006201
v 0.020776 -0.011427 -0.011513
v 0.020776 -0.006152 -0.015012
v 0.020776 -0.016223 0.000060
v 0.023863 0.017562 -0.003547
v 0.023863 0.014923 -0.009917
v 0.023863 0.014852 0.009981
v 0.023863 0.017562 0.003438
v 0.023863 -0.017570 -0.003443
v 0.023863 -0.017569 0.003542
v 0.023863 0.009911 0.014924
v 0.023863 0.003541 0.017563
v 0.023863 -0.014859 -0.009986
v 0.023863 -0.009987 0.014853
v 0.023863 -0.003444 0.017563
v 0.023863 -0.009894 -0.014934
v 0.023863 0.003461 -0.017573
v 0.023863 -0.003449 -0.017587
v 0.023863 -0.014930 0.009912
v 0.023863 0.009980 -0.014858
v 0.020776 -0.000007 -0.012050
v 0.020776 0.004592 -0.011110
v 0.020776 0.008542 -0.008474
v 0.020776 0.011127 -0.004613
v 0.020776 0.011101 0.004595
v 0.020776 0.008467 0.008544
v 0.020776 0.004606 0.011129
v 0.020776 0.012031 -0.000058
v 0.020776 -0.004602 0.011103
v 0.020776 -0.008551 0.008469
v 0.020776 -0.011136 0.004608
v 0.020776 0.000051 0.012033
v 0.020776 -0.011110 -0.004600
v 0.020776 -0.008477 -0.008547
v 0.020776 -0.004562 -0.011142
v 0.020776 -0.012040 0.000053
v 0.020776 0.002724 -0.013863
v 0.020776 -0.002721 -0.013875
v 0.020776 0.007872 -0.011718
v 0.020776 0.011772 -0.007821
v 0.020776 0.013852 -0.002802
v 0.020776 0.011711 0.007875
v 0.020776 0.013851 0.002708
v 0.020776 0.007814 0.011774
v 0.020776 0.002795 0.013854
v 0.020776 -0.007882 0.011713
v 0.020776 -0.002715 0.013853
v 0.020776 -0.011781 0.007816
v 0.020776 -0.013861 0.002797
v 0.020776 -0.011721 -0.007879
v 0.020776 -0.013860 -0.002713
v 0.020776 -0.007804 -0.011781
v 0.027822 -0.000006 -0.010146
v 0.027822 0.003866 -0.009355
v 0.027822 0.007193 -0.007136
v 0.027822 0.009369 -0.003885
v 0.027822 0.009347 0.003868
v 0.027822 0.007129 0.007194
v 0.027822 0.003879 0.009370
v 0.027822 0.010130 -0.000049
v 0.027822 -0.003874 0.009348
v 0.027822 -0.007200 0.007130
v 0.027822 -0.009376 0.003879
v 0.027822 0.000043 0.010130
v 0.027822 -0.009354 -0.003874
v 0.027822 -0.007137 -0.007197
v 0.027822 -0.003841 -0.009382
v 0.027822 -0.010137 0.000044
v 0.024299 -0.006186 0.009187
v 0.024299 -0.002127 0.010868
v 0.024299 0.006177 -0.009192
v 0.024299 0.002132 -0.010879
v 0.024299 -0.009247 0.006130
v 0.024299 0.009239 -0.006135
v 0.024299 -0.010877 0.002197
v 0.024299 0.010869 -0.002202
v 0.024299 0.002196 0.010870
v 0.024299 0.009185 0.006180
v 0.024299 0.010867 0.002120
v 0.024299 -0.009194 -0.006184
v 0.024299 -0.010875 -0.002125
v 0.024299 0.006129 0.009240
v 0.024299 -0.006123 -0.009245
v 0.024299 -0.002134 -0.010888
v 0.062087 0.000130 -0.360500
v 0.062056 -0.254923 -0.254879
v 0.062055 -0.360574 0.000185
v 0.062056 -0.254923 0.255250
v 0.062087 0.000130 0.360870
v 0.062087 0.255196 0.255218
v 0.062057 0.360861 0.000185
v 0.062087 0.255197 -0.254848
v -0.186836 0.255100 -0.254776
v -0.062358 0.256502 -0.256173
v -0.186837 0.360709 0.000185
v -0.062358 0.362689 0.000185
v -0.186837 0.255102 0.255143
v -0.062358 0.256502 0.256543
v -0.186837 0.000144 0.360749
v -0.062358 0.000144 0.362730
v -0.186837 -0.254814 0.255143
v -0.062358 -0.256214 0.256543
v -0.186837 -0.360422 0.000182
v -0.062358 -0.362401 0.000185
v -0.186818 -0.254845 -0.254848
v -0.062358 -0.256214 -0.256173
v -0.186818 0.000113 -0.360455
v -0.062358 0.000144 -0.362360
v -0.220542 0.000144 0.313215
v 0.094957 -0.000194 0.316233
v -0.220522 -0.312920 0.000103
v -0.220522 0.221456 -0.221242
v -0.220065 -0.000636 -0.314728
v 0.094157 -0.316720 0.000185
v 0.094957 0.223863 -0.223055
v 0.094957 -0.000194 -0.315863
v -0.220542 0.221490 0.221531
v 0.094957 0.223862 0.223426
v -0.220542 -0.221202 0.221531
v 0.094192 -0.223927 0.224206
v -0.220065 -0.221982 -0.223044
v -0.220542 0.313174 0.000185
v 0.094192 -0.223927 -0.223836
v 0.094227 0.316978 0.000185
v -0.231193 0.178134 0.178176
v 0.104907 -0.180463 -0.180374
v 0.105642 0.180412 0.179995
v -0.231173 -0.251605 0.000107
v -0.231193 0.251861 0.000185
v 0.104874 -0.255253 0.000185
v 0.104941 0.255513 0.000185
v -0.231193 -0.177847 0.178176
v -0.231173 0.178102 -0.177884
v 0.104907 -0.180463 0.180744
v -0.230734 -0.000605 -0.253339
v 0.105642 0.180412 -0.179624
v -0.231193 0.000144 0.251902
v 0.105642 -0.000180 -0.254429
v 0.105642 -0.000180 0.254799
v -0.230734 -0.178595 -0.179613
v -0.062358 0.000144 0.236142
v -0.062358 -0.166703 0.167032
v -0.062358 -0.235813 0.000185
v -0.062358 -0.166703 -0.166662
v -0.062358 0.000144 -0.235772
v -0.062358 0.166991 -0.166662
v -0.062358 0.236101 0.000185
v -0.062358 0.166991 0.167032
v 0.103271 -0.274693 0.000185
v 0.103338 -0.194223 0.194456
v 0.104807 -0.000505 0.273455
v 0.104807 0.193834 0.192957
v 0.103405 0.274924 0.000185
v 0.104807 0.193834 -0.192587
v 0.104807 -0.000505 -0.273085
v 0.103338 -0.194223 -0.194086
v -0.230276 -0.190488 -0.192564
v -0.230276 -0.001354 -0.270907
v -0.231153 0.189213 -0.189106
v -0.231193 0.267620 0.000185
v -0.231193 0.189278 0.189319
v -0.231193 0.000144 0.267661
v -0.231193 -0.188990 0.189319
v -0.231153 -0.267397 0.000028
v 0.006764 0.214233 -0.000003
v 0.047666 0.214233 -0.010238
v 0.088569 0.214234 -0.000008
v 0.047666 0.214234 0.010227
v 0.006764 0.197927 -0.081988
v 0.047666 0.194014 -0.091435
v 0.088569 0.197927 -0.081988
v 0.047666 0.201841 -0.072541
v -0.039720 0.121197 -0.000004
v 0.006745 0.121197 -0.011853
v 0.006764 0.151485 -0.151490
v 0.047666 0.144252 -0.158725
v 0.088569 0.151489 -0.151487
v 0.047666 0.158723 -0.144253
v 0.006764 0.081983 -0.197932
v 0.047666 0.072531 -0.201847
v 0.088569 0.081982 -0.197931
v 0.047666 0.091434 -0.194016
v 0.053204 0.121221 -0.000121
v 0.006739 0.121221 0.011728
v 0.006764 -0.000002 -0.214238
v 0.047666 -0.010232 -0.214239
v 0.088569 -0.000002 -0.214240
v 0.047666 0.010228 -0.214239
v 0.006764 -0.081987 -0.197932
v 0.047666 -0.091438 -0.194016
v 0.088568 -0.081986 -0.197931
v 0.047666 -0.072535 -0.201846
v -0.039720 0.112015 0.046396
v 0.006739 0.116483 0.035548
v 0.006764 -0.151489 -0.151490
v 0.047666 -0.158724 -0.144257
v 0.088569 -0.151491 -0.151491
v 0.047666 -0.144256 -0.158725
v 0.006764 -0.197932 -0.081983
v 0.047666 -0.201846 -0.072531
v 0.088569 -0.197929 -0.081987
v 0.047666 -0.194015 -0.091439
v 0.053197 0.111972 0.046378
v 0.006738 0.107504 0.057226
v 0.006764 -0.214238 0.000002
v 0.047666 -0.214238 0.010228
v 0.088569 -0.214239 -0.000003
v 0.047666 -0.214239 -0.010228
v 0.006764 -0.197931 0.081982
v 0.047666 -0.194015 0.091434
v 0.088568 -0.197929 0.081981
v 0.047666 -0.201845 0.072530
v -0.039721 0.085699 0.085698
v 0.006738 0.094011 0.077419
v 0.006764 -0.151489 0.151484
v 0.047666 -0.144256 0.158719
v 0.088569 -0.151490 0.151486
v 0.047666 -0.158724 0.144251
v 0.006764 -0.081987 0.197926
v 0.047666 -0.072535 0.201841
v 0.088568 -0.081986 0.197925
v 0.047666 -0.091438 0.194011
v 0.053198 0.085732 0.085731
v 0.006738 0.077420 0.094010
v 0.006764 -0.000002 0.214232
v 0.047666 0.010229 0.214233
v 0.088569 -0.000002 0.214234
v 0.047666 -0.010232 0.214233
v 0.006764 0.081983 0.197926
v 0.047666 0.091435 0.194010
v 0.088568 0.081983 0.197925
v 0.047666 0.072531 0.201840
v -0.039720 0.046397 0.112014
v 0.006738 0.057227 0.107502
v 0.006764 0.151485 0.151484
v 0.047666 0.158720 0.144251
v 0.088569 0.151487 0.151485
v 0.047666 0.144252 0.158719
v 0.006764 0.197928 0.081982
v 0.047666 0.201842 0.072530
v 0.088569 0.197926 0.081981
v 0.047666 0.194012 0.091433
v 0.053196 0.046379 0.111971
v 0.006738 0.035549 0.116482
v 0.006744 0.116460 -0.035671
v 0.053208 0.112015 -0.046402
v 0.006744 0.107570 -0.057133
v -0.039721 0.112015 -0.046402
v 0.006745 0.094078 -0.077325
v 0.053204 0.085799 -0.085637
v 0.006739 0.077420 -0.094016
v -0.039720 0.085699 -0.085704
v 0.006739 0.057227 -0.107509
v 0.053197 0.046379 -0.111977
v 0.006738 0.035549 -0.116488
v -0.039720 0.046397 -0.112020
v 0.006738 0.011730 -0.121226
v 0.053198 -0.000002 -0.121249
v 0.006738 -0.011734 -0.121226
v -0.039721 -0.000002 -0.121202
v 0.006738 -0.035553 -0.116488
v 0.053196 -0.046383 -0.111977
v 0.006738 -0.057231 -0.107508
v -0.039720 -0.046401 -0.112020
v 0.006738 -0.077424 -0.094016
v 0.053197 -0.085736 -0.085737
v 0.006739 -0.094015 -0.077424
v -0.039720 -0.085703 -0.085704
v 0.006739 -0.107508 -0.057231
v 0.053197 -0.111976 -0.046383
v 0.006746 -0.116510 -0.035436
v -0.039712 -0.112042 -0.046284
v 0.006744 -0.121248 -0.011617
v 0.053197 -0.121248 -0.000002
v 0.006744 -0.121225 0.011730
v -0.039708 -0.121225 0.000115
v 0.006744 -0.116487 0.035548
v 0.053196 -0.111975 0.046378
v 0.006738 -0.107507 0.057226
v -0.039714 -0.112019 0.046396
v 0.006738 -0.094015 0.077419
v 0.053197 -0.085736 0.085731
v 0.006738 -0.077423 0.094010
v -0.039721 -0.085703 0.085698
v 0.006738 -0.057231 0.107503
v 0.053196 -0.046383 0.111971
v 0.006738 -0.035553 0.116482
v -0.039720 -0.046401 0.112014
v 0.006738 -0.011734 0.121220
v 0.053197 -0.000002 0.121243
v 0.006738 0.011730 0.121220
v -0.039721 -0.000002 0.121196
v -0.035143 0.015441 0.072179
v 0.017178 0.027713 0.066905
v -0.035143 0.040119 0.061957
v -0.087582 0.027748 0.066992
v -0.035143 0.041888 0.060774
v 0.017180 0.051274 0.051272
v -0.035143 0.060776 0.041887
v -0.087583 0.051208 0.051206
v -0.035143 0.061958 0.040117
v 0.017180 0.066906 0.027711
v -0.035142 0.072180 0.015439
v -0.087582 0.066993 0.027747
v -0.035142 0.072595 0.013351
v 0.017192 0.072466 -0.000240
v -0.035131 0.072548 -0.013595
v -0.087582 0.072419 -0.000004
v -0.087583 0.066993 -0.027753
v -0.035132 0.062091 -0.039924
v 0.017201 0.066993 -0.027753
v -0.035132 0.072133 -0.015681
v -0.087582 0.051208 -0.051212
v -0.035142 0.041889 -0.060780
v 0.017192 0.051408 -0.051078
v -0.035131 0.060909 -0.041693
v -0.087582 0.027748 -0.066998
v -0.035143 0.015441 -0.072185
v 0.017180 0.027712 -0.066911
v -0.035142 0.040119 -0.061963
v -0.087583 -0.000002 -0.072424
v -0.035143 -0.013357 -0.072600
v 0.017180 -0.000002 -0.072518
v -0.035143 0.013354 -0.072600
v -0.087582 -0.027752 -0.066998
v -0.035143 -0.040122 -0.061963
v 0.017178 -0.027716 -0.066911
v -0.035143 -0.015445 -0.072185
v -0.087581 -0.051211 -0.051212
v -0.035142 -0.060779 -0.041893
v 0.017179 -0.051277 -0.051278
v -0.035143 -0.041892 -0.060780
v -0.087568 -0.067044 -0.027516
v -0.035130 -0.072230 -0.015209
v 0.017179 -0.066910 -0.027716
v -0.035142 -0.061962 -0.040122
v -0.087559 -0.072470 0.000234
v -0.035131 -0.072599 0.013354
v 0.017179 -0.072517 -0.000002
v -0.035131 -0.072646 -0.013122
v -0.087570 -0.066997 0.027747
v -0.035143 -0.061962 0.040118
v 0.017178 -0.066910 0.027711
v -0.035131 -0.072183 0.015440
v -0.087583 -0.051211 0.051206
v -0.035143 -0.041892 0.060775
v 0.017179 -0.051277 0.051273
v -0.035143 -0.060779 0.041887
v -0.087582 -0.027752 0.066992
v -0.035143 -0.015444 0.072179
v 0.017178 -0.027716 0.066905
v -0.035143 -0.040122 0.061957
v -0.087583 -0.000002 0.072418
v -0.035143 0.013354 0.072594
v 0.017179 -0.000002 0.072512
v -0.035143 -0.013357 0.072594
v -0.114917 0.047945 -0.047950
v 0.031650 -0.025951 -0.062649
v -0.114917 0.047946 0.047944
v -0.114917 -0.000002 0.067805
v -0.114917 0.025980 0.062722
v -0.114915 -0.047951 -0.047941
v -0.114917 -0.047949 0.047944
v -0.114917 -0.000002 -0.067811
v -0.114903 -0.067857 0.000237
v -0.114917 0.067806 -0.000003
v -0.114917 0.062723 -0.025985
v -0.114917 0.062723 0.025978
v -0.114908 -0.062775 -0.025745
v -0.114910 -0.062729 0.025987
v -0.114917 -0.025983 0.062722
v -0.114917 0.025980 -0.062728
v -0.114917 -0.025984 -0.062728
v 0.036197 -0.000002 0.057524
v 0.031650 -0.062648 0.025946
v 0.031652 0.025952 -0.062642
v 0.031650 -0.062648 -0.025952
v 0.031650 -0.067895 -0.000003
v 0.031650 -0.048009 0.048005
v 0.031650 -0.000002 -0.067896
v 0.031663 0.062732 -0.025988
v 0.031650 -0.048010 -0.048011
v 0.031658 0.048140 -0.047816
v 0.031650 -0.000002 0.067890
v 0.031652 0.062643 0.025937
v 0.031658 0.067849 -0.000235
v 0.031650 0.048006 0.048005
v 0.031650 0.025947 0.062643
v 0.031650 -0.025951 0.062643
v -0.139331 0.043423 -0.017983
v -0.139331 0.017984 -0.043421
v -0.139331 -0.017991 -0.043421
v -0.139330 -0.043432 0.018002
v -0.139331 -0.017991 0.043431
v -0.139331 0.017984 0.043431
v -0.139331 0.043423 0.017993
v -0.139331 0.046947 0.000005
v -0.139331 0.033195 -0.033194
v -0.139331 -0.000004 -0.046945
v -0.139330 -0.033204 -0.033184
v -0.139328 -0.043462 -0.017819
v -0.139328 -0.046986 0.000168
v -0.139331 -0.033202 0.033204
v -0.139331 -0.000003 0.046955
v -0.139331 0.033195 0.033204
v 0.046728 0.057915 -0.023993
v 0.046726 -0.000002 -0.062680
v 0.046726 -0.044321 -0.044322
v 0.046726 -0.062679 -0.000003
v 0.046726 -0.044321 0.044317
v 0.046726 -0.000002 0.062674
v 0.046726 0.044318 0.044317
v 0.046728 0.062634 -0.000224
v 0.046728 0.044444 -0.044137
v 0.046727 0.023953 -0.057826
v 0.046726 -0.023956 -0.057832
v 0.046726 -0.057831 -0.023957
v 0.046726 -0.057831 0.023951
v 0.046726 -0.023955 0.057826
v 0.046726 0.023952 0.057826
v 0.046727 0.057824 0.023945
v 0.036197 0.040676 0.040675
v 0.036197 0.057484 -0.000216
v 0.036197 0.040797 -0.040501
v 0.036197 0.021978 -0.053070
v 0.036197 -0.021985 -0.053074
v 0.036197 -0.053073 -0.021986
v 0.036197 -0.053073 0.021980
v 0.036197 -0.021985 0.053069
v 0.036197 0.053157 -0.022022
v 0.036197 0.021981 0.053068
v 0.036197 -0.000002 -0.057530
v 0.036197 0.053064 0.021979
v 0.036197 -0.040680 -0.040681
v 0.036197 -0.057529 -0.000003
v 0.036197 -0.040680 0.040675
v 0.026949 0.052081 -0.000938
v 0.026949 0.048439 -0.019283
v 0.026949 -0.000831 -0.052107
v 0.026949 -0.019264 -0.048400
v 0.030875 0.000995 -0.031711
v 0.030875 -0.013150 -0.028899
v 0.030875 0.043725 -0.016162
v 0.030875 0.046536 -0.002017
v 0.030875 0.031706 0.000994
v 0.030875 0.028895 -0.013151
v 0.030875 -0.016161 -0.043730
v 0.030875 -0.002016 -0.046541
v 0.034801 0.037715 -0.007584
v 0.034801 -0.007583 -0.037720
v 0.026949 0.023280 -0.010475
v 0.026949 0.000721 -0.025510
v 0.026949 0.020752 -0.020424
v 0.026949 0.010954 -0.026966
v 0.026949 0.034422 -0.033815
v 0.026949 0.018152 -0.044678
v 0.026949 0.000827 0.052101
v 0.026949 0.019260 0.048394
v 0.030875 0.016157 0.043724
v 0.030875 0.002012 0.046535
v 0.030875 -0.000999 0.031705
v 0.030875 0.013146 0.028893
v 0.034801 0.007579 0.037714
v 0.026949 0.010470 0.023280
v 0.026949 0.025497 0.000682
v 0.026949 0.020421 0.020750
v 0.026949 0.026960 0.010952
v 0.026949 0.033903 0.034359
v 0.026949 0.044673 0.018152
v 0.026949 -0.052106 0.000826
v 0.026949 -0.048399 0.019259
v 0.030875 -0.043729 0.016156
v 0.030875 -0.046540 0.002011
v 0.030875 -0.031710 -0.001000
v 0.030875 -0.028898 0.013145
v 0.034801 -0.037719 0.007578
v 0.026949 -0.023285 0.010470
v 0.026949 -0.000687 0.025497
v 0.026949 -0.020755 0.020421
v 0.026949 -0.010957 0.026960
v 0.026949 -0.034364 0.033902
v 0.026949 -0.018157 0.044675
v 0.026949 -0.010436 -0.023293
v 0.026949 -0.025502 -0.000687
v 0.026949 -0.020425 -0.020756
v 0.026949 -0.026965 -0.010957
v 0.026949 -0.033907 -0.034365
v 0.026949 -0.044680 -0.018158
v 0.023863 0.016556 -0.006862
v 0.024299 -0.004238 0.010225
v 0.023863 0.016527 0.006841
v 0.023863 -0.017913 0.000066
v 0.023863 0.012612 0.012707
v 0.023863 0.006856 0.016557
v 0.023863 -0.016534 -0.006847
v 0.023863 0.017905 -0.000072
v 0.023863 -0.006848 0.016528
v 0.023863 -0.012616 -0.012713
v 0.023863 -0.000001 -0.017925
v 0.023863 -0.012713 0.012613
v 0.023863 0.006843 -0.016534
v 0.023863 -0.016563 0.006857
v 0.023863 -0.006792 -0.016576
v 0.023863 0.000065 0.017906
v 0.023863 0.012706 -0.012618
v 0.020776 -0.000005 -0.014142
v 0.020776 0.005394 -0.013042
v 0.020776 0.010024 -0.009951
v 0.020776 0.013060 -0.005414
v 0.020776 0.013033 0.005395
v 0.020776 0.009944 0.010026
v 0.020776 0.005407 0.013062
v 0.020776 0.014122 -0.000061
v 0.020776 -0.005402 0.013035
v 0.020776 -0.010033 0.009946
v 0.020776 -0.013069 0.005409
v 0.020776 0.000054 0.014124
v 0.020776 -0.013043 -0.005400
v 0.020776 -0.009952 -0.010030
v 0.020776 -0.005357 -0.013077
v 0.020776 -0.014131 0.000056
v 0.027822 0.000002 -0.000004
v 0.024299 0.004229 -0.010232
v 0.024299 -0.007876 0.007800
v 0.024299 0.007867 -0.007805
v 0.024299 -0.010256 0.004244
v 0.024299 0.010248 -0.004249
v 0.024299 0.000047 0.011082
v 0.024299 0.010224 0.004232
v 0.024299 -0.010232 -0.004237
v 0.024299 0.007798 0.007869
v 0.024299 -0.007807 -0.007872
v 0.024299 0.004242 0.010250
v 0.024299 -0.004201 -0.010262
v 0.024299 0.011080 -0.000053
v 0.024299 -0.000006 -0.011098
v 0.024299 -0.011088 0.000048
vn 0.2711 0.3683 -0.8893
vn 0.0196 -0.0000 -0.9998
vn 0.0198 0.3826 -0.9237
vn 0.7552 0.2508 -0.6056
vn 0.2700 0.0003 -0.9629
vn 0.7558 -0.0008 -0.6548
vn 0.2685 -0.3684 -0.8900
vn 0.0194 -0.3826 -0.9237
vn 0.0193 -0.7070 -0.7070
vn 0.7562 -0.2506 -0.6044
vn 0.2681 -0.6812 -0.6812
vn 0.7573 -0.6034 -0.2499
vn 0.2682 -0.8900 -0.3687
vn 0.0193 -0.9237 -0.3826
vn 0.0193 -0.9998 -0.0000
vn 0.2681 -0.9634 -0.0000
vn 0.7573 -0.6034 0.2499
vn 0.2682 -0.8900 0.3687
vn 0.0193 -0.9237 0.3826
vn 0.0193 -0.7070 0.7070
vn 0.2681 -0.6812 0.6812
vn 0.7562 -0.2506 0.6044
vn 0.2685 -0.3684 0.8900
vn 0.0194 -0.3826 0.9237
vn 0.2700 0.0003 0.9629
vn 0.0196 -0.0000 0.9998
vn 0.7558 -0.0008 0.6548
vn 0.7552 0.2508 0.6056
vn 0.2711 0.3683 0.8893
vn 0.0198 0.3826 0.9237
vn 0.0196 0.7069 0.7070
vn 0.2700 0.6807 0.6810
vn 0.7558 0.4636 0.4624
vn 0.2685 0.8899 0.3688
vn 0.0194 0.9237 0.3826
vn 0.0193 0.9998 -0.0000
vn 0.7562 0.6046 0.2502
vn 0.2681 0.9634 -0.0000
vn 0.7562 0.6046 -0.2502
vn 0.2685 0.8899 -0.3688
vn 0.0194 0.9237 -0.3826
vn 0.2700 0.6807 -0.6810
vn 0.0196 0.7069 -0.7070
vn 0.7558 0.4636 -0.4624
vn -0.7638 0.5963 -0.2470
vn -0.2814 0.6786 -0.6785
vn -0.7641 0.4561 -0.4561
vn -0.2816 0.8865 -0.3672
vn -0.0208 0.7070 -0.7070
vn -0.0207 0.3826 -0.9237
vn -0.2798 0.3678 -0.8868
vn -0.7625 0.2476 -0.5977
vn -0.0209 0.9237 -0.3826
vn -0.0000 0.7071 -0.7071
vn -0.0000 0.9239 -0.3827
vn -0.0000 0.3827 -0.9239
vn -0.7638 0.5963 0.2470
vn -0.2815 0.9596 -0.0000
vn -0.7641 0.6450 -0.0000
vn -0.2816 0.8865 0.3672
vn -0.0209 0.9998 -0.0000
vn -0.0000 0.9239 0.3827
vn -0.0209 0.9237 0.3826
vn -0.0000 1.0000 -0.0000
vn -0.7638 0.2470 0.5963
vn -0.2815 0.6785 0.6785
vn -0.7641 0.4561 0.4561
vn -0.2816 0.3672 0.8865
vn -0.0209 0.7070 0.7070
vn -0.0000 0.3827 0.9239
vn -0.0209 0.3826 0.9237
vn -0.0000 0.7071 0.7071
vn -0.7638 -0.2470 0.5963
vn -0.2815 -0.0000 0.9596
vn -0.7641 -0.0000 0.6450
vn -0.2816 -0.3672 0.8865
vn -0.0209 -0.0000 0.9998
vn -0.0000 -0.3827 0.9239
vn -0.0209 -0.3826 0.9237
vn -0.0000 -0.0000 1.0000
vn -0.7638 -0.5963 0.2470
vn -0.2815 -0.6785 0.6785
vn -0.7641 -0.4561 0.4561
vn -0.2816 -0.8865 0.3672
vn -0.0209 -0.7070 0.7070
vn -0.0000 -0.9239 0.3827
vn -0.0209 -0.9237 0.3826
vn -0.0000 -0.7071 0.7071
vn -0.2798 -0.8872 -0.3670
vn -0.7641 -0.6451 -0.0000
vn -0.7625 -0.5977 -0.2475
vn -0.0207 -0.9237 -0.3826
vn -0.2814 -0.9596 0.0001
vn -0.0208 -0.9998 -0.0000
vn -0.0000 -0.9239 -0.3827
vn -0.0000 -1.0000 -0.0000
vn -0.2707 -0.3684 -0.8894
vn -0.7583 -0.4613 -0.4606
vn -0.7546 -0.2511 -0.6062
vn -0.0198 -0.3826 -0.9237
vn -0.2744 -0.6806 -0.6793
vn -0.0201 -0.7070 -0.7069
vn -0.0000 -0.3827 -0.9239
vn -0.0000 -0.7071 -0.7071
vn -0.2744 0.0009 -0.9616
vn -0.7583 0.0005 -0.6519
vn -0.0201 0.0001 -0.9998
vn -0.0000 -0.0000 -1.0000
vn -0.9738 -0.0870 0.2101
vn -0.9738 0.0870 0.2101
vn -0.9738 -0.0000 0.2273
vn -0.9924 0.0471 0.1136
vn -0.9924 -0.0000 0.1231
vn -0.9924 -0.0471 0.1136
vn 0.9737 0.0872 0.2105
vn 0.9762 -0.0845 0.1995
vn 0.9747 -0.0037 0.2237
vn 0.9946 -0.0425 0.0944
vn 0.9936 -0.0067 0.1127
vn 0.9932 0.0446 0.1077
vn -0.9739 -0.2269 -0.0005
vn -0.9740 -0.2089 -0.0872
vn -0.9738 -0.2101 0.0870
vn -0.9924 -0.1136 0.0470
vn -0.9924 -0.1228 -0.0011
vn -0.9927 -0.1110 -0.0474
vn -0.9738 0.2101 -0.0871
vn -0.9739 0.1601 -0.1607
vn -0.9927 0.0450 -0.1120
vn -0.9924 0.0860 -0.0876
vn -0.9924 0.1135 -0.0471
vn -0.9740 0.0860 -0.2094
vn -0.9739 -0.0009 -0.2268
vn -0.9931 -0.0447 -0.1080
vn -0.9930 -0.0025 -0.1181
vn 0.7576 -0.6527 -0.0000
vn 0.9773 -0.1957 0.0810
vn 0.9773 -0.1957 -0.0810
vn 0.9774 -0.2116 -0.0000
vn 0.9952 -0.0901 -0.0371
vn 0.9952 -0.0974 -0.0000
vn 0.9952 -0.0901 0.0371
vn 0.9737 0.0872 -0.2105
vn 0.9762 0.2008 -0.0814
vn 0.9747 0.1608 -0.1556
vn 0.9946 0.0969 -0.0369
vn 0.9936 0.0845 -0.0749
vn 0.9932 0.0446 -0.1077
vn 0.9762 -0.0845 -0.1995
vn 0.9747 -0.0037 -0.2237
vn 0.9936 -0.0067 -0.1127
vn 0.9946 -0.0425 -0.0944
vn -0.9738 0.2101 0.0870
vn -0.9738 0.1608 0.1608
vn -0.9924 0.1136 0.0471
vn -0.9924 0.0870 0.0870
vn 0.9762 0.2008 0.0814
vn 0.9747 0.1608 0.1556
vn 0.9936 0.0845 0.0749
vn 0.9946 0.0969 0.0369
vn -0.9738 -0.1608 0.1608
vn -0.9924 -0.0870 0.0870
vn 0.7573 -0.4620 0.4615
vn 0.9771 -0.1513 0.1494
vn 0.9952 -0.0711 0.0677
vn -0.9739 -0.1597 -0.1610
vn -0.9737 -0.0871 -0.2103
vn -0.9930 -0.0817 -0.0853
vn -0.9738 0.2273 -0.0000
vn -0.9924 0.1231 -0.0000
vn 0.7573 -0.4620 -0.4615
vn 0.9771 -0.1513 -0.1494
vn 0.9952 -0.0711 -0.0677
vn 0.7570 0.6534 -0.0000
vn 0.9769 0.2135 -0.0000
vn 0.9951 0.0989 -0.0000
vn -0.9532 -0.2138 -0.2138
vn -0.9533 -0.1156 -0.2791
vn -0.9533 -0.2791 -0.1156
vn 0.9848 0.1211 0.1247
vn 0.9851 0.1588 0.0661
vn 0.9851 0.1587 0.0661
vn 0.9825 0.0650 0.1747
vn 0.9847 0.1217 0.1247
vn 0.9823 0.0667 0.1752
vn 0.9846 0.1225 0.1244
vn 0.9851 0.1589 0.0660
vn 0.9763 -0.1483 -0.1576
vn 0.9823 -0.1712 -0.0767
vn 0.9825 -0.1697 -0.0774
vn 0.9720 -0.0900 -0.2173
vn 0.9760 -0.1504 -0.1574
vn 0.9717 -0.0904 -0.2182
vn 0.9757 -0.1531 -0.1566
vn 0.9820 -0.1730 -0.0752
vn -0.9539 0.3002 -0.0013
vn -0.9586 0.2648 0.1052
vn -0.9589 0.2639 0.1043
vn -0.9533 0.2790 -0.1158
vn -0.9538 0.3005 -0.0009
vn -0.9533 0.2790 -0.1157
vn -0.9537 0.3008 -0.0002
vn -0.9582 0.2652 0.1072
vn -0.9532 -0.3024 -0.0000
vn -0.9533 -0.2791 0.1154
vn -0.9533 -0.2791 0.1155
vn 0.9851 0.1722 -0.0000
vn 0.9851 0.1588 -0.0661
vn 0.9851 0.1587 -0.0661
vn 0.9851 0.1589 -0.0660
vn 0.9825 -0.1697 0.0774
vn 0.9843 -0.1763 -0.0000
vn 0.9823 -0.1712 0.0767
vn 0.9844 -0.1757 -0.0000
vn 0.9842 -0.1769 -0.0000
vn 0.9820 -0.1730 0.0752
vn -0.9532 0.2138 -0.2138
vn -0.9533 0.1156 -0.2791
vn -0.9539 -0.2132 0.2113
vn -0.9533 -0.2792 0.1154
vn -0.9586 -0.1128 0.2616
vn -0.9538 -0.2131 0.2118
vn -0.9582 -0.1117 0.2633
vn -0.9537 -0.2128 0.2125
vn 0.9825 0.0650 -0.1747
vn 0.9847 0.1217 -0.1247
vn 0.9823 0.0667 -0.1752
vn 0.9848 0.1211 -0.1247
vn 0.9846 0.1225 -0.1244
vn 0.9820 0.0691 -0.1755
vn -0.9589 -0.1128 0.2604
vn -0.9680 -0.0060 0.2508
vn -0.9684 -0.0060 0.2494
vn -0.9731 0.0882 0.2129
vn -0.9728 0.0886 0.2139
vn -0.9677 -0.0045 0.2521
vn 0.9720 -0.0900 0.2173
vn 0.9760 -0.1504 0.1574
vn 0.9717 -0.0904 0.2182
vn 0.9763 -0.1483 0.1576
vn 0.9757 -0.1531 0.1566
vn 0.9714 -0.0908 0.2192
vn -0.9532 -0.0000 -0.3024
vn 0.9763 -0.0066 0.2163
vn 0.9760 -0.0050 0.2176
vn 0.9757 -0.0024 0.2190
vn 0.9820 0.0691 0.1755
vn 0.9760 -0.0050 -0.2176
vn 0.9763 -0.0066 -0.2163
vn 0.9757 -0.0024 -0.2190
vn 0.9714 -0.0908 -0.2192
vn -0.9684 0.1806 0.1722
vn -0.9733 0.0878 0.2120
vn -0.9680 0.1816 0.1731
vn -0.9677 0.1814 0.1750
vn -0.0000 -0.9813 -0.1922
vn -0.0000 -0.9813 0.1922
vn -0.0000 -0.8298 0.5581
vn -0.0000 -0.7061 0.7081
vn -0.0000 -0.7059 0.7083
vn -0.0000 -0.5558 0.8313
vn -0.0000 -0.7063 0.7079
vn -0.0000 -0.1838 0.9830
vn -0.0000 0.0074 1.0000
vn -0.0000 0.0083 1.0000
vn -0.0000 0.1982 0.9802
vn -0.0000 0.0064 1.0000
vn -0.0000 0.7012 0.7129
vn -0.0000 0.5529 0.8332
vn -0.0000 0.8250 0.5651
vn -0.0000 0.7019 0.7123
vn -0.0000 0.7025 0.7116
vn -0.0000 0.9809 0.1947
vn -0.0000 0.9809 -0.1947
vn -0.0000 0.8250 -0.5651
vn -0.0000 0.7019 -0.7123
vn -0.0000 0.7012 -0.7129
vn -0.0000 0.5529 -0.8332
vn -0.0000 0.7026 -0.7116
vn -0.0000 0.0083 -1.0000
vn -0.0000 0.1982 -0.9802
vn -0.0000 -0.1838 -0.9830
vn -0.0000 0.0074 -1.0000
vn -0.0000 0.0064 -1.0000
vn -0.0000 -0.7059 -0.7083
vn -0.0000 -0.5558 -0.8313
vn -0.0000 -0.8298 -0.5581
vn -0.0000 -0.7061 -0.7081
vn -0.0000 -0.7063 -0.7079
vn -0.0000 -0.7196 -0.6944
vn -0.0000 -0.8409 -0.5412
vn -0.0000 -0.5698 -0.8218
vn -0.0000 -0.7192 -0.6948
vn -0.0000 -0.7188 -0.6952
vn -0.0000 -0.1782 -0.9840
vn -0.0000 0.0172 -0.9999
vn -0.0000 0.0178 -0.9998
vn -0.0000 0.2119 -0.9773
vn -0.0000 0.0166 -0.9999
vn -0.0000 0.5632 -0.8264
vn -0.0000 0.7094 -0.7048
vn -0.0000 0.7096 -0.7046
vn -0.0000 0.8300 -0.5577
vn -0.0000 0.7093 -0.7049
vn -0.0000 0.5631 -0.8264
vn -0.0000 0.9813 -0.1922
vn -0.0000 0.9813 0.1922
vn -0.0000 0.8299 0.5580
vn -0.0000 0.5580 0.8299
vn -0.0000 0.1922 0.9813
vn -0.0000 -0.1922 0.9813
vn -0.0000 -0.5580 0.8299
vn -0.0000 -0.8299 0.5580
vn -0.0000 -1.0000 0.0035
vn -0.0000 -0.9813 0.1926
vn -0.0000 -0.9825 -0.1861
vn -0.0000 -1.0000 0.0033
vn -0.0000 -1.0000 0.0031
vn -0.7189 0.3287 0.6124
vn -0.9850 0.1726 -0.0000
vn -0.8827 0.4699 0.0002
vn -0.7541 0.1196 0.6458
vn -0.9991 0.0417 -0.0000
vn -0.7541 0.1197 -0.6458
vn -0.7190 0.3289 -0.6122
vn -0.0536 0.0147 -0.9985
vn 0.0053 0.0125 -0.9999
vn -0.0540 0.0458 -0.9975
vn -0.0535 0.0034 -0.9986
vn 0.0037 0.0047 -1.0000
vn 0.0013 0.0014 -1.0000
vn 0.0535 -0.0020 -0.9986
vn 0.0536 -0.0058 -0.9985
vn 0.7557 -0.0998 -0.6473
vn 0.9424 -0.3345 -0.0000
vn 0.7275 -0.2927 -0.6206
vn 0.7591 -0.0240 -0.6506
vn 0.9926 -0.1212 0.0001
vn 0.7591 -0.0241 0.6506
vn 0.7557 -0.1003 0.6472
vn 0.7271 -0.2939 0.6204
vn 0.0544 -0.0079 0.9985
vn 0.0039 0.0042 1.0000
vn 0.0063 0.0106 0.9999
vn 0.0536 -0.0027 0.9986
vn 0.0013 0.0013 1.0000
vn -0.0535 0.0033 0.9986
vn -0.0533 0.0143 0.9985
vn -0.0527 0.0443 0.9976
vn -0.7174 0.5378 0.4428
vn -0.9850 0.1592 -0.0659
vn -0.8830 0.4337 -0.1797
vn -0.7538 0.3574 0.5513
vn -0.9991 0.0384 -0.0159
vn -0.7538 -0.1371 -0.6426
vn -0.7174 0.0671 -0.6934
vn -0.0535 -0.3693 -0.9278
vn 0.0053 -0.3732 -0.9277
vn -0.0534 -0.3420 -0.9382
vn -0.0535 -0.3792 -0.9238
vn 0.0037 -0.3791 -0.9254
vn 0.0012 -0.3816 -0.9243
vn 0.0535 -0.3846 -0.9215
vn 0.0535 -0.3893 -0.9195
vn 0.7554 -0.3403 -0.5599
vn 0.9423 -0.3092 0.1281
vn 0.7259 -0.5088 -0.4627
vn 0.7590 -0.2712 -0.5919
vn 0.9926 -0.1120 0.0464
vn 0.7590 0.2268 0.6103
vn 0.7554 0.1553 0.6365
vn 0.7259 -0.0326 0.6870
vn 0.0535 0.3749 0.9255
vn 0.0037 0.3863 0.9224
vn 0.0053 0.3921 0.9199
vn 0.0535 0.3796 0.9236
vn 0.0012 0.3838 0.9234
vn -0.0535 0.3851 0.9213
vn -0.0535 0.3949 0.9172
vn -0.0534 0.4216 0.9052
vn -0.6122 0.6037 0.5106
vn -0.7523 0.6588 0.0003
vn -0.7095 0.7047 0.0005
vn -0.6507 0.5255 0.5481
vn -0.6510 0.5258 -0.5475
vn -0.6125 0.6041 -0.5098
vn -0.0546 0.0741 -0.9958
vn -0.0001 0.0366 -0.9993
vn -0.0551 0.0851 -0.9948
vn 0.0024 0.0251 -0.9997
vn 0.0539 -0.0102 -0.9985
vn 0.0542 -0.0111 -0.9985
vn -0.7190 0.6655 0.2003
vn -0.9850 0.1221 -0.1221
vn -0.8827 0.3321 -0.3324
vn -0.7541 0.5413 0.3720
vn -0.9991 0.0295 -0.0295
vn -0.7541 -0.3721 -0.5412
vn -0.7189 -0.2006 -0.6655
vn -0.0533 -0.6959 -0.7162
vn 0.0063 -0.6996 -0.7145
vn -0.0527 -0.6741 -0.7368
vn -0.0535 -0.7037 -0.7084
vn 0.0039 -0.7042 -0.7100
vn 0.0013 -0.7062 -0.7080
vn 0.0536 -0.7080 -0.7042
vn 0.0544 -0.7116 -0.7005
vn 0.7557 -0.5286 -0.3867
vn 0.9424 -0.2365 0.2365
vn 0.7271 -0.6465 -0.2309
vn 0.7591 -0.4771 -0.4430
vn 0.9926 -0.0858 0.0856
vn 0.7591 0.4431 0.4770
vn 0.7557 0.3871 0.5283
vn 0.7275 0.2319 0.6458
vn 0.0536 0.7020 0.7102
vn 0.0037 0.7104 0.7038
vn 0.0053 0.7159 0.6982
vn 0.0535 0.7047 0.7075
vn 0.0013 0.7081 0.7061
vn -0.0535 0.7085 0.7037
vn -0.0536 0.7164 0.6956
vn -0.0540 0.7377 0.6729
vn -0.7176 0.6932 -0.0674
vn -0.9850 0.0659 -0.1592
vn -0.8829 0.1797 -0.4338
vn -0.7539 0.6426 0.1370
vn -0.9991 0.0159 -0.0384
vn -0.7539 -0.5513 -0.3575
vn -0.7176 -0.4425 -0.5378
vn -0.0538 -0.9170 -0.3952
vn 0.0046 -0.9193 -0.3936
vn -0.0547 -0.9045 -0.4229
vn -0.0535 -0.9213 -0.3852
vn 0.0036 -0.9222 -0.3867
vn 0.0012 -0.9234 -0.3839
vn 0.0534 -0.9234 -0.3801
vn 0.0531 -0.9249 -0.3764
vn 0.7558 -0.6361 -0.1552
vn 0.9425 -0.1280 0.3089
vn 0.7280 -0.6847 0.0340
vn 0.7591 -0.6102 -0.2268
vn 0.9926 -0.0464 0.1120
vn 0.7591 0.5918 0.2712
vn 0.7558 0.5595 0.3401
vn 0.7281 0.4601 0.5082
vn 0.0531 0.9202 0.3878
vn 0.0036 0.9255 0.3786
vn 0.0046 0.9283 0.3717
vn 0.0534 0.9217 0.3841
vn 0.0012 0.9244 0.3815
vn -0.0535 0.9238 0.3791
vn -0.0538 0.9279 0.3690
vn -0.0547 0.9386 0.3405
vn 0.6817 -0.4500 -0.5769
vn 0.8047 -0.5937 0.0002
vn 0.6681 -0.4899 -0.5600
vn 0.8511 -0.5250 -0.0000
vn 0.6806 -0.4516 0.5769
vn 0.6666 -0.4916 0.5604
vn 0.0577 -0.0176 0.9982
vn 0.0050 0.0210 0.9998
vn 0.0037 0.0310 0.9995
vn 0.0561 -0.0146 0.9983
vn -0.0517 0.0705 0.9962
vn -0.0510 0.0804 0.9955
vn -0.7189 0.6125 -0.3287
vn -0.9850 -0.0000 -0.1726
vn -0.8828 -0.0000 -0.4698
vn -0.7541 0.6458 -0.1196
vn -0.9991 -0.0000 -0.0417
vn -0.7541 -0.6458 -0.1196
vn -0.7189 -0.6125 -0.3287
vn -0.0533 -0.9985 -0.0143
vn 0.0062 -0.9999 -0.0107
vn -0.0527 -0.9976 -0.0443
vn -0.0535 -0.9986 -0.0033
vn 0.0039 -1.0000 -0.0042
vn 0.0013 -1.0000 -0.0013
vn 0.0536 -0.9986 0.0026
vn 0.0542 -0.9985 0.0077
vn 0.7555 -0.6475 0.1001
vn 0.9423 -0.0000 0.3347
vn 0.7262 -0.6218 0.2932
vn 0.7590 -0.6506 0.0240
vn 0.9926 -0.0000 0.1213
vn 0.7590 0.6506 0.0240
vn 0.7555 0.6475 0.1001
vn 0.7262 0.6218 0.2932
vn 0.0542 0.9985 0.0077
vn 0.0039 1.0000 -0.0042
vn 0.0062 0.9999 -0.0107
vn 0.0536 0.9986 0.0026
vn 0.0013 1.0000 -0.0013
vn -0.0535 0.9986 -0.0033
vn -0.0533 0.9985 -0.0143
vn -0.0527 0.9976 -0.0443
vn -0.7176 0.4425 -0.5378
vn -0.9850 -0.0659 -0.1592
vn -0.8829 -0.1797 -0.4338
vn -0.7539 0.5513 -0.3575
vn -0.9991 -0.0159 -0.0384
vn -0.7539 -0.6426 0.1370
vn -0.7176 -0.6932 -0.0674
vn -0.0538 -0.9279 0.3690
vn 0.0046 -0.9283 0.3717
vn -0.0547 -0.9386 0.3405
vn -0.0535 -0.9238 0.3791
vn 0.0036 -0.9255 0.3786
vn 0.0012 -0.9244 0.3815
vn 0.0534 -0.9217 0.3841
vn 0.0531 -0.9202 0.3878
vn 0.7558 -0.5595 0.3401
vn 0.9424 0.1280 0.3089
vn 0.7280 -0.4601 0.5082
vn 0.7591 -0.5918 0.2712
vn 0.9926 0.0464 0.1120
vn 0.7591 0.6102 -0.2268
vn 0.7558 0.6361 -0.1552
vn 0.7280 0.6847 0.0340
vn 0.0531 0.9249 -0.3764
vn 0.0036 0.9222 -0.3867
vn 0.0046 0.9193 -0.3936
vn 0.0534 0.9234 -0.3801
vn 0.0012 0.9234 -0.3839
vn -0.0535 0.9213 -0.3852
vn -0.0538 0.9170 -0.3952
vn -0.0547 0.9045 -0.4229
vn -0.6082 0.3551 0.7099
vn -0.7524 0.6086 0.2521
vn -0.7095 0.6511 0.2697
vn -0.6478 0.2708 0.7121
vn -0.8829 0.4338 0.1797
vn -0.6478 0.6950 -0.3121
vn -0.6082 0.7531 -0.2509
vn -0.0562 0.4483 -0.8921
vn -0.0027 0.4160 -0.9094
vn -0.0574 0.4582 -0.8870
vn -0.0547 0.4229 -0.9045
vn 0.0006 0.4052 -0.9142
vn 0.0046 0.3936 -0.9193
vn 0.0523 0.3726 -0.9265
vn 0.0515 0.3725 -0.9266
vn -0.7189 0.2006 -0.6655
vn -0.9850 -0.1221 -0.1221
vn -0.8828 -0.3322 -0.3322
vn -0.7541 0.3721 -0.5412
vn -0.9991 -0.0295 -0.0295
vn -0.7541 -0.5412 0.3721
vn -0.7189 -0.6655 0.2006
vn -0.0533 -0.7162 0.6959
vn 0.0062 -0.7146 0.6995
vn -0.0527 -0.7368 0.6741
vn -0.0535 -0.7084 0.7037
vn 0.0039 -0.7101 0.7041
vn 0.0013 -0.7080 0.7062
vn 0.0536 -0.7042 0.7080
vn 0.0542 -0.7006 0.7115
vn 0.7555 -0.3870 0.5286
vn 0.9423 0.2367 0.2367
vn 0.7262 -0.2324 0.6470
vn 0.7590 -0.4430 0.4770
vn 0.9926 0.0857 0.0857
vn 0.7590 0.4770 -0.4430
vn 0.7555 0.5286 -0.3870
vn 0.7262 0.6470 -0.2324
vn 0.0542 0.7115 -0.7006
vn 0.0039 0.7041 -0.7101
vn 0.0062 0.6995 -0.7146
vn 0.0536 0.7080 -0.7042
vn 0.0013 0.7062 -0.7080
vn -0.0535 0.7037 -0.7084
vn -0.0533 0.6959 -0.7162
vn -0.0527 0.6741 -0.7368
vn -0.7187 -0.0681 -0.6919
vn -0.9850 -0.1593 -0.0661
vn -0.8829 -0.4340 -0.1795
vn -0.7540 0.1370 -0.6424
vn -0.9991 -0.0384 -0.0160
vn -0.7539 -0.3578 0.5510
vn -0.7179 -0.5385 0.4411
vn -0.0535 -0.3957 0.9168
vn 0.0055 -0.3941 0.9191
vn -0.0537 -0.4240 0.9041
vn -0.0535 -0.3853 0.9213
vn 0.0038 -0.3870 0.9221
vn 0.0013 -0.3840 0.9233
vn 0.0535 -0.3802 0.9234
vn 0.0538 -0.3766 0.9248
vn 0.7559 -0.1551 0.6360
vn 0.9425 0.3090 0.1277
vn 0.7284 0.0342 0.6843
vn 0.7591 -0.2268 0.6102
vn 0.9926 0.1120 0.0464
vn 0.7591 0.2712 -0.5918
vn 0.7558 0.3401 -0.5595
vn 0.7280 0.5082 -0.4601
vn 0.0531 0.3878 -0.9202
vn 0.0036 0.3786 -0.9255
vn 0.0045 0.3717 -0.9283
vn 0.0534 0.3841 -0.9217
vn 0.0012 0.3815 -0.9244
vn -0.0535 0.3791 -0.9238
vn -0.0538 0.3690 -0.9279
vn -0.0550 0.3405 -0.9386
vn 0.6827 -0.1973 -0.7035
vn 0.8050 -0.5482 -0.2270
vn 0.6696 -0.2414 -0.7024
vn 0.7281 -0.0340 -0.6847
vn 0.8513 -0.4848 -0.2008
vn 0.7280 -0.5082 0.4601
vn 0.6827 -0.6370 0.3580
vn 0.6695 -0.6674 0.3260
vn 0.0515 -0.3918 0.9186
vn 0.0006 -0.3599 0.9330
vn -0.0027 -0.3489 0.9372
vn 0.0523 -0.3917 0.9186
vn 0.0046 -0.3717 0.9283
vn -0.0547 -0.3405 0.9386
vn -0.0562 -0.3138 0.9478
vn -0.0574 -0.3032 0.9512
vn -0.7185 -0.3275 -0.6136
vn -0.9850 -0.1724 -0.0001
vn -0.8829 -0.4696 0.0001
vn -0.7540 -0.1192 -0.6460
vn -0.9991 -0.0416 -0.0000
vn -0.7539 -0.1196 0.6460
vn -0.7178 -0.3286 0.6138
vn -0.0533 -0.0144 0.9985
vn 0.0062 -0.0107 0.9999
vn -0.0525 -0.0443 0.9976
vn -0.0535 -0.0033 0.9986
vn 0.0039 -0.0042 1.0000
vn 0.0013 -0.0013 1.0000
vn 0.0536 0.0026 0.9986
vn 0.0542 0.0077 0.9985
vn 0.7555 0.1001 0.6475
vn 0.9423 0.3347 -0.0002
vn 0.7262 0.2932 0.6218
vn 0.7590 0.0240 0.6506
vn 0.9926 0.1213 -0.0000
vn 0.7590 0.0240 -0.6506
vn 0.7554 0.1001 -0.6475
vn 0.7259 0.2931 -0.6222
vn 0.0535 0.0078 -0.9985
vn 0.0037 -0.0039 -1.0000
vn 0.0052 -0.0102 -0.9999
vn 0.0535 0.0027 -0.9986
vn 0.0012 -0.0012 -1.0000
vn -0.0535 -0.0032 -0.9986
vn -0.0536 -0.0138 -0.9985
vn -0.0537 -0.0431 -0.9976
vn -0.7175 -0.5378 -0.4426
vn -0.9850 -0.1592 0.0659
vn -0.8830 -0.4338 0.1795
vn -0.7539 -0.3575 -0.5513
vn -0.9991 -0.0384 0.0159
vn -0.7539 0.1370 0.6426
vn -0.7176 -0.0675 0.6931
vn -0.0538 0.3690 0.9279
vn 0.0046 0.3717 0.9283
vn -0.0547 0.3405 0.9386
vn -0.0535 0.3791 0.9238
vn 0.0036 0.3786 0.9255
vn 0.0012 0.3815 0.9244
vn 0.0534 0.3841 0.9217
vn 0.0531 0.3878 0.9202
vn 0.7558 0.3401 0.5595
vn 0.9424 0.3089 -0.1279
vn 0.7280 0.5082 0.4601
vn 0.7591 0.2712 0.5918
vn 0.9926 0.1120 -0.0464
vn 0.7591 -0.2268 -0.6102
vn 0.7558 -0.1551 -0.6361
vn 0.7281 0.0340 -0.6847
vn 0.0531 -0.3764 -0.9249
vn 0.0036 -0.3867 -0.9222
vn 0.0046 -0.3936 -0.9193
vn 0.0534 -0.3801 -0.9234
vn 0.0012 -0.3839 -0.9234
vn -0.0535 -0.3852 -0.9213
vn -0.0538 -0.3952 -0.9170
vn -0.0547 -0.4229 -0.9045
vn -0.6122 0.0658 0.7880
vn -0.7523 0.4658 0.4658
vn -0.7095 0.4983 0.4983
vn -0.6507 -0.0160 0.7592
vn -0.8828 0.3322 0.3322
vn -0.6507 0.7592 -0.0160
vn -0.6122 0.7880 0.0658
vn -0.0518 0.7543 -0.6545
vn 0.0032 0.7290 -0.6845
vn -0.0510 0.7608 -0.6470
vn -0.0527 0.7368 -0.6741
vn 0.0046 0.7220 -0.6918
vn 0.0062 0.7146 -0.6995
vn 0.0556 0.6960 -0.7159
vn 0.0569 0.6941 -0.7177
vn -0.7189 -0.6655 -0.2006
vn -0.9850 -0.1221 0.1221
vn -0.8827 -0.3322 0.3322
vn -0.7541 -0.5412 -0.3721
vn -0.9991 -0.0295 0.0295
vn -0.7541 0.3721 0.5412
vn -0.7189 0.2006 0.6655
vn -0.0533 0.6959 0.7162
vn 0.0062 0.6995 0.7146
vn -0.0527 0.6741 0.7368
vn -0.0535 0.7037 0.7084
vn 0.0039 0.7041 0.7101
vn 0.0013 0.7062 0.7080
vn 0.0536 0.7080 0.7042
vn 0.0542 0.7115 0.7006
vn 0.7555 0.5286 0.3870
vn 0.9423 0.2367 -0.2367
vn 0.7262 0.6470 0.2324
vn 0.7590 0.4770 0.4430
vn 0.9926 0.0857 -0.0857
vn 0.7590 -0.4430 -0.4770
vn 0.7555 -0.3870 -0.5286
vn 0.7262 -0.2324 -0.6470
vn 0.0542 -0.7006 -0.7115
vn 0.0039 -0.7101 -0.7041
vn 0.0062 -0.7146 -0.6995
vn 0.0536 -0.7042 -0.7080
vn 0.0013 -0.7080 -0.7062
vn -0.0535 -0.7084 -0.7037
vn -0.0533 -0.7162 -0.6959
vn -0.0527 -0.7368 -0.6741
vn -0.7176 -0.6932 0.0674
vn -0.9850 -0.0659 0.1592
vn -0.8829 -0.1797 0.4338
vn -0.7539 -0.6426 -0.1370
vn -0.9991 -0.0159 0.0384
vn -0.7539 0.5513 0.3575
vn -0.7176 0.4425 0.5378
vn -0.0538 0.9170 0.3952
vn 0.0046 0.9193 0.3936
vn -0.0547 0.9045 0.4229
vn -0.0535 0.9213 0.3852
vn 0.0036 0.9222 0.3867
vn 0.0012 0.9234 0.3839
vn 0.0534 0.9234 0.3801
vn 0.0531 0.9249 0.3764
vn 0.7558 0.6361 0.1551
vn 0.9424 0.1280 -0.3089
vn 0.7280 0.6847 -0.0340
vn 0.7591 0.6102 0.2268
vn 0.9926 0.0464 -0.1120
vn 0.7591 -0.5918 -0.2712
vn 0.7558 -0.5595 -0.3401
vn 0.7280 -0.4601 -0.5082
vn 0.0531 -0.9202 -0.3878
vn 0.0036 -0.9255 -0.3786
vn 0.0046 -0.9283 -0.3717
vn 0.0534 -0.9217 -0.3841
vn 0.0012 -0.9244 -0.3815
vn -0.0535 -0.9238 -0.3791
vn -0.0538 -0.9279 -0.3690
vn -0.0547 -0.9386 -0.3405
vn 0.6788 0.0921 -0.7285
vn 0.8043 -0.4202 -0.4202
vn 0.6642 0.0538 -0.7456
vn 0.7262 0.2324 -0.6470
vn 0.8508 -0.3715 -0.3715
vn 0.7262 -0.6470 0.2324
vn 0.6788 -0.7285 0.0922
vn 0.6642 -0.7457 0.0538
vn 0.0569 -0.7177 0.6941
vn 0.0046 -0.6918 0.7220
vn 0.0032 -0.6845 0.7290
vn 0.0556 -0.7159 0.6960
vn 0.0062 -0.6995 0.7146
vn -0.0527 -0.6741 0.7368
vn -0.0518 -0.6545 0.7543
vn -0.0510 -0.6470 0.7608
vn -0.7189 -0.6125 0.3287
vn -0.9850 -0.0000 0.1726
vn -0.8827 -0.0000 0.4698
vn -0.7541 -0.6458 0.1196
vn -0.9991 -0.0000 0.0417
vn -0.7541 0.6458 0.1196
vn -0.7189 0.6125 0.3287
vn -0.0533 0.9985 0.0143
vn 0.0062 0.9999 0.0107
vn -0.0527 0.9976 0.0443
vn -0.0535 0.9986 0.0033
vn 0.0039 1.0000 0.0042
vn 0.0013 1.0000 0.0013
vn 0.0536 0.9986 -0.0026
vn 0.0542 0.9985 -0.0077
vn 0.7555 0.6475 -0.1001
vn 0.9423 -0.0000 -0.3347
vn 0.7262 0.6218 -0.2932
vn 0.7590 0.6506 -0.0240
vn 0.9926 -0.0000 -0.1213
vn 0.7590 -0.6506 -0.0240
vn 0.7555 -0.6475 -0.1001
vn 0.7262 -0.6218 -0.2932
vn 0.0542 -0.9985 -0.0077
vn 0.0039 -1.0000 0.0042
vn 0.0062 -0.9999 0.0107
vn 0.0536 -0.9986 -0.0026
vn 0.0013 -1.0000 0.0013
vn -0.0535 -0.9986 0.0033
vn -0.0533 -0.9985 0.0143
vn -0.0527 -0.9976 0.0443
vn -0.7176 -0.4425 0.5378
vn -0.9850 0.0659 0.1592
vn -0.8829 0.1797 0.4338
vn -0.7539 -0.5513 0.3575
vn -0.9991 0.0159 0.0384
vn -0.7539 0.6426 -0.1370
vn -0.7176 0.6932 0.0674
vn -0.0538 0.9279 -0.3690
vn 0.0046 0.9283 -0.3717
vn -0.0547 0.9386 -0.3405
vn -0.0535 0.9238 -0.3791
vn 0.0036 0.9255 -0.3786
vn 0.0012 0.9244 -0.3815
vn 0.0534 0.9217 -0.3841
vn 0.0531 0.9202 -0.3878
vn 0.7558 0.5595 -0.3401
vn 0.9424 -0.1280 -0.3089
vn 0.7280 0.4601 -0.5082
vn 0.7591 0.5918 -0.2712
vn 0.9926 -0.0464 -0.1120
vn 0.7591 -0.6102 0.2268
vn 0.7558 -0.6361 0.1552
vn 0.7280 -0.6847 -0.0340
vn 0.0531 -0.9249 0.3764
vn 0.0036 -0.9222 0.3867
vn 0.0046 -0.9193 0.3936
vn 0.0534 -0.9234 0.3801
vn 0.0012 -0.9234 0.3839
vn -0.0535 -0.9213 0.3852
vn -0.0538 -0.9170 0.3952
vn -0.0547 -0.9045 0.4229
vn -0.6082 -0.2509 0.7531
vn -0.7524 0.2521 0.6086
vn -0.7095 0.2697 0.6511
vn -0.6478 -0.3121 0.6950
vn -0.6478 0.7121 0.2708
vn -0.6082 0.7099 0.3551
vn -0.0562 0.9478 -0.3138
vn -0.0027 0.9372 -0.3489
vn -0.0574 0.9512 -0.3032
vn 0.0006 0.9330 -0.3599
vn 0.0523 0.9186 -0.3917
vn 0.0515 0.9186 -0.3918
vn -0.7189 -0.2006 0.6655
vn -0.9850 0.1221 0.1221
vn -0.7541 -0.3721 0.5412
vn -0.9991 0.0295 0.0295
vn -0.7541 0.5412 -0.3721
vn -0.7189 0.6655 -0.2006
vn -0.0533 0.7162 -0.6959
vn -0.0535 0.7084 -0.7037
vn 0.0039 0.7101 -0.7041
vn 0.0013 0.7080 -0.7062
vn 0.0536 0.7042 -0.7080
vn 0.0542 0.7006 -0.7115
vn 0.7555 0.3870 -0.5286
vn 0.9423 -0.2367 -0.2367
vn 0.7590 0.4430 -0.4770
vn 0.9926 -0.0857 -0.0857
vn 0.7590 -0.4770 0.4430
vn 0.7555 -0.5286 0.3870
vn 0.0542 -0.7115 0.7006
vn 0.0039 -0.7041 0.7101
vn 0.0536 -0.7080 0.7042
vn 0.0013 -0.7062 0.7080
vn -0.0535 -0.7037 0.7084
vn -0.0533 -0.6959 0.7162
vn -0.7176 0.0674 0.6932
vn -0.9850 0.1592 0.0659
vn -0.7539 -0.1370 0.6426
vn -0.9991 0.0384 0.0159
vn -0.7539 0.3575 -0.5513
vn -0.7176 0.5378 -0.4425
vn -0.0538 0.3952 -0.9170
vn -0.0535 0.3852 -0.9213
vn 0.0036 0.3867 -0.9222
vn 0.0012 0.3839 -0.9234
vn 0.0534 0.3801 -0.9234
vn 0.0531 0.3764 -0.9249
vn 0.7558 0.1552 -0.6361
vn 0.9425 -0.3089 -0.1279
vn 0.7591 0.2268 -0.6102
vn 0.9926 -0.1120 -0.0464
vn 0.7591 -0.2712 0.5918
vn 0.7558 -0.3401 0.5595
vn 0.0531 -0.3878 0.9202
vn 0.0036 -0.3786 0.9255
vn 0.0534 -0.3841 0.9217
vn 0.0012 -0.3815 0.9244
vn -0.0535 -0.3791 0.9238
vn -0.0538 -0.3690 0.9279
vn 0.6827 0.3580 -0.6370
vn 0.8050 -0.2271 -0.5481
vn 0.6696 0.3260 -0.6674
vn 0.8513 -0.2008 -0.4848
vn 0.6827 -0.7036 -0.1973
vn 0.6696 -0.7024 -0.2414
vn 0.0515 -0.9266 0.3725
vn 0.0006 -0.9142 0.4052
vn -0.0027 -0.9094 0.4160
vn 0.0523 -0.9265 0.3726
vn -0.0562 -0.8921 0.4483
vn -0.0574 -0.8870 0.4582
vn 0.0535 0.3681 0.9282
vn 0.0025 0.4021 0.9156
vn 0.0002 0.4117 0.9113
vn 0.0535 0.3695 0.9277
vn -0.0534 0.4452 0.8939
vn -0.0533 0.4542 0.8893
vn 0.6782 -0.6378 -0.3651
vn 0.8043 -0.5490 0.2274
vn 0.6632 -0.6683 -0.3369
vn 0.8508 -0.4854 0.2011
vn 0.6782 -0.1928 0.7091
vn 0.6632 -0.2344 0.7108
vn -0.0534 -0.3173 -0.9468
vn 0.0002 -0.3533 -0.9355
vn -0.0533 -0.3077 -0.9500
vn 0.0025 -0.3631 -0.9318
vn 0.0535 -0.3947 -0.9173
vn 0.0535 -0.3961 -0.9167
vn -0.6078 0.7530 0.2521
vn -0.7524 0.6085 -0.2521
vn -0.7095 0.6510 -0.2697
vn -0.6475 0.6949 0.3129
vn -0.6475 0.2701 -0.7126
vn -0.6078 0.3542 -0.7107
vn 0.0542 0.6982 0.7139
vn 0.0024 0.7246 0.6891
vn -0.0001 0.7325 0.6808
vn 0.0539 0.6988 0.7133
vn -0.0546 0.7565 0.6517
vn -0.0551 0.7636 0.6433
vn 0.6806 -0.7273 -0.0886
vn 0.8047 -0.4199 0.4196
vn 0.6666 -0.7439 -0.0486
vn 0.8511 -0.3712 0.3712
vn 0.6817 0.0897 0.7262
vn 0.6681 0.0496 0.7424
vn -0.0517 -0.6545 -0.7543
vn 0.0037 -0.6848 -0.7287
vn -0.0510 -0.6470 -0.7608
vn 0.0050 -0.6921 -0.7218
vn 0.0561 -0.7162 -0.6956
vn 0.0577 -0.7183 -0.6934
vn -0.6125 0.7876 -0.0667
vn -0.7523 0.4656 -0.4661
vn -0.7095 0.4979 -0.4986
vn -0.6510 0.7590 0.0154
vn -0.6507 -0.0160 -0.7591
vn -0.6122 0.0659 -0.7879
vn 0.0515 0.9186 0.3918
vn 0.0006 0.9330 0.3599
vn -0.0027 0.9372 0.3489
vn 0.0523 0.9186 0.3917
vn -0.0562 0.9478 0.3138
vn -0.0574 0.9512 0.3032
vn 0.6827 -0.7036 0.1972
vn 0.8050 -0.2271 0.5481
vn 0.6695 -0.7025 0.2414
vn 0.8513 -0.2008 0.4848
vn 0.6827 0.3580 0.6370
vn 0.6696 0.3259 0.6674
vn -0.0562 -0.8921 -0.4483
vn -0.0027 -0.9094 -0.4159
vn -0.0574 -0.8870 -0.4582
vn 0.0006 -0.9142 -0.4052
vn 0.0523 -0.9265 -0.3726
vn 0.0515 -0.9266 -0.3725
vn -0.6082 0.7099 -0.3551
vn -0.7524 0.2521 -0.6086
vn -0.7095 0.2697 -0.6511
vn -0.6478 0.7121 -0.2708
vn -0.6478 -0.3121 -0.6950
vn -0.6082 -0.2509 -0.7531
vn 0.0569 0.9982 0.0167
vn 0.0046 0.9998 -0.0214
vn 0.0032 0.9995 -0.0315
vn 0.0556 0.9984 0.0141
vn -0.0518 0.9962 -0.0706
vn -0.0510 0.9955 -0.0804
vn 0.6788 -0.5803 0.4500
vn 0.8043 -0.0000 0.5942
vn 0.6642 -0.5653 0.4892
vn 0.8508 -0.0000 0.5254
vn 0.6788 0.5803 0.4500
vn 0.6642 0.5653 0.4892
vn -0.0518 -0.9962 -0.0706
vn 0.0032 -0.9995 -0.0315
vn -0.0510 -0.9955 -0.0804
vn 0.0046 -0.9998 -0.0214
vn 0.0556 -0.9984 0.0141
vn 0.0569 -0.9982 0.0167
vn -0.6122 0.5106 -0.6037
vn -0.7523 -0.0000 -0.6588
vn -0.7095 -0.0000 -0.7047
vn -0.6507 0.5482 -0.5255
vn -0.6507 -0.5481 -0.5255
vn -0.6122 -0.5106 -0.6037
vn 0.0515 0.9266 -0.3725
vn 0.0006 0.9142 -0.4052
vn -0.0027 0.9094 -0.4160
vn 0.0523 0.9265 -0.3726
vn -0.0562 0.8921 -0.4483
vn -0.0574 0.8870 -0.4582
vn 0.6827 -0.3580 0.6370
vn 0.8050 0.2271 0.5481
vn 0.6696 -0.3260 0.6674
vn 0.8513 0.2008 0.4848
vn 0.6827 0.7036 0.1973
vn 0.6696 0.7024 0.2414
vn -0.0562 -0.9478 0.3138
vn -0.0027 -0.9372 0.3489
vn -0.0574 -0.9512 0.3032
vn 0.0006 -0.9330 0.3600
vn 0.0523 -0.9186 0.3917
vn 0.0515 -0.9186 0.3918
vn -0.6083 0.2509 -0.7531
vn -0.7524 -0.2521 -0.6086
vn -0.7095 -0.2697 -0.6511
vn -0.6478 0.3120 -0.6950
vn -0.6478 -0.7121 -0.2707
vn -0.6082 -0.7099 -0.3551
vn 0.0569 0.7177 -0.6941
vn 0.0046 0.6918 -0.7220
vn 0.0032 0.6845 -0.7290
vn 0.0556 0.7159 -0.6960
vn -0.0518 0.6545 -0.7543
vn -0.0510 0.6470 -0.7608
vn 0.6788 -0.0921 0.7285
vn 0.8043 0.4202 0.4202
vn 0.6642 -0.0538 0.7456
vn 0.8508 0.3715 0.3715
vn 0.6788 0.7285 -0.0921
vn 0.6642 0.7456 -0.0538
vn -0.0518 -0.7543 0.6545
vn 0.0032 -0.7290 0.6845
vn -0.0510 -0.7608 0.6470
vn 0.0046 -0.7220 0.6918
vn 0.0556 -0.6960 0.7159
vn 0.0569 -0.6941 0.7177
vn -0.6122 -0.0659 -0.7879
vn -0.7524 -0.4658 -0.4658
vn -0.7096 -0.4983 -0.4982
vn -0.6507 0.0160 -0.7591
vn -0.6507 -0.7592 0.0161
vn -0.6122 -0.7880 -0.0658
vn 0.0515 0.3918 -0.9186
vn 0.0004 0.3599 -0.9330
vn -0.0031 0.3487 -0.9372
vn 0.0523 0.3917 -0.9186
vn -0.0569 0.3135 -0.9479
vn -0.0584 0.3027 -0.9513
vn 0.6834 0.1980 0.7027
vn 0.8050 0.5485 0.2262
vn 0.6705 0.2426 0.7011
vn 0.8513 0.4850 0.2002
vn 0.6827 0.6370 -0.3580
vn 0.6695 0.6674 -0.3260
vn -0.0540 -0.4493 0.8918
vn 0.0008 -0.4156 0.9096
vn -0.0542 -0.4589 0.8868
vn 0.0030 -0.4053 0.9142
vn 0.0544 -0.3721 0.9266
vn 0.0550 -0.3710 0.9270
vn -0.6118 -0.3599 -0.7044
vn -0.7524 -0.6091 -0.2509
vn -0.7095 -0.6518 -0.2677
vn -0.6504 -0.2736 -0.7086
vn -0.6485 -0.6957 0.3090
vn -0.6092 -0.7536 0.2468
vn 0.0535 0.0151 -0.9985
vn 0.0023 -0.0212 -0.9998
vn -0.0002 -0.0319 -0.9995
vn 0.0535 0.0136 -0.9985
vn -0.0540 -0.0695 -0.9961
vn -0.0543 -0.0798 -0.9953
vn 0.6789 0.4500 0.5802
vn 0.8043 0.5943 -0.0009
vn 0.6642 0.4892 0.5652
vn 0.8508 0.5255 -0.0006
vn 0.6782 0.4496 -0.5812
vn 0.6633 0.4887 -0.5668
vn -0.0511 -0.0702 0.9962
vn 0.0036 -0.0312 0.9995
vn -0.0501 -0.0799 0.9955
vn 0.0049 -0.0213 0.9998
vn 0.0556 0.0141 0.9984
vn 0.0569 0.0167 0.9982
vn -0.6113 -0.6015 -0.5143
vn -0.7525 -0.6586 0.0010
vn -0.7096 -0.7046 0.0018
vn -0.6501 -0.5234 -0.5508
vn -0.6483 -0.5242 0.5522
vn -0.6090 -0.6015 0.5171
vn 0.0516 -0.3725 -0.9266
vn 0.0006 -0.4052 -0.9142
vn -0.0027 -0.4159 -0.9094
vn 0.0523 -0.3726 -0.9265
vn -0.0562 -0.4483 -0.8921
vn -0.0574 -0.4582 -0.8870
vn 0.6827 0.6370 0.3580
vn 0.8050 0.5482 -0.2270
vn 0.6695 0.6674 0.3260
vn 0.8513 0.4848 -0.2008
vn 0.6828 0.1973 -0.7035
vn 0.6696 0.2415 -0.7024
vn -0.0562 0.3138 0.9478
vn -0.0027 0.3489 0.9372
vn -0.0574 0.3032 0.9512
vn 0.0006 0.3599 0.9330
vn 0.0523 0.3917 0.9186
vn 0.0515 0.3918 0.9186
vn -0.6082 -0.7530 -0.2512
vn -0.7524 -0.6086 0.2518
vn -0.7095 -0.6512 0.2693
vn -0.6477 -0.6949 -0.3123
vn -0.6479 -0.2709 0.7119
vn -0.6084 -0.3553 0.7096
vn 0.0569 -0.6941 -0.7177
vn 0.0046 -0.7220 -0.6918
vn 0.0032 -0.7290 -0.6845
vn 0.0556 -0.6960 -0.7159
vn -0.0518 -0.7543 -0.6545
vn -0.0510 -0.7608 -0.6470
vn 0.6788 0.7285 0.0921
vn 0.8043 0.4202 -0.4202
vn 0.6642 0.7456 0.0538
vn 0.8508 0.3715 -0.3715
vn 0.6788 -0.0921 -0.7285
vn 0.6642 -0.0538 -0.7456
vn -0.0518 0.6545 0.7543
vn 0.0032 0.6845 0.7290
vn -0.0510 0.6470 0.7608
vn 0.0046 0.6918 0.7220
vn 0.0556 0.7159 0.6960
vn 0.0569 0.7177 0.6941
vn -0.6122 -0.7880 0.0658
vn -0.7523 -0.4658 0.4658
vn -0.7095 -0.4983 0.4983
vn -0.6507 -0.7592 -0.0160
vn -0.6507 0.0160 0.7592
vn -0.6122 -0.0658 0.7880
vn 0.0515 -0.9186 -0.3918
vn 0.0006 -0.9330 -0.3599
vn -0.0027 -0.9372 -0.3489
vn 0.0523 -0.9186 -0.3917
vn -0.0562 -0.9478 -0.3138
vn -0.0574 -0.9512 -0.3032
vn 0.6827 0.7036 -0.1973
vn 0.8050 0.2270 -0.5481
vn 0.6696 0.7024 -0.2414
vn 0.8513 0.2008 -0.4848
vn 0.6827 -0.3580 -0.6370
vn 0.6696 -0.3260 -0.6674
vn -0.0562 0.8921 0.4483
vn -0.0027 0.9094 0.4159
vn -0.0574 0.8870 0.4582
vn 0.0006 0.9142 0.4052
vn 0.0523 0.9265 0.3726
vn 0.0515 0.9266 0.3725
vn -0.6082 -0.7099 0.3551
vn -0.7524 -0.2521 0.6086
vn -0.7095 -0.2697 0.6511
vn -0.6478 -0.7121 0.2708
vn -0.6478 0.3121 0.6950
vn -0.6082 0.2509 0.7531
vn 0.0569 -0.9982 -0.0167
vn 0.0046 -0.9998 0.0214
vn 0.0032 -0.9995 0.0315
vn 0.0556 -0.9984 -0.0141
vn -0.0518 -0.9962 0.0706
vn -0.0510 -0.9955 0.0804
vn 0.6788 0.5803 -0.4500
vn 0.8043 -0.0000 -0.5942
vn 0.6642 0.5653 -0.4892
vn 0.8508 -0.0000 -0.5254
vn 0.6788 -0.5803 -0.4500
vn 0.6642 -0.5653 -0.4892
vn -0.0518 0.9962 0.0706
vn 0.0032 0.9995 0.0315
vn -0.0510 0.9955 0.0804
vn 0.0046 0.9998 0.0214
vn 0.0556 0.9984 -0.0141
vn 0.0569 0.9982 -0.0167
vn -0.6122 -0.5106 0.6037
vn -0.7523 -0.0000 0.6588
vn -0.7095 -0.0000 0.7047
vn -0.6507 -0.5481 0.5255
vn -0.6507 0.5481 0.5255
vn -0.6122 0.5106 0.6037
vn 0.0381 -0.8099 0.5853
vn -0.0237 -0.8352 0.5494
vn 0.0235 -0.6589 0.7519
vn -0.0047 -0.8822 0.4709
vn -0.0365 -0.7074 0.7059
vn -0.0288 -0.6355 0.7716
vn 0.8727 0.4869 -0.0370
vn 0.9986 0.0204 0.0492
vn 0.5714 0.3632 0.7359
vn 0.8546 -0.1988 -0.4798
vn 0.8727 -0.3705 0.3181
vn 0.5714 0.2635 0.7772
vn -0.0365 0.9993 -0.0011
vn -0.0237 0.9791 -0.2021
vn -0.0288 0.9949 0.0962
vn -0.0047 0.9568 -0.2908
vn 0.0381 0.9866 -0.1588
vn 0.0235 0.9976 0.0657
vn -0.4553 0.1332 0.8803
vn -0.6216 0.2998 0.7237
vn -0.7579 0.2496 0.6027
vn -0.5201 -0.1262 0.8447
vn -0.5201 0.6866 0.5081
vn -0.4553 0.5283 0.7167
vn 0.0439 -0.5266 0.8490
vn -0.0173 -0.5652 0.8247
vn 0.0285 -0.3190 0.9473
vn 0.0018 -0.6386 0.7695
vn -0.0310 -0.3889 0.9208
vn -0.0238 -0.2985 0.9541
vn 0.8673 0.4411 -0.2306
vn 0.9980 0.0451 0.0452
vn 0.5717 0.6192 0.5383
vn 0.8538 -0.3682 -0.3681
vn 0.8673 -0.2307 0.4411
vn 0.5717 0.5382 0.6193
vn -0.0310 0.9208 -0.3889
vn -0.0173 0.8247 -0.5652
vn -0.0238 0.9541 -0.2985
vn 0.0018 0.7695 -0.6386
vn 0.0439 0.8490 -0.5266
vn 0.0285 0.9473 -0.3190
vn -0.4535 0.4655 0.7600
vn -0.6244 0.5523 0.5523
vn -0.7583 0.4609 0.4609
vn -0.5223 0.2176 0.8245
vn -0.5223 0.8245 0.2176
vn -0.4535 0.7600 0.4655
vn 0.0381 -0.1588 0.9866
vn -0.0237 -0.2021 0.9791
vn 0.0235 0.0657 0.9976
vn -0.0047 -0.2908 0.9568
vn -0.0365 -0.0011 0.9993
vn -0.0288 0.0962 0.9949
vn 0.8727 0.3186 -0.3701
vn 0.9986 0.0494 0.0201
vn 0.5727 0.7767 0.2621
vn 0.8546 -0.4798 -0.1987
vn 0.8726 -0.0371 0.4870
vn 0.5714 0.7359 0.3632
vn -0.0365 0.7059 -0.7074
vn -0.0237 0.5497 -0.8350
vn -0.0288 0.7716 -0.6355
vn -0.0047 0.4710 -0.8821
vn 0.0379 0.5867 -0.8089
vn 0.0232 0.7542 -0.6562
vn -0.4553 0.7167 0.5283
vn -0.6216 0.7237 0.2998
vn -0.7579 0.6027 0.2496
vn -0.5201 0.5081 0.6866
vn -0.5201 0.8447 -0.1262
vn -0.4553 0.8803 0.1332
vn 0.0448 0.2279 0.9727
vn -0.0170 0.1834 0.9829
vn 0.0294 0.4450 0.8951
vn 0.0023 0.0922 0.9957
vn -0.0310 0.3761 0.9261
vn -0.0238 0.4636 0.8857
vn 0.8699 0.1519 -0.4693
vn 0.9983 0.0575 -0.0022
vn 0.5702 0.8196 -0.0569
vn 0.8542 -0.5200 0.0002
vn 0.8708 0.1482 0.4688
vn 0.5725 0.8181 0.0543
vn -0.0349 0.3786 -0.9249
vn -0.0212 0.1878 -0.9820
vn -0.0275 0.4656 -0.8846
vn -0.0020 0.0976 -0.9952
vn 0.0411 0.2291 -0.9725
vn 0.0263 0.4405 -0.8974
vn -0.4535 0.8666 0.2082
vn -0.6245 0.7811 0.0001
vn -0.7582 0.6520 -0.0000
vn -0.5223 0.7369 0.4291
vn -0.5226 0.7371 -0.4285
vn -0.4534 0.8666 -0.2083
vn -0.4553 0.8803 -0.1331
vn -0.6214 0.7239 -0.2998
vn -0.7580 0.6026 -0.2496
vn -0.5197 0.8448 0.1272
vn -0.5197 0.5074 -0.6873
vn -0.4553 0.7166 -0.5283
vn -0.0327 -0.0038 -0.9995
vn -0.0202 -0.2066 -0.9782
vn -0.0252 0.0940 -0.9953
vn -0.0015 -0.2954 -0.9554
vn 0.0401 -0.1614 -0.9861
vn 0.0252 0.0656 -0.9975
vn 0.8665 -0.0444 -0.4972
vn 0.9978 0.0608 -0.0252
vn 0.5706 0.7355 -0.3653
vn 0.8538 -0.4810 0.1992
vn 0.8665 0.3202 0.3830
vn 0.5706 0.7784 -0.2617
vn 0.0401 0.5831 0.8114
vn -0.0202 0.5456 0.8378
vn 0.0252 0.7518 0.6589
vn -0.0015 0.4667 0.8844
vn -0.0327 0.7040 0.7094
vn -0.0252 0.7702 0.6373
vn -0.4534 0.7601 -0.4655
vn -0.6245 0.5522 -0.5524
vn -0.7582 0.4610 -0.4610
vn -0.5226 0.8242 -0.2182
vn -0.5223 0.2177 -0.8245
vn -0.4535 0.4655 -0.7600
vn -0.0310 -0.3889 -0.9208
vn -0.0170 -0.5654 -0.8247
vn -0.0238 -0.2985 -0.9541
vn 0.0023 -0.6389 -0.7693
vn 0.0448 -0.5267 -0.8489
vn 0.0294 -0.3183 -0.9475
vn 0.8708 -0.2267 -0.4362
vn 0.9983 0.0422 -0.0391
vn 0.5725 0.5401 -0.6169
vn 0.8542 -0.3678 0.3675
vn 0.8699 0.4393 0.2244
vn 0.5702 0.6197 -0.5393
vn 0.0411 0.8497 0.5257
vn -0.0212 0.8271 0.5616
vn 0.0263 0.9460 0.3230
vn -0.0020 0.7728 0.6347
vn -0.0349 0.9217 0.3863
vn -0.0275 0.9547 0.2963
vn -0.4553 0.5283 -0.7167
vn -0.6216 0.2998 -0.7237
vn -0.7579 0.2496 -0.6027
vn -0.5201 0.6866 -0.5080
vn -0.5201 -0.1262 -0.8447
vn -0.4553 0.1332 -0.8803
vn -0.0365 -0.7074 -0.7059
vn -0.0237 -0.8352 -0.5494
vn -0.0288 -0.6355 -0.7716
vn -0.0047 -0.8822 -0.4709
vn 0.0381 -0.8099 -0.5853
vn 0.0235 -0.6589 -0.7519
vn 0.8726 -0.3705 -0.3181
vn 0.9986 0.0207 -0.0491
vn 0.5714 0.2635 -0.7772
vn 0.8546 -0.1988 0.4798
vn 0.8727 0.4870 0.0364
vn 0.5727 0.3639 -0.7345
vn 0.0379 0.9868 0.1572
vn -0.0237 0.9791 0.2018
vn 0.0232 0.9973 -0.0693
vn -0.0047 0.9568 0.2907
vn -0.0365 0.9993 0.0011
vn -0.0288 0.9949 -0.0962
vn -0.4535 0.2083 -0.8666
vn -0.6244 -0.0000 -0.7811
vn -0.7583 -0.0000 -0.6519
vn -0.5223 0.4292 -0.7369
vn -0.5223 -0.4292 -0.7369
vn -0.4535 -0.2083 -0.8666
vn -0.0310 -0.9261 -0.3761
vn -0.0173 -0.9829 -0.1835
vn -0.0238 -0.8857 -0.4636
vn 0.0018 -0.9957 -0.0926
vn 0.0439 -0.9727 -0.2280
vn 0.0285 -0.8954 -0.4443
vn 0.8673 -0.4750 -0.1488
vn 0.9980 -0.0000 -0.0638
vn 0.5717 -0.0573 -0.8185
vn 0.8538 -0.0000 0.5207
vn 0.8673 0.4750 -0.1488
vn 0.5717 0.0573 -0.8185
vn 0.0439 0.9727 -0.2280
vn -0.0173 0.9829 -0.1835
vn 0.0285 0.8954 -0.4443
vn 0.0018 0.9957 -0.0926
vn -0.0310 0.9261 -0.3761
vn -0.0238 0.8857 -0.4636
vn -0.4553 -0.1332 -0.8803
vn -0.6216 -0.2998 -0.7237
vn -0.7579 -0.2497 -0.6027
vn -0.5201 0.1262 -0.8447
vn -0.5201 -0.6866 -0.5080
vn -0.4553 -0.5283 -0.7166
vn -0.0365 -0.9993 0.0011
vn -0.0237 -0.9791 0.2021
vn -0.0288 -0.9949 -0.0962
vn -0.0047 -0.9568 0.2908
vn 0.0381 -0.9866 0.1588
vn 0.0235 -0.9976 -0.0657
vn 0.8727 -0.4869 0.0370
vn 0.9986 -0.0204 -0.0492
vn 0.5714 -0.3632 -0.7359
vn 0.8546 0.1988 0.4798
vn 0.8727 0.3705 -0.3181
vn 0.5714 -0.2635 -0.7772
vn 0.0381 0.8099 -0.5853
vn -0.0237 0.8352 -0.5494
vn 0.0235 0.6589 -0.7519
vn -0.0047 0.8822 -0.4709
vn -0.0365 0.7074 -0.7059
vn -0.0288 0.6355 -0.7716
vn -0.4536 -0.4655 -0.7600
vn -0.6245 -0.5525 -0.5520
vn -0.7584 -0.4614 -0.4604
vn -0.5223 -0.2176 -0.8245
vn -0.5223 -0.8245 -0.2175
vn -0.4540 -0.7603 -0.4646
vn -0.0308 -0.9217 0.3867
vn -0.0173 -0.8249 0.5650
vn -0.0235 -0.9551 0.2955
vn 0.0018 -0.7696 0.6385
vn 0.0439 -0.8490 0.5266
vn 0.0285 -0.9473 0.3190
vn 0.8673 -0.4411 0.2306
vn 0.9980 -0.0451 -0.0451
vn 0.5717 -0.6192 -0.5382
vn 0.8538 0.3682 0.3682
vn 0.8673 0.2306 -0.4411
vn 0.5717 -0.5382 -0.6193
vn 0.0439 0.5266 -0.8490
vn -0.0173 0.5652 -0.8248
vn 0.0285 0.3190 -0.9473
vn 0.0018 0.6386 -0.7695
vn -0.0310 0.3889 -0.9208
vn -0.0238 0.2985 -0.9541
vn -0.4551 -0.7199 -0.5240
vn -0.6233 -0.7236 -0.2964
vn -0.7581 -0.6034 -0.2473
vn -0.5229 -0.5137 -0.6802
vn -0.5200 -0.8454 0.1220
vn -0.4540 -0.8810 -0.1331
vn -0.0338 -0.7044 0.7090
vn -0.0202 -0.5490 0.8356
vn -0.0263 -0.7696 0.6379
vn -0.0010 -0.4705 0.8824
vn 0.0420 -0.5837 0.8109
vn 0.0272 -0.7509 0.6599
vn 0.8734 -0.3168 0.3699
vn 0.9986 -0.0478 -0.0207
vn 0.5712 -0.7774 -0.2636
vn 0.8545 0.4803 0.1978
vn 0.8727 0.0371 -0.4869
vn 0.5714 -0.7359 -0.3632
vn 0.0381 0.1588 -0.9866
vn -0.0244 0.2016 -0.9792
vn 0.0235 -0.0657 -0.9976
vn -0.0052 0.2904 -0.9569
vn -0.0374 -0.0002 -0.9993
vn -0.0296 -0.0978 -0.9948
vn -0.4548 -0.8660 -0.2081
vn -0.6228 -0.7824 0.0027
vn -0.7581 -0.6521 0.0019
vn -0.5224 -0.7346 -0.4330
vn -0.5197 -0.7343 0.4367
vn -0.4538 -0.8653 0.2130
vn -0.0301 -0.3749 0.9266
vn -0.0167 -0.1829 0.9830
vn -0.0230 -0.4622 0.8865
vn 0.0023 -0.0922 0.9957
vn 0.0439 -0.2280 0.9727
vn 0.0286 -0.4443 0.8954
vn 0.8674 -0.1488 0.4749
vn 0.9979 -0.0646 -0.0008
vn 0.5718 -0.8184 0.0573
vn 0.8537 0.5207 -0.0010
vn 0.8667 -0.1497 -0.4759
vn 0.5722 -0.8181 -0.0573
vn 0.0400 -0.2298 -0.9724
vn -0.0209 -0.1841 -0.9827
vn 0.0249 -0.4456 -0.8949
vn -0.0020 -0.0931 -0.9957
vn -0.0338 -0.3781 -0.9251
vn -0.0263 -0.4664 -0.8842
vn -0.4548 -0.8805 0.1337
vn -0.6215 -0.7238 0.2997
vn -0.7579 -0.6027 0.2497
vn -0.5200 -0.8447 -0.1266
vn -0.5202 -0.5083 0.6863
vn -0.4553 -0.7168 0.5281
vn -0.0365 0.0011 0.9993
vn -0.0237 0.2021 0.9791
vn -0.0288 -0.0962 0.9949
vn -0.0047 0.2908 0.9568
vn 0.0381 0.1588 0.9866
vn 0.0235 -0.0657 0.9976
vn 0.8727 0.0371 0.4869
vn 0.9986 -0.0490 0.0204
vn 0.5714 -0.7359 0.3632
vn 0.8545 0.4799 -0.1987
vn 0.8727 -0.3180 -0.3704
vn 0.5715 -0.7771 0.2635
vn 0.0381 -0.5853 -0.8099
vn -0.0237 -0.5491 -0.8354
vn 0.0235 -0.7518 -0.6589
vn -0.0047 -0.4709 -0.8822
vn -0.0367 -0.7042 -0.7090
vn -0.0291 -0.7696 -0.6379
vn -0.4536 -0.7600 0.4654
vn -0.6244 -0.5523 0.5523
vn -0.7583 -0.4610 0.4609
vn -0.5223 -0.8245 0.2176
vn -0.5223 -0.2176 0.8245
vn -0.4535 -0.4655 0.7600
vn -0.0310 0.3889 0.9208
vn -0.0173 0.5652 0.8247
vn -0.0238 0.2985 0.9541
vn 0.0018 0.6386 0.7695
vn 0.0439 0.5266 0.8490
vn 0.0285 0.3190 0.9473
vn 0.8673 0.2306 0.4411
vn 0.9980 -0.0451 0.0451
vn 0.5717 -0.5382 0.6193
vn 0.8538 0.3682 -0.3682
vn 0.8673 -0.4411 -0.2306
vn 0.5717 -0.6193 0.5382
vn 0.0439 -0.8490 -0.5266
vn -0.0173 -0.8247 -0.5652
vn 0.0285 -0.9473 -0.3190
vn 0.0018 -0.7695 -0.6386
vn -0.0310 -0.9208 -0.3889
vn -0.0238 -0.9541 -0.2985
vn -0.4553 -0.5283 0.7167
vn -0.6216 -0.2998 0.7237
vn -0.7579 -0.2496 0.6027
vn -0.5201 -0.6866 0.5081
vn -0.5201 0.1262 0.8447
vn -0.4553 -0.1332 0.8803
vn -0.0365 0.7074 0.7059
vn -0.0237 0.8352 0.5494
vn -0.0288 0.6355 0.7716
vn -0.0047 0.8822 0.4709
vn 0.0381 0.8099 0.5853
vn 0.0235 0.6589 0.7519
vn 0.8727 0.3705 0.3181
vn 0.9986 -0.0204 0.0492
vn 0.5714 -0.2635 0.7772
vn 0.8546 0.1987 -0.4798
vn 0.8727 -0.4869 -0.0370
vn 0.5714 -0.3632 0.7359
vn 0.0381 -0.9866 -0.1588
vn -0.0237 -0.9791 -0.2021
vn 0.0235 -0.9976 0.0657
vn -0.0047 -0.9568 -0.2908
vn -0.0365 -0.9993 -0.0011
vn -0.0288 -0.9949 0.0962
vn -0.4535 -0.2083 0.8666
vn -0.6244 -0.0000 0.7811
vn -0.7583 -0.0000 0.6519
vn -0.5223 -0.4292 0.7369
vn -0.5223 0.4292 0.7369
vn -0.4535 0.2083 0.8666
vn -0.0310 0.9261 0.3761
vn -0.0173 0.9829 0.1835
vn -0.0238 0.8857 0.4636
vn 0.0018 0.9957 0.0926
vn 0.0439 0.9727 0.2280
vn 0.0285 0.8954 0.4443
vn 0.8673 0.4750 0.1488
vn 0.9980 -0.0000 0.0638
vn 0.5717 0.0573 0.8185
vn 0.8538 -0.0000 -0.5207
vn 0.8673 -0.4750 0.1488
vn 0.5717 -0.0573 0.8185
vn 0.0439 -0.9727 0.2280
vn -0.0173 -0.9829 0.1835
vn 0.0285 -0.8954 0.4443
vn 0.0018 -0.9957 0.0926
vn -0.0310 -0.9261 0.3761
vn -0.0238 -0.8857 0.4636
vn -0.0229 0.7069 -0.7069
vn -0.0139 0.8286 -0.5596
vn -0.0231 0.8279 -0.5603
vn -0.0139 0.5596 -0.8286
vn -0.0090 0.7071 -0.7071
vn -0.0046 0.5583 -0.8296
vn -0.0027 0.7071 -0.7071
vn -0.0046 0.8296 -0.5583
vn 0.0309 -0.3825 -0.9234
vn 0.0208 -0.5506 -0.8345
vn 0.0345 -0.5492 -0.8349
vn 0.0208 -0.2007 -0.9794
vn 0.0128 -0.3827 -0.9238
vn 0.0069 -0.1986 -0.9801
vn 0.0039 -0.3827 -0.9239
vn 0.0069 -0.5526 -0.8334
vn -0.0229 0.7069 0.7069
vn -0.0139 0.5596 0.8286
vn -0.0231 0.5603 0.8279
vn -0.0139 0.8286 0.5596
vn -0.0090 0.7071 0.7071
vn -0.0046 0.8296 0.5583
vn -0.0027 0.7071 0.7071
vn -0.0046 0.5583 0.8296
vn -0.0229 -0.0000 0.9997
vn -0.0139 -0.1902 0.9816
vn -0.0231 -0.1892 0.9817
vn -0.0139 0.1902 0.9816
vn -0.0090 -0.0000 1.0000
vn -0.0046 0.1919 0.9814
vn -0.0027 -0.0000 1.0000
vn -0.0046 -0.1919 0.9814
vn -0.0231 0.1892 0.9817
vn -0.0132 0.3827 0.9238
vn -0.0140 0.3826 0.9238
vn -0.0047 0.3827 0.9239
vn -0.0232 -0.7077 -0.7062
vn -0.0140 -0.5598 -0.8285
vn -0.0231 -0.5604 -0.8279
vn -0.0141 -0.8303 -0.5571
vn -0.0092 -0.7081 -0.7060
vn -0.0047 -0.8313 -0.5558
vn -0.0027 -0.7082 -0.7060
vn -0.0047 -0.5585 -0.8295
vn -0.0229 -0.7069 0.7069
vn -0.0139 -0.8285 0.5598
vn -0.0231 -0.8279 0.5604
vn -0.0139 -0.5596 0.8286
vn -0.0090 -0.7071 0.7071
vn -0.0046 -0.5583 0.8296
vn -0.0027 -0.7071 0.7071
vn -0.0046 -0.8295 0.5585
vn -0.0229 -0.0000 -0.9997
vn -0.0139 0.1902 -0.9816
vn -0.0231 0.1892 -0.9817
vn -0.0139 -0.1902 -0.9816
vn -0.0090 -0.0000 -1.0000
vn -0.0046 -0.1919 -0.9814
vn -0.0027 -0.0000 -1.0000
vn -0.0046 0.1919 -0.9814
vn -0.0229 -0.9997 0.0026
vn -0.0120 -0.9813 -0.1919
vn -0.0280 -0.9811 -0.1914
vn -0.0118 -0.9806 0.1957
vn -0.0091 -1.0000 0.0022
vn -0.0036 -0.9807 0.1957
vn -0.0027 -1.0000 0.0021
vn -0.0037 -0.9814 -0.1920
vn -0.0229 0.9997 -0.0000
vn -0.0139 0.9816 0.1902
vn -0.0231 0.9817 0.1892
vn -0.0139 0.9816 -0.1902
vn -0.0090 1.0000 -0.0000
vn -0.0046 0.9814 -0.1919
vn -0.0027 1.0000 -0.0000
vn -0.0046 0.9814 0.1919
vn -0.0231 0.9817 -0.1892
vn -0.0132 0.9238 -0.3827
vn -0.0140 0.9238 -0.3826
vn -0.0047 0.9239 -0.3827
vn -0.0231 0.8279 0.5603
vn -0.0132 0.9238 0.3826
vn -0.0140 0.9238 0.3826
vn -0.0047 0.9239 0.3827
vn -0.0235 -0.8294 -0.5581
vn -0.0113 -0.9256 -0.3783
vn -0.0186 -0.9263 -0.3763
vn -0.0038 -0.9250 -0.3800
vn -0.0184 -0.9249 0.3797
vn -0.0275 -0.9802 0.1959
vn -0.0112 -0.9242 0.3817
vn -0.0037 -0.9236 0.3834
vn -0.0231 -0.5603 0.8279
vn -0.0132 -0.3826 0.9238
vn -0.0140 -0.3826 0.9238
vn -0.0047 -0.3827 0.9239
vn -0.0231 0.5603 -0.8279
vn -0.0132 0.3826 -0.9238
vn -0.0140 0.3826 -0.9238
vn -0.0047 0.3827 -0.9239
vn -0.0231 -0.1892 -0.9817
vn -0.0132 -0.3827 -0.9238
vn -0.0140 -0.3826 -0.9238
vn -0.0047 -0.3827 -0.9239
vn -0.0000 -0.1979 -0.9802
vn -0.0000 0.1979 -0.9802
vn 0.0309 -0.9234 0.3825
vn 0.0208 -0.8345 0.5506
vn 0.0345 -0.8349 0.5492
vn 0.0208 -0.9794 0.2007
vn 0.0128 -0.9238 0.3827
vn 0.0069 -0.9801 0.1986
vn 0.0039 -0.9239 0.3827
vn 0.0069 -0.8334 0.5526
vn 0.0312 0.3835 -0.9230
vn 0.0208 0.2009 -0.9794
vn 0.0345 0.2020 -0.9788
vn 0.0187 0.5558 -0.8311
vn 0.0130 0.3840 -0.9232
vn 0.0058 0.5558 -0.8313
vn 0.0039 0.3841 -0.9233
vn 0.0069 0.1988 -0.9800
vn 0.0309 -0.9234 -0.3825
vn 0.0208 -0.9794 -0.2007
vn 0.0345 -0.9788 -0.2020
vn 0.0208 -0.8345 -0.5506
vn 0.0128 -0.9238 -0.3826
vn 0.0069 -0.8334 -0.5526
vn 0.0039 -0.9239 -0.3827
vn 0.0069 -0.9801 -0.1986
vn 0.0345 -0.9788 0.2020
vn 0.0180 -0.9998 -0.0000
vn 0.0202 -0.9998 -0.0000
vn 0.0064 -1.0000 -0.0000
vn 0.0345 -0.5492 0.8350
vn 0.0180 -0.7070 0.7070
vn 0.0208 -0.5506 0.8345
vn 0.0202 -0.7070 0.7070
vn 0.0064 -0.7071 0.7071
vn 0.0069 -0.5526 0.8334
vn 0.0345 -0.2020 -0.9788
vn 0.0180 -0.0000 -0.9998
vn 0.0202 -0.0000 -0.9998
vn 0.0064 -0.0000 -1.0000
vn 0.0311 0.9234 -0.3825
vn 0.0182 0.8315 -0.5553
vn 0.0397 0.8313 -0.5544
vn 0.0182 0.9806 -0.1953
vn 0.0130 0.9238 -0.3827
vn 0.0057 0.9807 -0.1952
vn 0.0039 0.9239 -0.3827
vn 0.0057 0.8315 -0.5555
vn 0.0345 -0.8350 -0.5492
vn 0.0180 -0.7070 -0.7070
vn 0.0202 -0.7070 -0.7070
vn 0.0064 -0.7071 -0.7071
vn 0.0314 0.7077 -0.7058
vn 0.0412 0.5558 -0.8303
vn 0.0131 0.7075 -0.7066
vn 0.0040 0.7075 -0.7067
vn 0.0345 0.2020 0.9788
vn 0.0180 -0.0000 0.9998
vn 0.0208 0.2007 0.9794
vn 0.0345 -0.2020 0.9788
vn 0.0202 -0.0000 0.9998
vn 0.0208 -0.2007 0.9794
vn 0.0064 -0.0000 1.0000
vn 0.0069 0.1986 0.9801
vn 0.0312 0.9238 0.3815
vn 0.0187 0.9807 0.1947
vn 0.0412 0.9801 0.1941
vn 0.0208 0.8346 0.5505
vn 0.0130 0.9244 0.3813
vn 0.0069 0.8336 0.5524
vn 0.0039 0.9245 0.3812
vn 0.0058 0.9808 0.1947
vn 0.0314 0.9995 -0.0014
vn 0.0397 0.9798 -0.1958
vn 0.0131 0.9999 -0.0007
vn 0.0040 1.0000 -0.0005
vn 0.0345 0.8350 0.5492
vn 0.0180 0.7070 0.7070
vn 0.0345 0.5492 0.8349
vn 0.0202 0.7070 0.7070
vn 0.0208 0.5506 0.8345
vn 0.0064 0.7071 0.7071
vn 0.0309 0.3825 0.9234
vn 0.0128 0.3827 0.9238
vn 0.0039 0.3827 0.9239
vn 0.0069 0.5526 0.8334
vn 0.0309 -0.3825 0.9234
vn 0.0128 -0.3827 0.9238
vn 0.0039 -0.3827 0.9239
vn 0.0069 -0.1986 0.9801
vn -0.9996 0.0292 -0.0058
vn -0.9996 0.0247 -0.0166
vn -1.0000 -0.0000 -0.0000
vn -0.9993 0.0362 -0.0071
vn -0.9994 0.0319 -0.0132
vn -0.9993 0.0306 -0.0206
vn -0.9993 0.0342 -0.0142
vn -0.9996 0.0166 -0.0247
vn -0.9996 0.0058 -0.0292
vn -0.9993 0.0205 -0.0306
vn -0.9994 0.0132 -0.0319
vn -0.9993 0.0071 -0.0362
vn -0.9993 0.0142 -0.0342
vn -0.9996 -0.0058 -0.0292
vn -0.9996 -0.0166 -0.0247
vn -0.9993 -0.0071 -0.0362
vn -0.9994 -0.0133 -0.0319
vn -0.9993 -0.0206 -0.0306
vn -0.9993 -0.0142 -0.0342
vn -0.9996 -0.0292 0.0058
vn -0.9996 -0.0248 0.0165
vn -0.9993 -0.0362 0.0071
vn -0.9994 -0.0320 0.0132
vn -0.9993 -0.0307 0.0205
vn -0.9993 -0.0343 0.0141
vn -0.9996 -0.0166 0.0247
vn -0.9996 -0.0058 0.0292
vn -0.9993 -0.0206 0.0306
vn -0.9994 -0.0132 0.0320
vn -0.9993 -0.0071 0.0362
vn -0.9993 -0.0142 0.0342
vn -0.9996 0.0058 0.0292
vn -0.9996 0.0166 0.0247
vn -0.9993 0.0071 0.0362
vn -0.9994 0.0132 0.0320
vn -0.9993 0.0206 0.0306
vn -0.9993 0.0142 0.0342
vn -0.9996 0.0247 0.0166
vn -0.9996 0.0292 0.0058
vn -0.9993 0.0306 0.0206
vn -0.9994 0.0320 0.0132
vn -0.9993 0.0362 0.0071
vn -0.9993 0.0342 0.0142
vn -0.9994 0.0346 -0.0000
vn -0.9993 0.0371 -0.0000
vn -0.9994 0.0245 -0.0245
vn -0.9993 0.0262 -0.0262
vn -0.9994 -0.0000 -0.0346
vn -0.9993 -0.0000 -0.0371
vn -0.9996 -0.0248 -0.0165
vn -0.9994 -0.0246 -0.0244
vn -0.9993 -0.0308 -0.0204
vn -0.9993 -0.0263 -0.0262
vn -0.9996 -0.0293 -0.0057
vn -0.9994 -0.0321 -0.0131
vn -0.9993 -0.0363 -0.0071
vn -0.9993 -0.0344 -0.0141
vn -0.9994 -0.0347 -0.0000
vn -0.9993 -0.0371 -0.0000
vn -0.9994 -0.0245 0.0245
vn -0.9993 -0.0263 0.0262
vn -0.9994 -0.0000 0.0347
vn -0.9993 -0.0000 0.0371
vn -0.9994 0.0245 0.0245
vn -0.9993 0.0262 0.0262
vn 0.9703 -0.2234 0.0925
vn 0.9703 -0.2371 0.0472
vn 0.9703 -0.2010 0.1343
vn 0.9703 -0.2011 0.1343
vn 0.9704 -0.0000 0.2415
vn 0.9704 -0.0478 0.2368
vn 0.9704 -0.0479 0.2367
vn 0.9704 0.0477 0.2367
vn 0.9704 0.0477 0.2368
vn 0.9704 0.1707 0.1707
vn 0.9704 0.1336 0.2011
vn 0.9704 0.1336 0.2012
vn 0.9704 0.2011 0.1336
vn 0.9704 0.1708 0.1708
vn 0.9704 0.2011 0.1337
vn 0.9704 0.1337 0.2011
vn 0.9704 0.2415 -0.0000
vn 0.9704 0.2367 0.0477
vn 0.9704 0.2367 0.0478
vn 0.9704 0.2367 -0.0477
vn 0.9704 0.1707 -0.1707
vn 0.9704 0.2011 -0.1336
vn 0.9704 0.2012 -0.1336
vn 0.9704 0.1336 -0.2011
vn 0.9704 0.1708 -0.1708
vn 0.9704 0.1337 -0.2011
vn 0.9704 0.2011 -0.1337
vn 0.9704 -0.0000 -0.2415
vn 0.9704 0.0477 -0.2367
vn 0.9704 0.0478 -0.2367
vn 0.9704 -0.0477 -0.2367
vn 0.9704 -0.1708 -0.1708
vn 0.9704 -0.1336 -0.2011
vn 0.9704 -0.1336 -0.2012
vn 0.9704 -0.2012 -0.1336
vn 0.9704 -0.1337 -0.2011
vn 0.9703 -0.2417 0.0001
vn 0.9704 -0.2370 -0.0471
vn 0.9703 -0.2418 0.0002
vn 0.9704 -0.2371 -0.0470
vn 0.9703 -0.1710 0.1709
vn 0.9704 -0.1343 0.2009
vn 0.9704 -0.1344 0.2009
vn 0.9703 -0.1711 0.1708
vn 0.9704 -0.0929 0.2231
vn 0.9704 0.0478 0.2367
vn 0.9704 0.0924 0.2231
vn 0.9704 0.2012 0.1336
vn 0.9704 0.2231 0.0924
vn 0.9704 0.2367 -0.0478
vn 0.9704 0.2231 -0.0924
vn 0.9704 0.1336 -0.2012
vn 0.9704 0.0924 -0.2231
vn 0.9704 -0.0478 -0.2367
vn 0.9704 -0.0924 -0.2231
vn 0.9704 -0.2013 -0.1335
vn 0.9704 -0.2234 -0.0921
vn -0.0000 -0.8332 -0.5530
vn -0.0000 -0.5532 -0.8331
vn -0.0000 -1.0000 0.0003
vn -0.0000 -0.9808 0.1950
vn -0.0000 -0.9808 -0.1949
vn -0.0000 -0.5557 0.8314
vn -0.0000 -0.7073 0.7069
vn -0.0000 -0.8314 0.5556
vn -0.0000 -0.1981 0.9802
vn -0.0000 -0.3843 0.9232
vn -0.0000 0.5532 0.8331
vn -0.0000 0.1979 0.9802
vn -0.0000 0.9802 0.1979
vn -0.0000 0.8331 0.5532
vn -0.0000 0.8331 -0.5532
vn -0.0000 0.9802 -0.1979
vn -0.0000 0.5532 -0.8331
vn -0.0000 -0.9245 -0.3811
vn 1.0000 -0.0000 -0.0000
vn 0.8185 0.5632 -0.1132
vn 0.7956 0.3245 -0.5116
vn 0.8077 -0.1175 -0.5778
vn 0.8077 -0.5778 0.1175
vn 0.7956 0.5092 0.3283
vn -0.0000 0.9803 -0.1974
vn 0.8091 0.5760 -0.1160
vn 0.8174 0.1120 0.5651
vn -0.0000 0.8405 0.5418
vn -0.0000 0.1943 0.9809
vn 0.7952 -0.3452 0.4984
vn -0.0000 0.1944 0.9809
vn -0.0000 -0.9799 0.1993
vn -0.0000 -0.5694 0.8221
vn -0.0000 0.5357 -0.8444
vn -0.0000 -0.1993 -0.9799
vn -0.0000 0.9804 -0.1970
vn -0.0000 0.5356 -0.8444
vn -0.0000 0.8227 0.5685
vn -0.0000 0.1974 0.9803
vn -0.0000 -0.5418 0.8405
vn -0.0000 -0.9809 0.1943
vn -0.0000 -0.8221 -0.5694
vn -0.0000 -0.9809 0.1944
vn -0.0000 -0.8444 -0.5357
vn -0.0000 -0.1970 -0.9804
vn -0.0000 -0.8444 -0.5356
vn -0.0000 0.5685 -0.8227
vn 0.8185 0.1132 0.5632
vn 0.7956 0.5116 0.3245
vn 0.8077 0.5778 -0.1175
vn -0.0000 0.9799 -0.1993
vn -0.0000 0.8444 0.5357
vn -0.0000 0.1970 0.9804
vn -0.0000 0.8444 0.5356
vn -0.0000 -0.5685 0.8227
vn -0.0000 -0.9803 0.1974
vn -0.0000 -0.8405 -0.5418
vn -0.0000 -0.1943 -0.9809
vn -0.0000 0.5694 -0.8221
vn -0.0000 -0.1944 -0.9809
vn 0.8185 -0.5632 0.1132
vn 0.7956 -0.3245 0.5116
vn 0.8077 0.1175 0.5778
vn -0.0000 0.1993 0.9799
vn -0.0000 -0.9804 0.1970
vn -0.0000 -0.5357 0.8444
vn -0.0000 -0.5356 0.8444
vn -0.0000 -0.8227 -0.5685
vn -0.0000 -0.1974 -0.9803
vn -0.0000 0.5418 -0.8405
vn -0.0000 0.9809 -0.1943
vn -0.0000 0.8221 0.5694
vn -0.0000 0.9809 -0.1944
vn 0.4807 -0.7291 0.4872
vn 0.4808 -0.8101 0.3356
vn 0.4807 -0.8600 0.1713
vn 0.4807 -0.8600 0.1712
vn 0.4807 -0.7290 0.4873
vn 0.2603 -0.3695 0.8920
vn 0.2605 -0.1887 0.9469
vn 0.2605 -0.1886 0.9469
vn 0.2605 -0.5361 0.8030
vn 0.2605 -0.5360 0.8030
vn 0.4801 -0.8105 -0.3357
vn 0.4803 -0.8603 -0.1711
vn 0.4803 -0.8603 -0.1710
vn 0.4802 -0.7294 -0.4872
vn 0.4801 -0.8104 -0.3357
vn 0.4803 -0.8602 -0.1712
vn 0.4801 0.8772 -0.0005
vn 0.4803 0.8602 -0.1713
vn 0.4799 0.8605 0.1711
vn 0.4799 0.8604 0.1712
vn 0.4801 0.8772 -0.0004
vn 0.4803 0.8602 -0.1712
vn 0.4802 -0.7293 -0.4873
vn 0.4804 -0.6200 -0.6204
vn 0.4804 -0.6199 -0.6204
vn 0.4806 -0.4873 -0.7291
vn 0.4804 -0.6201 -0.6203
vn 0.4806 -0.4872 -0.7292
vn 0.4807 -0.3357 -0.8101
vn 0.4805 -0.1713 -0.8601
vn 0.4805 -0.1712 -0.8601
vn 0.4807 -0.3356 -0.8101
vn 0.4798 0.8106 0.3358
vn 0.4800 0.7294 0.4875
vn 0.4798 0.8106 0.3357
vn 0.4805 -0.8770 0.0005
vn 0.4805 -0.8770 0.0004
vn 0.4807 -0.8600 0.1711
vn 0.4798 0.3357 -0.8106
vn 0.4800 0.1712 -0.8604
vn 0.4800 0.1711 -0.8604
vn 0.4800 0.4873 -0.7295
vn 0.4798 0.3358 -0.8106
vn 0.4800 0.7293 0.4876
vn 0.4801 0.6190 0.6216
vn 0.4801 0.6189 0.6216
vn 0.4802 0.4848 0.7310
vn 0.4801 0.6190 0.6215
vn 0.4805 0.1705 0.8603
vn 0.4806 -0.0016 0.8769
vn 0.4805 0.1706 0.8602
vn 0.4804 -0.1739 0.8596
vn 0.4806 -0.0015 0.8769
vn 0.4804 -0.1740 0.8596
vn 0.4800 0.4874 -0.7295
vn 0.4801 0.6205 -0.6201
vn 0.4801 0.6205 -0.6200
vn 0.4803 0.7292 -0.4873
vn 0.4803 0.7292 -0.4874
vn 0.4801 0.6204 -0.6202
vn 0.4801 -0.3371 0.8099
vn 0.4802 -0.4874 0.7292
vn 0.4802 -0.4874 0.7293
vn 0.4804 -0.1741 0.8596
vn 0.4803 0.7293 -0.4873
vn 0.4804 0.8102 -0.3357
vn 0.4803 0.3338 0.8111
vn 0.4803 0.3337 0.8112
vn 0.4803 -0.0006 -0.8771
vn 0.4803 -0.0004 -0.8771
vn 0.4803 -0.0003 -0.8771
vn 0.4805 -0.1711 -0.8601
vn 0.4802 -0.4875 0.7292
vn 0.4804 -0.6203 0.6200
vn 0.4804 -0.6204 0.6199
vn 0.2602 0.3712 -0.8913
vn 0.2605 0.1923 -0.9461
vn 0.2605 0.1922 -0.9461
vn 0.2603 0.5362 -0.8029
vn 0.2602 0.3713 -0.8913
vn 0.2603 0.5362 -0.8030
vn 0.2605 0.1925 -0.9461
vn 0.2607 -0.6826 0.6827
vn 0.2609 -0.8025 0.5366
vn 0.2609 -0.8024 0.5367
vn 0.2607 -0.6825 0.6828
vn 0.2603 0.5363 -0.8029
vn 0.2605 0.6826 -0.6828
vn 0.2607 0.8025 -0.5367
vn 0.2605 0.6825 -0.6829
vn 0.2610 -0.8918 0.3695
vn 0.2609 -0.9468 0.1883
vn 0.2609 -0.9468 0.1882
vn 0.2607 0.8025 -0.5366
vn 0.2607 0.8919 -0.3695
vn 0.2607 0.9469 -0.1883
vn 0.2607 0.9469 -0.1882
vn 0.2607 0.8919 -0.3696
vn 0.2606 0.0002 0.9654
vn 0.2608 0.1882 0.9469
vn 0.2608 0.1883 0.9469
vn 0.2606 0.0001 0.9654
vn 0.2602 0.8921 0.3695
vn 0.2603 0.9469 0.1887
vn 0.2603 0.9469 0.1886
vn 0.2603 0.8030 0.5361
vn 0.2603 0.8031 0.5360
vn 0.2604 -0.8920 -0.3694
vn 0.2605 -0.9469 -0.1887
vn 0.2605 -0.9469 -0.1886
vn 0.2605 -0.8029 -0.5362
vn 0.2605 -0.9468 -0.1887
vn 0.2605 0.6828 0.6826
vn 0.2605 0.6827 0.6827
vn 0.2607 0.5367 0.8025
vn 0.2606 -0.6813 -0.6840
vn 0.2606 -0.5334 -0.8047
vn 0.2607 0.5366 0.8025
vn 0.2608 0.3695 0.8919
vn 0.2606 -0.3675 -0.8928
vn 0.2608 -0.1882 -0.9469
vn 0.2606 -0.3675 -0.8927
vn 0.2605 0.9655 -0.0002
vn 0.2605 0.9655 -0.0001
vn 0.2608 0.0019 -0.9654
vn 0.2607 -0.9654 0.0002
vn 0.2607 -0.9654 0.0001
vn -0.7589 0.0317 0.6505
vn -0.7589 0.0317 -0.6505
vn 0.0535 -0.0005 -0.9986
vn 0.9995 -0.0316 -0.0000
vn 0.0535 -0.0007 0.9986
vn -0.7589 0.2781 0.5889
vn -0.7589 -0.2198 -0.6130
vn 0.0535 -0.3828 -0.9223
vn 0.9995 -0.0292 0.0121
vn 0.0535 0.3815 0.9228
vn -0.7589 0.4823 0.4375
vn -0.7589 -0.4376 -0.4823
vn 0.0535 -0.7066 -0.7056
vn 0.9995 -0.0224 0.0223
vn 0.0535 0.7057 0.7065
vn -0.7589 0.6130 0.2197
vn -0.7589 -0.5889 -0.2781
vn 0.0535 -0.9228 -0.3816
vn 0.9995 -0.0121 0.0292
vn 0.0535 0.9223 0.3827
vn -0.7589 0.6505 -0.0317
vn -0.7589 -0.6505 -0.0317
vn 0.0535 -0.9986 0.0007
vn 0.9995 -0.0000 0.0317
vn 0.0535 0.9986 0.0007
vn -0.7589 0.5889 -0.2781
vn -0.7589 -0.6130 0.2197
vn 0.0535 -0.9223 0.3827
vn 0.9995 0.0121 0.0292
vn 0.0535 0.9228 -0.3816
vn -0.7589 0.4376 -0.4823
vn -0.7589 -0.4823 0.4376
vn 0.0535 -0.7056 0.7066
vn 0.9995 0.0224 0.0224
vn 0.0535 0.7066 -0.7056
vn -0.7589 0.2198 -0.6130
vn -0.7589 -0.2782 0.5888
vn 0.0535 -0.3816 0.9228
vn 0.9995 0.0292 0.0121
vn 0.0535 0.3827 -0.9223
vn -0.7589 -0.0316 -0.6505
vn -0.7589 -0.0317 0.6505
vn 0.0535 0.0007 0.9986
vn 0.9995 0.0317 -0.0000
vn 0.0535 0.0007 -0.9986
vn -0.7589 -0.2781 -0.5889
vn -0.7589 0.2197 0.6130
vn 0.0535 0.3827 0.9223
vn 0.9995 0.0292 -0.0121
vn 0.0535 -0.3816 -0.9228
vn -0.7589 -0.4823 -0.4376
vn -0.7589 0.4376 0.4823
vn 0.0535 0.7066 0.7056
vn 0.9995 0.0224 -0.0224
vn 0.0535 -0.7056 -0.7066
vn -0.7589 -0.6130 -0.2197
vn -0.7589 0.5889 0.2781
vn 0.0535 0.9228 0.3816
vn 0.9995 0.0121 -0.0292
vn 0.0535 -0.9223 -0.3827
vn -0.7589 -0.6505 0.0317
vn -0.7589 0.6505 0.0317
vn 0.0535 0.9986 -0.0007
vn 0.9995 -0.0000 -0.0317
vn 0.0535 -0.9986 -0.0007
vn -0.7589 -0.5889 0.2781
vn -0.7589 0.6130 -0.2197
vn 0.0535 0.9223 -0.3827
vn 0.9995 -0.0121 -0.0292
vn 0.0535 -0.9228 0.3816
vn -0.7589 -0.4376 0.4823
vn -0.7589 0.4823 -0.4376
vn 0.0535 0.7056 -0.7066
vn 0.9995 -0.0224 -0.0224
vn 0.0535 -0.7066 0.7056
vn -0.7589 -0.2197 0.6130
vn -0.7589 0.2781 -0.5889
vn 0.0535 0.3816 -0.9228
vn 0.9995 -0.0292 -0.0121
vn 0.0535 -0.3827 0.9223
vt 0.618235 0.674487
vt 0.680472 0.650780
vt 0.618235 0.650780
vt 0.618235 0.698194
vt 0.680472 0.674487
vt 0.680472 0.698194
vt 0.742708 0.674487
vt 0.742708 0.650780
vt 0.804945 0.650780
vt 0.742708 0.698194
vt 0.804945 0.674487
vt 0.867181 0.698194
vt 0.867181 0.674487
vt 0.867181 0.650780
vt 0.867181 0.674487
vt 0.929417 0.650780
vt 0.867181 0.650780
vt 0.867181 0.698194
vt 0.929417 0.674487
vt 0.991654 0.698194
vt 0.991654 0.674487
vt 0.991654 0.650780
vt -0.004130 0.674487
vt 0.058107 0.650780
vt -0.004130 0.650780
vt -0.004130 0.698194
vt 0.058107 0.674487
vt 0.120343 0.698194
vt 0.120343 0.674487
vt 0.120343 0.650780
vt 0.120343 0.650780
vt 0.182580 0.674487
vt 0.182580 0.650780
vt 0.182580 0.698194
vt 0.244816 0.698194
vt 0.244816 0.674487
vt 0.244816 0.650780
vt 0.307053 0.650780
vt 0.307053 0.674487
vt 0.307053 0.698194
vt 0.369289 0.674487
vt 0.369289 0.650780
vt 0.431526 0.650780
vt 0.369289 0.698194
vt 0.431526 0.674487
vt 0.493762 0.698194
vt 0.493762 0.674487
vt 0.493762 0.650780
vt 0.555999 0.674487
vt 0.555999 0.650780
vt 0.555999 0.698194
vt 0.493762 0.555952
vt 0.555999 0.579659
vt 0.555999 0.555952
vt 0.493762 0.579659
vt 0.555999 0.603366
vt 0.618235 0.603366
vt 0.618235 0.579659
vt 0.618235 0.555952
vt 0.493762 0.603366
vt 0.555999 0.627073
vt 0.493762 0.627073
vt 0.618235 0.627073
vt 0.369289 0.555952
vt 0.431526 0.579659
vt 0.431526 0.555952
vt 0.369289 0.579659
vt 0.431526 0.603366
vt 0.369289 0.627073
vt 0.369289 0.603366
vt 0.431526 0.627073
vt 0.244816 0.555952
vt 0.307053 0.579659
vt 0.307053 0.555952
vt 0.244816 0.579659
vt 0.307053 0.603366
vt 0.244816 0.627073
vt 0.244816 0.603366
vt 0.307053 0.627073
vt 0.120343 0.555952
vt 0.182580 0.579659
vt 0.182580 0.555952
vt 0.120343 0.579659
vt 0.182580 0.603366
vt 0.120343 0.627073
vt 0.120343 0.603366
vt 0.182580 0.627073
vt -0.004130 0.555952
vt 0.058107 0.579659
vt 0.058107 0.555952
vt -0.004130 0.579659
vt 0.058107 0.603366
vt 0.120343 0.555952
vt -0.004130 0.627073
vt -0.004130 0.603366
vt 0.058107 0.627073
vt 0.120343 0.627073
vt 0.120343 0.603366
vt 0.867181 0.579659
vt 0.929417 0.555952
vt 0.867181 0.555952
vt 0.867181 0.603366
vt 0.929417 0.579659
vt 0.929417 0.603366
vt 0.991654 0.579659
vt 0.991654 0.555952
vt 0.867181 0.627073
vt 0.929417 0.627073
vt 0.991654 0.627073
vt 0.991654 0.603366
vt 0.742708 0.579659
vt 0.804945 0.555952
vt 0.742708 0.555952
vt 0.742708 0.603366
vt 0.804945 0.579659
vt 0.804945 0.603366
vt 0.867181 0.579659
vt 0.867181 0.555952
vt 0.742708 0.627073
vt 0.804945 0.627073
vt 0.867181 0.627073
vt 0.867181 0.603366
vt 0.680472 0.579659
vt 0.680472 0.555952
vt 0.680472 0.603366
vt 0.680472 0.627073
vt 0.182580 0.555952
vt 0.120343 0.532245
vt 0.120343 0.555952
vt 0.244816 0.532245
vt 0.182580 0.532245
vt 0.244816 0.508538
vt 0.182580 0.508538
vt 0.120343 0.508538
vt 0.182580 0.698194
vt 0.244816 0.721900
vt 0.244816 0.698194
vt 0.120343 0.721900
vt 0.182580 0.721901
vt 0.120343 0.745607
vt 0.182580 0.745608
vt 0.244816 0.745607
vt 0.867181 0.555952
vt 0.929417 0.532245
vt 0.867181 0.532245
vt 0.929417 0.555952
vt 0.991654 0.532245
vt 0.991654 0.508538
vt 0.929417 0.508538
vt 0.867181 0.508538
vt 0.555999 0.555952
vt 0.493762 0.532245
vt 0.493762 0.555952
vt 0.618235 0.555952
vt 0.555999 0.532245
vt 0.618235 0.508538
vt 0.555999 0.508538
vt 0.493762 0.508538
vt 0.680472 0.555952
vt 0.618235 0.532245
vt 0.742708 0.555952
vt 0.680472 0.532245
vt 0.742708 0.508538
vt 0.680472 0.508538
vt 0.929417 0.698194
vt 0.991654 0.721901
vt 0.867181 0.721900
vt 0.929417 0.721901
vt 0.867181 0.745607
vt 0.929417 0.745608
vt 0.991654 0.745608
vt 0.555999 0.698194
vt 0.618235 0.721900
vt 0.618235 0.698194
vt 0.493762 0.721900
vt 0.555999 0.721901
vt 0.493762 0.745607
vt 0.555999 0.745608
vt 0.618235 0.745607
vt 0.680472 0.698194
vt 0.742708 0.721900
vt 0.742708 0.698194
vt 0.680472 0.721901
vt 0.680472 0.745608
vt 0.742708 0.745607
vt 0.307053 0.555952
vt 0.244816 0.555952
vt 0.369289 0.532245
vt 0.307053 0.532245
vt 0.369289 0.508538
vt 0.307053 0.508538
vt 0.307053 0.698194
vt 0.369289 0.721900
vt 0.369289 0.698194
vt 0.307053 0.721901
vt 0.307053 0.745608
vt 0.369289 0.745607
vt 0.058107 0.555952
vt -0.004130 0.532245
vt 0.058107 0.532245
vt 0.058107 0.508538
vt -0.004130 0.508538
vt 0.058107 0.698194
vt 0.120343 0.698194
vt -0.004130 0.721901
vt 0.058107 0.721901
vt -0.004130 0.745608
vt 0.058107 0.745608
vt 0.804944 0.532245
vt 0.742708 0.532245
vt 0.804945 0.555952
vt 0.804945 0.508538
vt 0.431526 0.555952
vt 0.369289 0.555952
vt 0.431526 0.532245
vt 0.431526 0.508538
vt 0.804945 0.698194
vt 0.804944 0.721901
vt 0.804945 0.745608
vt 0.431526 0.698194
vt 0.493762 0.698194
vt 0.431526 0.721901
vt 0.431526 0.745608
vt 0.436804 0.931139
vt 0.436804 0.931139
vt 0.436804 0.931139
vt 0.436804 0.931139
vt 0.436804 0.931139
vt 0.442716 0.812931
vt 0.442716 0.812931
vt 0.442716 0.812931
vt 0.442716 0.812931
vt 0.442716 0.812931
vt 0.442716 0.812931
vt 0.442716 0.812931
vt 0.442716 0.812931
vt 0.442716 0.812931
vt 0.442716 0.812931
vt 0.442716 0.812931
vt 0.442716 0.812931
vt 0.442715 0.812931
vt 0.442716 0.812931
vt 0.442716 0.812931
vt 0.442716 0.812931
vt 0.442716 0.812931
vt 0.442716 0.812931
vt 0.442716 0.812931
vt 0.442716 0.812931
vt 0.442716 0.812931
vt 0.442716 0.812931
vt 0.436896 0.918158
vt 0.436895 0.918158
vt 0.436895 0.918158
vt 0.436895 0.918158
vt 0.442716 0.812931
vt 0.436895 0.918158
vt 0.436895 0.918158
vt 0.181484 0.935775
vt 0.181484 0.935775
vt 0.181483 0.935775
vt 0.181484 0.935775
vt 0.181484 0.935775
vt 0.436895 0.918158
vt 0.436895 0.918158
vt 0.181483 0.935775
vt 0.181483 0.935775
vt 0.181483 0.935775
vt 0.181483 0.935775
vt 0.181484 0.935775
vt 0.181483 0.935775
vt 0.181484 0.935775
vt 0.181483 0.935775
vt 0.181483 0.935775
vt 0.804945 0.698194
vt 0.058107 0.698194
vt 0.120343 0.698194
vt 0.431526 0.698194
s 1
f 472/1/1 525/2/2 18/3/3
f 2/4/4 1406/5/5 472/1/1
f 471/6/6 496/7/7 1406/5/5
f 1406/5/5 19/8/8 525/2/2
f 496/7/7 523/9/9 19/8/8
f 4/10/10 1407/11/11 496/7/7
f 1407/11/11 6/12/12 498/13/13
f 523/9/9 498/13/13 21/14/14
f 498/15/13 521/16/15 21/17/14
f 6/18/12 1408/19/16 498/15/13
f 1408/19/16 8/20/17 500/21/18
f 521/16/15 500/21/18 23/22/19
f 500/23/18 519/24/20 23/25/19
f 8/26/17 1409/27/21 500/23/18
f 1409/27/21 10/28/22 502/29/23
f 519/24/20 502/29/23 25/30/24
f 25/31/24 1410/32/25 517/33/26
f 502/29/23 484/34/27 1410/32/25
f 1410/32/25 12/35/28 504/36/29
f 517/33/26 504/36/29 27/37/30
f 504/36/29 515/38/31 27/37/30
f 12/35/28 1411/39/32 504/36/29
f 487/40/33 506/41/34 1411/39/32
f 1411/39/32 29/42/35 515/38/31
f 506/41/34 513/43/36 29/42/35
f 14/44/37 1412/45/38 506/41/34
f 1412/45/38 16/46/39 508/47/40
f 513/43/36 508/47/40 31/48/41
f 31/48/41 1413/49/42 511/50/43
f 508/47/40 493/51/44 1413/49/42
f 1413/49/42 2/4/4 472/1/1
f 511/50/43 472/1/1 18/3/3
f 15/52/45 1414/53/46 492/54/47
f 491/55/48 510/56/49 1414/53/46
f 1414/53/46 17/57/50 494/58/51
f 492/54/47 494/58/51 1/59/52
f 32/60/53 1415/61/54 510/56/49
f 31/48/41 1415/61/54 509/62/55
f 511/50/43 495/63/56 1415/61/54
f 510/56/49 495/63/56 17/57/50
f 13/64/57 1416/65/58 489/66/59
f 488/67/60 512/68/61 1416/65/58
f 512/68/61 491/55/48 1416/65/58
f 1416/65/58 15/52/45 489/66/59
f 507/69/62 512/68/61 30/70/63
f 507/69/62 513/43/36 1417/71/64
f 1417/71/64 31/48/41 509/62/55
f 1417/71/64 32/60/53 512/68/61
f 11/72/65 1418/73/66 486/74/67
f 485/75/68 514/76/69 1418/73/66
f 514/76/69 488/67/60 1418/73/66
f 1418/73/66 13/64/57 486/74/67
f 505/77/70 514/76/69 28/78/71
f 505/77/70 515/38/31 1419/79/72
f 1419/79/72 29/42/35 507/69/62
f 1419/79/72 30/70/63 514/76/69
f 9/80/73 1420/81/74 483/82/75
f 482/83/76 516/84/77 1420/81/74
f 516/84/77 485/75/68 1420/81/74
f 1420/81/74 11/72/65 483/82/75
f 503/85/78 516/84/77 26/86/79
f 503/85/78 517/33/26 1421/87/80
f 517/33/26 505/77/70 1421/87/80
f 1421/87/80 28/78/71 516/84/77
f 7/88/81 1422/89/82 480/90/83
f 479/91/84 518/92/85 1422/89/82
f 518/92/85 482/83/76 1422/89/82
f 1422/89/82 9/93/73 480/90/83
f 501/94/86 518/92/85 24/95/87
f 23/25/19 1423/96/88 501/94/86
f 519/24/20 503/97/78 1423/96/88
f 1423/96/88 26/98/79 518/92/85
f 476/99/89 477/100/90 5/101/91
f 22/102/92 1424/103/93 476/99/89
f 520/104/94 479/105/84 1424/103/93
f 1424/103/93 7/106/81 477/100/90
f 499/107/95 520/104/94 22/102/92
f 21/17/14 1425/108/96 499/107/95
f 521/16/15 501/109/86 1425/108/96
f 1425/108/96 24/110/87 520/104/94
f 473/111/97 474/112/98 3/113/99
f 20/114/100 1426/115/101 473/111/97
f 522/116/102 476/117/89 1426/115/101
f 1426/115/101 5/118/91 474/112/98
f 497/119/103 522/116/102 20/114/100
f 497/119/103 523/9/9 1427/120/104
f 1427/120/104 21/14/14 499/121/95
f 1427/120/104 22/122/92 522/116/102
f 1/59/52 1428/123/105 470/124/106
f 494/58/51 524/125/107 1428/123/105
f 1428/123/105 20/114/100 473/111/97
f 470/124/106 473/111/97 3/113/99
f 17/57/50 1429/126/108 524/125/107
f 495/63/56 525/2/2 1429/126/108
f 525/2/2 497/119/103 1429/126/108
f 1429/126/108 20/114/100 524/125/107
f 483/127/75 582/128/109 9/129/73
f 483/127/75 583/130/110 1430/131/111
f 1430/131/111 76/132/112 539/133/113
f 1430/131/111 75/134/114 582/128/109
f 484/135/27 584/136/115 12/137/28
f 484/135/27 530/138/116 1431/139/117
f 1431/139/117 68/140/118 579/141/119
f 1431/139/117 46/142/120 584/136/115
f 5/143/91 1432/144/121 585/145/122
f 477/146/90 586/147/123 1432/144/121
f 1432/144/121 74/148/124 537/149/125
f 1432/144/121 73/150/126 585/145/122
f 492/151/47 587/152/127 15/153/45
f 1/154/52 1433/155/128 492/151/47
f 1433/155/128 79/156/129 542/157/130
f 1433/155/128 78/158/131 587/152/127
f 470/159/106 588/160/132 1/154/52
f 3/161/99 1434/162/133 470/159/106
f 1434/162/133 80/163/134 576/164/135
f 1434/162/133 79/156/129 588/160/132
f 478/165/136 532/166/137 8/20/17
f 478/165/136 533/167/138 1435/168/139
f 1435/168/139 65/169/140 527/170/141
f 1435/168/139 67/171/142 532/166/137
f 493/172/44 589/173/143 2/174/4
f 493/172/44 534/175/144 1436/176/145
f 1436/176/145 69/177/146 581/178/147
f 1436/176/145 41/179/148 589/173/143
f 471/180/6 535/181/149 4/182/10
f 471/180/6 589/173/143 1437/183/150
f 1437/183/150 41/179/148 577/184/151
f 1437/183/150 66/185/152 535/181/149
f 486/186/67 583/130/110 11/187/65
f 486/186/67 590/188/153 1438/189/154
f 1438/189/154 77/190/155 540/191/156
f 1438/189/154 76/132/112 583/130/110
f 487/192/33 536/193/157 14/194/37
f 487/192/33 584/136/115 1439/195/158
f 1439/195/158 46/142/120 580/196/159
f 1439/195/158 70/197/160 536/193/157
f 480/198/83 586/199/123 7/88/81
f 480/198/83 582/128/109 1440/200/161
f 1440/200/161 75/134/114 538/201/162
f 1440/200/161 74/202/124 586/199/123
f 481/203/163 530/138/116 10/204/22
f 481/203/163 532/205/137 1441/206/164
f 1441/206/164 67/207/142 528/208/165
f 1441/206/164 68/140/118 530/138/116
f 3/161/99 1442/209/166 531/210/167
f 474/211/98 585/145/122 1442/209/166
f 1442/209/166 73/150/126 578/212/168
f 1442/209/166 80/163/134 531/210/167
f 489/213/59 590/188/153 13/214/57
f 489/213/59 587/152/127 1443/215/169
f 1443/215/169 78/158/131 541/216/170
f 1443/215/169 77/190/155 590/188/153
f 475/217/171 533/167/138 6/18/12
f 475/217/171 535/181/149 1444/218/172
f 1444/218/172 66/185/152 526/219/173
f 1444/218/172 65/169/140 533/167/138
f 490/220/174 534/175/144 16/221/39
f 490/220/174 536/193/157 1445/222/175
f 1445/222/175 70/197/160 529/223/176
f 1445/222/175 69/177/146 534/175/144
f 610/224/177 559/225/178 45/225/178
f 610/224/177 560/225/179 1446/226/177
f 1446/226/177 61/225/179 553/224/177
f 1446/226/177 59/225/178 559/225/178
f 598/224/180 591/225/181 35/225/182
f 34/225/183 1447/226/184 598/224/180
f 592/225/185 546/224/186 1447/226/184
f 1447/226/184 54/225/187 591/225/181
f 605/224/188 593/225/189 38/225/190
f 72/225/191 1448/226/192 605/224/188
f 561/225/193 554/224/194 1448/226/192
f 1448/226/192 62/225/195 593/225/189
f 606/224/196 562/225/197 42/225/198
f 606/224/196 563/225/199 1449/226/200
f 1449/226/200 55/225/201 547/224/202
f 1449/226/200 53/225/203 562/225/197
f 611/224/204 560/225/179 47/225/179
f 611/224/204 564/225/205 1450/226/204
f 1450/226/204 63/225/206 555/224/204
f 1450/226/204 61/225/179 560/225/179
f 599/224/207 594/225/208 36/225/209
f 599/224/207 591/225/181 1451/226/207
f 1451/226/207 54/225/187 548/224/207
f 1451/226/207 56/225/210 594/225/208
f 39/225/211 1452/226/212 595/225/213
f 38/225/190 1452/226/212 603/224/214
f 593/225/189 556/224/215 1452/226/212
f 595/225/213 556/224/215 64/225/216
f 608/224/217 563/225/199 43/225/199
f 608/224/217 565/225/218 1453/226/217
f 1453/226/217 57/225/218 549/224/217
f 1453/226/217 55/225/201 563/225/199
f 612/224/219 564/225/205 48/225/220
f 612/224/219 566/225/221 1454/226/222
f 1454/226/222 49/225/223 557/224/224
f 1454/226/222 63/225/206 564/225/205
f 37/225/225 1455/226/226 596/225/227
f 601/224/228 594/225/208 1455/226/226
f 1455/226/226 56/225/210 550/224/229
f 596/225/227 550/224/229 58/225/230
f 40/225/231 1456/226/232 566/225/221
f 613/224/233 597/225/234 1456/226/232
f 1456/226/232 51/225/235 543/224/236
f 566/225/221 543/224/236 49/225/223
f 71/225/237 1457/226/238 567/225/239
f 604/224/240 595/225/213 1457/226/238
f 1457/226/238 64/225/216 558/224/241
f 567/225/239 558/224/241 50/225/242
f 609/224/243 565/225/218 44/225/218
f 609/224/243 559/225/178 1458/226/243
f 1458/226/243 59/225/178 551/224/243
f 1458/226/243 57/225/218 565/225/218
f 600/224/244 592/225/185 34/225/183
f 71/225/237 1459/226/245 600/224/244
f 567/225/239 544/224/246 1459/226/245
f 1459/226/245 52/225/247 592/225/185
f 72/225/191 1460/226/248 561/225/193
f 602/224/249 596/225/227 1460/226/248
f 1460/226/248 58/225/230 552/224/250
f 561/225/193 552/224/250 60/225/251
f 607/224/252 597/225/234 33/225/253
f 42/225/198 1461/226/254 607/224/252
f 562/225/197 545/224/255 1461/226/254
f 1461/226/254 51/225/235 597/225/234
f 551/224/108 568/225/56 57/225/56
f 59/225/103 1462/226/108 551/224/108
f 569/225/103 552/224/108 1462/226/108
f 1462/226/108 58/225/56 568/225/56
f 549/224/54 570/225/55 55/225/55
f 57/225/56 1463/226/54 549/224/54
f 568/225/56 550/224/54 1463/226/54
f 1463/226/54 56/225/55 570/225/55
f 547/224/64 571/225/62 53/225/62
f 547/224/64 570/225/55 1464/226/64
f 1464/226/64 56/225/55 548/224/64
f 1464/226/64 54/225/62 571/225/62
f 545/224/72 572/225/70 51/225/70
f 545/224/72 571/225/62 1465/226/72
f 571/225/62 546/224/72 1465/226/72
f 1465/226/72 52/225/70 572/225/70
f 543/224/80 573/225/78 49/225/78
f 543/224/80 572/225/70 1466/226/80
f 1466/226/80 52/225/70 544/224/80
f 1466/226/80 50/225/78 573/225/78
f 557/224/88 574/225/86 63/225/86
f 49/225/78 1467/226/88 557/224/88
f 1467/226/88 50/225/78 558/224/88
f 1467/226/88 64/225/86 574/225/86
f 555/224/96 575/225/95 61/225/95
f 555/224/96 574/225/86 1468/226/96
f 574/225/86 556/224/96 1468/226/96
f 1468/226/96 62/225/95 575/225/95
f 553/224/104 569/225/103 59/225/103
f 61/225/95 1469/226/104 553/224/104
f 575/225/95 554/224/104 1469/226/104
f 1469/226/104 60/225/103 569/225/103
f 599/225/96 614/227/256 35/225/256
f 36/225/257 1470/227/96 599/225/96
f 615/227/257 527/225/96 1470/227/96
f 614/227/256 527/225/96 65/228/256
f 36/225/258 1471/227/259 615/227/258
f 601/225/260 616/227/261 1471/227/259
f 1471/227/259 68/228/261 528/225/262
f 615/227/258 528/225/262 67/228/258
f 37/225/263 1472/227/264 616/227/263
f 602/225/265 617/227/266 1472/227/264
f 1472/227/264 46/228/266 579/225/267
f 616/227/263 579/225/267 68/228/263
f 605/225/268 617/227/269 72/225/269
f 38/225/270 1473/227/271 605/225/268
f 618/227/270 580/225/272 1473/227/271
f 1473/227/271 46/228/269 617/227/269
f 603/225/64 618/227/273 38/225/273
f 603/225/64 619/227/274 1474/227/64
f 1474/227/64 69/228/274 529/225/64
f 1474/227/64 70/228/273 618/227/273
f 39/225/275 1475/227/276 619/227/275
f 604/225/277 620/227/278 1475/227/276
f 1475/227/276 41/228/278 581/225/279
f 619/227/275 581/225/279 69/228/275
f 600/225/280 620/227/281 71/225/281
f 34/225/282 1476/227/283 600/225/280
f 621/227/282 577/225/284 1476/227/283
f 1476/227/283 41/228/281 620/227/281
f 598/225/285 621/227/286 34/225/286
f 35/225/287 1477/227/288 598/225/285
f 614/227/287 526/225/289 1477/227/288
f 1477/227/288 66/228/286 621/227/286
f 607/225/290 622/227/291 42/225/291
f 33/225/292 1478/227/293 607/225/290
f 623/227/292 578/225/294 1478/227/293
f 1478/227/293 73/228/291 622/227/291
f 33/225/295 1479/227/296 623/227/295
f 613/225/297 624/227/298 1479/227/296
f 1479/227/296 79/228/298 576/225/299
f 623/227/295 576/225/299 80/228/295
f 40/225/300 1480/227/301 624/227/300
f 612/225/302 625/227/303 1480/227/301
f 1480/227/301 78/228/303 542/225/304
f 624/227/300 542/225/304 79/228/305
f 611/225/64 625/227/306 48/225/306
f 47/225/307 1481/227/64 611/225/64
f 626/227/307 541/225/64 1481/227/64
f 1481/227/64 78/228/306 625/227/306
f 47/225/308 1482/227/72 626/227/308
f 45/225/309 1482/227/72 610/225/72
f 627/227/309 540/225/72 1482/227/72
f 1482/227/72 77/228/308 626/227/308
f 609/225/80 627/227/310 45/225/310
f 609/225/80 628/227/311 1483/227/80
f 628/227/311 539/225/80 1483/227/80
f 1483/227/80 76/228/310 627/227/310
f 608/225/88 628/227/312 44/225/312
f 43/225/313 1484/227/88 608/225/88
f 629/227/313 538/225/88 1484/227/88
f 628/227/312 538/225/88 75/228/312
f 606/225/314 629/227/315 43/225/315
f 42/225/316 1485/227/317 606/225/314
f 622/227/316 537/225/318 1485/227/317
f 1485/227/317 74/228/315 629/227/315
f 201/229/319 1486/230/320 798/231/321
f 630/232/322 631/233/323 1486/230/320
f 631/233/323 792/232/324 1486/230/320
f 1486/230/320 202/231/325 798/231/321
f 792/232/326 797/231/327 202/231/328
f 82/231/329 1487/232/330 792/232/326
f 632/233/331 793/232/332 1487/232/330
f 1487/232/330 203/231/333 797/231/327
f 793/232/334 796/231/335 203/231/336
f 85/231/337 1488/232/338 793/232/334
f 1488/232/338 84/231/339 794/232/340
f 796/231/335 794/232/340 204/231/341
f 204/231/342 1489/232/343 795/231/344
f 794/232/345 635/233/346 1489/232/343
f 1489/232/343 81/231/347 630/232/348
f 795/231/344 630/232/348 201/229/349
f 205/229/350 1490/230/351 806/231/352
f 637/232/353 638/233/354 1490/230/351
f 638/233/354 800/232/355 1490/230/351
f 1490/230/351 206/231/356 806/231/352
f 800/232/357 805/231/358 206/231/359
f 89/231/360 1491/232/361 800/232/357
f 641/233/362 801/232/363 1491/232/361
f 1491/232/361 207/231/364 805/231/358
f 801/232/365 804/231/366 207/231/367
f 93/231/368 1492/232/369 801/232/365
f 1492/232/369 91/231/370 802/232/371
f 804/231/366 802/232/371 208/231/372
f 208/231/373 1493/232/374 803/231/375
f 802/232/376 647/233/377 1493/232/374
f 1493/232/374 87/231/378 637/232/379
f 803/231/375 637/232/379 205/229/380
f 256/229/381 1494/231/382 965/231/383
f 952/229/384 798/231/321 1494/231/382
f 798/231/321 959/231/385 1494/231/382
f 1494/231/382 254/231/386 965/231/383
f 959/231/387 964/231/388 254/231/389
f 202/231/328 1495/231/390 959/231/387
f 797/231/327 960/231/391 1495/231/390
f 1495/231/390 255/231/392 964/231/388
f 209/229/393 1496/230/394 814/231/395
f 648/232/396 649/233/397 1496/230/394
f 649/233/397 808/232/398 1496/230/394
f 1496/230/394 210/231/399 814/231/395
f 808/232/400 813/230/401 210/231/402
f 95/231/403 1497/232/404 808/232/400
f 650/233/405 809/232/406 1497/232/404
f 1497/232/404 211/231/407 813/230/401
f 809/232/408 812/230/409 211/231/410
f 98/231/411 1498/232/412 809/232/408
f 1498/232/412 96/231/413 810/232/414
f 812/230/409 810/232/414 212/231/415
f 212/231/416 1499/232/417 811/231/418
f 810/232/419 653/233/420 1499/232/417
f 1499/232/417 94/231/421 648/232/422
f 811/231/418 648/232/422 209/229/423
f 213/229/424 1500/230/425 822/231/426
f 655/232/427 656/233/428 1500/230/425
f 656/233/428 816/232/429 1500/230/425
f 1500/230/425 214/231/430 822/231/426
f 816/232/431 821/231/432 214/231/433
f 102/231/434 1501/232/435 816/232/431
f 658/233/436 817/232/437 1501/232/435
f 1501/232/435 215/231/438 821/231/432
f 817/232/439 820/231/440 215/231/441
f 104/231/442 1502/232/443 817/232/439
f 1502/232/443 103/231/444 818/232/445
f 820/231/440 818/232/445 216/231/446
f 216/231/447 1503/232/448 819/231/449
f 818/232/450 660/233/451 1503/232/448
f 1503/232/448 100/231/452 655/232/453
f 819/231/449 655/232/453 213/229/454
f 960/231/455 963/231/456 255/231/457
f 203/231/336 1504/231/458 960/231/455
f 1504/231/458 204/231/341 958/231/459
f 963/231/456 958/231/459 253/231/460
f 253/231/461 1505/231/462 962/231/463
f 958/231/464 795/231/344 1505/231/462
f 1505/231/462 201/229/349 952/229/465
f 962/231/463 952/229/465 256/229/466
f 217/229/467 1506/230/468 830/231/469
f 661/232/470 662/233/471 1506/230/468
f 662/233/471 824/232/472 1506/230/468
f 1506/230/468 218/231/473 830/231/469
f 824/232/474 829/231/475 218/231/476
f 106/231/477 1507/232/478 824/232/474
f 663/233/479 825/232/480 1507/232/478
f 1507/232/478 219/231/481 829/231/475
f 825/232/482 828/231/483 219/231/484
f 110/231/485 1508/232/486 825/232/482
f 1508/232/486 108/231/487 826/232/488
f 828/231/483 826/232/488 220/231/489
f 220/231/490 1509/232/491 827/231/492
f 826/232/493 668/233/494 1509/232/491
f 1509/232/491 105/231/495 661/232/496
f 827/231/492 661/232/496 217/229/497
f 221/229/498 1510/230/499 838/231/500
f 670/232/501 671/233/502 1510/230/499
f 671/233/502 832/232/503 1510/230/499
f 1510/230/499 222/231/504 838/231/500
f 832/232/505 837/231/506 222/231/507
f 114/231/508 1511/232/509 832/232/505
f 673/233/510 833/232/511 1511/232/509
f 1511/232/509 223/231/512 837/231/506
f 833/232/513 836/231/514 223/231/515
f 116/231/516 1512/232/517 833/232/513
f 1512/232/517 115/231/518 834/232/519
f 836/231/514 834/232/519 224/231/520
f 224/231/521 1513/232/522 835/231/523
f 834/232/524 675/233/525 1513/232/522
f 1513/232/522 112/231/526 670/232/527
f 835/231/523 670/232/527 221/229/528
f 153/229/529 1514/231/530 722/231/531
f 783/229/532 790/231/533 1514/231/530
f 790/231/533 741/229/534 1514/231/530
f 1514/231/530 155/231/535 722/231/531
f 741/229/536 723/231/537 155/231/538
f 198/229/539 1515/231/540 741/229/536
f 789/231/541 738/229/542 1515/231/540
f 1515/231/540 143/231/543 723/231/537
f 225/229/544 1516/230/545 846/231/546
f 676/232/547 677/233/548 1516/230/545
f 677/233/548 840/232/549 1516/230/545
f 1516/230/545 226/231/550 846/231/546
f 840/232/551 845/231/552 226/231/553
f 118/231/554 1517/232/555 840/232/551
f 678/233/556 841/232/557 1517/232/555
f 1517/232/555 227/231/558 845/231/552
f 841/232/559 844/231/560 227/231/561
f 122/231/562 1518/232/563 841/232/559
f 1518/232/563 120/231/564 842/232/565
f 844/231/560 842/232/565 228/231/566
f 228/231/567 1519/232/568 843/231/569
f 842/232/570 683/233/571 1519/232/568
f 1519/232/568 117/231/572 676/232/573
f 843/231/569 676/232/573 225/229/574
f 229/229/575 1520/230/576 854/231/577
f 684/232/578 685/233/579 1520/230/576
f 685/233/579 848/232/580 1520/230/576
f 1520/230/576 230/231/581 854/231/577
f 848/232/582 853/231/583 230/231/584
f 125/231/585 1521/232/586 848/232/582
f 686/233/587 849/232/588 1521/232/586
f 1521/232/586 231/231/589 853/231/583
f 849/232/590 852/231/591 231/231/592
f 127/231/593 1522/232/594 849/232/590
f 1522/232/594 126/231/595 850/232/596
f 852/231/591 850/232/596 232/231/597
f 232/231/598 1523/232/599 851/231/600
f 850/232/601 688/233/602 1523/232/599
f 1523/232/599 124/231/603 684/232/604
f 851/231/600 684/232/604 229/229/605
f 738/229/606 729/231/607 143/231/608
f 199/229/609 1524/231/610 738/229/606
f 1524/231/610 200/229/611 737/229/612
f 729/231/607 737/229/612 141/231/613
f 141/231/614 1525/231/615 735/231/616
f 737/229/617 787/231/618 1525/231/615
f 1525/231/615 197/229/619 783/229/620
f 735/231/616 783/229/620 153/229/621
f 233/229/622 1526/230/623 862/230/624
f 689/232/625 690/233/626 1526/230/623
f 690/233/626 856/232/627 1526/230/623
f 1526/230/623 234/231/628 862/230/624
f 856/232/629 861/230/630 234/231/631
f 130/231/632 1527/232/633 856/232/629
f 691/233/634 857/232/635 1527/232/633
f 1527/232/633 235/231/636 861/230/630
f 857/232/637 860/234/638 235/231/639
f 134/231/640 1528/235/641 857/232/637
f 1528/235/641 132/230/642 858/235/643
f 860/234/638 858/235/643 236/230/644
f 236/230/645 1529/235/646 859/230/647
f 858/235/648 697/236/649 1529/235/646
f 1529/235/646 129/231/650 689/232/651
f 859/230/647 689/232/651 233/229/652
f 237/229/653 1530/230/654 870/231/655
f 699/232/656 700/233/657 1530/230/654
f 700/233/657 864/232/658 1530/230/654
f 1530/230/654 238/231/659 870/231/655
f 864/232/660 869/231/661 238/231/662
f 138/231/663 1531/232/664 864/232/660
f 702/233/665 865/232/666 1531/232/664
f 1531/232/664 239/231/667 869/231/661
f 865/232/668 868/231/669 239/231/670
f 140/231/671 1532/232/672 865/232/668
f 1532/232/672 139/231/673 866/232/674
f 868/231/669 866/232/674 240/231/675
f 240/231/676 1533/232/677 867/231/678
f 866/232/679 704/233/680 1533/232/677
f 1533/232/677 136/231/681 699/232/682
f 867/231/678 699/232/682 237/229/683
f 157/229/684 1534/231/685 743/231/686
f 951/229/687 782/231/688 1534/231/685
f 782/231/688 761/229/689 1534/231/685
f 1534/231/685 159/231/690 743/231/686
f 761/229/691 746/231/692 159/231/693
f 194/229/694 1535/231/695 761/229/691
f 781/231/696 764/229/697 1535/231/695
f 1535/231/695 171/231/698 746/231/692
f 241/229/699 1536/230/700 878/231/701
f 705/232/702 706/233/703 1536/230/700
f 706/233/703 872/232/704 1536/230/700
f 1536/230/700 242/231/705 878/231/701
f 872/232/706 877/231/707 242/231/708
f 144/231/709 1537/232/710 872/232/706
f 707/233/711 873/232/712 1537/232/710
f 1537/232/710 243/231/713 877/231/707
f 873/232/714 876/231/715 243/231/716
f 148/231/717 1538/232/718 873/232/714
f 1538/232/718 146/231/719 874/232/720
f 876/231/715 874/232/720 244/231/721
f 244/231/722 1539/232/723 875/231/724
f 874/232/725 712/233/726 1539/232/723
f 1539/232/723 142/231/727 705/232/728
f 875/231/724 705/232/728 241/229/729
f 245/229/730 1540/230/731 886/231/732
f 714/232/733 715/233/734 1540/230/731
f 715/233/734 880/232/735 1540/230/731
f 1540/230/731 246/231/736 886/231/732
f 880/232/737 885/231/738 246/231/739
f 152/231/740 1541/232/741 880/232/737
f 717/233/742 881/232/743 1541/232/741
f 1541/232/741 247/231/744 885/231/738
f 881/232/745 884/231/746 247/231/747
f 156/231/748 1542/232/749 881/232/745
f 1542/232/749 154/231/750 882/232/751
f 884/231/746 882/232/751 248/231/752
f 248/231/753 1543/232/754 883/231/755
f 882/232/756 719/233/757 1543/232/754
f 1543/232/754 150/231/758 714/232/759
f 883/231/755 714/232/759 245/229/760
f 764/229/761 747/231/762 171/231/763
f 195/229/764 1544/231/765 764/229/761
f 1544/231/765 196/229/766 762/229/767
f 747/231/762 762/229/767 169/231/768
f 169/231/769 1545/231/770 753/231/771
f 762/229/772 779/231/773 1545/231/770
f 1545/231/770 193/229/774 951/229/775
f 753/231/771 951/229/775 157/229/776
f 249/229/777 1546/230/778 894/231/779
f 720/232/780 721/233/781 1546/230/778
f 721/233/781 888/232/782 1546/230/778
f 1546/230/778 250/231/783 894/231/779
f 888/232/784 893/231/785 250/231/786
f 160/231/787 1547/232/788 888/232/784
f 724/233/789 889/232/790 1547/232/788
f 1547/232/788 251/231/791 893/231/785
f 889/232/792 892/231/793 251/231/794
f 164/231/795 1548/232/796 889/232/792
f 1548/232/796 162/231/797 890/232/798
f 892/231/793 890/232/798 252/231/799
f 252/231/800 1549/232/801 891/231/802
f 890/232/803 730/233/804 1549/232/801
f 1549/232/801 158/231/805 720/232/806
f 891/231/802 720/232/806 249/229/807
f 189/229/808 1550/230/809 774/231/810
f 732/232/811 733/233/812 1550/230/809
f 733/233/812 768/232/813 1550/230/809
f 1550/230/809 190/231/814 774/231/810
f 768/232/815 773/231/816 190/231/817
f 168/231/818 1551/232/819 768/232/815
f 736/233/820 769/232/821 1551/232/819
f 1551/232/819 191/231/822 773/231/816
f 769/232/823 772/231/824 191/231/825
f 172/231/826 1552/232/827 769/232/823
f 1552/232/827 170/231/828 770/232/829
f 772/231/824 770/232/829 192/231/830
f 192/231/831 1553/232/832 771/231/833
f 770/232/834 742/233/835 1553/232/832
f 1553/232/832 166/231/836 732/232/837
f 771/231/833 732/232/837 189/229/838
f 185/229/839 1554/231/840 765/231/841
f 767/229/842 774/231/810 1554/231/840
f 774/231/810 887/231/843 1554/231/840
f 1554/231/840 187/231/844 765/231/841
f 887/231/845 775/231/846 187/231/847
f 190/231/817 1555/231/848 887/231/845
f 773/231/816 839/231/849 1555/231/848
f 1555/231/848 175/231/850 775/231/846
f 193/229/851 1556/232/852 782/231/688
f 744/232/853 745/233/854 1556/232/852
f 745/233/854 776/232/855 1556/232/852
f 1556/232/852 194/229/856 782/231/688
f 776/232/857 781/231/696 194/229/694
f 176/231/858 1557/230/859 776/232/857
f 748/233/860 777/232/861 1557/230/859
f 1557/230/859 195/229/862 781/231/696
f 777/232/863 780/231/864 195/229/764
f 180/231/865 1558/230/866 777/232/863
f 1558/230/866 178/231/867 778/232/868
f 780/231/864 778/232/868 196/229/766
f 196/229/869 1559/230/870 779/231/773
f 778/232/871 754/233/872 1559/230/870
f 1559/230/870 174/231/873 744/232/874
f 779/231/773 744/232/874 193/229/774
f 197/229/875 1560/232/876 790/231/533
f 756/232/877 757/233/878 1560/232/876
f 757/233/878 784/232/879 1560/232/876
f 1560/232/876 198/229/880 790/231/533
f 784/232/881 789/231/541 198/229/539
f 184/231/882 1561/230/883 784/232/881
f 760/233/884 785/232/885 1561/230/883
f 1561/230/883 199/229/886 789/231/541
f 785/232/887 788/231/888 199/229/609
f 188/231/889 1562/230/890 785/232/887
f 1562/230/890 186/231/891 786/232/892
f 788/231/888 786/232/892 200/229/611
f 200/229/893 1563/230/894 787/231/618
f 786/232/895 766/233/896 1563/230/894
f 1563/230/894 182/231/897 756/232/898
f 787/231/618 756/232/898 197/229/619
f 839/231/899 791/231/900 175/231/901
f 191/231/825 1564/231/902 839/231/899
f 1564/231/902 192/231/830 823/231/903
f 791/231/900 823/231/903 173/231/904
f 173/231/905 1565/231/906 807/231/907
f 823/231/908 771/231/833 1565/231/906
f 1565/231/906 189/229/838 767/229/909
f 807/231/907 767/229/909 185/229/910
f 259/229/911 1566/231/912 973/231/913
f 968/231/914 803/231/375 1566/231/912
f 1566/231/912 205/229/380 799/229/915
f 973/231/913 799/229/915 260/231/916
f 967/231/917 972/231/918 258/229/919
f 207/231/367 1567/231/920 967/231/917
f 1567/231/920 208/231/372 968/231/921
f 972/231/918 968/231/921 259/229/922
f 966/231/923 971/231/924 257/229/925
f 206/231/359 1568/231/926 966/231/923
f 805/231/358 967/231/927 1568/231/926
f 1568/231/926 258/229/928 971/231/924
f 260/231/929 1569/231/930 970/231/931
f 799/229/932 806/231/352 1569/231/930
f 806/231/352 966/231/933 1569/231/930
f 1569/231/930 257/229/934 970/231/931
f 263/229/935 1570/231/936 981/231/937
f 976/230/938 811/231/418 1570/231/936
f 1570/231/936 209/229/423 953/229/939
f 981/231/937 953/229/939 264/231/940
f 974/230/941 980/230/942 261/237/943
f 211/231/410 1571/238/944 974/230/941
f 1571/238/944 212/231/415 976/230/945
f 980/230/942 976/230/945 263/229/946
f 975/231/947 979/230/948 262/229/949
f 210/231/402 1572/231/950 975/231/947
f 813/230/401 974/230/951 1572/231/950
f 1572/231/950 261/237/952 979/230/948
f 264/231/953 1573/231/954 978/231/955
f 953/229/956 814/231/395 1573/231/954
f 814/231/395 975/231/957 1573/231/954
f 1573/231/954 262/229/958 978/231/955
f 268/229/959 1574/231/960 989/231/961
f 985/231/962 819/231/449 1574/231/960
f 1574/231/960 213/229/454 815/229/963
f 989/231/961 815/229/963 266/231/964
f 984/231/965 988/231/966 267/229/967
f 215/231/441 1575/231/968 984/231/965
f 1575/231/968 216/231/446 985/231/969
f 988/231/966 985/231/969 268/229/970
f 982/231/971 987/231/972 265/229/973
f 214/231/433 1576/231/974 982/231/971
f 821/231/432 984/231/975 1576/231/974
f 1576/231/974 267/229/976 987/231/972
f 266/231/977 1577/231/978 986/231/979
f 815/229/980 822/231/426 1577/231/978
f 822/231/426 982/231/981 1577/231/978
f 1577/231/978 265/229/982 986/231/979
f 270/229/983 1578/231/984 997/231/985
f 991/231/986 827/231/492 1578/231/984
f 1578/231/984 217/229/497 954/229/987
f 997/231/985 954/229/987 272/231/988
f 990/231/989 996/231/990 269/229/991
f 219/231/484 1579/231/992 990/231/989
f 1579/231/992 220/231/489 991/231/993
f 996/231/990 991/231/993 270/229/994
f 992/231/995 995/231/996 271/229/997
f 218/231/476 1580/231/998 992/231/995
f 829/231/475 990/231/999 1580/231/998
f 1580/231/998 269/229/1000 995/231/996
f 272/231/1001 1581/231/1002 994/231/1003
f 954/229/1004 830/231/469 1581/231/1002
f 830/231/469 992/231/1005 1581/231/1002
f 1581/231/1002 271/229/1006 994/231/1003
f 276/229/1007 1582/231/1008 1005/231/1009
f 1001/231/1010 835/231/523 1582/231/1008
f 1582/231/1008 221/229/528 831/229/1011
f 1005/231/1009 831/229/1011 274/231/1012
f 1000/231/1013 1004/231/1014 275/229/1015
f 223/231/515 1583/231/1016 1000/231/1013
f 1583/231/1016 224/231/520 1001/231/1017
f 1004/231/1014 1001/231/1017 276/229/1018
f 998/231/1019 1003/231/1020 273/229/1021
f 222/231/507 1584/231/1022 998/231/1019
f 837/231/506 1000/231/1023 1584/231/1022
f 1584/231/1022 275/229/1024 1003/231/1020
f 274/231/1025 1585/231/1026 1002/231/1027
f 831/229/1028 838/231/500 1585/231/1026
f 838/231/500 998/231/1029 1585/231/1026
f 1585/231/1026 273/229/1030 1002/231/1027
f 278/229/1031 1586/231/1032 1013/231/1033
f 1007/231/1034 843/231/569 1586/231/1032
f 1586/231/1032 225/229/574 955/229/1035
f 1013/231/1033 955/229/1035 280/231/1036
f 1006/231/1037 1012/231/1038 277/229/1039
f 227/231/561 1587/231/1040 1006/231/1037
f 1587/231/1040 228/231/566 1007/231/1041
f 1012/231/1038 1007/231/1041 278/229/1042
f 1008/231/1043 1011/231/1044 279/229/1045
f 226/231/553 1588/231/1046 1008/231/1043
f 845/231/552 1006/231/1047 1588/231/1046
f 1588/231/1046 277/229/1048 1011/231/1044
f 280/231/1049 1589/231/1050 1010/231/1051
f 955/229/1052 846/231/546 1589/231/1050
f 846/231/546 1008/231/1053 1589/231/1050
f 1589/231/1050 279/229/1054 1010/231/1051
f 284/229/1055 1590/231/1056 1021/231/1057
f 1017/231/1058 851/231/600 1590/231/1056
f 1590/231/1056 229/229/605 847/229/1059
f 1021/231/1057 847/229/1059 281/231/1060
f 1016/231/1061 1020/231/1062 283/229/1063
f 231/231/592 1591/231/1064 1016/231/1061
f 1591/231/1064 232/231/597 1017/231/1065
f 1020/231/1062 1017/231/1065 284/229/1066
f 1015/231/1067 1019/231/1068 282/229/1069
f 230/231/584 1592/231/1070 1015/231/1067
f 853/231/583 1016/231/1071 1592/231/1070
f 1592/231/1070 283/229/1072 1019/231/1068
f 281/231/1073 1593/231/1074 1018/231/1075
f 847/229/1076 854/231/577 1593/231/1074
f 854/231/577 1015/231/1077 1593/231/1074
f 1593/231/1074 282/229/1078 1018/231/1075
f 286/237/1079 1594/238/1080 1029/230/1081
f 1023/234/1082 859/230/647 1594/238/1080
f 1594/238/1080 233/229/652 855/239/1083
f 1029/230/1081 855/239/1083 287/231/1084
f 1022/230/1085 1028/230/1086 285/229/1087
f 235/231/639 1595/230/1088 1022/230/1085
f 1595/230/1088 236/230/644 1023/234/1089
f 1028/230/1086 1023/234/1089 286/237/1090
f 1025/230/1091 1027/230/1092 288/237/1093
f 234/231/631 1596/238/1094 1025/230/1091
f 861/230/630 1022/230/1095 1596/238/1094
f 1596/238/1094 285/229/1096 1027/230/1092
f 287/231/1097 1597/231/1098 1026/230/1099
f 855/239/1100 862/230/624 1597/231/1098
f 862/230/624 1025/230/1101 1597/231/1098
f 1597/231/1098 288/237/1102 1026/230/1099
f 292/229/1103 1598/231/1104 1037/231/1105
f 1033/231/1106 867/231/678 1598/231/1104
f 1598/231/1104 237/229/683 863/229/1107
f 1037/231/1105 863/229/1107 290/231/1108
f 1032/231/1109 1036/231/1110 291/229/1111
f 239/231/670 1599/231/1112 1032/231/1109
f 1599/231/1112 240/231/675 1033/231/1113
f 1036/231/1110 1033/231/1113 292/229/1114
f 1030/231/1115 1035/231/1116 289/229/1117
f 238/231/662 1600/231/1118 1030/231/1115
f 869/231/661 1032/231/1119 1600/231/1118
f 1600/231/1118 291/229/1120 1035/231/1116
f 290/231/1121 1601/231/1122 1034/231/1123
f 863/229/1124 870/231/655 1601/231/1122
f 870/231/655 1030/231/1125 1601/231/1122
f 1601/231/1122 289/229/1126 1034/231/1123
f 294/229/1127 1602/231/1128 1045/231/1129
f 1039/231/1130 875/231/724 1602/231/1128
f 1602/231/1128 241/229/729 956/229/1131
f 1045/231/1129 956/229/1131 296/231/1132
f 1038/231/1133 1044/231/1134 293/229/1135
f 243/231/716 1603/231/1136 1038/231/1133
f 1603/231/1136 244/231/721 1039/231/1137
f 1044/231/1134 1039/231/1137 294/229/1138
f 1040/231/1139 1043/231/1140 295/229/1141
f 242/231/708 1604/231/1142 1040/231/1139
f 877/231/707 1038/231/1143 1604/231/1142
f 1604/231/1142 293/229/1144 1043/231/1140
f 296/231/1145 1605/231/1146 1042/231/1147
f 956/229/1148 878/231/701 1605/231/1146
f 878/231/701 1040/231/1149 1605/231/1146
f 1605/231/1146 295/229/1150 1042/231/1147
f 300/229/1151 1606/231/1152 1053/231/1153
f 1049/231/1154 883/231/755 1606/231/1152
f 1606/231/1152 245/229/760 879/229/1155
f 1053/231/1153 879/229/1155 298/231/1156
f 1048/231/1157 1052/231/1158 299/229/1159
f 247/231/747 1607/231/1160 1048/231/1157
f 1607/231/1160 248/231/752 1049/231/1161
f 1052/231/1158 1049/231/1161 300/229/1162
f 1046/231/1163 1051/231/1164 297/229/1165
f 246/231/739 1608/231/1166 1046/231/1163
f 885/231/738 1048/231/1167 1608/231/1166
f 1608/231/1166 299/229/1168 1051/231/1164
f 298/231/1169 1609/231/1170 1050/231/1171
f 879/229/1172 886/231/732 1609/231/1170
f 886/231/732 1046/231/1173 1609/231/1170
f 1609/231/1170 297/229/1174 1050/231/1171
f 302/229/1175 1610/231/1176 1061/231/1177
f 1055/231/1178 891/231/802 1610/231/1176
f 1610/231/1176 249/229/807 957/229/1179
f 1061/231/1177 957/229/1179 304/231/1180
f 1054/231/1181 1060/231/1182 301/229/1183
f 251/231/794 1611/231/1184 1054/231/1181
f 1611/231/1184 252/231/799 1055/231/1185
f 1060/231/1182 1055/231/1185 302/229/1186
f 1056/231/1187 1059/231/1188 303/229/1189
f 250/231/786 1612/231/1190 1056/231/1187
f 893/231/785 1054/231/1191 1612/231/1190
f 1612/231/1190 301/229/1192 1059/231/1188
f 304/231/1193 1613/231/1194 1058/231/1195
f 957/229/1196 894/231/779 1613/231/1194
f 894/231/779 1056/231/1197 1613/231/1194
f 1613/231/1194 303/229/1198 1058/231/1195
f 944/232/1199 940/232/1200 163/238/1201
f 944/232/1199 807/231/907 1614/240/1202
f 1614/240/1202 185/229/910 871/229/1203
f 940/232/1200 871/229/1203 165/238/1204
f 942/231/1205 943/232/1206 177/238/1207
f 175/231/901 1615/240/1208 942/231/1205
f 1615/240/1208 173/231/904 944/232/1209
f 943/232/1206 944/232/1209 163/238/1210
f 734/232/1211 941/232/1212 167/238/1213
f 187/231/847 1616/240/1214 734/232/1211
f 775/231/846 942/231/1215 1616/240/1214
f 941/232/1212 942/231/1215 177/238/1216
f 165/238/1217 1617/231/1218 731/232/1219
f 871/229/1220 765/231/841 1617/231/1218
f 765/231/841 734/232/1221 1617/231/1218
f 1617/231/1218 167/238/1222 731/232/1219
f 752/232/1223 941/232/1224 177/238/1225
f 752/232/1223 753/231/771 1618/240/1226
f 1618/240/1226 157/229/776 759/229/1227
f 941/232/1224 759/229/1227 167/238/1228
f 749/231/1229 750/232/1230 179/238/1231
f 171/231/763 1619/240/1232 749/231/1229
f 1619/240/1232 169/231/768 752/232/1233
f 750/232/1230 752/232/1233 177/238/1234
f 946/232/1235 947/232/1236 181/238/1237
f 159/231/693 1620/240/1238 946/232/1235
f 746/231/692 749/231/1239 1620/240/1238
f 947/232/1236 749/231/1239 179/238/1240
f 167/238/1241 1621/231/1242 945/232/1243
f 759/229/1244 743/231/686 1621/231/1242
f 743/231/686 946/232/1245 1621/231/1242
f 1621/231/1242 181/238/1246 945/232/1243
f 950/232/1247 947/232/1248 179/238/1249
f 950/232/1247 735/231/616 1622/240/1250
f 1622/240/1250 153/229/621 740/229/1251
f 947/232/1248 740/229/1251 181/238/1252
f 948/231/1253 949/232/1254 83/238/1255
f 143/231/608 1623/240/1256 948/231/1253
f 1623/240/1256 141/231/613 950/232/1257
f 949/232/1254 950/232/1257 179/238/1258
f 758/232/1259 899/232/1260 183/238/1261
f 155/231/538 1624/240/1262 758/232/1259
f 723/231/537 948/231/1263 1624/240/1262
f 899/232/1260 948/231/1263 83/238/1264
f 181/238/1265 1625/231/1266 755/232/1267
f 740/229/1268 722/231/531 1625/231/1266
f 722/231/531 758/232/1269 1625/231/1266
f 1625/231/1266 183/238/1270 755/232/1267
f 634/232/1271 899/232/1272 83/238/1273
f 634/232/1271 962/231/463 1626/240/1274
f 1626/240/1274 256/229/466 961/229/1275
f 899/232/1272 961/229/1275 183/238/1276
f 897/231/1277 898/232/1278 90/238/1279
f 255/231/457 1627/240/1280 897/231/1277
f 1627/240/1280 253/231/460 634/232/1281
f 898/232/1278 634/232/1281 83/238/1282
f 896/232/1283 646/232/1284 86/238/1285
f 254/231/389 1628/240/1286 896/232/1283
f 964/231/388 897/231/1287 1628/240/1286
f 646/232/1284 897/231/1287 90/238/1288
f 183/238/1289 1629/231/1290 895/232/1291
f 961/229/1292 965/231/383 1629/231/1290
f 965/231/383 896/232/1293 1629/231/1290
f 1629/231/1290 86/238/1294 895/232/1291
f 86/238/1295 1630/240/1296 636/232/1297
f 969/231/1298 970/231/931 1630/240/1296
f 970/231/931 639/232/1299 1630/240/1296
f 1630/240/1296 88/238/1300 636/232/1297
f 639/232/1301 640/232/1302 88/238/1303
f 257/229/925 1631/231/1304 639/232/1301
f 971/231/924 642/229/1305 1631/231/1304
f 640/232/1302 642/229/1305 92/238/1306
f 642/229/1307 643/232/1308 92/238/1309
f 258/229/919 1632/231/1310 642/229/1307
f 1632/231/1310 259/229/922 645/232/1311
f 643/232/1308 645/232/1311 90/238/1312
f 645/232/1313 646/232/1314 90/238/1315
f 645/232/1313 973/231/913 1633/231/1316
f 1633/231/1316 260/231/916 969/231/1317
f 646/232/1314 969/231/1317 86/238/1318
f 88/238/1319 1634/240/1320 900/232/1321
f 977/231/1322 978/231/955 1634/240/1320
f 978/231/955 901/232/1323 1634/240/1320
f 1634/240/1320 99/238/1324 900/232/1321
f 901/232/1325 902/232/1326 99/238/1327
f 262/229/949 1635/230/1328 901/232/1325
f 979/230/948 651/239/1329 1635/230/1328
f 902/232/1326 651/239/1329 97/238/1330
f 651/239/1331 903/232/1332 97/238/1333
f 261/237/943 1636/238/1334 651/239/1331
f 1636/238/1334 263/229/946 904/232/1335
f 903/232/1332 904/232/1335 92/238/1336
f 904/232/1337 640/232/1338 92/238/1339
f 904/232/1337 981/231/937 1637/231/1340
f 1637/231/1340 264/231/940 977/231/1341
f 640/232/1338 977/231/1341 88/238/1342
f 99/238/1343 1638/240/1344 654/232/1345
f 983/230/1346 986/231/979 1638/240/1344
f 986/231/979 657/232/1347 1638/240/1344
f 1638/240/1344 101/238/1348 654/232/1345
f 657/232/1349 905/232/1350 101/238/1351
f 265/229/973 1639/231/1352 657/232/1349
f 987/231/972 906/229/1353 1639/231/1352
f 905/232/1350 906/229/1353 107/238/1354
f 906/229/1355 907/232/1356 107/238/1357
f 267/229/967 1640/231/1358 906/229/1355
f 1640/231/1358 268/229/970 908/232/1359
f 907/232/1356 908/232/1359 97/238/1360
f 908/232/1361 902/232/1362 97/238/1363
f 908/232/1361 989/231/961 1641/231/1364
f 1641/231/1364 266/231/964 983/230/1365
f 902/232/1362 983/230/1365 99/238/1366
f 101/238/1367 1642/240/1368 909/232/1369
f 993/231/1370 994/231/1003 1642/240/1368
f 994/231/1003 910/232/1371 1642/240/1368
f 1642/240/1368 111/238/1372 909/232/1369
f 910/232/1373 911/232/1374 111/238/1375
f 271/229/997 1643/231/1376 910/232/1373
f 995/231/996 664/229/1377 1643/231/1376
f 911/232/1374 664/229/1377 109/238/1378
f 664/229/1379 665/232/1380 109/238/1381
f 269/229/991 1644/231/1382 664/229/1379
f 1644/231/1382 270/229/994 667/232/1383
f 665/232/1380 667/232/1383 107/238/1384
f 667/232/1385 905/232/1386 107/238/1387
f 667/232/1385 997/231/985 1645/231/1388
f 1645/231/1388 272/231/988 993/231/1389
f 905/232/1386 993/231/1389 101/238/1390
f 111/238/1391 1646/240/1392 669/232/1393
f 999/231/1394 1002/231/1027 1646/240/1392
f 1002/231/1027 672/232/1395 1646/240/1392
f 1646/240/1392 113/238/1396 669/232/1393
f 672/232/1397 912/232/1398 113/238/1399
f 273/229/1021 1647/231/1400 672/232/1397
f 1003/231/1020 913/229/1401 1647/231/1400
f 912/232/1398 913/229/1401 119/238/1402
f 913/229/1403 914/232/1404 119/238/1405
f 275/229/1015 1648/231/1406 913/229/1403
f 1648/231/1406 276/229/1018 915/232/1407
f 914/232/1404 915/232/1407 109/238/1408
f 915/232/1409 911/232/1410 109/238/1411
f 915/232/1409 1005/231/1009 1649/231/1412
f 1649/231/1412 274/231/1012 999/231/1413
f 911/232/1410 999/231/1413 111/238/1414
f 113/238/1415 1650/240/1416 916/232/1417
f 1009/231/1418 1010/231/1051 1650/240/1416
f 1010/231/1051 917/232/1419 1650/240/1416
f 1650/240/1416 123/238/1420 916/232/1417
f 917/232/1421 918/232/1422 123/238/1423
f 279/229/1045 1651/231/1424 917/232/1421
f 1011/231/1044 679/229/1425 1651/231/1424
f 918/232/1422 679/229/1425 121/238/1426
f 679/229/1427 680/232/1428 121/238/1429
f 277/229/1039 1652/231/1430 679/229/1427
f 1652/231/1430 278/229/1042 682/232/1431
f 680/232/1428 682/232/1431 119/238/1432
f 682/232/1433 912/232/1434 119/238/1435
f 682/232/1433 1013/231/1033 1653/231/1436
f 1653/231/1436 280/231/1036 1009/231/1437
f 912/232/1434 1009/231/1437 113/238/1438
f 123/238/1439 1654/240/1440 919/232/1441
f 1014/231/1442 1018/231/1075 1654/240/1440
f 1018/231/1075 920/232/1443 1654/240/1440
f 1654/240/1440 128/238/1444 919/232/1441
f 920/232/1445 696/232/1446 128/238/1447
f 282/229/1069 1655/231/1448 920/232/1445
f 1019/231/1068 921/229/1449 1655/231/1448
f 696/232/1446 921/229/1449 131/238/1450
f 921/229/1451 922/232/1452 131/238/1453
f 283/229/1063 1656/231/1454 921/229/1451
f 1656/231/1454 284/229/1066 923/232/1455
f 922/232/1452 923/232/1455 121/238/1456
f 923/232/1457 918/232/1458 121/238/1459
f 923/232/1457 1021/231/1057 1657/231/1460
f 1657/231/1460 281/231/1060 1014/231/1461
f 918/232/1458 1014/231/1461 123/238/1462
f 128/238/1463 1658/232/1464 924/232/1465
f 1024/231/1466 1026/230/1099 1658/232/1464
f 1026/230/1099 925/232/1467 1658/232/1464
f 1658/232/1464 135/238/1468 924/232/1465
f 925/232/1469 926/232/1470 135/238/1471
f 288/237/1093 1659/238/1472 925/232/1469
f 1027/230/1092 692/239/1473 1659/238/1472
f 926/232/1470 692/239/1473 133/238/1474
f 692/239/1475 693/232/1476 133/238/1477
f 285/229/1087 1660/231/1478 692/239/1475
f 1660/231/1478 286/237/1090 695/232/1479
f 693/232/1476 695/232/1479 131/238/1480
f 695/232/1481 696/232/1482 131/238/1483
f 695/232/1481 1029/230/1081 1661/231/1484
f 1661/231/1484 287/231/1084 1024/231/1485
f 696/232/1482 1024/231/1485 128/238/1486
f 135/238/1487 1662/240/1488 698/232/1489
f 1031/230/1490 1034/231/1123 1662/240/1488
f 1034/231/1123 701/232/1491 1662/240/1488
f 1662/240/1488 137/238/1492 698/232/1489
f 701/232/1493 927/232/1494 137/238/1495
f 289/229/1117 1663/231/1496 701/232/1493
f 1035/231/1116 928/229/1497 1663/231/1496
f 927/232/1494 928/229/1497 145/238/1498
f 928/229/1499 929/232/1500 145/238/1501
f 291/229/1111 1664/231/1502 928/229/1499
f 1664/231/1502 292/229/1114 930/232/1503
f 929/232/1500 930/232/1503 133/238/1504
f 930/232/1505 926/232/1506 133/238/1507
f 930/232/1505 1037/231/1105 1665/231/1508
f 1665/231/1508 290/231/1108 1031/230/1509
f 926/232/1506 1031/230/1509 135/238/1510
f 137/238/1511 1666/240/1512 931/232/1513
f 1041/231/1514 1042/231/1147 1666/240/1512
f 1042/231/1147 932/232/1515 1666/240/1512
f 1666/240/1512 149/238/1516 931/232/1513
f 932/232/1517 933/232/1518 149/238/1519
f 295/229/1141 1667/231/1520 932/232/1517
f 1043/231/1140 708/229/1521 1667/231/1520
f 933/232/1518 708/229/1521 147/238/1522
f 708/229/1523 709/232/1524 147/238/1525
f 293/229/1135 1668/231/1526 708/229/1523
f 1668/231/1526 294/229/1138 711/232/1527
f 709/232/1524 711/232/1527 145/238/1528
f 711/232/1529 927/232/1530 145/238/1531
f 711/232/1529 1045/231/1129 1669/231/1532
f 1669/231/1532 296/231/1132 1041/231/1533
f 927/232/1530 1041/231/1533 137/238/1534
f 149/238/1535 1670/240/1536 713/232/1537
f 1047/231/1538 1050/231/1171 1670/240/1536
f 1050/231/1171 716/232/1539 1670/240/1536
f 1670/240/1536 151/238/1540 713/232/1537
f 716/232/1541 934/232/1542 151/238/1543
f 297/229/1165 1671/231/1544 716/232/1541
f 1051/231/1164 935/229/1545 1671/231/1544
f 934/232/1542 935/229/1545 161/238/1546
f 935/229/1547 936/232/1548 161/238/1549
f 299/229/1159 1672/231/1550 935/229/1547
f 1672/231/1550 300/229/1162 937/232/1551
f 936/232/1548 937/232/1551 147/238/1552
f 937/232/1553 933/232/1554 147/238/1555
f 937/232/1553 1053/231/1153 1673/231/1556
f 1673/231/1556 298/231/1156 1047/231/1557
f 933/232/1554 1047/231/1557 149/238/1558
f 151/238/1559 1674/240/1560 938/232/1561
f 1057/231/1562 1058/231/1195 1674/240/1560
f 1058/231/1195 939/232/1563 1674/240/1560
f 1674/240/1560 165/238/1564 938/232/1561
f 939/232/1565 940/232/1566 165/238/1567
f 303/229/1189 1675/231/1568 939/232/1565
f 1059/231/1188 725/229/1569 1675/231/1568
f 940/232/1566 725/229/1569 163/238/1570
f 725/229/1571 726/232/1572 163/238/1573
f 301/229/1183 1676/231/1574 725/229/1571
f 1676/231/1574 302/229/1186 728/232/1575
f 726/232/1572 728/232/1575 161/238/1576
f 728/232/1577 934/232/1578 161/238/1579
f 728/232/1577 1061/231/1177 1677/231/1580
f 1677/231/1580 304/231/1180 1057/231/1581
f 934/232/1578 1057/231/1581 151/238/1582
f 900/232/1583 1079/231/1584 88/236/1585
f 900/232/1583 1078/231/1586 1678/240/1587
f 1678/240/1587 324/233/1588 1070/233/1589
f 1678/240/1587 323/233/1590 1079/231/1584
f 914/232/1591 1111/231/1592 119/236/1593
f 914/232/1591 1110/231/1594 1679/240/1595
f 1679/240/1595 341/233/1596 1104/233/1597
f 1679/240/1595 342/233/1598 1111/231/1592
f 945/232/1599 1081/231/1600 167/236/1601
f 945/232/1599 1080/231/1602 1680/240/1603
f 1680/240/1603 334/233/1604 1077/233/1605
f 1680/240/1603 333/233/1606 1081/231/1600
f 938/232/1607 1083/231/1608 151/236/1609
f 938/232/1607 1082/231/1610 1681/240/1611
f 1681/240/1611 332/233/1612 1076/233/1613
f 1681/240/1611 331/233/1614 1083/231/1608
f 165/236/1615 1682/240/1616 1082/231/1610
f 167/236/1601 1682/240/1616 731/232/1617
f 1081/231/1600 1067/233/1618 1682/240/1616
f 1082/231/1610 1067/233/1618 332/233/1612
f 916/232/1619 1085/231/1620 113/236/1621
f 916/232/1619 1084/231/1622 1683/240/1623
f 1683/240/1623 336/233/1624 1072/233/1625
f 1683/240/1623 327/233/1626 1085/231/1620
f 931/232/1627 1087/231/1628 137/236/1629
f 931/232/1627 1086/231/1630 1684/240/1631
f 1684/240/1631 330/233/1632 1075/233/1633
f 1684/240/1631 329/233/1634 1087/231/1628
f 909/232/1635 1089/231/1636 101/236/1637
f 909/232/1635 1088/231/1638 1685/240/1639
f 1685/240/1639 326/233/1640 1071/233/1641
f 1685/240/1639 325/233/1642 1089/231/1636
f 924/232/1643 1091/231/1644 128/236/1645
f 924/232/1643 1090/231/1646 1686/240/1647
f 1686/240/1647 328/233/1648 1074/233/1649
f 1686/240/1647 337/233/1650 1091/231/1644
f 895/232/1651 1093/231/1652 183/236/1653
f 895/232/1651 1092/231/1654 1687/240/1655
f 1687/240/1655 322/233/1656 1069/233/1657
f 1687/240/1655 335/233/1658 1093/231/1652
f 86/236/1659 1688/240/1660 1092/231/1654
f 88/236/1585 1688/240/1660 636/232/1661
f 1079/231/1584 1062/233/1662 1688/240/1660
f 1092/231/1654 1062/233/1662 322/233/1656
f 181/236/1663 1689/240/1664 1080/231/1602
f 183/236/1653 1689/240/1664 755/232/1665
f 1093/231/1652 1068/233/1666 1689/240/1664
f 1080/231/1602 1068/233/1666 334/233/1604
f 123/236/1667 1690/240/1668 1084/231/1622
f 919/232/1669 1091/231/1644 1690/240/1668
f 1690/240/1668 337/233/1650 1073/233/1670
f 1084/231/1622 1073/233/1670 336/233/1624
f 698/232/1671 1090/231/1646 135/236/1672
f 137/236/1629 1691/240/1673 698/232/1671
f 1087/231/1628 1065/233/1674 1691/240/1673
f 1691/240/1673 328/233/1648 1090/231/1646
f 149/236/1675 1692/240/1676 1086/231/1630
f 151/236/1609 1692/240/1676 713/232/1677
f 1083/231/1608 1066/233/1678 1692/240/1676
f 1086/231/1630 1066/233/1678 330/233/1632
f 99/236/1679 1693/240/1680 1078/231/1586
f 101/236/1637 1693/240/1680 654/232/1681
f 1089/231/1636 1063/233/1682 1693/240/1680
f 1078/231/1586 1063/233/1682 324/233/1588
f 111/236/1683 1694/240/1684 1088/231/1638
f 113/236/1621 1694/240/1684 669/232/1685
f 1085/231/1620 1064/233/1686 1694/240/1684
f 1088/231/1638 1064/233/1686 326/233/1640
f 317/233/1687 1695/238/108 1196/232/1687
f 1131/232/108 1171/235/1688 1695/238/108
f 1695/238/108 388/233/1688 1204/232/108
f 1695/238/108 358/233/1687 1196/232/1687
f 929/232/1689 1113/231/1690 145/236/1691
f 929/232/1689 1112/231/1692 1696/240/1693
f 1696/240/1693 345/233/1694 1106/233/1695
f 1696/240/1693 346/233/1696 1113/231/1690
f 907/232/1697 1115/231/1698 107/236/1699
f 907/232/1697 1114/231/1700 1697/240/1701
f 1697/240/1701 353/233/1702 1103/233/1703
f 1697/240/1701 340/233/1704 1115/231/1698
f 922/232/1705 1117/231/1706 131/236/1707
f 922/232/1705 1116/231/1708 1698/240/1709
f 1698/240/1709 343/233/1710 1105/233/1711
f 1698/240/1709 344/233/1712 1117/231/1706
f 133/236/1713 1699/240/1714 1112/231/1692
f 131/236/1707 1699/240/1714 693/232/1715
f 1117/231/1706 1097/233/1716 1699/240/1714
f 1112/231/1692 1097/233/1716 345/233/1694
f 147/236/1717 1700/240/1718 1118/231/1719
f 145/236/1691 1700/240/1718 709/232/1720
f 1113/231/1690 1098/233/1721 1700/240/1718
f 1118/231/1719 1098/233/1721 347/233/1722
f 109/236/1723 1701/240/1724 1110/231/1594
f 107/236/1699 1701/240/1724 665/232/1725
f 1115/231/1698 1095/233/1726 1701/240/1724
f 1110/231/1594 1095/233/1726 341/233/1596
f 643/232/1727 1120/231/1728 92/236/1729
f 643/232/1727 1119/231/1730 1702/240/1731
f 1702/240/1731 339/233/1732 1094/233/1733
f 1702/240/1731 338/233/1734 1120/231/1728
f 121/236/1735 1703/240/1736 1116/231/1708
f 119/236/1593 1703/240/1736 680/232/1737
f 1111/231/1592 1096/233/1738 1703/240/1736
f 1116/231/1708 1096/233/1738 343/233/1710
f 903/232/1739 1114/231/1700 97/236/1740
f 903/232/1739 1120/231/1728 1704/240/1741
f 1704/240/1741 338/233/1734 1102/233/1742
f 1704/240/1741 353/233/1702 1114/231/1700
f 163/236/1743 1705/240/1744 1122/231/1745
f 161/236/1746 1705/240/1744 726/232/1747
f 1121/231/1748 1099/233/1749 1705/240/1744
f 1122/231/1745 1099/233/1749 349/233/1750
f 949/232/1751 1124/231/1752 83/236/1753
f 949/232/1751 1123/231/1754 1706/240/1755
f 1706/240/1755 351/233/1756 1109/233/1757
f 1706/240/1755 352/233/1758 1124/231/1752
f 898/232/1759 1119/231/1730 90/236/1760
f 898/232/1759 1124/231/1752 1707/240/1761
f 1707/240/1761 352/233/1758 1101/233/1762
f 1707/240/1761 339/233/1732 1119/231/1730
f 179/236/1763 1708/240/1764 1123/231/1754
f 177/236/1765 1708/240/1764 750/232/1766
f 1125/231/1767 1100/233/1768 1708/240/1764
f 1123/231/1754 1100/233/1768 351/233/1756
f 943/232/1769 1125/231/1767 177/236/1765
f 943/232/1769 1122/231/1745 1709/240/1770
f 1709/240/1770 349/233/1750 1108/233/1771
f 1709/240/1770 350/233/1772 1125/231/1767
f 936/232/1773 1121/231/1748 161/236/1746
f 936/232/1773 1118/231/1719 1710/240/1774
f 1710/240/1774 347/233/1722 1107/233/1775
f 1710/240/1774 348/233/1776 1121/231/1748
f 1174/239/1777 1175/230/1778 305/241/1779
f 322/232/1780 1711/242/1781 1174/239/1777
f 323/232/1782 1711/242/1781 1062/233/1783
f 1187/239/1784 1163/230/1785 305/241/1779
f 324/232/1786 1712/242/1787 1187/239/1784
f 325/232/1788 1712/242/1787 1063/233/1789
f 1162/239/1790 1185/232/1791 305/241/1779
f 326/232/1792 1713/243/1793 1162/239/1790
f 327/232/1794 1713/243/1793 1064/233/1795
f 1165/239/1796 1186/232/1797 305/241/1779
f 328/232/1798 1714/244/1799 1165/239/1796
f 329/232/1800 1714/244/1799 1065/233/1801
f 1181/239/1802 1142/232/1803 305/241/1779
f 330/232/1804 1715/245/1805 1181/239/1802
f 331/232/1806 1715/245/1805 1066/233/1807
f 1182/239/1808 1161/233/1809 305/241/1779
f 332/232/1810 1716/246/1811 1182/239/1808
f 333/232/1812 1716/246/1811 1067/233/1813
f 1177/239/1814 1164/233/1815 305/241/1779
f 334/232/1816 1717/247/1817 1177/239/1814
f 335/232/1818 1717/247/1817 1068/233/1819
f 1164/233/1815 1174/239/1777 305/241/1779
f 335/232/1818 1718/233/1820 1164/235/1815
f 322/232/1780 1718/233/1820 1069/233/1821
f 1175/230/1778 1187/239/1784 305/241/1779
f 323/232/1782 1719/248/1822 1175/239/1778
f 324/232/1786 1719/248/1822 1070/233/1823
f 1163/230/1785 1162/239/1790 305/241/1779
f 325/232/1788 1720/242/1824 1163/239/1785
f 326/232/1792 1720/242/1824 1071/233/1825
f 1185/232/1791 1160/232/1826 305/241/1779
f 327/232/1794 1721/243/1827 1185/230/1791
f 336/232/1828 1721/243/1827 1072/233/1829
f 1160/232/1826 1178/232/1830 305/241/1779
f 336/232/1828 1722/244/1831 1160/230/1826
f 337/232/1832 1722/244/1831 1073/233/1833
f 1178/232/1830 1165/239/1796 305/241/1779
f 337/232/1832 1723/244/1834 1178/230/1830
f 328/232/1798 1723/244/1834 1074/233/1835
f 1186/232/1797 1181/239/1802 305/241/1779
f 329/232/1800 1724/244/1836 1186/232/1797
f 330/232/1804 1724/244/1836 1075/233/1837
f 1142/232/1803 1182/239/1808 305/241/1779
f 331/232/1806 1725/245/1838 1142/232/1803
f 332/232/1810 1725/245/1838 1076/233/1839
f 1161/233/1809 1177/239/1814 305/241/1779
f 333/232/1812 1726/246/1840 1161/232/1809
f 334/232/1816 1726/246/1840 1077/233/1841
f 1126/232/1842 1144/232/1843 307/233/1843
f 1126/232/1842 1145/232/1844 1727/238/1842
f 1727/238/1842 338/233/1845 1094/232/1842
f 1727/238/1842 339/233/1843 1144/232/1843
f 1127/232/1846 1146/232/1847 308/233/1848
f 1127/232/1846 1147/232/1849 1728/238/1846
f 1728/238/1846 341/233/1850 1095/232/1846
f 1728/238/1846 340/233/1847 1146/232/1847
f 1128/232/1851 1148/232/1852 310/233/1853
f 1128/232/1851 1149/232/1854 1729/238/1855
f 1729/238/1855 343/233/1856 1096/232/1855
f 1729/238/1855 342/233/1857 1148/232/1852
f 1129/232/1858 1150/232/1859 312/233/1860
f 1129/232/1858 1151/232/1861 1730/238/1858
f 1730/238/1858 345/233/1861 1097/232/1858
f 1730/238/1858 344/233/1859 1150/232/1859
f 1130/232/1862 1152/232/1863 314/233/1864
f 1130/232/1862 1153/232/1865 1731/238/1866
f 1731/238/1866 347/233/1867 1098/232/1866
f 1731/238/1866 346/233/1868 1152/232/1863
f 1131/232/1869 1154/232/1870 316/233/1871
f 1131/232/1869 1155/232/1872 1732/238/1869
f 1732/238/1869 349/233/1872 1099/232/1869
f 1732/238/1869 348/233/1870 1154/232/1870
f 1132/232/1873 1156/232/1874 318/233/1875
f 1132/232/1873 1157/232/1876 1733/238/1873
f 1733/238/1873 351/233/1876 1100/232/1873
f 1733/238/1873 350/233/1877 1156/232/1874
f 1133/232/1878 1158/232/1879 320/233/1879
f 307/233/1843 1734/238/1878 1133/232/1878
f 1144/232/1843 1101/232/1880 1734/238/1878
f 1734/238/1878 352/233/1881 1158/232/1879
f 306/233/1844 1735/238/1882 1145/232/1844
f 1134/232/1882 1159/232/1883 1735/238/1882
f 1735/238/1882 353/233/1884 1102/232/1885
f 1145/232/1844 1102/232/1885 338/233/1845
f 321/233/1883 1736/238/1886 1159/232/1883
f 308/233/1848 1736/238/1886 1135/232/1886
f 1146/232/1847 1103/232/1886 1736/238/1886
f 1159/232/1883 1103/232/1886 353/233/1884
f 309/233/1887 1737/238/1888 1147/232/1849
f 310/233/1853 1737/238/1888 1136/232/1888
f 1148/232/1852 1104/232/1888 1737/238/1888
f 1147/232/1849 1104/232/1888 341/233/1850
f 311/233/1889 1738/238/1890 1149/232/1854
f 312/233/1860 1738/238/1890 1137/232/1890
f 1150/232/1859 1105/232/1890 1738/238/1890
f 1149/232/1854 1105/232/1890 343/233/1856
f 313/233/1891 1739/238/1892 1151/232/1861
f 314/233/1864 1739/238/1892 1138/232/1892
f 1152/232/1863 1106/232/1892 1739/238/1892
f 1151/232/1861 1106/232/1892 345/233/1861
f 315/233/1893 1740/238/1894 1153/232/1865
f 316/233/1871 1740/238/1894 1139/232/1894
f 1154/232/1870 1107/232/1894 1740/238/1894
f 1153/232/1865 1107/232/1894 347/233/1867
f 317/233/1895 1741/238/1896 1155/232/1872
f 318/233/1875 1741/238/1896 1140/232/1896
f 1156/232/1874 1108/232/1896 1741/238/1896
f 1155/232/1872 1108/232/1896 349/233/1872
f 319/233/1897 1742/238/1898 1157/232/1876
f 320/233/1879 1742/238/1898 1141/232/1898
f 1158/232/1879 1109/232/1898 1742/238/1898
f 1157/232/1876 1109/232/1898 351/233/1876
f 1132/232/104 1173/232/1899 319/233/1899
f 318/233/1900 1743/238/104 1132/232/104
f 1172/232/1900 1168/232/104 1743/238/104
f 1743/238/104 359/233/1899 1173/232/1899
f 1133/232/1901 1301/232/1902 307/233/1902
f 320/233/1903 1744/238/1901 1133/232/1901
f 1195/232/1903 1307/232/1901 1744/238/1901
f 1744/238/1901 365/233/1902 1301/232/1902
f 321/233/1904 1745/238/1905 1192/232/1904
f 306/233/1906 1745/238/1905 1134/232/1905
f 1305/232/1906 1306/232/1905 1745/238/1905
f 1192/232/1904 1306/232/1905 389/233/1904
f 308/233/1907 1746/238/1908 1302/232/1907
f 1135/232/1908 1192/232/1904 1746/238/1908
f 1746/238/1908 389/233/1904 1299/232/1908
f 1302/232/1907 1299/232/1908 354/233/1907
f 310/233/1909 1747/238/70 1176/232/1909
f 309/233/1910 1747/238/70 1136/232/70
f 1303/232/1910 1300/232/70 1747/238/70
f 1747/238/70 390/233/1909 1176/232/1909
f 1137/232/62 1180/232/1911 312/233/1911
f 311/233/1912 1748/238/62 1137/232/62
f 1179/232/1912 1169/232/62 1748/238/62
f 1748/238/62 376/233/1911 1180/232/1911
f 1138/232/55 1184/232/1913 314/233/1913
f 313/233/1914 1749/238/55 1138/232/55
f 1749/238/55 375/233/1914 1170/235/55
f 1749/238/55 374/249/1913 1184/232/1913
f 316/233/1688 1750/238/56 1171/235/1688
f 1139/232/56 1194/235/1915 1750/238/56
f 1750/238/56 357/249/1915 1203/235/56
f 1171/235/1688 1203/235/56 388/233/1688
f 1126/232/86 1305/232/1906 306/233/1906
f 1126/232/86 1301/232/1902 1751/238/86
f 1751/238/86 365/233/1902 1236/232/86
f 1751/238/86 391/233/1906 1305/232/1906
f 1140/232/103 1172/232/1900 318/233/1900
f 317/233/1687 1752/238/103 1140/232/103
f 1196/232/1687 1202/232/103 1752/238/103
f 1172/232/1900 1202/232/103 387/233/1900
f 309/233/1910 1753/238/80 1303/232/1910
f 1127/232/80 1302/232/1907 1753/238/80
f 1753/238/80 354/233/1907 1235/232/80
f 1753/238/80 355/233/1910 1303/232/1910
f 1141/232/1916 1195/232/1903 320/233/1903
f 319/233/1899 1754/238/1916 1141/232/1916
f 1173/232/1899 1197/232/1916 1754/238/1916
f 1754/238/1916 360/233/1903 1195/232/1903
f 1128/232/72 1179/232/1912 311/233/1912
f 310/233/1909 1755/238/72 1128/232/72
f 1176/232/1909 1166/232/72 1755/238/72
f 1755/238/72 356/233/1912 1179/232/1912
f 1129/232/64 1183/232/1914 313/233/1914
f 312/233/1911 1756/238/64 1129/232/64
f 1180/232/1911 1167/232/64 1756/238/64
f 1756/238/64 375/233/1914 1183/232/1914
f 315/233/1915 1757/238/54 1194/235/1915
f 1130/232/54 1184/232/1913 1757/238/54
f 1757/238/54 374/249/1913 1205/250/54
f 1757/238/54 357/249/1915 1194/235/1915
f 1307/233/1917 1193/230/1917 365/233/1917
f 1307/233/1917 1304/230/1917 1758/231/1917
f 1304/230/1917 1189/233/1917 1758/231/1917
f 1758/231/1917 364/231/1918 1193/230/1917
f 391/233/1917 1759/231/1917 1143/238/1917
f 1236/233/1917 1193/230/1917 1759/231/1917
f 1759/231/1917 364/231/1918 1188/233/1919
f 1143/238/1917 1188/233/1919 362/231/1920
f 355/233/1917 1760/231/1917 1207/230/1917
f 1235/233/1917 1206/230/1917 1760/231/1917
f 1206/230/1917 1199/233/1917 1760/231/1917
f 1760/231/1917 369/231/1917 1207/230/1917
f 1300/233/1917 1308/238/1917 390/233/1917
f 1300/233/1917 1207/230/1917 1761/231/1917
f 1761/231/1917 369/231/1917 1198/233/1917
f 1308/238/1917 1198/233/1917 367/231/1921
f 1200/251/1922 1216/251/1923 366/252/1924
f 368/252/1925 1762/253/1926 1200/251/1922
f 1762/253/1926 379/251/1927 1214/251/1926
f 1762/253/1926 377/251/1923 1216/251/1923
f 1201/251/1928 1217/251/1929 368/252/1925
f 1201/251/1928 1218/251/1930 1763/253/1931
f 1218/251/1930 1215/251/1931 1763/253/1931
f 1763/253/1931 379/251/1927 1217/251/1929
f 362/252/1920 1764/253/1932 1219/251/1933
f 364/252/1918 1764/253/1932 1188/251/1919
f 1220/251/1934 1208/251/1935 1764/253/1932
f 1764/253/1932 371/251/1933 1219/251/1933
f 1189/251/1936 1220/251/1934 364/252/1918
f 361/252/1937 1765/253/1936 1189/251/1936
f 1765/253/1936 370/251/1937 1209/251/1936
f 1765/253/1936 373/251/1934 1220/251/1934
f 1190/251/1938 1221/251/1937 361/252/1937
f 363/252/1939 1766/253/1938 1190/251/1938
f 1766/253/1938 372/251/1939 1210/251/1938
f 1221/251/1937 1210/251/1938 370/251/1937
f 1191/251/1940 1222/251/1941 363/252/1939
f 362/252/1920 1767/253/1940 1191/251/1940
f 1219/251/1933 1211/251/1940 1767/253/1940
f 1767/253/1940 372/251/1939 1222/251/1941
f 1198/251/1942 1218/251/1930 367/252/1921
f 1198/251/1942 1223/251/1943 1768/253/1942
f 1223/251/1943 1212/251/1944 1768/253/1942
f 1768/253/1942 378/251/1930 1218/251/1930
f 1199/251/1945 1223/251/1943 369/252/1943
f 366/252/1924 1769/253/1945 1199/251/1945
f 1216/251/1923 1213/251/1945 1769/253/1945
f 1769/253/1945 380/251/1943 1223/251/1943
f 371/254/1917 1770/253/1917 1211/251/1917
f 373/254/1917 1770/253/1917 1208/251/1917
f 1770/253/1917 370/254/1917 1210/251/1917
f 1770/253/1917 372/254/1917 1211/251/1917
f 378/254/1917 1771/253/1917 1215/251/1917
f 380/254/1917 1771/253/1917 1212/251/1917
f 1771/253/1917 377/254/1917 1214/251/1917
f 1771/253/1917 379/254/1917 1215/251/1917
f 363/231/1917 1772/229/1917 1191/233/1917
f 1228/255/1917 1227/233/1917 1772/229/1917
f 1772/229/1917 383/231/1917 1229/230/1917
f 1191/233/1917 1229/230/1917 362/231/1920
f 368/231/1925 1773/237/1917 1232/234/1917
f 1200/233/1922 1233/234/1917 1773/237/1917
f 1773/237/1917 381/231/1917 1224/233/1917
f 1232/234/1917 1224/233/1917 382/231/1917
f 1231/231/1917 1226/233/1917 385/231/1917
f 386/237/1917 1774/239/1917 1231/231/1917
f 1230/232/1917 1229/230/1917 1774/239/1917
f 1226/233/1917 1229/230/1917 383/231/1917
f 1233/230/1917 1225/233/1917 381/231/1917
f 1233/230/1917 1234/231/1917 1775/231/1917
f 1775/231/1917 386/237/1917 1231/231/1917
f 1225/233/1917 1231/231/1917 385/231/1917
f 1230/231/1917 1143/231/1917 362/231/1920
f 1230/231/1917 1309/231/1917 1776/231/1917
f 1776/231/1917 389/233/1917 1306/233/1917
f 1776/231/1917 391/233/1917 1143/231/1917
f 1206/231/1917 1234/231/1917 366/231/1924
f 354/233/1917 1777/238/1917 1206/231/1917
f 1299/233/1917 1309/229/1917 1777/238/1917
f 1234/231/1917 1309/229/1917 386/237/1917
f 358/233/1917 1778/231/1917 1266/230/1917
f 1204/233/1917 1265/230/1917 1778/231/1917
f 1265/230/1917 1240/233/1917 1778/231/1917
f 1778/231/1917 395/231/1946 1266/230/1917
f 1202/233/1917 1264/238/1917 387/233/1917
f 1202/233/1917 1266/230/1917 1779/231/1917
f 1779/231/1917 395/231/1946 1239/233/1947
f 1264/238/1917 1239/233/1947 393/231/1948
f 1239/251/1947 1253/251/1949 393/252/1948
f 395/252/1946 1780/253/1950 1239/251/1947
f 1254/251/1951 1249/251/1952 1780/253/1950
f 1780/253/1950 397/251/1949 1253/251/1949
f 1240/251/1953 1254/251/1951 395/252/1946
f 1240/251/1953 1255/251/1954 1781/253/1953
f 1781/253/1953 396/251/1954 1250/251/1953
f 1254/251/1951 1250/251/1953 399/251/1951
f 392/252/1954 1782/253/1955 1255/251/1954
f 394/252/1956 1782/253/1955 1241/251/1955
f 1256/251/1956 1251/251/1955 1782/253/1955
f 1782/253/1955 396/251/1954 1255/251/1954
f 394/252/1956 1783/253/1957 1256/251/1956
f 1242/251/1957 1253/251/1949 1783/253/1957
f 1253/251/1949 1252/251/1957 1783/253/1957
f 1783/253/1957 398/251/1958 1256/251/1956
f 397/254/1917 1784/253/1917 1252/251/1917
f 399/254/1917 1784/253/1917 1249/251/1917
f 1784/253/1917 396/254/1917 1251/251/1917
f 1784/253/1917 398/254/1917 1252/251/1917
f 394/231/1917 1785/229/1917 1242/233/1917
f 1260/255/1917 1259/233/1917 1785/229/1917
f 1785/229/1917 401/231/1917 1261/230/1917
f 1242/233/1917 1261/230/1917 393/231/1948
f 363/231/1917 1786/237/1917 1228/255/1917
f 1190/233/1917 1268/234/1917 1786/237/1917
f 1786/237/1917 400/231/1917 1267/233/1917
f 1228/255/1917 1267/233/1917 384/231/1917
f 1263/231/1917 1258/233/1917 403/231/1917
f 404/237/1917 1787/239/1917 1263/231/1917
f 1262/232/1917 1261/230/1917 1787/239/1917
f 1258/233/1917 1261/230/1917 401/231/1917
f 1268/230/1917 1257/233/1917 400/231/1917
f 1268/230/1917 1269/231/1917 1788/231/1917
f 1788/231/1917 404/237/1917 1263/231/1917
f 1257/233/1917 1263/231/1917 403/231/1917
f 1262/231/1917 1264/231/1917 393/231/1948
f 1262/231/1917 1270/231/1917 1789/231/1917
f 1789/231/1917 359/233/1917 1168/233/1917
f 1789/231/1917 387/233/1917 1264/231/1917
f 1304/231/1917 1269/231/1917 361/231/1917
f 360/233/1917 1790/238/1917 1304/231/1917
f 1197/233/1917 1270/229/1917 1790/238/1917
f 1269/231/1917 1270/229/1917 404/237/1917
f 375/233/1917 1791/231/1917 1284/230/1917
f 1167/233/1917 1283/230/1917 1791/231/1917
f 1283/230/1917 1247/233/1917 1791/231/1917
f 1791/231/1917 408/231/1959 1284/230/1917
f 1170/236/1917 1282/234/1917 374/249/1917
f 1170/236/1917 1284/230/1917 1792/230/1917
f 1792/230/1917 408/231/1959 1248/233/1960
f 1282/234/1917 1248/233/1960 406/231/1961
f 1248/251/1960 1271/251/1962 406/252/1961
f 1248/251/1960 1272/251/1963 1793/253/1964
f 1272/251/1963 1244/251/1965 1793/253/1964
f 1793/253/1964 410/251/1962 1271/251/1962
f 1247/251/1966 1272/251/1963 408/252/1959
f 405/252/1967 1794/253/1966 1247/251/1966
f 1794/253/1966 409/251/1967 1243/251/1966
f 1272/251/1963 1243/251/1966 412/251/1963
f 1246/251/1968 1273/251/1967 405/252/1967
f 407/252/1969 1795/253/1968 1246/251/1968
f 1274/251/1969 1238/251/1968 1795/253/1968
f 1273/251/1967 1238/251/1968 409/251/1967
f 407/252/1969 1796/253/1970 1274/251/1969
f 406/252/1961 1796/253/1970 1245/251/1970
f 1271/251/1962 1237/251/1970 1796/253/1970
f 1796/253/1970 411/251/1971 1274/251/1969
f 410/254/1917 1797/253/1917 1237/251/1917
f 412/254/1917 1797/253/1917 1244/251/1917
f 1797/253/1917 409/254/1917 1238/251/1917
f 1797/253/1917 411/254/1917 1237/251/1917
f 407/231/1917 1798/229/1917 1245/233/1917
f 1278/255/1917 1277/233/1917 1798/229/1917
f 1798/229/1917 414/231/1917 1279/230/1917
f 1245/233/1917 1279/230/1917 406/231/1961
f 394/231/1917 1799/237/1917 1260/255/1917
f 1241/233/1917 1286/234/1917 1799/237/1917
f 1799/237/1917 413/231/1917 1285/233/1917
f 1260/255/1917 1285/233/1917 402/231/1917
f 1281/231/1917 1276/233/1917 416/231/1917
f 417/239/1917 1800/239/1917 1281/231/1917
f 1280/235/1917 1279/230/1917 1800/239/1917
f 1276/233/1917 1279/230/1917 414/231/1917
f 1286/230/1917 1275/233/1917 413/231/1917
f 1286/230/1917 1287/238/1917 1801/231/1917
f 1801/231/1917 417/239/1917 1281/231/1917
f 1275/233/1917 1281/231/1917 416/231/1917
f 1280/230/1917 1282/234/1917 406/231/1961
f 1280/230/1917 1288/234/1917 1802/230/1917
f 1802/230/1917 357/249/1917 1205/249/1917
f 1802/230/1917 374/249/1917 1282/234/1917
f 1265/230/1917 1287/238/1917 392/231/1917
f 388/233/1917 1803/230/1917 1265/230/1917
f 1203/236/1917 1288/255/1917 1803/230/1917
f 1287/238/1917 1288/255/1917 417/239/1917
f 368/231/1925 1804/230/1917 1201/233/1928
f 1232/234/1917 1292/233/1917 1804/230/1917
f 1804/230/1917 419/231/1917 1293/230/1917
f 1201/233/1928 1293/230/1917 367/231/1921
f 407/231/1917 1805/237/1917 1278/255/1917
f 1246/233/1917 1296/234/1917 1805/237/1917
f 1805/237/1917 418/231/1917 1295/233/1917
f 1278/255/1917 1295/233/1917 415/231/1917
f 1291/231/1917 1290/233/1917 420/231/1917
f 421/237/1917 1806/239/1917 1291/231/1917
f 1294/232/1917 1293/230/1917 1806/239/1917
f 1290/233/1917 1293/230/1917 419/231/1917
f 1296/230/1917 1289/233/1917 418/231/1917
f 1296/230/1917 1297/231/1917 1807/231/1917
f 1807/231/1917 421/237/1917 1291/231/1917
f 1289/233/1917 1291/231/1917 420/231/1917
f 1294/231/1917 1308/231/1917 367/231/1921
f 1294/231/1917 1298/231/1917 1808/231/1917
f 1808/231/1917 356/233/1917 1166/233/1917
f 1808/231/1917 390/233/1917 1308/231/1917
f 1283/231/1917 1297/231/1917 405/231/1917
f 376/233/1917 1809/238/1917 1283/231/1917
f 1169/233/1917 1298/229/1917 1809/238/1917
f 1297/231/1917 1298/229/1917 421/237/1917
f 383/252/1972 1810/256/1973 1327/257/1972
f 384/252/1974 1810/256/1973 1227/251/1973
f 1326/257/1975 1313/251/1973 1810/256/1973
f 1327/257/1972 1313/251/1973 441/251/1976
f 1350/258/1977 1391/259/1978 431/260/1979
f 1350/258/1977 1390/261/1980 1811/261/1977
f 1811/261/1977 466/261/1981 1382/262/1977
f 1811/261/1977 463/261/1978 1391/259/1978
f 1257/251/1982 1329/257/1983 400/252/1984
f 1257/251/1982 1328/257/1985 1812/256/1986
f 1812/256/1986 444/251/1985 1314/251/1986
f 1812/256/1986 443/251/1987 1329/257/1983
f 1295/251/1988 1331/254/1989 415/252/1989
f 418/252/1990 1813/256/1988 1295/251/1988
f 1330/257/1991 1325/251/1992 1813/256/1988
f 1813/256/1988 450/263/1993 1331/254/1989
f 403/252/1994 1814/256/1995 1328/257/1985
f 1258/251/1996 1332/257/1997 1814/256/1995
f 1814/256/1995 445/251/1997 1315/251/1998
f 1328/257/1985 1315/251/1998 444/251/1985
f 401/252/1999 1815/256/2000 1332/257/1997
f 402/252/2001 1815/256/2000 1259/251/2000
f 1333/257/2002 1316/251/2003 1815/256/2000
f 1332/257/1997 1316/251/2003 445/251/1997
f 1289/251/2004 1330/257/1991 418/252/1990
f 1289/251/2004 1334/257/2005 1816/256/2004
f 1816/256/2004 452/251/2005 1322/251/2006
f 1816/256/2004 451/251/1991 1330/257/1991
f 1267/251/2007 1326/257/1975 384/252/1974
f 400/252/1984 1817/256/2007 1267/251/2007
f 1329/257/1983 1317/251/2008 1817/256/2007
f 1817/256/2007 442/251/2009 1326/257/1975
f 1275/251/2010 1336/257/2011 413/252/2012
f 1275/251/2010 1335/257/2013 1818/256/2010
f 1818/256/2010 448/256/2013 1318/256/2014
f 1818/256/2010 447/251/2011 1336/257/2011
f 420/252/2015 1819/256/2016 1334/257/2005
f 1290/251/2017 1337/257/2018 1819/256/2016
f 1819/256/2016 453/251/2018 1323/251/2019
f 1334/257/2005 1323/251/2019 452/251/2005
f 382/252/2020 1820/256/2021 1339/257/2022
f 381/252/2023 1820/256/2021 1224/251/2024
f 1338/257/2025 1310/251/2021 1820/256/2021
f 1339/257/2022 1310/251/2021 439/251/2022
f 416/252/2026 1821/263/2027 1335/257/2013
f 1276/251/2028 1340/257/2029 1821/263/2027
f 1821/263/2027 449/256/2030 1319/263/2031
f 1335/257/2013 1319/263/2031 448/256/2013
f 1225/251/2032 1338/257/2025 381/252/2023
f 1225/251/2032 1341/257/2033 1822/256/2032
f 1822/256/2032 440/251/2034 1311/251/2032
f 1822/256/2032 438/251/2035 1338/257/2025
f 414/252/2036 1823/264/2037 1340/257/2029
f 415/252/1989 1823/264/2037 1277/251/2037
f 1331/254/1989 1320/256/2037 1823/264/2037
f 1340/257/2029 1320/256/2037 449/256/2030
f 419/252/2018 1824/256/2038 1337/257/2018
f 1292/251/2039 1339/257/2022 1824/256/2038
f 1824/256/2038 439/251/2022 1324/251/2038
f 1337/257/2018 1324/251/2038 453/251/2018
f 1285/251/2040 1333/257/2002 402/252/2001
f 413/252/2012 1825/256/2041 1285/251/2040
f 1336/257/2011 1321/251/2042 1825/256/2041
f 1825/256/2041 446/251/2043 1333/257/2002
f 385/252/2044 1826/256/2045 1341/257/2033
f 1226/251/2046 1327/257/1972 1826/256/2045
f 1826/256/2045 441/251/1976 1312/251/2045
f 1341/257/2033 1312/251/2045 440/251/2034
f 1342/251/1917 1358/257/1917 422/252/1917
f 1342/251/1917 1359/257/1917 1827/256/1917
f 1827/256/1917 439/251/1917 1310/251/1917
f 1827/256/1917 438/251/1917 1358/257/1917
f 426/252/1917 1828/256/1917 1360/257/1917
f 422/252/1917 1828/256/1917 1343/251/1917
f 1358/257/1917 1311/251/1917 1828/256/1917
f 1360/257/1917 1311/251/1917 440/251/1917
f 424/252/1917 1829/256/1917 1361/257/1917
f 1344/251/1917 1360/257/1917 1829/256/1917
f 1829/256/1917 440/251/1917 1312/251/1917
f 1361/257/1917 1312/251/1917 441/251/1917
f 1345/251/1917 1362/257/1917 425/252/1917
f 1345/251/1917 1361/257/1917 1830/256/1917
f 1830/256/1917 441/251/1917 1313/251/1917
f 1830/256/1917 442/251/1917 1362/257/1917
f 430/252/1917 1831/256/1917 1363/257/1917
f 427/252/1917 1831/256/1917 1346/251/1917
f 1364/257/1917 1314/251/1917 1831/256/1917
f 1363/257/1917 1314/251/1917 444/251/1917
f 428/252/1917 1832/256/1917 1365/257/1917
f 1347/251/1917 1363/257/1917 1832/256/1917
f 1832/256/1917 444/251/1917 1315/251/1917
f 1365/257/1917 1315/251/1917 445/251/1917
f 1348/251/1917 1366/257/1917 429/252/1917
f 1348/251/1917 1365/257/1917 1833/256/1917
f 1833/256/1917 445/251/1917 1316/251/1917
f 1833/256/1917 446/251/1917 1366/257/1917
f 1349/251/1917 1364/257/1917 427/252/1917
f 425/252/1917 1834/256/1917 1349/251/1917
f 1362/257/1917 1317/251/1917 1834/256/1917
f 1834/256/1917 443/251/1917 1364/257/1917
f 434/252/1917 1835/256/1917 1367/254/1917
f 431/252/1917 1835/256/1917 1350/251/1917
f 1368/257/1917 1318/251/1917 1835/256/1917
f 1367/254/1917 1318/251/1917 448/263/1917
f 432/252/1917 1836/264/1917 1369/257/1917
f 1351/251/1917 1367/254/1917 1836/264/1917
f 1836/264/1917 448/263/1917 1319/256/1917
f 1369/257/1917 1319/256/1917 449/256/1917
f 1352/251/1917 1370/257/1917 433/252/1917
f 1352/251/1917 1369/257/1917 1837/263/1917
f 1837/263/1917 449/256/1917 1320/263/1917
f 1837/263/1917 450/256/1917 1370/257/1917
f 1353/251/1917 1368/257/1917 431/252/1917
f 429/252/1917 1838/256/1917 1353/251/1917
f 1366/257/1917 1321/251/1917 1838/256/1917
f 1838/256/1917 447/251/1917 1368/257/1917
f 437/252/1917 1839/256/1917 1371/257/1917
f 435/252/1917 1839/256/1917 1354/251/1917
f 1372/257/1917 1322/251/1917 1839/256/1917
f 1371/257/1917 1322/251/1917 452/251/1917
f 1355/251/1917 1373/257/1917 436/252/1917
f 1355/251/1917 1371/257/1917 1840/256/1917
f 1840/256/1917 452/251/1917 1323/251/1917
f 1840/256/1917 453/251/1917 1373/257/1917
f 423/252/1917 1841/256/1917 1359/257/1917
f 436/252/1917 1841/256/1917 1356/251/1917
f 1373/257/1917 1324/251/1917 1841/256/1917
f 1359/257/1917 1324/251/1917 439/251/1917
f 1357/251/1917 1372/257/1917 435/252/1917
f 433/252/1917 1842/256/1917 1357/251/1917
f 1370/257/1917 1325/256/1917 1842/256/1917
f 1842/256/1917 451/251/1917 1372/257/1917
f 455/260/1917 1843/265/1917 1388/262/1917
f 454/260/1917 1843/265/1917 1374/262/1917
f 458/260/1917 1843/265/1917 1375/262/1917
f 456/260/1917 1843/265/1917 1376/262/1917
f 457/260/1917 1843/265/1917 1377/262/1917
f 459/260/1917 1843/265/1917 1381/262/1917
f 462/260/1917 1843/265/1917 1378/262/1917
f 460/260/1917 1843/265/1917 1379/262/1917
f 461/260/1917 1843/265/1917 1380/262/1917
f 463/260/1917 1843/265/1917 1385/262/1917
f 466/260/1917 1843/265/1917 1382/262/1917
f 464/260/1917 1843/265/1917 1383/262/1917
f 465/266/1917 1843/265/1917 1384/267/1917
f 467/268/1917 1843/265/1917 1389/267/1917
f 469/268/1917 1843/265/1917 1386/258/1917
f 468/260/1917 1843/265/1917 1387/262/1917
f 1343/262/2047 1393/259/2048 422/260/2049
f 1343/262/2047 1392/261/2050 1844/261/2051
f 1844/261/2051 458/261/2052 1375/262/2051
f 1844/261/2051 454/261/2053 1393/259/2048
f 434/269/1980 1845/261/2054 1390/261/1980
f 1351/258/2054 1394/261/2055 1845/261/2054
f 1845/261/2054 464/261/2056 1383/262/2057
f 1390/261/1980 1383/262/2057 466/261/1981
f 426/260/2058 1846/261/2059 1392/261/2050
f 1344/262/2059 1395/261/2060 1846/261/2059
f 1846/261/2059 456/261/2060 1376/262/2061
f 1392/261/2050 1376/262/2061 458/261/2052
f 432/260/2055 1847/261/2062 1394/261/2055
f 433/260/2063 1847/261/2062 1352/262/2062
f 1396/265/2064 1384/270/2062 1847/261/2062
f 1394/261/2055 1384/270/2062 464/261/2056
f 424/260/2065 1848/261/2066 1395/261/2060
f 425/260/2067 1848/261/2066 1345/262/2066
f 1397/261/2068 1377/262/2069 1848/261/2066
f 1395/261/2060 1377/262/2069 456/261/2060
f 1353/262/2070 1398/259/2071 429/260/2072
f 431/260/1979 1849/261/2073 1353/262/2070
f 1391/259/1978 1385/262/2073 1849/261/2073
f 1849/261/2073 461/261/2071 1398/259/2071
f 1346/262/2074 1400/259/2075 427/260/2076
f 1346/262/2074 1399/261/2077 1850/261/2074
f 1850/261/2074 462/261/2078 1378/262/2074
f 1850/261/2074 459/261/2075 1400/259/2075
f 1354/262/2079 1402/259/2080 435/260/2081
f 1354/262/2079 1401/261/2082 1851/261/2079
f 1851/261/2079 469/261/2082 1386/258/2079
f 1851/261/2079 467/271/2083 1402/259/2080
f 430/260/2077 1852/261/2084 1399/261/2077
f 1347/262/2085 1403/261/2086 1852/261/2084
f 1852/261/2084 460/261/2086 1379/262/2084
f 1399/261/2077 1379/262/2084 462/261/2078
f 437/260/2082 1853/261/2087 1401/261/2082
f 1355/270/2087 1404/272/2088 1853/261/2087
f 1853/261/2087 468/261/2088 1387/262/2087
f 1401/261/2082 1387/262/2087 469/261/2082
f 428/260/2089 1854/261/2090 1403/261/2086
f 429/260/2072 1854/261/2090 1348/262/2090
f 1398/259/2071 1380/262/2090 1854/261/2090
f 1403/261/2086 1380/262/2090 460/261/2086
f 1356/270/2091 1404/272/2088 436/273/2088
f 1356/270/2091 1405/261/2092 1855/261/2093
f 1855/261/2093 455/261/2092 1388/262/2093
f 1855/261/2093 468/261/2088 1404/272/2088
f 1349/262/2094 1397/261/2068 425/260/2067
f 427/260/2076 1856/261/2095 1349/262/2094
f 1400/259/2075 1381/262/2095 1856/261/2095
f 1856/261/2095 457/261/2068 1397/261/2068
f 423/260/2092 1857/261/2096 1405/261/2092
f 422/260/2049 1857/261/2096 1342/262/2096
f 1393/259/2048 1374/262/2096 1857/261/2096
f 1405/261/2092 1374/262/2096 455/261/2092
f 1357/262/2097 1396/265/2064 433/260/2063
f 435/260/2081 1858/261/2098 1357/262/2097
f 1402/259/2080 1389/262/2098 1858/261/2098
f 1858/261/2098 465/265/2064 1396/265/2064
f 472/1/1 1406/5/5 525/2/2
f 2/4/4 471/6/6 1406/5/5
f 471/6/6 4/10/10 496/7/7
f 1406/5/5 496/7/7 19/8/8
f 496/7/7 1407/11/11 523/9/9
f 4/10/10 475/274/171 1407/11/11
f 1407/11/11 475/274/171 6/12/12
f 523/9/9 1407/11/11 498/13/13
f 498/15/13 1408/19/16 521/16/15
f 6/18/12 478/165/136 1408/19/16
f 1408/19/16 478/165/136 8/20/17
f 521/16/15 1408/19/16 500/21/18
f 500/23/18 1409/27/21 519/24/20
f 8/26/17 481/275/163 1409/27/21
f 1409/27/21 481/275/163 10/28/22
f 519/24/20 1409/27/21 502/29/23
f 25/31/24 502/29/23 1410/32/25
f 502/29/23 10/276/22 484/34/27
f 1410/32/25 484/34/27 12/35/28
f 517/33/26 1410/32/25 504/36/29
f 504/36/29 1411/39/32 515/38/31
f 12/35/28 487/40/33 1411/39/32
f 487/40/33 14/44/37 506/41/34
f 1411/39/32 506/41/34 29/42/35
f 506/41/34 1412/45/38 513/43/36
f 14/44/37 490/277/174 1412/45/38
f 1412/45/38 490/277/174 16/46/39
f 513/43/36 1412/45/38 508/47/40
f 31/48/41 508/47/40 1413/49/42
f 508/47/40 16/46/39 493/51/44
f 1413/49/42 493/51/44 2/4/4
f 511/50/43 1413/49/42 472/1/1
f 15/52/45 491/55/48 1414/53/46
f 491/55/48 32/60/53 510/56/49
f 1414/53/46 510/56/49 17/57/50
f 492/54/47 1414/53/46 494/58/51
f 32/60/53 509/62/55 1415/61/54
f 31/48/41 511/50/43 1415/61/54
f 511/50/43 18/3/3 495/63/56
f 510/56/49 1415/61/54 495/63/56
f 13/64/57 488/67/60 1416/65/58
f 488/67/60 30/70/63 512/68/61
f 512/68/61 32/60/53 491/55/48
f 1416/65/58 491/55/48 15/52/45
f 507/69/62 1417/71/64 512/68/61
f 507/69/62 29/42/35 513/43/36
f 1417/71/64 513/43/36 31/48/41
f 1417/71/64 509/62/55 32/60/53
f 11/72/65 485/75/68 1418/73/66
f 485/75/68 28/78/71 514/76/69
f 514/76/69 30/70/63 488/67/60
f 1418/73/66 488/67/60 13/64/57
f 505/77/70 1419/79/72 514/76/69
f 505/77/70 27/37/30 515/38/31
f 1419/79/72 515/38/31 29/42/35
f 1419/79/72 507/69/62 30/70/63
f 9/80/73 482/83/76 1420/81/74
f 482/83/76 26/86/79 516/84/77
f 516/84/77 28/78/71 485/75/68
f 1420/81/74 485/75/68 11/72/65
f 503/85/78 1421/87/80 516/84/77
f 503/85/78 25/31/24 517/33/26
f 517/33/26 27/37/30 505/77/70
f 1421/87/80 505/77/70 28/78/71
f 7/88/81 479/91/84 1422/89/82
f 479/91/84 24/95/87 518/92/85
f 518/92/85 26/98/79 482/83/76
f 1422/89/82 482/83/76 9/93/73
f 501/94/86 1423/96/88 518/92/85
f 23/25/19 519/24/20 1423/96/88
f 519/24/20 25/30/24 503/97/78
f 1423/96/88 503/97/78 26/98/79
f 476/99/89 1424/103/93 477/100/90
f 22/102/92 520/104/94 1424/103/93
f 520/104/94 24/110/87 479/105/84
f 1424/103/93 479/105/84 7/106/81
f 499/107/95 1425/108/96 520/104/94
f 21/17/14 521/16/15 1425/108/96
f 521/16/15 23/22/19 501/109/86
f 1425/108/96 501/109/86 24/110/87
f 473/111/97 1426/115/101 474/112/98
f 20/114/100 522/116/102 1426/115/101
f 522/116/102 22/122/92 476/117/89
f 1426/115/101 476/117/89 5/118/91
f 497/119/103 1427/120/104 522/116/102
f 497/119/103 19/8/8 523/9/9
f 1427/120/104 523/9/9 21/14/14
f 1427/120/104 499/121/95 22/122/92
f 1/59/52 494/58/51 1428/123/105
f 494/58/51 17/57/50 524/125/107
f 1428/123/105 524/125/107 20/114/100
f 470/124/106 1428/123/105 473/111/97
f 17/57/50 495/63/56 1429/126/108
f 495/63/56 18/3/3 525/2/2
f 525/2/2 19/8/8 497/119/103
f 1429/126/108 497/119/103 20/114/100
f 483/127/75 1430/131/111 582/128/109
f 483/127/75 11/187/65 583/130/110
f 1430/131/111 583/130/110 76/132/112
f 1430/131/111 539/133/113 75/134/114
f 484/135/27 1431/139/117 584/136/115
f 484/135/27 10/204/22 530/138/116
f 1431/139/117 530/138/116 68/140/118
f 1431/139/117 579/141/119 46/142/120
f 5/143/91 477/146/90 1432/144/121
f 477/146/90 7/106/81 586/147/123
f 1432/144/121 586/147/123 74/148/124
f 1432/144/121 537/149/125 73/150/126
f 492/151/47 1433/155/128 587/152/127
f 1/154/52 588/160/132 1433/155/128
f 1433/155/128 588/160/132 79/156/129
f 1433/155/128 542/157/130 78/158/131
f 470/159/106 1434/162/133 588/160/132
f 3/161/99 531/210/167 1434/162/133
f 1434/162/133 531/210/167 80/163/134
f 1434/162/133 576/164/135 79/156/129
f 478/165/136 1435/168/139 532/166/137
f 478/165/136 6/18/12 533/167/138
f 1435/168/139 533/167/138 65/169/140
f 1435/168/139 527/170/141 67/171/142
f 493/172/44 1436/176/145 589/173/143
f 493/172/44 16/221/39 534/175/144
f 1436/176/145 534/175/144 69/177/146
f 1436/176/145 581/178/147 41/179/148
f 471/180/6 1437/183/150 535/181/149
f 471/180/6 2/174/4 589/173/143
f 1437/183/150 589/173/143 41/179/148
f 1437/183/150 577/184/151 66/185/152
f 486/186/67 1438/189/154 583/130/110
f 486/186/67 13/214/57 590/188/153
f 1438/189/154 590/188/153 77/190/155
f 1438/189/154 540/191/156 76/132/112
f 487/192/33 1439/195/158 536/193/157
f 487/192/33 12/137/28 584/136/115
f 1439/195/158 584/136/115 46/142/120
f 1439/195/158 580/196/159 70/197/160
f 480/198/83 1440/200/161 586/199/123
f 480/198/83 9/129/73 582/128/109
f 1440/200/161 582/128/109 75/134/114
f 1440/200/161 538/201/162 74/202/124
f 481/203/163 1441/206/164 530/138/116
f 481/203/163 8/26/17 532/205/137
f 1441/206/164 532/205/137 67/207/142
f 1441/206/164 528/208/165 68/140/118
f 3/161/99 474/211/98 1442/209/166
f 474/211/98 5/143/91 585/145/122
f 1442/209/166 585/145/122 73/150/126
f 1442/209/166 578/212/168 80/163/134
f 489/213/59 1443/215/169 590/188/153
f 489/213/59 15/153/45 587/152/127
f 1443/215/169 587/152/127 78/158/131
f 1443/215/169 541/216/170 77/190/155
f 475/217/171 1444/218/172 533/167/138
f 475/217/171 4/182/10 535/181/149
f 1444/218/172 535/181/149 66/185/152
f 1444/218/172 526/219/173 65/169/140
f 490/220/174 1445/222/175 534/175/144
f 490/220/174 14/194/37 536/193/157
f 1445/222/175 536/193/157 70/197/160
f 1445/222/175 529/223/176 69/177/146
f 610/224/177 1446/226/177 559/225/178
f 610/224/177 47/225/179 560/225/179
f 1446/226/177 560/225/179 61/225/179
f 1446/226/177 553/224/177 59/225/178
f 598/224/180 1447/226/184 591/225/181
f 34/225/183 592/225/185 1447/226/184
f 592/225/185 52/225/247 546/224/186
f 1447/226/184 546/224/186 54/225/187
f 605/224/188 1448/226/192 593/225/189
f 72/225/191 561/225/193 1448/226/192
f 561/225/193 60/225/251 554/224/194
f 1448/226/192 554/224/194 62/225/195
f 606/224/196 1449/226/200 562/225/197
f 606/224/196 43/225/199 563/225/199
f 1449/226/200 563/225/199 55/225/201
f 1449/226/200 547/224/202 53/225/203
f 611/224/204 1450/226/204 560/225/179
f 611/224/204 48/225/220 564/225/205
f 1450/226/204 564/225/205 63/225/206
f 1450/226/204 555/224/204 61/225/179
f 599/224/207 1451/226/207 594/225/208
f 599/224/207 35/225/182 591/225/181
f 1451/226/207 591/225/181 54/225/187
f 1451/226/207 548/224/207 56/225/210
f 39/225/211 603/224/214 1452/226/212
f 38/225/190 593/225/189 1452/226/212
f 593/225/189 62/225/195 556/224/215
f 595/225/213 1452/226/212 556/224/215
f 608/224/217 1453/226/217 563/225/199
f 608/224/217 44/225/218 565/225/218
f 1453/226/217 565/225/218 57/225/218
f 1453/226/217 549/224/217 55/225/201
f 612/224/219 1454/226/222 564/225/205
f 612/224/219 40/225/231 566/225/221
f 1454/226/222 566/225/221 49/225/223
f 1454/226/222 557/224/224 63/225/206
f 37/225/225 601/224/228 1455/226/226
f 601/224/228 36/225/209 594/225/208
f 1455/226/226 594/225/208 56/225/210
f 596/225/227 1455/226/226 550/224/229
f 40/225/231 613/224/233 1456/226/232
f 613/224/233 33/225/253 597/225/234
f 1456/226/232 597/225/234 51/225/235
f 566/225/221 1456/226/232 543/224/236
f 71/225/237 604/224/240 1457/226/238
f 604/224/240 39/225/211 595/225/213
f 1457/226/238 595/225/213 64/225/216
f 567/225/239 1457/226/238 558/224/241
f 609/224/243 1458/226/243 565/225/218
f 609/224/243 45/225/178 559/225/178
f 1458/226/243 559/225/178 59/225/178
f 1458/226/243 551/224/243 57/225/218
f 600/224/244 1459/226/245 592/225/185
f 71/225/237 567/225/239 1459/226/245
f 567/225/239 50/225/242 544/224/246
f 1459/226/245 544/224/246 52/225/247
f 72/225/191 602/224/249 1460/226/248
f 602/224/249 37/225/225 596/225/227
f 1460/226/248 596/225/227 58/225/230
f 561/225/193 1460/226/248 552/224/250
f 607/224/252 1461/226/254 597/225/234
f 42/225/198 562/225/197 1461/226/254
f 562/225/197 53/225/203 545/224/255
f 1461/226/254 545/224/255 51/225/235
f 551/224/108 1462/226/108 568/225/56
f 59/225/103 569/225/103 1462/226/108
f 569/225/103 60/225/103 552/224/108
f 1462/226/108 552/224/108 58/225/56
f 549/224/54 1463/226/54 570/225/55
f 57/225/56 568/225/56 1463/226/54
f 568/225/56 58/225/56 550/224/54
f 1463/226/54 550/224/54 56/225/55
f 547/224/64 1464/226/64 571/225/62
f 547/224/64 55/225/55 570/225/55
f 1464/226/64 570/225/55 56/225/55
f 1464/226/64 548/224/64 54/225/62
f 545/224/72 1465/226/72 572/225/70
f 545/224/72 53/225/62 571/225/62
f 571/225/62 54/225/62 546/224/72
f 1465/226/72 546/224/72 52/225/70
f 543/224/80 1466/226/80 573/225/78
f 543/224/80 51/225/70 572/225/70
f 1466/226/80 572/225/70 52/225/70
f 1466/226/80 544/224/80 50/225/78
f 557/224/88 1467/226/88 574/225/86
f 49/225/78 573/225/78 1467/226/88
f 1467/226/88 573/225/78 50/225/78
f 1467/226/88 558/224/88 64/225/86
f 555/224/96 1468/226/96 575/225/95
f 555/224/96 63/225/86 574/225/86
f 574/225/86 64/225/86 556/224/96
f 1468/226/96 556/224/96 62/225/95
f 553/224/104 1469/226/104 569/225/103
f 61/225/95 575/225/95 1469/226/104
f 575/225/95 62/225/95 554/224/104
f 1469/226/104 554/224/104 60/225/103
f 599/225/96 1470/227/96 614/227/256
f 36/225/257 615/227/257 1470/227/96
f 615/227/257 67/228/257 527/225/96
f 614/227/256 1470/227/96 527/225/96
f 36/225/258 601/225/260 1471/227/259
f 601/225/260 37/225/261 616/227/261
f 1471/227/259 616/227/261 68/228/261
f 615/227/258 1471/227/259 528/225/262
f 37/225/263 602/225/265 1472/227/264
f 602/225/265 72/225/266 617/227/266
f 1472/227/264 617/227/266 46/228/266
f 616/227/263 1472/227/264 579/225/267
f 605/225/268 1473/227/271 617/227/269
f 38/225/270 618/227/270 1473/227/271
f 618/227/270 70/228/270 580/225/272
f 1473/227/271 580/225/272 46/228/269
f 603/225/64 1474/227/64 618/227/273
f 603/225/64 39/225/274 619/227/274
f 1474/227/64 619/227/274 69/228/274
f 1474/227/64 529/225/64 70/228/273
f 39/225/275 604/225/277 1475/227/276
f 604/225/277 71/225/278 620/227/278
f 1475/227/276 620/227/278 41/228/278
f 619/227/275 1475/227/276 581/225/279
f 600/225/280 1476/227/283 620/227/281
f 34/225/282 621/227/282 1476/227/283
f 621/227/282 66/228/282 577/225/284
f 1476/227/283 577/225/284 41/228/281
f 598/225/285 1477/227/288 621/227/286
f 35/225/287 614/227/287 1477/227/288
f 614/227/287 65/228/287 526/225/289
f 1477/227/288 526/225/289 66/228/286
f 607/225/290 1478/227/293 622/227/291
f 33/225/292 623/227/292 1478/227/293
f 623/227/292 80/228/292 578/225/294
f 1478/227/293 578/225/294 73/228/291
f 33/225/295 613/225/297 1479/227/296
f 613/225/297 40/225/298 624/227/298
f 1479/227/296 624/227/298 79/228/298
f 623/227/295 1479/227/296 576/225/299
f 40/225/300 612/225/302 1480/227/301
f 612/225/302 48/225/303 625/227/303
f 1480/227/301 625/227/303 78/228/303
f 624/227/300 1480/227/301 542/225/304
f 611/225/64 1481/227/64 625/227/306
f 47/225/307 626/227/307 1481/227/64
f 626/227/307 77/228/307 541/225/64
f 1481/227/64 541/225/64 78/228/306
f 47/225/308 610/225/72 1482/227/72
f 45/225/309 627/227/309 1482/227/72
f 627/227/309 76/228/309 540/225/72
f 1482/227/72 540/225/72 77/228/308
f 609/225/80 1483/227/80 627/227/310
f 609/225/80 44/225/311 628/227/311
f 628/227/311 75/228/311 539/225/80
f 1483/227/80 539/225/80 76/228/310
f 608/225/88 1484/227/88 628/227/312
f 43/225/313 629/227/313 1484/227/88
f 629/227/313 74/228/313 538/225/88
f 628/227/312 1484/227/88 538/225/88
f 606/225/314 1485/227/317 629/227/315
f 42/225/316 622/227/316 1485/227/317
f 622/227/316 73/228/316 537/225/318
f 1485/227/317 537/225/318 74/228/315
f 201/229/319 630/232/322 1486/230/320
f 630/232/322 81/231/2099 631/233/323
f 631/233/323 82/231/2100 792/232/324
f 1486/230/320 792/232/324 202/231/325
f 792/232/326 1487/232/330 797/231/327
f 82/231/329 632/233/331 1487/232/330
f 632/233/331 85/231/2101 793/232/332
f 1487/232/330 793/232/332 203/231/333
f 793/232/334 1488/232/338 796/231/335
f 85/231/337 633/233/2102 1488/232/338
f 1488/232/338 633/233/2102 84/231/339
f 796/231/335 1488/232/338 794/232/340
f 204/231/342 794/232/345 1489/232/343
f 794/232/345 84/231/2103 635/233/346
f 1489/232/343 635/233/346 81/231/347
f 795/231/344 1489/232/343 630/232/348
f 205/229/350 637/232/353 1490/230/351
f 637/232/353 87/231/2104 638/233/354
f 638/233/354 89/231/2105 800/232/355
f 1490/230/351 800/232/355 206/231/356
f 800/232/357 1491/232/361 805/231/358
f 89/231/360 641/233/362 1491/232/361
f 641/233/362 93/231/2106 801/232/363
f 1491/232/361 801/232/363 207/231/364
f 801/232/365 1492/232/369 804/231/366
f 93/231/368 644/233/2107 1492/232/369
f 1492/232/369 644/233/2107 91/231/370
f 804/231/366 1492/232/369 802/232/371
f 208/231/373 802/232/376 1493/232/374
f 802/232/376 91/231/2108 647/233/377
f 1493/232/374 647/233/377 87/231/378
f 803/231/375 1493/232/374 637/232/379
f 256/229/381 952/229/384 1494/231/382
f 952/229/384 201/229/319 798/231/321
f 798/231/321 202/231/325 959/231/385
f 1494/231/382 959/231/385 254/231/386
f 959/231/387 1495/231/390 964/231/388
f 202/231/328 797/231/327 1495/231/390
f 797/231/327 203/231/333 960/231/391
f 1495/231/390 960/231/391 255/231/392
f 209/229/393 648/232/396 1496/230/394
f 648/232/396 94/231/2109 649/233/397
f 649/233/397 95/231/2110 808/232/398
f 1496/230/394 808/232/398 210/231/399
f 808/232/400 1497/232/404 813/230/401
f 95/231/403 650/233/405 1497/232/404
f 650/233/405 98/231/2111 809/232/406
f 1497/232/404 809/232/406 211/231/407
f 809/232/408 1498/232/412 812/230/409
f 98/231/411 652/233/2112 1498/232/412
f 1498/232/412 652/233/2112 96/231/413
f 812/230/409 1498/232/412 810/232/414
f 212/231/416 810/232/419 1499/232/417
f 810/232/419 96/231/2113 653/233/420
f 1499/232/417 653/233/420 94/231/421
f 811/231/418 1499/232/417 648/232/422
f 213/229/424 655/232/427 1500/230/425
f 655/232/427 100/231/2114 656/233/428
f 656/233/428 102/231/2115 816/232/429
f 1500/230/425 816/232/429 214/231/430
f 816/232/431 1501/232/435 821/231/432
f 102/231/434 658/233/436 1501/232/435
f 658/233/436 104/231/2116 817/232/437
f 1501/232/435 817/232/437 215/231/438
f 817/232/439 1502/232/443 820/231/440
f 104/231/442 659/233/2117 1502/232/443
f 1502/232/443 659/233/2117 103/231/444
f 820/231/440 1502/232/443 818/232/445
f 216/231/447 818/232/450 1503/232/448
f 818/232/450 103/231/2118 660/233/451
f 1503/232/448 660/233/451 100/231/452
f 819/231/449 1503/232/448 655/232/453
f 960/231/455 1504/231/458 963/231/456
f 203/231/336 796/231/335 1504/231/458
f 1504/231/458 796/231/335 204/231/341
f 963/231/456 1504/231/458 958/231/459
f 253/231/461 958/231/464 1505/231/462
f 958/231/464 204/231/342 795/231/344
f 1505/231/462 795/231/344 201/229/349
f 962/231/463 1505/231/462 952/229/465
f 217/229/467 661/232/470 1506/230/468
f 661/232/470 105/231/2119 662/233/471
f 662/233/471 106/231/2120 824/232/472
f 1506/230/468 824/232/472 218/231/473
f 824/232/474 1507/232/478 829/231/475
f 106/231/477 663/233/479 1507/232/478
f 663/233/479 110/231/2121 825/232/480
f 1507/232/478 825/232/480 219/231/481
f 825/232/482 1508/232/486 828/231/483
f 110/231/485 666/233/2122 1508/232/486
f 1508/232/486 666/233/2122 108/231/487
f 828/231/483 1508/232/486 826/232/488
f 220/231/490 826/232/493 1509/232/491
f 826/232/493 108/231/2123 668/233/494
f 1509/232/491 668/233/494 105/231/495
f 827/231/492 1509/232/491 661/232/496
f 221/229/498 670/232/501 1510/230/499
f 670/232/501 112/231/2124 671/233/502
f 671/233/502 114/231/2125 832/232/503
f 1510/230/499 832/232/503 222/231/504
f 832/232/505 1511/232/509 837/231/506
f 114/231/508 673/233/510 1511/232/509
f 673/233/510 116/231/2126 833/232/511
f 1511/232/509 833/232/511 223/231/512
f 833/232/513 1512/232/517 836/231/514
f 116/231/516 674/233/2127 1512/232/517
f 1512/232/517 674/233/2127 115/231/518
f 836/231/514 1512/232/517 834/232/519
f 224/231/521 834/232/524 1513/232/522
f 834/232/524 115/231/2128 675/233/525
f 1513/232/522 675/233/525 112/231/526
f 835/231/523 1513/232/522 670/232/527
f 153/229/529 783/229/532 1514/231/530
f 783/229/532 197/229/875 790/231/533
f 790/231/533 198/229/880 741/229/534
f 1514/231/530 741/229/534 155/231/535
f 741/229/536 1515/231/540 723/231/537
f 198/229/539 789/231/541 1515/231/540
f 789/231/541 199/229/886 738/229/542
f 1515/231/540 738/229/542 143/231/543
f 225/229/544 676/232/547 1516/230/545
f 676/232/547 117/231/2129 677/233/548
f 677/233/548 118/231/2130 840/232/549
f 1516/230/545 840/232/549 226/231/550
f 840/232/551 1517/232/555 845/231/552
f 118/231/554 678/233/556 1517/232/555
f 678/233/556 122/231/2131 841/232/557
f 1517/232/555 841/232/557 227/231/558
f 841/232/559 1518/232/563 844/231/560
f 122/231/562 681/233/2132 1518/232/563
f 1518/232/563 681/233/2132 120/231/564
f 844/231/560 1518/232/563 842/232/565
f 228/231/567 842/232/570 1519/232/568
f 842/232/570 120/231/2133 683/233/571
f 1519/232/568 683/233/571 117/231/572
f 843/231/569 1519/232/568 676/232/573
f 229/229/575 684/232/578 1520/230/576
f 684/232/578 124/231/2134 685/233/579
f 685/233/579 125/231/2135 848/232/580
f 1520/230/576 848/232/580 230/231/581
f 848/232/582 1521/232/586 853/231/583
f 125/231/585 686/233/587 1521/232/586
f 686/233/587 127/231/2136 849/232/588
f 1521/232/586 849/232/588 231/231/589
f 849/232/590 1522/232/594 852/231/591
f 127/231/593 687/233/2137 1522/232/594
f 1522/232/594 687/233/2137 126/231/595
f 852/231/591 1522/232/594 850/232/596
f 232/231/598 850/232/601 1523/232/599
f 850/232/601 126/231/2138 688/233/602
f 1523/232/599 688/233/602 124/231/603
f 851/231/600 1523/232/599 684/232/604
f 738/229/606 1524/231/610 729/231/607
f 199/229/609 788/231/888 1524/231/610
f 1524/231/610 788/231/888 200/229/611
f 729/231/607 1524/231/610 737/229/612
f 141/231/614 737/229/617 1525/231/615
f 737/229/617 200/229/893 787/231/618
f 1525/231/615 787/231/618 197/229/619
f 735/231/616 1525/231/615 783/229/620
f 233/229/622 689/232/625 1526/230/623
f 689/232/625 129/231/2139 690/233/626
f 690/233/626 130/231/2140 856/232/627
f 1526/230/623 856/232/627 234/231/628
f 856/232/629 1527/232/633 861/230/630
f 130/231/632 691/233/634 1527/232/633
f 691/233/634 134/231/2141 857/232/635
f 1527/232/633 857/232/635 235/231/636
f 857/232/637 1528/235/641 860/234/638
f 134/231/640 694/236/2142 1528/235/641
f 1528/235/641 694/236/2142 132/230/642
f 860/234/638 1528/235/641 858/235/643
f 236/230/645 858/235/648 1529/235/646
f 858/235/648 132/230/2143 697/236/649
f 1529/235/646 697/236/649 129/231/650
f 859/230/647 1529/235/646 689/232/651
f 237/229/653 699/232/656 1530/230/654
f 699/232/656 136/231/2144 700/233/657
f 700/233/657 138/231/2145 864/232/658
f 1530/230/654 864/232/658 238/231/659
f 864/232/660 1531/232/664 869/231/661
f 138/231/663 702/233/665 1531/232/664
f 702/233/665 140/231/2146 865/232/666
f 1531/232/664 865/232/666 239/231/667
f 865/232/668 1532/232/672 868/231/669
f 140/231/671 703/233/2147 1532/232/672
f 1532/232/672 703/233/2147 139/231/673
f 868/231/669 1532/232/672 866/232/674
f 240/231/676 866/232/679 1533/232/677
f 866/232/679 139/231/2148 704/233/680
f 1533/232/677 704/233/680 136/231/681
f 867/231/678 1533/232/677 699/232/682
f 157/229/684 951/229/687 1534/231/685
f 951/229/687 193/229/851 782/231/688
f 782/231/688 194/229/856 761/229/689
f 1534/231/685 761/229/689 159/231/690
f 761/229/691 1535/231/695 746/231/692
f 194/229/694 781/231/696 1535/231/695
f 781/231/696 195/229/862 764/229/697
f 1535/231/695 764/229/697 171/231/698
f 241/229/699 705/232/702 1536/230/700
f 705/232/702 142/231/2149 706/233/703
f 706/233/703 144/231/2150 872/232/704
f 1536/230/700 872/232/704 242/231/705
f 872/232/706 1537/232/710 877/231/707
f 144/231/709 707/233/711 1537/232/710
f 707/233/711 148/231/2151 873/232/712
f 1537/232/710 873/232/712 243/231/713
f 873/232/714 1538/232/718 876/231/715
f 148/231/717 710/233/2152 1538/232/718
f 1538/232/718 710/233/2152 146/231/719
f 876/231/715 1538/232/718 874/232/720
f 244/231/722 874/232/725 1539/232/723
f 874/232/725 146/231/2153 712/233/726
f 1539/232/723 712/233/726 142/231/727
f 875/231/724 1539/232/723 705/232/728
f 245/229/730 714/232/733 1540/230/731
f 714/232/733 150/231/2154 715/233/734
f 715/233/734 152/231/2155 880/232/735
f 1540/230/731 880/232/735 246/231/736
f 880/232/737 1541/232/741 885/231/738
f 152/231/740 717/233/742 1541/232/741
f 717/233/742 156/231/2156 881/232/743
f 1541/232/741 881/232/743 247/231/744
f 881/232/745 1542/232/749 884/231/746
f 156/231/748 718/233/2157 1542/232/749
f 1542/232/749 718/233/2157 154/231/750
f 884/231/746 1542/232/749 882/232/751
f 248/231/753 882/232/756 1543/232/754
f 882/232/756 154/231/2158 719/233/757
f 1543/232/754 719/233/757 150/231/758
f 883/231/755 1543/232/754 714/232/759
f 764/229/761 1544/231/765 747/231/762
f 195/229/764 780/231/864 1544/231/765
f 1544/231/765 780/231/864 196/229/766
f 747/231/762 1544/231/765 762/229/767
f 169/231/769 762/229/772 1545/231/770
f 762/229/772 196/229/869 779/231/773
f 1545/231/770 779/231/773 193/229/774
f 753/231/771 1545/231/770 951/229/775
f 249/229/777 720/232/780 1546/230/778
f 720/232/780 158/231/2159 721/233/781
f 721/233/781 160/231/2160 888/232/782
f 1546/230/778 888/232/782 250/231/783
f 888/232/784 1547/232/788 893/231/785
f 160/231/787 724/233/789 1547/232/788
f 724/233/789 164/231/2161 889/232/790
f 1547/232/788 889/232/790 251/231/791
f 889/232/792 1548/232/796 892/231/793
f 164/231/795 727/233/2162 1548/232/796
f 1548/232/796 727/233/2162 162/231/797
f 892/231/793 1548/232/796 890/232/798
f 252/231/800 890/232/803 1549/232/801
f 890/232/803 162/231/2163 730/233/804
f 1549/232/801 730/233/804 158/231/805
f 891/231/802 1549/232/801 720/232/806
f 189/229/808 732/232/811 1550/230/809
f 732/232/811 166/231/2164 733/233/812
f 733/233/812 168/231/2165 768/232/813
f 1550/230/809 768/232/813 190/231/814
f 768/232/815 1551/232/819 773/231/816
f 168/231/818 736/233/820 1551/232/819
f 736/233/820 172/231/2166 769/232/821
f 1551/232/819 769/232/821 191/231/822
f 769/232/823 1552/232/827 772/231/824
f 172/231/826 739/233/2167 1552/232/827
f 1552/232/827 739/233/2167 170/231/828
f 772/231/824 1552/232/827 770/232/829
f 192/231/831 770/232/834 1553/232/832
f 770/232/834 170/231/2168 742/233/835
f 1553/232/832 742/233/835 166/231/836
f 771/231/833 1553/232/832 732/232/837
f 185/229/839 767/229/842 1554/231/840
f 767/229/842 189/229/808 774/231/810
f 774/231/810 190/231/814 887/231/843
f 1554/231/840 887/231/843 187/231/844
f 887/231/845 1555/231/848 775/231/846
f 190/231/817 773/231/816 1555/231/848
f 773/231/816 191/231/822 839/231/849
f 1555/231/848 839/231/849 175/231/850
f 193/229/851 744/232/853 1556/232/852
f 744/232/853 174/231/2169 745/233/854
f 745/233/854 176/231/2170 776/232/855
f 1556/232/852 776/232/855 194/229/856
f 776/232/857 1557/230/859 781/231/696
f 176/231/858 748/233/860 1557/230/859
f 748/233/860 180/231/2171 777/232/861
f 1557/230/859 777/232/861 195/229/862
f 777/232/863 1558/230/866 780/231/864
f 180/231/865 751/233/2172 1558/230/866
f 1558/230/866 751/233/2172 178/231/867
f 780/231/864 1558/230/866 778/232/868
f 196/229/869 778/232/871 1559/230/870
f 778/232/871 178/231/2173 754/233/872
f 1559/230/870 754/233/872 174/231/873
f 779/231/773 1559/230/870 744/232/874
f 197/229/875 756/232/877 1560/232/876
f 756/232/877 182/231/2174 757/233/878
f 757/233/878 184/231/2175 784/232/879
f 1560/232/876 784/232/879 198/229/880
f 784/232/881 1561/230/883 789/231/541
f 184/231/882 760/233/884 1561/230/883
f 760/233/884 188/231/2176 785/232/885
f 1561/230/883 785/232/885 199/229/886
f 785/232/887 1562/230/890 788/231/888
f 188/231/889 763/233/2177 1562/230/890
f 1562/230/890 763/233/2177 186/231/891
f 788/231/888 1562/230/890 786/232/892
f 200/229/893 786/232/895 1563/230/894
f 786/232/895 186/231/2178 766/233/896
f 1563/230/894 766/233/896 182/231/897
f 787/231/618 1563/230/894 756/232/898
f 839/231/899 1564/231/902 791/231/900
f 191/231/825 772/231/824 1564/231/902
f 1564/231/902 772/231/824 192/231/830
f 791/231/900 1564/231/902 823/231/903
f 173/231/905 823/231/908 1565/231/906
f 823/231/908 192/231/831 771/231/833
f 1565/231/906 771/231/833 189/229/838
f 807/231/907 1565/231/906 767/229/909
f 259/229/911 968/231/914 1566/231/912
f 968/231/914 208/231/373 803/231/375
f 1566/231/912 803/231/375 205/229/380
f 973/231/913 1566/231/912 799/229/915
f 967/231/917 1567/231/920 972/231/918
f 207/231/367 804/231/366 1567/231/920
f 1567/231/920 804/231/366 208/231/372
f 972/231/918 1567/231/920 968/231/921
f 966/231/923 1568/231/926 971/231/924
f 206/231/359 805/231/358 1568/231/926
f 805/231/358 207/231/364 967/231/927
f 1568/231/926 967/231/927 258/229/928
f 260/231/929 799/229/932 1569/231/930
f 799/229/932 205/229/350 806/231/352
f 806/231/352 206/231/356 966/231/933
f 1569/231/930 966/231/933 257/229/934
f 263/229/935 976/230/938 1570/231/936
f 976/230/938 212/231/416 811/231/418
f 1570/231/936 811/231/418 209/229/423
f 981/231/937 1570/231/936 953/229/939
f 974/230/941 1571/238/944 980/230/942
f 211/231/410 812/230/409 1571/238/944
f 1571/238/944 812/230/409 212/231/415
f 980/230/942 1571/238/944 976/230/945
f 975/231/947 1572/231/950 979/230/948
f 210/231/402 813/230/401 1572/231/950
f 813/230/401 211/231/407 974/230/951
f 1572/231/950 974/230/951 261/237/952
f 264/231/953 953/229/956 1573/231/954
f 953/229/956 209/229/393 814/231/395
f 814/231/395 210/231/399 975/231/957
f 1573/231/954 975/231/957 262/229/958
f 268/229/959 985/231/962 1574/231/960
f 985/231/962 216/231/447 819/231/449
f 1574/231/960 819/231/449 213/229/454
f 989/231/961 1574/231/960 815/229/963
f 984/231/965 1575/231/968 988/231/966
f 215/231/441 820/231/440 1575/231/968
f 1575/231/968 820/231/440 216/231/446
f 988/231/966 1575/231/968 985/231/969
f 982/231/971 1576/231/974 987/231/972
f 214/231/433 821/231/432 1576/231/974
f 821/231/432 215/231/438 984/231/975
f 1576/231/974 984/231/975 267/229/976
f 266/231/977 815/229/980 1577/231/978
f 815/229/980 213/229/424 822/231/426
f 822/231/426 214/231/430 982/231/981
f 1577/231/978 982/231/981 265/229/982
f 270/229/983 991/231/986 1578/231/984
f 991/231/986 220/231/490 827/231/492
f 1578/231/984 827/231/492 217/229/497
f 997/231/985 1578/231/984 954/229/987
f 990/231/989 1579/231/992 996/231/990
f 219/231/484 828/231/483 1579/231/992
f 1579/231/992 828/231/483 220/231/489
f 996/231/990 1579/231/992 991/231/993
f 992/231/995 1580/231/998 995/231/996
f 218/231/476 829/231/475 1580/231/998
f 829/231/475 219/231/481 990/231/999
f 1580/231/998 990/231/999 269/229/1000
f 272/231/1001 954/229/1004 1581/231/1002
f 954/229/1004 217/229/467 830/231/469
f 830/231/469 218/231/473 992/231/1005
f 1581/231/1002 992/231/1005 271/229/1006
f 276/229/1007 1001/231/1010 1582/231/1008
f 1001/231/1010 224/231/521 835/231/523
f 1582/231/1008 835/231/523 221/229/528
f 1005/231/1009 1582/231/1008 831/229/1011
f 1000/231/1013 1583/231/1016 1004/231/1014
f 223/231/515 836/231/514 1583/231/1016
f 1583/231/1016 836/231/514 224/231/520
f 1004/231/1014 1583/231/1016 1001/231/1017
f 998/231/1019 1584/231/1022 1003/231/1020
f 222/231/507 837/231/506 1584/231/1022
f 837/231/506 223/231/512 1000/231/1023
f 1584/231/1022 1000/231/1023 275/229/1024
f 274/231/1025 831/229/1028 1585/231/1026
f 831/229/1028 221/229/498 838/231/500
f 838/231/500 222/231/504 998/231/1029
f 1585/231/1026 998/231/1029 273/229/1030
f 278/229/1031 1007/231/1034 1586/231/1032
f 1007/231/1034 228/231/567 843/231/569
f 1586/231/1032 843/231/569 225/229/574
f 1013/231/1033 1586/231/1032 955/229/1035
f 1006/231/1037 1587/231/1040 1012/231/1038
f 227/231/561 844/231/560 1587/231/1040
f 1587/231/1040 844/231/560 228/231/566
f 1012/231/1038 1587/231/1040 1007/231/1041
f 1008/231/1043 1588/231/1046 1011/231/1044
f 226/231/553 845/231/552 1588/231/1046
f 845/231/552 227/231/558 1006/231/1047
f 1588/231/1046 1006/231/1047 277/229/1048
f 280/231/1049 955/229/1052 1589/231/1050
f 955/229/1052 225/229/544 846/231/546
f 846/231/546 226/231/550 1008/231/1053
f 1589/231/1050 1008/231/1053 279/229/1054
f 284/229/1055 1017/231/1058 1590/231/1056
f 1017/231/1058 232/231/598 851/231/600
f 1590/231/1056 851/231/600 229/229/605
f 1021/231/1057 1590/231/1056 847/229/1059
f 1016/231/1061 1591/231/1064 1020/231/1062
f 231/231/592 852/231/591 1591/231/1064
f 1591/231/1064 852/231/591 232/231/597
f 1020/231/1062 1591/231/1064 1017/231/1065
f 1015/231/1067 1592/231/1070 1019/231/1068
f 230/231/584 853/231/583 1592/231/1070
f 853/231/583 231/231/589 1016/231/1071
f 1592/231/1070 1016/231/1071 283/229/1072
f 281/231/1073 847/229/1076 1593/231/1074
f 847/229/1076 229/229/575 854/231/577
f 854/231/577 230/231/581 1015/231/1077
f 1593/231/1074 1015/231/1077 282/229/1078
f 286/237/1079 1023/234/1082 1594/238/1080
f 1023/234/1082 236/230/645 859/230/647
f 1594/238/1080 859/230/647 233/229/652
f 1029/230/1081 1594/238/1080 855/239/1083
f 1022/230/1085 1595/230/1088 1028/230/1086
f 235/231/639 860/234/638 1595/230/1088
f 1595/230/1088 860/234/638 236/230/644
f 1028/230/1086 1595/230/1088 1023/234/1089
f 1025/230/1091 1596/238/1094 1027/230/1092
f 234/231/631 861/230/630 1596/238/1094
f 861/230/630 235/231/636 1022/230/1095
f 1596/238/1094 1022/230/1095 285/229/1096
f 287/231/1097 855/239/1100 1597/231/1098
f 855/239/1100 233/229/622 862/230/624
f 862/230/624 234/231/628 1025/230/1101
f 1597/231/1098 1025/230/1101 288/237/1102
f 292/229/1103 1033/231/1106 1598/231/1104
f 1033/231/1106 240/231/676 867/231/678
f 1598/231/1104 867/231/678 237/229/683
f 1037/231/1105 1598/231/1104 863/229/1107
f 1032/231/1109 1599/231/1112 1036/231/1110
f 239/231/670 868/231/669 1599/231/1112
f 1599/231/1112 868/231/669 240/231/675
f 1036/231/1110 1599/231/1112 1033/231/1113
f 1030/231/1115 1600/231/1118 1035/231/1116
f 238/231/662 869/231/661 1600/231/1118
f 869/231/661 239/231/667 1032/231/1119
f 1600/231/1118 1032/231/1119 291/229/1120
f 290/231/1121 863/229/1124 1601/231/1122
f 863/229/1124 237/229/653 870/231/655
f 870/231/655 238/231/659 1030/231/1125
f 1601/231/1122 1030/231/1125 289/229/1126
f 294/229/1127 1039/231/1130 1602/231/1128
f 1039/231/1130 244/231/722 875/231/724
f 1602/231/1128 875/231/724 241/229/729
f 1045/231/1129 1602/231/1128 956/229/1131
f 1038/231/1133 1603/231/1136 1044/231/1134
f 243/231/716 876/231/715 1603/231/1136
f 1603/231/1136 876/231/715 244/231/721
f 1044/231/1134 1603/231/1136 1039/231/1137
f 1040/231/1139 1604/231/1142 1043/231/1140
f 242/231/708 877/231/707 1604/231/1142
f 877/231/707 243/231/713 1038/231/1143
f 1604/231/1142 1038/231/1143 293/229/1144
f 296/231/1145 956/229/1148 1605/231/1146
f 956/229/1148 241/229/699 878/231/701
f 878/231/701 242/231/705 1040/231/1149
f 1605/231/1146 1040/231/1149 295/229/1150
f 300/229/1151 1049/231/1154 1606/231/1152
f 1049/231/1154 248/231/753 883/231/755
f 1606/231/1152 883/231/755 245/229/760
f 1053/231/1153 1606/231/1152 879/229/1155
f 1048/231/1157 1607/231/1160 1052/231/1158
f 247/231/747 884/231/746 1607/231/1160
f 1607/231/1160 884/231/746 248/231/752
f 1052/231/1158 1607/231/1160 1049/231/1161
f 1046/231/1163 1608/231/1166 1051/231/1164
f 246/231/739 885/231/738 1608/231/1166
f 885/231/738 247/231/744 1048/231/1167
f 1608/231/1166 1048/231/1167 299/229/1168
f 298/231/1169 879/229/1172 1609/231/1170
f 879/229/1172 245/229/730 886/231/732
f 886/231/732 246/231/736 1046/231/1173
f 1609/231/1170 1046/231/1173 297/229/1174
f 302/229/1175 1055/231/1178 1610/231/1176
f 1055/231/1178 252/231/800 891/231/802
f 1610/231/1176 891/231/802 249/229/807
f 1061/231/1177 1610/231/1176 957/229/1179
f 1054/231/1181 1611/231/1184 1060/231/1182
f 251/231/794 892/231/793 1611/231/1184
f 1611/231/1184 892/231/793 252/231/799
f 1060/231/1182 1611/231/1184 1055/231/1185
f 1056/231/1187 1612/231/1190 1059/231/1188
f 250/231/786 893/231/785 1612/231/1190
f 893/231/785 251/231/791 1054/231/1191
f 1612/231/1190 1054/231/1191 301/229/1192
f 304/231/1193 957/229/1196 1613/231/1194
f 957/229/1196 249/229/777 894/231/779
f 894/231/779 250/231/783 1056/231/1197
f 1613/231/1194 1056/231/1197 303/229/1198
f 944/232/1199 1614/240/1202 940/232/1200
f 944/232/1199 173/231/905 807/231/907
f 1614/240/1202 807/231/907 185/229/910
f 940/232/1200 1614/240/1202 871/229/1203
f 942/231/1205 1615/240/1208 943/232/1206
f 175/231/901 791/231/900 1615/240/1208
f 1615/240/1208 791/231/900 173/231/904
f 943/232/1206 1615/240/1208 944/232/1209
f 734/232/1211 1616/240/1214 941/232/1212
f 187/231/847 775/231/846 1616/240/1214
f 775/231/846 175/231/850 942/231/1215
f 941/232/1212 1616/240/1214 942/231/1215
f 165/238/1217 871/229/1220 1617/231/1218
f 871/229/1220 185/229/839 765/231/841
f 765/231/841 187/231/844 734/232/1221
f 1617/231/1218 734/232/1221 167/238/1222
f 752/232/1223 1618/240/1226 941/232/1224
f 752/232/1223 169/231/769 753/231/771
f 1618/240/1226 753/231/771 157/229/776
f 941/232/1224 1618/240/1226 759/229/1227
f 749/231/1229 1619/240/1232 750/232/1230
f 171/231/763 747/231/762 1619/240/1232
f 1619/240/1232 747/231/762 169/231/768
f 750/232/1230 1619/240/1232 752/232/1233
f 946/232/1235 1620/240/1238 947/232/1236
f 159/231/693 746/231/692 1620/240/1238
f 746/231/692 171/231/698 749/231/1239
f 947/232/1236 1620/240/1238 749/231/1239
f 167/238/1241 759/229/1244 1621/231/1242
f 759/229/1244 157/229/684 743/231/686
f 743/231/686 159/231/690 946/232/1245
f 1621/231/1242 946/232/1245 181/238/1246
f 950/232/1247 1622/240/1250 947/232/1248
f 950/232/1247 141/231/614 735/231/616
f 1622/240/1250 735/231/616 153/229/621
f 947/232/1248 1622/240/1250 740/229/1251
f 948/231/1253 1623/240/1256 949/232/1254
f 143/231/608 729/231/607 1623/240/1256
f 1623/240/1256 729/231/607 141/231/613
f 949/232/1254 1623/240/1256 950/232/1257
f 758/232/1259 1624/240/1262 899/232/1260
f 155/231/538 723/231/537 1624/240/1262
f 723/231/537 143/231/543 948/231/1263
f 899/232/1260 1624/240/1262 948/231/1263
f 181/238/1265 740/229/1268 1625/231/1266
f 740/229/1268 153/229/529 722/231/531
f 722/231/531 155/231/535 758/232/1269
f 1625/231/1266 758/232/1269 183/238/1270
f 634/232/1271 1626/240/1274 899/232/1272
f 634/232/1271 253/231/461 962/231/463
f 1626/240/1274 962/231/463 256/229/466
f 899/232/1272 1626/240/1274 961/229/1275
f 897/231/1277 1627/240/1280 898/232/1278
f 255/231/457 963/231/456 1627/240/1280
f 1627/240/1280 963/231/456 253/231/460
f 898/232/1278 1627/240/1280 634/232/1281
f 896/232/1283 1628/240/1286 646/232/1284
f 254/231/389 964/231/388 1628/240/1286
f 964/231/388 255/231/392 897/231/1287
f 646/232/1284 1628/240/1286 897/231/1287
f 183/238/1289 961/229/1292 1629/231/1290
f 961/229/1292 256/229/381 965/231/383
f 965/231/383 254/231/386 896/232/1293
f 1629/231/1290 896/232/1293 86/238/1294
f 86/238/1295 969/231/1298 1630/240/1296
f 969/231/1298 260/231/929 970/231/931
f 970/231/931 257/229/934 639/232/1299
f 1630/240/1296 639/232/1299 88/238/1300
f 639/232/1301 1631/231/1304 640/232/1302
f 257/229/925 971/231/924 1631/231/1304
f 971/231/924 258/229/928 642/229/1305
f 640/232/1302 1631/231/1304 642/229/1305
f 642/229/1307 1632/231/1310 643/232/1308
f 258/229/919 972/231/918 1632/231/1310
f 1632/231/1310 972/231/918 259/229/922
f 643/232/1308 1632/231/1310 645/232/1311
f 645/232/1313 1633/231/1316 646/232/1314
f 645/232/1313 259/229/911 973/231/913
f 1633/231/1316 973/231/913 260/231/916
f 646/232/1314 1633/231/1316 969/231/1317
f 88/238/1319 977/231/1322 1634/240/1320
f 977/231/1322 264/231/953 978/231/955
f 978/231/955 262/229/958 901/232/1323
f 1634/240/1320 901/232/1323 99/238/1324
f 901/232/1325 1635/230/1328 902/232/1326
f 262/229/949 979/230/948 1635/230/1328
f 979/230/948 261/237/952 651/239/1329
f 902/232/1326 1635/230/1328 651/239/1329
f 651/239/1331 1636/238/1334 903/232/1332
f 261/237/943 980/230/942 1636/238/1334
f 1636/238/1334 980/230/942 263/229/946
f 903/232/1332 1636/238/1334 904/232/1335
f 904/232/1337 1637/231/1340 640/232/1338
f 904/232/1337 263/229/935 981/231/937
f 1637/231/1340 981/231/937 264/231/940
f 640/232/1338 1637/231/1340 977/231/1341
f 99/238/1343 983/230/1346 1638/240/1344
f 983/230/1346 266/231/977 986/231/979
f 986/231/979 265/229/982 657/232/1347
f 1638/240/1344 657/232/1347 101/238/1348
f 657/232/1349 1639/231/1352 905/232/1350
f 265/229/973 987/231/972 1639/231/1352
f 987/231/972 267/229/976 906/229/1353
f 905/232/1350 1639/231/1352 906/229/1353
f 906/229/1355 1640/231/1358 907/232/1356
f 267/229/967 988/231/966 1640/231/1358
f 1640/231/1358 988/231/966 268/229/970
f 907/232/1356 1640/231/1358 908/232/1359
f 908/232/1361 1641/231/1364 902/232/1362
f 908/232/1361 268/229/959 989/231/961
f 1641/231/1364 989/231/961 266/231/964
f 902/232/1362 1641/231/1364 983/230/1365
f 101/238/1367 993/231/1370 1642/240/1368
f 993/231/1370 272/231/1001 994/231/1003
f 994/231/1003 271/229/1006 910/232/1371
f 1642/240/1368 910/232/1371 111/238/1372
f 910/232/1373 1643/231/1376 911/232/1374
f 271/229/997 995/231/996 1643/231/1376
f 995/231/996 269/229/1000 664/229/1377
f 911/232/1374 1643/231/1376 664/229/1377
f 664/229/1379 1644/231/1382 665/232/1380
f 269/229/991 996/231/990 1644/231/1382
f 1644/231/1382 996/231/990 270/229/994
f 665/232/1380 1644/231/1382 667/232/1383
f 667/232/1385 1645/231/1388 905/232/1386
f 667/232/1385 270/229/983 997/231/985
f 1645/231/1388 997/231/985 272/231/988
f 905/232/1386 1645/231/1388 993/231/1389
f 111/238/1391 999/231/1394 1646/240/1392
f 999/231/1394 274/231/1025 1002/231/1027
f 1002/231/1027 273/229/1030 672/232/1395
f 1646/240/1392 672/232/1395 113/238/1396
f 672/232/1397 1647/231/1400 912/232/1398
f 273/229/1021 1003/231/1020 1647/231/1400
f 1003/231/1020 275/229/1024 913/229/1401
f 912/232/1398 1647/231/1400 913/229/1401
f 913/229/1403 1648/231/1406 914/232/1404
f 275/229/1015 1004/231/1014 1648/231/1406
f 1648/231/1406 1004/231/1014 276/229/1018
f 914/232/1404 1648/231/1406 915/232/1407
f 915/232/1409 1649/231/1412 911/232/1410
f 915/232/1409 276/229/1007 1005/231/1009
f 1649/231/1412 1005/231/1009 274/231/1012
f 911/232/1410 1649/231/1412 999/231/1413
f 113/238/1415 1009/231/1418 1650/240/1416
f 1009/231/1418 280/231/1049 1010/231/1051
f 1010/231/1051 279/229/1054 917/232/1419
f 1650/240/1416 917/232/1419 123/238/1420
f 917/232/1421 1651/231/1424 918/232/1422
f 279/229/1045 1011/231/1044 1651/231/1424
f 1011/231/1044 277/229/1048 679/229/1425
f 918/232/1422 1651/231/1424 679/229/1425
f 679/229/1427 1652/231/1430 680/232/1428
f 277/229/1039 1012/231/1038 1652/231/1430
f 1652/231/1430 1012/231/1038 278/229/1042
f 680/232/1428 1652/231/1430 682/232/1431
f 682/232/1433 1653/231/1436 912/232/1434
f 682/232/1433 278/229/1031 1013/231/1033
f 1653/231/1436 1013/231/1033 280/231/1036
f 912/232/1434 1653/231/1436 1009/231/1437
f 123/238/1439 1014/231/1442 1654/240/1440
f 1014/231/1442 281/231/1073 1018/231/1075
f 1018/231/1075 282/229/1078 920/232/1443
f 1654/240/1440 920/232/1443 128/238/1444
f 920/232/1445 1655/231/1448 696/232/1446
f 282/229/1069 1019/231/1068 1655/231/1448
f 1019/231/1068 283/229/1072 921/229/1449
f 696/232/1446 1655/231/1448 921/229/1449
f 921/229/1451 1656/231/1454 922/232/1452
f 283/229/1063 1020/231/1062 1656/231/1454
f 1656/231/1454 1020/231/1062 284/229/1066
f 922/232/1452 1656/231/1454 923/232/1455
f 923/232/1457 1657/231/1460 918/232/1458
f 923/232/1457 284/229/1055 1021/231/1057
f 1657/231/1460 1021/231/1057 281/231/1060
f 918/232/1458 1657/231/1460 1014/231/1461
f 128/238/1463 1024/231/1466 1658/232/1464
f 1024/231/1466 287/231/1097 1026/230/1099
f 1026/230/1099 288/237/1102 925/232/1467
f 1658/232/1464 925/232/1467 135/238/1468
f 925/232/1469 1659/238/1472 926/232/1470
f 288/237/1093 1027/230/1092 1659/238/1472
f 1027/230/1092 285/229/1096 692/239/1473
f 926/232/1470 1659/238/1472 692/239/1473
f 692/239/1475 1660/231/1478 693/232/1476
f 285/229/1087 1028/230/1086 1660/231/1478
f 1660/231/1478 1028/230/1086 286/237/1090
f 693/232/1476 1660/231/1478 695/232/1479
f 695/232/1481 1661/231/1484 696/232/1482
f 695/232/1481 286/237/1079 1029/230/1081
f 1661/231/1484 1029/230/1081 287/231/1084
f 696/232/1482 1661/231/1484 1024/231/1485
f 135/238/1487 1031/230/1490 1662/240/1488
f 1031/230/1490 290/231/1121 1034/231/1123
f 1034/231/1123 289/229/1126 701/232/1491
f 1662/240/1488 701/232/1491 137/238/1492
f 701/232/1493 1663/231/1496 927/232/1494
f 289/229/1117 1035/231/1116 1663/231/1496
f 1035/231/1116 291/229/1120 928/229/1497
f 927/232/1494 1663/231/1496 928/229/1497
f 928/229/1499 1664/231/1502 929/232/1500
f 291/229/1111 1036/231/1110 1664/231/1502
f 1664/231/1502 1036/231/1110 292/229/1114
f 929/232/1500 1664/231/1502 930/232/1503
f 930/232/1505 1665/231/1508 926/232/1506
f 930/232/1505 292/229/1103 1037/231/1105
f 1665/231/1508 1037/231/1105 290/231/1108
f 926/232/1506 1665/231/1508 1031/230/1509
f 137/238/1511 1041/231/1514 1666/240/1512
f 1041/231/1514 296/231/1145 1042/231/1147
f 1042/231/1147 295/229/1150 932/232/1515
f 1666/240/1512 932/232/1515 149/238/1516
f 932/232/1517 1667/231/1520 933/232/1518
f 295/229/1141 1043/231/1140 1667/231/1520
f 1043/231/1140 293/229/1144 708/229/1521
f 933/232/1518 1667/231/1520 708/229/1521
f 708/229/1523 1668/231/1526 709/232/1524
f 293/229/1135 1044/231/1134 1668/231/1526
f 1668/231/1526 1044/231/1134 294/229/1138
f 709/232/1524 1668/231/1526 711/232/1527
f 711/232/1529 1669/231/1532 927/232/1530
f 711/232/1529 294/229/1127 1045/231/1129
f 1669/231/1532 1045/231/1129 296/231/1132
f 927/232/1530 1669/231/1532 1041/231/1533
f 149/238/1535 1047/231/1538 1670/240/1536
f 1047/231/1538 298/231/1169 1050/231/1171
f 1050/231/1171 297/229/1174 716/232/1539
f 1670/240/1536 716/232/1539 151/238/1540
f 716/232/1541 1671/231/1544 934/232/1542
f 297/229/1165 1051/231/1164 1671/231/1544
f 1051/231/1164 299/229/1168 935/229/1545
f 934/232/1542 1671/231/1544 935/229/1545
f 935/229/1547 1672/231/1550 936/232/1548
f 299/229/1159 1052/231/1158 1672/231/1550
f 1672/231/1550 1052/231/1158 300/229/1162
f 936/232/1548 1672/231/1550 937/232/1551
f 937/232/1553 1673/231/1556 933/232/1554
f 937/232/1553 300/229/1151 1053/231/1153
f 1673/231/1556 1053/231/1153 298/231/1156
f 933/232/1554 1673/231/1556 1047/231/1557
f 151/238/1559 1057/231/1562 1674/240/1560
f 1057/231/1562 304/231/1193 1058/231/1195
f 1058/231/1195 303/229/1198 939/232/1563
f 1674/240/1560 939/232/1563 165/238/1564
f 939/232/1565 1675/231/1568 940/232/1566
f 303/229/1189 1059/231/1188 1675/231/1568
f 1059/231/1188 301/229/1192 725/229/1569
f 940/232/1566 1675/231/1568 725/229/1569
f 725/229/1571 1676/231/1574 726/232/1572
f 301/229/1183 1060/231/1182 1676/231/1574
f 1676/231/1574 1060/231/1182 302/229/1186
f 726/232/1572 1676/231/1574 728/232/1575
f 728/232/1577 1677/231/1580 934/232/1578
f 728/232/1577 302/229/1175 1061/231/1177
f 1677/231/1580 1061/231/1177 304/231/1180
f 934/232/1578 1677/231/1580 1057/231/1581
f 900/232/1583 1678/240/1587 1079/231/1584
f 900/232/1583 99/236/1679 1078/231/1586
f 1678/240/1587 1078/231/1586 324/233/1588
f 1678/240/1587 1070/233/1589 323/233/1590
f 914/232/1591 1679/240/1595 1111/231/1592
f 914/232/1591 109/236/1723 1110/231/1594
f 1679/240/1595 1110/231/1594 341/233/1596
f 1679/240/1595 1104/233/1597 342/233/1598
f 945/232/1599 1680/240/1603 1081/231/1600
f 945/232/1599 181/236/1663 1080/231/1602
f 1680/240/1603 1080/231/1602 334/233/1604
f 1680/240/1603 1077/233/1605 333/233/1606
f 938/232/1607 1681/240/1611 1083/231/1608
f 938/232/1607 165/236/1615 1082/231/1610
f 1681/240/1611 1082/231/1610 332/233/1612
f 1681/240/1611 1076/233/1613 331/233/1614
f 165/236/1615 731/232/1617 1682/240/1616
f 167/236/1601 1081/231/1600 1682/240/1616
f 1081/231/1600 333/233/1606 1067/233/1618
f 1082/231/1610 1682/240/1616 1067/233/1618
f 916/232/1619 1683/240/1623 1085/231/1620
f 916/232/1619 123/236/1667 1084/231/1622
f 1683/240/1623 1084/231/1622 336/233/1624
f 1683/240/1623 1072/233/1625 327/233/1626
f 931/232/1627 1684/240/1631 1087/231/1628
f 931/232/1627 149/236/1675 1086/231/1630
f 1684/240/1631 1086/231/1630 330/233/1632
f 1684/240/1631 1075/233/1633 329/233/1634
f 909/232/1635 1685/240/1639 1089/231/1636
f 909/232/1635 111/236/1683 1088/231/1638
f 1685/240/1639 1088/231/1638 326/233/1640
f 1685/240/1639 1071/233/1641 325/233/1642
f 924/232/1643 1686/240/1647 1091/231/1644
f 924/232/1643 135/236/1672 1090/231/1646
f 1686/240/1647 1090/231/1646 328/233/1648
f 1686/240/1647 1074/233/1649 337/233/1650
f 895/232/1651 1687/240/1655 1093/231/1652
f 895/232/1651 86/236/1659 1092/231/1654
f 1687/240/1655 1092/231/1654 322/233/1656
f 1687/240/1655 1069/233/1657 335/233/1658
f 86/236/1659 636/232/1661 1688/240/1660
f 88/236/1585 1079/231/1584 1688/240/1660
f 1079/231/1584 323/233/1590 1062/233/1662
f 1092/231/1654 1688/240/1660 1062/233/1662
f 181/236/1663 755/232/1665 1689/240/1664
f 183/236/1653 1093/231/1652 1689/240/1664
f 1093/231/1652 335/233/1658 1068/233/1666
f 1080/231/1602 1689/240/1664 1068/233/1666
f 123/236/1667 919/232/1669 1690/240/1668
f 919/232/1669 128/236/1645 1091/231/1644
f 1690/240/1668 1091/231/1644 337/233/1650
f 1084/231/1622 1690/240/1668 1073/233/1670
f 698/232/1671 1691/240/1673 1090/231/1646
f 137/236/1629 1087/231/1628 1691/240/1673
f 1087/231/1628 329/233/1634 1065/233/1674
f 1691/240/1673 1065/233/1674 328/233/1648
f 149/236/1675 713/232/1677 1692/240/1676
f 151/236/1609 1083/231/1608 1692/240/1676
f 1083/231/1608 331/233/1614 1066/233/1678
f 1086/231/1630 1692/240/1676 1066/233/1678
f 99/236/1679 654/232/1681 1693/240/1680
f 101/236/1637 1089/231/1636 1693/240/1680
f 1089/231/1636 325/233/1642 1063/233/1682
f 1078/231/1586 1693/240/1680 1063/233/1682
f 111/236/1683 669/232/1685 1694/240/1684
f 113/236/1621 1085/231/1620 1694/240/1684
f 1085/231/1620 327/233/1626 1064/233/1686
f 1088/231/1638 1694/240/1684 1064/233/1686
f 317/233/1687 1131/232/108 1695/238/108
f 1131/232/108 316/233/1688 1171/235/1688
f 1695/238/108 1171/235/1688 388/233/1688
f 1695/238/108 1204/232/108 358/233/1687
f 929/232/1689 1696/240/1693 1113/231/1690
f 929/232/1689 133/236/1713 1112/231/1692
f 1696/240/1693 1112/231/1692 345/233/1694
f 1696/240/1693 1106/233/1695 346/233/1696
f 907/232/1697 1697/240/1701 1115/231/1698
f 907/232/1697 97/236/1740 1114/231/1700
f 1697/240/1701 1114/231/1700 353/233/1702
f 1697/240/1701 1103/233/1703 340/233/1704
f 922/232/1705 1698/240/1709 1117/231/1706
f 922/232/1705 121/236/1735 1116/231/1708
f 1698/240/1709 1116/231/1708 343/233/1710
f 1698/240/1709 1105/233/1711 344/233/1712
f 133/236/1713 693/232/1715 1699/240/1714
f 131/236/1707 1117/231/1706 1699/240/1714
f 1117/231/1706 344/233/1712 1097/233/1716
f 1112/231/1692 1699/240/1714 1097/233/1716
f 147/236/1717 709/232/1720 1700/240/1718
f 145/236/1691 1113/231/1690 1700/240/1718
f 1113/231/1690 346/233/1696 1098/233/1721
f 1118/231/1719 1700/240/1718 1098/233/1721
f 109/236/1723 665/232/1725 1701/240/1724
f 107/236/1699 1115/231/1698 1701/240/1724
f 1115/231/1698 340/233/1704 1095/233/1726
f 1110/231/1594 1701/240/1724 1095/233/1726
f 643/232/1727 1702/240/1731 1120/231/1728
f 643/232/1727 90/236/1760 1119/231/1730
f 1702/240/1731 1119/231/1730 339/233/1732
f 1702/240/1731 1094/233/1733 338/233/1734
f 121/236/1735 680/232/1737 1703/240/1736
f 119/236/1593 1111/231/1592 1703/240/1736
f 1111/231/1592 342/233/1598 1096/233/1738
f 1116/231/1708 1703/240/1736 1096/233/1738
f 903/232/1739 1704/240/1741 1114/231/1700
f 903/232/1739 92/236/1729 1120/231/1728
f 1704/240/1741 1120/231/1728 338/233/1734
f 1704/240/1741 1102/233/1742 353/233/1702
f 163/236/1743 726/232/1747 1705/240/1744
f 161/236/1746 1121/231/1748 1705/240/1744
f 1121/231/1748 348/233/1776 1099/233/1749
f 1122/231/1745 1705/240/1744 1099/233/1749
f 949/232/1751 1706/240/1755 1124/231/1752
f 949/232/1751 179/236/1763 1123/231/1754
f 1706/240/1755 1123/231/1754 351/233/1756
f 1706/240/1755 1109/233/1757 352/233/1758
f 898/232/1759 1707/240/1761 1119/231/1730
f 898/232/1759 83/236/1753 1124/231/1752
f 1707/240/1761 1124/231/1752 352/233/1758
f 1707/240/1761 1101/233/1762 339/233/1732
f 179/236/1763 750/232/1766 1708/240/1764
f 177/236/1765 1125/231/1767 1708/240/1764
f 1125/231/1767 350/233/1772 1100/233/1768
f 1123/231/1754 1708/240/1764 1100/233/1768
f 943/232/1769 1709/240/1770 1125/231/1767
f 943/232/1769 163/236/1743 1122/231/1745
f 1709/240/1770 1122/231/1745 349/233/1750
f 1709/240/1770 1108/233/1771 350/233/1772
f 936/232/1773 1710/240/1774 1121/231/1748
f 936/232/1773 147/236/1717 1118/231/1719
f 1710/240/1774 1118/231/1719 347/233/1722
f 1710/240/1774 1107/233/1775 348/233/1776
f 1174/239/1777 1711/242/1781 1175/230/1778
f 322/232/1780 1062/233/1783 1711/242/1781
f 323/232/1782 1175/239/1778 1711/242/1781
f 1187/239/1784 1712/242/1787 1163/230/1785
f 324/232/1786 1063/233/1789 1712/242/1787
f 325/232/1788 1163/239/1785 1712/242/1787
f 1162/239/1790 1713/243/1793 1185/232/1791
f 326/232/1792 1064/233/1795 1713/243/1793
f 327/232/1794 1185/230/1791 1713/243/1793
f 1165/239/1796 1714/244/1799 1186/232/1797
f 328/232/1798 1065/233/1801 1714/244/1799
f 329/232/1800 1186/232/1797 1714/244/1799
f 1181/239/1802 1715/245/1805 1142/232/1803
f 330/232/1804 1066/233/1807 1715/245/1805
f 331/232/1806 1142/232/1803 1715/245/1805
f 1182/239/1808 1716/246/1811 1161/233/1809
f 332/232/1810 1067/233/1813 1716/246/1811
f 333/232/1812 1161/232/1809 1716/246/1811
f 1177/239/1814 1717/247/1817 1164/233/1815
f 334/232/1816 1068/233/1819 1717/247/1817
f 335/232/1818 1164/235/1815 1717/247/1817
f 1164/233/1815 1718/233/1820 1174/239/1777
f 335/232/1818 1069/233/1821 1718/233/1820
f 322/232/1780 1174/239/1777 1718/233/1820
f 1175/230/1778 1719/248/1822 1187/239/1784
f 323/232/1782 1070/233/1823 1719/248/1822
f 324/232/1786 1187/239/1784 1719/248/1822
f 1163/230/1785 1720/242/1824 1162/239/1790
f 325/232/1788 1071/233/1825 1720/242/1824
f 326/232/1792 1162/239/1790 1720/242/1824
f 1185/232/1791 1721/243/1827 1160/232/1826
f 327/232/1794 1072/233/1829 1721/243/1827
f 336/232/1828 1160/230/1826 1721/243/1827
f 1160/232/1826 1722/244/1831 1178/232/1830
f 336/232/1828 1073/233/1833 1722/244/1831
f 337/232/1832 1178/230/1830 1722/244/1831
f 1178/232/1830 1723/244/1834 1165/239/1796
f 337/232/1832 1074/233/1835 1723/244/1834
f 328/232/1798 1165/239/1796 1723/244/1834
f 1186/232/1797 1724/244/1836 1181/239/1802
f 329/232/1800 1075/233/1837 1724/244/1836
f 330/232/1804 1181/239/1802 1724/244/1836
f 1142/232/1803 1725/245/1838 1182/239/1808
f 331/232/1806 1076/233/1839 1725/245/1838
f 332/232/1810 1182/239/1808 1725/245/1838
f 1161/233/1809 1726/246/1840 1177/239/1814
f 333/232/1812 1077/233/1841 1726/246/1840
f 334/232/1816 1177/239/1814 1726/246/1840
f 1126/232/1842 1727/238/1842 1144/232/1843
f 1126/232/1842 306/233/1844 1145/232/1844
f 1727/238/1842 1145/232/1844 338/233/1845
f 1727/238/1842 1094/232/1842 339/233/1843
f 1127/232/1846 1728/238/1846 1146/232/1847
f 1127/232/1846 309/233/1887 1147/232/1849
f 1728/238/1846 1147/232/1849 341/233/1850
f 1728/238/1846 1095/232/1846 340/233/1847
f 1128/232/1851 1729/238/1855 1148/232/1852
f 1128/232/1851 311/233/1889 1149/232/1854
f 1729/238/1855 1149/232/1854 343/233/1856
f 1729/238/1855 1096/232/1855 342/233/1857
f 1129/232/1858 1730/238/1858 1150/232/1859
f 1129/232/1858 313/233/1891 1151/232/1861
f 1730/238/1858 1151/232/1861 345/233/1861
f 1730/238/1858 1097/232/1858 344/233/1859
f 1130/232/1862 1731/238/1866 1152/232/1863
f 1130/232/1862 315/233/1893 1153/232/1865
f 1731/238/1866 1153/232/1865 347/233/1867
f 1731/238/1866 1098/232/1866 346/233/1868
f 1131/232/1869 1732/238/1869 1154/232/1870
f 1131/232/1869 317/233/1895 1155/232/1872
f 1732/238/1869 1155/232/1872 349/233/1872
f 1732/238/1869 1099/232/1869 348/233/1870
f 1132/232/1873 1733/238/1873 1156/232/1874
f 1132/232/1873 319/233/1897 1157/232/1876
f 1733/238/1873 1157/232/1876 351/233/1876
f 1733/238/1873 1100/232/1873 350/233/1877
f 1133/232/1878 1734/238/1878 1158/232/1879
f 307/233/1843 1144/232/1843 1734/238/1878
f 1144/232/1843 339/233/1843 1101/232/1880
f 1734/238/1878 1101/232/1880 352/233/1881
f 306/233/1844 1134/232/1882 1735/238/1882
f 1134/232/1882 321/233/1883 1159/232/1883
f 1735/238/1882 1159/232/1883 353/233/1884
f 1145/232/1844 1735/238/1882 1102/232/1885
f 321/233/1883 1135/232/1886 1736/238/1886
f 308/233/1848 1146/232/1847 1736/238/1886
f 1146/232/1847 340/233/1847 1103/232/1886
f 1159/232/1883 1736/238/1886 1103/232/1886
f 309/233/1887 1136/232/1888 1737/238/1888
f 310/233/1853 1148/232/1852 1737/238/1888
f 1148/232/1852 342/233/1857 1104/232/1888
f 1147/232/1849 1737/238/1888 1104/232/1888
f 311/233/1889 1137/232/1890 1738/238/1890
f 312/233/1860 1150/232/1859 1738/238/1890
f 1150/232/1859 344/233/1859 1105/232/1890
f 1149/232/1854 1738/238/1890 1105/232/1890
f 313/233/1891 1138/232/1892 1739/238/1892
f 314/233/1864 1152/232/1863 1739/238/1892
f 1152/232/1863 346/233/1868 1106/232/1892
f 1151/232/1861 1739/238/1892 1106/232/1892
f 315/233/1893 1139/232/1894 1740/238/1894
f 316/233/1871 1154/232/1870 1740/238/1894
f 1154/232/1870 348/233/1870 1107/232/1894
f 1153/232/1865 1740/238/1894 1107/232/1894
f 317/233/1895 1140/232/1896 1741/238/1896
f 318/233/1875 1156/232/1874 1741/238/1896
f 1156/232/1874 350/233/1877 1108/232/1896
f 1155/232/1872 1741/238/1896 1108/232/1896
f 319/233/1897 1141/232/1898 1742/238/1898
f 320/233/1879 1158/232/1879 1742/238/1898
f 1158/232/1879 352/233/1881 1109/232/1898
f 1157/232/1876 1742/238/1898 1109/232/1898
f 1132/232/104 1743/238/104 1173/232/1899
f 318/233/1900 1172/232/1900 1743/238/104
f 1172/232/1900 387/233/1900 1168/232/104
f 1743/238/104 1168/232/104 359/233/1899
f 1133/232/1901 1744/238/1901 1301/232/1902
f 320/233/1903 1195/232/1903 1744/238/1901
f 1195/232/1903 360/233/1903 1307/232/1901
f 1744/238/1901 1307/232/1901 365/233/1902
f 321/233/1904 1134/232/1905 1745/238/1905
f 306/233/1906 1305/232/1906 1745/238/1905
f 1305/232/1906 391/233/1906 1306/232/1905
f 1192/232/1904 1745/238/1905 1306/232/1905
f 308/233/1907 1135/232/1908 1746/238/1908
f 1135/232/1908 321/233/1904 1192/232/1904
f 1746/238/1908 1192/232/1904 389/233/1904
f 1302/232/1907 1746/238/1908 1299/232/1908
f 310/233/1909 1136/232/70 1747/238/70
f 309/233/1910 1303/232/1910 1747/238/70
f 1303/232/1910 355/233/1910 1300/232/70
f 1747/238/70 1300/232/70 390/233/1909
f 1137/232/62 1748/238/62 1180/232/1911
f 311/233/1912 1179/232/1912 1748/238/62
f 1179/232/1912 356/233/1912 1169/232/62
f 1748/238/62 1169/232/62 376/233/1911
f 1138/232/55 1749/238/55 1184/232/1913
f 313/233/1914 1183/232/1914 1749/238/55
f 1749/238/55 1183/232/1914 375/233/1914
f 1749/238/55 1170/235/55 374/249/1913
f 316/233/1688 1139/232/56 1750/238/56
f 1139/232/56 315/233/1915 1194/235/1915
f 1750/238/56 1194/235/1915 357/249/1915
f 1171/235/1688 1750/238/56 1203/235/56
f 1126/232/86 1751/238/86 1305/232/1906
f 1126/232/86 307/233/1902 1301/232/1902
f 1751/238/86 1301/232/1902 365/233/1902
f 1751/238/86 1236/232/86 391/233/1906
f 1140/232/103 1752/238/103 1172/232/1900
f 317/233/1687 1196/232/1687 1752/238/103
f 1196/232/1687 358/233/1687 1202/232/103
f 1172/232/1900 1752/238/103 1202/232/103
f 309/233/1910 1127/232/80 1753/238/80
f 1127/232/80 308/233/1907 1302/232/1907
f 1753/238/80 1302/232/1907 354/233/1907
f 1753/238/80 1235/232/80 355/233/1910
f 1141/232/1916 1754/238/1916 1195/232/1903
f 319/233/1899 1173/232/1899 1754/238/1916
f 1173/232/1899 359/233/1899 1197/232/1916
f 1754/238/1916 1197/232/1916 360/233/1903
f 1128/232/72 1755/238/72 1179/232/1912
f 310/233/1909 1176/232/1909 1755/238/72
f 1176/232/1909 390/233/1909 1166/232/72
f 1755/238/72 1166/232/72 356/233/1912
f 1129/232/64 1756/238/64 1183/232/1914
f 312/233/1911 1180/232/1911 1756/238/64
f 1180/232/1911 376/233/1911 1167/232/64
f 1756/238/64 1167/232/64 375/233/1914
f 315/233/1915 1130/232/54 1757/238/54
f 1130/232/54 314/233/1913 1184/232/1913
f 1757/238/54 1184/232/1913 374/249/1913
f 1757/238/54 1205/250/54 357/249/1915
f 1307/233/1917 1758/231/1917 1193/230/1917
f 1307/233/1917 360/233/1917 1304/230/1917
f 1304/230/1917 361/231/1917 1189/233/1917
f 1758/231/1917 1189/233/1917 364/231/1918
f 391/233/1917 1236/233/1917 1759/231/1917
f 1236/233/1917 365/233/1917 1193/230/1917
f 1759/231/1917 1193/230/1917 364/231/1918
f 1143/238/1917 1759/231/1917 1188/233/1919
f 355/233/1917 1235/233/1917 1760/231/1917
f 1235/233/1917 354/233/1917 1206/230/1917
f 1206/230/1917 366/231/1924 1199/233/1917
f 1760/231/1917 1199/233/1917 369/231/1917
f 1300/233/1917 1761/231/1917 1308/238/1917
f 1300/233/1917 355/233/1917 1207/230/1917
f 1761/231/1917 1207/230/1917 369/231/1917
f 1308/238/1917 1761/231/1917 1198/233/1917
f 1200/251/1922 1762/253/1926 1216/251/1923
f 368/252/1925 1217/251/1929 1762/253/1926
f 1762/253/1926 1217/251/1929 379/251/1927
f 1762/253/1926 1214/251/1926 377/251/1923
f 1201/251/1928 1763/253/1931 1217/251/1929
f 1201/251/1928 367/252/1921 1218/251/1930
f 1218/251/1930 378/251/1930 1215/251/1931
f 1763/253/1931 1215/251/1931 379/251/1927
f 362/252/1920 1188/251/1919 1764/253/1932
f 364/252/1918 1220/251/1934 1764/253/1932
f 1220/251/1934 373/251/1934 1208/251/1935
f 1764/253/1932 1208/251/1935 371/251/1933
f 1189/251/1936 1765/253/1936 1220/251/1934
f 361/252/1937 1221/251/1937 1765/253/1936
f 1765/253/1936 1221/251/1937 370/251/1937
f 1765/253/1936 1209/251/1936 373/251/1934
f 1190/251/1938 1766/253/1938 1221/251/1937
f 363/252/1939 1222/251/1941 1766/253/1938
f 1766/253/1938 1222/251/1941 372/251/1939
f 1221/251/1937 1766/253/1938 1210/251/1938
f 1191/251/1940 1767/253/1940 1222/251/1941
f 362/252/1920 1219/251/1933 1767/253/1940
f 1219/251/1933 371/251/1933 1211/251/1940
f 1767/253/1940 1211/251/1940 372/251/1939
f 1198/251/1942 1768/253/1942 1218/251/1930
f 1198/251/1942 369/252/1943 1223/251/1943
f 1223/251/1943 380/251/1943 1212/251/1944
f 1768/253/1942 1212/251/1944 378/251/1930
f 1199/251/1945 1769/253/1945 1223/251/1943
f 366/252/1924 1216/251/1923 1769/253/1945
f 1216/251/1923 377/251/1923 1213/251/1945
f 1769/253/1945 1213/251/1945 380/251/1943
f 371/254/1917 1208/251/1917 1770/253/1917
f 373/254/1917 1209/251/1917 1770/253/1917
f 1770/253/1917 1209/251/1917 370/254/1917
f 1770/253/1917 1210/251/1917 372/254/1917
f 378/254/1917 1212/251/1917 1771/253/1917
f 380/254/1917 1213/251/1917 1771/253/1917
f 1771/253/1917 1213/251/1917 377/254/1917
f 1771/253/1917 1214/251/1917 379/254/1917
f 363/231/1917 1228/255/1917 1772/229/1917
f 1228/255/1917 384/231/1917 1227/233/1917
f 1772/229/1917 1227/233/1917 383/231/1917
f 1191/233/1917 1772/229/1917 1229/230/1917
f 368/231/1925 1200/233/1922 1773/237/1917
f 1200/233/1922 366/231/1924 1233/234/1917
f 1773/237/1917 1233/234/1917 381/231/1917
f 1232/234/1917 1773/237/1917 1224/233/1917
f 1231/231/1917 1774/239/1917 1226/233/1917
f 386/237/1917 1230/232/1917 1774/239/1917
f 1230/232/1917 362/231/1920 1229/230/1917
f 1226/233/1917 1774/239/1917 1229/230/1917
f 1233/230/1917 1775/231/1917 1225/233/1917
f 1233/230/1917 366/231/1924 1234/231/1917
f 1775/231/1917 1234/231/1917 386/237/1917
f 1225/233/1917 1775/231/1917 1231/231/1917
f 1230/231/1917 1776/231/1917 1143/231/1917
f 1230/231/1917 386/237/1917 1309/231/1917
f 1776/231/1917 1309/231/1917 389/233/1917
f 1776/231/1917 1306/233/1917 391/233/1917
f 1206/231/1917 1777/238/1917 1234/231/1917
f 354/233/1917 1299/233/1917 1777/238/1917
f 1299/233/1917 389/233/1917 1309/229/1917
f 1234/231/1917 1777/238/1917 1309/229/1917
f 358/233/1917 1204/233/1917 1778/231/1917
f 1204/233/1917 388/233/1917 1265/230/1917
f 1265/230/1917 392/231/1917 1240/233/1917
f 1778/231/1917 1240/233/1917 395/231/1946
f 1202/233/1917 1779/231/1917 1264/238/1917
f 1202/233/1917 358/233/1917 1266/230/1917
f 1779/231/1917 1266/230/1917 395/231/1946
f 1264/238/1917 1779/231/1917 1239/233/1947
f 1239/251/1947 1780/253/1950 1253/251/1949
f 395/252/1946 1254/251/1951 1780/253/1950
f 1254/251/1951 399/251/1951 1249/251/1952
f 1780/253/1950 1249/251/1952 397/251/1949
f 1240/251/1953 1781/253/1953 1254/251/1951
f 1240/251/1953 392/252/1954 1255/251/1954
f 1781/253/1953 1255/251/1954 396/251/1954
f 1254/251/1951 1781/253/1953 1250/251/1953
f 392/252/1954 1241/251/1955 1782/253/1955
f 394/252/1956 1256/251/1956 1782/253/1955
f 1256/251/1956 398/251/1958 1251/251/1955
f 1782/253/1955 1251/251/1955 396/251/1954
f 394/252/1956 1242/251/1957 1783/253/1957
f 1242/251/1957 393/252/1948 1253/251/1949
f 1253/251/1949 397/251/1949 1252/251/1957
f 1783/253/1957 1252/251/1957 398/251/1958
f 397/254/1917 1249/251/1917 1784/253/1917
f 399/254/1917 1250/251/1917 1784/253/1917
f 1784/253/1917 1250/251/1917 396/254/1917
f 1784/253/1917 1251/251/1917 398/254/1917
f 394/231/1917 1260/255/1917 1785/229/1917
f 1260/255/1917 402/231/1917 1259/233/1917
f 1785/229/1917 1259/233/1917 401/231/1917
f 1242/233/1917 1785/229/1917 1261/230/1917
f 363/231/1917 1190/233/1917 1786/237/1917
f 1190/233/1917 361/231/1917 1268/234/1917
f 1786/237/1917 1268/234/1917 400/231/1917
f 1228/255/1917 1786/237/1917 1267/233/1917
f 1263/231/1917 1787/239/1917 1258/233/1917
f 404/237/1917 1262/232/1917 1787/239/1917
f 1262/232/1917 393/231/1948 1261/230/1917
f 1258/233/1917 1787/239/1917 1261/230/1917
f 1268/230/1917 1788/231/1917 1257/233/1917
f 1268/230/1917 361/231/1917 1269/231/1917
f 1788/231/1917 1269/231/1917 404/237/1917
f 1257/233/1917 1788/231/1917 1263/231/1917
f 1262/231/1917 1789/231/1917 1264/231/1917
f 1262/231/1917 404/237/1917 1270/231/1917
f 1789/231/1917 1270/231/1917 359/233/1917
f 1789/231/1917 1168/233/1917 387/233/1917
f 1304/231/1917 1790/238/1917 1269/231/1917
f 360/233/1917 1197/233/1917 1790/238/1917
f 1197/233/1917 359/233/1917 1270/229/1917
f 1269/231/1917 1790/238/1917 1270/229/1917
f 375/233/1917 1167/233/1917 1791/231/1917
f 1167/233/1917 376/233/1917 1283/230/1917
f 1283/230/1917 405/231/1917 1247/233/1917
f 1791/231/1917 1247/233/1917 408/231/1959
f 1170/236/1917 1792/230/1917 1282/234/1917
f 1170/236/1917 375/233/1917 1284/230/1917
f 1792/230/1917 1284/230/1917 408/231/1959
f 1282/234/1917 1792/230/1917 1248/233/1960
f 1248/251/1960 1793/253/1964 1271/251/1962
f 1248/251/1960 408/252/1959 1272/251/1963
f 1272/251/1963 412/251/1963 1244/251/1965
f 1793/253/1964 1244/251/1965 410/251/1962
f 1247/251/1966 1794/253/1966 1272/251/1963
f 405/252/1967 1273/251/1967 1794/253/1966
f 1794/253/1966 1273/251/1967 409/251/1967
f 1272/251/1963 1794/253/1966 1243/251/1966
f 1246/251/1968 1795/253/1968 1273/251/1967
f 407/252/1969 1274/251/1969 1795/253/1968
f 1274/251/1969 411/251/1971 1238/251/1968
f 1273/251/1967 1795/253/1968 1238/251/1968
f 407/252/1969 1245/251/1970 1796/253/1970
f 406/252/1961 1271/251/1962 1796/253/1970
f 1271/251/1962 410/251/1962 1237/251/1970
f 1796/253/1970 1237/251/1970 411/251/1971
f 410/254/1917 1244/251/1917 1797/253/1917
f 412/254/1917 1243/251/1917 1797/253/1917
f 1797/253/1917 1243/251/1917 409/254/1917
f 1797/253/1917 1238/251/1917 411/254/1917
f 407/231/1917 1278/255/1917 1798/229/1917
f 1278/255/1917 415/231/1917 1277/233/1917
f 1798/229/1917 1277/233/1917 414/231/1917
f 1245/233/1917 1798/229/1917 1279/230/1917
f 394/231/1917 1241/233/1917 1799/237/1917
f 1241/233/1917 392/231/1917 1286/234/1917
f 1799/237/1917 1286/234/1917 413/231/1917
f 1260/255/1917 1799/237/1917 1285/233/1917
f 1281/231/1917 1800/239/1917 1276/233/1917
f 417/239/1917 1280/235/1917 1800/239/1917
f 1280/235/1917 406/231/1961 1279/230/1917
f 1276/233/1917 1800/239/1917 1279/230/1917
f 1286/230/1917 1801/231/1917 1275/233/1917
f 1286/230/1917 392/231/1917 1287/238/1917
f 1801/231/1917 1287/238/1917 417/239/1917
f 1275/233/1917 1801/231/1917 1281/231/1917
f 1280/230/1917 1802/230/1917 1282/234/1917
f 1280/230/1917 417/239/1917 1288/234/1917
f 1802/230/1917 1288/234/1917 357/249/1917
f 1802/230/1917 1205/249/1917 374/249/1917
f 1265/230/1917 1803/230/1917 1287/238/1917
f 388/233/1917 1203/236/1917 1803/230/1917
f 1203/236/1917 357/249/1917 1288/255/1917
f 1287/238/1917 1803/230/1917 1288/255/1917
f 368/231/1925 1232/234/1917 1804/230/1917
f 1232/234/1917 382/231/1917 1292/233/1917
f 1804/230/1917 1292/233/1917 419/231/1917
f 1201/233/1928 1804/230/1917 1293/230/1917
f 407/231/1917 1246/233/1917 1805/237/1917
f 1246/233/1917 405/231/1917 1296/234/1917
f 1805/237/1917 1296/234/1917 418/231/1917
f 1278/255/1917 1805/237/1917 1295/233/1917
f 1291/231/1917 1806/239/1917 1290/233/1917
f 421/237/1917 1294/232/1917 1806/239/1917
f 1294/232/1917 367/231/1921 1293/230/1917
f 1290/233/1917 1806/239/1917 1293/230/1917
f 1296/230/1917 1807/231/1917 1289/233/1917
f 1296/230/1917 405/231/1917 1297/231/1917
f 1807/231/1917 1297/231/1917 421/237/1917
f 1289/233/1917 1807/231/1917 1291/231/1917
f 1294/231/1917 1808/231/1917 1308/231/1917
f 1294/231/1917 421/237/1917 1298/231/1917
f 1808/231/1917 1298/231/1917 356/233/1917
f 1808/231/1917 1166/233/1917 390/233/1917
f 1283/231/1917 1809/238/1917 1297/231/1917
f 376/233/1917 1169/233/1917 1809/238/1917
f 1169/233/1917 356/233/1917 1298/229/1917
f 1297/231/1917 1809/238/1917 1298/229/1917
f 383/252/1972 1227/251/1973 1810/256/1973
f 384/252/1974 1326/257/1975 1810/256/1973
f 1326/257/1975 442/251/2009 1313/251/1973
f 1327/257/1972 1810/256/1973 1313/251/1973
f 1350/258/1977 1811/261/1977 1391/259/1978
f 1350/258/1977 434/269/1980 1390/261/1980
f 1811/261/1977 1390/261/1980 466/261/1981
f 1811/261/1977 1382/262/1977 463/261/1978
f 1257/251/1982 1812/256/1986 1329/257/1983
f 1257/251/1982 403/252/1994 1328/257/1985
f 1812/256/1986 1328/257/1985 444/251/1985
f 1812/256/1986 1314/251/1986 443/251/1987
f 1295/251/1988 1813/256/1988 1331/254/1989
f 418/252/1990 1330/257/1991 1813/256/1988
f 1330/257/1991 451/251/1991 1325/251/1992
f 1813/256/1988 1325/251/1992 450/263/1993
f 403/252/1994 1258/251/1996 1814/256/1995
f 1258/251/1996 401/252/1999 1332/257/1997
f 1814/256/1995 1332/257/1997 445/251/1997
f 1328/257/1985 1814/256/1995 1315/251/1998
f 401/252/1999 1259/251/2000 1815/256/2000
f 402/252/2001 1333/257/2002 1815/256/2000
f 1333/257/2002 446/251/2043 1316/251/2003
f 1332/257/1997 1815/256/2000 1316/251/2003
f 1289/251/2004 1816/256/2004 1330/257/1991
f 1289/251/2004 420/252/2015 1334/257/2005
f 1816/256/2004 1334/257/2005 452/251/2005
f 1816/256/2004 1322/251/2006 451/251/1991
f 1267/251/2007 1817/256/2007 1326/257/1975
f 400/252/1984 1329/257/1983 1817/256/2007
f 1329/257/1983 443/251/1987 1317/251/2008
f 1817/256/2007 1317/251/2008 442/251/2009
f 1275/251/2010 1818/256/2010 1336/257/2011
f 1275/251/2010 416/252/2026 1335/257/2013
f 1818/256/2010 1335/257/2013 448/256/2013
f 1818/256/2010 1318/256/2014 447/251/2011
f 420/252/2015 1290/251/2017 1819/256/2016
f 1290/251/2017 419/252/2018 1337/257/2018
f 1819/256/2016 1337/257/2018 453/251/2018
f 1334/257/2005 1819/256/2016 1323/251/2019
f 382/252/2020 1224/251/2024 1820/256/2021
f 381/252/2023 1338/257/2025 1820/256/2021
f 1338/257/2025 438/251/2035 1310/251/2021
f 1339/257/2022 1820/256/2021 1310/251/2021
f 416/252/2026 1276/251/2028 1821/263/2027
f 1276/251/2028 414/252/2036 1340/257/2029
f 1821/263/2027 1340/257/2029 449/256/2030
f 1335/257/2013 1821/263/2027 1319/263/2031
f 1225/251/2032 1822/256/2032 1338/257/2025
f 1225/251/2032 385/252/2044 1341/257/2033
f 1822/256/2032 1341/257/2033 440/251/2034
f 1822/256/2032 1311/251/2032 438/251/2035
f 414/252/2036 1277/251/2037 1823/264/2037
f 415/252/1989 1331/254/1989 1823/264/2037
f 1331/254/1989 450/263/1993 1320/256/2037
f 1340/257/2029 1823/264/2037 1320/256/2037
f 419/252/2018 1292/251/2039 1824/256/2038
f 1292/251/2039 382/252/2020 1339/257/2022
f 1824/256/2038 1339/257/2022 439/251/2022
f 1337/257/2018 1824/256/2038 1324/251/2038
f 1285/251/2040 1825/256/2041 1333/257/2002
f 413/252/2012 1336/257/2011 1825/256/2041
f 1336/257/2011 447/251/2011 1321/251/2042
f 1825/256/2041 1321/251/2042 446/251/2043
f 385/252/2044 1226/251/2046 1826/256/2045
f 1226/251/2046 383/252/1972 1327/257/1972
f 1826/256/2045 1327/257/1972 441/251/1976
f 1341/257/2033 1826/256/2045 1312/251/2045
f 1342/251/1917 1827/256/1917 1358/257/1917
f 1342/251/1917 423/252/1917 1359/257/1917
f 1827/256/1917 1359/257/1917 439/251/1917
f 1827/256/1917 1310/251/1917 438/251/1917
f 426/252/1917 1343/251/1917 1828/256/1917
f 422/252/1917 1358/257/1917 1828/256/1917
f 1358/257/1917 438/251/1917 1311/251/1917
f 1360/257/1917 1828/256/1917 1311/251/1917
f 424/252/1917 1344/251/1917 1829/256/1917
f 1344/251/1917 426/252/1917 1360/257/1917
f 1829/256/1917 1360/257/1917 440/251/1917
f 1361/257/1917 1829/256/1917 1312/251/1917
f 1345/251/1917 1830/256/1917 1362/257/1917
f 1345/251/1917 424/252/1917 1361/257/1917
f 1830/256/1917 1361/257/1917 441/251/1917
f 1830/256/1917 1313/251/1917 442/251/1917
f 430/252/1917 1346/251/1917 1831/256/1917
f 427/252/1917 1364/257/1917 1831/256/1917
f 1364/257/1917 443/251/1917 1314/251/1917
f 1363/257/1917 1831/256/1917 1314/251/1917
f 428/252/1917 1347/251/1917 1832/256/1917
f 1347/251/1917 430/252/1917 1363/257/1917
f 1832/256/1917 1363/257/1917 444/251/1917
f 1365/257/1917 1832/256/1917 1315/251/1917
f 1348/251/1917 1833/256/1917 1366/257/1917
f 1348/251/1917 428/252/1917 1365/257/1917
f 1833/256/1917 1365/257/1917 445/251/1917
f 1833/256/1917 1316/251/1917 446/251/1917
f 1349/251/1917 1834/256/1917 1364/257/1917
f 425/252/1917 1362/257/1917 1834/256/1917
f 1362/257/1917 442/251/1917 1317/251/1917
f 1834/256/1917 1317/251/1917 443/251/1917
f 434/252/1917 1350/251/1917 1835/256/1917
f 431/252/1917 1368/257/1917 1835/256/1917
f 1368/257/1917 447/251/1917 1318/251/1917
f 1367/254/1917 1835/256/1917 1318/251/1917
f 432/252/1917 1351/251/1917 1836/264/1917
f 1351/251/1917 434/252/1917 1367/254/1917
f 1836/264/1917 1367/254/1917 448/263/1917
f 1369/257/1917 1836/264/1917 1319/256/1917
f 1352/251/1917 1837/263/1917 1370/257/1917
f 1352/251/1917 432/252/1917 1369/257/1917
f 1837/263/1917 1369/257/1917 449/256/1917
f 1837/263/1917 1320/263/1917 450/256/1917
f 1353/251/1917 1838/256/1917 1368/257/1917
f 429/252/1917 1366/257/1917 1838/256/1917
f 1366/257/1917 446/251/1917 1321/251/1917
f 1838/256/1917 1321/251/1917 447/251/1917
f 437/252/1917 1354/251/1917 1839/256/1917
f 435/252/1917 1372/257/1917 1839/256/1917
f 1372/257/1917 451/251/1917 1322/251/1917
f 1371/257/1917 1839/256/1917 1322/251/1917
f 1355/251/1917 1840/256/1917 1373/257/1917
f 1355/251/1917 437/252/1917 1371/257/1917
f 1840/256/1917 1371/257/1917 452/251/1917
f 1840/256/1917 1323/251/1917 453/251/1917
f 423/252/1917 1356/251/1917 1841/256/1917
f 436/252/1917 1373/257/1917 1841/256/1917
f 1373/257/1917 453/251/1917 1324/251/1917
f 1359/257/1917 1841/256/1917 1324/251/1917
f 1357/251/1917 1842/256/1917 1372/257/1917
f 433/252/1917 1370/257/1917 1842/256/1917
f 1370/257/1917 450/256/1917 1325/256/1917
f 1842/256/1917 1325/256/1917 451/251/1917
f 455/260/1917 1374/262/1917 1843/265/1917
f 454/260/1917 1375/262/1917 1843/265/1917
f 458/260/1917 1376/262/1917 1843/265/1917
f 456/260/1917 1377/262/1917 1843/265/1917
f 457/260/1917 1381/262/1917 1843/265/1917
f 459/260/1917 1378/262/1917 1843/265/1917
f 462/260/1917 1379/262/1917 1843/265/1917
f 460/260/1917 1380/262/1917 1843/265/1917
f 461/260/1917 1385/262/1917 1843/265/1917
f 463/260/1917 1382/262/1917 1843/265/1917
f 466/260/1917 1383/262/1917 1843/265/1917
f 464/260/1917 1384/270/1917 1843/265/1917
f 465/266/1917 1389/262/1917 1843/265/1917
f 467/268/1917 1386/258/1917 1843/265/1917
f 469/268/1917 1387/262/1917 1843/265/1917
f 468/260/1917 1388/262/1917 1843/265/1917
f 1343/262/2047 1844/261/2051 1393/259/2048
f 1343/262/2047 426/260/2058 1392/261/2050
f 1844/261/2051 1392/261/2050 458/261/2052
f 1844/261/2051 1375/262/2051 454/261/2053
f 434/269/1980 1351/258/2054 1845/261/2054
f 1351/258/2054 432/260/2055 1394/261/2055
f 1845/261/2054 1394/261/2055 464/261/2056
f 1390/261/1980 1845/261/2054 1383/262/2057
f 426/260/2058 1344/262/2059 1846/261/2059
f 1344/262/2059 424/260/2065 1395/261/2060
f 1846/261/2059 1395/261/2060 456/261/2060
f 1392/261/2050 1846/261/2059 1376/262/2061
f 432/260/2055 1352/262/2062 1847/261/2062
f 433/260/2063 1396/265/2064 1847/261/2062
f 1396/265/2064 465/265/2064 1384/270/2062
f 1394/261/2055 1847/261/2062 1384/270/2062
f 424/260/2065 1345/262/2066 1848/261/2066
f 425/260/2067 1397/261/2068 1848/261/2066
f 1397/261/2068 457/261/2068 1377/262/2069
f 1395/261/2060 1848/261/2066 1377/262/2069
f 1353/262/2070 1849/261/2073 1398/259/2071
f 431/260/1979 1391/259/1978 1849/261/2073
f 1391/259/1978 463/261/1978 1385/262/2073
f 1849/261/2073 1385/262/2073 461/261/2071
f 1346/262/2074 1850/261/2074 1400/259/2075
f 1346/262/2074 430/260/2077 1399/261/2077
f 1850/261/2074 1399/261/2077 462/261/2078
f 1850/261/2074 1378/262/2074 459/261/2075
f 1354/262/2079 1851/261/2079 1402/259/2080
f 1354/262/2079 437/260/2082 1401/261/2082
f 1851/261/2079 1401/261/2082 469/261/2082
f 1851/261/2079 1386/258/2079 467/271/2083
f 430/260/2077 1347/262/2085 1852/261/2084
f 1347/262/2085 428/260/2089 1403/261/2086
f 1852/261/2084 1403/261/2086 460/261/2086
f 1399/261/2077 1852/261/2084 1379/262/2084
f 437/260/2082 1355/270/2087 1853/261/2087
f 1355/270/2087 436/273/2088 1404/272/2088
f 1853/261/2087 1404/272/2088 468/261/2088
f 1401/261/2082 1853/261/2087 1387/262/2087
f 428/260/2089 1348/262/2090 1854/261/2090
f 429/260/2072 1398/259/2071 1854/261/2090
f 1398/259/2071 461/261/2071 1380/262/2090
f 1403/261/2086 1854/261/2090 1380/262/2090
f 1356/270/2091 1855/261/2093 1404/272/2088
f 1356/270/2091 423/260/2092 1405/261/2092
f 1855/261/2093 1405/261/2092 455/261/2092
f 1855/261/2093 1388/262/2093 468/261/2088
f 1349/262/2094 1856/261/2095 1397/261/2068
f 427/260/2076 1400/259/2075 1856/261/2095
f 1400/259/2075 459/261/2075 1381/262/2095
f 1856/261/2095 1381/262/2095 457/261/2068
f 423/260/2092 1342/262/2096 1857/261/2096
f 422/260/2049 1393/259/2048 1857/261/2096
f 1393/259/2048 454/261/2053 1374/262/2096
f 1405/261/2092 1857/261/2096 1374/262/2096
f 1357/262/2097 1858/261/2098 1396/265/2064
f 435/260/2081 1402/259/2080 1858/261/2098
f 1402/259/2080 467/271/2083 1389/262/2098
f 1858/261/2098 1389/262/2098 465/265/2064
