# Blender 4.5.5 LTS
# www.blender.org
o Body
v -0.793687 0.883110 -0.302444
v -0.889330 0.954812 -1.969140
v -0.734111 0.978130 -1.024087
v -0.670093 0.966635 -1.963165
v -0.996226 0.417632 -1.976669
v -1.054879 0.439378 -1.670230
v -1.065379 0.383274 -0.996824
v -1.035141 0.160537 -0.510166
v -0.966981 0.160537 0.645535
v -0.982897 0.621025 -0.485113
v -1.064711 0.599754 -1.114396
v -0.971681 0.324377 0.658119
v -0.784333 0.907121 0.948730
v -0.784832 0.873551 0.058622
v -1.020798 0.160537 1.056329
v -1.027147 0.579537 1.150152
v -0.961598 0.611233 0.727555
v -0.950077 0.856207 -1.036183
v -0.934524 0.816183 -0.611472
v -1.014640 0.332209 -0.512230
v -0.534593 0.303872 2.352559
v -0.535031 0.439014 2.429490
v -0.867391 0.582271 2.148164
v -0.504319 0.596904 2.329422
v -0.530693 0.160537 2.403059
v -0.905569 0.362030 2.048645
v -0.882567 0.160537 2.015409
v -0.912678 0.886730 1.316269
v -0.658555 0.917570 0.999695
v -0.630806 0.910610 1.381536
v -0.889830 0.797030 1.742605
v -0.540699 1.222563 0.205990
v -0.528984 1.211700 -0.301539
v -0.456023 1.259001 0.214481
v -0.454124 1.260924 -0.318316
v -0.623769 0.997463 -1.060360
v -0.991528 0.628910 -2.006964
v -0.434479 0.352116 -1.877015
v -0.685804 0.249607 -1.679341
v -0.961259 0.840734 -1.987752
v -0.424033 0.523287 -2.000265
v -0.657477 0.835683 -1.992750
v -0.545451 0.829875 1.844607
v -0.488007 0.777103 1.901997
v -1.057942 0.572849 1.663971
v -1.006016 0.254961 -1.681958
v -1.064147 0.609736 -1.567108
v -1.066055 0.160537 -1.006773
v -1.040291 0.356793 1.749659
v -1.017062 0.363006 1.065512
v -0.992051 0.160537 1.757344
v -0.850225 0.675788 -0.202418
v -1.064182 0.692481 1.392793
v 0.000000 0.413063 -1.765714
v -0.000000 0.243170 -1.575327
v -0.000000 0.876656 1.391670
v -0.000000 0.902387 1.116122
v -0.000000 0.293993 2.374346
v 0.000000 0.160537 2.434108
v 0.000000 0.833406 1.669145
v -0.272472 0.294982 2.373860
v 0.000000 0.590275 2.381195
v 0.000000 0.562011 -2.000445
v -0.000000 0.833459 -1.986978
v -0.000000 0.967032 -1.958660
v -0.000000 1.026490 -1.115423
v 0.000000 1.274971 0.225909
v 0.000000 1.284808 -0.376362
v 0.000000 0.436669 2.455542
v 0.000000 0.762521 1.904542
v 0.000000 0.304608 -1.720288
v -0.974983 0.846039 -1.644429
v -0.000000 0.962813 -1.643317
v -0.416491 0.231698 -1.729831
v -0.873164 0.936773 -1.646592
v -0.652088 0.955598 -1.644201
v -0.988077 0.301235 -1.843549
v -0.992412 0.160537 0.015450
v -0.892841 0.633606 0.079404
v -0.980258 0.320883 0.015551
v -0.962250 0.569809 0.022711
v -0.747731 0.334192 2.234322
v -0.748753 0.458894 2.314528
v -0.735748 0.160537 2.241198
v 0.000000 0.160537 -0.512914
v 0.000000 0.160537 0.649230
v 0.000000 0.160537 1.138160
v 0.000000 0.175192 -1.036399
v 0.000000 0.160537 0.012848
v 0.000000 0.160537 2.015409
v -0.000000 0.160537 1.690318
v 0.000000 0.160537 2.241198
v -0.278364 0.842004 1.675282
v -0.263500 0.585532 2.382600
v -0.330318 0.304476 -1.720122
v -0.290984 0.883595 1.389325
v -0.300438 0.904840 1.080445
v -0.292951 1.020227 -1.103379
v -0.221840 1.272357 0.221220
v -0.270913 0.435927 2.455091
v -0.347804 0.967842 -1.959619
v -0.267849 0.762727 1.908004
v -0.270927 0.160537 2.434108
v -0.226990 1.281687 -0.362802
v -0.348306 0.412764 -1.765574
v -0.352306 0.561994 -2.000465
v -0.343845 0.834000 -1.987965
v -0.423571 0.248179 -1.680205
v -0.324878 0.962110 -1.643483
v -0.423571 0.160537 1.757344
v -0.412035 0.160537 2.015409
v -0.363696 0.160537 2.241197
v -0.423571 0.160537 -1.006773
v -0.406245 0.160537 -0.513809
v -0.401282 0.160537 0.643849
v -0.423571 0.160537 1.056334
v -0.400379 0.160537 0.011239
v -0.426248 0.593387 1.145365
v -0.425545 0.592908 1.663841
v -0.425664 0.369577 1.749659
v -0.425844 0.371419 1.062895
v -0.424109 0.702304 1.391202
v -0.695276 0.160537 0.643450
v -0.744813 0.160537 -1.006773
v -0.722183 0.160537 1.056334
v -0.729356 0.160537 -0.512937
v -0.723257 0.160537 1.757344
v -0.712418 0.160537 2.011224
v -0.707991 0.160537 0.011983
v -0.745328 0.710491 1.393417
v -0.741931 0.591376 1.664459
v -0.722085 0.371853 1.062664
v -0.728673 0.596359 1.144952
v -0.735552 0.367086 1.749659
v -0.733323 0.437776 -1.665547
v -0.744054 0.383274 -0.998034
v -0.743368 0.599754 -1.116737
v -0.742705 0.609559 -1.566046
v -0.444171 0.437374 -1.664709
v -0.445160 0.383274 -0.998899
v -0.448945 0.599754 -1.118134
v -0.448258 0.609518 -1.565801
v -1.064293 0.683749 -1.329086
v -0.000000 0.976073 -1.367828
v -0.810810 0.936618 -1.355396
v -0.639205 0.958659 -1.358415
v -0.963546 0.859141 -1.356237
v -0.308649 0.972971 -1.365765
v -0.742950 0.683749 -1.329630
v -0.448527 0.683749 -1.329947
v -0.944277 0.824810 1.020871
v -1.072105 0.336445 1.405600
v -0.783206 0.336445 1.405600
v -1.070224 0.336445 1.112078
v -1.018312 0.336445 1.060513
v -1.018312 0.580458 1.161586
v -1.070224 0.543996 1.198048
v -1.018312 0.681532 1.405600
v -1.070224 0.629967 1.405600
v -1.018312 0.580458 1.649613
v -1.070224 0.543996 1.613151
v -1.018312 0.336445 1.750687
v -1.070224 0.336445 1.699122
v -1.018312 0.092431 1.649613
v -1.070224 0.128893 1.613151
v -1.018312 -0.008642 1.405600
v -1.070224 0.042923 1.405600
v -1.018312 0.092431 1.161586
v -1.070224 0.128893 1.198048
v -0.836999 0.336445 1.060513
v -0.785087 0.336445 1.112078
v -0.785087 0.543996 1.198048
v -0.836999 0.580458 1.161586
v -0.785087 0.629967 1.405600
v -0.836999 0.681532 1.405600
v -0.785087 0.543996 1.613151
v -0.836999 0.580458 1.649613
v -0.785087 0.336445 1.699122
v -0.836999 0.336445 1.750687
v -0.785087 0.128893 1.613151
v -0.836999 0.092431 1.649613
v -0.785087 0.042923 1.405600
v -0.836999 -0.008642 1.405600
v -0.785087 0.128893 1.198048
v -0.836999 0.092431 1.161586
v -1.102105 0.336445 -1.344401
v -0.813206 0.336445 -1.344401
v -1.100224 0.336445 -1.637923
v -1.048312 0.336445 -1.689487
v -1.048312 0.580458 -1.588414
v -1.100224 0.543996 -1.551952
v -1.048312 0.681532 -1.344400
v -1.100224 0.629967 -1.344401
v -1.048312 0.580458 -1.100387
v -1.100224 0.543996 -1.136849
v -1.048312 0.336445 -0.999313
v -1.100224 0.336445 -1.050879
v -1.048312 0.092431 -1.100387
v -1.100224 0.128893 -1.136849
v -1.048312 -0.008642 -1.344401
v -1.100224 0.042923 -1.344401
v -1.048312 0.092431 -1.588414
v -1.100224 0.128893 -1.551952
v -0.866999 0.336445 -1.689487
v -0.815087 0.336445 -1.637923
v -0.815087 0.543996 -1.551952
v -0.866999 0.580458 -1.588414
v -0.815087 0.629967 -1.344401
v -0.866999 0.681532 -1.344401
v -0.815087 0.543996 -1.136849
v -0.866999 0.580458 -1.100387
v -0.815087 0.336445 -1.050879
v -0.866999 0.336445 -0.999313
v -0.815087 0.128893 -1.136849
v -0.866999 0.092431 -1.100387
v -0.815087 0.042923 -1.344401
v -0.866999 -0.008642 -1.344401
v -0.815087 0.128893 -1.551952
v -0.866999 0.092431 -1.588414
v -1.031907 0.920918 0.881043
v -1.011287 0.985720 0.884861
v -0.988425 0.919407 0.788429
v -0.970220 0.974782 0.792089
v -0.857010 0.898595 0.953933
v -0.841245 0.930708 0.957867
v -0.844598 0.896632 0.920209
v -0.828833 0.928745 0.924142
v -0.907384 0.901931 0.833369
v -0.874641 0.970909 0.841657
v -0.948941 0.900624 0.940156
v -0.912048 0.983376 0.948919
v -0.835475 0.951135 0.863902
v -0.861947 0.898762 0.857129
v -0.894202 0.890391 0.963298
v -0.859028 0.962041 0.972074
v -0.767342 0.888568 0.955024
v -0.778254 0.866340 0.952301
v -0.786845 0.867698 0.975645
v -0.775933 0.889927 0.978367
v -0.992328 0.991970 0.804440
v -1.017457 0.908111 0.800012
v -0.925941 0.877378 0.852421
v -0.871984 0.996915 0.865406
v -0.824841 0.962928 0.890552
v -0.866076 0.879178 0.880237
v -0.307938 0.278408 -1.669893
v -0.300308 0.293438 -1.168422
v -0.272517 0.267830 -1.671733
v -0.264054 0.282662 -1.168682
v -0.254954 0.235220 -1.674931
v -0.246029 0.249417 -1.168037
v -0.265535 0.199683 -1.677613
v -0.256792 0.213177 -1.166864
v -0.298064 0.182034 -1.678208
v -0.290038 0.195171 -1.165850
v -0.333484 0.192613 -1.676367
v -0.326292 0.205947 -1.165590
v -0.351048 0.225223 -1.673169
v -0.344317 0.239192 -1.166235
v -0.340466 0.260760 -1.670488
v -0.333555 0.275432 -1.167408
v -0.152918 0.295771 -1.667963
v -0.145248 0.309570 -1.171264
v -0.116710 0.284912 -1.671215
v -0.108993 0.298795 -1.171525
v -0.098796 0.251467 -1.677794
v -0.090968 0.265550 -1.170879
v -0.109670 0.215026 -1.683845
v -0.101731 0.229310 -1.169707
v -0.142963 0.196937 -1.685824
v -0.134977 0.211304 -1.168693
v -0.179171 0.207795 -1.682571
v -0.171231 0.222079 -1.168432
v -0.197084 0.241241 -1.675992
v -0.189257 0.255324 -1.169078
v -0.186210 0.277682 -1.669941
v -0.178494 0.291564 -1.170251
v -0.317863 0.297002 -1.841241
v -0.284976 0.286955 -1.849882
v -0.268873 0.256115 -1.869584
v -0.278988 0.222547 -1.888806
v -0.309396 0.205915 -1.896286
v -0.342283 0.215962 -1.887645
v -0.358386 0.246802 -1.867943
v -0.348271 0.280370 -1.848722
v -0.160652 0.313090 -1.827004
v -0.124615 0.301925 -1.841294
v -0.107112 0.267739 -1.874519
v -0.118398 0.230558 -1.907216
v -0.151861 0.212162 -1.920232
v -0.187899 0.223327 -1.905942
v -0.205401 0.257513 -1.872717
v -0.194115 0.294694 -1.840020
v -0.357014 0.424084 -1.932921
v -0.328969 0.414981 -1.943105
v -0.314506 0.385988 -1.967903
v -0.323582 0.354545 -1.992270
v -0.349505 0.339827 -2.001465
v -0.377550 0.348930 -1.991281
v -0.392013 0.377924 -1.966482
v -0.382937 0.409366 -1.942116
v -0.188079 0.410428 -1.947832
v -0.160033 0.401325 -1.958016
v -0.145571 0.372332 -1.982814
v -0.154647 0.340889 -2.007181
v -0.180570 0.326172 -2.016376
v -0.208615 0.335275 -2.006192
v -0.223078 0.364268 -1.981393
v -0.214002 0.395710 -1.957027
v -0.357743 0.432262 -1.926268
v -0.321680 0.421143 -1.938892
v -0.304115 0.387069 -1.968094
v -0.315339 0.349999 -1.996768
v -0.348776 0.331650 -2.008117
v -0.384839 0.342769 -1.995494
v -0.402404 0.376843 -1.966292
v -0.391180 0.413912 -1.937618
v -0.188808 0.418606 -1.941180
v -0.152744 0.407487 -1.953803
v -0.135180 0.373413 -1.983005
v -0.146404 0.336344 -2.011678
v -0.179841 0.317994 -2.023028
v -0.215904 0.329113 -2.010405
v -0.233469 0.363187 -1.981203
v -0.222245 0.400256 -1.952529
v -0.352729 0.387260 -1.908157
v -0.331485 0.380365 -1.915871
v -0.320530 0.358403 -1.934655
v -0.327405 0.334586 -1.953112
v -0.347041 0.323438 -1.960077
v -0.368285 0.330333 -1.952363
v -0.379240 0.352295 -1.933579
v -0.372365 0.376112 -1.915121
v -0.183794 0.373604 -1.923068
v -0.162550 0.366709 -1.930782
v -0.151595 0.344747 -1.949566
v -0.158470 0.320930 -1.968023
v -0.178106 0.309782 -1.974988
v -0.199350 0.316677 -1.967274
v -0.210305 0.338639 -1.948490
v -0.203430 0.362456 -1.930032
v 0.793687 0.883110 -0.302444
v 0.889330 0.954812 -1.969140
v 0.734111 0.978130 -1.024087
v 0.670093 0.966635 -1.963165
v 0.996226 0.417632 -1.976669
v 1.054879 0.439378 -1.670230
v 1.065379 0.383274 -0.996824
v 1.035141 0.160537 -0.510166
v 0.966981 0.160537 0.645535
v 0.982897 0.621025 -0.485113
v 1.064711 0.599754 -1.114396
v 0.971681 0.324377 0.658119
v 0.784333 0.907121 0.948730
v 0.784832 0.873551 0.058622
v 1.020798 0.160537 1.056329
v 1.027147 0.579537 1.150152
v 0.961599 0.611234 0.727556
v 0.950078 0.856207 -1.036183
v 0.934524 0.816183 -0.611472
v 1.014640 0.332209 -0.512230
v 0.534593 0.303872 2.352559
v 0.535031 0.439014 2.429489
v 0.867391 0.582271 2.148164
v 0.504319 0.596904 2.329422
v 0.530693 0.160537 2.403059
v 0.905569 0.362030 2.048645
v 0.882567 0.160537 2.015409
v 0.912678 0.886730 1.316269
v 0.658555 0.917570 0.999695
v 0.630806 0.910610 1.381535
v 0.889830 0.797030 1.742606
v 0.540699 1.222563 0.205990
v 0.528985 1.211700 -0.301539
v 0.456023 1.259001 0.214481
v 0.454124 1.260924 -0.318316
v 0.623769 0.997463 -1.060360
v 0.991528 0.628910 -2.006964
v 0.434479 0.352116 -1.877015
v 0.685804 0.249607 -1.679341
v 0.961259 0.840734 -1.987752
v 0.424033 0.523287 -2.000265
v 0.657477 0.835683 -1.992750
v 0.545451 0.829875 1.844607
v 0.488007 0.777103 1.901997
v 1.057942 0.572849 1.663971
v 1.006016 0.254961 -1.681958
v 1.064147 0.609736 -1.567108
v 1.066055 0.160537 -1.006773
v 1.040291 0.356793 1.749659
v 1.017062 0.363006 1.065512
v 0.992051 0.160537 1.757344
v 0.850225 0.675788 -0.202418
v 1.064182 0.692481 1.392793
v 0.272472 0.294982 2.373860
v 0.974983 0.846039 -1.644429
v 0.416491 0.231698 -1.729831
v 0.873165 0.936773 -1.646592
v 0.652088 0.955598 -1.644201
v 0.988077 0.301235 -1.843549
v 0.992412 0.160537 0.015450
v 0.892841 0.633606 0.079404
v 0.980258 0.320883 0.015551
v 0.962250 0.569809 0.022711
v 0.747731 0.334192 2.234322
v 0.748753 0.458894 2.314528
v 0.735748 0.160537 2.241198
v 0.278364 0.842004 1.675282
v 0.263500 0.585532 2.382600
v 0.330318 0.304476 -1.720122
v 0.290984 0.883595 1.389325
v 0.300438 0.904840 1.080445
v 0.292951 1.020227 -1.103379
v 0.221840 1.272357 0.221220
v 0.270913 0.435927 2.455091
v 0.347804 0.967842 -1.959619
v 0.267849 0.762727 1.908004
v 0.270927 0.160537 2.434108
v 0.226990 1.281687 -0.362802
v 0.348306 0.412764 -1.765574
v 0.352306 0.561994 -2.000465
v 0.343845 0.834000 -1.987965
v 0.423571 0.248179 -1.680205
v 0.324878 0.962110 -1.643484
v 0.423571 0.160537 1.757344
v 0.412035 0.160537 2.015409
v 0.363696 0.160537 2.241198
v 0.423571 0.160537 -1.006773
v 0.406245 0.160537 -0.513809
v 0.401282 0.160537 0.643849
v 0.423571 0.160537 1.056334
v 0.400379 0.160537 0.011239
v 0.426248 0.593387 1.145365
v 0.425545 0.592908 1.663841
v 0.425664 0.369577 1.749659
v 0.425844 0.371419 1.062895
v 0.424109 0.702304 1.391202
v 0.695276 0.160537 0.643450
v 0.744813 0.160537 -1.006773
v 0.722183 0.160537 1.056334
v 0.729356 0.160537 -0.512937
v 0.723257 0.160537 1.757344
v 0.712418 0.160537 2.011224
v 0.707991 0.160537 0.011983
v 0.745328 0.710491 1.393417
v 0.741931 0.591376 1.664459
v 0.722085 0.371853 1.062664
v 0.728673 0.596359 1.144952
v 0.735552 0.367086 1.749659
v 0.733323 0.437776 -1.665547
v 0.744054 0.383274 -0.998034
v 0.743368 0.599754 -1.116737
v 0.742705 0.609559 -1.566046
v 0.444171 0.437374 -1.664709
v 0.445160 0.383274 -0.998899
v 0.448945 0.599754 -1.118134
v 0.448258 0.609518 -1.565801
v 1.064293 0.683749 -1.329086
v 0.810810 0.936618 -1.355396
v 0.639205 0.958659 -1.358415
v 0.963546 0.859141 -1.356237
v 0.308649 0.972971 -1.365765
v 0.742950 0.683749 -1.329630
v 0.448527 0.683749 -1.329947
v 0.944277 0.824810 1.020871
v 1.072105 0.336445 1.405600
v 0.783206 0.336445 1.405600
v 1.070224 0.336445 1.112078
v 1.018312 0.336445 1.060513
v 1.018312 0.580458 1.161586
v 1.070224 0.543996 1.198048
v 1.018312 0.681532 1.405600
v 1.070224 0.629967 1.405600
v 1.018312 0.580458 1.649613
v 1.070224 0.543996 1.613151
v 1.018312 0.336445 1.750687
v 1.070224 0.336445 1.699122
v 1.018312 0.092431 1.649613
v 1.070224 0.128893 1.613151
v 1.018312 -0.008642 1.405600
v 1.070224 0.042923 1.405600
v 1.018312 0.092431 1.161586
v 1.070224 0.128893 1.198048
v 0.836999 0.336445 1.060513
v 0.785087 0.336445 1.112078
v 0.785087 0.543996 1.198048
v 0.836999 0.580458 1.161586
v 0.785087 0.629967 1.405600
v 0.836999 0.681532 1.405600
v 0.785087 0.543996 1.613151
v 0.836999 0.580458 1.649613
v 0.785087 0.336445 1.699122
v 0.836999 0.336445 1.750687
v 0.785087 0.128893 1.613151
v 0.836999 0.092431 1.649613
v 0.785087 0.042923 1.405600
v 0.836999 -0.008642 1.405600
v 0.785087 0.128893 1.198048
v 0.836999 0.092431 1.161586
v 1.102105 0.336445 -1.344401
v 0.813206 0.336445 -1.344401
v 1.100224 0.336445 -1.637923
v 1.048311 0.336445 -1.689487
v 1.048311 0.580458 -1.588414
v 1.100224 0.543996 -1.551952
v 1.048311 0.681532 -1.344400
v 1.100224 0.629967 -1.344401
v 1.048311 0.580458 -1.100387
v 1.100224 0.543996 -1.136849
v 1.048311 0.336445 -0.999313
v 1.100224 0.336445 -1.050879
v 1.048311 0.092431 -1.100387
v 1.100224 0.128893 -1.136849
v 1.048311 -0.008642 -1.344400
v 1.100224 0.042923 -1.344401
v 1.048311 0.092431 -1.588414
v 1.100224 0.128893 -1.551952
v 0.866999 0.336445 -1.689487
v 0.815087 0.336445 -1.637923
v 0.815087 0.543996 -1.551952
v 0.866999 0.580458 -1.588414
v 0.815087 0.629967 -1.344401
v 0.866999 0.681532 -1.344400
v 0.815087 0.543996 -1.136849
v 0.866999 0.580458 -1.100387
v 0.815087 0.336445 -1.050879
v 0.866999 0.336445 -0.999314
v 0.815087 0.128893 -1.136849
v 0.866999 0.092431 -1.100387
v 0.815087 0.042923 -1.344401
v 0.866999 -0.008642 -1.344400
v 0.815087 0.128893 -1.551952
v 0.866999 0.092431 -1.588414
v 1.031907 0.920918 0.881043
v 1.011287 0.985720 0.884861
v 0.988425 0.919407 0.788428
v 0.970220 0.974782 0.792088
v 0.857010 0.898595 0.953933
v 0.841245 0.930708 0.957867
v 0.844598 0.896632 0.920209
v 0.828833 0.928745 0.924143
v 0.907384 0.901931 0.833369
v 0.874641 0.970909 0.841657
v 0.948941 0.900624 0.940156
v 0.912048 0.983376 0.948919
v 0.835475 0.951135 0.863902
v 0.861947 0.898762 0.857129
v 0.894202 0.890391 0.963298
v 0.859028 0.962041 0.972074
v 0.767342 0.888568 0.955024
v 0.778254 0.866340 0.952301
v 0.786845 0.867698 0.975645
v 0.775933 0.889927 0.978367
v 0.992328 0.991970 0.804440
v 1.017457 0.908111 0.800012
v 0.925940 0.877378 0.852421
v 0.871984 0.996915 0.865406
v 0.824841 0.962928 0.890552
v 0.866076 0.879178 0.880237
v 0.307938 0.278408 -1.669893
v 0.300308 0.293438 -1.168422
v 0.272517 0.267829 -1.671733
v 0.264054 0.282662 -1.168682
v 0.254954 0.235220 -1.674931
v 0.246029 0.249417 -1.168037
v 0.265535 0.199683 -1.677613
v 0.256792 0.213177 -1.166864
v 0.298064 0.182034 -1.678208
v 0.290038 0.195171 -1.165850
v 0.333484 0.192613 -1.676368
v 0.326292 0.205947 -1.165590
v 0.351048 0.225223 -1.673170
v 0.344317 0.239192 -1.166235
v 0.340466 0.260760 -1.670488
v 0.333555 0.275432 -1.167408
v 0.152918 0.295771 -1.667963
v 0.145248 0.309570 -1.171264
v 0.116710 0.284912 -1.671216
v 0.108993 0.298795 -1.171525
v 0.098796 0.251467 -1.677794
v 0.090968 0.265550 -1.170879
v 0.109670 0.215026 -1.683845
v 0.101731 0.229310 -1.169707
v 0.142963 0.196937 -1.685824
v 0.134977 0.211304 -1.168693
v 0.179171 0.207795 -1.682571
v 0.171231 0.222079 -1.168432
v 0.197084 0.241241 -1.675992
v 0.189257 0.255324 -1.169078
v 0.186210 0.277682 -1.669941
v 0.178494 0.291564 -1.170251
v 0.317863 0.297002 -1.841241
v 0.284976 0.286955 -1.849883
v 0.268873 0.256115 -1.869584
v 0.278988 0.222547 -1.888805
v 0.309396 0.205915 -1.896286
v 0.342283 0.215962 -1.887645
v 0.358386 0.246802 -1.867943
v 0.348271 0.280370 -1.848722
v 0.160652 0.313090 -1.827004
v 0.124615 0.301925 -1.841294
v 0.107112 0.267739 -1.874519
v 0.118398 0.230558 -1.907216
v 0.151861 0.212162 -1.920232
v 0.187899 0.223327 -1.905942
v 0.205401 0.257513 -1.872717
v 0.194115 0.294694 -1.840020
v 0.357014 0.424084 -1.932921
v 0.328969 0.414981 -1.943105
v 0.314506 0.385988 -1.967903
v 0.323582 0.354545 -1.992270
v 0.349505 0.339827 -2.001465
v 0.377550 0.348930 -1.991281
v 0.392013 0.377924 -1.966482
v 0.382937 0.409366 -1.942116
v 0.188079 0.410428 -1.947832
v 0.160033 0.401325 -1.958016
v 0.145571 0.372332 -1.982814
v 0.154647 0.340889 -2.007181
v 0.180570 0.326172 -2.016376
v 0.208615 0.335275 -2.006192
v 0.223078 0.364268 -1.981393
v 0.214002 0.395710 -1.957027
v 0.357743 0.432262 -1.926268
v 0.321680 0.421143 -1.938892
v 0.304115 0.387069 -1.968094
v 0.315339 0.349999 -1.996768
v 0.348776 0.331650 -2.008117
v 0.384839 0.342769 -1.995494
v 0.402404 0.376843 -1.966292
v 0.391180 0.413912 -1.937618
v 0.188808 0.418606 -1.941180
v 0.152744 0.407487 -1.953803
v 0.135180 0.373413 -1.983005
v 0.146404 0.336344 -2.011678
v 0.179841 0.317994 -2.023028
v 0.215904 0.329113 -2.010405
v 0.233469 0.363187 -1.981203
v 0.222245 0.400256 -1.952529
v 0.352729 0.387260 -1.908157
v 0.331485 0.380365 -1.915871
v 0.320530 0.358403 -1.934655
v 0.327405 0.334586 -1.953112
v 0.347041 0.323438 -1.960077
v 0.368285 0.330333 -1.952363
v 0.379240 0.352295 -1.933579
v 0.372365 0.376112 -1.915121
v 0.183794 0.373604 -1.923068
v 0.162550 0.366709 -1.930782
v 0.151595 0.344747 -1.949566
v 0.158470 0.320930 -1.968023
v 0.178106 0.309782 -1.974988
v 0.199350 0.316677 -1.967274
v 0.210305 0.338639 -1.948490
v 0.203430 0.362456 -1.930032
v -0.763794 0.935319 -0.663392
v -0.858886 0.918036 -1.018542
v -0.944737 0.840866 -0.797247
v -0.879226 0.841241 -0.500849
v -0.780281 0.911404 1.361937
v -0.905895 0.853298 1.536031
v -0.737974 0.830770 1.777601
v -0.601173 0.894465 1.566581
v -0.527249 0.821076 1.839088
v -0.698635 0.989838 -1.047238
v -0.981300 0.743542 -1.998840
v -1.029425 0.631521 -1.815955
v -1.034179 0.346876 -1.681603
v -1.033937 0.429234 -1.830217
v -1.006274 0.280028 -1.767342
v -0.974380 0.842413 -1.815972
v -1.065723 0.269928 -0.991216
v -1.038697 0.353912 -0.754215
v -1.011334 0.756417 -1.047716
v -1.022957 0.619823 -0.792071
v -0.972232 0.160537 0.338833
v -0.968206 0.232320 0.646067
v -0.648735 0.317036 2.303783
v -0.907731 0.468778 2.099085
v -0.866647 0.644808 -0.109703
v -0.915618 0.667581 -0.312880
v -0.989533 0.340293 0.888224
v -0.841486 0.748098 0.069847
v -0.826297 0.761247 -0.246919
v -0.995254 0.323134 -0.265469
v -1.023718 0.234325 -0.511068
v -0.847445 0.910240 1.143693
v -0.961016 0.743515 -0.564764
v -1.064142 0.663827 -1.456461
v -1.051717 0.160537 -0.757117
v -1.007059 0.467961 -0.510753
v -0.743161 0.919527 0.979337
v -0.557770 1.088107 0.609264
v -0.506111 1.254179 0.213119
v -0.651406 1.075644 0.567008
v -0.652503 1.057996 -0.287510
v 0.000000 0.275876 -1.687519
v -0.586138 0.250803 -1.712446
v -0.894990 0.259738 2.023797
v -0.407183 0.297253 2.371678
v -1.063167 0.530710 -1.636416
v -0.996030 0.514367 -2.003486
v -0.939865 0.160537 1.888782
v -0.974098 0.362528 1.909381
v -1.019295 0.255551 1.756407
v -0.136313 0.294181 2.374043
v -0.000000 0.226466 2.388736
v -0.138089 0.834439 1.670310
v -0.537471 0.373381 2.385440
v -0.000000 0.858880 1.533396
v -0.974513 0.585547 1.928755
v -1.051217 0.466739 1.727350
v -0.691242 0.600244 2.264196
v -0.135638 0.589828 2.381117
v -0.993040 0.350541 -1.919072
v -0.711511 0.268396 -1.791278
v -0.592710 0.712487 -2.005397
v -0.165159 0.304567 -1.720236
v 0.000000 0.710324 -1.994178
v -0.650598 0.910968 1.200440
v -0.139349 0.877473 1.390694
v -0.000000 0.995293 -1.247219
v -1.003162 0.797621 1.363143
v -0.138467 0.902463 1.107300
v -0.000000 0.885859 1.260602
v -0.525252 1.229720 -0.052331
v -0.472675 1.009253 -1.082383
v -0.723738 0.385603 -1.933610
v -0.740178 0.598273 -2.009305
v -0.435985 0.443829 -1.949664
v -0.501420 1.245065 -0.306888
v 0.000000 1.156531 -0.751484
v -0.786622 0.875533 -0.163012
v 0.000000 1.088689 0.676364
v -0.105479 1.274775 0.224499
v 0.000000 1.290375 -0.077738
v -1.018572 0.259052 1.057068
v -0.986472 0.160537 0.875563
v -1.065026 0.499792 -1.039537
v -0.840474 0.251916 -1.680323
v -0.813439 0.837938 -1.996052
v -0.000000 0.364269 2.408559
v -0.136448 0.436666 2.455234
v -0.773956 0.952814 -1.207316
v -0.928656 0.908823 -1.979843
v -0.174086 0.967290 -1.958960
v -0.792725 0.962214 -1.968372
v -0.634008 0.971906 -1.217692
v -0.872761 0.707739 1.965017
v -0.472516 0.688889 2.127697
v -0.134223 0.762554 1.905534
v 0.000000 0.677161 2.169826
v -0.000000 0.802392 1.783277
v -0.000000 0.483741 -1.865332
v -0.135464 0.160537 2.434108
v 0.000000 0.355039 -1.725253
v -0.109339 1.284579 -0.373934
v -0.174153 0.412970 -1.765670
v -0.176153 0.562006 -2.000451
v -0.174938 0.833628 -1.987125
v 0.000000 0.914632 -1.978226
v -0.675539 0.914990 -1.981766
v -0.204581 0.243414 -1.583921
v -0.970728 0.852714 -1.493317
v -0.000000 0.965366 -1.801949
v -0.886497 0.945956 -1.811165
v -0.660654 0.961918 -1.804488
v -0.774456 0.947822 -1.645247
v -0.426797 0.283520 -1.802740
v -0.927276 0.902604 -1.647211
v -0.159625 0.962750 -1.643367
v -1.017399 0.751866 -1.631378
v -0.664893 1.045700 0.114529
v -1.014849 0.160537 -0.262295
v -0.929282 0.621103 0.393735
v -0.970250 0.319650 0.345802
v -0.967573 0.579445 -0.235704
v -0.975986 0.452790 0.021620
v -0.985489 0.227156 0.013788
v -0.931320 0.620504 0.026249
v -1.047165 0.660759 1.254727
v -1.017997 0.474157 1.091095
v -0.871160 0.885935 0.985579
v -0.532190 0.232583 2.363741
v -0.664319 0.451568 2.373498
v -0.641181 0.160537 2.336253
v -0.740067 0.248984 2.227547
v -0.756492 0.410342 2.272840
v -0.448860 1.270031 -0.052589
v -0.538782 1.129768 -0.692942
v -0.783174 0.884787 0.454629
v -0.625274 1.098602 -0.658732
v -1.065289 0.656842 1.542150
v -0.984269 0.717934 1.716590
v -0.000000 0.160537 0.337147
v 0.000000 0.162369 -0.762483
v 0.000000 0.160537 0.898228
v -0.000000 0.160537 -0.265188
v -0.211786 0.173960 -1.033940
v -0.882248 0.160537 -0.511686
v -0.209119 0.160537 0.647288
v -0.871491 0.160537 1.056332
v -0.208887 0.160537 0.012202
v 0.000000 0.160537 2.133190
v -0.000000 0.160537 1.880404
v -0.213252 0.160537 1.694591
v -0.000000 0.510962 2.464871
v -0.000000 0.160537 2.340133
v -0.419697 0.854922 1.700356
v -0.380050 0.578246 2.380829
v -0.373404 0.268087 -1.724976
v -0.461010 0.897633 1.388245
v -0.493123 0.911263 1.038646
v -0.136971 1.025454 -1.113428
v -0.350627 1.266111 0.217464
v -0.402546 0.434751 2.452472
v -0.517964 0.968125 -1.960600
v -0.396015 0.765782 1.907678
v -0.404996 0.160537 2.430227
v -0.352973 1.273603 -0.340568
v -0.391393 0.382440 -1.821294
v -0.393587 0.557156 -2.012072
v -0.502946 0.834516 -1.989924
v -0.549252 0.248525 -1.679447
v -0.496051 0.960115 -1.643680
v -0.576310 0.160537 1.757344
v -0.212574 0.160537 2.015409
v -0.183415 0.160537 2.241197
v -0.320766 0.160537 2.340134
v -0.393820 0.160537 2.133190
v -0.429544 0.160537 1.888782
v -0.272843 0.807646 1.788467
v -0.340624 0.354782 -1.725088
v -0.351618 0.483541 -1.865259
v -0.222007 1.287479 -0.072745
v -0.332523 0.710610 -1.996436
v -0.297287 0.890590 1.242845
v -0.284536 0.867628 1.538179
v -0.264307 0.673869 2.172240
v -0.261238 1.088542 0.655234
v -0.259848 1.151779 -0.738201
v -0.347618 0.271239 -1.698636
v -0.349102 0.915355 -1.978834
v -0.336007 0.965505 -1.802479
v -0.272625 0.364951 2.407907
v -0.271776 0.227115 2.388488
v -0.316038 0.963834 -1.498623
v -0.584192 0.160537 -1.006773
v -0.209711 0.160537 -0.513282
v -0.556757 0.160537 0.643040
v -0.211786 0.160537 1.126068
v -0.562882 0.160537 0.011141
v -0.402249 0.160537 -0.266582
v -0.398698 0.160537 0.335409
v -0.420356 0.160537 0.874243
v -0.421125 0.160537 -0.759363
v -0.423571 0.160537 1.406839
v 0.000000 0.160537 1.421581
v -0.423571 0.204358 -1.343489
v -0.000000 0.205673 -1.334465
v -0.425963 0.485339 1.727333
v -0.425042 0.671810 1.251234
v -0.426471 0.486673 1.086896
v -0.424560 0.671740 1.541640
v -0.584940 0.708853 1.392575
v -0.899972 0.583706 1.664319
v -0.574083 0.372506 1.062491
v -0.878280 0.589804 1.147026
v -0.888404 0.362671 1.749658
v -0.424800 0.263169 1.055871
v -0.581090 0.369063 1.749659
v -0.577831 0.596729 1.144633
v -0.869692 0.368299 1.063799
v -0.583773 0.593736 1.664254
v -0.904976 0.703942 1.393371
v -0.850201 0.160537 0.013532
v -0.831129 0.160537 0.644376
v -0.905434 0.160537 -1.006773
v -0.572877 0.160537 1.056334
v -0.574389 0.160537 -0.513683
v -0.860550 0.160537 1.757344
v -0.578671 0.160537 2.014885
v -0.718805 0.160537 1.888259
v -0.540026 0.160537 2.240936
v -0.707456 0.160537 2.121296
v -0.831816 0.351164 2.153286
v -0.795838 0.503942 2.279653
v -0.815488 0.160537 2.133190
v -0.523157 0.503437 2.436009
v -0.266757 0.507704 2.465206
v -0.809912 0.160537 2.006516
v -0.721875 0.263369 1.055857
v -0.737897 0.678572 1.252267
v -0.738935 0.482031 1.727410
v -0.723649 0.487637 1.086248
v -0.745516 0.675674 1.543386
v -0.737644 0.160537 -0.758660
v -0.705021 0.160537 0.874494
v -0.697901 0.160537 0.335880
v -0.719210 0.160537 -0.265720
v -0.730079 0.260660 1.756407
v -0.424774 0.261905 1.756407
v -0.742788 0.663804 -1.456396
v -0.741559 0.530088 -1.633309
v -0.743685 0.499792 -1.041579
v -0.902613 0.383274 -0.997461
v -0.901516 0.599754 -1.115655
v -0.900895 0.609635 -1.566500
v -0.891063 0.438465 -1.667528
v -0.448361 0.663799 -1.456407
v -0.447739 0.529941 -1.632621
v -0.448703 0.499792 -1.042879
v -0.592504 0.383274 -0.998499
v -0.593633 0.599754 -1.117524
v -0.592950 0.609525 -1.565847
v -0.585709 0.437462 -1.664768
v -0.744433 0.269928 -0.991742
v -0.436041 0.269928 -0.992160
v -0.713149 0.343599 -1.677320
v -0.435427 0.342743 -1.677095
v -1.064477 0.662644 -1.212376
v -0.425754 0.370498 1.406277
v -0.426035 0.588145 1.405658
v 0.000000 0.965601 -1.498863
v -0.846154 0.932195 -1.497994
v -0.645051 0.953676 -1.497855
v -0.956100 0.861256 -1.217142
v -0.301630 0.990577 -1.240774
v -0.743134 0.662644 -1.213960
v -0.448711 0.662644 -1.214883
v -0.593215 0.683749 -1.329809
v -0.901098 0.683749 -1.329379
v -0.484302 0.967135 -1.362168
v -1.018914 0.780530 -1.345315
v -0.891529 0.907467 -1.358311
v -0.740935 0.948541 -1.356218
v -0.148128 0.975564 -1.367487
v -0.444666 0.410324 -1.331804
v -0.448601 0.601484 -1.343211
v -0.993503 0.585664 0.953764
v -0.964163 0.564375 0.343821
v -0.976406 0.450225 0.688565
v -0.989488 0.732926 1.071082
v -0.944449 0.866538 1.150515
v -0.881749 0.764434 0.771434
v -0.953127 0.739419 0.922501
v -1.060913 0.573952 1.168093
v -1.070224 0.450058 1.131314
v -1.060913 0.336445 1.069714
v -1.018312 0.468352 1.087148
v -1.060913 0.672330 1.405600
v -1.070224 0.610731 1.291987
v -1.018312 0.654896 1.273693
v -1.060913 0.573952 1.643107
v -1.070224 0.610731 1.519213
v -1.018312 0.654896 1.537507
v -1.060913 0.336445 1.741485
v -1.070224 0.450058 1.679886
v -1.018312 0.468352 1.724051
v -1.060913 0.098938 1.643107
v -1.070224 0.222832 1.679886
v -1.018312 0.204538 1.724052
v -1.060913 0.000559 1.405600
v -1.070224 0.062159 1.519213
v -1.018312 0.017993 1.537507
v -1.060913 0.098938 1.168093
v -1.070224 0.062159 1.291987
v -1.018312 0.017993 1.273693
v -1.070224 0.222832 1.131314
v -1.018312 0.204538 1.087148
v -0.794397 0.573952 1.168093
v -0.836999 0.468352 1.087148
v -0.794397 0.336445 1.069714
v -0.785087 0.450058 1.131314
v -0.794397 0.672330 1.405600
v -0.836999 0.654896 1.273693
v -0.785087 0.610731 1.291987
v -0.794397 0.573952 1.643107
v -0.836999 0.654897 1.537507
v -0.785087 0.610731 1.519213
v -0.794397 0.336445 1.741485
v -0.836999 0.468352 1.724051
v -0.785087 0.450058 1.679886
v -0.794397 0.098938 1.643107
v -0.836999 0.204538 1.724052
v -0.785087 0.222832 1.679886
v -0.794397 0.000559 1.405600
v -0.836999 0.017993 1.537507
v -0.785087 0.062159 1.519213
v -0.794397 0.098938 1.168093
v -0.836999 0.017993 1.273693
v -0.785087 0.062159 1.291987
v -0.836999 0.204538 1.087148
v -0.785087 0.222832 1.131314
v -1.071870 0.336445 1.211595
v -1.071870 0.473627 1.268418
v -0.927655 0.336445 1.059135
v -0.927655 0.091457 1.160612
v -0.927655 0.581433 1.160612
v -1.071870 0.199263 1.268418
v -1.071870 0.530449 1.405600
v -0.927655 0.682910 1.405599
v -1.071870 0.473627 1.542782
v -0.927655 0.581433 1.650588
v -1.071870 0.336445 1.599604
v -0.927655 0.336445 1.752065
v -1.071870 0.199263 1.542782
v -0.927655 0.091457 1.650587
v -1.071870 0.142440 1.405600
v -0.927655 -0.010020 1.405600
v -0.783441 0.473627 1.268418
v -0.783441 0.336445 1.211595
v -0.783441 0.199263 1.268418
v -0.783441 0.530450 1.405600
v -0.783441 0.473627 1.542782
v -0.783441 0.336445 1.599604
v -0.783441 0.199263 1.542782
v -0.783441 0.142440 1.405600
v -1.090913 0.573952 -1.581907
v -1.100224 0.450058 -1.618687
v -1.090913 0.336445 -1.680286
v -1.048311 0.468352 -1.662852
v -1.090913 0.672330 -1.344401
v -1.100224 0.610731 -1.458013
v -1.048311 0.654896 -1.476308
v -1.090913 0.573952 -1.106894
v -1.100224 0.610731 -1.230788
v -1.048311 0.654896 -1.212494
v -1.090913 0.336445 -1.008515
v -1.100224 0.450058 -1.070114
v -1.048311 0.468352 -1.025949
v -1.090913 0.098938 -1.106894
v -1.100224 0.222832 -1.070114
v -1.048311 0.204538 -1.025949
v -1.090913 0.000559 -1.344401
v -1.100224 0.062159 -1.230788
v -1.048311 0.017993 -1.212494
v -1.090913 0.098938 -1.581907
v -1.100224 0.062159 -1.458014
v -1.048311 0.017993 -1.476307
v -1.100224 0.222832 -1.618686
v -1.048311 0.204538 -1.662852
v -0.824397 0.573952 -1.581907
v -0.866999 0.468352 -1.662852
v -0.824397 0.336445 -1.680286
v -0.815087 0.450058 -1.618687
v -0.824397 0.672330 -1.344401
v -0.866999 0.654896 -1.476308
v -0.815087 0.610731 -1.458014
v -0.824397 0.573952 -1.106894
v -0.866999 0.654897 -1.212494
v -0.815087 0.610731 -1.230788
v -0.824397 0.336445 -1.008515
v -0.866999 0.468352 -1.025949
v -0.815087 0.450058 -1.070114
v -0.824397 0.098938 -1.106894
v -0.866999 0.204538 -1.025949
v -0.815087 0.222832 -1.070114
v -0.824397 0.000559 -1.344401
v -0.866999 0.017993 -1.212494
v -0.815087 0.062159 -1.230788
v -0.824397 0.098938 -1.581907
v -0.866999 0.017993 -1.476307
v -0.815087 0.062159 -1.458014
v -0.866999 0.204538 -1.662852
v -0.815087 0.222832 -1.618686
v -1.101870 0.336445 -1.538405
v -1.101870 0.473627 -1.481582
v -0.957655 0.336445 -1.690866
v -0.957655 0.091457 -1.589388
v -0.957655 0.581433 -1.589388
v -1.101870 0.199263 -1.481582
v -1.101870 0.530449 -1.344400
v -0.957655 0.682910 -1.344401
v -1.101870 0.473627 -1.207218
v -0.957655 0.581433 -1.099413
v -1.101870 0.336445 -1.150396
v -0.957655 0.336445 -0.997936
v -1.101870 0.199263 -1.207219
v -0.957655 0.091457 -1.099413
v -1.101870 0.142440 -1.344401
v -0.957655 -0.010020 -1.344401
v -0.813441 0.473627 -1.481582
v -0.813441 0.336445 -1.538405
v -0.813441 0.199263 -1.481582
v -0.813441 0.530450 -1.344400
v -0.813441 0.473627 -1.207219
v -0.813441 0.336445 -1.150396
v -0.813441 0.199263 -1.207218
v -0.813441 0.142440 -1.344401
v -1.031986 0.910978 0.841802
v -1.032486 0.954545 0.885559
v -1.007035 0.993779 0.846174
v -1.023561 0.951878 0.792261
v -0.976028 0.885887 0.824632
v -0.836085 0.985888 0.884428
v -0.838840 0.918944 0.878006
v -0.887093 0.873605 0.923127
v -0.837660 0.974265 0.935465
v -0.881808 0.927037 0.981794
v -0.914318 0.893064 0.958270
v -0.969548 0.990189 0.916520
v -0.892071 0.871451 0.870430
v -0.932601 1.003622 0.833852
v -0.999495 0.908896 0.910229
v -0.875290 0.973516 0.967953
v -0.888305 0.998715 0.908013
v -0.941166 0.880333 0.895437
v -0.936404 0.942934 0.960593
v -0.890999 0.936517 0.837514
v -0.834388 0.912321 0.915853
v -0.853760 0.891592 0.936334
v -0.832083 0.935747 0.941742
v -0.851455 0.915019 0.962223
v -0.831661 0.945193 0.909293
v -0.857817 0.891927 0.902765
v -0.878038 0.895940 0.958037
v -0.852569 0.947821 0.964391
v -0.771187 0.877199 0.949285
v -0.784596 0.862851 0.963462
v -0.769591 0.893415 0.967206
v -0.783000 0.879067 0.981383
v -0.825239 0.887552 0.961097
v -0.813720 0.911016 0.963971
v -0.816169 0.886118 0.936456
v -0.804651 0.909582 0.939330
v -0.986593 0.947815 0.786377
v -0.954312 0.909047 0.807665
v -0.843765 0.962313 0.858369
v -0.847441 0.924331 0.861222
v -0.877082 0.896702 0.849765
v -0.927865 0.977124 0.813698
v -0.981176 0.985837 0.788477
v -1.004091 0.911054 0.784236
v -0.916648 0.883151 0.834105
v -0.827046 0.958276 0.869681
v -0.867418 0.989481 0.846266
v -0.862415 0.887252 0.860745
v -0.524098 0.719920 2.100577
v -0.289191 0.276600 -1.670550
v -0.281127 0.291600 -1.168667
v -0.304642 0.285478 -1.450011
v -0.268492 0.274727 -1.450470
v -0.260549 0.253254 -1.673274
v -0.251785 0.267804 -1.168459
v -0.250525 0.241561 -1.450305
v -0.256775 0.216415 -1.676453
v -0.247859 0.230242 -1.167476
v -0.261265 0.205409 -1.449614
v -0.280079 0.187664 -1.678224
v -0.271649 0.200918 -1.166294
v -0.294421 0.187447 -1.448801
v -0.316811 0.183843 -1.677551
v -0.309219 0.197009 -1.165605
v -0.330571 0.198198 -1.448343
v -0.345452 0.207189 -1.674827
v -0.338561 0.220805 -1.165813
v -0.348539 0.231364 -1.448508
v -0.349227 0.244028 -1.671648
v -0.342487 0.258367 -1.166796
v -0.337799 0.267516 -1.449199
v -0.325923 0.272778 -1.669877
v -0.318697 0.287691 -1.167978
v -0.133749 0.293911 -1.668996
v -0.126066 0.307732 -1.171510
v -0.149587 0.301764 -1.452258
v -0.113338 0.290978 -1.452892
v -0.104492 0.269961 -1.674311
v -0.096724 0.283936 -1.171301
v -0.095327 0.257708 -1.453150
v -0.100687 0.232183 -1.681138
v -0.092798 0.246374 -1.170319
v -0.106104 0.221443 -1.452880
v -0.124562 0.202705 -1.685479
v -0.116588 0.217050 -1.169137
v -0.139356 0.203426 -1.452240
v -0.162132 0.198797 -1.684790
v -0.154158 0.213142 -1.168448
v -0.175604 0.214212 -1.451606
v -0.191389 0.222746 -1.679475
v -0.183501 0.236938 -1.168656
v -0.193615 0.247482 -1.451348
v -0.195194 0.260525 -1.672648
v -0.187426 0.274499 -1.169639
v -0.182839 0.283747 -1.451618
v -0.171319 0.290002 -1.668308
v -0.163636 0.303823 -1.170821
v -0.300429 0.295267 -1.843679
v -0.273946 0.273164 -1.859001
v -0.270709 0.238347 -1.880041
v -0.292615 0.211210 -1.894476
v -0.326830 0.207650 -1.893849
v -0.353313 0.229753 -1.878527
v -0.356550 0.264570 -1.857486
v -0.334644 0.291707 -1.843052
v -0.141528 0.311149 -1.830946
v -0.112586 0.286634 -1.856632
v -0.109225 0.248055 -1.892267
v -0.133415 0.218011 -1.916978
v -0.170985 0.214103 -1.916289
v -0.199927 0.238618 -1.890604
v -0.203288 0.277197 -1.854969
v -0.179098 0.307241 -1.830258
v -0.335232 0.193777 -1.812226
v -0.351921 0.225212 -1.801200
v -0.101436 0.250621 -1.806039
v -0.112529 0.213787 -1.826256
v -0.188631 0.277230 -1.784019
v -0.155249 0.295482 -1.776173
v -0.119131 0.284460 -1.785293
v -0.270191 0.200544 -1.813419
v -0.301378 0.183559 -1.817287
v -0.182030 0.206556 -1.824982
v -0.199725 0.240395 -1.804237
v -0.276629 0.266216 -1.791861
v -0.259940 0.234781 -1.802887
v -0.341669 0.259449 -1.790669
v -0.145912 0.195534 -1.834103
v -0.310482 0.276434 -1.786800
v -0.338612 0.430333 -1.929771
v -0.309622 0.405903 -1.952381
v -0.306195 0.367445 -1.983667
v -0.330337 0.337487 -2.005303
v -0.367907 0.333578 -2.004614
v -0.396897 0.358008 -1.982005
v -0.400324 0.396466 -1.950718
v -0.376182 0.426424 -1.929083
v -0.169677 0.416677 -1.944683
v -0.140687 0.392247 -1.967292
v -0.137259 0.353789 -1.998578
v -0.161402 0.323831 -2.020214
v -0.198972 0.319922 -2.019525
v -0.227962 0.344353 -1.996915
v -0.231389 0.382811 -1.965629
v -0.207247 0.412769 -1.943994
v -0.360226 0.269936 -1.944425
v -0.376742 0.301865 -1.918956
v -0.199993 0.267940 -1.962795
v -0.217472 0.302169 -1.928029
v -0.366237 0.336605 -1.893983
v -0.206162 0.339393 -1.893791
v -0.334865 0.353806 -1.884134
v -0.301003 0.343392 -1.895179
v -0.172690 0.357806 -1.880137
v -0.136662 0.346623 -1.895065
v -0.284487 0.311463 -1.920647
v -0.119183 0.312395 -1.929831
v -0.294992 0.276723 -1.945621
v -0.130493 0.275171 -1.964069
v -0.326364 0.259522 -1.955470
v -0.163965 0.256757 -1.977723
v -0.342250 0.422531 -1.935676
v -0.319149 0.402089 -1.954477
v -0.316220 0.369224 -1.981213
v -0.335286 0.344395 -1.999241
v -0.364269 0.341380 -1.998709
v -0.387370 0.361822 -1.979909
v -0.390299 0.394687 -1.953173
v -0.371233 0.419516 -1.935145
v -0.173315 0.408876 -1.950588
v -0.150213 0.388434 -1.969388
v -0.147284 0.355569 -1.996124
v -0.166351 0.330740 -2.014151
v -0.195334 0.327724 -2.013620
v -0.218435 0.348166 -1.994820
v -0.221364 0.381031 -1.968084
v -0.202298 0.405860 -1.950056
v -0.325324 0.418062 -1.940998
v -0.357379 0.428173 -1.929594
v -0.309311 0.386528 -1.967998
v -0.319460 0.352272 -1.994519
v -0.349140 0.335738 -2.004791
v -0.381195 0.345849 -1.993387
v -0.397208 0.377383 -1.966387
v -0.387058 0.411639 -1.939866
v -0.156389 0.404406 -1.955909
v -0.188443 0.414517 -1.944506
v -0.140375 0.372872 -1.982909
v -0.150525 0.338616 -2.009430
v -0.180205 0.322083 -2.019702
v -0.212260 0.332194 -2.008298
v -0.228273 0.363728 -1.981298
v -0.218123 0.397983 -1.954778
v -0.341545 0.386084 -1.910244
v -0.324047 0.370600 -1.924485
v -0.321828 0.345705 -1.944737
v -0.336270 0.326898 -1.958393
v -0.358225 0.324614 -1.957990
v -0.375723 0.340098 -1.943749
v -0.377942 0.364993 -1.923497
v -0.363500 0.383800 -1.909842
v -0.172610 0.372428 -1.925155
v -0.155112 0.356944 -1.939396
v -0.152893 0.332050 -1.959648
v -0.167335 0.313242 -1.973304
v -0.189289 0.310958 -1.972901
v -0.206788 0.326443 -1.958660
v -0.209007 0.351337 -1.938408
v -0.194564 0.370144 -1.924753
v -0.148583 0.358540 -1.966190
v -0.161292 0.384017 -1.944399
v -0.325494 0.344566 -1.972691
v -0.317518 0.372195 -1.951279
v -0.156559 0.330910 -1.987602
v -0.348273 0.331633 -1.980771
v -0.179338 0.317977 -1.995682
v -0.372917 0.339632 -1.971822
v -0.203982 0.325976 -1.986733
v -0.385626 0.365109 -1.950030
v -0.216691 0.351454 -1.964941
v -0.377651 0.392739 -1.928618
v -0.208716 0.379083 -1.943529
v -0.354872 0.405672 -1.920539
v -0.330227 0.397673 -1.929488
v -0.185937 0.392016 -1.935450
v 0.763794 0.935319 -0.663392
v 0.858886 0.918036 -1.018542
v 0.944737 0.840866 -0.797247
v 0.879226 0.841241 -0.500849
v 0.780281 0.911404 1.361937
v 0.905895 0.853298 1.536031
v 0.737975 0.830770 1.777601
v 0.601173 0.894465 1.566581
v 0.527249 0.821076 1.839088
v 0.698635 0.989838 -1.047238
v 0.981301 0.743542 -1.998840
v 1.029425 0.631521 -1.815955
v 1.034179 0.346876 -1.681603
v 1.033937 0.429234 -1.830218
v 1.006274 0.280028 -1.767342
v 0.974380 0.842413 -1.815971
v 1.065723 0.269928 -0.991216
v 1.038697 0.353912 -0.754215
v 1.011334 0.756417 -1.047716
v 1.022957 0.619823 -0.792071
v 0.972232 0.160537 0.338833
v 0.968206 0.232320 0.646067
v 0.648735 0.317036 2.303783
v 0.907731 0.468778 2.099086
v 0.866647 0.644808 -0.109703
v 0.915618 0.667581 -0.312880
v 0.989533 0.340293 0.888224
v 0.841486 0.748098 0.069847
v 0.826297 0.761247 -0.246919
v 0.995254 0.323134 -0.265469
v 1.023718 0.234325 -0.511068
v 0.847445 0.910240 1.143693
v 0.961016 0.743515 -0.564764
v 1.064143 0.663827 -1.456461
v 1.051717 0.160537 -0.757117
v 1.007059 0.467961 -0.510753
v 0.743161 0.919527 0.979337
v 0.557770 1.088107 0.609264
v 0.506111 1.254179 0.213119
v 0.651406 1.075644 0.567008
v 0.652503 1.057996 -0.287510
v 0.586138 0.250803 -1.712446
v 0.894990 0.259738 2.023797
v 0.407183 0.297253 2.371678
v 1.063167 0.530710 -1.636416
v 0.996030 0.514367 -2.003486
v 0.939865 0.160537 1.888782
v 0.974098 0.362528 1.909381
v 1.019295 0.255551 1.756407
v 0.136313 0.294181 2.374043
v 0.138089 0.834439 1.670310
v 0.537471 0.373381 2.385440
v 0.974513 0.585547 1.928755
v 1.051217 0.466739 1.727350
v 0.691242 0.600244 2.264196
v 0.135638 0.589828 2.381117
v 0.993040 0.350541 -1.919072
v 0.711511 0.268396 -1.791278
v 0.592710 0.712487 -2.005397
v 0.165159 0.304567 -1.720236
v 0.650598 0.910968 1.200440
v 0.139349 0.877473 1.390694
v 1.003162 0.797621 1.363143
v 0.138467 0.902463 1.107300
v 0.525252 1.229720 -0.052331
v 0.472675 1.009253 -1.082383
v 0.723738 0.385603 -1.933610
v 0.740179 0.598273 -2.009305
v 0.435985 0.443829 -1.949664
v 0.501420 1.245065 -0.306888
v 0.786622 0.875533 -0.163012
v 0.105479 1.274775 0.224499
v 1.018572 0.259052 1.057068
v 0.986472 0.160537 0.875563
v 1.065026 0.499792 -1.039537
v 0.840474 0.251916 -1.680323
v 0.813439 0.837938 -1.996052
v 0.136448 0.436666 2.455235
v 0.773956 0.952814 -1.207316
v 0.928656 0.908823 -1.979843
v 0.174086 0.967290 -1.958960
v 0.792725 0.962214 -1.968372
v 0.634008 0.971906 -1.217692
v 0.872761 0.707739 1.965017
v 0.472516 0.688889 2.127697
v 0.134223 0.762554 1.905534
v 0.135464 0.160537 2.434108
v 0.109339 1.284579 -0.373934
v 0.174153 0.412970 -1.765670
v 0.176153 0.562006 -2.000451
v 0.174938 0.833628 -1.987125
v 0.675539 0.914990 -1.981766
v 0.204581 0.243414 -1.583921
v 0.970728 0.852714 -1.493318
v 0.886497 0.945956 -1.811165
v 0.660654 0.961918 -1.804488
v 0.774456 0.947822 -1.645247
v 0.426797 0.283520 -1.802740
v 0.927276 0.902604 -1.647211
v 0.159625 0.962750 -1.643366
v 1.017400 0.751866 -1.631379
v 0.664893 1.045700 0.114529
v 1.014849 0.160537 -0.262296
v 0.929282 0.621103 0.393735
v 0.970250 0.319650 0.345802
v 0.967573 0.579445 -0.235704
v 0.975986 0.452790 0.021620
v 0.985489 0.227156 0.013788
v 0.931320 0.620504 0.026249
v 1.047165 0.660759 1.254727
v 1.017997 0.474157 1.091095
v 0.871160 0.885935 0.985579
v 0.532190 0.232583 2.363741
v 0.664319 0.451568 2.373498
v 0.641181 0.160537 2.336253
v 0.740067 0.248984 2.227547
v 0.756492 0.410342 2.272841
v 0.448860 1.270031 -0.052589
v 0.538782 1.129768 -0.692942
v 0.783175 0.884787 0.454629
v 0.625274 1.098602 -0.658732
v 1.065289 0.656842 1.542150
v 0.984269 0.717934 1.716590
v 0.211786 0.173960 -1.033940
v 0.882249 0.160537 -0.511686
v 0.209119 0.160537 0.647288
v 0.871491 0.160537 1.056332
v 0.208887 0.160537 0.012202
v 0.213252 0.160537 1.694591
v 0.419697 0.854922 1.700356
v 0.380050 0.578246 2.380829
v 0.373404 0.268087 -1.724976
v 0.461010 0.897633 1.388245
v 0.493123 0.911263 1.038646
v 0.136971 1.025454 -1.113428
v 0.350627 1.266111 0.217464
v 0.402546 0.434751 2.452472
v 0.517964 0.968125 -1.960600
v 0.396015 0.765782 1.907678
v 0.404996 0.160537 2.430227
v 0.352973 1.273603 -0.340568
v 0.391393 0.382440 -1.821294
v 0.393587 0.557156 -2.012072
v 0.502946 0.834516 -1.989924
v 0.549252 0.248525 -1.679447
v 0.496051 0.960115 -1.643680
v 0.576310 0.160537 1.757344
v 0.212574 0.160537 2.015409
v 0.183415 0.160537 2.241197
v 0.320766 0.160537 2.340134
v 0.393820 0.160537 2.133189
v 0.429544 0.160537 1.888782
v 0.272843 0.807646 1.788467
v 0.340624 0.354782 -1.725088
v 0.351618 0.483541 -1.865259
v 0.222007 1.287479 -0.072745
v 0.332523 0.710610 -1.996436
v 0.297287 0.890590 1.242844
v 0.284536 0.867628 1.538179
v 0.264307 0.673869 2.172240
v 0.261238 1.088542 0.655234
v 0.259848 1.151779 -0.738201
v 0.347617 0.271239 -1.698636
v 0.349102 0.915355 -1.978834
v 0.336007 0.965505 -1.802479
v 0.272625 0.364951 2.407907
v 0.271776 0.227115 2.388489
v 0.316038 0.963834 -1.498623
v 0.584192 0.160537 -1.006773
v 0.209711 0.160537 -0.513282
v 0.556757 0.160537 0.643040
v 0.211786 0.160537 1.126068
v 0.562882 0.160537 0.011141
v 0.402249 0.160537 -0.266582
v 0.398698 0.160537 0.335409
v 0.420356 0.160537 0.874243
v 0.421125 0.160537 -0.759363
v 0.423571 0.160537 1.406839
v 0.423571 0.204358 -1.343489
v 0.425963 0.485339 1.727333
v 0.425042 0.671810 1.251234
v 0.426471 0.486673 1.086896
v 0.424560 0.671740 1.541640
v 0.584940 0.708853 1.392576
v 0.899972 0.583706 1.664319
v 0.574083 0.372506 1.062491
v 0.878280 0.589804 1.147026
v 0.888404 0.362671 1.749659
v 0.424800 0.263169 1.055871
v 0.581091 0.369063 1.749658
v 0.577831 0.596729 1.144633
v 0.869692 0.368299 1.063799
v 0.583773 0.593736 1.664254
v 0.904976 0.703942 1.393371
v 0.850201 0.160537 0.013532
v 0.831129 0.160537 0.644376
v 0.905434 0.160537 -1.006773
v 0.572877 0.160537 1.056334
v 0.574389 0.160537 -0.513683
v 0.860550 0.160537 1.757344
v 0.578671 0.160537 2.014885
v 0.718805 0.160537 1.888259
v 0.540026 0.160537 2.240936
v 0.707456 0.160537 2.121296
v 0.831816 0.351164 2.153286
v 0.795838 0.503942 2.279653
v 0.815488 0.160537 2.133190
v 0.523157 0.503437 2.436009
v 0.266757 0.507704 2.465206
v 0.809912 0.160537 2.006516
v 0.721875 0.263369 1.055857
v 0.737897 0.678572 1.252267
v 0.738935 0.482031 1.727410
v 0.723649 0.487637 1.086248
v 0.745516 0.675674 1.543386
v 0.737644 0.160537 -0.758660
v 0.705021 0.160537 0.874494
v 0.697901 0.160537 0.335880
v 0.719210 0.160537 -0.265720
v 0.730079 0.260660 1.756407
v 0.424774 0.261905 1.756407
v 0.742788 0.663804 -1.456396
v 0.741559 0.530088 -1.633309
v 0.743685 0.499792 -1.041579
v 0.902613 0.383274 -0.997461
v 0.901516 0.599754 -1.115655
v 0.900895 0.609635 -1.566501
v 0.891063 0.438465 -1.667529
v 0.448361 0.663799 -1.456406
v 0.447739 0.529941 -1.632621
v 0.448703 0.499792 -1.042879
v 0.592504 0.383274 -0.998499
v 0.593633 0.599754 -1.117524
v 0.592950 0.609525 -1.565847
v 0.585709 0.437462 -1.664768
v 0.744433 0.269928 -0.991742
v 0.436041 0.269928 -0.992160
v 0.713149 0.343599 -1.677320
v 0.435427 0.342743 -1.677095
v 1.064477 0.662644 -1.212376
v 0.425754 0.370498 1.406277
v 0.426035 0.588145 1.405658
v 0.846154 0.932195 -1.497994
v 0.645051 0.953676 -1.497855
v 0.956099 0.861256 -1.217142
v 0.301630 0.990577 -1.240774
v 0.743134 0.662644 -1.213960
v 0.448711 0.662644 -1.214883
v 0.593215 0.683749 -1.329810
v 0.901098 0.683749 -1.329379
v 0.484301 0.967135 -1.362168
v 1.018914 0.780530 -1.345315
v 0.891529 0.907467 -1.358312
v 0.740935 0.948541 -1.356218
v 0.148128 0.975564 -1.367487
v 0.444666 0.410324 -1.331804
v 0.448601 0.601484 -1.343211
v 0.993503 0.585664 0.953764
v 0.964163 0.564375 0.343821
v 0.976405 0.450225 0.688565
v 0.989488 0.732926 1.071082
v 0.944449 0.866538 1.150515
v 0.881749 0.764434 0.771434
v 0.953127 0.739419 0.922501
v 1.060913 0.573952 1.168093
v 1.070224 0.450058 1.131314
v 1.060913 0.336445 1.069714
v 1.018312 0.468352 1.087148
v 1.060913 0.672330 1.405600
v 1.070224 0.610731 1.291987
v 1.018312 0.654896 1.273693
v 1.060913 0.573952 1.643106
v 1.070224 0.610731 1.519213
v 1.018312 0.654896 1.537507
v 1.060913 0.336445 1.741485
v 1.070224 0.450058 1.679886
v 1.018312 0.468352 1.724051
v 1.060913 0.098938 1.643107
v 1.070224 0.222832 1.679886
v 1.018312 0.204538 1.724051
v 1.060913 0.000559 1.405600
v 1.070224 0.062159 1.519213
v 1.018312 0.017993 1.537507
v 1.060913 0.098938 1.168093
v 1.070224 0.062159 1.291987
v 1.018312 0.017993 1.273693
v 1.070224 0.222832 1.131314
v 1.018312 0.204538 1.087148
v 0.794397 0.573952 1.168093
v 0.836999 0.468352 1.087148
v 0.794397 0.336445 1.069714
v 0.785087 0.450058 1.131314
v 0.794397 0.672330 1.405600
v 0.836999 0.654897 1.273693
v 0.785087 0.610731 1.291987
v 0.794397 0.573952 1.643107
v 0.836999 0.654897 1.537507
v 0.785087 0.610731 1.519213
v 0.794397 0.336445 1.741485
v 0.836999 0.468352 1.724051
v 0.785087 0.450058 1.679886
v 0.794397 0.098938 1.643107
v 0.836999 0.204538 1.724051
v 0.785087 0.222832 1.679886
v 0.794397 0.000559 1.405600
v 0.836999 0.017993 1.537507
v 0.785087 0.062159 1.519213
v 0.794397 0.098938 1.168093
v 0.836999 0.017993 1.273693
v 0.785087 0.062159 1.291987
v 0.836999 0.204538 1.087148
v 0.785087 0.222832 1.131314
v 1.071870 0.336445 1.211595
v 1.071870 0.473627 1.268418
v 0.927655 0.336445 1.059135
v 0.927655 0.091457 1.160612
v 0.927655 0.581433 1.160612
v 1.071870 0.199263 1.268418
v 1.071870 0.530450 1.405600
v 0.927655 0.682910 1.405600
v 1.071870 0.473627 1.542782
v 0.927655 0.581433 1.650588
v 1.071870 0.336445 1.599604
v 0.927655 0.336445 1.752065
v 1.071870 0.199263 1.542782
v 0.927655 0.091457 1.650587
v 1.071870 0.142440 1.405600
v 0.927655 -0.010020 1.405600
v 0.783441 0.473627 1.268418
v 0.783441 0.336445 1.211595
v 0.783441 0.199263 1.268418
v 0.783441 0.530449 1.405600
v 0.783441 0.473627 1.542782
v 0.783441 0.336445 1.599604
v 0.783441 0.199263 1.542782
v 0.783441 0.142440 1.405600
v 1.090913 0.573952 -1.581907
v 1.100224 0.450058 -1.618686
v 1.090913 0.336445 -1.680286
v 1.048311 0.468352 -1.662852
v 1.090913 0.672330 -1.344401
v 1.100224 0.610731 -1.458013
v 1.048311 0.654896 -1.476307
v 1.090913 0.573952 -1.106894
v 1.100224 0.610731 -1.230788
v 1.048311 0.654896 -1.212494
v 1.090913 0.336445 -1.008515
v 1.100224 0.450058 -1.070114
v 1.048311 0.468352 -1.025949
v 1.090913 0.098938 -1.106894
v 1.100224 0.222832 -1.070114
v 1.048311 0.204538 -1.025949
v 1.090913 0.000559 -1.344401
v 1.100224 0.062159 -1.230788
v 1.048311 0.017993 -1.212494
v 1.090913 0.098938 -1.581907
v 1.100224 0.062159 -1.458013
v 1.048311 0.017993 -1.476308
v 1.100224 0.222832 -1.618687
v 1.048311 0.204538 -1.662852
v 0.824397 0.573952 -1.581907
v 0.866999 0.468352 -1.662852
v 0.824397 0.336445 -1.680286
v 0.815087 0.450058 -1.618686
v 0.824397 0.672330 -1.344401
v 0.866999 0.654897 -1.476308
v 0.815087 0.610731 -1.458014
v 0.824397 0.573952 -1.106894
v 0.866999 0.654897 -1.212494
v 0.815087 0.610731 -1.230788
v 0.824398 0.336445 -1.008515
v 0.866999 0.468352 -1.025949
v 0.815087 0.450058 -1.070115
v 0.824398 0.098938 -1.106894
v 0.866999 0.204538 -1.025949
v 0.815087 0.222832 -1.070114
v 0.824398 0.000559 -1.344401
v 0.866999 0.017993 -1.212494
v 0.815087 0.062159 -1.230788
v 0.824398 0.098938 -1.581907
v 0.866999 0.017993 -1.476307
v 0.815087 0.062159 -1.458014
v 0.866999 0.204538 -1.662852
v 0.815087 0.222832 -1.618686
v 1.101870 0.336445 -1.538405
v 1.101870 0.473627 -1.481582
v 0.957655 0.336445 -1.690866
v 0.957655 0.091457 -1.589388
v 0.957655 0.581433 -1.589388
v 1.101870 0.199263 -1.481582
v 1.101870 0.530450 -1.344400
v 0.957655 0.682910 -1.344401
v 1.101870 0.473627 -1.207219
v 0.957655 0.581433 -1.099413
v 1.101870 0.336445 -1.150396
v 0.957655 0.336445 -0.997935
v 1.101870 0.199263 -1.207218
v 0.957655 0.091457 -1.099413
v 1.101870 0.142440 -1.344401
v 0.957655 -0.010020 -1.344401
v 0.813441 0.473627 -1.481582
v 0.813441 0.336445 -1.538405
v 0.813441 0.199263 -1.481582
v 0.813441 0.530449 -1.344400
v 0.813441 0.473627 -1.207218
v 0.813441 0.336445 -1.150396
v 0.813441 0.199263 -1.207219
v 0.813441 0.142440 -1.344401
v 1.031986 0.910978 0.841802
v 1.032485 0.954545 0.885559
v 1.007035 0.993779 0.846174
v 1.023561 0.951878 0.792261
v 0.976028 0.885887 0.824632
v 0.836085 0.985888 0.884428
v 0.838840 0.918944 0.878007
v 0.887093 0.873605 0.923128
v 0.837660 0.974265 0.935465
v 0.881808 0.927037 0.981794
v 0.914318 0.893064 0.958270
v 0.969548 0.990189 0.916520
v 0.892071 0.871451 0.870430
v 0.932601 1.003622 0.833852
v 0.999495 0.908896 0.910229
v 0.875290 0.973516 0.967953
v 0.888305 0.998716 0.908013
v 0.941166 0.880333 0.895437
v 0.936404 0.942934 0.960593
v 0.890999 0.936517 0.837514
v 0.834388 0.912321 0.915853
v 0.853760 0.891592 0.936334
v 0.832083 0.935748 0.941742
v 0.851455 0.915019 0.962223
v 0.831661 0.945193 0.909293
v 0.857816 0.891927 0.902765
v 0.878038 0.895940 0.958037
v 0.852569 0.947821 0.964391
v 0.771187 0.877199 0.949285
v 0.784596 0.862851 0.963462
v 0.769591 0.893415 0.967206
v 0.783000 0.879067 0.981383
v 0.825239 0.887552 0.961097
v 0.813720 0.911016 0.963971
v 0.816169 0.886118 0.936456
v 0.804651 0.909582 0.939330
v 0.986593 0.947815 0.786377
v 0.954312 0.909047 0.807665
v 0.843765 0.962313 0.858369
v 0.847441 0.924331 0.861222
v 0.877082 0.896702 0.849765
v 0.927865 0.977124 0.813698
v 0.981175 0.985837 0.788477
v 1.004091 0.911054 0.784236
v 0.916648 0.883151 0.834105
v 0.827046 0.958276 0.869681
v 0.867418 0.989481 0.846266
v 0.862415 0.887252 0.860745
v 0.524098 0.719920 2.100577
v 0.289191 0.276600 -1.670550
v 0.281127 0.291600 -1.168667
v 0.304642 0.285478 -1.450012
v 0.268492 0.274727 -1.450469
v 0.260549 0.253254 -1.673274
v 0.251785 0.267804 -1.168459
v 0.250525 0.241561 -1.450305
v 0.256775 0.216415 -1.676453
v 0.247859 0.230242 -1.167476
v 0.261265 0.205409 -1.449614
v 0.280079 0.187664 -1.678224
v 0.271649 0.200918 -1.166294
v 0.294421 0.187447 -1.448801
v 0.316810 0.183843 -1.677551
v 0.309219 0.197009 -1.165605
v 0.330571 0.198198 -1.448343
v 0.345452 0.207189 -1.674827
v 0.338561 0.220805 -1.165813
v 0.348539 0.231364 -1.448508
v 0.349227 0.244028 -1.671649
v 0.342487 0.258367 -1.166796
v 0.337799 0.267516 -1.449199
v 0.325923 0.272778 -1.669877
v 0.318697 0.287691 -1.167978
v 0.133749 0.293911 -1.668997
v 0.126066 0.307732 -1.171510
v 0.149587 0.301764 -1.452258
v 0.113338 0.290978 -1.452892
v 0.104492 0.269961 -1.674311
v 0.096724 0.283936 -1.171301
v 0.095327 0.257708 -1.453150
v 0.100687 0.232183 -1.681138
v 0.092798 0.246374 -1.170319
v 0.106104 0.221443 -1.452880
v 0.124562 0.202705 -1.685479
v 0.116588 0.217050 -1.169137
v 0.139356 0.203426 -1.452240
v 0.162132 0.198797 -1.684790
v 0.154158 0.213142 -1.168448
v 0.175604 0.214212 -1.451606
v 0.191389 0.222746 -1.679475
v 0.183501 0.236938 -1.168656
v 0.193615 0.247482 -1.451348
v 0.195194 0.260525 -1.672648
v 0.187426 0.274499 -1.169639
v 0.182839 0.283747 -1.451618
v 0.171319 0.290002 -1.668308
v 0.163636 0.303823 -1.170821
v 0.300429 0.295267 -1.843679
v 0.273946 0.273164 -1.859001
v 0.270709 0.238347 -1.880041
v 0.292615 0.211210 -1.894476
v 0.326830 0.207650 -1.893848
v 0.353313 0.229753 -1.878527
v 0.356550 0.264570 -1.857486
v 0.334644 0.291707 -1.843052
v 0.141528 0.311149 -1.830946
v 0.112586 0.286634 -1.856632
v 0.109225 0.248055 -1.892267
v 0.133415 0.218011 -1.916978
v 0.170985 0.214103 -1.916289
v 0.199927 0.238618 -1.890604
v 0.203288 0.277197 -1.854969
v 0.179098 0.307241 -1.830258
v 0.335232 0.193777 -1.812226
v 0.351921 0.225212 -1.801200
v 0.101436 0.250621 -1.806038
v 0.112529 0.213787 -1.826256
v 0.188632 0.277230 -1.784019
v 0.155249 0.295482 -1.776173
v 0.119131 0.284460 -1.785293
v 0.270191 0.200544 -1.813419
v 0.301378 0.183559 -1.817287
v 0.182030 0.206556 -1.824982
v 0.199725 0.240395 -1.804237
v 0.276629 0.266216 -1.791861
v 0.259940 0.234781 -1.802887
v 0.341669 0.259449 -1.790669
v 0.145912 0.195534 -1.834103
v 0.310482 0.276434 -1.786800
v 0.338612 0.430333 -1.929771
v 0.309622 0.405903 -1.952381
v 0.306195 0.367445 -1.983667
v 0.330337 0.337487 -2.005303
v 0.367907 0.333578 -2.004614
v 0.396897 0.358008 -1.982005
v 0.400324 0.396466 -1.950718
v 0.376182 0.426424 -1.929083
v 0.169677 0.416677 -1.944683
v 0.140687 0.392247 -1.967292
v 0.137259 0.353789 -1.998578
v 0.161402 0.323831 -2.020214
v 0.198972 0.319922 -2.019525
v 0.227962 0.344353 -1.996915
v 0.231389 0.382811 -1.965630
v 0.207247 0.412769 -1.943994
v 0.360226 0.269936 -1.944425
v 0.376742 0.301865 -1.918956
v 0.199993 0.267940 -1.962795
v 0.217472 0.302169 -1.928029
v 0.366237 0.336605 -1.893983
v 0.206162 0.339393 -1.893791
v 0.334865 0.353806 -1.884134
v 0.301003 0.343392 -1.895178
v 0.172690 0.357806 -1.880137
v 0.136662 0.346623 -1.895065
v 0.284487 0.311463 -1.920647
v 0.119183 0.312395 -1.929831
v 0.294992 0.276723 -1.945621
v 0.130493 0.275171 -1.964069
v 0.326364 0.259522 -1.955469
v 0.163965 0.256757 -1.977723
v 0.342250 0.422531 -1.935676
v 0.319149 0.402089 -1.954477
v 0.316219 0.369224 -1.981213
v 0.335286 0.344395 -1.999241
v 0.364269 0.341380 -1.998709
v 0.387370 0.361822 -1.979909
v 0.390299 0.394687 -1.953173
v 0.371233 0.419516 -1.935145
v 0.173315 0.408876 -1.950588
v 0.150214 0.388434 -1.969388
v 0.147284 0.355569 -1.996124
v 0.166351 0.330740 -2.014151
v 0.195334 0.327724 -2.013620
v 0.218435 0.348166 -1.994820
v 0.221364 0.381031 -1.968084
v 0.202298 0.405860 -1.950056
v 0.325324 0.418062 -1.940998
v 0.357379 0.428173 -1.929594
v 0.309311 0.386528 -1.967998
v 0.319461 0.352272 -1.994519
v 0.349140 0.335738 -2.004791
v 0.381195 0.345849 -1.993387
v 0.397208 0.377383 -1.966387
v 0.387058 0.411639 -1.939867
v 0.156389 0.404406 -1.955909
v 0.188443 0.414517 -1.944506
v 0.140375 0.372872 -1.982909
v 0.150525 0.338616 -2.009430
v 0.180205 0.322083 -2.019702
v 0.212260 0.332194 -2.008298
v 0.228273 0.363728 -1.981298
v 0.218123 0.397983 -1.954778
v 0.341545 0.386084 -1.910244
v 0.324047 0.370600 -1.924485
v 0.321828 0.345705 -1.944737
v 0.336270 0.326898 -1.958392
v 0.358225 0.324614 -1.957990
v 0.375723 0.340098 -1.943749
v 0.377942 0.364993 -1.923497
v 0.363500 0.383800 -1.909842
v 0.172610 0.372428 -1.925155
v 0.155112 0.356944 -1.939396
v 0.152893 0.332050 -1.959648
v 0.167335 0.313242 -1.973304
v 0.189289 0.310958 -1.972901
v 0.206788 0.326443 -1.958660
v 0.209007 0.351337 -1.938408
v 0.194564 0.370144 -1.924753
v 0.148583 0.358540 -1.966190
v 0.161292 0.384017 -1.944399
v 0.325494 0.344566 -1.972691
v 0.317518 0.372195 -1.951279
v 0.156559 0.330910 -1.987602
v 0.348273 0.331633 -1.980771
v 0.179338 0.317977 -1.995682
v 0.372917 0.339632 -1.971822
v 0.203982 0.325976 -1.986733
v 0.385626 0.365109 -1.950030
v 0.216691 0.351454 -1.964941
v 0.377651 0.392739 -1.928618
v 0.208716 0.379083 -1.943530
v 0.354872 0.405672 -1.920539
v 0.330227 0.397673 -1.929488
v 0.185937 0.392016 -1.935450
v -0.766288 0.890613 1.551949
v -0.696369 1.007671 0.375381
v -0.994932 0.747419 -0.804497
v -1.022361 0.349887 -1.806234
v -1.044449 0.249456 -0.751274
v -0.944527 0.609574 0.256586
v -0.136176 0.510685 2.464600
v -0.864658 0.894449 -0.744416
v -0.970257 0.227729 0.338493
v -0.987664 0.457755 -0.259896
v -0.624008 1.086808 0.598277
v -0.142831 0.994506 -1.246155
v -0.643628 0.240165 2.308044
v -0.135941 0.226586 2.388555
v -1.037139 0.524406 -1.829052
v -0.959150 0.258923 1.895435
v -0.136489 0.364428 2.408231
v -0.506324 0.964792 -1.803037
v -0.835816 0.441354 2.205283
v -0.980389 0.473748 1.930753
v -0.518939 0.915716 -1.979643
v -0.461911 0.258823 -1.703065
v -0.770193 0.914045 1.177897
v -0.123058 1.155889 -0.749180
v -0.121908 1.088617 0.671033
v -0.134827 0.676844 2.170225
v -0.726547 0.481968 -1.983398
v -0.496570 1.259440 -0.047278
v -0.599397 1.117907 -0.680252
v -0.987130 0.243659 0.876372
v -1.034187 0.482716 -0.771089
v -0.779492 0.261171 -1.736587
v -0.783130 0.727893 -2.008576
v -0.440113 0.883850 1.549983
v -0.934318 0.905098 -1.813984
v -0.480388 0.900887 1.222857
v -0.710864 0.721433 2.040067
v -0.998826 0.779744 1.203923
v -0.899248 0.752356 -0.389958
v -0.722412 0.962747 -1.210636
v -0.174142 0.710413 -1.994406
v -1.006824 0.746299 -1.815875
v -0.106404 1.290172 -0.077093
v -0.175809 0.483678 -1.865309
v -0.383710 0.319151 -1.763914
v -0.811954 0.912454 -1.985963
v -0.784609 0.955856 -1.807417
v -0.718670 0.318208 -1.866802
v -0.911928 0.902737 -1.497988
v -1.019982 0.769396 -1.479619
v -0.678439 1.031552 -0.543118
v -0.653307 1.058162 -0.109305
v -0.136246 0.803019 1.784452
v -0.971661 0.447626 0.361132
v -1.004001 0.228089 -0.265011
v -0.922719 0.630580 -0.177458
v -0.829199 0.752803 -0.136499
v -0.859892 0.748767 0.424558
v -0.993879 0.458546 0.918058
v -0.982972 0.689348 0.975643
v -0.999032 0.769509 1.537188
v -0.675431 0.514132 2.367045
v -0.657090 0.388237 2.336362
v -0.512471 0.740899 2.030311
v -0.957290 0.676972 1.881950
v -0.211378 0.162063 -0.762058
v -0.211250 0.160537 0.891780
v -0.208676 0.160537 0.336462
v -0.209120 0.160537 -0.265757
v -0.215803 0.160537 1.881695
v -0.201566 0.160537 2.133190
v -0.160579 0.160537 2.340134
v -0.822987 0.256126 2.133538
v -0.408507 0.818155 1.798829
v -0.170312 0.354959 -1.725202
v -0.394403 0.465298 -1.908762
v -0.347414 1.280158 -0.062836
v -0.458588 0.710469 -2.001647
v -0.139492 0.886320 1.255993
v -0.139019 0.859939 1.534130
v -0.381915 0.670057 2.170316
v -0.422403 1.088537 0.631242
v -0.412758 1.142138 -0.715836
v -0.184908 0.275424 -1.689613
v -0.175178 0.914858 -1.978396
v -0.166759 0.965478 -1.802113
v -0.406085 0.228578 2.385774
v -0.407434 0.366660 2.405355
v -0.480242 0.982152 -1.229513
v -0.568725 0.160537 -0.266591
v -0.557627 0.160537 0.335199
v -0.563760 0.160537 0.874251
v -0.580200 0.160537 -0.759105
v -0.211932 0.160537 1.416720
v -0.211138 0.205433 -1.335901
v -0.585149 0.675841 1.542792
v -0.575325 0.488509 1.086057
v -0.582514 0.484808 1.727385
v -0.581806 0.677495 1.251617
v -0.573373 0.263693 1.055749
v -0.894681 0.160537 -0.757961
v -0.905513 0.668393 1.543047
v -0.871088 0.482251 1.088156
v -0.895141 0.475508 1.727393
v -0.892867 0.671969 1.253363
v -0.870259 0.261634 1.056348
v -0.581115 0.160537 1.888716
v -0.480590 0.160537 2.339487
v -0.567269 0.160537 2.132078
v -0.785181 0.160537 2.092507
v -0.835708 0.160537 1.887670
v -0.845746 0.160537 0.874968
v -0.835066 0.160537 0.337195
v -0.867029 0.160537 -0.264181
v -0.876195 0.258468 1.756406
v -0.578935 0.261645 1.756407
v -0.901884 0.499792 -1.040627
v -0.899758 0.530355 -1.634636
v -0.900941 0.663814 -1.456422
v -0.593723 0.499792 -1.042298
v -0.592044 0.529970 -1.632738
v -0.593050 0.663800 -1.456394
v -0.903868 0.269928 -0.991489
v -0.589028 0.269928 -0.991961
v -0.869603 0.345011 -1.679081
v -0.570228 0.342944 -1.676827
v -0.901282 0.662644 -1.213230
v -0.593399 0.662644 -1.214483
v -0.424787 0.262537 1.406139
v -0.426234 0.485381 1.407247
v -0.425290 0.651351 1.400142
v -0.489080 0.960150 -1.498212
v -1.016972 0.773391 -1.214698
v -0.871188 0.916524 -1.211997
v -0.759172 0.944257 -1.497805
v -0.153552 0.965333 -1.498824
v -0.435734 0.306336 -1.334627
v -0.448221 0.514472 -1.337905
v -0.448541 0.649708 -1.339776
v -0.390295 0.501793 2.463499
v -0.904109 0.797772 0.909905
v -0.891305 0.900656 1.093821
v -1.060913 0.465012 1.095212
v -1.060913 0.646833 1.277033
v -1.060913 0.646833 1.534167
v -1.060913 0.465012 1.715987
v -1.060913 0.207878 1.715987
v -1.060913 0.026057 1.534166
v -1.060913 0.026057 1.277033
v -1.060913 0.207878 1.095212
v -0.794397 0.465012 1.095212
v -0.794397 0.646833 1.277033
v -0.794397 0.646832 1.534166
v -0.794397 0.465012 1.715987
v -0.794397 0.207878 1.715988
v -0.794397 0.026057 1.534166
v -0.794397 0.026057 1.277033
v -0.794397 0.207878 1.095212
v -1.071752 0.422123 1.198755
v -0.927655 0.204011 1.085876
v -0.927655 0.468879 1.085876
v -1.071752 0.250767 1.198755
v -1.071752 0.543290 1.319922
v -0.927655 0.656168 1.273166
v -1.071752 0.543290 1.491278
v -0.927655 0.656168 1.538033
v -1.071752 0.422123 1.612445
v -0.927655 0.468879 1.725323
v -1.071752 0.250767 1.612444
v -0.927655 0.204011 1.725323
v -1.071752 0.129600 1.491278
v -0.927655 0.016721 1.538033
v -1.071752 0.129600 1.319922
v -0.927655 0.016721 1.273166
v -0.783558 0.422123 1.198755
v -0.783558 0.250767 1.198755
v -0.783558 0.543290 1.319922
v -0.783558 0.543290 1.491278
v -0.783558 0.422123 1.612445
v -0.783558 0.250767 1.612445
v -0.783558 0.129600 1.491278
v -0.783558 0.129600 1.319922
v -1.090913 0.465012 -1.654788
v -1.090913 0.646833 -1.472967
v -1.090913 0.646833 -1.215834
v -1.090913 0.465012 -1.034013
v -1.090913 0.207878 -1.034013
v -1.090913 0.026057 -1.215834
v -1.090913 0.026057 -1.472967
v -1.090913 0.207878 -1.654788
v -0.824397 0.465012 -1.654788
v -0.824397 0.646833 -1.472967
v -0.824397 0.646832 -1.215834
v -0.824397 0.465012 -1.034013
v -0.824397 0.207878 -1.034013
v -0.824397 0.026057 -1.215834
v -0.824397 0.026057 -1.472967
v -0.824397 0.207878 -1.654788
v -1.101752 0.422123 -1.551245
v -0.957655 0.204011 -1.664124
v -0.957655 0.468879 -1.664124
v -1.101752 0.250767 -1.551245
v -1.101752 0.543290 -1.430079
v -0.957655 0.656168 -1.476834
v -1.101752 0.543290 -1.258723
v -0.957655 0.656168 -1.211967
v -1.101752 0.422123 -1.137556
v -0.957655 0.468879 -1.024677
v -1.101752 0.250767 -1.137556
v -0.957655 0.204011 -1.024677
v -1.101752 0.129600 -1.258723
v -0.957655 0.016721 -1.211967
v -1.101752 0.129600 -1.430079
v -0.957655 0.016721 -1.476834
v -0.813558 0.422123 -1.551245
v -0.813558 0.250767 -1.551245
v -0.813558 0.543290 -1.430079
v -0.813558 0.543290 -1.258723
v -0.813558 0.422123 -1.137556
v -0.813558 0.250767 -1.137556
v -0.813558 0.129600 -1.258723
v -0.813558 0.129600 -1.430079
v -1.037907 0.954204 0.834998
v -0.860895 0.929750 0.853804
v -0.821180 0.899553 0.967155
v -0.991012 0.950520 0.928348
v -0.907127 0.873473 0.913794
v -0.949085 1.005512 0.875925
v -0.851399 0.988231 0.927633
v -0.991742 0.888987 0.866995
v -0.900624 0.934210 0.978923
v -0.941157 0.943112 0.810643
v -0.840887 0.917871 0.896357
v -0.872769 0.884428 0.929392
v -0.837578 0.956111 0.938173
v -0.869063 0.922475 0.971430
v -0.822864 0.882435 0.948238
v -0.807025 0.914698 0.952190
v -0.808710 0.897581 0.933273
v -1.010014 0.950157 0.777079
v -0.964849 0.891086 0.807411
v -0.834190 0.979154 0.864181
v -0.840500 0.920789 0.866740
v -0.884528 0.878130 0.851390
v -0.925291 0.995884 0.816113
v -0.285515 0.283643 -1.450308
v -0.256261 0.259903 -1.450467
v -0.252354 0.222432 -1.450004
v -0.276083 0.193180 -1.449191
v -0.313548 0.189282 -1.448504
v -0.342803 0.213022 -1.448346
v -0.346710 0.250493 -1.448809
v -0.322981 0.279745 -1.449621
v -0.130407 0.299923 -1.452601
v -0.101076 0.276108 -1.453084
v -0.097165 0.238519 -1.453077
v -0.120965 0.209176 -1.452585
v -0.158535 0.205267 -1.451897
v -0.187867 0.229082 -1.451414
v -0.191778 0.266671 -1.451421
v -0.167977 0.296014 -1.451913
v -0.346631 0.207831 -1.807092
v -0.103445 0.231124 -1.817041
v -0.173673 0.289670 -1.778064
v -0.136103 0.293579 -1.778753
v -0.284150 0.188972 -1.816432
v -0.194147 0.221688 -1.815378
v -0.265229 0.252162 -1.796995
v -0.350111 0.243331 -1.795439
v -0.127487 0.201346 -1.832211
v -0.319309 0.185314 -1.815788
v -0.107014 0.269329 -1.794897
v -0.197716 0.259892 -1.793235
v -0.261749 0.216662 -1.808648
v -0.327710 0.271020 -1.787655
v -0.292551 0.274678 -1.788299
v -0.165057 0.197437 -1.831523
v -0.371557 0.284216 -1.932655
v -0.212011 0.283251 -1.946749
v -0.374806 0.320255 -1.905387
v -0.215346 0.321876 -1.909448
v -0.352169 0.348333 -1.886563
v -0.316905 0.352001 -1.887210
v -0.191138 0.351952 -1.883559
v -0.153568 0.355861 -1.884248
v -0.289672 0.329112 -1.906948
v -0.124644 0.331313 -1.911111
v -0.286422 0.293073 -1.934216
v -0.121309 0.292687 -1.948412
v -0.309060 0.264995 -1.953040
v -0.145517 0.262611 -1.974301
v -0.344324 0.261326 -1.952393
v -0.183087 0.258702 -1.973613
v -0.319024 0.357465 -1.962975
v -0.152663 0.372689 -1.954392
v -0.340431 0.426432 -1.932724
v -0.314385 0.403996 -1.953429
v -0.311207 0.368335 -1.982440
v -0.332811 0.340941 -2.002272
v -0.366088 0.337479 -2.001662
v -0.392133 0.359915 -1.980956
v -0.395312 0.395577 -1.951945
v -0.373708 0.422970 -1.932114
v -0.171496 0.412777 -1.947635
v -0.145450 0.390340 -1.968340
v -0.142272 0.354679 -1.997351
v -0.163876 0.327285 -2.017183
v -0.197153 0.323823 -2.016572
v -0.223198 0.346259 -1.995867
v -0.226377 0.381921 -1.966856
v -0.204772 0.409315 -1.947025
v -0.180950 0.341693 -1.949028
v -0.349885 0.355349 -1.934117
v -0.150089 0.343809 -1.977886
v -0.335778 0.335647 -1.978817
v -0.166843 0.321991 -1.993727
v -0.361247 0.332997 -1.978349
v -0.192312 0.319341 -1.993261
v -0.381547 0.350960 -1.961829
v -0.212612 0.337304 -1.976740
v -0.384121 0.379840 -1.938335
v -0.215186 0.366184 -1.953246
v -0.367366 0.401658 -1.922493
v -0.341898 0.404308 -1.922960
v -0.198431 0.388002 -1.937404
v -0.172962 0.390652 -1.937871
v -0.321598 0.386345 -1.939481
v 0.766288 0.890613 1.551950
v 0.696369 1.007671 0.375381
v 0.994932 0.747419 -0.804497
v 1.022361 0.349887 -1.806234
v 1.044449 0.249456 -0.751274
v 0.944527 0.609574 0.256586
v 0.136176 0.510685 2.464600
v 0.864658 0.894449 -0.744416
v 0.970257 0.227729 0.338493
v 0.987664 0.457755 -0.259896
v 0.624008 1.086808 0.598277
v 0.142831 0.994506 -1.246155
v 0.643628 0.240165 2.308044
v 0.135941 0.226586 2.388555
v 1.037139 0.524406 -1.829052
v 0.959150 0.258923 1.895435
v 0.136489 0.364428 2.408231
v 0.506324 0.964792 -1.803037
v 0.835816 0.441354 2.205283
v 0.980389 0.473748 1.930753
v 0.518939 0.915716 -1.979643
v 0.461911 0.258823 -1.703065
v 0.770193 0.914045 1.177898
v 0.123057 1.155889 -0.749180
v 0.121908 1.088617 0.671033
v 0.134827 0.676844 2.170225
v 0.726547 0.481968 -1.983398
v 0.496570 1.259440 -0.047278
v 0.599397 1.117907 -0.680251
v 0.987130 0.243659 0.876372
v 1.034187 0.482716 -0.771089
v 0.779492 0.261171 -1.736587
v 0.783130 0.727893 -2.008576
v 0.440113 0.883850 1.549983
v 0.934318 0.905098 -1.813984
v 0.480388 0.900887 1.222857
v 0.710864 0.721433 2.040067
v 0.998826 0.779745 1.203923
v 0.899248 0.752356 -0.389958
v 0.722412 0.962747 -1.210636
v 0.174142 0.710413 -1.994406
v 1.006824 0.746299 -1.815875
v 0.106404 1.290172 -0.077093
v 0.175809 0.483678 -1.865309
v 0.383710 0.319151 -1.763914
v 0.811954 0.912454 -1.985963
v 0.784609 0.955856 -1.807417
v 0.718670 0.318208 -1.866803
v 0.911928 0.902737 -1.497988
v 1.019982 0.769396 -1.479619
v 0.678439 1.031552 -0.543118
v 0.653307 1.058162 -0.109305
v 0.136246 0.803019 1.784452
v 0.971661 0.447626 0.361132
v 1.004001 0.228089 -0.265011
v 0.922719 0.630580 -0.177458
v 0.829200 0.752803 -0.136499
v 0.859892 0.748767 0.424558
v 0.993879 0.458546 0.918058
v 0.982972 0.689348 0.975643
v 0.999032 0.769509 1.537188
v 0.675431 0.514132 2.367045
v 0.657090 0.388237 2.336362
v 0.512471 0.740899 2.030311
v 0.957290 0.676972 1.881950
v 0.211378 0.162063 -0.762058
v 0.211250 0.160537 0.891780
v 0.208676 0.160537 0.336462
v 0.209120 0.160537 -0.265757
v 0.215803 0.160537 1.881696
v 0.201565 0.160537 2.133190
v 0.160579 0.160537 2.340134
v 0.822987 0.256126 2.133538
v 0.408507 0.818155 1.798829
v 0.170312 0.354959 -1.725202
v 0.394403 0.465298 -1.908762
v 0.347414 1.280158 -0.062836
v 0.458588 0.710469 -2.001647
v 0.139492 0.886320 1.255993
v 0.139019 0.859939 1.534130
v 0.381915 0.670057 2.170316
v 0.422403 1.088537 0.631242
v 0.412758 1.142138 -0.715836
v 0.184908 0.275424 -1.689613
v 0.175178 0.914858 -1.978396
v 0.166759 0.965478 -1.802113
v 0.406085 0.228578 2.385774
v 0.407434 0.366660 2.405355
v 0.480242 0.982152 -1.229513
v 0.568725 0.160537 -0.266591
v 0.557627 0.160537 0.335199
v 0.563760 0.160537 0.874251
v 0.580200 0.160537 -0.759105
v 0.211932 0.160537 1.416720
v 0.211138 0.205433 -1.335901
v 0.585149 0.675841 1.542792
v 0.575325 0.488509 1.086057
v 0.582514 0.484808 1.727385
v 0.581806 0.677495 1.251617
v 0.573373 0.263693 1.055749
v 0.894681 0.160537 -0.757961
v 0.905513 0.668393 1.543047
v 0.871088 0.482251 1.088156
v 0.895141 0.475508 1.727393
v 0.892867 0.671969 1.253363
v 0.870259 0.261634 1.056348
v 0.581115 0.160537 1.888716
v 0.480590 0.160537 2.339487
v 0.567269 0.160537 2.132078
v 0.785181 0.160537 2.092507
v 0.835708 0.160537 1.887670
v 0.845746 0.160537 0.874968
v 0.835066 0.160537 0.337195
v 0.867029 0.160537 -0.264181
v 0.876195 0.258468 1.756406
v 0.578935 0.261645 1.756407
v 0.901884 0.499792 -1.040627
v 0.899758 0.530355 -1.634636
v 0.900941 0.663814 -1.456422
v 0.593723 0.499792 -1.042298
v 0.592044 0.529970 -1.632738
v 0.593050 0.663800 -1.456395
v 0.903868 0.269928 -0.991489
v 0.589028 0.269928 -0.991961
v 0.869604 0.345011 -1.679081
v 0.570228 0.342944 -1.676827
v 0.901282 0.662644 -1.213230
v 0.593399 0.662644 -1.214483
v 0.424787 0.262537 1.406139
v 0.426234 0.485381 1.407247
v 0.425290 0.651351 1.400142
v 0.489080 0.960150 -1.498212
v 1.016972 0.773391 -1.214698
v 0.871188 0.916524 -1.211997
v 0.759173 0.944257 -1.497805
v 0.153552 0.965333 -1.498824
v 0.435734 0.306336 -1.334627
v 0.448221 0.514472 -1.337905
v 0.448541 0.649708 -1.339776
v 0.390295 0.501793 2.463499
v 0.904109 0.797772 0.909905
v 0.891305 0.900656 1.093820
v 1.060913 0.465012 1.095212
v 1.060913 0.646833 1.277033
v 1.060913 0.646833 1.534166
v 1.060913 0.465012 1.715987
v 1.060913 0.207878 1.715987
v 1.060913 0.026057 1.534166
v 1.060913 0.026057 1.277033
v 1.060913 0.207878 1.095212
v 0.794397 0.465012 1.095212
v 0.794397 0.646833 1.277033
v 0.794397 0.646833 1.534167
v 0.794397 0.465012 1.715987
v 0.794397 0.207878 1.715988
v 0.794397 0.026057 1.534167
v 0.794397 0.026057 1.277033
v 0.794397 0.207878 1.095212
v 1.071752 0.422123 1.198755
v 0.927655 0.204011 1.085877
v 0.927655 0.468879 1.085876
v 1.071752 0.250767 1.198755
v 1.071752 0.543290 1.319922
v 0.927655 0.656168 1.273166
v 1.071752 0.543290 1.491278
v 0.927655 0.656168 1.538034
v 1.071752 0.422123 1.612445
v 0.927655 0.468879 1.725323
v 1.071752 0.250767 1.612444
v 0.927655 0.204011 1.725323
v 1.071752 0.129600 1.491278
v 0.927655 0.016721 1.538034
v 1.071752 0.129600 1.319922
v 0.927655 0.016721 1.273166
v 0.783558 0.422123 1.198755
v 0.783558 0.250767 1.198755
v 0.783558 0.543290 1.319922
v 0.783558 0.543290 1.491278
v 0.783558 0.422123 1.612445
v 0.783558 0.250767 1.612444
v 0.783558 0.129600 1.491278
v 0.783558 0.129600 1.319922
v 1.090913 0.465012 -1.654788
v 1.090913 0.646833 -1.472967
v 1.090913 0.646833 -1.215834
v 1.090913 0.465012 -1.034013
v 1.090913 0.207878 -1.034013
v 1.090913 0.026057 -1.215834
v 1.090913 0.026057 -1.472967
v 1.090913 0.207878 -1.654788
v 0.824397 0.465012 -1.654788
v 0.824397 0.646833 -1.472967
v 0.824397 0.646833 -1.215834
v 0.824397 0.465012 -1.034013
v 0.824398 0.207878 -1.034013
v 0.824398 0.026057 -1.215834
v 0.824398 0.026057 -1.472967
v 0.824398 0.207878 -1.654788
v 1.101752 0.422123 -1.551245
v 0.957655 0.204011 -1.664124
v 0.957655 0.468879 -1.664124
v 1.101752 0.250767 -1.551245
v 1.101752 0.543290 -1.430079
v 0.957655 0.656168 -1.476834
v 1.101752 0.543290 -1.258723
v 0.957655 0.656168 -1.211967
v 1.101752 0.422123 -1.137556
v 0.957655 0.468879 -1.024677
v 1.101752 0.250767 -1.137556
v 0.957655 0.204011 -1.024677
v 1.101752 0.129600 -1.258723
v 0.957655 0.016721 -1.211967
v 1.101752 0.129600 -1.430079
v 0.957655 0.016721 -1.476834
v 0.813558 0.422123 -1.551245
v 0.813558 0.250767 -1.551245
v 0.813558 0.543290 -1.430079
v 0.813558 0.543290 -1.258723
v 0.813558 0.422123 -1.137556
v 0.813558 0.250767 -1.137556
v 0.813558 0.129600 -1.258723
v 0.813558 0.129600 -1.430079
v 1.037907 0.954204 0.834998
v 0.860895 0.929750 0.853804
v 0.821180 0.899553 0.967155
v 0.991012 0.950520 0.928348
v 0.907127 0.873474 0.913794
v 0.949085 1.005512 0.875925
v 0.851399 0.988231 0.927633
v 0.991742 0.888987 0.866995
v 0.900624 0.934210 0.978923
v 0.941157 0.943112 0.810643
v 0.840887 0.917871 0.896357
v 0.872770 0.884428 0.929392
v 0.837578 0.956111 0.938173
v 0.869063 0.922475 0.971430
v 0.822864 0.882435 0.948238
v 0.807025 0.914698 0.952190
v 0.808709 0.897581 0.933273
v 1.010014 0.950157 0.777079
v 0.964849 0.891086 0.807411
v 0.834190 0.979154 0.864181
v 0.840500 0.920788 0.866740
v 0.884528 0.878130 0.851390
v 0.925291 0.995884 0.816113
v 0.285515 0.283643 -1.450308
v 0.256261 0.259903 -1.450467
v 0.252354 0.222432 -1.450004
v 0.276083 0.193180 -1.449191
v 0.313548 0.189282 -1.448504
v 0.342803 0.213022 -1.448346
v 0.346710 0.250493 -1.448808
v 0.322981 0.279745 -1.449621
v 0.130407 0.299923 -1.452601
v 0.101076 0.276108 -1.453084
v 0.097165 0.238519 -1.453077
v 0.120965 0.209176 -1.452585
v 0.158535 0.205267 -1.451897
v 0.187867 0.229082 -1.451414
v 0.191778 0.266671 -1.451421
v 0.167977 0.296014 -1.451913
v 0.346631 0.207831 -1.807092
v 0.103445 0.231124 -1.817041
v 0.173673 0.289670 -1.778064
v 0.136103 0.293579 -1.778753
v 0.284150 0.188972 -1.816432
v 0.194147 0.221688 -1.815378
v 0.265229 0.252162 -1.796995
v 0.350111 0.243331 -1.795439
v 0.127487 0.201346 -1.832211
v 0.319309 0.185314 -1.815788
v 0.107014 0.269329 -1.794897
v 0.197716 0.259892 -1.793235
v 0.261749 0.216662 -1.808648
v 0.327710 0.271020 -1.787655
v 0.292551 0.274678 -1.788299
v 0.165057 0.197437 -1.831523
v 0.371557 0.284216 -1.932655
v 0.212011 0.283251 -1.946749
v 0.374807 0.320255 -1.905388
v 0.215346 0.321876 -1.909448
v 0.352169 0.348333 -1.886564
v 0.316905 0.352001 -1.887210
v 0.191138 0.351952 -1.883559
v 0.153568 0.355861 -1.884248
v 0.289672 0.329112 -1.906948
v 0.124644 0.331313 -1.911111
v 0.286422 0.293073 -1.934216
v 0.121309 0.292687 -1.948412
v 0.309060 0.264995 -1.953040
v 0.145517 0.262611 -1.974301
v 0.344324 0.261326 -1.952393
v 0.183087 0.258702 -1.973613
v 0.319024 0.357465 -1.962975
v 0.152663 0.372689 -1.954392
v 0.340431 0.426432 -1.932724
v 0.314385 0.403996 -1.953429
v 0.311207 0.368335 -1.982440
v 0.332811 0.340941 -2.002272
v 0.366088 0.337479 -2.001662
v 0.392133 0.359915 -1.980956
v 0.395312 0.395577 -1.951945
v 0.373708 0.422970 -1.932114
v 0.171496 0.412777 -1.947635
v 0.145450 0.390340 -1.968340
v 0.142272 0.354679 -1.997351
v 0.163876 0.327285 -2.017183
v 0.197153 0.323823 -2.016572
v 0.223198 0.346259 -1.995867
v 0.226377 0.381921 -1.966856
v 0.204772 0.409315 -1.947025
v 0.180950 0.341693 -1.949028
v 0.349885 0.355349 -1.934117
v 0.150089 0.343809 -1.977886
v 0.335778 0.335647 -1.978817
v 0.166843 0.321991 -1.993727
v 0.361247 0.332997 -1.978350
v 0.192312 0.319341 -1.993261
v 0.381547 0.350960 -1.961829
v 0.212612 0.337304 -1.976739
v 0.384121 0.379840 -1.938335
v 0.215186 0.366184 -1.953246
v 0.367366 0.401658 -1.922493
v 0.341898 0.404308 -1.922960
v 0.198431 0.388002 -1.937404
v 0.172962 0.390652 -1.937871
v 0.321598 0.386345 -1.939481
vn -0.4715 0.8593 0.1984
vn -0.1145 0.9908 0.0716
vn -0.4794 0.8758 0.0556
vn -0.4696 0.8282 0.3060
vn -0.1547 0.9693 0.1912
vn -0.1814 0.9293 0.3217
vn 0.0110 0.9870 0.1601
vn 0.0300 0.9984 0.0477
vn -0.8128 0.5821 -0.0222
vn -0.8179 0.5752 -0.0130
vn -0.8161 0.5776 -0.0201
vn -0.8161 0.5779 -0.0053
vn -0.8138 0.5809 -0.0156
vn -0.8184 0.5744 -0.0174
vn -0.8148 0.5791 -0.0281
vn -0.7261 0.6855 0.0535
vn -0.9330 0.3468 0.0960
vn -0.7531 0.6524 0.0854
vn -0.9083 0.4092 0.0871
vn -0.9783 0.1703 0.1178
vn -0.9027 0.3760 0.2094
vn -0.7795 0.6020 0.1730
vn -0.9874 -0.1023 -0.1208
vn -0.9411 -0.2788 -0.1914
vn -0.9653 -0.2437 -0.0935
vn -0.9750 -0.1164 -0.1891
vn -0.5328 -0.6325 -0.5622
vn -0.5980 -0.6726 -0.4359
vn -0.9385 -0.3094 -0.1533
vn -0.9529 -0.2917 -0.0827
vn -0.9950 0.0648 0.0761
vn -0.9961 0.0165 0.0862
vn -0.9983 -0.0051 0.0573
vn -0.9857 0.1455 0.0854
vn -0.9933 0.0726 0.0902
vn -0.9934 0.0716 0.0897
vn -0.9932 0.0503 0.1050
vn -0.9930 0.0312 0.1140
vn -0.9445 0.3286 0.0002
vn -0.7379 0.6749 -0.0028
vn -0.6281 0.7782 -0.0004
vn -0.8174 0.5752 -0.0302
vn -0.9593 0.2822 0.0070
vn -0.9525 0.2870 -0.1021
vn -0.3553 0.9346 0.0178
vn -0.0405 0.8374 0.5451
vn -0.0036 0.3398 0.9405
vn -0.0115 0.8394 0.5434
vn -0.0196 0.3365 0.9415
vn 0.0006 -0.3448 0.9387
vn -0.0000 -0.3432 0.9393
vn -0.0000 0.3372 0.9414
vn -0.0000 0.8394 0.5435
vn -0.4933 0.8690 0.0376
vn -0.5224 0.8463 0.1043
vn -0.7080 0.6810 0.1871
vn -0.6329 0.7712 0.0687
vn -0.4497 0.8916 -0.0535
vn -0.9929 0.0999 0.0641
vn -0.9994 0.0174 0.0293
vn -0.9948 0.0839 0.0570
vn -0.9992 -0.0136 -0.0379
vn -0.9988 0.0295 0.0396
vn -0.9990 -0.0224 -0.0385
vn -0.9999 -0.0055 0.0119
vn -0.9982 0.0419 0.0434
vn -0.9929 0.0995 0.0656
vn -0.9950 0.0709 0.0700
vn -0.9972 0.0710 0.0245
vn -0.9226 0.3767 0.0834
vn -0.9519 0.2612 0.1601
vn -0.9908 0.0964 0.0948
vn -0.0090 0.9886 0.1506
vn -0.3188 0.9021 0.2909
vn -0.1738 0.9759 0.1317
vn -0.0816 0.9220 0.3786
vn -0.3748 0.9159 0.1434
vn -0.5480 0.8169 0.1800
vn -0.4603 0.8841 -0.0805
vn -0.0421 0.9838 -0.1740
vn -0.0120 0.9934 -0.1141
vn -0.0280 0.9945 -0.1007
vn -0.0537 0.9773 -0.2048
vn -0.0204 0.9820 -0.1880
vn -0.0279 0.9736 -0.2267
vn -0.0000 0.9812 -0.1930
vn -0.0000 0.9930 -0.1178
vn -0.7025 -0.0273 0.7111
vn -0.5129 -0.2193 0.8300
vn -0.6543 -0.2773 0.7036
vn -0.7277 0.0995 0.6786
vn -0.5476 0.1311 0.8264
vn -0.5502 0.2923 0.7822
vn -0.3046 0.2928 0.9063
vn -0.3003 -0.1559 0.9410
vn -0.0089 0.3943 0.9190
vn -0.0021 -0.1199 0.9928
vn -0.0111 -0.1199 0.9927
vn -0.0112 0.5655 0.8246
vn -0.0003 0.3962 0.9182
vn -0.0002 0.5676 0.8233
vn -0.0000 0.3956 0.9184
vn -0.0000 -0.1208 0.9927
vn -0.9795 0.1443 -0.1407
vn -0.9900 0.0512 -0.1315
vn -0.9632 0.2446 -0.1117
vn -0.6323 0.0557 -0.7727
vn -0.9836 0.0215 -0.1790
vn -0.5558 -0.3878 -0.7354
vn -0.8682 -0.1439 0.4749
vn -0.8932 -0.1928 0.4063
vn -0.9013 -0.2026 0.3828
vn -0.8561 -0.1762 0.4858
vn -0.9043 -0.1452 0.4013
vn -0.8979 -0.2076 0.3883
vn -0.8955 -0.2329 0.3793
vn -0.0063 -0.3553 0.9347
vn -0.0023 -0.4932 0.8699
vn -0.0115 -0.4979 0.8672
vn -0.0000 -0.4921 0.8705
vn 0.0034 0.8247 -0.5656
vn -0.0121 0.9996 0.0266
vn -0.0027 0.9998 0.0189
vn 0.0012 0.8275 -0.5615
vn -0.0347 0.9987 0.0370
vn -0.0471 0.9985 0.0295
vn -0.0210 0.9996 0.0164
vn -0.0086 0.9999 0.0061
vn -0.7937 -0.2200 0.5671
vn -0.7619 -0.2702 0.5887
vn -0.6372 -0.4062 0.6549
vn -0.7093 0.1675 0.6848
vn -0.7007 0.4622 0.5435
vn -0.8747 -0.0744 0.4790
vn -0.8556 -0.2082 0.4739
vn -0.9274 -0.0409 0.3718
vn -0.8870 0.2537 0.3858
vn -0.9440 0.0398 0.3274
vn -0.9197 -0.0820 0.3841
vn 0.0160 0.1150 -0.9932
vn 0.0057 0.2305 -0.9731
vn 0.0123 0.0945 -0.9955
vn 0.0205 0.1272 -0.9917
vn 0.0104 0.2371 -0.9714
vn -0.0055 0.8312 -0.5559
vn 0.0878 -0.9007 -0.4256
vn 0.0500 -0.9843 0.1693
vn 0.2418 -0.8390 -0.4874
vn 0.0489 -0.9867 -0.1550
vn -0.0455 -0.9980 -0.0450
vn 0.1746 -0.5891 0.7890
vn 0.2974 -0.9530 0.0588
vn 0.2017 -0.6236 -0.7553
vn -0.0416 0.9985 0.0351
vn 0.0331 0.9992 0.0206
vn -0.2057 0.9783 0.0240
vn -0.0317 0.9458 -0.3233
vn -0.0804 0.9420 -0.3257
vn -0.0841 0.9444 -0.3178
vn -0.0000 0.9461 -0.3240
vn -0.0329 0.9436 -0.3294
vn -0.0000 0.9416 -0.3367
vn -0.0329 0.9414 -0.3356
vn -0.0759 0.9409 -0.3302
vn -0.0503 0.9203 0.3880
vn -0.0196 0.9224 0.3856
vn -0.0424 0.9214 0.3864
vn -0.0521 0.9188 0.3912
vn -0.0310 0.9213 0.3875
vn -0.0366 0.9200 0.3903
vn -0.0000 0.9221 0.3870
vn -0.0000 0.9232 0.3842
vn -0.0290 0.9345 0.3548
vn -0.0071 0.9380 0.3465
vn -0.0000 0.9390 0.3441
vn 0.0051 0.9502 0.3116
vn 0.0135 0.9429 0.3329
vn 0.0363 -0.3437 -0.9384
vn 0.0611 -0.5916 -0.8039
vn -0.5956 -0.1179 -0.7946
vn 0.0106 -0.0893 -0.9960
vn 0.2135 -0.4253 -0.8795
vn 0.4078 -0.5393 -0.7368
vn 0.4679 -0.5984 -0.6503
vn -0.6808 0.7313 0.0409
vn -0.4763 0.8792 -0.0150
vn -0.7203 0.6932 -0.0249
vn -0.0933 0.9867 0.1331
vn -0.1589 0.9873 0.0005
vn -0.5486 0.8316 -0.0865
vn -0.7716 0.6359 -0.0151
vn -0.1268 0.9719 -0.1982
vn -0.4444 0.8784 -0.1760
vn -0.2437 0.9325 -0.2667
vn -0.2577 0.9517 -0.1670
vn -0.2617 0.9607 -0.0931
vn -0.9931 -0.0066 -0.1171
vn -0.9858 0.0204 -0.1668
vn -0.9885 0.0207 -0.1499
vn -0.9987 -0.0275 -0.0421
vn -0.9919 -0.0067 -0.1267
vn -0.9909 -0.0074 -0.1342
vn -0.9841 0.0156 -0.1769
vn -0.9902 0.0773 0.1167
vn -0.9896 0.0788 0.1200
vn -0.0532 -0.9841 -0.1693
vn -0.0287 -0.9898 -0.1398
vn -0.0433 -0.9792 -0.1984
vn -0.0368 -0.9755 -0.2171
vn -0.0334 -0.9618 -0.2715
vn -0.0480 -0.9625 -0.2669
vn 0.0251 0.0548 -0.9982
vn -0.0030 0.0648 -0.9979
vn -0.6604 0.1707 -0.7312
vn -0.0156 0.1248 -0.9921
vn 0.0620 0.9954 0.0729
vn 0.0921 0.9875 0.1283
vn 0.0827 0.9863 0.1428
vn 0.0739 0.9961 0.0473
vn 0.1056 0.9639 0.2445
vn 0.0936 0.9688 0.2297
vn -0.8565 0.5162 -0.0061
vn -0.7566 0.6537 0.0151
vn -0.9051 0.4239 -0.0333
vn -0.6550 0.7541 0.0477
vn -0.3879 0.9200 0.0565
vn -0.3498 0.7914 -0.5014
vn -0.5902 0.4842 -0.6459
vn -0.6641 0.3097 -0.6804
vn 0.0372 0.9972 0.0645
vn 0.0194 0.9968 0.0781
vn 0.0517 0.9981 0.0343
vn 0.0326 0.9984 0.0466
vn 0.1058 0.9038 0.4147
vn -0.3174 0.7630 0.5631
vn -0.1180 0.8354 0.5368
vn 0.1453 0.9224 0.3579
vn -0.2260 0.8633 0.4513
vn -0.5031 0.7394 0.4473
vn -0.8893 0.4458 -0.1023
vn -0.7954 0.6060 0.0045
vn -0.7179 0.6935 -0.0604
vn -0.9418 0.2817 -0.1834
vn -0.9392 0.2940 -0.1774
vn -0.8699 0.4926 -0.0261
vn -0.8439 0.4471 0.2966
vn -0.7920 0.5559 0.2523
vn -0.8042 0.4375 0.4023
vn -0.7863 0.5927 0.1744
vn -0.0793 0.9948 -0.0645
vn -0.1535 0.9820 -0.1104
vn -0.0967 0.9875 -0.1243
vn -0.1338 0.9899 -0.0464
vn -0.2863 0.9568 -0.0501
vn 0.0322 0.0589 -0.9977
vn 0.0021 -0.4829 -0.8756
vn 0.1972 -0.4515 -0.8702
vn 0.0042 0.0840 -0.9965
vn 0.0068 0.0499 -0.9987
vn -0.0000 0.0829 -0.9966
vn -0.0000 0.0503 -0.9987
vn -0.0000 -0.4812 -0.8766
vn -0.9374 0.3428 -0.0610
vn -0.9636 0.2547 -0.0817
vn -0.0120 0.9986 0.0510
vn -0.0404 0.9991 0.0149
vn -0.0363 0.9981 0.0507
vn -0.0000 0.9999 0.0159
vn -0.0124 0.9998 0.0156
vn -0.0140 0.9997 -0.0186
vn -0.0450 0.9988 -0.0188
vn 0.4426 -0.6149 -0.6527
vn 0.0004 -0.8412 -0.5407
vn 0.0003 -0.7043 -0.7099
vn 0.3886 -0.7560 -0.5268
vn -0.0000 -0.8413 -0.5405
vn -0.0000 -0.7043 -0.7099
vn 0.3361 -0.1637 -0.9275
vn 0.7361 -0.3037 -0.6050
vn 0.3846 -0.2869 -0.8774
vn 0.5990 -0.4892 -0.6340
vn 0.4217 -0.6580 -0.6239
vn 0.8054 -0.4016 -0.4358
vn 0.0195 0.2395 -0.9707
vn -0.0114 0.2295 -0.9732
vn -0.0335 0.8281 -0.5596
vn -0.0742 0.9961 0.0486
vn -0.3264 0.9427 0.0686
vn -0.0889 0.9950 0.0453
vn 0.0345 -0.7730 -0.6334
vn 0.0150 -0.8322 -0.5543
vn -0.7099 0.7041 0.0178
vn -0.5333 0.8444 0.0516
vn -0.7803 0.6254 0.0045
vn -0.4558 0.8896 0.0287
vn -0.2697 0.9618 0.0468
vn -0.8990 0.4349 -0.0509
vn -0.8668 0.4987 -0.0036
vn -0.9219 0.3717 -0.1095
vn -0.9101 0.4144 -0.0012
vn -0.7033 0.7104 -0.0277
vn -0.7708 0.6368 0.0192
vn -0.7787 0.6272 0.0141
vn -0.7992 0.6004 0.0288
vn -0.7890 0.6143 0.0093
vn -0.7791 0.6227 0.0733
vn -0.8023 0.5968 -0.0082
vn -0.8014 0.5977 -0.0249
vn -0.7888 0.6144 -0.0194
vn 0.0200 0.9554 0.2947
vn 0.0692 0.9416 0.3295
vn -0.0000 0.9575 0.2884
vn -0.0000 0.9746 0.2239
vn 0.0321 0.9734 0.2269
vn -0.9997 0.0244 0.0001
vn -0.9984 0.0355 -0.0437
vn -0.9892 0.1263 0.0739
vn -0.9885 0.1236 0.0876
vn -0.9848 0.1568 0.0742
vn -0.6348 0.7642 0.1142
vn -0.3471 0.9340 0.0843
vn -0.6058 0.7361 0.3020
vn -0.9132 0.4025 -0.0641
vn -0.9403 0.3339 -0.0658
vn -0.9112 0.4008 -0.0954
vn -0.9139 0.4047 -0.0314
vn -0.9462 0.3227 -0.0227
vn -0.9487 0.3153 0.0248
vn -0.9557 0.2938 0.0196
vn -0.9561 0.2911 -0.0351
vn -0.8719 0.4869 -0.0524
vn -0.8578 0.5123 -0.0409
vn -0.8761 0.4781 -0.0619
vn -0.8103 0.5659 -0.1522
vn -0.9921 0.0277 -0.1222
vn -0.9819 0.1054 -0.1571
vn -0.9881 0.0219 -0.1522
vn -0.9755 0.0873 -0.2020
vn -0.8741 0.4075 -0.2643
vn -0.9464 0.2143 -0.2416
vn -0.8130 0.5244 -0.2532
vn -0.7906 0.5535 0.2620
vn -0.8641 0.4623 0.1988
vn -0.9184 0.2780 0.2816
vn -0.7585 0.6268 0.1785
vn -0.4435 0.3911 0.8064
vn -0.2589 0.3721 0.8913
vn -0.6358 -0.2586 0.7272
vn -0.4824 -0.2479 0.8402
vn -0.2898 -0.2959 0.9102
vn -0.2790 -0.4767 0.8336
vn -0.4690 -0.4524 0.7585
vn 0.3097 0.8628 0.3995
vn 0.2538 0.8893 0.3805
vn 0.4041 0.8569 0.3202
vn 0.3931 0.8047 0.4449
vn -0.7693 0.5177 0.3745
vn 0.0008 -1.0000 -0.0009
vn 0.0093 -0.9998 -0.0182
vn 0.0002 -1.0000 -0.0032
vn 0.0273 -0.9984 -0.0486
vn 0.0036 -1.0000 -0.0001
vn 0.0243 -0.9965 -0.0798
vn -0.0000 -0.9997 -0.0259
vn -0.0000 -1.0000 -0.0037
vn -0.0000 -1.0000 -0.0000
vn -0.7912 -0.1363 0.5962
vn -0.8221 -0.0429 0.5678
vn 0.1176 0.9163 0.3828
vn 0.0626 0.9247 0.3756
vn -0.0004 -0.0981 -0.9952
vn -0.0000 -0.3463 -0.9381
vn -0.0000 -0.0980 -0.9952
vn -0.0002 -0.3464 -0.9381
vn 0.6968 -0.5273 -0.4863
vn -0.0620 0.9970 0.0455
vn -0.0789 0.9968 0.0116
vn -0.0937 0.9954 -0.0202
vn 0.0178 0.0598 -0.9981
vn 0.0989 -0.3081 -0.9462
vn -0.0000 0.9959 0.0903
vn 0.0238 0.9955 0.0919
vn -0.0000 0.9953 0.0966
vn -0.0000 0.9939 0.1106
vn 0.0120 0.9963 0.0848
vn 0.0018 0.9947 0.1024
vn 0.0324 0.9878 0.1525
vn -0.0000 0.9880 0.1544
vn -0.0125 0.9272 0.3743
vn 0.0266 0.9286 0.3701
vn -0.0748 0.8284 0.5551
vn -0.0716 0.9212 0.3825
vn -0.0619 0.9202 0.3865
vn -0.0638 0.9211 0.3840
vn -0.0644 0.9205 0.3854
vn -0.0566 0.9193 0.3896
vn -0.1761 0.9380 -0.2986
vn -0.1284 0.9406 -0.3142
vn -0.1444 0.9409 -0.3063
vn -0.1496 0.9403 -0.3056
vn -0.1107 0.9413 -0.3188
vn -0.1190 0.9426 -0.3119
vn -0.0000 -0.9763 -0.2163
vn 0.0165 -0.8624 -0.5059
vn -0.0000 -0.8759 -0.4824
vn 0.0266 -0.9766 -0.2136
vn 0.0053 -0.7284 -0.6851
vn -0.0000 -0.7519 -0.6593
vn -0.0000 0.2299 -0.9732
vn 0.0029 0.2290 -0.9734
vn 0.0028 0.8245 -0.5659
vn -0.0000 0.8248 -0.5654
vn -0.0000 0.9999 0.0148
vn -0.0000 0.9999 0.0136
vn -0.0027 1.0000 0.0004
vn -0.0000 1.0000 -0.0013
vn -0.0903 0.3758 0.9223
vn -0.0929 -0.1270 0.9875
vn -0.2949 0.4670 0.8336
vn -0.0929 0.5469 0.8320
vn -0.1037 -0.3539 0.9295
vn -0.0920 -0.4994 0.8614
vn -0.0647 0.9870 -0.1471
vn -0.0437 0.9957 -0.0821
vn -0.0851 0.9817 -0.1704
vn 0.0064 -0.9918 -0.1273
vn -0.0000 -0.9972 -0.0751
vn -0.0000 -0.9918 -0.1277
vn 0.0225 -0.9916 -0.1276
vn 0.0195 -0.6780 -0.7348
vn -0.0131 -0.9178 -0.3967
vn -0.0004 -0.6846 -0.7290
vn 0.0177 -0.9998 -0.0009
vn 0.0207 -0.9135 -0.4063
vn -0.0229 -0.9997 0.0031
vn -0.0251 -0.9225 -0.3851
vn -0.0037 -0.6920 -0.7219
vn 0.0137 -0.3418 0.9397
vn -0.0084 -0.6534 0.7570
vn 0.0193 -0.6502 0.7595
vn 0.0074 -0.1327 0.9911
vn -0.0038 -0.3425 0.9395
vn -0.0016 -0.1316 0.9913
vn -0.0084 -0.3440 0.9389
vn -0.0170 -0.6555 0.7550
vn 0.0026 -0.1272 -0.9919
vn 0.0024 -0.3516 -0.9361
vn 0.0009 -0.1264 -0.9920
vn 0.0103 -0.3512 -0.9362
vn 0.0010 -0.3543 -0.9351
vn 0.0004 -0.1262 -0.9920
vn 0.0188 -0.9054 0.4242
vn -0.0177 -0.9080 0.4187
vn -0.0300 -0.9088 0.4161
vn -0.0398 -0.9992 0.0088
vn 0.0030 -0.0296 0.9996
vn -0.0000 0.0052 1.0000
vn -0.0004 -0.0285 0.9996
vn -0.0007 -0.0296 0.9996
vn -0.0030 -0.1334 0.9911
vn 0.0472 -0.6790 -0.7326
vn 0.0546 -0.9112 -0.4083
vn 0.0399 -0.6764 -0.7355
vn 0.0720 -0.9974 -0.0089
vn 0.0681 -0.9107 -0.4074
vn 0.0578 -0.9983 -0.0010
vn 0.0367 -0.3530 0.9349
vn 0.0476 -0.6476 0.7605
vn 0.0596 -0.6539 0.7543
vn 0.0148 -0.1408 0.9899
vn 0.0307 -0.3460 0.9377
vn 0.0065 -0.1360 -0.9907
vn 0.0182 -0.3548 -0.9348
vn 0.0046 -0.1291 -0.9916
vn 0.0206 -0.3621 -0.9319
vn 0.0684 -0.9046 0.4208
vn 0.0555 -0.9009 0.4305
vn 0.0143 -0.1490 0.9887
vn 0.0053 -0.0357 0.9993
vn 0.0040 -0.0421 0.9991
vn 0.0015 -0.0016 1.0000
vn 0.0010 0.0037 1.0000
vn 0.0001 -0.0097 -1.0000
vn 0.0008 -0.0370 -0.9993
vn -0.0000 -0.0095 -1.0000
vn 0.0013 -0.0416 -0.9991
vn 0.0004 -0.0363 -0.9993
vn -0.0000 -0.0093 -1.0000
vn 0.0002 -0.0360 -0.9994
vn 0.0001 -0.0358 -0.9994
vn -0.0000 -0.0092 -1.0000
vn -0.0051 -0.4770 -0.8789
vn -0.0038 -0.2022 -0.9793
vn -0.0032 -0.1993 -0.9799
vn -0.0050 -0.7317 -0.6816
vn -0.0054 -0.4790 -0.8778
vn -0.0047 -0.7321 -0.6812
vn -0.0048 -0.4804 -0.8770
vn -0.0038 -0.2050 -0.9788
vn -0.0083 -0.5151 0.8571
vn -0.0032 -0.7913 0.6114
vn -0.0028 -0.7946 0.6071
vn -0.0150 -0.2480 0.9686
vn -0.0097 -0.5036 0.8639
vn -0.0144 -0.2327 0.9724
vn -0.0064 -0.4969 0.8678
vn -0.0020 -0.7881 0.6155
vn -0.0006 -0.9537 0.3008
vn -0.0002 -0.9999 -0.0122
vn -0.0002 -0.9999 -0.0124
vn -0.0003 -0.9533 0.3020
vn -0.0000 -0.9530 0.3029
vn -0.0001 -0.9999 -0.0123
vn -0.0037 -0.4813 -0.8766
vn -0.0027 -0.2071 -0.9783
vn -0.0039 -0.7318 -0.6815
vn -0.0031 -0.7314 -0.6819
vn -0.0032 -0.4808 -0.8768
vn -0.0022 -0.2033 -0.9791
vn -0.0009 -0.7865 0.6176
vn -0.0091 -0.2291 0.9734
vn -0.0025 -0.4939 0.8695
vn -0.0029 -0.2282 0.9736
vn -0.0007 -0.4914 0.8710
vn -0.0004 -0.7859 0.6184
vn -0.0001 -0.9999 -0.0124
vn -0.0001 -0.9529 0.3034
vn -0.0000 -0.9528 0.3037
vn -0.0000 -0.9999 -0.0122
vn -0.0017 0.0432 -0.9991
vn -0.0012 0.0456 -0.9990
vn -0.0020 0.0406 -0.9992
vn -0.0009 0.1362 -0.9907
vn -0.0005 0.1388 -0.9903
vn -0.0000 0.1408 -0.9900
vn -0.0013 0.0384 -0.9993
vn -0.0004 0.1338 -0.9910
vn -0.0009 0.0428 -0.9991
vn -0.0000 0.1324 -0.9912
vn -0.0163 -0.0777 0.9968
vn -0.0137 -0.0111 0.9998
vn -0.0131 -0.0707 0.9974
vn -0.0100 -0.0181 0.9998
vn -0.0073 -0.0740 0.9972
vn 0.0031 -0.0765 0.9971
vn 0.0022 -0.0285 0.9996
vn 0.0059 -0.0321 0.9995
vn 0.0002 -0.2252 0.9743
vn -0.0007 -0.0770 0.9970
vn -0.0039 -0.0240 0.9997
vn -0.0023 -0.9301 -0.3672
vn -0.0019 -0.9301 -0.3674
vn -0.0016 -0.9297 -0.3684
vn -0.0012 -0.9293 -0.3693
vn -0.0009 -0.9293 -0.3693
vn -0.0026 -0.7314 -0.6819
vn -0.9999 -0.0101 -0.0000
vn -0.9999 -0.0119 -0.0000
vn -1.0000 -0.0057 0.0002
vn -0.9999 -0.0104 0.0001
vn -1.0000 -0.0077 0.0001
vn -0.9999 -0.0108 -0.0000
vn -0.9999 -0.0120 -0.0000
vn -1.0000 -0.0002 0.0005
vn -1.0000 -0.0066 0.0005
vn -1.0000 0.0064 0.0012
vn -1.0000 -0.0010 0.0010
vn -1.0000 0.0047 0.0008
vn -1.0000 -0.0026 0.0005
vn -1.0000 0.0073 0.0015
vn -0.9999 0.0149 0.0010
vn -0.9999 0.0156 0.0019
vn -0.9997 0.0235 0.0017
vn -0.9999 0.0172 0.0016
vn -0.0620 0.9980 -0.0082
vn -0.0320 0.9992 -0.0239
vn -0.0165 0.9991 -0.0382
vn -0.6985 0.7143 0.0434
vn -0.8697 0.4894 0.0641
vn -0.9308 0.3518 0.0996
vn -0.9667 0.2181 0.1337
vn -0.4490 0.8934 0.0149
vn -0.2541 0.9671 -0.0075
vn -0.1104 0.9938 0.0106
vn -0.0064 0.9989 -0.0467
vn -0.0000 0.9988 -0.0490
vn -0.9923 -0.1227 -0.0143
vn -0.9948 -0.1013 -0.0117
vn -0.9942 -0.1066 -0.0115
vn -0.9931 -0.1166 -0.0144
vn -0.9952 -0.0974 -0.0120
vn -0.9981 -0.0619 -0.0072
vn -0.9982 -0.0601 -0.0063
vn -0.9977 -0.0667 -0.0069
vn -1.0000 -0.0038 -0.0018
vn -0.9998 -0.0194 -0.0025
vn -1.0000 -0.0016 -0.0015
vn -0.9997 -0.0260 -0.0035
vn -0.9997 -0.0236 -0.0033
vn -1.0000 -0.0028 -0.0017
vn -1.0000 0.0008 -0.0014
vn -1.0000 0.0011 -0.0014
vn -1.0000 0.0013 -0.0015
vn -1.0000 0.0011 -0.0015
vn -0.1040 0.3206 0.9415
vn -0.6787 0.6436 -0.3536
vn -0.4860 0.8042 -0.3421
vn -0.4057 0.9084 -0.1011
vn -0.6718 0.5238 -0.5238
vn -0.9902 0.0535 -0.1292
vn -0.9918 0.0902 -0.0902
vn -0.1082 0.3804 -0.9185
vn -0.6638 0.2862 -0.6910
vn -0.6718 -0.0000 -0.7407
vn -0.9918 -0.0000 -0.1276
vn -0.6718 0.7407 -0.0000
vn -0.9902 0.1292 -0.0535
vn -0.9918 0.1276 -0.0000
vn -0.1082 0.9185 -0.3804
vn -0.6638 0.6910 -0.2862
vn -0.6718 0.5238 0.5238
vn -0.9902 0.1292 0.0535
vn -0.9918 0.0902 0.0902
vn -0.1082 0.9185 0.3804
vn -0.6638 0.6910 0.2862
vn -0.6718 -0.0000 0.7407
vn -0.9902 0.0535 0.1292
vn -0.9918 -0.0000 0.1276
vn -0.1082 0.3804 0.9185
vn -0.6638 0.2862 0.6910
vn -0.6718 -0.5238 0.5238
vn -0.9902 -0.0535 0.1292
vn -0.9918 -0.0902 0.0902
vn -0.1082 -0.3804 0.9185
vn -0.6638 -0.2862 0.6910
vn -0.6718 -0.7407 -0.0000
vn -0.9902 -0.1292 0.0535
vn -0.9918 -0.1276 -0.0000
vn -0.1082 -0.9185 0.3804
vn -0.6638 -0.6910 0.2862
vn -0.6718 -0.5238 -0.5238
vn -0.9902 -0.1292 -0.0535
vn -0.9918 -0.0902 -0.0902
vn -0.1082 -0.9185 -0.3804
vn -0.6638 -0.6910 -0.2862
vn -0.9902 -0.0535 -0.1292
vn -0.1082 -0.3804 -0.9185
vn -0.6638 -0.2862 -0.6910
vn 0.6718 0.5238 -0.5238
vn 0.1082 0.3804 -0.9185
vn 0.1123 0.7026 -0.7026
vn 0.9902 0.0535 -0.1292
vn 0.6638 0.2862 -0.6910
vn 0.6718 -0.0000 -0.7407
vn 0.1123 -0.0000 -0.9937
vn 0.6718 0.7407 -0.0000
vn 0.1082 0.9185 -0.3804
vn 0.1123 0.9937 -0.0000
vn 0.9902 0.1292 -0.0535
vn 0.6638 0.6910 -0.2862
vn 0.6718 0.5238 0.5238
vn 0.1082 0.9185 0.3804
vn 0.1123 0.7026 0.7026
vn 0.9902 0.1292 0.0535
vn 0.6638 0.6910 0.2862
vn 0.6718 -0.0000 0.7407
vn 0.1082 0.3804 0.9185
vn 0.1123 -0.0000 0.9937
vn 0.9902 0.0535 0.1292
vn 0.6638 0.2862 0.6910
vn 0.6718 -0.5238 0.5238
vn 0.1082 -0.3804 0.9185
vn 0.1123 -0.7026 0.7026
vn 0.9902 -0.0535 0.1292
vn 0.6638 -0.2862 0.6910
vn 0.6718 -0.7407 -0.0000
vn 0.1082 -0.9185 0.3804
vn 0.1123 -0.9937 -0.0000
vn 0.9902 -0.1292 0.0535
vn 0.6638 -0.6910 0.2862
vn 0.6718 -0.5238 -0.5238
vn 0.1082 -0.9185 -0.3804
vn 0.1123 -0.7026 -0.7026
vn 0.9902 -0.1292 -0.0535
vn 0.6638 -0.6910 -0.2862
vn 0.1082 -0.3804 -0.9185
vn 0.9902 -0.0535 -0.1292
vn 0.6638 -0.2862 -0.6910
vn -0.9999 0.0050 -0.0121
vn -1.0000 0.0059 -0.0059
vn -1.0000 -0.0000 -0.0084
vn -1.0000 -0.0000 -0.0000
vn -0.1123 -0.0000 -0.9937
vn -0.0000 -0.3827 -0.9239
vn -0.0000 -0.0000 -1.0000
vn -0.0000 -0.7071 -0.7071
vn -0.1123 -0.7026 -0.7026
vn -0.1123 0.7026 -0.7026
vn -0.0000 0.3827 -0.9239
vn -0.0000 0.7071 -0.7071
vn -0.9999 -0.0050 -0.0121
vn -1.0000 -0.0059 -0.0059
vn -0.9999 0.0121 -0.0050
vn -1.0000 0.0084 -0.0000
vn -0.1123 0.9937 -0.0000
vn -0.0000 0.9239 -0.3827
vn -0.0000 1.0000 -0.0000
vn -0.9999 0.0121 0.0050
vn -1.0000 0.0059 0.0059
vn -0.1123 0.7026 0.7026
vn -0.0000 0.9239 0.3827
vn -0.0000 0.7071 0.7071
vn -0.9999 0.0050 0.0121
vn -1.0000 -0.0000 0.0084
vn -0.1123 -0.0000 0.9937
vn -0.0000 0.3827 0.9239
vn -0.0000 -0.0000 1.0000
vn -0.9999 -0.0050 0.0121
vn -1.0000 -0.0059 0.0059
vn -0.1123 -0.7026 0.7026
vn -0.0000 -0.3827 0.9239
vn -0.0000 -0.7071 0.7071
vn -0.9999 -0.0121 0.0050
vn -1.0000 -0.0084 -0.0000
vn -0.1123 -0.9937 -0.0000
vn -0.0000 -0.9239 0.3827
vn -0.9999 -0.0121 -0.0050
vn -0.0000 -0.9239 -0.3827
vn 0.9918 0.0902 -0.0902
vn 0.9999 0.0050 -0.0121
vn 1.0000 -0.0000 -0.0084
vn 1.0000 0.0059 -0.0059
vn 1.0000 -0.0000 -0.0000
vn 0.9918 -0.0000 -0.1276
vn 0.9999 -0.0050 -0.0121
vn 1.0000 -0.0059 -0.0059
vn 0.9918 -0.0902 -0.0902
vn 0.9918 0.1276 -0.0000
vn 0.9999 0.0121 -0.0050
vn 1.0000 0.0084 -0.0000
vn 0.9918 0.0902 0.0902
vn 0.9999 0.0121 0.0050
vn 1.0000 0.0059 0.0059
vn 0.9918 -0.0000 0.1276
vn 0.9999 0.0050 0.0121
vn 1.0000 -0.0000 0.0084
vn 0.9918 -0.0902 0.0902
vn 0.9999 -0.0050 0.0121
vn 1.0000 -0.0059 0.0059
vn 0.9918 -0.1276 -0.0000
vn 0.9999 -0.0121 0.0050
vn 1.0000 -0.0084 -0.0000
vn 0.9999 -0.0121 -0.0050
vn -0.8388 -0.3992 0.3702
vn -0.9551 0.2606 -0.1408
vn -0.8208 -0.5675 -0.0648
vn -0.8803 0.2361 0.4116
vn -0.5272 0.8481 -0.0523
vn -0.3848 0.8507 -0.3582
vn -0.8337 0.2280 -0.5029
vn -0.6769 -0.6149 -0.4046
vn 0.4554 -0.1096 -0.8835
vn 0.4526 -0.1117 -0.8847
vn 0.4596 -0.1095 -0.8813
vn 0.4517 -0.1098 -0.8854
vn 0.4489 -0.1111 -0.8866
vn 0.4454 -0.1098 -0.8886
vn 0.4455 -0.1103 -0.8885
vn 0.4466 -0.1104 -0.8879
vn 0.1203 -0.1784 0.9766
vn 0.1597 0.6143 0.7727
vn 0.4871 0.3384 0.8051
vn -0.4558 -0.6394 0.6192
vn -0.2515 0.0049 0.9678
vn -0.5357 -0.6019 0.5923
vn -0.3275 0.0452 0.9438
vn 0.0837 0.6597 0.7468
vn -0.4725 -0.6075 0.6385
vn -0.5902 0.1402 0.7950
vn -0.5786 -0.5678 0.5855
vn -0.4620 0.1170 0.8791
vn -0.3368 0.7674 0.5456
vn -0.6073 0.7224 0.3307
vn 0.0870 -0.9889 -0.1204
vn -0.2690 -0.9476 0.1725
vn -0.0853 -0.9850 -0.1498
vn 0.2110 -0.9456 0.2477
vn -0.1906 -0.9637 0.1867
vn -0.3717 -0.6450 0.6677
vn 0.2644 0.9567 -0.1215
vn -0.0896 0.9902 0.1067
vn 0.0959 0.9769 0.1908
vn 0.0587 0.9778 -0.2010
vn -0.1891 0.7554 0.6274
vn 0.9906 0.1139 0.0759
vn 0.4098 0.8704 0.2727
vn 0.8086 0.4675 0.3571
vn 0.6536 0.7567 0.0153
vn 0.0418 0.6768 0.7350
vn 0.4814 0.3363 0.8094
vn -0.2179 -0.9557 -0.1980
vn -0.3837 -0.9151 0.1241
vn 0.0375 -0.7210 0.6919
vn -0.3015 0.0482 0.9523
vn 0.1540 -0.1788 0.9718
vn 0.4631 -0.0954 -0.8812
vn 0.4641 -0.1005 -0.8801
vn 0.4673 -0.0936 -0.8791
vn 0.4597 -0.0954 -0.8829
vn 0.4604 -0.1011 -0.8820
vn 0.4568 -0.1016 -0.8837
vn 0.9147 0.2593 -0.3100
vn 0.8973 -0.4260 -0.1153
vn 0.9939 -0.0944 0.0570
vn 0.3917 -0.8079 -0.4404
vn 0.7286 -0.2810 -0.6247
vn 0.6841 -0.7291 -0.0202
vn 0.8983 -0.4348 -0.0631
vn 0.4224 -0.8776 0.2268
vn -0.0400 -0.7380 0.6736
vn 0.0464 -0.9959 0.0771
vn 0.5860 -0.8096 -0.0350
vn 0.9226 0.1583 0.3517
vn 0.7039 0.0363 0.7094
vn 0.7988 0.5403 0.2646
vn 0.4491 -0.3203 0.8341
vn 0.3475 -0.7056 0.6175
vn 0.0288 -0.7161 -0.6975
vn -0.3441 -0.9362 -0.0722
vn -0.0480 -0.6790 -0.7326
vn -0.4206 -0.9014 -0.1023
vn 0.6443 0.5377 -0.5439
vn 0.5267 0.8376 0.1451
vn 0.4553 0.8827 0.1162
vn 0.5713 0.5826 -0.5781
vn 0.4341 -0.1035 -0.8949
vn 0.3621 -0.0639 -0.9299
vn 0.3596 -0.0398 -0.9323
vn 0.0129 0.5727 -0.8197
vn 0.3813 0.0679 -0.9220
vn 0.3646 -0.1946 -0.9106
vn -0.3128 0.1272 -0.9413
vn -0.2019 -0.5034 -0.8401
vn 0.1669 -0.7027 -0.6916
vn 0.4315 -0.2415 -0.8692
vn 0.2535 -0.6966 -0.6712
vn 0.5193 0.0069 -0.8546
vn 0.8979 -0.0449 -0.4380
vn 0.6141 -0.1041 -0.7823
vn 0.4701 0.5736 -0.6708
vn 0.7112 0.4629 -0.5292
vn 0.5442 -0.2652 -0.7960
vn 0.7892 -0.3289 -0.5187
vn 0.6529 -0.5710 -0.4977
vn 0.5558 -0.1762 -0.8124
vn 0.4318 -0.2474 -0.8674
vn 0.3474 -0.7177 -0.6036
vn 0.4471 -0.2595 -0.8560
vn 0.4727 0.0359 -0.8805
vn 0.3393 0.6101 -0.7160
vn 0.4595 0.0511 -0.8867
vn -0.1036 0.9944 -0.0226
vn 0.2845 0.9581 -0.0334
vn 0.2855 0.9579 -0.0296
vn -0.1040 0.9942 -0.0285
vn 0.2845 0.9581 -0.0315
vn 0.6297 0.7762 -0.0318
vn 0.6297 0.7761 -0.0337
vn 0.6307 0.7753 -0.0337
vn 0.8789 0.4760 -0.0292
vn 0.8793 0.4751 -0.0341
vn 0.8790 0.4761 -0.0273
vn 0.9945 0.1035 -0.0187
vn 0.9944 0.1034 -0.0206
vn 0.9942 0.1029 -0.0307
vn 0.9585 -0.2849 -0.0093
vn 0.9583 -0.2849 -0.0240
vn 0.9585 -0.2849 -0.0074
vn 0.7767 -0.6299 0.0050
vn 0.7767 -0.6299 0.0031
vn 0.7767 -0.6297 -0.0149
vn 0.4765 -0.8790 0.0147
vn 0.4767 -0.8790 -0.0051
vn 0.4766 -0.8790 0.0166
vn 0.1039 -0.9943 0.0255
vn 0.1039 -0.9943 0.0237
vn 0.1038 -0.9946 0.0039
vn -0.2849 -0.9585 0.0106
vn -0.2846 -0.9582 0.0287
vn -0.2846 -0.9582 0.0305
vn -0.6298 -0.7762 0.0289
vn -0.6300 -0.7765 0.0141
vn -0.8790 -0.4766 0.0140
vn -0.6297 -0.7762 0.0308
vn -0.8790 -0.4761 0.0244
vn -0.8790 -0.4761 0.0263
vn -0.9945 -0.1035 0.0158
vn -0.9945 -0.1045 0.0105
vn -0.9589 0.2837 0.0041
vn -0.9945 -0.1035 0.0177
vn -0.9586 0.2849 0.0045
vn -0.9585 0.2849 0.0064
vn -0.7767 0.6298 -0.0079
vn -0.7774 0.6290 -0.0044
vn -0.4770 0.8788 -0.0137
vn -0.7767 0.6299 -0.0060
vn -0.4766 0.8789 -0.0195
vn -0.4766 0.8790 -0.0175
vn -0.1035 0.9945 -0.0135
vn 0.2846 0.9582 -0.0310
vn 0.2863 0.9579 -0.0201
vn -0.1039 0.9942 -0.0260
vn 0.6297 0.7762 -0.0313
vn 0.6316 0.7749 -0.0237
vn 0.8790 0.4761 -0.0268
vn 0.8800 0.4744 -0.0235
vn 0.9945 0.1035 -0.0182
vn 0.9946 0.1023 -0.0194
vn 0.9585 -0.2849 -0.0069
vn 0.9584 -0.2851 -0.0120
vn 0.7767 -0.6299 0.0055
vn 0.7768 -0.6297 -0.0025
vn 0.4766 -0.8790 0.0171
vn 0.4769 -0.8790 0.0075
vn 0.1039 -0.9942 0.0260
vn 0.1039 -0.9944 0.0164
vn -0.2848 -0.9583 0.0225
vn -0.2846 -0.9582 0.0310
vn -0.6297 -0.7762 0.0313
vn -0.6297 -0.7764 0.0253
vn -0.8787 -0.4768 0.0244
vn -0.8790 -0.4761 0.0268
vn -0.9945 -0.1035 0.0182
vn -0.9942 -0.1052 0.0201
vn -0.9591 0.2827 0.0131
vn -0.9585 0.2849 0.0069
vn -0.7767 0.6299 -0.0055
vn -0.7780 0.6283 0.0045
vn -0.4775 0.8786 -0.0049
vn -0.4766 0.8790 -0.0171
vn -0.8777 -0.4784 -0.0259
vn -0.6370 -0.7666 -0.0803
vn -0.9910 -0.1296 0.0338
vn -0.9801 -0.1773 0.0888
vn -0.8903 -0.4462 -0.0907
vn -0.6787 -0.6853 -0.2640
vn 0.9950 0.0950 -0.0320
vn 0.9618 -0.2647 -0.0697
vn 0.7926 -0.6022 -0.0959
vn 0.9682 -0.1595 -0.1930
vn 0.9901 0.1216 -0.0698
vn -0.5059 0.8471 0.1625
vn -0.8101 0.5709 0.1335
vn -0.0963 0.9824 0.1604
vn -0.0778 0.8676 0.4911
vn -0.5548 0.6908 0.4637
vn -0.8512 0.3995 0.3405
vn 0.3272 0.9365 0.1261
vn 0.6732 0.7360 0.0720
vn 0.4106 0.8261 0.3859
vn 0.7824 -0.6052 -0.1471
vn 0.4844 -0.8600 -0.1607
vn 0.1034 -0.9830 -0.1520
vn 0.4950 -0.7196 -0.4870
vn 0.7912 -0.4618 -0.4010
vn -0.8799 -0.4752 -0.0028
vn -0.6449 -0.7630 -0.0439
vn -0.9901 -0.1340 0.0418
vn -0.9834 -0.1703 0.0620
vn -0.8997 -0.4309 -0.0703
vn -0.7067 -0.6762 -0.2084
vn 0.6604 0.7481 0.0650
vn 0.8925 0.4510 -0.0032
vn 0.9930 0.0985 -0.0652
vn 0.9137 0.4005 0.0697
vn 0.7207 0.6334 0.2819
vn -0.9662 0.2398 0.0945
vn -0.7977 0.5848 0.1476
vn -0.8046 0.3876 0.4499
vn -0.9563 0.1052 0.2728
vn 0.4939 -0.8628 -0.1079
vn 0.1034 -0.9894 -0.1021
vn 0.5390 -0.7370 -0.4078
vn 0.8320 -0.4596 -0.3108
vn -0.2951 -0.9475 -0.1234
vn -0.3410 -0.8450 -0.4120
vn 0.0875 -0.8636 -0.4965
vn 0.8976 0.4404 0.0159
vn 0.9205 0.3851 0.0660
vn 0.7432 0.6311 0.2221
vn -0.9699 0.2267 0.0887
vn -0.9746 0.1049 0.1978
vn 0.9567 -0.2678 -0.1142
vn 0.9486 -0.1629 -0.2715
vn 0.9850 0.1291 -0.1148
vn -0.4923 0.8519 0.1785
vn -0.0934 0.9807 0.1719
vn -0.0635 0.7920 0.6073
vn -0.5014 0.6386 0.5838
vn 0.3174 0.9396 0.1278
vn 0.3852 0.7839 0.4870
vn -0.3025 -0.9499 -0.0789
vn -0.3716 -0.8616 -0.3458
vn 0.0920 -0.8976 -0.4311
vn -0.7269 -0.5692 -0.3843
vn -0.9097 -0.3992 -0.1143
vn -0.9658 -0.2113 0.1500
vn -0.9260 -0.3696 -0.0771
vn -0.7710 -0.5183 -0.3701
vn -0.9211 -0.3685 -0.1256
vn -0.7551 -0.5494 -0.3578
vn -0.9811 -0.1752 0.0821
vn -0.9299 -0.3460 -0.1246
vn -0.7684 -0.5084 -0.3888
vn -0.9151 -0.0163 0.4029
vn -0.7514 0.1841 0.6336
vn -0.8930 -0.0353 0.4487
vn -0.9585 -0.2055 0.1975
vn -0.9598 0.0370 0.2781
vn -0.8348 0.2850 0.4710
vn -0.9457 0.0541 0.3205
vn -0.9814 -0.1574 0.1096
vn -0.0350 0.5299 0.8473
vn -0.4569 0.3791 0.8047
vn -0.0521 0.4616 0.8856
vn -0.4435 0.3196 0.8374
vn -0.7253 0.1432 0.6734
vn 0.4078 0.5746 0.7096
vn 0.7420 0.5026 0.4435
vn 0.7150 0.4755 0.5124
vn 0.3738 0.5197 0.7682
vn -0.5447 0.5478 0.6349
vn -0.0631 0.7279 0.6828
vn -0.0764 0.6945 0.7154
vn -0.5161 0.5269 0.6753
vn -0.8019 0.2915 0.5216
vn 0.4354 0.7122 0.5505
vn 0.7631 0.5561 0.3292
vn 0.7318 0.5662 0.3793
vn 0.3927 0.7000 0.5964
vn 0.9227 0.3558 0.1483
vn 0.9774 0.1719 -0.1230
vn 0.9762 0.1992 -0.0859
vn 0.9116 0.3561 0.2053
vn 0.9259 0.3617 0.1085
vn 0.9795 0.1810 -0.0879
vn 0.9149 0.3777 0.1427
vn 0.9311 -0.0366 -0.3629
vn 0.7758 -0.2680 -0.5713
vn 0.7824 -0.1932 -0.5920
vn 0.9356 0.0158 -0.3528
vn 0.9819 0.1640 -0.0951
vn 0.9547 -0.0432 -0.2943
vn 0.8000 -0.2310 -0.5538
vn 0.9471 -0.0202 -0.3203
vn 0.4807 -0.4996 -0.7206
vn 0.0557 -0.6593 -0.7498
vn 0.4777 -0.4162 -0.7737
vn 0.8232 -0.2755 -0.4964
vn 0.5313 -0.5206 -0.6684
vn 0.0597 -0.6913 -0.7201
vn 0.4953 -0.4384 -0.7500
vn -0.3931 -0.6776 -0.6216
vn -0.4488 -0.6136 -0.6497
vn 0.0210 -0.5844 -0.8112
vn -0.4269 -0.6861 -0.5891
vn -0.4461 -0.6127 -0.6523
vn 0.0260 -0.5925 -0.8051
vn -0.9880 0.0344 -0.1505
vn -0.9634 0.2670 0.0240
vn -0.9622 0.2711 0.0268
vn -0.8316 0.5235 0.1856
vn -0.8367 0.5167 0.1817
vn -0.9646 0.2630 0.0213
vn -0.9218 -0.1825 -0.3421
vn -0.7517 -0.3732 -0.5438
vn -0.7450 -0.3781 -0.5495
vn -0.9237 -0.1790 -0.3388
vn -0.9254 -0.1757 -0.3357
vn -0.7578 -0.3685 -0.5384
vn -0.0792 0.6248 -0.7767
vn -0.0792 0.6248 -0.7768
vn -0.0793 0.6248 -0.7768
vn -0.0793 0.6248 -0.7767
vn -0.0793 0.6249 -0.7767
vn -0.8260 0.5307 0.1898
vn -0.5402 0.7782 0.3203
vn -0.5322 0.7828 0.3225
vn -0.0893 0.9242 0.3713
vn -0.5474 0.7739 0.3183
vn -0.5475 0.7739 0.3183
vn 0.3711 0.8768 0.3059
vn 0.7055 0.6900 0.1618
vn 0.3797 0.8739 0.3035
vn 0.7122 0.6841 0.1573
vn 0.3876 0.8712 0.3012
vn 0.8861 0.4634 -0.0070
vn 0.9537 0.2364 -0.1861
vn 0.8881 0.4596 -0.0099
vn 0.8899 0.4560 -0.0127
vn 0.7185 0.6785 0.1531
vn 0.9278 0.0136 -0.3728
vn 0.9266 0.0098 -0.3760
vn 0.7921 -0.2126 -0.5721
vn 0.7974 -0.2067 -0.5670
vn 0.9290 0.0172 -0.3696
vn 0.7865 -0.2188 -0.5775
vn 0.4958 -0.4280 -0.7557
vn 0.4877 -0.4319 -0.7587
vn 0.0424 -0.5541 -0.8313
vn 0.5031 -0.4244 -0.7528
vn -0.4156 -0.5259 -0.7421
vn -0.7451 -0.3781 -0.5495
vn -0.4241 -0.5237 -0.7388
vn -0.4320 -0.5217 -0.7357
vn -0.9255 -0.1757 -0.3356
vn 0.1145 0.9908 0.0716
vn 0.4715 0.8593 0.1984
vn 0.4794 0.8758 0.0556
vn -0.0300 0.9984 0.0477
vn 0.1547 0.9693 0.1912
vn -0.0110 0.9870 0.1601
vn 0.1814 0.9293 0.3217
vn 0.4696 0.8282 0.3060
vn 0.8128 0.5821 -0.0222
vn 0.8179 0.5752 -0.0130
vn 0.8138 0.5809 -0.0156
vn 0.8184 0.5744 -0.0174
vn 0.8161 0.5776 -0.0201
vn 0.8148 0.5791 -0.0281
vn 0.8161 0.5779 -0.0053
vn 0.7261 0.6855 0.0535
vn 0.9330 0.3468 0.0960
vn 0.9083 0.4092 0.0871
vn 0.7795 0.6020 0.1730
vn 0.7531 0.6524 0.0854
vn 0.9027 0.3760 0.2094
vn 0.9783 0.1703 0.1178
vn 0.9667 0.2181 0.1337
vn 0.9874 -0.1023 -0.1208
vn 0.9411 -0.2788 -0.1914
vn 0.9750 -0.1164 -0.1891
vn 0.9653 -0.2437 -0.0935
vn 0.9385 -0.3094 -0.1533
vn 0.5980 -0.6726 -0.4359
vn 0.5328 -0.6325 -0.5622
vn 0.5558 -0.3878 -0.7354
vn 0.9961 0.0165 0.0862
vn 0.9950 0.0648 0.0761
vn 0.9983 -0.0051 0.0573
vn 0.9932 0.0503 0.1050
vn 0.9933 0.0726 0.0902
vn 0.9934 0.0716 0.0897
vn 0.9885 0.1236 0.0876
vn 0.9857 0.1455 0.0854
vn 0.9445 0.3286 0.0002
vn 0.7379 0.6749 -0.0028
vn 0.9593 0.2822 0.0070
vn 0.3553 0.9346 0.0178
vn 0.6281 0.7782 -0.0004
vn 0.8174 0.5752 -0.0302
vn 0.9525 0.2870 -0.1021
vn 0.0405 0.8374 0.5451
vn 0.0036 0.3398 0.9405
vn 0.0196 0.3365 0.9415
vn 0.0115 0.8394 0.5434
vn -0.0006 -0.3448 0.9387
vn 0.0063 -0.3553 0.9347
vn 0.4933 0.8690 0.0376
vn 0.4497 0.8916 -0.0535
vn 0.5224 0.8463 0.1043
vn 0.6329 0.7712 0.0687
vn 0.7080 0.6810 0.1871
vn 0.9929 0.0999 0.0641
vn 0.9994 0.0174 0.0293
vn 0.9988 0.0295 0.0396
vn 0.9982 0.0419 0.0434
vn 0.9948 0.0839 0.0570
vn 0.9999 -0.0055 0.0119
vn 0.9990 -0.0224 -0.0385
vn 0.9992 -0.0136 -0.0379
vn 0.9929 0.0995 0.0656
vn 0.9972 0.0710 0.0245
vn 0.9950 0.0709 0.0700
vn 0.9519 0.2612 0.1601
vn 0.9226 0.3767 0.0834
vn 0.0090 0.9886 0.1506
vn 0.3188 0.9021 0.2909
vn 0.0816 0.9220 0.3786
vn 0.4603 0.8841 -0.0805
vn 0.1738 0.9759 0.1317
vn 0.5480 0.8169 0.1800
vn 0.3748 0.9159 0.1434
vn 0.0933 0.9867 0.1331
vn 0.0120 0.9934 -0.1141
vn 0.0421 0.9838 -0.1740
vn 0.0280 0.9945 -0.1007
vn 0.0204 0.9820 -0.1880
vn 0.0279 0.9736 -0.2267
vn 0.0537 0.9773 -0.2048
vn 0.5129 -0.2193 0.8300
vn 0.7025 -0.0273 0.7111
vn 0.6543 -0.2773 0.7036
vn 0.3003 -0.1559 0.9410
vn 0.5476 0.1311 0.8264
vn 0.3046 0.2928 0.9063
vn 0.5502 0.2923 0.7822
vn 0.7277 0.0995 0.6786
vn 0.0021 -0.1199 0.9928
vn 0.0089 0.3943 0.9190
vn 0.0111 -0.1199 0.9927
vn 0.0003 0.3962 0.9182
vn 0.0002 0.5676 0.8233
vn 0.0112 0.5655 0.8246
vn 0.9900 0.0512 -0.1315
vn 0.9795 0.1443 -0.1407
vn 0.9632 0.2446 -0.1117
vn 0.9836 0.0215 -0.1790
vn 0.5956 -0.1179 -0.7946
vn 0.6323 0.0557 -0.7727
vn 0.8682 -0.1439 0.4749
vn 0.8932 -0.1928 0.4063
vn 0.8561 -0.1762 0.4858
vn 0.8955 -0.2329 0.3793
vn 0.9013 -0.2026 0.3828
vn 0.8978 -0.2076 0.3883
vn 0.9043 -0.1452 0.4013
vn 0.8556 -0.2082 0.4739
vn 0.0023 -0.4932 0.8699
vn 0.0115 -0.4979 0.8672
vn -0.0034 0.8247 -0.5656
vn 0.0121 0.9996 0.0266
vn -0.0012 0.8275 -0.5615
vn 0.0027 0.9998 0.0189
vn 0.0210 0.9996 0.0164
vn 0.0471 0.9985 0.0295
vn 0.0347 0.9987 0.0370
vn 0.0055 0.8312 -0.5559
vn 0.7937 -0.2200 0.5671
vn 0.6372 -0.4062 0.6549
vn 0.7619 -0.2702 0.5887
vn 0.8747 -0.0744 0.4790
vn 0.7007 0.4622 0.5435
vn 0.7093 0.1675 0.6848
vn 0.6358 -0.2586 0.7272
vn 0.9274 -0.0409 0.3718
vn 0.9440 0.0398 0.3274
vn 0.8870 0.2537 0.3858
vn -0.0057 0.2305 -0.9731
vn -0.0160 0.1150 -0.9932
vn -0.0123 0.0945 -0.9955
vn -0.0104 0.2371 -0.9714
vn -0.0195 0.2395 -0.9707
vn -0.0205 0.1272 -0.9917
vn -0.0878 -0.9007 -0.4256
vn -0.0500 -0.9843 0.1693
vn -0.0489 -0.9867 -0.1550
vn -0.2418 -0.8390 -0.4874
vn -0.2974 -0.9530 0.0588
vn -0.1746 -0.5891 0.7890
vn 0.0455 -0.9980 -0.0450
vn 0.0287 -0.9898 -0.1398
vn 0.0416 0.9985 0.0351
vn -0.0331 0.9992 0.0206
vn 0.2057 0.9783 0.0240
vn 0.0804 0.9420 -0.3257
vn 0.0317 0.9458 -0.3233
vn 0.0841 0.9444 -0.3178
vn 0.0329 0.9414 -0.3356
vn 0.0329 0.9436 -0.3294
vn -0.0000 0.9439 -0.3301
vn 0.0196 0.9224 0.3856
vn 0.0503 0.9203 0.3880
vn 0.0424 0.9214 0.3864
vn 0.0310 0.9213 0.3875
vn 0.0366 0.9200 0.3903
vn 0.0521 0.9188 0.3912
vn 0.0290 0.9345 0.3548
vn -0.0135 0.9429 0.3329
vn 0.0071 0.9380 0.3465
vn -0.0051 0.9502 0.3116
vn -0.0363 -0.3437 -0.9384
vn -0.0611 -0.5916 -0.8039
vn -0.4078 -0.5393 -0.7368
vn -0.2135 -0.4253 -0.8795
vn -0.0106 -0.0893 -0.9960
vn 0.6808 0.7313 0.0409
vn 0.4763 0.8792 -0.0150
vn 0.7203 0.6932 -0.0249
vn 0.5486 0.8316 -0.0865
vn 0.1589 0.9873 0.0005
vn 0.1268 0.9719 -0.1982
vn 0.4444 0.8784 -0.1760
vn 0.2577 0.9517 -0.1670
vn 0.2437 0.9325 -0.2667
vn 0.7716 0.6359 -0.0151
vn 0.7033 0.7104 -0.0277
vn 0.9858 0.0204 -0.1668
vn 0.9931 -0.0066 -0.1171
vn 0.9885 0.0207 -0.1499
vn 0.9841 0.0156 -0.1769
vn 0.9919 -0.0067 -0.1267
vn 0.9909 -0.0074 -0.1342
vn 0.9987 -0.0275 -0.0421
vn 0.9908 0.0964 0.0948
vn 0.9930 0.0312 0.1140
vn 0.9902 0.0772 0.1167
vn 0.9896 0.0788 0.1200
vn 0.0532 -0.9841 -0.1693
vn 0.0480 -0.9625 -0.2669
vn 0.0433 -0.9792 -0.1984
vn 0.0334 -0.9618 -0.2715
vn 0.0368 -0.9755 -0.2171
vn -0.0251 0.0548 -0.9982
vn 0.0030 0.0648 -0.9979
vn 0.0156 0.1247 -0.9921
vn 0.6604 0.1707 -0.7312
vn -0.0620 0.9954 0.0729
vn -0.0921 0.9875 0.1283
vn -0.0739 0.9961 0.0473
vn -0.0936 0.9688 0.2297
vn -0.0827 0.9863 0.1428
vn -0.1056 0.9639 0.2445
vn 0.8565 0.5162 -0.0061
vn 0.7566 0.6537 0.0151
vn 0.6550 0.7541 0.0477
vn 0.9051 0.4239 -0.0333
vn 0.5902 0.4842 -0.6459
vn 0.3498 0.7914 -0.5014
vn 0.3879 0.9200 0.0565
vn 0.3264 0.9427 0.0686
vn -0.0372 0.9972 0.0645
vn -0.0517 0.9981 0.0343
vn -0.0326 0.9984 0.0466
vn -0.0194 0.9968 0.0781
vn 0.3174 0.7630 0.5631
vn -0.1058 0.9038 0.4147
vn 0.1180 0.8354 0.5368
vn 0.2260 0.8633 0.4513
vn 0.5031 0.7394 0.4473
vn -0.1453 0.9224 0.3579
vn 0.8893 0.4458 -0.1023
vn 0.7179 0.6935 -0.0604
vn 0.7954 0.6060 0.0045
vn 0.9392 0.2940 -0.1774
vn 0.9418 0.2817 -0.1834
vn 0.8130 0.5244 -0.2532
vn 0.8439 0.4471 0.2966
vn 0.7920 0.5559 0.2523
vn 0.7863 0.5927 0.1744
vn 0.8042 0.4375 0.4023
vn 0.6058 0.7361 0.3020
vn 0.0793 0.9948 -0.0645
vn 0.1535 0.9820 -0.1104
vn 0.1338 0.9899 -0.0464
vn 0.0967 0.9875 -0.1243
vn 0.2863 0.9568 -0.0501
vn 0.2541 0.9671 -0.0075
vn -0.0021 -0.4829 -0.8756
vn -0.0322 0.0589 -0.9977
vn -0.1972 -0.4515 -0.8702
vn -0.0068 0.0499 -0.9987
vn -0.0042 0.0840 -0.9965
vn 0.9374 0.3428 -0.0610
vn 0.9636 0.2547 -0.0817
vn 0.6641 0.3097 -0.6804
vn 0.0404 0.9991 0.0149
vn 0.0120 0.9986 0.0510
vn 0.0363 0.9981 0.0507
vn 0.0450 0.9988 -0.0188
vn 0.0124 0.9998 0.0156
vn 0.0140 0.9997 -0.0186
vn -0.0000 0.9987 0.0507
vn -0.4426 -0.6149 -0.6527
vn -0.0004 -0.8412 -0.5407
vn -0.3886 -0.7560 -0.5268
vn -0.0003 -0.7043 -0.7099
vn -0.3361 -0.1637 -0.9275
vn -0.7361 -0.3037 -0.6050
vn -0.5990 -0.4892 -0.6340
vn -0.3846 -0.2869 -0.8774
vn -0.8054 -0.4016 -0.4358
vn -0.4217 -0.6580 -0.6239
vn -0.3317 -0.7462 -0.5772
vn 0.0335 0.8281 -0.5596
vn 0.0114 0.2295 -0.9732
vn 0.0742 0.9961 0.0486
vn 0.0889 0.9950 0.0453
vn -0.4679 -0.5984 -0.6503
vn -0.0345 -0.7730 -0.6334
vn -0.0150 -0.8322 -0.5543
vn 0.7099 0.7041 0.0178
vn 0.5333 0.8444 0.0516
vn 0.4558 0.8896 0.0287
vn 0.7803 0.6254 0.0045
vn 0.2697 0.9618 0.0468
vn 0.8990 0.4349 -0.0509
vn 0.8668 0.4987 -0.0036
vn 0.9219 0.3717 -0.1095
vn 0.7708 0.6368 0.0192
vn 0.7787 0.6272 0.0141
vn 0.7890 0.6143 0.0093
vn 0.7992 0.6004 0.0288
vn 0.7791 0.6227 0.0733
vn 0.7888 0.6144 -0.0194
vn 0.8023 0.5968 -0.0082
vn 0.8014 0.5977 -0.0249
vn -0.0200 0.9554 0.2947
vn -0.0692 0.9416 0.3295
vn -0.0321 0.9734 0.2269
vn -0.0000 0.9510 0.3093
vn 0.9997 0.0244 0.0001
vn 0.9984 0.0355 -0.0437
vn 0.9892 0.1263 0.0739
vn 0.9848 0.1568 0.0742
vn 0.6348 0.7642 0.1142
vn 0.3471 0.9340 0.0843
vn 0.9403 0.3339 -0.0658
vn 0.9132 0.4025 -0.0641
vn 0.9112 0.4008 -0.0954
vn 0.9561 0.2911 -0.0351
vn 0.9462 0.3227 -0.0227
vn 0.9557 0.2938 0.0196
vn 0.9487 0.3153 0.0248
vn 0.9139 0.4047 -0.0314
vn 0.8719 0.4869 -0.0524
vn 0.8578 0.5123 -0.0409
vn 0.8103 0.5659 -0.1522
vn 0.8761 0.4781 -0.0619
vn 0.9921 0.0277 -0.1222
vn 0.9819 0.1054 -0.1571
vn 0.9881 0.0219 -0.1522
vn 0.8741 0.4075 -0.2643
vn 0.9464 0.2143 -0.2416
vn 0.9755 0.0873 -0.2020
vn 0.8641 0.4623 0.1988
vn 0.7906 0.5535 0.2620
vn 0.9184 0.2780 0.2816
vn 0.8699 0.4926 -0.0261
vn 0.7585 0.6268 0.1785
vn 0.4435 0.3911 0.8064
vn 0.2589 0.3721 0.8913
vn 0.4824 -0.2479 0.8402
vn 0.4690 -0.4524 0.7585
vn 0.2790 -0.4767 0.8336
vn -0.3097 0.8628 0.3995
vn -0.4041 0.8569 0.3202
vn -0.2538 0.8893 0.3805
vn -0.3931 0.8047 0.4449
vn 0.7693 0.5177 0.3745
vn -0.0008 -1.0000 -0.0009
vn -0.0093 -0.9998 -0.0182
vn -0.0036 -1.0000 -0.0001
vn -0.0002 -1.0000 -0.0032
vn -0.0243 -0.9965 -0.0798
vn -0.0273 -0.9984 -0.0486
vn 0.7912 -0.1363 0.5962
vn 0.8221 -0.0429 0.5678
vn -0.1176 0.9163 0.3828
vn -0.0626 0.9247 0.3756
vn 0.0004 -0.0981 -0.9952
vn 0.0002 -0.3464 -0.9381
vn -0.6968 -0.5273 -0.4863
vn -0.0989 -0.3081 -0.9462
vn 0.0620 0.9970 0.0455
vn 0.2617 0.9607 -0.0931
vn 0.0789 0.9968 0.0116
vn 0.0937 0.9954 -0.0202
vn -0.0178 0.0598 -0.9981
vn -0.0238 0.9955 0.0919
vn -0.0120 0.9963 0.0848
vn -0.0018 0.9947 0.1024
vn -0.0324 0.9878 0.1525
vn 0.0125 0.9272 0.3743
vn 0.0748 0.8284 0.5551
vn -0.0266 0.9286 0.3701
vn 0.0716 0.9212 0.3825
vn 0.0619 0.9202 0.3865
vn 0.0644 0.9205 0.3854
vn 0.0638 0.9211 0.3840
vn 0.0566 0.9193 0.3896
vn 0.0561 0.9202 0.3874
vn 0.1761 0.9380 -0.2986
vn 0.1284 0.9406 -0.3142
vn 0.1496 0.9403 -0.3056
vn 0.1444 0.9409 -0.3063
vn 0.1107 0.9413 -0.3188
vn 0.0759 0.9409 -0.3302
vn -0.0165 -0.8624 -0.5059
vn -0.0266 -0.9766 -0.2136
vn -0.0053 -0.7284 -0.6851
vn -0.2017 -0.6236 -0.7553
vn -0.0028 0.8245 -0.5659
vn -0.0029 0.2290 -0.9734
vn 0.0027 1.0000 0.0004
vn 0.0086 0.9999 0.0061
vn 0.0903 0.3758 0.9223
vn 0.0929 -0.1270 0.9875
vn 0.0929 0.5469 0.8320
vn 0.2949 0.4670 0.8336
vn 0.0920 -0.4994 0.8614
vn 0.2898 -0.2959 0.9102
vn 0.1037 -0.3539 0.9295
vn 0.0647 0.9870 -0.1471
vn 0.0437 0.9957 -0.0821
vn 0.0851 0.9817 -0.1704
vn -0.0064 -0.9918 -0.1273
vn -0.0225 -0.9916 -0.1276
vn -0.0196 -0.6780 -0.7348
vn 0.0131 -0.9178 -0.3967
vn -0.0207 -0.9135 -0.4063
vn 0.0004 -0.6846 -0.7290
vn 0.0251 -0.9225 -0.3851
vn 0.0229 -0.9997 0.0031
vn -0.0177 -0.9998 -0.0009
vn 0.0084 -0.6534 0.7570
vn -0.0137 -0.3418 0.9397
vn -0.0193 -0.6502 0.7595
vn 0.0170 -0.6555 0.7550
vn 0.0038 -0.3425 0.9395
vn 0.0084 -0.3440 0.9389
vn 0.0016 -0.1316 0.9913
vn -0.0074 -0.1327 0.9911
vn -0.0026 -0.1272 -0.9919
vn -0.0024 -0.3516 -0.9361
vn -0.0103 -0.3512 -0.9362
vn -0.0009 -0.1264 -0.9920
vn -0.0010 -0.3543 -0.9351
vn 0.0037 -0.6920 -0.7219
vn -0.0188 -0.9054 0.4242
vn 0.0398 -0.9992 0.0088
vn 0.0177 -0.9080 0.4187
vn 0.0300 -0.9088 0.4161
vn -0.0030 -0.0296 0.9996
vn 0.0030 -0.1334 0.9911
vn 0.0004 -0.0285 0.9996
vn 0.0007 -0.0296 0.9996
vn -0.0010 0.0037 1.0000
vn -0.0472 -0.6790 -0.7326
vn -0.0546 -0.9112 -0.4083
vn -0.0681 -0.9107 -0.4074
vn -0.0399 -0.6764 -0.7355
vn -0.0578 -0.9983 -0.0010
vn -0.0720 -0.9974 -0.0089
vn -0.0476 -0.6476 0.7605
vn -0.0367 -0.3530 0.9349
vn -0.0596 -0.6539 0.7543
vn -0.0307 -0.3460 0.9377
vn -0.0148 -0.1408 0.9899
vn -0.0143 -0.1490 0.9887
vn -0.0065 -0.1360 -0.9907
vn -0.0182 -0.3548 -0.9348
vn -0.0206 -0.3621 -0.9319
vn -0.0046 -0.1291 -0.9916
vn -0.0684 -0.9046 0.4208
vn -0.0555 -0.9009 0.4305
vn -0.0053 -0.0357 0.9993
vn -0.0040 -0.0421 0.9991
vn -0.0015 -0.0016 1.0000
vn -0.0000 -0.0075 1.0000
vn -0.0001 -0.0097 -1.0000
vn -0.0008 -0.0370 -0.9993
vn -0.0013 -0.0416 -0.9991
vn -0.0004 -0.0363 -0.9993
vn -0.0002 -0.0360 -0.9994
vn -0.0001 -0.0358 -0.9994
vn -0.0004 -0.1262 -0.9920
vn 0.0038 -0.2022 -0.9793
vn 0.0051 -0.4770 -0.8789
vn 0.0031 -0.1993 -0.9799
vn 0.0038 -0.2050 -0.9788
vn 0.0054 -0.4790 -0.8778
vn 0.0048 -0.4804 -0.8770
vn 0.0047 -0.7321 -0.6812
vn 0.0050 -0.7317 -0.6816
vn 0.0032 -0.7913 0.6114
vn 0.0083 -0.5151 0.8571
vn 0.0028 -0.7946 0.6071
vn 0.0020 -0.7881 0.6155
vn 0.0097 -0.5036 0.8639
vn 0.0064 -0.4969 0.8678
vn 0.0144 -0.2327 0.9724
vn 0.0150 -0.2480 0.9686
vn 0.0002 -0.9999 -0.0122
vn 0.0006 -0.9537 0.3008
vn 0.0002 -0.9999 -0.0124
vn 0.0001 -0.9999 -0.0123
vn 0.0003 -0.9533 0.3020
vn 0.0037 -0.4813 -0.8766
vn 0.0027 -0.2071 -0.9783
vn 0.0032 -0.4808 -0.8768
vn 0.0031 -0.7314 -0.6819
vn 0.0039 -0.7318 -0.6815
vn 0.0009 -0.7865 0.6176
vn 0.0004 -0.7859 0.6184
vn 0.0025 -0.4939 0.8695
vn 0.0007 -0.4914 0.8710
vn 0.0029 -0.2282 0.9736
vn 0.0091 -0.2291 0.9734
vn 0.0001 -0.9999 -0.0124
vn 0.0001 -0.9999 -0.0122
vn 0.0001 -0.9529 0.3034
vn 0.0017 0.0432 -0.9991
vn 0.0012 0.0456 -0.9990
vn 0.0005 0.1388 -0.9903
vn 0.0009 0.1362 -0.9907
vn 0.0020 0.0406 -0.9992
vn 0.0013 0.0384 -0.9993
vn 0.0004 0.1338 -0.9910
vn 0.0009 0.0428 -0.9991
vn 0.0022 -0.2033 -0.9791
vn 0.0163 -0.0777 0.9968
vn 0.0131 -0.0707 0.9974
vn 0.0073 -0.0740 0.9972
vn 0.0100 -0.0181 0.9998
vn 0.0137 -0.0111 0.9998
vn -0.0022 -0.0285 0.9996
vn -0.0031 -0.0765 0.9971
vn -0.0059 -0.0321 0.9995
vn 0.0039 -0.0240 0.9997
vn 0.0007 -0.0770 0.9970
vn -0.0002 -0.2252 0.9743
vn 0.0023 -0.9301 -0.3672
vn 0.0019 -0.9301 -0.3674
vn 0.0016 -0.9297 -0.3684
vn 0.0026 -0.7314 -0.6819
vn 0.0012 -0.9293 -0.3693
vn 0.0009 -0.9293 -0.3693
vn 0.9999 -0.0119 -0.0000
vn 0.9999 -0.0101 -0.0000
vn 0.9999 -0.0120 -0.0000
vn 0.9999 -0.0104 0.0001
vn 1.0000 -0.0077 0.0001
vn 1.0000 -0.0066 0.0005
vn 1.0000 -0.0057 0.0002
vn 1.0000 -0.0002 0.0005
vn 1.0000 -0.0026 0.0005
vn 1.0000 -0.0010 0.0010
vn 1.0000 0.0047 0.0008
vn 1.0000 0.0073 0.0015
vn 1.0000 0.0064 0.0012
vn 0.9999 0.0149 0.0010
vn 0.9997 0.0235 0.0017
vn 0.9999 0.0172 0.0016
vn 0.9999 0.0156 0.0019
vn 0.0620 0.9980 -0.0082
vn 0.0320 0.9992 -0.0239
vn 0.0165 0.9991 -0.0382
vn 0.6985 0.7143 0.0434
vn 0.9308 0.3518 0.0996
vn 0.8697 0.4894 0.0641
vn 0.9101 0.4144 -0.0012
vn 0.4490 0.8934 0.0149
vn 0.1104 0.9938 0.0106
vn 0.0064 0.9989 -0.0467
vn 0.9923 -0.1227 -0.0143
vn 0.9948 -0.1013 -0.0117
vn 0.9931 -0.1166 -0.0144
vn 0.9942 -0.1066 -0.0115
vn 0.9982 -0.0601 -0.0063
vn 0.9981 -0.0619 -0.0072
vn 0.9952 -0.0974 -0.0120
vn 0.9937 -0.1113 -0.0145
vn 1.0000 -0.0038 -0.0018
vn 0.9998 -0.0194 -0.0025
vn 0.9997 -0.0260 -0.0035
vn 1.0000 -0.0028 -0.0017
vn 1.0000 -0.0016 -0.0015
vn 0.9997 -0.0236 -0.0033
vn 0.9977 -0.0667 -0.0069
vn 1.0000 0.0008 -0.0014
vn 1.0000 0.0011 -0.0014
vn 1.0000 0.0011 -0.0015
vn 1.0000 0.0013 -0.0015
vn 0.1040 0.3206 0.9415
vn 0.6787 0.6436 -0.3536
vn 0.4860 0.8042 -0.3421
vn 0.4057 0.9084 -0.1011
vn 0.8388 -0.3992 0.3702
vn 0.9551 0.2606 -0.1408
vn 0.8803 0.2361 0.4116
vn 0.6769 -0.6149 -0.4046
vn 0.8208 -0.5675 -0.0648
vn 0.3848 0.8507 -0.3582
vn 0.5272 0.8481 -0.0523
vn 0.6073 0.7224 0.3307
vn -0.4526 -0.1117 -0.8847
vn -0.4554 -0.1096 -0.8835
vn -0.4596 -0.1095 -0.8813
vn -0.4466 -0.1104 -0.8879
vn -0.4489 -0.1111 -0.8866
vn -0.4454 -0.1098 -0.8886
vn -0.4471 -0.1108 -0.8876
vn -0.4517 -0.1098 -0.8854
vn -0.1597 0.6143 0.7727
vn -0.1203 -0.1784 0.9766
vn -0.4871 0.3384 0.8051
vn -0.0837 0.6597 0.7468
vn 0.2515 0.0049 0.9678
vn 0.5357 -0.6019 0.5923
vn 0.4558 -0.6394 0.6192
vn 0.0400 -0.7380 0.6736
vn 0.4725 -0.6075 0.6385
vn 0.5902 0.1402 0.7950
vn 0.4620 0.1170 0.8791
vn 0.5786 -0.5678 0.5855
vn 0.3368 0.7674 0.5456
vn 0.1891 0.7554 0.6274
vn 0.2690 -0.9476 0.1725
vn -0.0870 -0.9889 -0.1204
vn 0.0853 -0.9850 -0.1498
vn 0.1906 -0.9637 0.1867
vn 0.3717 -0.6450 0.6677
vn -0.2110 -0.9456 0.2477
vn -0.5860 -0.8096 -0.0350
vn -0.2644 0.9567 -0.1215
vn 0.0896 0.9902 0.1067
vn -0.0587 0.9778 -0.2010
vn -0.0959 0.9769 0.1908
vn -0.9906 0.1139 0.0759
vn -0.4098 0.8704 0.2727
vn -0.6536 0.7567 0.0153
vn -0.8086 0.4676 0.3571
vn -0.0418 0.6768 0.7350
vn 0.2179 -0.9557 -0.1980
vn 0.3837 -0.9151 0.1241
vn -0.0375 -0.7210 0.6919
vn 0.3015 0.0482 0.9523
vn -0.1540 -0.1788 0.9718
vn -0.4814 0.3363 0.8094
vn -0.4641 -0.1005 -0.8801
vn -0.4631 -0.0954 -0.8812
vn -0.4673 -0.0936 -0.8791
vn -0.4604 -0.1011 -0.8820
vn -0.4568 -0.1016 -0.8837
vn -0.4597 -0.0954 -0.8829
vn -0.9147 0.2593 -0.3100
vn -0.8973 -0.4260 -0.1153
vn -0.7286 -0.2810 -0.6247
vn -0.9939 -0.0944 0.0570
vn -0.8983 -0.4348 -0.0631
vn -0.6841 -0.7291 -0.0202
vn -0.3917 -0.8079 -0.4404
vn -0.4224 -0.8776 0.2268
vn -0.0464 -0.9959 0.0771
vn -0.3475 -0.7056 0.6175
vn -0.9226 0.1583 0.3517
vn -0.7988 0.5403 0.2646
vn -0.7039 0.0363 0.7094
vn -0.4491 -0.3203 0.8341
vn 0.3441 -0.9362 -0.0722
vn 0.0480 -0.6790 -0.7326
vn -0.0288 -0.7161 -0.6975
vn -0.6443 0.5377 -0.5439
vn -0.5713 0.5826 -0.5781
vn -0.5267 0.8376 0.1451
vn -0.4341 -0.1035 -0.8949
vn -0.0129 0.5727 -0.8197
vn -0.3596 -0.0398 -0.9323
vn -0.3813 0.0679 -0.9220
vn 0.3128 0.1272 -0.9413
vn 0.8337 0.2280 -0.5029
vn 0.2019 -0.5034 -0.8401
vn -0.3646 -0.1945 -0.9106
vn -0.1669 -0.7027 -0.6916
vn -0.4315 -0.2415 -0.8692
vn -0.2535 -0.6966 -0.6712
vn -0.4318 -0.2474 -0.8674
vn -0.8979 -0.0449 -0.4380
vn -0.5193 0.0069 -0.8546
vn -0.6141 -0.1041 -0.7823
vn -0.7112 0.4629 -0.5292
vn -0.4701 0.5736 -0.6708
vn -0.4727 0.0359 -0.8805
vn -0.5442 -0.2652 -0.7960
vn -0.7892 -0.3289 -0.5186
vn -0.5558 -0.1762 -0.8124
vn -0.6529 -0.5710 -0.4977
vn -0.3474 -0.7177 -0.6036
vn -0.4471 -0.2595 -0.8560
vn -0.3393 0.6101 -0.7160
vn -0.4595 0.0511 -0.8867
vn 0.1036 0.9944 -0.0226
vn -0.2845 0.9581 -0.0334
vn 0.1040 0.9942 -0.0285
vn -0.2855 0.9579 -0.0296
vn -0.6297 0.7761 -0.0337
vn -0.6297 0.7762 -0.0318
vn -0.2845 0.9581 -0.0315
vn 0.1039 0.9942 -0.0265
vn -0.6307 0.7753 -0.0337
vn -0.8789 0.4760 -0.0292
vn -0.8793 0.4751 -0.0341
vn -0.9944 0.1034 -0.0206
vn -0.9945 0.1035 -0.0187
vn -0.8790 0.4761 -0.0273
vn -0.9942 0.1029 -0.0307
vn -0.9585 -0.2849 -0.0093
vn -0.9583 -0.2849 -0.0240
vn -0.7767 -0.6299 0.0031
vn -0.7767 -0.6299 0.0050
vn -0.9585 -0.2849 -0.0074
vn -0.7767 -0.6297 -0.0149
vn -0.4765 -0.8790 0.0147
vn -0.4767 -0.8790 -0.0051
vn -0.1039 -0.9943 0.0237
vn -0.1039 -0.9943 0.0255
vn -0.4766 -0.8790 0.0166
vn 0.2849 -0.9585 0.0106
vn -0.1038 -0.9946 0.0039
vn 0.6300 -0.7765 0.0141
vn 0.2846 -0.9582 0.0287
vn 0.6298 -0.7762 0.0289
vn 0.2846 -0.9582 0.0305
vn 0.8790 -0.4766 0.0140
vn 0.9945 -0.1045 0.0105
vn 0.8790 -0.4761 0.0244
vn 0.9945 -0.1035 0.0158
vn 0.8790 -0.4761 0.0263
vn 0.6297 -0.7762 0.0308
vn 0.9589 0.2837 0.0041
vn 0.7774 0.6290 -0.0044
vn 0.9586 0.2849 0.0045
vn 0.7767 0.6298 -0.0079
vn 0.9585 0.2849 0.0064
vn 0.9945 -0.1035 0.0177
vn 0.4770 0.8788 -0.0137
vn 0.4766 0.8789 -0.0195
vn 0.4766 0.8790 -0.0175
vn 0.7767 0.6299 -0.0060
vn 0.1035 0.9945 -0.0135
vn -0.2846 0.9582 -0.0310
vn 0.1039 0.9942 -0.0260
vn -0.2863 0.9579 -0.0201
vn -0.6297 0.7762 -0.0313
vn -0.6316 0.7749 -0.0237
vn -0.8790 0.4761 -0.0268
vn -0.8800 0.4744 -0.0235
vn -0.9945 0.1035 -0.0182
vn -0.9946 0.1023 -0.0194
vn -0.9585 -0.2849 -0.0069
vn -0.9584 -0.2851 -0.0120
vn -0.7767 -0.6299 0.0055
vn -0.7768 -0.6297 -0.0025
vn -0.4766 -0.8790 0.0171
vn -0.4769 -0.8790 0.0075
vn -0.1039 -0.9942 0.0260
vn 0.2848 -0.9583 0.0225
vn -0.1039 -0.9944 0.0164
vn 0.6297 -0.7764 0.0253
vn 0.2846 -0.9582 0.0310
vn 0.6297 -0.7762 0.0313
vn 0.8787 -0.4768 0.0244
vn 0.9942 -0.1052 0.0201
vn 0.8790 -0.4761 0.0268
vn 0.9945 -0.1035 0.0182
vn 0.9591 0.2827 0.0131
vn 0.7780 0.6283 0.0045
vn 0.9585 0.2849 0.0069
vn 0.7767 0.6299 -0.0055
vn 0.4775 0.8786 -0.0049
vn 0.4766 0.8790 -0.0171
vn 0.8778 -0.4784 -0.0259
vn 0.6370 -0.7666 -0.0803
vn 0.8903 -0.4462 -0.0907
vn 0.9801 -0.1773 0.0888
vn 0.9910 -0.1296 0.0338
vn -0.9950 0.0950 -0.0320
vn -0.9901 0.1216 -0.0698
vn -0.9618 -0.2647 -0.0697
vn -0.9682 -0.1595 -0.1930
vn -0.7926 -0.6022 -0.0959
vn 0.5059 0.8471 0.1625
vn 0.8101 0.5709 0.1335
vn 0.5548 0.6908 0.4637
vn 0.0778 0.8676 0.4911
vn 0.0963 0.9824 0.1604
vn -0.3272 0.9365 0.1261
vn -0.4106 0.8261 0.3859
vn -0.6732 0.7360 0.0720
vn -0.7824 -0.6052 -0.1471
vn -0.7912 -0.4618 -0.4010
vn -0.4844 -0.8600 -0.1607
vn -0.4950 -0.7196 -0.4870
vn -0.1034 -0.9830 -0.1520
vn 0.8799 -0.4752 -0.0028
vn 0.6449 -0.7630 -0.0439
vn 0.8997 -0.4309 -0.0703
vn 0.9834 -0.1703 0.0620
vn 0.9901 -0.1340 0.0418
vn -0.6604 0.7481 0.0650
vn -0.7207 0.6334 0.2819
vn -0.8925 0.4510 -0.0032
vn -0.9137 0.4005 0.0698
vn -0.9930 0.0985 -0.0652
vn 0.9662 0.2398 0.0945
vn 0.9563 0.1052 0.2728
vn 0.8046 0.3877 0.4499
vn 0.7977 0.5848 0.1476
vn -0.8320 -0.4596 -0.3108
vn -0.4939 -0.8628 -0.1079
vn -0.5390 -0.7370 -0.4078
vn -0.1034 -0.9894 -0.1021
vn 0.2951 -0.9475 -0.1234
vn -0.0875 -0.8636 -0.4965
vn 0.6787 -0.6853 -0.2640
vn -0.7432 0.6311 0.2221
vn -0.8976 0.4404 0.0159
vn -0.9205 0.3851 0.0660
vn 0.9699 0.2267 0.0887
vn 0.9746 0.1049 0.1978
vn 0.8512 0.3994 0.3405
vn -0.9850 0.1291 -0.1148
vn -0.9567 -0.2678 -0.1142
vn -0.9486 -0.1629 -0.2715
vn 0.4923 0.8519 0.1785
vn 0.5014 0.6386 0.5838
vn 0.0635 0.7920 0.6073
vn 0.0934 0.9807 0.1719
vn -0.3852 0.7839 0.4870
vn -0.3174 0.9396 0.1278
vn 0.3025 -0.9499 -0.0789
vn 0.3716 -0.8616 -0.3458
vn 0.7067 -0.6762 -0.2084
vn 0.7269 -0.5692 -0.3843
vn 0.7710 -0.5183 -0.3701
vn 0.9097 -0.3992 -0.1143
vn 0.9260 -0.3696 -0.0771
vn 0.9658 -0.2113 0.1500
vn 0.9211 -0.3685 -0.1256
vn 0.7684 -0.5084 -0.3888
vn 0.7551 -0.5494 -0.3578
vn 0.9299 -0.3460 -0.1246
vn 0.9811 -0.1752 0.0821
vn 0.9585 -0.2055 0.1975
vn 0.9151 -0.0163 0.4029
vn 0.8930 -0.0353 0.4487
vn 0.7514 0.1841 0.6336
vn 0.9598 0.0370 0.2781
vn 0.9814 -0.1574 0.1096
vn 0.9457 0.0541 0.3205
vn 0.8348 0.2850 0.4710
vn 0.7253 0.1432 0.6734
vn 0.4569 0.3791 0.8047
vn 0.0521 0.4616 0.8856
vn 0.0350 0.5299 0.8473
vn -0.4078 0.5746 0.7096
vn -0.3738 0.5197 0.7682
vn -0.7150 0.4755 0.5124
vn -0.7420 0.5026 0.4435
vn 0.5447 0.5478 0.6349
vn 0.5161 0.5269 0.6753
vn 0.0764 0.6945 0.7154
vn 0.0631 0.7279 0.6828
vn -0.4354 0.7123 0.5505
vn -0.3927 0.7000 0.5964
vn -0.7318 0.5662 0.3793
vn -0.7631 0.5561 0.3292
vn -0.9227 0.3558 0.1483
vn -0.9116 0.3561 0.2053
vn -0.9762 0.1992 -0.0859
vn -0.9774 0.1719 -0.1230
vn -0.9149 0.3777 0.1427
vn -0.9259 0.3617 0.1085
vn -0.9795 0.1810 -0.0879
vn -0.9819 0.1640 -0.0951
vn -0.9311 -0.0366 -0.3629
vn -0.9356 0.0158 -0.3528
vn -0.7824 -0.1932 -0.5920
vn -0.7758 -0.2680 -0.5713
vn -0.9471 -0.0202 -0.3203
vn -0.9547 -0.0432 -0.2943
vn -0.8000 -0.2310 -0.5538
vn -0.8232 -0.2755 -0.4964
vn -0.4807 -0.4996 -0.7206
vn -0.4777 -0.4162 -0.7737
vn -0.0557 -0.6593 -0.7498
vn -0.4953 -0.4384 -0.7500
vn -0.5313 -0.5206 -0.6684
vn -0.0597 -0.6913 -0.7201
vn -0.0920 -0.8976 -0.4311
vn 0.3410 -0.8450 -0.4120
vn -0.0210 -0.5844 -0.8112
vn 0.3931 -0.6776 -0.6216
vn 0.4488 -0.6136 -0.6497
vn -0.0260 -0.5925 -0.8051
vn 0.4269 -0.6861 -0.5891
vn 0.4461 -0.6127 -0.6523
vn 0.9880 0.0344 -0.1505
vn 0.9634 0.2670 0.0240
vn 0.9622 0.2711 0.0268
vn 0.9646 0.2630 0.0213
vn 0.8367 0.5167 0.1817
vn 0.8316 0.5235 0.1856
vn 0.8260 0.5307 0.1898
vn 0.7517 -0.3732 -0.5438
vn 0.9218 -0.1825 -0.3421
vn 0.7450 -0.3781 -0.5495
vn 0.7578 -0.3685 -0.5384
vn 0.9237 -0.1790 -0.3388
vn 0.9254 -0.1757 -0.3357
vn 0.0792 0.6248 -0.7767
vn 0.0793 0.6248 -0.7767
vn 0.0793 0.6248 -0.7768
vn 0.0792 0.6248 -0.7768
vn 0.5402 0.7782 0.3203
vn 0.5322 0.7828 0.3225
vn 0.5474 0.7739 0.3183
vn 0.0894 0.9242 0.3713
vn 0.0893 0.9242 0.3713
vn 0.5475 0.7739 0.3183
vn -0.3711 0.8768 0.3059
vn -0.3797 0.8739 0.3035
vn -0.3876 0.8712 0.3012
vn -0.7122 0.6841 0.1573
vn -0.7055 0.6900 0.1618
vn -0.8861 0.4634 -0.0070
vn -0.7185 0.6785 0.1531
vn -0.8881 0.4596 -0.0099
vn -0.8899 0.4560 -0.0127
vn -0.9537 0.2364 -0.1861
vn -0.9278 0.0136 -0.3728
vn -0.9266 0.0098 -0.3760
vn -0.9290 0.0172 -0.3696
vn -0.7974 -0.2067 -0.5670
vn -0.7921 -0.2126 -0.5721
vn -0.7865 -0.2188 -0.5775
vn -0.4958 -0.4280 -0.7557
vn -0.4877 -0.4319 -0.7587
vn -0.5031 -0.4244 -0.7528
vn -0.0424 -0.5541 -0.8313
vn 0.4156 -0.5259 -0.7421
vn 0.4241 -0.5237 -0.7388
vn 0.4320 -0.5217 -0.7357
vn 0.7451 -0.3781 -0.5495
vn 0.9255 -0.1757 -0.3357
vn -0.0000 0.9731 -0.2303
vn -0.0000 0.5669 0.8238
vn -0.0000 0.9208 0.3901
vn -0.0149 -0.9594 -0.2816
vn -0.0000 0.9998 -0.0186
vn 0.3317 -0.7462 -0.5772
vn -0.9564 0.2851 0.0639
vn -0.0561 0.9202 0.3874
vn -0.0000 0.0045 1.0000
vn -0.9937 -0.1113 -0.0145
vn 0.4471 -0.1108 -0.8876
vn -0.1039 0.9942 -0.0265
vn 0.9529 -0.2917 -0.0827
vn 0.9197 -0.0820 0.3841
vn 0.0149 -0.9594 -0.2816
vn 0.9564 0.2851 0.0639
vn 0.1190 0.9426 -0.3119
vn 0.9999 -0.0108 -0.0000
vn -0.4455 -0.1102 -0.8885
vn 0.3275 0.0452 0.9438
vn 0.4206 -0.9015 -0.1023
vn -0.4553 0.8827 0.1162
vn -0.3621 -0.0639 -0.9299
vn 0.8019 0.2915 0.5216
vn 0.4435 0.3196 0.8374
vt 0.777736 0.024158
vt 0.742057 0.059231
vt 0.735646 0.022436
vt 0.819827 0.025880
vt 0.782407 0.062027
vt 0.829185 0.067873
vt 0.783674 0.098328
vt 0.746072 0.092064
vt 0.516896 0.492791
vt 0.554883 0.442418
vt 0.598655 0.458543
vt 0.483203 0.411351
vt 0.495872 0.451362
vt 0.598655 0.458543
vt 0.573069 0.413776
vt 0.692741 0.418723
vt 0.235338 0.407395
vt 0.287869 0.382255
vt 0.289442 0.403831
vt 0.233003 0.384742
vt 0.290890 0.353010
vt 0.342084 0.381215
vt 0.331508 0.398097
vt 0.088442 0.310380
vt 0.060785 0.289649
vt 0.088777 0.289050
vt 0.054791 0.307715
vt 0.032042 0.289759
vt 0.050445 0.279366
vt 0.069779 0.273543
vt 0.089113 0.267720
vt 0.298631 0.245784
vt 0.246319 0.271043
vt 0.241998 0.245784
vt 0.355263 0.245784
vt 0.300002 0.266415
vt 0.353979 0.285665
vt 0.299718 0.290605
vt 0.250641 0.296303
vt 0.475108 0.340862
vt 0.528682 0.349922
vt 0.475909 0.352639
vt 0.561546 0.352119
vt 0.549461 0.339126
vt 0.657372 0.344982
vt 0.487944 0.355680
vt 0.561546 0.352119
vt 0.497037 0.991387
vt 0.562164 0.950013
vt 0.561895 0.990937
vt 0.497579 0.950332
vt 0.562373 0.909389
vt 0.626752 0.908861
vt 0.626752 0.949673
vt 0.626752 0.990486
vt 0.289442 0.403831
vt 0.239333 0.421758
vt 0.235338 0.407395
vt 0.301404 0.416279
vt 0.356556 0.403918
vt 0.319751 0.425773
vt 0.231228 0.435843
vt 0.463628 0.245784
vt 0.546717 0.261393
vt 0.472268 0.261260
vt 0.631010 0.245784
vt 0.547319 0.245784
vt 0.617497 0.262460
vt 0.548267 0.282747
vt 0.473487 0.283034
vt 0.473487 0.283034
vt 0.411116 0.314831
vt 0.409854 0.283557
vt 0.474861 0.313677
vt 0.416594 0.343100
vt 0.360119 0.352760
vt 0.354314 0.317202
vt 0.353979 0.285665
vt 0.704922 0.428160
vt 0.608942 0.464483
vt 0.698832 0.423442
vt 0.613442 0.468656
vt 0.521030 0.502775
vt 0.172361 0.165797
vt 0.144770 0.199666
vt 0.145016 0.164248
vt 0.202421 0.167712
vt 0.171199 0.200835
vt 0.200186 0.202128
vt 0.171006 0.232349
vt 0.146157 0.232349
vt 0.274510 0.807055
vt 0.321056 0.843691
vt 0.273328 0.857121
vt 0.275691 0.756989
vt 0.323214 0.801103
vt 0.323693 0.756988
vt 0.375807 0.796739
vt 0.375114 0.836072
vt 0.498825 0.793722
vt 0.562589 0.830613
vt 0.498497 0.831167
vt 0.499224 0.756988
vt 0.562763 0.793398
vt 0.562988 0.756988
vt 0.626752 0.793157
vt 0.626752 0.829326
vt 0.058018 0.355545
vt 0.098085 0.332255
vt 0.107729 0.354131
vt 0.010888 0.355118
vt 0.055430 0.330278
vt 0.013639 0.300152
vt 0.927776 0.245784
vt 0.899245 0.268545
vt 0.897832 0.245784
vt 0.928374 0.268749
vt 0.902629 0.292106
vt 0.867896 0.267615
vt 0.867889 0.245784
vt 0.498011 0.909693
vt 0.562486 0.869449
vt 0.498273 0.869867
vt 0.626752 0.869093
vt 0.012915 0.155292
vt 0.049359 0.120520
vt 0.049471 0.158198
vt 0.012748 0.117254
vt 0.049072 0.086142
vt 0.084099 0.088472
vt 0.084213 0.122900
vt 0.084256 0.160668
vt 0.971491 0.287945
vt 0.970041 0.310489
vt 0.957383 0.289777
vt 0.983817 0.303450
vt 0.988414 0.331055
vt 0.980685 0.343154
vt 0.947946 0.315860
vt 0.934093 0.291950
vt 0.909159 0.317455
vt 0.919038 0.343920
vt 0.862647 0.317066
vt 0.867903 0.289447
vt 0.818924 0.948255
vt 0.870827 0.973106
vt 0.873441 0.948163
vt 0.765385 0.948043
vt 0.810980 0.973240
vt 0.749120 0.992819
vt 0.809907 0.992592
vt 0.870694 0.992365
vt 0.054350 0.649800
vt 0.032794 0.645958
vt 0.033059 0.668218
vt 0.054548 0.621957
vt 0.033070 0.620524
vt 0.011001 0.670761
vt 0.011001 0.670761
vt 0.011001 0.670761
vt 0.661589 0.069830
vt 0.701518 0.061812
vt 0.706127 0.086497
vt 0.660438 0.065008
vt 0.694361 0.044701
vt 0.742057 0.059231
vt 0.746072 0.092064
vt 0.361956 0.208224
vt 0.282315 0.175016
vt 0.364444 0.182266
vt 0.362212 0.232349
vt 0.279866 0.205197
vt 0.195854 0.232349
vt 0.200186 0.202128
vt 0.202421 0.167712
vt 0.587171 0.172621
vt 0.492995 0.209004
vt 0.492217 0.183271
vt 0.680199 0.162014
vt 0.590824 0.204304
vt 0.686392 0.199574
vt 0.593363 0.233058
vt 0.491387 0.232349
vt 0.981487 0.199820
vt 0.917763 0.170118
vt 0.979400 0.165872
vt 0.983573 0.233768
vt 0.918124 0.200617
vt 0.919567 0.233768
vt 0.859061 0.200850
vt 0.858989 0.169671
vt 0.635919 0.788940
vt 0.752482 0.832235
vt 0.753777 0.797889
vt 0.636612 0.830654
vt 0.745269 0.871792
vt 0.869643 0.859989
vt 0.869860 0.831972
vt 0.871024 0.799633
vt 0.516895 0.492791
vt 0.460825 0.502599
vt 0.458268 0.494327
vt 0.521962 0.509152
vt 0.521030 0.502776
vt 0.461941 0.506588
vt 0.400838 0.497888
vt 0.401696 0.489989
vt 0.228342 0.437469
vt 0.316192 0.468165
vt 0.315131 0.470747
vt 0.229785 0.436656
vt 0.400838 0.497888
vt 0.401920 0.504024
vt 0.670896 0.287403
vt 0.709031 0.268459
vt 0.708907 0.291135
vt 0.618986 0.283846
vt 0.668668 0.265059
vt 0.617497 0.262460
vt 0.670082 0.245784
vt 0.709155 0.245784
vt 0.295567 0.320736
vt 0.290890 0.353010
vt 0.235792 0.325237
vt 0.033070 0.620524
vt 0.013012 0.594762
vt 0.054746 0.594113
vt 0.033700 0.574438
vt 0.054348 0.556496
vt 0.034486 0.518820
vt 0.015022 0.518763
vt 0.745269 0.871792
vt 0.795766 0.912489
vt 0.637304 0.872368
vt 0.724753 0.912959
vt 0.642851 0.913332
vt 0.709078 0.947990
vt 0.747776 0.163969
vt 0.782175 0.132040
vt 0.780296 0.165405
vt 0.747540 0.127489
vt 0.783674 0.098328
vt 0.812701 0.136423
vt 0.809970 0.166859
vt 0.097611 0.405033
vt 0.059297 0.418849
vt 0.058834 0.404629
vt 0.097232 0.418118
vt 0.060218 0.428615
vt 0.020298 0.431463
vt 0.019146 0.420279
vt 0.017993 0.409094
vt 0.715729 0.162579
vt 0.747540 0.127489
vt 0.747776 0.163969
vt 0.680199 0.162014
vt 0.711275 0.122913
vt 0.670612 0.118831
vt 0.706127 0.086497
vt 0.904063 0.120420
vt 0.961215 0.081009
vt 0.987272 0.131333
vt 0.820853 0.109508
vt 0.891667 0.074373
vt 0.829185 0.067873
vt 0.877492 0.028283
vt 0.935158 0.030686
vt 0.772002 0.423229
vt 0.742522 0.391185
vt 0.782045 0.394695
vt 0.730212 0.420081
vt 0.710541 0.380806
vt 0.752815 0.363907
vt 0.783010 0.381220
vt 0.381666 0.383269
vt 0.342084 0.381215
vt 0.399119 0.363575
vt 0.414055 0.385335
vt 0.401482 0.413644
vt 0.356556 0.403918
vt 0.146624 0.091314
vt 0.178967 0.072656
vt 0.177562 0.091269
vt 0.147002 0.068864
vt 0.179635 0.062449
vt 0.211756 0.075224
vt 0.210362 0.079235
vt 0.878805 0.913743
vt 0.931726 0.873641
vt 0.869614 0.873637
vt 0.932260 0.948648
vt 0.932660 0.913825
vt 0.993838 0.955426
vt 0.993839 0.914536
vt 0.993839 0.873646
vt 0.099950 0.383488
vt 0.058618 0.382059
vt 0.014441 0.382106
vt 0.492995 0.209004
vt 0.427903 0.183365
vt 0.492217 0.183271
vt 0.426799 0.232349
vt 0.426950 0.208872
vt 0.931848 0.833568
vt 0.932431 0.799060
vt 0.869857 0.833678
vt 0.993839 0.832805
vt 0.993838 0.791964
vt 0.877367 0.757173
vt 0.873733 0.775446
vt 0.873733 0.775446
vt 0.755360 0.972958
vt 0.663276 0.971271
vt 0.707590 0.971989
vt 0.678155 0.988247
vt 0.713638 0.990533
vt 0.012581 0.079217
vt 0.048462 0.059068
vt 0.010966 0.057014
vt 0.047921 0.035634
vt 0.086492 0.036457
vt 0.084114 0.061256
vt 0.871024 0.799633
vt 0.755610 0.774666
vt 0.753777 0.797889
vt 0.873733 0.775446
vt 0.758149 0.757282
vt 0.638931 0.757391
vt 0.637425 0.773166
vt 0.162867 0.408076
vt 0.130806 0.418144
vt 0.131827 0.406583
vt 0.162291 0.419116
vt 0.130995 0.424913
vt 0.100138 0.425766
vt 0.134824 0.387448
vt 0.165535 0.390364
vt 0.099950 0.383488
vt 0.139542 0.364026
vt 0.171354 0.373921
vt 0.320806 0.463706
vt 0.346985 0.448129
vt 0.319751 0.425773
vt 0.404863 0.454272
vt 0.433050 0.411875
vt 0.445212 0.454305
vt 0.458268 0.494326
vt 0.833477 0.200218
vt 0.833951 0.168300
vt 0.834157 0.233768
vt 0.812752 0.233768
vt 0.809300 0.199658
vt 0.552149 0.312359
vt 0.548267 0.282747
vt 0.627523 0.312608
vt 0.549461 0.339126
vt 0.409770 0.261477
vt 0.354310 0.262926
vt 0.409446 0.245784
vt 0.399119 0.363575
vt 0.475108 0.340862
vt 0.429783 0.354979
vt 0.445125 0.358285
vt 0.424131 0.365482
vt 0.485762 0.382241
vt 0.445125 0.358285
vt 0.487944 0.355680
vt 0.483203 0.411351
vt 0.439055 0.383368
vt 0.414055 0.385335
vt 0.569367 0.381878
vt 0.573069 0.413776
vt 0.485762 0.382241
vt 0.675057 0.381853
vt 0.678046 0.314933
vt 0.686763 0.344352
vt 0.670896 0.287403
vt 0.715764 0.318864
vt 0.722620 0.346594
vt 0.686763 0.344352
vt 0.672897 0.380958
vt 0.689856 0.369099
vt 0.688422 0.416933
vt 0.877727 0.371826
vt 0.820200 0.362953
vt 0.857391 0.344685
vt 0.906949 0.392260
vt 0.829756 0.384943
vt 0.839476 0.407744
vt 0.782045 0.394695
vt 0.367323 0.992289
vt 0.295607 0.955311
vt 0.366264 0.952312
vt 0.282448 0.990266
vt 0.223588 0.959507
vt 0.249604 0.930771
vt 0.307606 0.919874
vt 0.370056 0.913301
vt 0.321056 0.843691
vt 0.261466 0.893946
vt 0.373153 0.874756
vt 0.315809 0.882821
vt 0.307606 0.919874
vt 0.922516 0.122770
vt 0.857760 0.114207
vt 0.888628 0.118349
vt 0.820853 0.109508
vt 0.839306 0.111857
vt 0.914398 0.364627
vt 0.944109 0.373816
vt 0.919330 0.350029
vt 0.981268 0.355372
vt 0.944109 0.373816
vt 0.320243 0.653694
vt 0.263815 0.697496
vt 0.320435 0.697871
vt 0.207866 0.649800
vt 0.264266 0.650350
vt 0.202236 0.697405
vt 0.264552 0.745010
vt 0.321238 0.745010
vt 0.678174 0.649800
vt 0.640972 0.697525
vt 0.693605 0.697405
vt 0.636664 0.650523
vt 0.586095 0.698004
vt 0.599005 0.745010
vt 0.644468 0.745010
vt 0.689930 0.745010
vt 0.584144 0.654810
vt 0.514172 0.698104
vt 0.513831 0.655391
vt 0.439372 0.698056
vt 0.430794 0.745010
vt 0.514900 0.745010
vt 0.439933 0.655013
vt 0.376629 0.698004
vt 0.376601 0.654593
vt 0.376016 0.745010
vt 0.896806 0.652393
vt 0.866670 0.696502
vt 0.896927 0.697228
vt 0.837977 0.649800
vt 0.867940 0.648457
vt 0.824972 0.697075
vt 0.868122 0.745010
vt 0.898268 0.745010
vt 0.948277 0.663258
vt 0.923717 0.699702
vt 0.948402 0.703782
vt 0.923655 0.656487
vt 0.924026 0.745010
vt 0.949785 0.745010
vt 0.992253 0.684111
vt 0.970862 0.708915
vt 0.992253 0.714560
vt 0.970830 0.672908
vt 0.971019 0.745010
vt 0.992253 0.745010
vt 0.953203 0.268011
vt 0.953362 0.245784
vt 0.975219 0.266864
vt 0.957384 0.289777
vt 0.934093 0.291950
vt 0.857760 0.114207
vt 0.835992 0.139156
vt 0.860353 0.141393
vt 0.812701 0.136423
vt 0.935603 0.757208
vt 0.993839 0.774604
vt 0.993839 0.757243
vt 0.933786 0.775351
vt 0.932431 0.799060
vt 0.869857 0.833393
vt 0.871024 0.799633
vt 0.869614 0.873637
vt 0.491359 0.153632
vt 0.433284 0.123557
vt 0.488494 0.123304
vt 0.430193 0.154476
vt 0.369572 0.153250
vt 0.378073 0.123809
vt 0.839722 0.913504
vt 0.869618 0.871931
vt 0.795766 0.912489
vt 0.818924 0.948255
vt 0.873441 0.948163
vt 0.720673 0.233768
vt 0.747902 0.199308
vt 0.746007 0.233768
vt 0.695339 0.233768
vt 0.718724 0.199276
vt 0.686392 0.199574
vt 0.779442 0.199390
vt 0.779380 0.233768
vt 0.747902 0.199308
vt 0.809300 0.199658
vt 0.919598 0.145119
vt 0.983336 0.148603
vt 0.581663 0.136058
vt 0.491359 0.153632
vt 0.575042 0.096567
vt 0.670612 0.118831
vt 0.287458 0.139784
vt 0.294217 0.101522
vt 0.207228 0.126400
vt 0.054002 0.745010
vt 0.034109 0.703581
vt 0.032473 0.745010
vt 0.069521 0.699058
vt 0.010973 0.707886
vt 0.010944 0.745010
vt 0.932260 0.948648
vt 0.993839 0.973667
vt 0.932078 0.973072
vt 0.932266 0.992137
vt 0.993839 0.991909
vt 0.013253 0.232349
vt 0.049606 0.195552
vt 0.049932 0.232349
vt 0.013084 0.193820
vt 0.084476 0.197129
vt 0.086612 0.232349
vt 0.435494 0.794529
vt 0.435087 0.832420
vt 0.375807 0.796739
vt 0.371696 0.756988
vt 0.435460 0.756988
vt 0.435087 0.832420
vt 0.498497 0.831167
vt 0.433766 0.910426
vt 0.434531 0.870982
vt 0.373153 0.874756
vt 0.174863 0.126090
vt 0.145803 0.125492
vt 0.177562 0.091269
vt 0.207228 0.126400
vt 0.440103 0.585868
vt 0.376599 0.617172
vt 0.439911 0.618486
vt 0.376798 0.583347
vt 0.320272 0.615899
vt 0.584053 0.588726
vt 0.513784 0.619667
vt 0.583959 0.619862
vt 0.513939 0.588136
vt 0.636722 0.586536
vt 0.678174 0.616239
vt 0.678174 0.582678
vt 0.636666 0.618288
vt 0.678174 0.649800
vt 0.320442 0.581066
vt 0.264325 0.614593
vt 0.264427 0.579203
vt 0.207866 0.613696
vt 0.207866 0.649800
vt 0.758076 0.649800
vt 0.760669 0.697372
vt 0.763953 0.745010
vt 0.837977 0.745010
vt 0.131993 0.697550
vt 0.207866 0.745010
vt 0.130934 0.745010
vt 0.202236 0.697405
vt 0.131108 0.649800
vt 0.729223 0.579285
vt 0.744313 0.610762
vt 0.729068 0.610762
vt 0.760298 0.579285
vt 0.744337 0.579285
vt 0.760358 0.610762
vt 0.744195 0.643486
vt 0.727363 0.643486
vt 0.801303 0.579285
vt 0.789277 0.610762
vt 0.789183 0.579285
vt 0.811835 0.579285
vt 0.801347 0.610762
vt 0.811917 0.610762
vt 0.801567 0.643486
vt 0.790312 0.643486
vt 0.705841 0.579285
vt 0.716405 0.610762
vt 0.705759 0.610762
vt 0.716465 0.579285
vt 0.716109 0.643486
vt 0.704854 0.643486
vt 0.775437 0.579285
vt 0.775476 0.610762
vt 0.775670 0.643486
vt 0.761027 0.643486
vt 0.820993 0.579146
vt 0.829411 0.610554
vt 0.821014 0.610727
vt 0.821116 0.643486
vt 0.812822 0.643486
vt 0.321896 0.511661
vt 0.264603 0.543890
vt 0.320795 0.546643
vt 0.264881 0.508522
vt 0.207866 0.541487
vt 0.207866 0.577591
vt 0.727363 0.521736
vt 0.744313 0.549887
vt 0.729068 0.549887
vt 0.761027 0.521736
vt 0.744195 0.521736
vt 0.760358 0.549887
vt 0.801567 0.521736
vt 0.789277 0.549887
vt 0.790312 0.521736
vt 0.811917 0.549887
vt 0.801347 0.549887
vt 0.704854 0.521736
vt 0.716405 0.549887
vt 0.705759 0.549887
vt 0.716109 0.521736
vt 0.775670 0.521736
vt 0.775476 0.549887
vt 0.812822 0.521736
vt 0.821014 0.549852
vt 0.821116 0.521736
vt 0.829411 0.549679
vt 0.829411 0.577621
vt 0.895852 0.584873
vt 0.867925 0.614351
vt 0.896686 0.614937
vt 0.867820 0.583293
vt 0.837977 0.615250
vt 0.992253 0.623212
vt 0.970862 0.636884
vt 0.992253 0.653662
vt 0.971019 0.600289
vt 0.948343 0.623435
vt 0.948343 0.623435
vt 0.923655 0.656488
vt 0.949785 0.577367
vt 0.923433 0.617453
vt 0.921069 0.585800
vt 0.896686 0.614937
vt 0.898268 0.545095
vt 0.914474 0.568399
vt 0.924026 0.561231
vt 0.895852 0.584873
vt 0.894900 0.562831
vt 0.921069 0.585800
vt 0.837977 0.551359
vt 0.868122 0.533556
vt 0.837977 0.522018
vt 0.837977 0.580701
vt 0.867717 0.557092
vt 0.867820 0.583293
vt 0.894900 0.562831
vt 0.638837 0.523827
vt 0.678174 0.549117
vt 0.678173 0.515556
vt 0.599501 0.532099
vt 0.637142 0.554996
vt 0.585511 0.558560
vt 0.514344 0.557398
vt 0.515246 0.527032
vt 0.439631 0.553905
vt 0.430991 0.521965
vt 0.376959 0.550106
vt 0.376443 0.516813
vt 0.688265 0.521736
vt 0.696662 0.549852
vt 0.688265 0.549679
vt 0.696560 0.521736
vt 0.696683 0.579146
vt 0.688264 0.577621
vt 0.696662 0.610727
vt 0.688265 0.610554
vt 0.696560 0.643486
vt 0.688265 0.643486
vt 0.091842 0.519509
vt 0.080469 0.547400
vt 0.079475 0.519509
vt 0.104208 0.519509
vt 0.091961 0.547400
vt 0.104269 0.547400
vt 0.091985 0.576527
vt 0.080560 0.576527
vt 0.169509 0.519509
vt 0.156674 0.547400
vt 0.157143 0.519509
vt 0.181875 0.519509
vt 0.169343 0.547400
vt 0.180882 0.547400
vt 0.169310 0.576527
vt 0.156632 0.576527
vt 0.143243 0.519509
vt 0.129750 0.547400
vt 0.129343 0.519509
vt 0.143236 0.547400
vt 0.143235 0.576527
vt 0.129787 0.576527
vt 0.091961 0.607714
vt 0.080469 0.607714
vt 0.104275 0.576527
vt 0.104269 0.607714
vt 0.091842 0.640137
vt 0.079475 0.640137
vt 0.156674 0.607714
vt 0.180791 0.576527
vt 0.169343 0.607714
vt 0.180882 0.607714
vt 0.169509 0.640137
vt 0.157143 0.640137
vt 0.129750 0.607714
vt 0.143236 0.607714
vt 0.143243 0.640137
vt 0.129343 0.640137
vt 0.070474 0.547365
vt 0.070362 0.519509
vt 0.080469 0.547400
vt 0.070497 0.576389
vt 0.061248 0.574879
vt 0.061248 0.547194
vt 0.061248 0.519509
vt 0.070474 0.607679
vt 0.061248 0.607508
vt 0.070362 0.640137
vt 0.061248 0.640137
vt 0.190989 0.519509
vt 0.200103 0.519509
vt 0.190876 0.547365
vt 0.200103 0.547194
vt 0.190854 0.576389
vt 0.190989 0.640137
vt 0.200103 0.607508
vt 0.200103 0.640137
vt 0.181875 0.640137
vt 0.190876 0.607679
vt 0.180882 0.607714
vt 0.190854 0.576389
vt 0.200103 0.574879
vt 0.116775 0.519509
vt 0.116828 0.547400
vt 0.116839 0.576527
vt 0.116828 0.607714
vt 0.116775 0.640137
vt 0.104208 0.640137
vt 0.867896 0.269089
vt 0.788522 0.245784
vt 0.867903 0.292394
vt 0.788353 0.269403
vt 0.708381 0.293034
vt 0.708768 0.269409
vt 0.709156 0.245784
vt 0.862647 0.321556
vt 0.788353 0.294252
vt 0.857391 0.350718
vt 0.788657 0.321356
vt 0.721170 0.350725
vt 0.714776 0.321879
vt 0.788466 0.345861
vt 0.752001 0.366413
vt 0.820112 0.366410
vt 0.782832 0.382102
vt 0.787018 0.360409
vt 0.116117 0.090024
vt 0.084213 0.122900
vt 0.146624 0.091314
vt 0.116039 0.124438
vt 0.145803 0.125492
vt 0.115949 0.162618
vt 0.084256 0.160668
vt 0.194363 0.408568
vt 0.233003 0.384742
vt 0.235338 0.407395
vt 0.195034 0.388426
vt 0.196149 0.364046
vt 0.220944 0.354171
vt 0.235338 0.407395
vt 0.195501 0.421360
vt 0.239333 0.421758
vt 0.196540 0.429952
vt 0.161852 0.424060
vt 0.116163 0.064789
vt 0.116306 0.045071
vt 0.146120 0.053686
vt 0.115949 0.162618
vt 0.084256 0.160668
vt 0.115986 0.198469
vt 0.116384 0.232349
vt 0.089510 0.266144
vt 0.167836 0.279628
vt 0.089864 0.288110
vt 0.165754 0.255964
vt 0.246112 0.271043
vt 0.250227 0.296303
vt 0.168703 0.303708
vt 0.090218 0.310075
vt 0.166996 0.328197
vt 0.165426 0.349087
vt 0.098973 0.332103
vt 0.235002 0.325237
vt 0.219778 0.354171
vt 0.171354 0.373921
vt 0.166527 0.359954
vt 0.195566 0.364046
vt 0.165426 0.349087
vt 0.139541 0.364026
vt 0.165426 0.349087
vt 0.366264 0.952312
vt 0.432180 0.991838
vt 0.433766 0.910426
vt 0.432797 0.950832
vt 0.657372 0.344982
vt 0.688422 0.416933
vt 0.679512 0.393546
vt 0.692741 0.418723
vt 0.690582 0.417828
vt 0.654891 0.021660
vt 0.682871 0.035285
vt 0.657089 0.040922
vt 0.695268 0.022048
vt 0.657089 0.040922
vt 0.659288 0.060185
vt 0.224801 0.912710
vt 0.219622 0.872049
vt 0.211571 0.907230
vt 0.237885 0.872048
vt 0.232386 0.872049
vt 0.224801 0.831387
vt 0.211571 0.836867
vt 0.167297 0.970215
vt 0.192387 0.937800
vt 0.161817 0.956985
vt 0.205301 0.950714
vt 0.201412 0.946826
vt 0.085973 0.970215
vt 0.126635 0.965036
vt 0.091453 0.956985
vt 0.126635 0.983299
vt 0.126635 0.977799
vt 0.028469 0.912710
vt 0.060883 0.937801
vt 0.041699 0.907230
vt 0.047969 0.950714
vt 0.051858 0.946826
vt 0.028469 0.831387
vt 0.033648 0.872048
vt 0.041699 0.836867
vt 0.015385 0.872048
vt 0.020884 0.872048
vt 0.085973 0.773882
vt 0.060883 0.806296
vt 0.091453 0.787113
vt 0.047969 0.793383
vt 0.051858 0.797271
vt 0.167297 0.773882
vt 0.126635 0.779061
vt 0.161817 0.787112
vt 0.126635 0.760798
vt 0.126635 0.766298
vt 0.192387 0.806296
vt 0.205301 0.793383
vt 0.201412 0.797271
vt 0.237885 0.918130
vt 0.219622 0.872048
vt 0.232386 0.872048
vt 0.224801 0.831387
vt 0.237885 0.825967
vt 0.167297 0.970215
vt 0.172717 0.983299
vt 0.192387 0.937800
vt 0.201412 0.946826
vt 0.080553 0.983299
vt 0.126635 0.977799
vt 0.028469 0.912710
vt 0.015385 0.918130
vt 0.060883 0.937801
vt 0.051858 0.946826
vt 0.015384 0.825967
vt 0.033648 0.872048
vt 0.080554 0.760798
vt 0.051858 0.797271
vt 0.167297 0.773882
vt 0.172716 0.760798
vt 0.126635 0.779061
vt 0.126635 0.766298
vt 0.192387 0.806296
vt 0.201412 0.797271
vt 0.211571 0.836867
vt 0.196759 0.872048
vt 0.219622 0.872048
vt 0.182774 0.895302
vt 0.182774 0.848795
vt 0.126635 0.872049
vt 0.211571 0.907230
vt 0.182774 0.895302
vt 0.846542 0.506312
vt 0.864634 0.470868
vt 0.864634 0.506312
vt 0.846542 0.435424
vt 0.846542 0.470868
vt 0.882726 0.435424
vt 0.882726 0.470868
vt 0.882726 0.506312
vt 0.810357 0.506312
vt 0.828450 0.470868
vt 0.828450 0.506312
vt 0.810357 0.435424
vt 0.810358 0.470868
vt 0.161817 0.787112
vt 0.176220 0.822464
vt 0.182774 0.848795
vt 0.149888 0.815910
vt 0.211571 0.836867
vt 0.182774 0.848795
vt 0.176220 0.921633
vt 0.192387 0.937801
vt 0.149889 0.928187
vt 0.182774 0.895302
vt 0.161817 0.956984
vt 0.149889 0.928187
vt 0.774173 0.506312
vt 0.792265 0.470868
vt 0.792265 0.506312
vt 0.774173 0.435424
vt 0.774173 0.470868
vt 0.126635 0.942172
vt 0.126635 0.965036
vt 0.103382 0.928187
vt 0.149889 0.928187
vt 0.091453 0.956985
vt 0.103382 0.928187
vt 0.737989 0.506312
vt 0.756081 0.470868
vt 0.756081 0.506312
vt 0.737989 0.435424
vt 0.737989 0.470868
vt 0.091453 0.956984
vt 0.077050 0.921633
vt 0.060883 0.937801
vt 0.070496 0.895302
vt 0.103382 0.928187
vt 0.041699 0.907230
vt 0.070496 0.895302
vt 0.701805 0.506312
vt 0.719897 0.470868
vt 0.719897 0.506312
vt 0.701805 0.435424
vt 0.701805 0.470868
vt 0.041699 0.907230
vt 0.056511 0.872048
vt 0.033648 0.872048
vt 0.070496 0.848795
vt 0.070496 0.895302
vt 0.041699 0.836867
vt 0.070496 0.848795
vt 0.955095 0.506312
vt 0.973187 0.470868
vt 0.973187 0.506312
vt 0.955095 0.435424
vt 0.955095 0.470868
vt 0.991279 0.435424
vt 0.991279 0.470868
vt 0.991279 0.506312
vt 0.077050 0.822464
vt 0.060883 0.806297
vt 0.103382 0.815910
vt 0.070496 0.848795
vt 0.091453 0.787113
vt 0.103382 0.815910
vt 0.918910 0.506312
vt 0.937003 0.470868
vt 0.937003 0.506312
vt 0.918910 0.435424
vt 0.918910 0.470868
vt 0.091453 0.787113
vt 0.126635 0.801925
vt 0.126635 0.779061
vt 0.103382 0.815910
vt 0.149888 0.815910
vt 0.900818 0.470868
vt 0.900818 0.506312
vt 0.211571 0.907230
vt 0.196759 0.872048
vt 0.219622 0.872048
vt 0.182774 0.848795
vt 0.182774 0.895302
vt 0.126635 0.872049
vt 0.211571 0.836867
vt 0.182774 0.848795
vt 0.176220 0.822463
vt 0.192387 0.806296
vt 0.149888 0.815910
vt 0.182774 0.848795
vt 0.161817 0.787112
vt 0.161817 0.956984
vt 0.176220 0.921633
vt 0.192387 0.937801
vt 0.182774 0.895302
vt 0.149889 0.928187
vt 0.182774 0.895302
vt 0.126635 0.942172
vt 0.149889 0.928187
vt 0.103382 0.928187
vt 0.161817 0.956985
vt 0.060883 0.937801
vt 0.070496 0.895302
vt 0.070496 0.848795
vt 0.077050 0.822463
vt 0.060883 0.806297
vt 0.070496 0.848795
vt 0.103382 0.815910
vt 0.070496 0.848795
vt 0.126635 0.801925
vt 0.167297 0.970215
vt 0.161817 0.956985
vt 0.085973 0.970215
vt 0.126635 0.965036
vt 0.091453 0.956985
vt 0.126635 0.983299
vt 0.126635 0.977799
vt 0.028469 0.912710
vt 0.060883 0.937801
vt 0.041699 0.907230
vt 0.047969 0.950714
vt 0.051858 0.946826
vt 0.028469 0.831387
vt 0.033648 0.872048
vt 0.041699 0.836867
vt 0.015385 0.872048
vt 0.020884 0.872048
vt 0.060883 0.806296
vt 0.091453 0.787113
vt 0.047969 0.793383
vt 0.051858 0.797271
vt 0.080553 0.983299
vt 0.126635 0.965036
vt 0.126635 0.977799
vt 0.028469 0.912710
vt 0.060883 0.937801
vt 0.051858 0.946826
vt 0.015384 0.825967
vt 0.051858 0.797271
vt 0.149889 0.928187
vt 0.161817 0.956985
vt 0.126635 0.942172
vt 0.126635 0.965036
vt 0.103382 0.928187
vt 0.149889 0.928187
vt 0.091453 0.956985
vt 0.103382 0.928187
vt 0.091453 0.956984
vt 0.077050 0.921633
vt 0.070496 0.895302
vt 0.103382 0.928187
vt 0.041699 0.907230
vt 0.070496 0.895302
vt 0.056511 0.872048
vt 0.033648 0.872048
vt 0.070496 0.848795
vt 0.070496 0.895302
vt 0.041699 0.836867
vt 0.070496 0.848795
vt 0.041699 0.836867
vt 0.077050 0.822464
vt 0.060883 0.806297
vt 0.103382 0.815910
vt 0.070496 0.848795
vt 0.091453 0.787113
vt 0.103382 0.815910
vt 0.091453 0.787113
vt 0.126635 0.801925
vt 0.103382 0.815910
vt 0.126635 0.872049
vt 0.176220 0.921633
vt 0.149889 0.928187
vt 0.091453 0.956985
vt 0.126635 0.942172
vt 0.103382 0.928187
vt 0.161817 0.956985
vt 0.060883 0.937801
vt 0.103382 0.928187
vt 0.070496 0.895302
vt 0.091453 0.956984
vt 0.033648 0.872048
vt 0.070496 0.895302
vt 0.077050 0.822463
vt 0.529291 0.010372
vt 0.501494 0.007811
vt 0.501749 0.015944
vt 0.529325 0.010070
vt 0.501496 0.006639
vt 0.473632 0.003510
vt 0.473598 0.003812
vt 0.473564 0.004114
vt 0.372327 0.038588
vt 0.355703 0.023507
vt 0.355539 0.039098
vt 0.389068 0.038072
vt 0.372019 0.023112
vt 0.384313 0.015718
vt 0.371150 0.015564
vt 0.358220 0.016928
vt 0.307507 0.015902
vt 0.315591 0.045057
vt 0.315215 0.015806
vt 0.300152 0.045249
vt 0.307872 0.045153
vt 0.300528 0.074500
vt 0.308236 0.074404
vt 0.315944 0.074308
vt 0.412371 0.073642
vt 0.418087 0.045431
vt 0.415864 0.042327
vt 0.412577 0.079231
vt 0.420310 0.048534
vt 0.427836 0.012249
vt 0.423596 0.011630
vt 0.419356 0.011012
vt 0.475919 0.077412
vt 0.503393 0.064500
vt 0.475812 0.067365
vt 0.503784 0.088478
vt 0.503745 0.079725
vt 0.531646 0.083670
vt 0.531539 0.073624
vt 0.462959 0.081284
vt 0.438257 0.043673
vt 0.435798 0.074544
vt 0.466210 0.043411
vt 0.441441 0.006572
vt 0.413421 0.007607
vt 0.410171 0.045480
vt 0.406920 0.083354
vt 0.461244 0.101381
vt 0.434921 0.091411
vt 0.433225 0.102416
vt 0.462102 0.091333
vt 0.413805 0.091369
vt 0.405205 0.103451
vt 0.474688 0.035740
vt 0.501749 0.015944
vt 0.502556 0.039140
vt 0.530415 0.041998
vt 0.404792 0.092273
vt 0.406629 0.087630
vt 0.405650 0.082225
vt 0.404999 0.097862
vt 0.413805 0.091369
vt 0.406714 0.077765
vt 0.406507 0.072176
vt 0.370176 0.084946
vt 0.355477 0.063314
vt 0.357717 0.081555
vt 0.383030 0.081412
vt 0.371418 0.063066
vt 0.387336 0.062810
vt 0.495407 0.097631
vt 0.486448 0.094912
vt 0.490068 0.098206
vt 0.495787 0.094248
vt 0.495597 0.095940
vt 0.490706 0.092449
vt 0.475330 0.093664
vt 0.474633 0.099869
vt 0.503602 0.092847
vt 0.510980 0.095954
vt 0.503383 0.095101
vt 0.531754 0.093716
vt 0.503784 0.088478
vt 0.476027 0.087458
vt 0.510599 0.099338
vt 0.502774 0.100522
vt 0.515678 0.101082
vt 0.503003 0.098484
vt 0.502496 0.102998
vt 0.530360 0.106127
vt 0.519938 0.098673
vt 0.516316 0.095325
vt 0.510790 0.097646
vt 0.531057 0.099922
vt 0.292049 0.016094
vt 0.299799 0.015998
vt 0.284676 0.045442
vt 0.292414 0.045345
vt 0.285029 0.074693
vt 0.292779 0.074597
vt 0.322965 0.015709
vt 0.331079 0.044864
vt 0.330714 0.015612
vt 0.323330 0.044960
vt 0.323694 0.074211
vt 0.331443 0.074115
vt 0.276592 0.016287
vt 0.284300 0.016191
vt 0.269248 0.045634
vt 0.276957 0.045538
vt 0.269613 0.074885
vt 0.277321 0.074789
vt 0.370176 0.084946
vt 0.387806 0.088641
vt 0.369403 0.096492
vt 0.351966 0.088626
vt 0.368853 0.103321
vt 0.398567 0.103734
vt 0.346409 0.065071
vt 0.355477 0.063314
vt 0.346377 0.038732
vt 0.341268 0.067123
vt 0.339139 0.102907
vt 0.388255 0.022201
vt 0.389239 0.012294
vt 0.398333 0.037038
vt 0.397152 0.020247
vt 0.403736 0.029170
vt 0.402007 0.016915
vt 0.400278 0.004659
vt 0.370431 0.011086
vt 0.352337 0.014374
vt 0.369757 0.007067
vt 0.339236 0.009476
vt 0.355539 0.039098
vt 0.346478 0.022629
vt 0.341316 0.020408
vt 0.343396 0.031339
vt 0.389068 0.038072
vt 0.396176 0.064368
vt 0.387336 0.062810
vt 0.401152 0.066452
vt 0.646717 0.013358
vt 0.640342 0.039744
vt 0.640342 0.021150
vt 0.646717 0.038859
vt 0.640342 0.064359
vt 0.633966 0.064359
vt 0.633966 0.039921
vt 0.633966 0.021858
vt 0.627591 0.039921
vt 0.627591 0.021858
vt 0.627591 0.064359
vt 0.621216 0.064359
vt 0.621216 0.039921
vt 0.621216 0.021858
vt 0.614841 0.039921
vt 0.614841 0.021858
vt 0.614841 0.064359
vt 0.608466 0.064359
vt 0.608466 0.039921
vt 0.608466 0.021858
vt 0.602091 0.039921
vt 0.602091 0.021858
vt 0.602091 0.064359
vt 0.595716 0.064359
vt 0.595716 0.039921
vt 0.595716 0.021858
vt 0.589341 0.021858
vt 0.589341 0.039921
vt 0.589341 0.064359
vt 0.582966 0.039921
vt 0.582966 0.021858
vt 0.576591 0.021858
vt 0.582966 0.064359
vt 0.576591 0.039921
vt 0.576591 0.064359
vt 0.570215 0.039921
vt 0.570215 0.021858
vt 0.563840 0.021858
vt 0.570215 0.064359
vt 0.563840 0.039921
vt 0.563840 0.064359
vt 0.557465 0.039921
vt 0.557465 0.021858
vt 0.551090 0.021150
vt 0.557465 0.064359
vt 0.551090 0.039744
vt 0.551090 0.064359
vt 0.544715 0.038859
vt 0.544715 0.013358
vt 0.576591 0.014421
vt 0.582966 0.014421
vt 0.576591 0.021858
vt 0.570216 0.014421
vt 0.570215 0.013358
vt 0.576591 0.013358
vt 0.582966 0.013358
vt 0.614841 0.021858
vt 0.621216 0.014421
vt 0.614841 0.014421
vt 0.608466 0.014421
vt 0.614841 0.013358
vt 0.621216 0.013358
vt 0.557465 0.021858
vt 0.551090 0.014244
vt 0.557465 0.014421
vt 0.544715 0.013358
vt 0.551090 0.013358
vt 0.557465 0.013358
vt 0.646717 0.013358
vt 0.640342 0.014244
vt 0.633966 0.014421
vt 0.640342 0.013358
vt 0.602091 0.021858
vt 0.602091 0.014421
vt 0.595716 0.014421
vt 0.602091 0.013358
vt 0.608466 0.013358
vt 0.627591 0.021858
vt 0.633966 0.014421
vt 0.633967 0.021858
vt 0.627591 0.014421
vt 0.627591 0.013358
vt 0.633967 0.013358
vt 0.563840 0.014421
vt 0.563840 0.021858
vt 0.557465 0.014421
vt 0.557465 0.013358
vt 0.563840 0.013358
vt 0.589341 0.014421
vt 0.589341 0.021858
vt 0.589341 0.013358
vt 0.595716 0.013358
vt 0.633966 0.013358
vt 0.576591 0.013358
vt 0.582966 0.013358
vt 0.570215 0.013358
vt 0.576591 0.013358
vt 0.570215 0.013358
vt 0.576591 0.013358
vt 0.582966 0.013358
vt 0.563840 0.013358
vt 0.563840 0.013358
vt 0.557465 0.013358
vt 0.563840 0.013358
vt 0.570215 0.013358
vt 0.544715 0.013358
vt 0.551090 0.013358
vt 0.557465 0.013358
vt 0.640342 0.013358
vt 0.633966 0.013358
vt 0.633966 0.013358
vt 0.640342 0.013358
vt 0.646717 0.013358
vt 0.551090 0.013358
vt 0.627591 0.013358
vt 0.627591 0.013358
vt 0.621216 0.013358
vt 0.621216 0.013358
vt 0.627591 0.013358
vt 0.621216 0.013358
vt 0.621216 0.013358
vt 0.614841 0.013358
vt 0.614841 0.013358
vt 0.608466 0.013358
vt 0.614841 0.013358
vt 0.608466 0.013358
vt 0.602091 0.013358
vt 0.595716 0.013358
vt 0.602091 0.013358
vt 0.595716 0.013358
vt 0.602091 0.013358
vt 0.589341 0.013358
vt 0.589341 0.013358
vt 0.595716 0.013358
vt 0.844588 0.663531
vt 0.852216 0.653461
vt 0.846820 0.664234
vt 0.851893 0.653082
vt 0.859805 0.645268
vt 0.859860 0.645508
vt 0.852280 0.653537
vt 0.847023 0.664298
vt 0.902857 0.676281
vt 0.904864 0.687218
vt 0.902857 0.689031
vt 0.902857 0.663531
vt 0.903339 0.676155
vt 0.905089 0.664234
vt 0.903435 0.676130
vt 0.905047 0.687054
vt 0.555179 0.063952
vt 0.549320 0.058235
vt 0.550017 0.058595
vt 0.560341 0.069310
vt 0.553839 0.065351
vt 0.560222 0.069688
vt 0.552032 0.067445
vt 0.545327 0.060487
vt 0.550017 0.048577
vt 0.549400 0.038366
vt 0.550017 0.038560
vt 0.548010 0.048605
vt 0.545328 0.048785
vt 0.545327 0.037083
vt 0.561496 0.022139
vt 0.554127 0.029177
vt 0.560719 0.022036
vt 0.555756 0.030350
vt 0.552032 0.027493
vt 0.558737 0.017902
vt 0.576097 0.019273
vt 0.568500 0.018792
vt 0.576216 0.018895
vt 0.568796 0.020706
vt 0.568219 0.016041
vt 0.577701 0.014180
vt 0.581259 0.024631
vt 0.587117 0.030348
vt 0.586421 0.029988
vt 0.582599 0.023232
vt 0.584405 0.021138
vt 0.591110 0.028096
vt 0.586421 0.040006
vt 0.587037 0.050217
vt 0.586421 0.050023
vt 0.588428 0.039978
vt 0.591110 0.039798
vt 0.591110 0.051500
vt 0.574941 0.066444
vt 0.582310 0.059406
vt 0.575719 0.066547
vt 0.580681 0.058234
vt 0.584405 0.061090
vt 0.577701 0.070681
vt 0.567938 0.069791
vt 0.567641 0.067877
vt 0.568219 0.072542
vt 0.558737 0.074403
vt 0.600961 0.063952
vt 0.595103 0.058235
vt 0.595799 0.058595
vt 0.606123 0.069310
vt 0.599621 0.065351
vt 0.606004 0.069688
vt 0.597815 0.067445
vt 0.591110 0.060486
vt 0.595799 0.048577
vt 0.595183 0.038366
vt 0.595799 0.038560
vt 0.593792 0.048605
vt 0.591110 0.048785
vt 0.591110 0.037083
vt 0.607279 0.022139
vt 0.599910 0.029177
vt 0.606501 0.022036
vt 0.601539 0.030350
vt 0.597815 0.027493
vt 0.604519 0.017902
vt 0.621879 0.019273
vt 0.614282 0.018792
vt 0.621999 0.018895
vt 0.614579 0.020706
vt 0.614001 0.016041
vt 0.623483 0.014180
vt 0.627042 0.024631
vt 0.632900 0.030348
vt 0.632204 0.029988
vt 0.628382 0.023232
vt 0.630188 0.021138
vt 0.636892 0.028097
vt 0.632204 0.040006
vt 0.632820 0.050217
vt 0.632203 0.050023
vt 0.634210 0.039978
vt 0.636893 0.039798
vt 0.636892 0.051500
vt 0.620724 0.066444
vt 0.628093 0.059406
vt 0.621501 0.066547
vt 0.626464 0.058233
vt 0.630188 0.061090
vt 0.623483 0.070681
vt 0.613720 0.069791
vt 0.613424 0.067877
vt 0.614001 0.072542
vt 0.604519 0.074403
vt 0.916904 0.699787
vt 0.926024 0.670826
vt 0.925319 0.700124
vt 0.905047 0.687054
vt 0.909814 0.695242
vt 0.905292 0.664298
vt 0.903435 0.676130
vt 0.918129 0.645508
vt 0.910549 0.653537
vt 0.935143 0.641866
vt 0.926728 0.641528
vt 0.947000 0.654599
vt 0.942233 0.646411
vt 0.946755 0.677354
vt 0.948612 0.665523
vt 0.933918 0.696145
vt 0.941498 0.688115
vt 0.858635 0.699787
vt 0.867755 0.670826
vt 0.867050 0.700125
vt 0.846778 0.687054
vt 0.851545 0.695242
vt 0.847023 0.664298
vt 0.845166 0.676130
vt 0.852280 0.653537
vt 0.876874 0.641866
vt 0.868459 0.641528
vt 0.888731 0.654599
vt 0.883964 0.646411
vt 0.888486 0.677354
vt 0.890343 0.665523
vt 0.875649 0.696145
vt 0.883229 0.688116
vt 0.910485 0.653461
vt 0.910162 0.653082
vt 0.918074 0.645268
vt 0.918129 0.645508
vt 0.905292 0.664298
vt 0.859198 0.642632
vt 0.868464 0.641408
vt 0.868490 0.640809
vt 0.876949 0.641626
vt 0.876874 0.641866
vt 0.868459 0.641528
vt 0.917467 0.642632
vt 0.926733 0.641408
vt 0.926759 0.640809
vt 0.935219 0.641626
vt 0.935143 0.641866
vt 0.884351 0.645803
vt 0.877781 0.638985
vt 0.890921 0.652622
vt 0.884028 0.646309
vt 0.888914 0.654434
vt 0.942620 0.645803
vt 0.936050 0.638985
vt 0.949190 0.652622
vt 0.942297 0.646309
vt 0.947183 0.654434
vt 0.890921 0.665371
vt 0.890921 0.678121
vt 0.890439 0.665498
vt 0.888689 0.677418
vt 0.888731 0.654599
vt 0.949190 0.665371
vt 0.949190 0.678121
vt 0.948708 0.665498
vt 0.946958 0.677418
vt 0.947000 0.654599
vt 0.883293 0.688191
vt 0.883616 0.688571
vt 0.875704 0.696385
vt 0.875649 0.696145
vt 0.883229 0.688116
vt 0.888486 0.677355
vt 0.941562 0.688191
vt 0.941885 0.688571
vt 0.933973 0.696384
vt 0.933918 0.696145
vt 0.941498 0.688115
vt 0.946755 0.677355
vt 0.876311 0.699020
vt 0.867045 0.700244
vt 0.867019 0.700844
vt 0.858559 0.700027
vt 0.858635 0.699787
vt 0.851158 0.695849
vt 0.857728 0.702668
vt 0.844588 0.689031
vt 0.851481 0.695343
vt 0.846595 0.687219
vt 0.851545 0.695242
vt 0.934580 0.699020
vt 0.925314 0.700244
vt 0.925288 0.700844
vt 0.916828 0.700027
vt 0.916904 0.699787
vt 0.909427 0.695849
vt 0.915997 0.702668
vt 0.909750 0.695343
vt 0.909814 0.695242
vt 0.844588 0.676281
vt 0.845070 0.676155
vt 0.845166 0.676130
vt 0.846778 0.687054
vt 0.742057 0.059231
vt 0.746072 0.092064
vt 0.782407 0.062027
vt 0.554883 0.442418
vt 0.495872 0.451362
vt 0.598655 0.458543
vt 0.573069 0.413776
vt 0.287869 0.382255
vt 0.233003 0.384742
vt 0.331507 0.398097
vt 0.342084 0.381215
vt 0.290890 0.353010
vt 0.060785 0.289649
vt 0.054791 0.307715
vt 0.300002 0.266415
vt 0.353979 0.285665
vt 0.475108 0.340862
vt 0.528682 0.349922
vt 0.549461 0.339126
vt 0.487944 0.355680
vt 0.475909 0.352639
vt 0.549461 0.339126
vt 0.562164 0.950013
vt 0.497579 0.950332
vt 0.562373 0.909389
vt 0.498011 0.909693
vt 0.289442 0.403831
vt 0.301404 0.416279
vt 0.356556 0.403918
vt 0.473487 0.283034
vt 0.617497 0.262460
vt 0.473487 0.283034
vt 0.353979 0.285665
vt 0.360119 0.352760
vt 0.475108 0.340862
vt 0.608942 0.464483
vt 0.144770 0.199666
vt 0.172361 0.165797
vt 0.145016 0.164248
vt 0.171199 0.200835
vt 0.200186 0.202128
vt 0.321056 0.843691
vt 0.375114 0.836072
vt 0.323214 0.801103
vt 0.375807 0.796739
vt 0.562764 0.793398
vt 0.058018 0.355545
vt 0.055430 0.330278
vt 0.012264 0.327635
vt 0.899245 0.268545
vt 0.902629 0.292106
vt 0.934093 0.291950
vt 0.562486 0.869449
vt 0.049359 0.120520
vt 0.049471 0.158198
vt 0.084213 0.122900
vt 0.049072 0.086142
vt 0.957383 0.289777
vt 0.947945 0.315860
vt 0.996143 0.318955
vt 0.909159 0.317455
vt 0.870827 0.973106
vt 0.873441 0.948162
vt 0.810980 0.973240
vt 0.755360 0.972958
vt 0.765385 0.948043
vt 0.032794 0.645958
vt 0.033059 0.668218
vt 0.033070 0.620524
vt 0.701518 0.061812
vt 0.742057 0.059231
vt 0.694361 0.044701
vt 0.282315 0.175016
vt 0.361956 0.208224
vt 0.279866 0.205197
vt 0.279033 0.232349
vt 0.587171 0.172621
vt 0.492217 0.183271
vt 0.680199 0.162014
vt 0.858989 0.169671
vt 0.918124 0.200617
vt 0.859061 0.200850
vt 0.753777 0.797889
vt 0.745269 0.871792
vt 0.516896 0.492791
vt 0.460825 0.502599
vt 0.521030 0.502776
vt 0.458268 0.494326
vt 0.316192 0.468166
vt 0.400838 0.497888
vt 0.401696 0.489989
vt 0.320806 0.463706
vt 0.670896 0.287403
vt 0.668668 0.265059
vt 0.618986 0.283846
vt 0.299718 0.290605
vt 0.354314 0.317202
vt 0.033070 0.620524
vt 0.795766 0.912489
vt 0.724753 0.912959
vt 0.747540 0.127489
vt 0.809970 0.166859
vt 0.780296 0.165405
vt 0.783674 0.098328
vt 0.746072 0.092064
vt 0.097611 0.405033
vt 0.097232 0.418118
vt 0.058834 0.404629
vt 0.711275 0.122913
vt 0.706127 0.086497
vt 0.670612 0.118831
vt 0.680199 0.162014
vt 0.891667 0.074373
vt 0.381666 0.383269
vt 0.399119 0.363575
vt 0.342084 0.381215
vt 0.414055 0.385335
vt 0.424131 0.365482
vt 0.178967 0.072656
vt 0.147002 0.068864
vt 0.177562 0.091269
vt 0.878805 0.913743
vt 0.932660 0.913825
vt 0.932260 0.948649
vt 0.873441 0.948163
vt 0.058018 0.355545
vt 0.099950 0.383488
vt 0.058618 0.382059
vt 0.427903 0.183365
vt 0.426950 0.208872
vt 0.931848 0.833568
vt 0.932431 0.799060
vt 0.707590 0.971989
vt 0.648397 0.954295
vt 0.048462 0.059068
vt 0.084114 0.061256
vt 0.009350 0.034812
vt 0.755610 0.774666
vt 0.162867 0.408076
vt 0.162291 0.419116
vt 0.131827 0.406583
vt 0.162867 0.408076
vt 0.099950 0.383488
vt 0.097611 0.405033
vt 0.346985 0.448129
vt 0.433050 0.411875
vt 0.458268 0.494326
vt 0.495872 0.451362
vt 0.833477 0.200218
vt 0.833951 0.168300
vt 0.809300 0.199658
vt 0.855561 0.233768
vt 0.552149 0.312359
vt 0.627523 0.312608
vt 0.399119 0.363575
vt 0.416594 0.343100
vt 0.445125 0.358285
vt 0.475909 0.352639
vt 0.487944 0.355680
vt 0.439055 0.383368
vt 0.433050 0.411875
vt 0.483203 0.411351
vt 0.483203 0.411351
vt 0.569367 0.381878
vt 0.485762 0.382241
vt 0.627523 0.312608
vt 0.686763 0.344352
vt 0.689856 0.369099
vt 0.710541 0.380806
vt 0.877727 0.371826
vt 0.782045 0.394695
vt 0.295607 0.955311
vt 0.366264 0.952312
vt 0.197573 0.988243
vt 0.315809 0.882821
vt 0.307606 0.919874
vt 0.373153 0.874756
vt 0.888628 0.118349
vt 0.914399 0.364627
vt 0.919330 0.350029
vt 0.877727 0.371826
vt 0.320243 0.653695
vt 0.263815 0.697496
vt 0.264266 0.650350
vt 0.320435 0.697871
vt 0.640972 0.697525
vt 0.636665 0.650523
vt 0.693605 0.697405
vt 0.586095 0.698004
vt 0.514172 0.698104
vt 0.439933 0.655013
vt 0.376629 0.698004
vt 0.376601 0.654593
vt 0.896806 0.652393
vt 0.896927 0.697228
vt 0.824972 0.697075
vt 0.948402 0.703782
vt 0.970862 0.708915
vt 0.953203 0.268011
vt 0.934093 0.291950
vt 0.928374 0.268749
vt 0.978948 0.245784
vt 0.835992 0.139156
vt 0.860353 0.141393
vt 0.812701 0.136423
vt 0.933786 0.775351
vt 0.932431 0.799060
vt 0.869857 0.833393
vt 0.491359 0.153632
vt 0.430193 0.154476
vt 0.369572 0.153250
vt 0.839721 0.913504
vt 0.818924 0.948255
vt 0.765385 0.948043
vt 0.718724 0.199276
vt 0.686392 0.199574
vt 0.747902 0.199308
vt 0.919598 0.145119
vt 0.581663 0.136058
vt 0.491359 0.153632
vt 0.207228 0.126400
vt 0.034109 0.703581
vt 0.932078 0.973072
vt 0.049606 0.195552
vt 0.498497 0.831167
vt 0.435494 0.794530
vt 0.435087 0.832420
vt 0.375114 0.836072
vt 0.435087 0.832420
vt 0.498497 0.831167
vt 0.375114 0.836072
vt 0.370056 0.913301
vt 0.498011 0.909693
vt 0.177562 0.091269
vt 0.440103 0.585868
vt 0.376798 0.583346
vt 0.439911 0.618486
vt 0.584053 0.588726
vt 0.513784 0.619667
vt 0.513939 0.588136
vt 0.636722 0.586536
vt 0.636666 0.618288
vt 0.264427 0.579203
vt 0.729223 0.579285
vt 0.744313 0.610762
vt 0.729068 0.610762
vt 0.760358 0.610762
vt 0.789277 0.610762
vt 0.801302 0.579285
vt 0.789183 0.579285
vt 0.801347 0.610762
vt 0.811835 0.579285
vt 0.705841 0.579285
vt 0.716405 0.610762
vt 0.716465 0.579285
vt 0.705759 0.610762
vt 0.775438 0.579285
vt 0.775476 0.610762
vt 0.820993 0.579146
vt 0.821014 0.610727
vt 0.264603 0.543890
vt 0.207866 0.505383
vt 0.789277 0.549887
vt 0.716405 0.549887
vt 0.705759 0.549887
vt 0.829411 0.521736
vt 0.895851 0.584873
vt 0.867925 0.614351
vt 0.867820 0.583293
vt 0.896686 0.614937
vt 0.970862 0.636884
vt 0.923433 0.617453
vt 0.894900 0.562831
vt 0.895852 0.584873
vt 0.921069 0.585800
vt 0.894900 0.562831
vt 0.637142 0.554996
vt 0.585511 0.558560
vt 0.439631 0.553905
vt 0.696662 0.549852
vt 0.696662 0.610727
vt 0.080469 0.547400
vt 0.080560 0.576527
vt 0.091961 0.547400
vt 0.104269 0.547400
vt 0.156674 0.547400
vt 0.169343 0.547400
vt 0.180882 0.547400
vt 0.129750 0.547400
vt 0.143236 0.547400
vt 0.091961 0.607714
vt 0.080469 0.607714
vt 0.104269 0.607714
vt 0.104275 0.576527
vt 0.156674 0.607714
vt 0.169343 0.607714
vt 0.180882 0.607714
vt 0.129750 0.607714
vt 0.143236 0.607714
vt 0.070497 0.576389
vt 0.070474 0.607679
vt 0.070497 0.576389
vt 0.190876 0.547365
vt 0.190876 0.607679
vt 0.190854 0.576389
vt 0.116828 0.547400
vt 0.116839 0.576527
vt 0.116828 0.607714
vt 0.788353 0.269403
vt 0.788466 0.345861
vt 0.788466 0.345861
vt 0.084099 0.088472
vt 0.115949 0.162618
vt 0.146624 0.091314
vt 0.194363 0.408568
vt 0.235338 0.407395
vt 0.195501 0.421360
vt 0.116117 0.090024
vt 0.084476 0.197129
vt 0.115949 0.162618
vt 0.115986 0.198469
vt 0.167836 0.279628
vt 0.166996 0.328197
vt 0.165426 0.349087
vt 0.166527 0.359954
vt 0.432797 0.950832
vt 0.690582 0.417828
vt 0.682871 0.035285
vt 0.695268 0.022048
vt 0.219622 0.872048
vt 0.224801 0.912710
vt 0.211571 0.907230
vt 0.224801 0.831387
vt 0.192387 0.937801
vt 0.201412 0.946826
vt 0.085973 0.970215
vt 0.091453 0.956985
vt 0.028469 0.912710
vt 0.028469 0.831387
vt 0.020884 0.872048
vt 0.085973 0.773882
vt 0.091453 0.787112
vt 0.051858 0.797271
vt 0.126635 0.766298
vt 0.192387 0.806296
vt 0.201412 0.797271
vt 0.224801 0.912710
vt 0.232386 0.872048
vt 0.167297 0.970215
vt 0.201412 0.946826
vt 0.192387 0.937801
vt 0.161817 0.956985
vt 0.085973 0.970215
vt 0.126635 0.977799
vt 0.126635 0.965036
vt 0.091453 0.956985
vt 0.028469 0.831387
vt 0.041699 0.836867
vt 0.085973 0.773882
vt 0.060883 0.806296
vt 0.091453 0.787112
vt 0.167297 0.773882
vt 0.201412 0.797271
vt 0.211571 0.907230
vt 0.864634 0.470868
vt 0.846542 0.470868
vt 0.864634 0.435424
vt 0.828450 0.470868
vt 0.810358 0.470868
vt 0.828450 0.435424
vt 0.176220 0.822464
vt 0.211571 0.836867
vt 0.182774 0.848795
vt 0.792265 0.470868
vt 0.774173 0.470868
vt 0.792265 0.435424
vt 0.161817 0.956985
vt 0.149889 0.928187
vt 0.756081 0.470868
vt 0.737989 0.470868
vt 0.756081 0.435424
vt 0.091453 0.956984
vt 0.077050 0.921633
vt 0.719897 0.470868
vt 0.719897 0.435424
vt 0.056511 0.872048
vt 0.041699 0.836867
vt 0.973187 0.470868
vt 0.955095 0.470868
vt 0.973187 0.435424
vt 0.060883 0.806297
vt 0.937003 0.470868
vt 0.918911 0.470868
vt 0.937003 0.435424
vt 0.900818 0.470868
vt 0.882726 0.470868
vt 0.900818 0.435424
vt 0.182774 0.895302
vt 0.176220 0.822463
vt 0.182774 0.848795
vt 0.077050 0.921633
vt 0.126635 0.801925
vt 0.149888 0.815910
vt 0.085973 0.970215
vt 0.091453 0.956985
vt 0.060883 0.937801
vt 0.028469 0.912710
vt 0.051858 0.946826
vt 0.028469 0.831387
vt 0.020884 0.872048
vt 0.060883 0.806296
vt 0.085973 0.773882
vt 0.091453 0.787112
vt 0.161817 0.956985
vt 0.085973 0.970215
vt 0.126635 0.965036
vt 0.028469 0.912710
vt 0.060883 0.937800
vt 0.028469 0.831387
vt 0.060883 0.806296
vt 0.091453 0.787112
vt 0.149889 0.928187
vt 0.077050 0.921633
vt 0.041699 0.907230
vt 0.056511 0.872048
vt 0.033648 0.872048
vt 0.077050 0.822464
vt 0.060883 0.806297
vt 0.103382 0.815910
vt 0.176220 0.921633
vt 0.077050 0.921633
vt 0.056511 0.872048
vt 0.077050 0.822463
vt 0.060883 0.806297
vt 0.501494 0.007811
vt 0.529359 0.009768
vt 0.372327 0.038588
vt 0.372019 0.023112
vt 0.384313 0.015718
vt 0.388255 0.022201
vt 0.389068 0.038072
vt 0.315591 0.045057
vt 0.307872 0.045153
vt 0.300152 0.045249
vt 0.412784 0.084820
vt 0.503393 0.064500
vt 0.503745 0.079725
vt 0.435798 0.074544
vt 0.469460 0.005537
vt 0.502555 0.039140
vt 0.413805 0.091369
vt 0.370176 0.084946
vt 0.371418 0.063066
vt 0.383030 0.081412
vt 0.486448 0.094912
vt 0.490068 0.098206
vt 0.490706 0.092449
vt 0.516316 0.095325
vt 0.502774 0.100522
vt 0.515678 0.101082
vt 0.519938 0.098673
vt 0.323331 0.044960
vt 0.276957 0.045538
vt 0.268883 0.016383
vt 0.387806 0.088641
vt 0.351966 0.088626
vt 0.346409 0.065071
vt 0.355539 0.039098
vt 0.389239 0.012294
vt 0.397152 0.020247
vt 0.398333 0.037038
vt 0.389068 0.038072
vt 0.370431 0.011086
vt 0.371150 0.015564
vt 0.352337 0.014374
vt 0.346478 0.022629
vt 0.396176 0.064368
vt 0.387336 0.062810
vt 0.640342 0.038859
vt 0.633966 0.038859
vt 0.646717 0.064359
vt 0.627591 0.038859
vt 0.621216 0.038859
vt 0.614841 0.038859
vt 0.608466 0.038859
vt 0.602091 0.038859
vt 0.595716 0.038859
vt 0.589341 0.038859
vt 0.582966 0.038859
vt 0.576591 0.038859
vt 0.570215 0.038859
vt 0.563840 0.038859
vt 0.557465 0.038859
vt 0.551090 0.038859
vt 0.576591 0.013358
vt 0.570216 0.013358
vt 0.614841 0.013358
vt 0.633966 0.013358
vt 0.602091 0.013358
vt 0.627591 0.013358
vt 0.563840 0.013358
vt 0.563840 0.013358
vt 0.608466 0.013358
vt 0.602091 0.013358
vt 0.602091 0.013358
vt 0.589341 0.013358
vt 0.582966 0.013358
vt 0.576591 0.013358
vt 0.551090 0.013358
vt 0.640342 0.013358
vt 0.627591 0.013358
vt 0.614841 0.013358
vt 0.595716 0.013358
vt 0.852151 0.653385
vt 0.846617 0.664170
vt 0.859750 0.645028
vt 0.904682 0.687383
vt 0.903242 0.676180
vt 0.904886 0.664170
vt 0.549320 0.058235
vt 0.553839 0.065351
vt 0.560221 0.069688
vt 0.554127 0.029177
vt 0.568500 0.018792
vt 0.576216 0.018895
vt 0.587117 0.030348
vt 0.582599 0.023232
vt 0.588428 0.039978
vt 0.582310 0.059406
vt 0.595103 0.058235
vt 0.599621 0.065351
vt 0.606004 0.069688
vt 0.595183 0.038366
vt 0.593792 0.048605
vt 0.606502 0.022036
vt 0.614282 0.018792
vt 0.621999 0.018895
vt 0.632900 0.030348
vt 0.628382 0.023232
vt 0.632820 0.050217
vt 0.628093 0.059406
vt 0.621501 0.066547
vt 0.613720 0.069791
vt 0.915997 0.702668
vt 0.926023 0.670826
vt 0.934580 0.699020
vt 0.949190 0.678121
vt 0.949190 0.652622
vt 0.936050 0.638985
vt 0.917467 0.642633
vt 0.902857 0.663531
vt 0.902857 0.689031
vt 0.857728 0.702668
vt 0.867754 0.670826
vt 0.876311 0.699020
vt 0.890921 0.678121
vt 0.890921 0.652622
vt 0.877781 0.638985
vt 0.859198 0.642632
vt 0.844588 0.663531
vt 0.844588 0.689031
vt 0.910420 0.653386
vt 0.918019 0.645029
vt 0.868469 0.641288
vt 0.877025 0.641385
vt 0.926738 0.641288
vt 0.935294 0.641385
vt 0.884093 0.646208
vt 0.889096 0.654269
vt 0.942362 0.646208
vt 0.947365 0.654269
vt 0.890536 0.665472
vt 0.888892 0.677482
vt 0.948805 0.665472
vt 0.947161 0.677482
vt 0.883358 0.688267
vt 0.875759 0.696624
vt 0.941627 0.688267
vt 0.934028 0.696624
vt 0.867040 0.700364
vt 0.858484 0.700267
vt 0.851416 0.695445
vt 0.846413 0.687383
vt 0.925309 0.700364
vt 0.916753 0.700267
vt 0.909685 0.695444
vt 0.844973 0.676180
vt 0.495872 0.451362
vt 0.573069 0.413776
vt 0.516895 0.492791
vt 0.626752 0.756989
vt 0.857391 0.344685
vt 0.053951 0.518878
vt 0.213151 0.071212
vt 0.097611 0.405033
vt 0.320806 0.463706
vt 0.710541 0.380806
vt 0.877727 0.371826
vt 0.829411 0.643486
vt 0.837977 0.649800
vt 0.895851 0.584873
vt 0.080560 0.576527
vt 0.180791 0.576527
vt 0.145016 0.164248
vt 0.211571 0.907230
vt 0.041699 0.836867
vt 0.091453 0.787112
vt 0.182774 0.848795
vt 0.192387 0.806296
vt 0.182774 0.895302
vt 0.103382 0.815910
vt 0.219622 0.872048
vt 0.070496 0.895302
vt 0.060883 0.937801
vt 0.070496 0.848795
vt 0.033648 0.872048
vt 0.149888 0.815910
vt 0.091453 0.956984
vt 0.091453 0.787112
vt 0.103382 0.815910
vt 0.060883 0.937801
vt 0.388255 0.022201
vt 0.544715 0.064359
vt 0.516896 0.492791
vt 0.809970 0.166859
vt 0.686763 0.344352
vt 0.370056 0.913301
vt 0.373153 0.874756
vt 0.180791 0.576527
vt 0.192387 0.806297
vt 0.070496 0.848795
vt 0.103382 0.928187
vt 0.070496 0.895302
vt 0.060883 0.806296
vt 0.925288 0.700844
vt 0.942620 0.645803
vt 0.902857 0.676281
vt 0.909427 0.695849
vt 0.867019 0.700844
vt 0.883616 0.688571
vt 0.884351 0.645803
vt 0.868490 0.640809
vt 0.851158 0.695849
s 1
f 661/1/1 660/2/2 28/3/3
f 31/4/4 1949/5/5 661/1/1
f 662/6/6 663/7/7 1949/5/5
f 1949/5/5 30/8/8 660/2/2
f 32/9/9 1950/10/10 695/11/11
f 14/12/12 1950/10/10 773/13/13
f 695/14/11 791/15/14 13/16/15
f 18/17/16 1951/18/17 658/19/18
f 674/20/19 675/21/20 1951/18/17
f 675/21/20 688/22/21 1951/18/17
f 1951/18/17 19/23/22 658/19/18
f 6/24/23 1952/25/24 668/26/25
f 669/27/26 715/28/27 1952/25/24
f 1952/25/24 77/29/28 670/30/29
f 668/26/25 670/30/29 46/31/30
f 690/32/31 672/33/32 48/34/33
f 8/35/34 1953/36/35 690/32/31
f 1953/36/35 20/37/36 673/38/37
f 672/33/32 673/38/37 7/39/38
f 81/40/39 1954/41/40 780/42/41
f 775/43/42 941/44/43 17/45/44
f 79/46/45 1954/41/40 775/47/42
f 94/48/46 1955/49/47 714/50/48
f 890/51/49 743/52/50 1955/49/47
f 1955/49/47 69/53/51 807/54/52
f 714/50/48 807/54/52 62/55/53
f 658/56/18 657/57/54 18/58/16
f 19/23/22 1956/59/55 658/56/18
f 659/60/56 656/61/57 1956/59/55
f 1956/59/55 3/62/58 657/57/54
f 78/63/59 1957/64/60 779/65/61
f 9/66/62 1957/64/60 676/67/63
f 677/68/64 776/69/65 1957/64/60
f 1957/64/60 80/70/66 779/65/61
f 80/71/66 1958/72/67 685/73/68
f 778/74/69 777/75/70 1958/72/67
f 1958/72/67 10/76/71 691/77/72
f 1958/72/67 20/78/36 685/73/68
f 29/79/73 1959/80/74 692/81/75
f 693/82/76 694/83/77 1959/80/74
f 694/83/77 695/14/78 1959/80/74
f 1959/80/74 13/16/79 692/81/75
f 928/84/80 937/85/81 148/86/82
f 98/87/83 1960/88/84 928/84/80
f 814/89/85 722/90/86 1960/88/84
f 1960/88/84 144/91/87 937/85/81
f 787/92/88 678/93/89 82/94/90
f 84/95/91 1961/96/92 787/92/88
f 786/97/93 784/98/94 1961/96/92
f 1961/96/92 21/99/95 678/93/89
f 846/100/96 706/101/97 61/102/98
f 103/103/99 1962/104/100 846/100/96
f 755/105/101 707/106/102 1962/104/100
f 1962/104/100 58/107/103 706/101/97
f 667/108/104 701/109/105 47/110/106
f 37/111/107 1963/112/108 667/108/104
f 1963/112/108 5/113/109 669/27/26
f 1963/112/108 6/24/23 701/109/105
f 27/114/110 1964/115/111 703/116/112
f 699/117/113 704/118/114 1964/115/111
f 704/118/114 705/119/115 1964/115/111
f 1964/115/111 51/120/116 703/116/112
f 100/121/117 1965/122/118 743/52/50
f 61/102/98 1965/122/118 845/123/119
f 706/101/97 742/124/120 1965/122/118
f 743/52/50 742/124/120 69/53/51
f 101/125/121 1966/126/122 844/127/123
f 817/128/124 767/129/125 1966/126/122
f 1966/126/122 76/130/126 825/131/127
f 844/127/123 825/131/127 109/132/128
f 82/133/90 1967/134/129 886/135/130
f 788/136/131 887/137/132 1967/134/129
f 1967/134/129 23/138/133 679/139/134
f 886/135/130 679/139/134 26/140/135
f 26/140/135 1968/141/136 704/118/114
f 679/139/134 711/142/137 1968/141/136
f 711/142/137 712/143/138 1968/141/136
f 704/118/114 712/143/138 49/144/139
f 823/145/140 843/146/141 107/147/142
f 42/148/143 1969/149/144 823/145/140
f 1969/149/144 4/150/145 817/151/124
f 843/146/141 817/151/124 101/152/121
f 108/153/146 1970/154/147 842/155/148
f 824/156/149 698/157/150 1970/154/147
f 1970/154/147 74/158/151 811/159/152
f 842/155/148 811/159/152 95/160/153
f 29/161/73 1971/162/154 720/163/155
f 692/164/75 687/165/156 1971/162/154
f 1971/162/154 28/3/3 660/166/2
f 720/163/155 660/166/2 30/167/8
f 757/168/157 841/169/158 104/170/159
f 68/171/160 1972/172/161 757/168/157
f 1972/172/161 66/173/162 814/174/163
f 841/169/158 814/174/163 98/175/164
f 840/176/165 735/177/166 99/178/167
f 97/179/168 1973/180/169 840/176/165
f 724/181/170 734/182/171 1973/180/169
f 1973/180/169 67/183/172 735/177/166
f 714/184/48 839/185/173 94/186/46
f 62/187/53 1974/188/174 714/184/48
f 752/189/175 751/190/176 1974/188/174
f 1974/188/174 102/191/177 839/185/173
f 5/192/109 1975/193/178 728/194/179
f 702/195/180 729/196/181 1975/193/178
f 1975/193/178 41/197/182 730/198/183
f 728/194/179 730/198/183 38/199/184
f 32/200/185 1976/201/186 726/202/187
f 34/203/188 1976/201/186 694/204/77
f 789/205/189 731/206/190 1976/201/186
f 726/202/187 731/206/190 33/207/191
f 36/208/192 1977/209/193 790/210/194
f 3/62/58 1977/209/193 665/211/195
f 1977/209/193 33/207/191 731/212/190
f 790/210/194 731/212/190 35/213/196
f 682/214/197 737/215/198 50/216/199
f 12/217/200 1978/218/201 682/214/197
f 677/219/64 738/220/202 1978/218/201
f 1978/218/201 15/221/203 737/215/198
f 691/77/72 673/38/37 20/78/36
f 10/76/71 1979/222/204 691/77/72
f 675/223/20 739/224/205 1979/222/204
f 1979/222/204 7/39/38 673/38/37
f 698/225/150 716/226/206 74/158/151
f 39/227/207 1980/228/208 698/225/150
f 740/229/209 670/230/210 1980/228/208
f 1980/228/208 77/231/211 716/226/206
f 729/232/181 717/233/212 41/197/182
f 37/234/107 1981/235/213 729/232/181
f 666/236/214 741/237/215 1981/235/213
f 1981/235/213 42/148/143 717/233/212
f 96/238/216 1982/239/217 838/240/218
f 812/241/219 663/242/7 1982/239/217
f 663/242/7 809/243/220 1982/239/217
f 1982/239/217 93/244/221 838/240/218
f 72/245/222 1983/246/223 671/247/224
f 770/248/225 766/249/226 1983/246/223
f 1983/246/223 2/250/227 745/251/228
f 671/247/224 745/251/228 40/252/229
f 837/253/230 812/254/219 96/255/216
f 97/256/231 1984/257/232 837/253/230
f 813/258/233 720/259/155 1984/257/232
f 1984/257/232 30/167/8 812/254/219
f 1139/260/234 713/261/235 24/262/236
f 43/263/237 1985/264/238 1139/260/234
f 662/265/6 749/266/239 1985/264/238
f 1985/264/238 23/267/133 713/261/235
f 28/268/3 1986/269/240 723/270/241
f 944/271/242 943/272/243 1986/269/240
f 943/272/243 781/273/244 1986/269/240
f 723/270/241 781/273/244 53/274/245
f 10/76/71 1987/275/246 688/276/21
f 681/277/247 684/278/248 1987/275/246
f 1987/275/246 1/279/249 659/280/56
f 688/276/21 659/280/56 19/23/22
f 146/281/250 1988/282/251 748/283/252
f 936/284/253 744/285/254 1988/282/251
f 744/285/254 665/286/195 1988/282/251
f 1988/282/251 36/287/192 748/283/252
f 836/288/255 759/289/256 106/290/257
f 836/288/255 760/291/258 1989/292/259
f 1989/292/259 64/293/260 719/294/261
f 1989/292/259 63/295/262 759/289/256
f 772/296/263 667/108/104 47/110/106
f 72/245/222 1990/297/264 772/296/263
f 1990/297/264 40/252/229 666/298/214
f 667/108/104 666/298/214 37/111/107
f 735/299/265 835/300/266 99/301/267
f 735/299/265 736/302/268 1991/303/269
f 736/302/268 757/168/270 1991/303/269
f 1991/303/269 104/170/271 835/300/266
f 105/199/272 1992/304/273 758/305/274
f 834/306/275 759/289/256 1992/304/273
f 1992/304/273 63/295/262 754/307/276
f 758/305/274 754/307/276 54/308/277
f 95/309/278 1993/310/279 833/310/280
f 811/309/281 769/311/282 1993/310/279
f 769/311/282 821/199/283 1993/310/279
f 1993/310/279 105/199/272 833/310/280
f 741/237/215 762/312/284 42/148/143
f 741/237/215 745/313/228 1994/314/285
f 1994/314/285 2/315/227 747/316/286
f 762/312/284 747/316/286 4/150/145
f 4/317/145 1995/318/287 767/129/125
f 747/319/286 766/320/226 1995/318/287
f 1995/318/287 75/321/288 768/322/289
f 767/129/125 768/322/289 76/130/126
f 38/323/184 1996/324/290 728/325/179
f 769/326/282 716/327/291 1996/324/290
f 1996/324/290 77/328/28 715/329/27
f 728/325/179 715/329/27 5/192/109
f 147/330/292 1997/331/293 764/332/294
f 935/333/295 925/334/296 1997/331/293
f 1997/331/293 75/335/288 770/248/225
f 764/332/294 770/248/225 72/245/222
f 147/330/292 1998/336/297 934/337/298
f 764/332/294 772/338/263 1998/336/297
f 1998/336/297 47/110/106 689/339/299
f 934/337/298 689/339/299 143/340/300
f 656/61/57 792/341/301 3/62/58
f 1/279/249 1999/342/302 656/343/57
f 33/207/191 1999/342/302 696/344/303
f 733/345/304 696/344/305 1/279/306
f 14/12/12 2000/346/307 733/345/304
f 773/13/13 726/347/308 2000/346/307
f 2000/346/307 33/207/309 696/344/305
f 102/191/177 2001/348/310 832/349/311
f 751/190/176 753/350/312 2001/348/310
f 2001/348/310 60/351/313 708/352/314
f 832/349/311 708/352/314 93/244/221
f 12/217/200 2002/353/315 776/354/65
f 942/355/316 941/356/43 2002/353/315
f 941/356/43 778/74/69 2002/353/315
f 776/354/65 778/74/69 80/71/66
f 8/35/34 2003/357/317 686/358/318
f 774/359/319 779/65/61 2003/357/317
f 779/65/61 685/73/68 2003/357/317
f 686/358/318 685/73/68 20/37/36
f 777/75/70 681/360/247 10/76/71
f 81/361/39 2004/362/320 777/75/70
f 780/42/41 680/363/321 2004/362/320
f 2004/362/320 52/364/322 681/360/247
f 683/365/323 680/366/324 79/367/325
f 14/368/326 2005/369/327 683/365/323
f 733/345/328 684/370/329 2005/369/327
f 2005/369/327 52/364/330 680/366/324
f 14/368/326 2006/371/331 791/372/332
f 683/373/323 775/47/333 2006/371/331
f 2006/371/331 17/45/44 945/374/334
f 791/372/332 945/374/334 13/16/79
f 17/45/44 2007/375/335 940/376/336
f 942/355/316 682/377/197 2007/375/335
f 2007/375/335 50/216/199 782/378/337
f 940/376/336 782/378/337 16/379/338
f 940/380/336 946/381/339 17/45/44
f 16/379/338 2008/382/340 940/376/336
f 151/383/341 2008/382/340 943/272/243
f 794/384/342 793/385/343 45/386/344
f 31/387/4 2009/388/345 794/384/342
f 661/389/1 723/390/241 2009/388/345
f 2009/388/345 53/274/245 793/385/343
f 24/391/236 2010/392/346 889/393/347
f 713/394/235 887/395/132 2010/392/346
f 2010/392/346 83/396/348 785/397/349
f 889/393/347 785/397/349 22/398/350
f 678/399/89 788/400/131 82/94/90
f 678/399/89 709/401/351 2011/402/352
f 709/401/351 785/403/349 2011/402/352
f 2011/402/352 83/396/348 788/400/131
f 750/404/353 1139/260/234 24/262/236
f 44/405/354 2012/406/355 750/404/353
f 43/407/237 2012/406/355 664/408/356
f 45/386/344 2013/409/357 794/384/342
f 749/410/239 711/411/137 23/412/133
f 31/387/4 2013/409/357 749/413/239
f 114/414/358 2014/415/359 849/416/360
f 113/417/361 2014/415/359 856/418/362
f 799/419/363 796/420/364 2014/415/359
f 849/416/360 796/420/364 85/421/365
f 116/422/366 2015/423/366 851/424/366
f 855/425/366 801/426/366 2015/423/366
f 2015/423/366 86/427/366 797/428/366
f 851/424/366 797/428/366 87/429/366
f 115/430/366 2016/431/366 801/426/366
f 854/432/366 803/433/366 2016/431/366
f 2016/431/366 89/434/366 795/435/366
f 801/426/366 795/435/366 86/427/366
f 117/436/366 2017/437/366 803/433/366
f 853/438/366 849/416/360 2017/437/366
f 2017/437/366 85/421/365 798/439/366
f 803/433/366 798/439/366 89/434/366
f 111/440/366 2018/441/366 827/442/366
f 110/443/366 2018/441/366 831/444/366
f 806/445/366 805/446/366 2018/441/366
f 827/442/366 805/446/366 90/447/366
f 112/448/366 2019/449/366 828/450/366
f 830/451/366 827/442/366 2019/449/366
f 2019/449/366 90/447/366 804/452/366
f 828/450/366 804/452/366 92/453/366
f 103/454/366 2020/455/366 755/456/366
f 829/457/366 828/450/366 2020/455/366
f 2020/455/366 92/453/366 808/458/366
f 755/456/366 808/458/366 59/459/366
f 27/114/110 2021/460/367 699/117/113
f 888/461/368 787/462/88 2021/460/367
f 2021/460/367 82/133/90 886/463/130
f 2021/460/367 26/464/135 699/117/113
f 44/465/354 2022/466/369 664/408/356
f 818/467/370 832/349/311 2022/466/369
f 832/349/311 809/468/220 2022/466/369
f 664/408/356 809/468/220 43/263/237
f 718/469/371 756/470/372 71/471/373
f 95/309/278 2023/472/374 718/469/371
f 833/310/280 758/473/274 2023/472/374
f 2023/472/374 54/308/277 756/470/372
f 38/199/184 2024/474/375 821/475/283
f 41/197/182 2024/474/375 730/198/183
f 2024/474/375 106/476/257 834/306/275
f 821/475/283 834/306/275 105/199/272
f 815/477/376 789/478/189 34/479/188
f 99/301/267 2025/480/377 815/477/376
f 835/300/266 820/481/378 2025/480/377
f 2025/480/377 35/482/196 789/478/189
f 41/197/182 2026/483/379 822/484/380
f 717/485/212 823/486/140 2026/483/379
f 2026/483/379 107/487/142 836/288/255
f 822/484/380 836/288/255 106/290/257
f 725/488/381 721/489/382 56/490/383
f 57/491/384 2027/492/385 725/488/381
f 724/493/386 837/253/230 2027/492/385
f 2027/492/385 96/255/216 721/489/382
f 56/490/383 2028/494/387 710/495/388
f 721/496/382 838/240/218 2028/494/387
f 2028/494/387 93/244/221 708/497/314
f 2028/494/387 60/351/313 710/495/388
f 24/262/236 2029/498/389 750/404/390
f 810/499/391 839/185/173 2029/498/389
f 2029/498/389 102/191/177 818/467/370
f 750/404/390 818/467/370 44/465/354
f 34/479/392 2030/500/393 815/501/394
f 693/502/395 813/503/396 2030/500/393
f 813/503/396 840/176/165 2030/500/393
f 815/501/394 840/176/165 99/178/167
f 35/482/397 2031/504/398 790/505/399
f 104/170/159 2031/504/398 820/481/400
f 2031/504/398 98/175/164 727/506/401
f 790/505/399 727/506/401 36/287/402
f 55/507/403 2032/508/404 697/509/405
f 763/510/406 842/155/148 2032/508/404
f 2032/508/404 95/160/153 718/511/407
f 697/509/405 718/511/407 71/512/408
f 760/513/258 761/514/409 64/293/260
f 107/147/142 2033/515/410 760/513/258
f 2033/515/410 101/152/121 746/516/411
f 761/514/409 746/516/411 65/517/412
f 65/518/412 2034/519/413 765/520/414
f 746/521/411 844/127/123 2034/519/413
f 2034/519/413 109/132/128 771/522/415
f 765/520/414 771/522/415 73/523/416
f 61/102/98 2035/524/417 846/100/96
f 700/525/418 784/526/94 2035/524/417
f 2035/524/417 25/527/419 819/528/420
f 846/100/96 819/528/420 103/103/99
f 845/123/119 700/529/418 61/530/98
f 845/123/119 816/531/421 2036/532/422
f 2036/532/422 22/398/350 709/533/351
f 2036/532/422 21/99/95 700/529/418
f 146/281/250 2037/534/423 933/535/424
f 748/536/252 727/537/425 2037/534/423
f 2037/534/423 98/87/83 928/84/80
f 2037/534/423 148/86/82 933/535/424
f 129/538/366 2038/539/366 852/540/366
f 900/541/366 880/542/366 2038/539/366
f 2038/539/366 114/414/358 853/438/366
f 852/540/366 853/438/366 117/436/366
f 123/543/366 2039/544/366 850/545/366
f 899/546/366 852/540/366 2039/544/366
f 2039/544/366 117/436/366 854/432/366
f 850/545/366 854/432/366 115/430/366
f 898/547/366 879/548/366 125/549/366
f 123/543/366 2040/550/366 898/547/366
f 850/545/366 855/425/366 2040/550/366
f 2040/550/366 116/551/366 879/548/366
f 126/552/366 2041/553/366 880/542/366
f 897/554/366 848/555/366 2041/553/366
f 2041/553/366 113/556/361 856/418/362
f 880/542/366 856/418/362 114/414/358
f 857/557/366 806/445/366 110/443/366
f 857/557/366 851/424/366 2042/558/366
f 2042/558/366 87/429/366 858/559/366
f 2042/558/366 91/560/366 806/445/366
f 55/507/403 2043/561/426 763/510/406
f 88/562/427 2043/561/426 860/563/428
f 799/564/363 859/565/429 2043/561/426
f 763/510/406 859/565/429 108/153/146
f 131/566/430 2044/567/431 874/568/432
f 130/569/433 2044/567/431 896/570/434
f 865/571/435 864/572/436 2044/567/431
f 874/568/432 864/572/436 119/573/437
f 895/574/438 872/575/439 133/576/440
f 132/577/441 2045/578/442 895/574/438
f 867/579/443 863/580/444 2045/578/442
f 2045/578/442 118/581/445 872/575/439
f 134/582/446 2046/583/447 871/584/448
f 894/585/449 874/568/432 2046/583/447
f 2046/583/447 119/573/437 861/586/450
f 871/584/448 861/586/450 120/587/451
f 893/588/452 865/571/435 130/569/433
f 133/576/440 2047/589/453 893/588/452
f 872/575/439 862/590/454 2047/589/453
f 2047/589/453 122/591/455 865/571/435
f 892/592/456 867/579/443 132/577/441
f 892/592/456 879/593/457 2048/594/458
f 879/593/457 870/595/459 2048/594/458
f 2048/594/458 121/596/460 867/579/443
f 8/597/366 2049/598/366 800/599/366
f 690/600/366 878/601/366 2049/598/366
f 2049/598/366 124/602/366 897/554/366
f 800/599/366 897/554/366 126/552/366
f 45/603/461 2050/604/462 866/605/463
f 53/606/464 2050/604/462 793/607/465
f 875/608/466 896/570/434 2050/604/462
f 866/605/463 896/570/434 131/566/430
f 782/609/467 868/610/468 16/611/469
f 782/609/467 873/612/470 2051/613/471
f 2051/613/471 132/577/441 895/574/438
f 2051/613/471 133/576/440 868/610/468
f 49/614/472 2052/615/473 869/616/474
f 45/603/461 2052/615/473 712/617/475
f 866/605/463 894/585/449 2052/615/473
f 869/616/474 894/585/449 134/582/446
f 781/618/476 875/608/466 53/606/464
f 16/611/469 2053/619/477 781/618/476
f 868/610/468 893/588/452 2053/619/477
f 2053/619/477 130/569/433 875/608/466
f 50/620/478 2054/621/479 873/612/470
f 737/622/480 802/623/481 2054/621/479
f 2054/621/479 125/624/482 892/592/456
f 873/612/470 892/592/456 132/577/441
f 128/625/366 2055/626/366 882/627/366
f 883/628/366 826/629/366 2055/626/366
f 826/629/366 831/444/366 2055/626/366
f 882/627/366 831/444/366 111/440/366
f 25/630/366 2056/631/366 819/632/366
f 786/633/366 884/634/366 2056/631/366
f 2056/631/366 112/448/366 829/457/366
f 819/632/366 829/457/366 103/454/366
f 884/635/366 830/636/366 112/448/366
f 84/637/366 2057/638/366 884/635/366
f 885/639/366 882/640/366 2057/638/366
f 2057/638/366 111/440/366 830/636/366
f 27/641/366 2058/642/366 888/643/366
f 128/644/366 2058/642/366 891/645/366
f 888/643/366 885/646/366 84/637/366
f 881/647/366 703/648/366 51/649/366
f 127/650/366 2059/651/366 881/647/366
f 883/652/366 891/653/366 2059/651/366
f 2059/651/366 27/641/366 703/648/366
f 738/654/366 802/655/366 15/656/366
f 9/657/366 2060/658/366 738/654/366
f 877/659/366 898/547/366 2060/658/366
f 2060/658/366 125/549/366 802/655/366
f 9/657/366 2061/660/366 877/659/366
f 676/661/366 876/662/366 2061/660/366
f 2061/660/366 129/538/366 899/546/366
f 877/659/366 899/546/366 123/543/366
f 78/663/366 2062/664/366 876/662/366
f 774/665/366 800/599/366 2062/664/366
f 2062/664/366 126/552/366 900/541/366
f 876/662/366 900/541/366 129/538/366
f 51/666/483 2063/667/484 881/668/485
f 705/669/486 869/616/474 2063/667/484
f 2063/667/484 134/582/446 901/670/487
f 881/668/485 901/670/487 127/671/488
f 127/671/488 2064/672/489 826/673/488
f 901/670/487 871/584/448 2064/672/489
f 2064/672/489 120/587/451 902/674/490
f 826/673/488 902/674/490 110/675/491
f 739/676/492 906/677/493 7/678/494
f 11/679/495 2065/680/496 739/676/492
f 907/681/497 905/682/498 2065/680/496
f 2065/680/496 136/683/499 906/677/493
f 701/684/500 908/685/501 47/686/502
f 6/687/503 2066/688/504 701/684/500
f 909/689/505 904/690/506 2066/688/504
f 2066/688/504 138/691/507 908/685/501
f 689/692/508 932/693/509 143/694/510
f 689/692/508 908/685/501 2067/695/511
f 2067/695/511 138/691/507 903/696/512
f 2067/695/511 149/697/513 932/693/509
f 136/683/499 2068/698/514 913/699/515
f 137/700/516 2068/698/514 905/682/498
f 914/701/517 912/702/518 2068/698/514
f 913/699/515 912/702/518 140/703/519
f 904/690/506 915/704/520 138/691/507
f 135/705/521 2069/706/522 904/690/506
f 916/707/523 911/708/524 2069/706/522
f 2069/706/522 142/709/525 915/704/520
f 903/696/512 931/710/526 149/697/513
f 138/691/507 2070/711/527 903/696/512
f 915/704/520 910/712/528 2070/711/527
f 2070/711/527 150/713/529 931/710/526
f 7/678/494 2071/714/530 672/715/531
f 906/716/493 917/717/532 2071/714/530
f 2071/714/530 124/718/533 878/719/534
f 672/715/531 878/719/534 48/720/535
f 124/718/533 2072/721/536 848/722/537
f 917/717/532 913/699/515 2072/721/536
f 2072/721/536 140/703/519 918/723/538
f 848/722/537 918/723/538 113/724/539
f 668/725/540 909/689/505 6/687/503
f 46/726/541 2073/727/542 668/725/540
f 740/728/543 919/729/544 2073/727/542
f 2073/727/542 135/705/521 909/689/505
f 920/730/545 824/731/546 108/732/547
f 139/733/548 2074/734/549 920/730/545
f 916/735/523 919/736/544 2074/734/549
f 2074/734/549 39/737/550 824/731/546
f 921/738/551 907/681/497 11/679/495
f 143/694/510 2075/739/552 921/738/551
f 932/693/509 929/740/553 2075/739/552
f 2075/739/552 137/700/516 907/681/497
f 929/740/553 914/701/517 137/700/516
f 149/697/513 2076/741/554 929/740/553
f 931/710/526 930/742/555 2076/741/554
f 2076/741/554 141/743/556 914/701/517
f 902/744/557 857/745/558 110/120/558
f 120/746/559 2077/747/560 902/744/557
f 2077/747/560 121/748/561 870/749/562
f 2077/747/560 116/750/563 857/745/558
f 861/751/564 922/752/565 120/746/559
f 119/753/566 2078/754/567 861/751/564
f 2078/754/567 118/755/568 863/756/569
f 922/752/565 863/756/569 121/748/561
f 923/757/570 862/758/571 118/755/568
f 864/759/572 923/757/570 119/753/566
f 122/760/573 2079/761/574 864/759/572
f 926/762/575 825/763/127 76/130/126
f 146/764/250 2080/765/576 926/762/575
f 933/766/424 847/767/577 2080/765/576
f 2080/765/576 109/768/128 825/763/127
f 927/769/578 674/770/19 18/771/16
f 927/769/578 934/337/298 2081/772/579
f 2081/772/579 143/340/300 921/773/580
f 674/770/19 921/773/580 11/774/581
f 18/775/16 2082/776/582 927/769/578
f 657/777/54 744/778/254 2082/776/582
f 2082/776/582 145/779/583 935/333/295
f 927/769/578 935/333/295 147/330/292
f 76/130/126 2083/780/584 926/762/575
f 768/322/289 925/781/296 2083/780/584
f 2083/780/584 145/782/583 936/284/253
f 926/762/575 936/284/253 146/281/250
f 847/783/577 771/522/415 109/784/128
f 148/86/82 2084/785/585 847/783/577
f 937/85/81 924/786/586 2084/785/585
f 2084/785/585 73/523/416 771/522/415
f 108/787/587 2085/788/588 920/789/589
f 859/790/590 918/791/591 2085/788/588
f 2085/788/588 140/792/592 938/793/593
f 920/789/589 938/793/593 139/794/594
f 142/110/595 2086/795/596 939/796/597
f 911/797/598 938/793/593 2086/795/596
f 938/793/593 912/798/599 2086/795/596
f 2086/795/596 141/799/600 939/796/597
f 150/800/601 2087/801/602 930/802/603
f 939/803/597 910/804/604 142/110/595
f 930/802/603 939/805/597 141/799/600
f 889/806/347 810/807/391 24/391/236
f 889/806/347 816/808/421 2088/809/605
f 2088/809/605 100/121/117 890/51/49
f 810/807/391 890/51/49 94/48/46
f 946/381/339 945/374/334 17/810/44
f 151/811/341 2089/812/606 946/381/339
f 13/813/79 2089/812/606 783/814/607
f 151/815/341 2090/816/608 783/817/607
f 687/165/156 944/818/242 28/3/3
f 783/819/607 687/165/156 13/820/79
f 947/821/609 948/822/610 157/823/611
f 947/821/609 950/824/612 2091/825/613
f 950/824/612 949/826/614 2091/825/613
f 948/822/610 949/826/614 154/827/615
f 951/828/616 952/829/617 159/830/618
f 951/828/616 953/831/619 2092/832/620
f 953/831/619 947/821/609 2092/832/620
f 952/829/617 947/821/609 157/823/611
f 954/833/621 955/834/622 161/835/623
f 954/833/621 956/836/624 2093/837/625
f 956/836/624 951/828/616 2093/837/625
f 955/834/622 951/828/616 159/830/618
f 957/838/626 958/839/627 163/840/628
f 957/838/626 959/841/629 2094/842/630
f 959/841/629 954/833/621 2094/842/630
f 958/839/627 954/833/621 161/835/623
f 960/843/631 961/844/632 165/845/633
f 960/843/631 962/846/634 2095/847/635
f 962/846/634 957/838/626 2095/847/635
f 961/844/632 957/838/626 163/840/628
f 963/848/636 964/849/637 167/850/638
f 963/848/636 965/851/639 2096/852/640
f 965/851/639 960/843/631 2096/852/640
f 964/849/637 960/843/631 165/845/633
f 966/853/641 967/854/642 169/855/643
f 966/853/641 968/856/644 2097/857/645
f 968/856/644 963/848/636 2097/857/645
f 967/854/642 963/848/636 167/850/638
f 949/826/614 969/858/646 154/827/615
f 949/826/614 970/859/647 2098/860/648
f 970/859/647 966/853/641 2098/860/648
f 969/858/646 966/853/641 169/855/643
f 971/821/649 972/824/650 173/861/651
f 971/821/649 974/862/652 2099/863/653
f 974/862/652 973/864/654 2099/863/653
f 972/824/650 973/864/654 170/865/655
f 975/866/656 976/831/657 175/867/658
f 975/866/656 977/868/659 2100/869/660
f 977/868/659 971/821/649 2100/869/660
f 976/831/657 971/821/649 173/861/651
f 978/833/661 979/836/662 177/870/663
f 978/833/661 980/834/664 2101/871/665
f 980/834/664 975/866/656 2101/871/665
f 979/836/662 975/866/656 175/867/658
f 981/872/666 982/841/667 179/873/668
f 981/872/666 983/874/669 2102/875/670
f 983/874/669 978/833/661 2102/875/670
f 982/841/667 978/833/661 177/870/663
f 984/843/671 985/846/672 181/876/673
f 984/843/671 986/877/674 2103/847/675
f 986/877/674 981/872/666 2103/847/675
f 985/846/672 981/872/666 179/873/668
f 987/848/676 988/851/677 183/878/678
f 987/848/676 989/849/679 2104/879/680
f 989/849/679 984/843/671 2104/879/680
f 988/851/677 984/843/671 181/876/673
f 990/880/681 991/856/682 185/881/683
f 990/880/681 992/882/684 2105/883/685
f 992/882/684 987/848/676 2105/883/685
f 991/856/682 987/848/676 183/878/678
f 973/864/654 993/859/686 170/865/655
f 973/864/654 994/884/687 2106/885/688
f 994/884/687 990/880/681 2106/885/688
f 993/859/686 990/880/681 185/881/683
f 154/886/615 2107/887/689 948/888/610
f 996/889/690 995/890/691 152/891/692
f 157/892/611 2107/887/689 996/893/690
f 155/894/693 2108/895/694 970/896/647
f 170/897/655 2108/895/694 997/898/695
f 2108/895/694 185/899/683 998/900/696
f 2108/895/694 168/901/697 970/896/647
f 156/902/698 2109/903/699 950/904/612
f 173/905/651 2109/903/699 999/906/700
f 2109/903/699 170/897/655 997/898/695
f 2109/903/699 155/894/693 950/904/612
f 169/907/643 2110/908/701 969/884/646
f 995/909/691 1000/910/702 152/891/692
f 154/911/615 2110/908/701 995/912/691
f 157/892/611 2111/913/703 952/914/617
f 1001/915/704 996/916/690 152/891/692
f 159/917/618 2111/913/703 1001/918/704
f 158/919/705 2112/920/706 953/921/619
f 175/922/658 2112/920/706 1002/923/707
f 2112/920/706 173/905/651 999/906/700
f 2112/920/706 156/902/698 953/921/619
f 159/830/618 2113/924/708 955/925/622
f 1003/926/709 1001/927/704 152/891/692
f 161/928/623 2113/924/708 1003/929/709
f 160/930/710 2114/931/711 956/932/624
f 177/933/663 2114/931/711 1004/934/712
f 2114/931/711 175/922/658 1002/923/707
f 2114/931/711 158/919/705 956/932/624
f 161/935/623 2115/936/713 958/937/627
f 1005/938/714 1003/939/709 152/891/692
f 163/940/628 2115/936/713 1005/941/714
f 162/942/715 2116/943/716 959/944/629
f 179/945/668 2116/943/716 1006/946/717
f 2116/943/716 177/933/663 1004/934/712
f 2116/943/716 160/930/710 959/944/629
f 163/947/628 2117/948/718 961/949/632
f 1007/950/719 1005/951/714 152/891/692
f 165/952/633 2117/948/718 1007/953/719
f 164/954/720 2118/955/721 962/956/634
f 181/957/673 2118/955/721 1008/958/722
f 2118/955/721 179/959/668 1006/960/717
f 2118/955/721 162/961/715 962/956/634
f 165/952/633 2119/962/723 964/963/637
f 1009/964/724 1007/965/719 152/891/692
f 167/966/638 2119/962/723 1009/967/724
f 166/968/725 2120/969/726 965/970/639
f 183/971/678 2120/969/726 1010/972/366
f 2120/969/726 181/957/673 1008/958/722
f 2120/969/726 164/954/720 965/970/639
f 167/973/638 2121/974/727 967/975/642
f 1000/910/702 1009/976/724 152/891/692
f 169/907/643 2121/974/727 1000/977/702
f 168/901/697 2122/978/728 968/979/644
f 185/899/683 2122/978/728 998/900/696
f 2122/978/728 183/971/678 1010/972/366
f 2122/978/728 166/968/725 968/979/644
f 172/980/729 2123/981/730 974/982/652
f 1012/983/731 1011/984/732 153/985/733
f 171/986/734 2123/981/730 1012/987/731
f 171/986/734 2124/988/735 994/989/687
f 1013/990/736 1012/991/731 153/985/733
f 184/992/737 2124/988/735 1013/990/736
f 174/993/738 2125/994/739 977/995/659
f 1011/996/732 1014/997/740 153/985/733
f 172/980/729 2125/994/739 1011/998/732
f 176/835/741 2126/999/742 980/925/664
f 1014/1000/740 1015/1001/743 153/985/733
f 174/1002/738 2126/999/742 1014/918/740
f 178/940/744 2127/936/745 983/1003/669
f 1015/926/743 1016/951/746 153/985/733
f 176/935/741 2127/936/745 1015/939/743
f 180/952/747 2128/948/748 986/877/674
f 1016/1004/746 1017/1005/749 153/985/733
f 178/940/744 2128/948/748 1016/938/746
f 182/966/750 2129/1006/751 989/1007/679
f 1017/1008/749 1018/1009/752 153/985/733
f 180/952/747 2129/1006/751 1017/1010/749
f 184/992/737 2130/1011/753 992/975/684
f 1018/964/752 1013/990/736 153/985/733
f 182/966/750 2130/1011/753 1018/976/752
f 1019/821/609 1020/822/610 191/823/611
f 1019/821/609 1022/824/612 2131/825/613
f 1022/824/612 1021/826/614 2131/825/613
f 1020/822/610 1021/826/614 188/827/615
f 1023/1012/616 1024/829/617 193/1013/618
f 1023/1012/616 1025/831/619 2132/832/620
f 1025/831/619 1019/821/609 2132/832/620
f 1024/829/617 1019/821/609 191/823/611
f 1026/1014/621 1027/1015/622 195/1016/623
f 1026/1014/621 1028/1017/624 2133/1018/625
f 1028/1017/624 1023/1012/616 2133/1018/625
f 1027/1015/622 1023/1012/616 193/1013/618
f 1029/1019/626 1030/1020/627 197/1021/628
f 1029/1019/626 1031/1022/629 2134/1023/630
f 1031/1022/629 1026/1014/621 2134/1023/630
f 1030/1020/627 1026/1014/621 195/1016/623
f 1032/1024/631 1033/1025/632 199/1026/633
f 1032/1024/631 1034/1027/634 2135/1028/635
f 1034/1027/634 1029/1019/626 2135/1028/635
f 1033/1025/632 1029/1019/626 197/1021/628
f 1035/848/636 1036/1029/637 201/1030/638
f 1035/848/636 1037/1031/639 2136/1032/640
f 1037/1031/639 1032/1024/631 2136/1032/640
f 1036/1029/637 1032/1024/631 199/1026/633
f 1038/853/641 1039/854/642 203/855/643
f 1038/853/641 1040/856/644 2137/857/645
f 1040/856/644 1035/848/636 2137/857/645
f 1039/854/642 1035/848/636 201/1030/638
f 1021/826/614 1041/858/646 188/827/615
f 1021/826/614 1042/859/647 2138/860/648
f 1042/859/647 1038/853/641 2138/860/648
f 1041/858/646 1038/853/641 203/855/643
f 1043/821/649 1044/824/650 207/861/651
f 1043/821/649 1046/862/652 2139/863/653
f 1046/862/652 1045/864/654 2139/863/653
f 1044/824/650 1045/864/654 204/865/655
f 1047/1012/656 1048/831/657 209/867/658
f 1047/1012/656 1049/868/659 2140/869/660
f 1049/868/659 1043/821/649 2140/869/660
f 1048/831/657 1043/821/649 207/861/651
f 1050/1014/661 1051/1017/662 211/1033/663
f 1050/1014/661 1052/1034/664 2141/1035/665
f 1052/1034/664 1047/1012/656 2141/1035/665
f 1051/1017/662 1047/1012/656 209/867/658
f 1053/1036/666 1054/1022/667 213/873/668
f 1053/1036/666 1055/1037/669 2142/1038/670
f 1055/1037/669 1050/1014/661 2142/1038/670
f 1054/1022/667 1050/1014/661 211/1033/663
f 1056/1024/671 1057/1027/672 215/1039/673
f 1056/1024/671 1058/1025/674 2143/1028/675
f 1058/1025/674 1053/1036/666 2143/1028/675
f 1057/1027/672 1053/1036/666 213/873/668
f 1059/848/676 1060/1031/677 217/878/678
f 1059/848/676 1061/1029/679 2144/1040/680
f 1061/1029/679 1056/1024/671 2144/1040/680
f 1060/1031/677 1056/1024/671 215/1039/673
f 1062/880/681 1063/856/682 219/881/683
f 1062/880/681 1064/882/684 2145/883/685
f 1064/882/684 1059/848/676 2145/883/685
f 1063/856/682 1059/848/676 217/878/678
f 1045/864/654 1065/859/686 204/865/655
f 1045/864/654 1066/884/687 2146/885/688
f 1066/884/687 1062/880/681 2146/885/688
f 1065/859/686 1062/880/681 219/881/683
f 188/886/615 2147/887/689 1020/888/610
f 1068/889/690 1067/890/691 186/985/692
f 191/892/611 2147/887/689 1068/893/690
f 189/894/693 2148/895/694 1042/896/647
f 204/897/655 2148/895/694 1069/898/695
f 2148/895/694 219/899/683 1070/900/696
f 2148/895/694 202/901/697 1042/896/647
f 190/902/698 2149/903/699 1022/904/612
f 207/905/651 2149/903/699 1071/906/700
f 2149/903/699 204/897/655 1069/898/695
f 2149/903/699 189/894/693 1022/904/612
f 203/907/643 2150/908/701 1041/884/646
f 1067/909/691 1072/910/702 186/985/692
f 188/911/615 2150/908/701 1067/912/691
f 191/892/611 2151/913/703 1024/914/617
f 1073/1041/704 1068/916/690 186/985/692
f 193/917/618 2151/913/703 1073/997/704
f 192/919/705 2152/920/706 1025/921/619
f 209/922/658 2152/920/706 1074/923/707
f 2152/920/706 207/905/651 1071/906/700
f 2152/920/706 190/902/698 1025/921/619
f 193/1042/618 2153/1043/708 1027/1044/622
f 1075/1045/709 1073/1046/704 186/985/692
f 195/1047/623 2153/1043/708 1075/1048/709
f 194/930/710 2154/931/711 1028/932/624
f 211/933/663 2154/931/711 1076/934/712
f 2154/931/711 209/922/658 1074/923/707
f 2154/931/711 192/919/705 1028/932/624
f 195/1049/623 2155/1050/713 1030/1037/627
f 1077/1051/714 1075/1052/709 186/985/692
f 197/1053/628 2155/1050/713 1077/1054/714
f 196/942/715 2156/943/716 1031/944/629
f 213/945/668 2156/943/716 1078/946/717
f 2156/943/716 211/933/663 1076/934/712
f 2156/943/716 194/930/710 1031/944/629
f 197/1053/628 2157/1055/718 1033/1056/632
f 1079/1057/719 1077/1058/714 186/985/692
f 199/1059/633 2157/1055/718 1079/1060/719
f 198/954/720 2158/955/721 1034/956/634
f 215/957/673 2158/955/721 1080/958/722
f 2158/955/721 213/959/668 1078/960/717
f 2158/955/721 196/961/715 1034/956/634
f 199/1061/633 2159/1062/723 1036/1063/637
f 1081/1064/724 1079/1065/719 186/985/692
f 201/1066/638 2159/1062/723 1081/1067/724
f 200/968/725 2160/969/726 1037/970/639
f 217/971/678 2160/969/726 1082/972/366
f 2160/969/726 215/957/673 1080/958/722
f 2160/969/726 198/954/720 1037/970/639
f 201/1068/638 2161/1069/727 1039/975/642
f 1072/910/702 1081/1070/724 186/985/692
f 203/907/643 2161/1069/727 1072/977/702
f 202/901/697 2162/978/728 1040/979/644
f 219/899/683 2162/978/728 1070/900/696
f 2162/978/728 217/971/678 1082/972/366
f 2162/978/728 200/968/725 1040/979/644
f 206/980/729 2163/981/730 1046/982/652
f 1084/983/731 1083/984/732 187/1071/733
f 205/986/734 2163/981/730 1084/987/731
f 205/986/734 2164/988/735 1066/989/687
f 1085/990/736 1084/991/731 187/1071/733
f 218/992/737 2164/988/735 1085/990/736
f 208/993/738 2165/1072/739 1049/995/659
f 1083/996/732 1086/1073/740 187/1071/733
f 206/980/729 2165/1072/739 1083/998/732
f 210/1074/741 2166/1075/742 1052/1044/664
f 1086/1041/740 1087/1076/743 187/1071/733
f 208/1077/738 2166/1075/742 1086/997/740
f 212/1053/744 2167/1050/745 1055/1078/669
f 1087/1079/743 1088/1080/746 187/1071/733
f 210/1081/741 2167/1050/745 1087/1052/743
f 214/1061/747 2168/1055/748 1058/1082/674
f 1088/1083/746 1089/1057/749 187/1071/733
f 212/1053/744 2168/1055/748 1088/1051/746
f 216/973/750 2169/1084/751 1061/1063/679
f 1089/1065/749 1090/1064/752 187/1071/733
f 214/1059/747 2169/1084/751 1089/1060/749
f 218/992/737 2170/1011/753 1064/975/684
f 1090/1064/752 1085/990/736 187/1071/733
f 216/973/750 2170/1011/753 1090/1070/752
f 220/1085/754 2171/1086/755 1091/1087/756
f 1092/1088/757 1093/1089/758 2171/1086/755
f 2171/1086/755 240/1090/759 1094/1091/760
f 2171/1086/755 241/1092/761 1091/1087/756
f 1110/1093/762 1131/1094/763 228/1095/764
f 229/1096/765 2172/1097/766 1110/1093/762
f 2172/1097/766 232/1098/767 1130/1099/768
f 2172/1097/766 233/1100/769 1131/1094/763
f 1114/1101/770 1124/1102/771 225/1103/772
f 1114/1101/770 1123/1104/773 2173/1105/774
f 2173/1105/774 238/1106/775 1122/1107/776
f 2173/1105/774 239/1108/777 1124/1102/771
f 230/1109/778 2174/1110/779 1105/1111/780
f 1109/1112/781 1102/1113/782 2174/1110/779
f 2174/1110/779 221/1114/783 1092/1115/757
f 1105/1111/780 1092/1115/757 220/1116/754
f 1103/1117/784 1108/1118/785 242/1119/786
f 1103/1117/784 1098/1120/787 2175/1121/788
f 1098/1120/787 1101/1122/789 2175/1121/788
f 2175/1121/788 230/1123/778 1108/1118/785
f 243/1124/790 2176/1125/791 1107/1126/792
f 1104/1127/793 1093/1128/758 2176/1125/791
f 2176/1125/791 221/1129/783 1102/1130/782
f 1107/1126/792 1102/1130/782 231/1131/794
f 244/1132/795 2177/1133/796 1099/1134/797
f 1096/1135/798 1107/1126/792 2177/1133/796
f 2177/1133/796 231/1131/794 1106/1136/799
f 1099/1134/797 1106/1136/799 235/1137/800
f 1095/1138/801 1091/1139/756 241/1092/761
f 242/1119/786 2178/1140/802 1095/1138/801
f 1108/1118/785 1105/1141/780 2178/1140/802
f 2178/1140/802 220/1085/754 1091/1139/756
f 234/1142/803 2179/1143/804 1101/1144/789
f 1100/1145/805 1106/1146/799 2179/1143/804
f 2179/1143/804 231/1131/794 1109/1147/781
f 1101/1144/789 1109/1147/781 230/1148/778
f 1127/1149/806 1128/1150/807 222/1151/808
f 223/1152/809 2180/1153/810 1127/1149/806
f 1132/1154/811 1110/1093/762 2180/1153/810
f 2180/1153/810 228/1095/764 1128/1150/807
f 227/1155/812 2181/1156/813 1115/1157/814
f 226/1158/815 2181/1156/813 1111/1159/816
f 1116/1160/817 1097/1161/818 2181/1156/813
f 1115/1157/814 1097/1161/818 244/1162/795
f 226/1158/815 2182/1163/819 1116/1160/817
f 224/1164/820 2182/1163/819 1112/1165/821
f 2182/1163/819 234/1166/803 1098/1167/787
f 1116/1160/817 1098/1167/787 245/1168/822
f 225/1169/772 2183/1170/823 1118/1171/824
f 227/1155/812 2183/1170/823 1113/1172/825
f 1115/1157/814 1099/1173/797 2183/1170/823
f 2183/1170/823 235/1174/800 1118/1171/824
f 224/1164/820 2184/1175/826 1117/1176/827
f 225/1169/772 2184/1175/826 1114/1177/770
f 1118/1171/824 1100/1178/805 2184/1175/826
f 1117/1176/827 1100/1178/805 234/1166/803
f 1112/1179/821 1123/1104/773 224/1180/820
f 1112/1179/821 1125/1181/828 2185/1182/829
f 2185/1182/829 237/1183/830 1120/1184/831
f 2185/1182/829 238/1106/775 1123/1104/773
f 1113/1185/825 1126/1186/832 227/1187/812
f 1113/1185/825 1124/1102/771 2186/1188/833
f 2186/1188/833 239/1108/777 1121/1189/834
f 2186/1188/833 236/1190/835 1126/1186/832
f 1111/1191/816 1125/1181/828 226/1192/815
f 1111/1191/816 1126/1193/832 2187/1194/836
f 2187/1194/836 236/1195/835 1119/1196/837
f 2187/1194/836 237/1183/830 1125/1181/828
f 1127/1197/838 1133/1198/839 223/1152/840
f 222/1151/841 2188/1199/842 1127/1197/838
f 1134/1200/843 1094/1201/760 2188/1199/842
f 2188/1199/842 240/1202/759 1133/1198/839
f 222/1151/841 2189/1203/844 1134/1200/843
f 1128/1204/845 1135/1205/846 2189/1203/844
f 1135/1205/846 1095/1206/801 2189/1203/844
f 1134/1200/843 1095/1206/801 241/1207/761
f 1129/1208/847 1136/1209/848 232/1098/849
f 1129/1208/847 1137/1210/850 2190/1211/851
f 2190/1211/851 243/1212/790 1096/1213/798
f 2190/1211/851 244/1214/795 1136/1209/848
f 233/1100/852 2191/1215/853 1138/1216/854
f 232/1098/849 2191/1215/853 1130/1099/855
f 1136/1209/848 1097/1217/818 2191/1215/853
f 1138/1216/854 1097/1217/818 245/1218/822
f 228/1219/856 2192/1220/857 1135/1205/846
f 1131/1094/858 1138/1216/854 2192/1220/857
f 2192/1220/857 245/1218/822 1103/1221/784
f 2192/1220/857 242/1222/786 1135/1205/846
f 229/1223/859 2193/1224/860 1137/1210/850
f 223/1152/840 2193/1224/860 1132/1225/861
f 2193/1224/860 240/1202/759 1104/1226/793
f 1137/1210/850 1104/1226/793 243/1212/790
f 246/1227/862 2194/1228/863 1140/1229/864
f 1142/1230/865 1141/1231/866 2194/1228/863
f 2194/1228/863 249/1232/867 1143/1233/868
f 1140/1229/864 1143/1233/868 248/1234/869
f 248/1234/869 2195/1235/870 1144/1236/871
f 1143/1233/868 1145/1237/872 2195/1235/870
f 2195/1235/870 251/1238/873 1146/1239/874
f 1144/1236/871 1146/1239/874 250/1240/875
f 250/1240/875 2196/1241/876 1147/1242/877
f 1146/1239/874 1148/1243/878 2196/1241/876
f 2196/1241/876 253/1244/879 1149/1245/880
f 1147/1242/877 1149/1245/880 252/1246/881
f 252/1246/881 2197/1247/882 1150/1248/883
f 1149/1245/880 1151/1249/884 2197/1247/882
f 2197/1247/882 255/1250/885 1152/1251/886
f 1150/1248/883 1152/1251/886 254/1252/887
f 1152/1251/886 1153/1253/888 254/1252/887
f 255/1250/885 2198/1254/889 1152/1251/886
f 1154/1255/890 1155/1256/891 2198/1254/889
f 2198/1254/889 256/1257/892 1153/1253/888
f 1155/1256/891 1156/1258/893 256/1257/892
f 257/1259/894 2199/1260/895 1155/1256/891
f 1157/1261/896 1158/1262/897 2199/1260/895
f 2199/1260/895 258/1263/898 1156/1258/893
f 1158/1262/897 1159/1264/899 258/1263/898
f 259/1265/900 2200/1266/901 1158/1262/897
f 1160/1267/902 1161/1268/903 2200/1266/901
f 2200/1266/901 260/1269/904 1159/1264/899
f 1161/1268/903 1162/1270/905 260/1269/904
f 261/1271/906 2201/1272/907 1161/1268/903
f 1163/1273/908 1142/1274/865 2201/1272/907
f 2201/1272/907 246/1275/862 1162/1270/905
f 262/1227/909 2202/1228/910 1164/1229/911
f 1166/1230/912 1165/1231/910 2202/1228/910
f 2202/1228/910 265/1232/913 1167/1233/913
f 1164/1229/911 1167/1233/913 264/1234/914
f 264/1234/914 2203/1235/915 1168/1236/916
f 1167/1233/913 1169/1237/915 2203/1235/915
f 2203/1235/915 267/1238/917 1170/1239/917
f 1168/1236/916 1170/1239/917 266/1240/918
f 266/1240/918 2204/1241/919 1171/1242/920
f 1170/1239/917 1172/1243/919 2204/1241/919
f 2204/1241/919 269/1244/921 1173/1245/921
f 1171/1242/920 1173/1245/921 268/1246/922
f 268/1246/922 2205/1247/923 1174/1248/924
f 1173/1245/921 1175/1249/923 2205/1247/923
f 2205/1247/923 271/1250/925 1176/1251/925
f 1174/1248/924 1176/1251/925 270/1252/926
f 1176/1251/925 1177/1253/927 270/1252/926
f 271/1250/925 2206/1254/928 1176/1251/925
f 1178/1255/928 1179/1256/929 2206/1254/928
f 2206/1254/928 272/1257/930 1177/1253/927
f 1179/1256/929 1180/1258/931 272/1257/930
f 273/1259/929 2207/1260/932 1179/1256/929
f 1181/1261/932 1182/1262/933 2207/1260/932
f 2207/1260/932 274/1263/934 1180/1258/931
f 1182/1262/933 1183/1264/935 274/1263/934
f 275/1265/933 2208/1266/936 1182/1262/933
f 1184/1267/936 1185/1268/937 2208/1266/936
f 2208/1266/936 276/1269/938 1183/1264/935
f 1185/1268/937 1186/1270/939 276/1269/938
f 277/1271/937 2209/1272/940 1185/1268/937
f 1187/1273/940 1166/1274/912 2209/1272/940
f 2209/1272/940 262/1275/909 1186/1270/939
f 256/1257/892 2210/1276/941 1204/1277/942
f 1156/1278/893 1205/1279/943 2210/1276/941
f 2210/1276/941 284/1280/944 1193/1281/945
f 1204/1277/942 1193/1281/945 283/1282/946
f 1171/1283/920 1206/1284/947 266/1240/918
f 268/1246/922 2211/1285/948 1171/1283/920
f 1207/1286/949 1198/1287/950 2211/1285/948
f 2211/1285/948 288/1288/951 1206/1284/947
f 276/1289/938 2212/1290/952 1208/1291/953
f 1186/1270/939 1209/1292/954 2212/1290/952
f 2212/1290/952 286/1275/955 1203/1293/956
f 1208/1291/953 1203/1293/956 293/1294/957
f 1164/1229/911 1209/1295/954 262/1227/909
f 264/1234/914 2213/1296/958 1164/1229/911
f 1210/1297/959 1196/1298/960 2213/1296/958
f 2213/1296/958 286/1227/955 1209/1295/954
f 1150/1299/883 1211/1286/961 252/1246/881
f 254/1252/887 2214/1300/962 1150/1299/883
f 1212/1301/963 1191/1302/964 2214/1300/962
f 2214/1300/962 281/1303/965 1211/1286/961
f 272/1257/930 2215/1276/966 1213/1277/967
f 1180/1278/931 1214/1279/968 2215/1276/966
f 2215/1276/966 292/1280/969 1201/1281/970
f 1213/1277/967 1201/1281/970 291/1282/971
f 1144/1304/871 1215/1305/972 248/1306/869
f 250/1240/875 2216/1307/973 1144/1304/871
f 1216/1284/974 1189/1308/975 2216/1307/973
f 2216/1307/973 279/1309/976 1215/1305/972
f 258/1263/898 2217/1310/977 1205/1279/943
f 1159/1311/899 1217/1312/978 2217/1310/977
f 2217/1310/977 285/1313/979 1194/1314/980
f 1205/1279/943 1194/1314/980 284/1280/944
f 1174/1299/924 1207/1286/949 268/1246/922
f 270/1252/926 2218/1300/981 1174/1299/924
f 1218/1301/982 1199/1302/983 2218/1300/981
f 2218/1300/981 289/1303/984 1207/1286/949
f 254/1252/887 2219/1315/985 1212/1301/963
f 1153/1316/888 1204/1277/942 2219/1315/985
f 2219/1315/985 283/1282/946 1192/1317/986
f 2219/1315/985 282/1318/987 1212/1301/963
f 1168/1304/916 1210/1305/959 264/1306/914
f 266/1240/918 2220/1307/988 1168/1304/916
f 1206/1284/947 1197/1308/989 2220/1307/988
f 2220/1307/988 287/1309/990 1210/1305/959
f 274/1263/934 2221/1310/991 1214/1279/968
f 1183/1311/935 1208/1312/953 2221/1310/991
f 2221/1310/991 293/1313/957 1202/1314/992
f 1214/1279/968 1202/1314/992 292/1280/969
f 1147/1283/877 1216/1284/974 250/1240/875
f 252/1246/881 2222/1285/993 1147/1283/877
f 1211/1286/961 1190/1287/994 2222/1285/993
f 2222/1285/993 280/1288/995 1216/1284/974
f 260/1289/904 2223/1290/996 1217/1291/978
f 1162/1270/905 1219/1292/997 2223/1290/996
f 2223/1290/996 278/1275/998 1195/1293/999
f 1217/1291/978 1195/1293/999 285/1294/979
f 1140/1229/864 1219/1295/997 246/1227/862
f 248/1234/869 2224/1296/1000 1140/1229/864
f 2224/1296/1000 279/1319/976 1188/1298/1001
f 1219/1295/997 1188/1298/1001 278/1227/998
f 270/1252/926 2225/1315/1002 1218/1301/982
f 1177/1316/927 1213/1277/967 2225/1315/1002
f 2225/1315/1002 291/1282/971 1200/1317/1003
f 1218/1301/982 1200/1317/1003 290/1318/1004
f 1193/1320/945 1236/1282/1005 283/1321/946
f 284/1322/944 2226/1323/1006 1193/1320/945
f 1237/1324/1007 1225/1325/1008 2226/1323/1006
f 2226/1323/1006 315/1326/1009 1236/1282/1005
f 291/1321/971 2227/1323/1010 1238/1282/1011
f 1201/1320/970 1239/1324/1012 2227/1323/1010
f 1239/1324/1012 1233/1325/1013 2227/1323/1010
f 2227/1323/1010 323/1326/1014 1238/1282/1011
f 1194/1327/980 1237/1324/1007 284/1322/944
f 285/1294/979 2228/1328/1015 1194/1327/980
f 1240/1329/1016 1226/1330/1017 2228/1328/1015
f 2228/1328/1015 316/1331/1018 1237/1324/1007
f 292/1322/969 2229/1328/1019 1239/1324/1012
f 1202/1327/992 1241/1329/1020 2229/1328/1019
f 1241/1329/1020 1234/1330/1021 2229/1328/1019
f 2229/1328/1019 324/1331/1022 1239/1324/1012
f 1195/1293/999 1240/1329/1016 285/1294/979
f 1195/1293/999 1242/1292/1023 2230/1293/1024
f 2230/1293/1024 310/1332/1025 1227/1333/1026
f 2230/1293/1024 317/1334/1027 1240/1329/1016
f 278/1227/998 2231/1335/1028 1242/1295/1023
f 1188/1298/1001 1243/1336/1029 2231/1335/1028
f 2231/1335/1028 311/1337/1030 1220/1338/1031
f 1242/1295/1023 1220/1338/1031 310/1339/1025
f 293/1294/957 2232/1340/1032 1241/1329/1020
f 1203/1293/956 1244/1292/1033 2232/1340/1032
f 2232/1340/1032 318/1332/1034 1235/1333/1035
f 1241/1329/1020 1235/1333/1035 325/1334/1036
f 286/1227/955 2233/1335/1037 1244/1295/1033
f 1196/1298/960 1245/1336/1038 2233/1335/1037
f 2233/1335/1037 319/1337/1039 1228/1338/1040
f 1244/1295/1033 1228/1338/1040 318/1339/1034
f 279/1319/976 2234/1341/1041 1243/1336/1029
f 1189/1342/975 1246/1343/1042 2234/1341/1041
f 2234/1341/1041 312/1344/1043 1221/1345/1044
f 1243/1336/1029 1221/1345/1044 311/1337/1030
f 1197/1342/989 1245/1336/1038 287/1319/990
f 288/1346/951 2235/1341/1045 1197/1342/989
f 2235/1341/1045 320/1344/1046 1229/1345/1047
f 1245/1336/1038 1229/1345/1047 319/1337/1039
f 280/1347/995 2236/1348/1048 1246/1343/1042
f 1190/1349/994 1248/1303/1049 2236/1348/1048
f 2236/1348/1048 313/1350/1050 1222/1351/1051
f 1246/1343/1042 1222/1351/1051 312/1344/1043
f 1198/1349/950 1247/1343/1052 288/1346/951
f 289/1352/984 2237/1348/1053 1198/1349/950
f 2237/1348/1053 321/1350/1054 1230/1351/1055
f 1247/1343/1052 1230/1351/1055 320/1344/1046
f 281/1352/965 2238/1353/1056 1248/1303/1049
f 282/1354/987 2238/1353/1056 1191/1355/964
f 1250/1356/1057 1223/1357/1058 2238/1353/1056
f 1248/1303/1049 1223/1357/1058 313/1350/1050
f 1199/1355/983 1249/1303/1059 289/1352/984
f 290/1354/1004 2239/1353/1060 1199/1355/983
f 1251/1356/1061 1231/1357/1062 2239/1353/1060
f 1249/1303/1059 1231/1357/1062 321/1350/1054
f 1192/1358/986 1250/1356/1057 282/1354/987
f 283/1321/946 2240/1317/1063 1192/1358/986
f 1236/1282/1005 1224/1359/1064 2240/1317/1063
f 2240/1317/1063 314/1360/1065 1250/1356/1057
f 1200/1358/1003 1251/1356/1061 290/1354/1004
f 291/1321/971 2241/1317/1066 1200/1358/1003
f 1238/1282/1011 1232/1359/1067 2241/1317/1066
f 2241/1317/1066 322/1360/1068 1251/1356/1061
f 296/1361/1069 2242/1362/1070 1303/1363/1069
f 1254/1364/1071 1302/1365/1072 2242/1362/1070
f 2242/1362/1070 329/1366/1073 1286/1367/1074
f 1303/1363/1069 1286/1367/1074 328/1368/1069
f 1261/1369/1075 1301/1370/1076 303/1371/1077
f 304/1372/1069 2243/1373/1078 1261/1369/1075
f 1300/1374/1069 1293/1375/1079 2243/1373/1078
f 2243/1373/1078 335/1376/1080 1301/1370/1076
f 1252/1377/1081 1268/1378/1081 295/1379/1081
f 294/1380/1081 2244/1381/1082 1252/1377/1081
f 1269/1382/1081 1220/1383/1083 2244/1381/1082
f 2244/1381/1082 311/1384/1081 1268/1378/1081
f 1253/1385/1081 1270/1386/1084 296/1387/1081
f 295/1379/1081 2245/1388/1081 1253/1385/1081
f 1268/1378/1081 1221/1389/1084 2245/1388/1081
f 2245/1388/1081 312/1390/1084 1270/1386/1084
f 297/1391/1081 2246/1392/1081 1271/1393/1081
f 1254/1394/1081 1270/1386/1084 2246/1392/1081
f 2246/1392/1081 312/1390/1084 1222/1395/1084
f 1271/1393/1081 1222/1395/1084 313/1396/1081
f 298/1397/1081 2247/1398/1081 1272/1399/1081
f 1255/1400/1081 1271/1393/1081 2247/1398/1081
f 2247/1398/1081 313/1396/1081 1223/1401/1085
f 1272/1399/1081 1223/1401/1085 314/1402/1081
f 1256/1403/1081 1273/1404/1081 299/1405/1084
f 298/1397/1081 2248/1406/1081 1256/1403/1081
f 1272/1399/1081 1224/1407/1081 2248/1406/1081
f 2248/1406/1081 315/1408/1081 1273/1404/1081
f 1257/1409/1084 1274/1410/1081 300/1411/1084
f 299/1405/1084 2249/1412/1081 1257/1409/1084
f 1273/1404/1081 1225/1413/1081 2249/1412/1081
f 2249/1412/1081 316/1414/1081 1274/1410/1081
f 301/1415/1084 2250/1416/1084 1275/1417/1081
f 1258/1418/1084 1274/1410/1081 2250/1416/1084
f 2250/1416/1084 316/1414/1081 1226/1419/1081
f 1275/1417/1081 1226/1419/1081 317/1420/1081
f 294/1380/1081 2251/1421/1081 1269/1382/1081
f 1259/1422/1085 1275/1417/1081 2251/1421/1081
f 2251/1421/1081 317/1420/1081 1227/1423/1081
f 1269/1382/1081 1227/1423/1081 310/1424/1081
f 1260/1425/1081 1276/1426/1083 303/1427/1081
f 302/1428/1081 2252/1429/1081 1260/1425/1081
f 1277/1430/1081 1228/1431/1084 2252/1429/1081
f 2252/1429/1081 319/1432/1083 1276/1426/1083
f 1261/1433/1084 1278/1434/1084 304/1435/1084
f 303/1427/1081 2253/1436/1081 1261/1433/1084
f 1276/1426/1083 1229/1437/1081 2253/1436/1081
f 2253/1436/1081 320/1438/1084 1278/1434/1084
f 305/1439/1081 2254/1440/1084 1279/1441/1081
f 1262/1442/1084 1278/1434/1084 2254/1440/1084
f 2254/1440/1084 320/1438/1084 1230/1443/1084
f 1279/1441/1081 1230/1443/1084 321/1444/1081
f 306/1445/1081 2255/1446/1084 1280/1447/1082
f 1263/1448/1083 1279/1441/1081 2255/1446/1084
f 2255/1446/1084 321/1444/1081 1231/1449/1085
f 1280/1447/1082 1231/1449/1085 322/1450/1082
f 1264/1451/1081 1281/1452/1081 307/1453/1081
f 306/1445/1081 2256/1454/1081 1264/1451/1081
f 1280/1447/1082 1232/1455/1081 2256/1454/1081
f 2256/1454/1081 323/1456/1081 1281/1452/1081
f 1265/1457/1084 1282/1458/1081 308/1459/1081
f 307/1453/1081 2257/1460/1081 1265/1457/1084
f 1281/1452/1081 1233/1461/1081 2257/1460/1081
f 2257/1460/1081 324/1462/1081 1282/1458/1081
f 309/1463/1084 2258/1464/1084 1283/1465/1081
f 1266/1466/1084 1282/1458/1081 2258/1464/1084
f 2258/1464/1084 324/1462/1081 1234/1467/1081
f 1283/1465/1081 1234/1467/1081 325/1468/1081
f 302/1428/1081 2259/1469/1081 1277/1430/1081
f 1267/1470/1082 1283/1465/1081 2259/1469/1081
f 2259/1469/1081 325/1468/1081 1235/1471/1085
f 1277/1430/1081 1235/1471/1085 318/1472/1081
f 334/1473/1081 2260/1474/1081 1299/1475/1081
f 335/1476/1081 2260/1474/1081 1292/1477/1081
f 336/1478/1081 2260/1474/1081 1293/1479/1081
f 337/1480/1081 2260/1474/1081 1294/1481/1081
f 338/1482/1081 2260/1474/1081 1295/1483/1081
f 339/1484/1084 2260/1474/1081 1296/1485/1081
f 340/1486/1084 2260/1474/1081 1297/1487/1081
f 341/1488/1084 2260/1474/1081 1298/1489/1081
f 326/1490/1081 2261/1491/1081 1291/1492/1084
f 327/1493/1081 2261/1491/1081 1284/1494/1081
f 328/1495/1081 2261/1491/1081 1285/1496/1081
f 329/1366/1081 2261/1491/1081 1286/1497/1081
f 330/1498/1081 2261/1491/1081 1287/1499/1084
f 331/1500/1084 2261/1491/1081 1288/1501/1081
f 332/1502/1084 2261/1491/1081 1289/1503/1081
f 333/1504/1084 2261/1491/1081 1290/1505/1084
f 304/1372/1069 2262/1506/1070 1300/1374/1069
f 1262/1507/1071 1304/1508/1072 2262/1506/1070
f 2262/1506/1070 337/1509/1073 1294/1481/1074
f 1300/1374/1069 1294/1481/1074 336/1510/1069
f 297/1511/1086 2263/1512/1087 1302/1365/1072
f 1255/1513/1088 1305/1514/1089 2263/1512/1087
f 2263/1512/1087 330/1515/1089 1287/1516/1090
f 1302/1365/1072 1287/1516/1090 329/1366/1073
f 305/1517/1086 2264/1518/1087 1304/1508/1072
f 1263/1519/1088 1306/1520/1089 2264/1518/1087
f 2264/1518/1087 338/1521/1089 1295/1483/1091
f 1304/1508/1072 1295/1483/1091 337/1509/1073
f 1256/1522/1092 1305/1514/1089 298/1523/1089
f 299/1524/1093 2265/1525/1094 1256/1522/1092
f 1307/1526/1095 1288/1501/1096 2265/1525/1094
f 2265/1525/1094 330/1515/1089 1305/1514/1089
f 1264/1527/1092 1306/1520/1089 306/1528/1089
f 307/1529/1093 2266/1530/1094 1264/1527/1092
f 1308/1531/1095 1296/1485/1096 2266/1530/1094
f 2266/1530/1094 338/1521/1089 1306/1520/1089
f 1257/1532/1097 1307/1526/1095 299/1524/1093
f 300/1533/1098 2267/1534/1099 1257/1532/1097
f 1309/1535/1098 1289/1503/1100 2267/1534/1099
f 2267/1534/1099 331/1536/1101 1307/1526/1095
f 1265/1537/1097 1308/1531/1095 307/1529/1093
f 308/1538/1098 2268/1539/1099 1265/1537/1097
f 1310/1540/1098 1297/1487/1100 2268/1539/1099
f 2268/1539/1099 339/1541/1101 1308/1531/1095
f 300/1533/1098 2269/1542/1102 1309/1535/1098
f 1258/1543/1103 1311/1544/1104 2269/1542/1102
f 2269/1542/1102 333/1545/1105 1290/1546/1106
f 1309/1535/1098 1290/1546/1106 332/1547/1098
f 308/1538/1098 2270/1548/1102 1310/1540/1098
f 1266/1549/1103 1312/1550/1104 2270/1548/1102
f 2270/1548/1102 341/1551/1105 1298/1552/1106
f 1310/1540/1098 1298/1552/1106 340/1553/1098
f 301/1554/1107 2271/1555/1108 1311/1544/1104
f 1259/1556/1109 1313/1557/1110 2271/1555/1108
f 2271/1555/1108 326/1558/1110 1291/1492/1111
f 1311/1544/1104 1291/1492/1111 333/1545/1105
f 1252/1559/1112 1313/1557/1110 294/1560/1110
f 295/1561/1113 2272/1562/1114 1252/1559/1112
f 1314/1563/1076 1284/1564/1115 2272/1562/1114
f 2272/1562/1114 326/1558/1110 1313/1557/1110
f 309/1565/1107 2273/1566/1108 1312/1550/1104
f 1267/1567/1109 1315/1568/1110 2273/1566/1108
f 2273/1566/1108 334/1569/1110 1299/1475/1111
f 1312/1550/1104 1299/1475/1111 341/1551/1105
f 1260/1570/1112 1315/1568/1110 302/1571/1110
f 303/1371/1077 2274/1572/1114 1260/1570/1112
f 1301/1370/1076 1292/1573/1115 2274/1572/1114
f 2274/1572/1114 334/1569/1110 1315/1568/1110
f 1253/1574/1075 1314/1563/1076 295/1561/1113
f 296/1361/1069 2275/1575/1078 1253/1574/1075
f 1303/1363/1069 1285/1576/1116 2275/1575/1078
f 2275/1575/1078 327/1577/1080 1314/1563/1076
f 1320/1578/1117 1321/1/1118 369/3/1119
f 371/1579/1120 2276/1580/1121 1320/1578/1117
f 1323/242/1122 1322/6/1123 2276/1580/1121
f 2276/1580/1121 372/4/1124 1321/1/1118
f 373/9/1125 2277/1581/1126 1417/1582/1127
f 1435/15/1128 1355/1583/1129 354/16/1130
f 355/12/1131 2277/1581/1126 1435/1584/1128
f 359/775/1132 2278/1585/1133 1334/1586/1134
f 360/1587/1135 2278/1585/1133 1318/56/1136
f 1348/1588/1137 1335/1589/1138 2278/1585/1133
f 1334/1586/1134 1335/1589/1138 352/774/1139
f 347/24/1140 2279/1590/1141 1329/1591/1142
f 1328/26/1143 1330/30/1144 2279/1590/1141
f 2279/1590/1141 400/29/1145 1372/28/1146
f 1329/1591/1142 1372/28/1146 346/113/1147
f 1332/33/1148 1350/32/1149 389/34/1150
f 1332/33/1148 1333/38/1151 2280/1592/1152
f 2280/1592/1152 361/1593/1153 1346/358/1154
f 2280/1592/1152 349/35/1155 1350/32/1149
f 404/1594/1156 2281/1595/1157 1574/1596/1158
f 402/1597/1159 2281/1595/1157 1424/1598/1160
f 1574/1599/1158 1419/43/1161 358/45/1162
f 409/48/1163 2282/1600/1164 1524/1601/1165
f 1371/50/1166 807/54/52 2282/1600/1164
f 2282/1600/1164 69/53/51 1393/1602/1167
f 1524/1601/1165 1393/1602/1167 415/1603/1168
f 1317/777/1169 1318/1604/1136 359/775/1132
f 344/62/1170 2283/1605/1171 1317/777/1169
f 1316/61/1172 1319/1606/1173 2283/1605/1171
f 2283/1605/1171 360/1587/1135 1318/1604/1136
f 401/63/1174 2284/64/1175 1336/67/1176
f 403/1607/1177 2284/64/1175 1423/65/1178
f 1420/69/1179 1337/1608/1180 2284/64/1175
f 2284/64/1175 350/66/1181 1336/67/1176
f 403/1609/1177 2285/72/1182 1422/74/1183
f 361/1610/1153 2285/72/1182 1345/73/1184
f 2285/72/1182 351/1611/1185 1421/75/1186
f 1422/74/1183 1421/75/1186 404/1612/1156
f 370/79/1187 2286/1613/1188 1353/82/1189
f 354/16/1190 2286/1613/1188 1352/81/1191
f 1355/1583/1192 1354/83/1193 2286/1613/1188
f 1353/82/1189 1354/83/1193 375/203/1194
f 1570/1614/1195 1561/1615/1196 462/1616/1197
f 144/91/87 2287/1617/1198 1570/1614/1195
f 722/90/86 1450/1618/1199 2287/1617/1198
f 2287/1617/1198 413/87/1200 1561/1615/1196
f 1338/1619/1201 1431/92/1202 405/94/1203
f 362/1620/1204 2288/1621/1205 1338/1619/1201
f 1428/1622/1206 1430/97/1207 2288/1621/1205
f 2288/1621/1205 407/95/1208 1431/92/1202
f 1365/101/1209 1482/100/1210 395/102/1211
f 58/107/103 2289/1623/1212 1365/101/1209
f 707/106/102 1402/105/1213 2289/1623/1212
f 2289/1623/1212 418/103/1214 1482/100/1210
f 1360/109/1215 1327/1624/1216 388/110/1217
f 347/24/1140 2290/1625/1218 1360/109/1215
f 2290/1625/1218 346/113/1147 1361/1626/1219
f 2290/1625/1218 378/111/1220 1327/1624/1216
f 368/114/1221 2291/1627/1222 1358/117/1223
f 392/120/1224 2291/1627/1222 1362/116/1225
f 1364/119/1226 1363/1628/1227 2291/1627/1222
f 1358/117/1223 1363/1628/1227 367/1629/1228
f 415/1603/1168 2292/1630/1229 1481/123/1230
f 1393/1602/1167 742/124/120 2292/1630/1229
f 742/124/120 1365/101/1209 2292/1630/1229
f 2292/1630/1229 395/102/1211 1481/123/1230
f 416/125/1231 2293/1631/1232 1453/128/1233
f 1480/1632/1234 1461/1633/1235 2293/1631/1232
f 2293/1631/1232 399/130/1236 1411/1634/1237
f 1453/128/1233 1411/1634/1237 345/317/1238
f 405/133/1203 2294/134/1239 1432/136/1240
f 1520/1635/1241 1339/1636/1242 2294/134/1239
f 2294/134/1239 364/138/1243 1521/137/1244
f 1432/136/1240 1521/137/1244 406/1637/1245
f 367/1629/1228 2295/1638/1246 1339/1636/1242
f 1363/1628/1227 1369/143/1247 2295/1638/1246
f 1369/143/1247 1368/142/1248 2295/1638/1246
f 1339/1636/1242 1368/142/1248 364/138/1243
f 1479/1639/1249 1459/486/1250 422/1640/1251
f 1479/1639/1249 1453/151/1233 2296/1641/1252
f 2296/1641/1252 345/150/1238 1407/1642/1253
f 2296/1641/1252 383/1643/1254 1459/486/1250
f 423/153/1255 2297/1644/1256 1460/156/1257
f 1478/1645/1258 1447/159/1259 2297/1644/1256
f 2297/1644/1256 397/158/1260 1357/1646/1261
f 1460/156/1257 1357/1646/1261 380/227/1262
f 370/161/1187 2298/1647/1263 1352/164/1191
f 1376/163/1264 1320/1648/1117 2298/1647/1263
f 2298/1647/1263 369/3/1119 1347/1649/1265
f 1352/164/1191 1347/1649/1265 354/820/1190
f 1477/1650/1266 1403/1651/1267 419/170/1268
f 1477/1650/1266 1450/89/1269 2299/1652/1270
f 2299/1652/1270 66/173/162 732/1653/1271
f 2299/1652/1270 68/171/160 1403/1651/1267
f 1387/177/1272 1476/1654/1273 414/1655/1274
f 67/183/172 2300/180/1275 1387/177/1272
f 734/182/171 1379/181/1276 2300/180/1275
f 2300/180/1275 412/1656/1277 1476/1654/1273
f 1475/185/1278 1371/184/1166 409/186/1163
f 417/1657/1279 2301/1658/1280 1475/185/1278
f 1401/1659/1281 752/189/175 2301/1658/1280
f 2301/1658/1280 62/187/53 1371/184/1166
f 346/192/1147 2302/193/1282 1361/195/1219
f 1382/1660/1283 1384/198/1284 2302/193/1282
f 2302/193/1282 382/197/1285 1383/1661/1286
f 1361/195/1219 1383/1661/1286 378/234/1220
f 373/1662/1287 2303/1663/1288 1354/1664/1193
f 1380/1665/1289 1385/206/1290 2303/1663/1288
f 1385/206/1290 1433/205/1291 2303/1663/1288
f 2303/1663/1288 375/203/1194 1354/1664/1193
f 377/208/1292 2304/1666/1293 1325/211/1294
f 1434/210/1295 1385/1667/1290 2304/1666/1293
f 2304/1666/1293 374/1668/1296 1436/1669/1297
f 2304/1666/1293 344/62/1170 1325/211/1294
f 1388/215/1298 1342/1670/1299 391/216/1300
f 356/221/1301 2305/1671/1302 1388/215/1298
f 1389/220/1303 1337/68/1180 2305/1671/1302
f 2305/1671/1302 353/1672/1304 1342/1670/1299
f 1333/1673/1151 1351/1674/1305 361/1610/1153
f 348/39/1306 2306/222/1307 1333/1673/1151
f 1390/224/1308 1335/223/1138 2306/222/1307
f 2306/222/1307 351/1611/1185 1351/1674/1305
f 1373/226/1309 1357/1675/1261 397/158/1260
f 400/231/1310 2307/228/1311 1373/226/1309
f 1330/230/1312 1391/229/1313 2307/228/1311
f 2307/228/1311 380/227/1262 1357/1675/1261
f 1374/1676/1314 1383/1661/1286 382/197/1285
f 383/1643/1254 2308/1677/1315 1374/1676/1314
f 1392/237/1316 1326/236/1317 2308/1677/1315
f 2308/1677/1315 378/234/1220 1383/1661/1286
f 411/255/1318 2309/239/1319 1448/1678/1320
f 408/1679/1321 2309/239/1319 1474/1680/1322
f 1445/243/1323 1323/1681/1122 2309/239/1319
f 1448/1678/1320 1323/1681/1122 371/1682/1120
f 396/1683/1324 2310/246/1325 1414/1684/1326
f 1331/1685/1327 1395/251/1328 2310/246/1325
f 2310/246/1325 343/250/1329 1410/249/1330
f 1414/1684/1326 1410/249/1330 398/335/1331
f 1448/1678/1320 1473/253/1332 411/255/1318
f 371/167/1120 2311/1686/1333 1448/1678/1320
f 1376/1687/1264 1449/1688/1334 2311/1686/1333
f 2311/1686/1333 412/1689/1335 1473/253/1332
f 1370/261/1336 1772/260/1337 365/262/1338
f 364/267/1243 2312/1690/1339 1370/261/1336
f 1399/266/1340 1322/6/1123 2312/1690/1339
f 2312/1690/1339 384/263/1341 1772/260/1337
f 369/268/1119 2313/269/1342 1577/271/1343
f 1378/390/1344 1425/273/1345 2313/269/1342
f 1425/273/1345 1576/272/1346 2313/269/1342
f 1577/271/1343 1576/272/1346 465/383/1347
f 351/1611/1185 2314/1691/1348 1341/1692/1349
f 1348/1693/1137 1319/1606/1173 2314/1691/1348
f 2314/1691/1348 342/279/1350 1344/1694/1351
f 1341/1692/1349 1344/1694/1351 393/1695/1352
f 460/764/1353 2315/1696/1354 1569/1697/1355
f 377/287/1292 2315/1696/1354 1398/1698/1356
f 1325/286/1294 1394/285/1357 2315/1696/1354
f 1569/1697/1355 1394/285/1357 459/782/1358
f 1405/289/1359 1472/1699/1360 421/290/1361
f 63/295/262 2316/1700/1362 1405/289/1359
f 2316/1700/1362 64/293/260 1406/1701/1363
f 1472/1699/1360 1406/1701/1363 422/1702/1251
f 1327/1703/1216 1416/1704/1364 388/110/1217
f 1327/1703/1216 1326/298/1317 2317/1705/1365
f 2317/1705/1365 381/252/1366 1331/1685/1327
f 2317/1705/1365 396/1683/1324 1416/1704/1364
f 1471/1706/1367 1387/299/1368 414/1655/1369
f 419/170/1370 2318/1707/1371 1471/1706/1367
f 1403/1651/1372 736/302/268 2318/1707/1371
f 1387/299/1368 736/302/268 67/183/1373
f 420/199/1374 2319/1708/1375 1470/306/1376
f 1404/1709/1377 754/307/276 2319/1708/1375
f 2319/1708/1375 63/295/262 1405/289/1359
f 1470/306/1376 1405/289/1359 421/476/1361
f 410/309/1378 2320/311/1379 1447/309/1380
f 420/199/1374 2320/311/1379 1469/310/1381
f 1457/475/1382 1413/311/1383 2320/311/1379
f 1447/309/1380 1413/311/1383 397/309/1384
f 1407/1642/1253 1392/237/1316 383/1643/1254
f 1407/1642/1253 1397/316/1385 2321/1710/1386
f 2321/1710/1386 343/315/1329 1395/313/1328
f 1392/237/1316 1395/313/1328 381/1711/1366
f 345/317/1238 2322/1712/1387 1397/319/1385
f 1411/1634/1237 1412/1713/1388 2322/1712/1387
f 2322/1712/1387 398/321/1331 1410/320/1330
f 1397/319/1385 1410/320/1330 343/1714/1329
f 379/323/1389 2323/1715/1390 1413/326/1383
f 1382/1660/1283 1372/329/1146 2323/1715/1390
f 2323/1715/1390 400/328/1145 1373/327/1391
f 1413/326/1383 1373/327/1391 397/309/1384
f 461/1716/1392 2324/331/1393 1568/1717/1394
f 1409/1718/1395 1414/1684/1326 2324/331/1393
f 2324/331/1393 398/335/1331 1558/334/1396
f 1568/1717/1394 1558/334/1396 459/779/1358
f 461/1719/1392 2325/336/1397 1409/1718/1395
f 1567/337/1398 1349/339/1399 2325/336/1397
f 2325/336/1397 388/110/1217 1416/1720/1364
f 1409/1718/1395 1416/1720/1364 396/1721/1324
f 1436/1669/1297 1316/61/1172 344/62/1170
f 374/1668/1296 2326/1722/1400 1436/1669/1297
f 342/279/1350 2326/1722/1400 1356/344/1401
f 1356/344/1402 1386/1723/1403 342/279/1404
f 374/1668/1405 2327/346/1406 1356/344/1402
f 1380/1724/1407 1417/1725/1127 2327/346/1406
f 2327/346/1406 355/12/1131 1386/1723/1403
f 417/1657/1279 2328/1726/1408 1401/1659/1281
f 1468/1727/1409 1366/1728/1410 2328/1726/1408
f 2328/1726/1408 60/351/313 753/350/312
f 1401/1659/1281 753/350/312 70/1729/1411
f 353/1672/1304 2329/1730/1412 1575/1731/1413
f 1420/354/1179 1422/74/1183 2329/1730/1412
f 1422/74/1183 1574/1596/1158 2329/1730/1412
f 1575/1731/1413 1574/1596/1158 358/45/1162
f 349/35/1155 2330/357/1414 1418/359/1415
f 1346/358/1154 1345/73/1184 2330/357/1414
f 1345/73/1184 1423/65/1178 2330/357/1414
f 1418/359/1415 1423/65/1178 401/63/1174
f 1341/1732/1349 1421/1733/1186 351/1611/1185
f 393/1695/1352 2331/362/1416 1341/1732/1349
f 1340/1734/1417 1424/1735/1160 2331/362/1416
f 2331/362/1416 404/361/1156 1421/1733/1186
f 1340/1734/1418 1343/365/1419 402/1736/1420
f 393/1695/1421 2332/1737/1422 1340/1734/1418
f 1344/370/1423 1386/1738/1424 2332/1737/1422
f 2332/1737/1422 355/1739/1425 1343/365/1419
f 355/1740/1425 2333/1741/1426 1343/1742/1419
f 1435/1584/1427 1578/374/1428 2333/1741/1426
f 2333/1741/1426 358/45/1162 1419/43/1429
f 1343/1742/1419 1419/43/1429 402/1597/1420
f 358/45/1162 2334/375/1430 1575/1743/1413
f 1573/376/1431 1426/378/1432 2334/375/1430
f 2334/375/1430 391/216/1300 1342/214/1299
f 1575/1743/1413 1342/214/1299 353/1672/1304
f 1579/381/1433 1573/1744/1431 358/45/1162
f 465/383/1347 2335/1745/1434 1579/381/1433
f 357/379/1435 2335/1745/1434 1576/1746/1346
f 1437/385/1436 1438/1747/1437 386/386/1438
f 394/274/1439 2336/388/1440 1437/385/1436
f 1378/1748/1344 1321/389/1118 2336/388/1440
f 2336/388/1440 372/387/1124 1438/1747/1437
f 365/391/1338 2337/1749/1441 1370/394/1336
f 1523/1750/1442 1429/397/1443 2337/1749/1441
f 2337/1749/1441 406/396/1245 1521/395/1244
f 1370/394/1336 1521/395/1244 364/1751/1243
f 1432/400/1240 1338/399/1201 405/94/1203
f 406/396/1245 2338/1752/1444 1432/400/1240
f 1429/1753/1443 1367/1754/1445 2338/1752/1444
f 1338/399/1201 1367/1754/1445 362/1620/1204
f 1772/260/1337 1400/404/1446 365/262/1338
f 384/407/1341 2339/1755/1447 1772/260/1337
f 385/405/1448 2339/1755/1447 1324/408/1449
f 386/386/1438 2340/1756/1450 1368/1757/1248
f 372/387/1124 2340/1756/1450 1438/1758/1437
f 1368/411/1248 1399/410/1340 364/412/1243
f 429/1759/1451 2341/1760/1452 1492/1761/1453
f 1485/1762/1454 796/420/364 2341/1760/1452
f 796/420/364 1439/564/1455 2341/1760/1452
f 2341/1760/1452 428/417/1456 1492/1761/1453
f 431/422/366 2342/1763/366 1491/1764/366
f 1487/1765/366 797/428/366 2342/1763/366
f 2342/1763/366 86/427/366 1441/1766/366
f 1491/1764/366 1441/1766/366 430/430/366
f 430/430/366 2343/1767/366 1490/432/366
f 1441/1766/366 795/435/366 2343/1767/366
f 2343/1767/366 89/434/366 1443/433/366
f 1490/432/366 1443/433/366 432/1768/366
f 432/1768/366 2344/1769/366 1489/1770/366
f 1443/433/366 798/439/366 2344/1769/366
f 2344/1769/366 85/421/365 1485/1762/1454
f 1489/1770/366 1485/1762/1454 429/1759/1451
f 426/1771/366 2345/441/366 1467/444/366
f 1463/1772/366 805/446/366 2345/441/366
f 805/446/366 1444/1773/366 2345/441/366
f 2345/441/366 425/443/366 1467/444/366
f 427/448/366 2346/449/366 1466/451/366
f 1464/1774/366 804/452/366 2346/449/366
f 2346/449/366 90/447/366 1463/1772/366
f 1466/451/366 1463/1772/366 426/1771/366
f 418/454/366 2347/1775/366 1465/457/366
f 1402/456/366 808/458/366 2347/1775/366
f 2347/1775/366 92/453/366 1464/1774/366
f 1465/457/366 1464/1774/366 427/448/366
f 368/114/1221 2348/1776/1457 1522/461/1458
f 367/1777/1228 2348/1776/1457 1358/1778/1223
f 2348/1776/1457 405/133/1203 1431/462/1202
f 1522/461/1458 1431/462/1202 407/1779/1208
f 385/465/1448 2349/1780/1459 1454/1781/1460
f 1324/408/1449 1445/1782/1323 2349/1780/1459
f 1445/1782/1323 1468/1727/1409 2349/1780/1459
f 1454/1781/1460 1468/1727/1409 417/1657/1279
f 756/470/372 1375/469/1461 71/471/373
f 54/308/277 2350/1783/1462 756/470/372
f 1404/1784/1377 1469/310/1381 2350/1783/1462
f 2350/1783/1462 410/309/1378 1375/469/1461
f 379/199/1389 2351/1785/1463 1384/198/1284
f 1457/199/1382 1470/306/1376 2351/1785/1463
f 2351/1785/1463 421/476/1361 1458/484/1464
f 2351/1785/1463 382/197/1285 1384/198/1284
f 1433/478/1291 1451/1786/1465 375/479/1194
f 376/482/1466 2352/1787/1467 1433/478/1291
f 1456/1788/1468 1471/1706/1367 2352/1787/1467
f 2352/1787/1467 414/1655/1369 1451/1786/1465
f 382/197/1285 2353/1789/1469 1374/1676/1314
f 1458/484/1464 1472/1699/1360 2353/1789/1469
f 2353/1789/1469 422/1702/1251 1459/1790/1250
f 1374/1676/1314 1459/1790/1250 383/1791/1254
f 1377/489/1470 725/488/381 56/490/383
f 411/255/1318 2354/1792/1471 1377/489/1470
f 1473/253/1332 1379/1793/1472 2354/1792/1471
f 2354/1792/1471 57/491/384 725/488/381
f 56/490/383 2355/494/1473 1377/1794/1470
f 60/351/313 2355/494/1473 710/495/388
f 2355/494/1473 408/1679/1321 1474/1680/1322
f 1377/1794/1470 1474/1680/1322 411/255/1318
f 365/262/1338 2356/1795/1474 1446/499/1475
f 1400/404/1476 1454/1781/1460 2356/1795/1474
f 2356/1795/1474 417/1657/1279 1475/185/1278
f 1446/499/1475 1475/185/1278 409/186/1163
f 375/479/1477 2357/1796/1478 1353/502/1479
f 1451/1797/1480 1476/1654/1273 2357/1796/1478
f 1476/1654/1273 1449/503/1481 2357/1796/1478
f 1353/502/1479 1449/503/1481 370/161/1482
f 376/482/1483 2358/504/1484 1456/1788/1485
f 1434/505/1486 1381/1798/1487 2358/504/1484
f 2358/504/1484 413/175/1488 1477/1650/1266
f 2358/504/1484 419/170/1268 1456/1788/1485
f 55/507/403 2359/1799/1489 1408/510/1490
f 697/509/405 1375/511/1491 2359/1799/1489
f 2359/1799/1489 410/160/1492 1478/1645/1258
f 1408/510/1490 1478/1645/1258 423/153/1255
f 761/514/409 1406/1701/1363 64/293/260
f 761/514/409 1396/516/1493 2360/1800/1494
f 2360/1800/1494 416/152/1231 1479/1639/1249
f 2360/1800/1494 422/1640/1251 1406/1701/1363
f 65/518/412 2361/1801/413 1396/521/1493
f 765/520/414 1415/522/1495 2361/1801/413
f 2361/1801/413 424/768/1496 1480/1632/1234
f 1396/521/1493 1480/1632/1234 416/125/1231
f 395/1802/1211 2362/1803/1497 1359/1804/1498
f 1482/100/1210 1455/528/1499 2362/1803/1497
f 2362/1803/1497 366/527/1500 1428/1622/1206
f 1359/1804/1498 1428/1622/1206 362/1805/1204
f 1359/1806/1498 1481/123/1230 395/1807/1211
f 362/1808/1204 2363/532/1501 1359/1806/1498
f 2363/532/1501 363/1809/1502 1452/808/1503
f 1481/123/1230 1452/808/1503 415/1810/1168
f 460/281/1353 2364/534/1504 1398/1811/1356
f 462/1616/1197 2364/534/1504 1566/766/1505
f 2364/534/1504 413/87/1200 1381/537/1506
f 1398/1811/1356 1381/537/1506 377/287/1292
f 444/1812/366 2365/539/366 1534/1813/366
f 1488/1814/366 1489/1770/366 2365/539/366
f 2365/539/366 429/1759/1451 1514/542/366
f 1534/1813/366 1514/542/366 441/552/366
f 438/1815/366 2366/1816/366 1533/1817/366
f 1486/545/366 1490/432/366 2366/1816/366
f 2366/1816/366 432/1768/366 1488/1814/366
f 1533/1817/366 1488/1814/366 444/1812/366
f 1513/548/366 1532/1818/366 440/549/366
f 431/551/366 2367/1819/366 1513/548/366
f 1491/1764/366 1486/545/366 2367/1819/366
f 2367/1819/366 438/1815/366 1532/1818/366
f 441/552/366 2368/553/366 1531/1820/366
f 1514/542/366 1492/1761/1453 2368/553/366
f 2368/553/366 428/556/1456 1484/555/366
f 1531/1820/366 1484/555/366 439/602/366
f 1444/1773/366 1493/557/366 425/443/366
f 91/560/366 2369/558/366 1444/1773/366
f 2369/558/366 87/429/366 1487/1765/366
f 1493/557/366 1487/1765/366 431/422/366
f 55/507/403 2370/561/1507 860/563/428
f 1408/510/1490 1494/565/1508 2370/561/1507
f 1494/565/1508 1439/564/1455 2370/561/1507
f 2370/561/1507 88/562/427 860/563/428
f 446/1821/1509 2371/1822/1510 1530/570/1511
f 1508/1823/1512 1498/572/1513 2371/1822/1510
f 1498/572/1513 1499/1824/1514 2371/1822/1510
f 2371/1822/1510 445/569/1515 1530/570/1511
f 1506/1825/1516 1529/1826/1517 448/1827/1518
f 433/581/1519 2372/1828/1520 1506/1825/1516
f 1497/580/1521 1501/579/1522 2372/1828/1520
f 2372/1828/1520 447/1829/1523 1529/1826/1517
f 449/1830/1524 2373/1831/1525 1528/1832/1526
f 1505/1833/1527 1495/586/1528 2373/1831/1525
f 2373/1831/1525 434/573/1529 1508/1823/1512
f 1528/1832/1526 1508/1823/1512 446/1821/1509
f 1499/1824/1514 1527/1834/1530 445/569/1515
f 437/591/1531 2374/1835/1532 1499/1824/1514
f 1496/590/1533 1506/1825/1516 2374/1835/1532
f 2374/1835/1532 448/1827/1518 1527/1834/1530
f 1501/579/1522 1526/1836/1534 447/1829/1523
f 436/596/1535 2375/1837/1536 1501/579/1522
f 1504/595/1537 1513/593/457 2375/1837/1536
f 1526/1836/1534 1513/593/457 440/624/1538
f 349/597/366 2376/1838/366 1350/600/366
f 1440/599/366 1531/1820/366 2376/1838/366
f 2376/1838/366 439/602/366 1512/601/366
f 1350/600/366 1512/601/366 389/1839/366
f 386/603/1539 2377/604/1540 1437/607/1541
f 1500/605/1542 1530/570/1511 2377/604/1540
f 1530/570/1511 1509/608/1543 2377/604/1540
f 2377/604/1540 394/606/1544 1437/607/1541
f 1502/1840/1545 1426/609/1546 357/611/1547
f 448/1827/1518 2378/613/1548 1502/1840/1545
f 2378/613/1548 447/1829/1523 1507/612/1549
f 1426/609/1546 1507/612/1549 391/620/1550
f 390/614/1551 2379/1841/1552 1369/617/1553
f 1503/1842/1554 1528/1832/1526 2379/1841/1552
f 1528/1832/1526 1500/605/1542 2379/1841/1552
f 2379/1841/1552 386/603/1539 1369/617/1553
f 1509/608/1543 1425/618/1555 394/606/1544
f 445/569/1515 2380/619/1556 1509/608/1543
f 1527/1834/1530 1502/1840/1545 2380/619/1556
f 2380/619/1556 357/611/1547 1425/618/1555
f 391/620/1550 2381/621/1557 1388/622/1558
f 1507/612/1549 1526/1836/1534 2381/621/1557
f 2381/621/1557 440/624/1538 1442/623/1559
f 1388/622/1558 1442/623/1559 356/1843/1560
f 443/1844/366 2382/1845/366 1517/1846/366
f 1516/1847/366 1467/444/366 2382/1845/366
f 1467/444/366 1462/629/366 2382/1845/366
f 1517/1846/366 1462/629/366 442/650/366
f 366/630/366 2383/1848/366 1430/633/366
f 1455/632/366 1465/457/366 2383/1848/366
f 2383/1848/366 427/448/366 1518/634/366
f 1430/633/366 1518/634/366 407/637/366
f 1466/451/366 1518/635/366 427/448/366
f 426/1771/366 2384/1849/366 1466/451/366
f 1516/640/366 1519/646/366 2384/1849/366
f 2384/1849/366 407/637/366 1518/635/366
f 368/641/366 2385/642/366 1525/1850/366
f 1519/639/366 1522/643/366 407/637/366
f 443/1851/366 2385/642/366 1519/1852/366
f 1362/648/366 1515/647/366 392/649/366
f 368/641/366 2386/651/366 1362/648/366
f 1525/1853/366 1517/652/366 2386/651/366
f 2386/651/366 442/650/366 1515/647/366
f 1442/655/366 1389/654/366 356/656/366
f 440/549/366 2387/1854/366 1442/655/366
f 1532/1818/366 1511/1855/366 2387/1854/366
f 2387/1854/366 350/657/366 1389/654/366
f 350/657/366 2388/660/366 1336/661/366
f 1511/1855/366 1533/1817/366 2388/660/366
f 2388/660/366 444/1812/366 1510/1856/366
f 1336/661/366 1510/1856/366 401/663/366
f 401/663/366 2389/664/366 1418/665/366
f 1510/1856/366 1534/1813/366 2389/664/366
f 2389/664/366 441/552/366 1440/599/366
f 1418/665/366 1440/599/366 349/597/366
f 392/666/1561 2390/1857/1562 1364/669/1563
f 1515/668/485 1535/670/1564 2390/1857/1562
f 2390/1857/1562 449/1830/1524 1503/1842/1554
f 1364/669/1563 1503/1842/1554 390/614/1551
f 442/671/488 2391/1858/1565 1535/670/1564
f 1462/673/488 1536/674/1566 2391/1858/1565
f 2391/1858/1565 435/587/1567 1505/1833/1527
f 1535/670/1564 1505/1833/1527 449/1830/1524
f 1540/1859/1568 1390/676/1569 348/678/1570
f 451/1860/1571 2392/1861/1572 1540/1859/1568
f 1539/682/1573 1541/1862/1574 2392/1861/1572
f 2392/1861/1572 352/679/1575 1390/676/1569
f 1542/1863/1576 1360/684/1577 388/686/1578
f 453/691/1579 2393/1864/1580 1542/1863/1576
f 1538/690/1581 1543/1865/1582 2393/1864/1580
f 2393/1864/1580 347/687/1583 1360/684/1577
f 1565/1866/1584 1349/692/1585 458/694/1586
f 463/697/1587 2394/1867/1588 1565/1866/1584
f 2394/1867/1588 453/691/1579 1542/1863/1576
f 1349/692/1585 1542/1863/1576 388/686/1578
f 451/1860/1571 2395/1868/1589 1539/682/1573
f 1547/1869/1590 1546/702/1591 2395/1868/1589
f 1546/702/1591 1548/1870/1592 2395/1868/1589
f 2395/1868/1589 452/1871/1593 1539/682/1573
f 1549/1872/1594 1538/690/1581 453/691/1579
f 457/709/1595 2396/1873/1596 1549/1872/1594
f 1545/708/1597 1550/1874/1598 2396/1873/1596
f 2396/1873/1596 450/705/1599 1538/690/1581
f 1564/1875/1600 1537/696/512 463/697/1587
f 464/713/1601 2397/1876/1602 1564/1875/1600
f 1544/712/528 1549/1872/1594 2397/1876/1602
f 2397/1876/1602 453/691/1579 1537/696/512
f 348/678/1570 2398/714/1603 1540/677/1568
f 1332/715/1604 1512/719/1605 2398/714/1603
f 2398/714/1603 439/718/1606 1551/1877/1607
f 1540/677/1568 1551/1877/1607 451/683/1571
f 439/718/1606 2399/1878/1608 1551/1879/1607
f 1484/722/1609 1552/723/1610 2399/1878/1608
f 2399/1878/1608 455/703/1611 1547/1869/1590
f 1551/1879/1607 1547/1869/1590 451/1860/1571
f 1543/1865/1582 1328/725/1612 347/687/1583
f 450/705/1599 2400/1880/1613 1543/1865/1582
f 1553/729/1614 1391/728/1615 2400/1880/1613
f 2400/1880/1613 387/726/1616 1328/725/1612
f 1460/731/1617 1554/730/1618 423/732/1619
f 380/737/1620 2401/1881/1621 1460/731/1617
f 1553/1882/1614 1550/707/1598 2401/1881/1621
f 2401/1881/1621 454/733/1622 1554/730/1618
f 1541/1862/1574 1555/738/1623 352/679/1575
f 452/1871/1593 2402/1883/1624 1541/1862/1574
f 1562/1884/1625 1565/1866/1584 2402/1883/1624
f 2402/1883/1624 458/694/1586 1555/738/1623
f 1548/1870/1592 1562/1884/1625 452/1871/1593
f 456/743/1626 2403/1885/1627 1548/1870/1592
f 1563/742/1628 1564/1875/1600 2403/1885/1627
f 2403/1885/1627 463/697/1587 1562/1884/1625
f 1493/745/1629 1536/744/1630 425/120/1629
f 431/750/1631 2404/1886/1632 1493/745/1629
f 2404/1886/1632 436/748/1633 1556/752/1634
f 2404/1886/1632 435/746/1635 1536/744/1630
f 1556/752/1634 1495/751/1636 435/746/1635
f 1556/752/1634 1497/756/1637 2405/754/1638
f 2405/754/1638 433/755/1639 1557/1887/1640
f 2405/754/1638 434/753/1641 1495/751/1636
f 1496/758/1642 1557/1888/1640 433/755/1639
f 437/760/1643 2406/761/1644 1496/758/1642
f 1557/1887/1640 1498/759/1645 434/753/1641
f 1461/763/1235 1559/762/1646 399/1889/1236
f 424/768/1496 2407/765/1647 1461/763/1235
f 1483/1890/1648 1566/766/1505 2407/765/1647
f 2407/765/1647 460/1891/1353 1559/762/1646
f 1334/770/1134 1560/1892/1649 359/775/1132
f 1334/770/1134 1555/773/1650 2408/772/1651
f 2408/772/1651 458/340/1652 1567/337/1398
f 1560/1892/1649 1567/337/1398 461/1719/1392
f 359/1893/1132 2409/1894/1653 1317/777/1169
f 1560/769/1649 1568/1717/1394 2409/1894/1653
f 2409/1894/1653 459/779/1358 1394/778/1357
f 1317/777/1169 1394/778/1357 344/62/1170
f 399/130/1236 2410/780/1654 1412/1713/1388
f 1559/1895/1646 1569/1697/1355 2410/780/1654
f 2410/780/1654 459/782/1358 1558/781/1396
f 1412/1713/1388 1558/781/1396 398/321/1331
f 1415/1896/1495 1483/1897/1648 424/784/1496
f 73/523/416 2411/1898/1655 1415/1896/1495
f 924/786/586 1570/1614/1195 2411/1898/1655
f 2411/1898/1655 462/1616/1197 1483/1897/1648
f 423/787/1656 2412/1899/1657 1494/790/1658
f 1554/789/1659 1571/793/1660 2412/1899/1657
f 2412/1899/1657 455/792/1661 1552/791/1662
f 1494/790/1658 1552/791/1662 428/34/1663
f 457/110/1664 2413/1900/1665 1545/797/1666
f 456/799/1667 2413/1900/1665 1572/1901/1668
f 1546/798/1669 1571/793/1660 2413/1900/1665
f 1545/797/1666 1571/793/1660 454/794/1670
f 464/800/1671 2414/1902/1672 1544/804/1673
f 1572/803/1668 1563/802/1674 456/799/1667
f 1544/804/1673 1572/1901/1668 457/110/1664
f 1446/807/1475 1523/393/1442 365/391/1338
f 1446/807/1475 1524/1601/1165 2415/1903/1675
f 2415/1903/1675 415/1603/1168 1452/808/1503
f 1523/393/1442 1452/808/1503 363/398/1502
f 1578/374/1428 1579/381/1433 358/810/1162
f 354/813/1190 2416/812/1676 1578/374/1428
f 465/811/1347 2416/812/1676 1427/1904/1677
f 465/815/1347 2417/1905/1678 1577/1906/1343
f 1347/1649/1265 1427/819/1677 354/820/1190
f 1577/818/1343 1347/1649/1265 369/3/1119
f 1581/1907/652 1580/1908/649 471/1909/729
f 1581/1907/652 1582/1910/654 2418/863/653
f 1582/1910/654 1583/824/650 2418/863/653
f 1580/1908/649 1583/824/650 470/861/651
f 1585/1911/659 1584/828/656 473/1042/738
f 1585/1911/659 1580/1908/649 2419/1912/660
f 1580/1908/649 1586/831/657 2419/1912/660
f 1584/828/656 1586/831/657 472/867/658
f 1588/834/664 1587/1913/661 475/1914/741
f 1588/834/664 1584/828/656 2420/837/665
f 1584/828/656 1589/836/662 2420/837/665
f 1587/1913/661 1589/836/662 474/870/663
f 1591/839/669 1590/1915/666 477/840/744
f 1591/839/669 1587/1913/661 2421/875/670
f 1587/1913/661 1592/841/667 2421/875/670
f 1590/1915/666 1592/841/667 476/873/668
f 1594/844/674 1593/1916/671 479/952/747
f 1594/844/674 1590/1915/666 2422/1917/675
f 1590/1915/666 1595/846/672 2422/1917/675
f 1593/1916/671 1595/846/672 478/876/673
f 1597/849/679 1596/1918/676 481/1919/750
f 1597/849/679 1593/1916/671 2423/1920/680
f 1593/1916/671 1598/851/677 2423/1920/680
f 1596/1918/676 1598/851/677 480/878/678
f 1600/975/684 1599/880/681 483/992/737
f 1600/975/684 1596/1918/676 2424/1921/685
f 1596/1918/676 1601/856/682 2424/1921/685
f 1599/880/681 1601/856/682 482/881/683
f 1602/1922/687 1582/1910/654 468/911/734
f 1602/1922/687 1599/880/681 2425/1923/688
f 1599/880/681 1603/859/686 2425/1923/688
f 1582/1910/654 1603/859/686 469/865/655
f 1605/824/612 1604/1924/609 487/861/698
f 1605/824/612 1606/1910/614 2426/1925/613
f 1606/1910/614 1607/982/610 2426/1925/613
f 1604/1924/609 1607/982/610 486/892/611
f 1609/831/619 1608/1926/616 489/867/705
f 1609/831/619 1604/1924/609 2427/1927/620
f 1604/1924/609 1610/1928/617 2427/1927/620
f 1608/1926/616 1610/1928/617 488/1929/618
f 1612/836/624 1611/1930/621 491/870/710
f 1612/836/624 1608/1926/616 2428/1931/625
f 1608/1926/616 1613/1932/622 2428/1931/625
f 1611/1930/621 1613/1932/622 490/1933/623
f 1615/841/629 1614/872/626 493/873/715
f 1615/841/629 1611/1930/621 2429/875/630
f 1611/1930/621 1616/937/627 2429/875/630
f 1614/872/626 1616/937/627 492/840/628
f 1618/846/634 1617/1934/631 495/876/720
f 1618/846/634 1614/872/626 2430/1917/635
f 1614/872/626 1619/844/632 2430/1917/635
f 1617/1934/631 1619/844/632 494/1935/633
f 1621/851/639 1620/1936/636 497/878/725
f 1621/851/639 1617/1934/631 2431/852/640
f 1617/1934/631 1622/1937/637 2431/852/640
f 1620/1936/636 1622/1937/637 496/1938/638
f 1624/856/644 1623/1939/641 499/881/697
f 1624/856/644 1620/1936/636 2432/883/645
f 1620/1936/636 1625/882/642 2432/883/645
f 1623/1939/641 1625/882/642 498/855/643
f 1626/859/647 1606/1910/614 484/865/693
f 1626/859/647 1623/1939/641 2433/1940/648
f 1623/1939/641 1627/884/646 2433/1940/648
f 1606/1910/614 1627/884/646 485/911/615
f 468/986/734 2434/981/730 1628/987/731
f 471/1941/729 2434/981/730 1581/822/652
f 1628/983/731 1629/984/732 466/985/733
f 469/894/655 2435/1942/694 1630/1943/695
f 482/901/683 2435/1942/694 1603/896/686
f 2435/1942/694 499/899/697 1626/1944/647
f 2435/1942/694 484/897/693 1630/1943/695
f 470/902/651 2436/1945/699 1632/1946/700
f 469/894/655 2436/1945/699 1583/904/650
f 2436/1945/699 484/897/693 1605/1947/612
f 2436/1945/699 487/905/698 1632/1946/700
f 483/992/737 2437/1948/735 1633/990/736
f 468/1949/734 2437/1948/735 1602/989/687
f 1633/990/736 1628/1950/731 466/985/733
f 471/980/729 2438/1072/739 1629/998/732
f 473/1042/738 2438/1072/739 1585/995/659
f 1629/996/732 1634/997/740 466/985/733
f 472/919/658 2439/1951/706 1635/1952/707
f 470/902/651 2439/1951/706 1586/921/657
f 2439/1951/706 487/905/698 1609/1953/619
f 2439/1951/706 489/922/705 1635/1952/707
f 473/1954/738 2440/924/742 1634/1955/740
f 475/835/741 2440/924/742 1588/925/664
f 1634/1000/740 1636/1001/743 466/985/733
f 474/930/663 2441/1956/711 1637/1957/712
f 472/919/658 2441/1956/711 1589/932/662
f 2441/1956/711 489/922/705 1612/1958/624
f 2441/1956/711 491/933/710 1637/1957/712
f 475/1959/741 2442/1960/745 1636/939/743
f 477/940/744 2442/1960/745 1591/1003/669
f 1636/926/743 1638/951/746 466/985/733
f 476/942/668 2443/1961/716 1639/946/717
f 474/930/663 2443/1961/716 1592/944/667
f 2443/1961/716 491/933/710 1615/1962/629
f 2443/1961/716 493/945/715 1639/946/717
f 477/940/744 2444/1963/748 1638/938/746
f 479/1964/747 2444/1963/748 1594/844/674
f 1638/1004/746 1640/1008/749 466/985/733
f 478/954/673 2445/1965/721 1641/1966/722
f 476/961/668 2445/1965/721 1595/956/672
f 2445/1965/721 493/959/715 1618/1967/634
f 2445/1965/721 495/957/720 1641/1966/722
f 479/1964/747 2446/962/751 1640/1010/749
f 481/966/750 2446/962/751 1597/1968/679
f 1640/1008/749 1642/1009/752 466/985/733
f 480/968/678 2447/1969/726 1643/1970/366
f 478/954/673 2447/1969/726 1598/970/677
f 2447/1969/726 495/957/720 1621/1971/639
f 2447/1969/726 497/971/725 1643/1970/366
f 481/1919/750 2448/1069/753 1642/976/752
f 483/992/737 2448/1069/753 1600/975/684
f 1642/964/752 1633/990/736 466/985/733
f 482/901/683 2449/1972/728 1631/1973/696
f 480/968/678 2449/1972/728 1601/979/682
f 2449/1972/728 497/971/725 1624/1974/644
f 2449/1972/728 499/899/697 1631/1973/696
f 486/892/611 2450/887/689 1644/1975/690
f 485/886/615 2450/887/689 1607/888/610
f 1644/889/690 1645/991/691 467/891/692
f 485/911/615 2451/1976/701 1645/1977/691
f 498/907/643 2451/1976/701 1627/884/646
f 1645/909/691 1646/910/702 467/891/692
f 488/917/618 2452/1072/703 1647/918/704
f 486/892/611 2452/1072/703 1610/1928/617
f 1647/915/704 1644/916/690 467/891/692
f 490/928/623 2453/999/708 1648/929/709
f 488/830/618 2453/999/708 1613/925/622
f 1648/926/709 1647/927/704 467/891/692
f 492/940/628 2454/1978/713 1649/941/714
f 490/935/623 2454/1978/713 1616/937/627
f 1649/938/714 1648/939/709 467/891/692
f 494/952/633 2455/948/718 1650/953/719
f 492/947/628 2455/948/718 1619/949/632
f 1650/950/719 1649/951/714 467/891/692
f 496/966/638 2456/1006/723 1651/967/724
f 494/952/633 2456/1006/723 1622/1007/637
f 1651/964/724 1650/965/719 467/891/692
f 498/907/643 2457/1979/727 1646/977/702
f 496/973/638 2457/1979/727 1625/882/642
f 1646/1980/702 1651/976/724 467/891/692
f 1653/1907/652 1652/1908/649 505/1909/729
f 1653/1907/652 1654/1910/654 2458/863/653
f 1654/1910/654 1655/824/650 2458/863/653
f 1652/1908/649 1655/824/650 504/861/651
f 1657/1911/659 1656/1012/656 507/1042/738
f 1657/1911/659 1652/1908/649 2459/1912/660
f 1652/1908/649 1658/831/657 2459/1912/660
f 1656/1012/656 1658/831/657 506/867/658
f 1660/1034/664 1659/1981/661 509/1982/741
f 1660/1034/664 1656/1012/656 2460/1018/665
f 1656/1012/656 1661/1017/662 2460/1018/665
f 1659/1981/661 1661/1017/662 508/1033/663
f 1663/1983/669 1662/1984/666 511/1021/744
f 1663/1983/669 1659/1981/661 2461/1985/670
f 1659/1981/661 1664/1022/667 2461/1985/670
f 1662/1984/666 1664/1022/667 510/873/668
f 1666/1025/674 1665/1986/671 513/1026/747
f 1666/1025/674 1662/1984/666 2462/1987/675
f 1662/1984/666 1667/1027/672 2462/1987/675
f 1665/1986/671 1667/1027/672 512/1039/673
f 1669/1988/679 1668/1989/676 515/1990/750
f 1669/1988/679 1665/1986/671 2463/1032/680
f 1665/1986/671 1670/1031/677 2463/1032/680
f 1668/1989/676 1670/1031/677 514/878/678
f 1672/975/684 1671/880/681 517/992/737
f 1672/975/684 1668/1989/676 2464/1921/685
f 1668/1989/676 1673/856/682 2464/1921/685
f 1671/880/681 1673/856/682 516/881/683
f 1674/1922/687 1654/1910/654 502/911/734
f 1674/1922/687 1671/880/681 2465/1923/688
f 1671/880/681 1675/859/686 2465/1923/688
f 1654/1910/654 1675/859/686 503/865/655
f 1677/824/612 1676/1924/609 521/861/698
f 1677/824/612 1678/1910/614 2466/1925/613
f 1678/1910/614 1679/982/610 2466/1925/613
f 1676/1924/609 1679/982/610 520/892/611
f 1681/831/619 1680/1012/616 523/867/705
f 1681/831/619 1676/1924/609 2467/1927/620
f 1676/1924/609 1682/1911/617 2467/1927/620
f 1680/1012/616 1682/1911/617 522/1991/618
f 1684/1017/624 1683/1992/621 525/1033/710
f 1684/1017/624 1680/1012/616 2468/1931/625
f 1680/1012/616 1685/1993/622 2468/1931/625
f 1683/1992/621 1685/1993/622 524/1016/623
f 1687/1022/629 1686/1994/626 527/873/715
f 1687/1022/629 1683/1992/621 2469/1023/630
f 1683/1992/621 1688/1995/627 2469/1023/630
f 1686/1994/626 1688/1995/627 526/1021/628
f 1690/1027/634 1689/1996/631 529/1039/720
f 1690/1027/634 1686/1994/626 2470/1028/635
f 1686/1994/626 1691/1025/632 2470/1028/635
f 1689/1996/631 1691/1025/632 528/1026/633
f 1693/1031/639 1692/1918/636 531/878/725
f 1693/1031/639 1689/1996/631 2471/1920/640
f 1689/1996/631 1694/1997/637 2471/1920/640
f 1692/1918/636 1694/1997/637 530/1998/638
f 1696/856/644 1695/1939/641 533/881/697
f 1696/856/644 1692/1918/636 2472/883/645
f 1692/1918/636 1697/882/642 2472/883/645
f 1695/1939/641 1697/882/642 532/855/643
f 1698/859/647 1678/1910/614 518/865/693
f 1698/859/647 1695/1939/641 2473/1940/648
f 1695/1939/641 1699/884/646 2473/1940/648
f 1678/1910/614 1699/884/646 519/911/615
f 502/986/734 2474/981/730 1700/987/731
f 505/1941/729 2474/981/730 1653/822/652
f 1700/983/731 1701/984/732 500/1071/733
f 503/894/655 2475/1942/694 1702/1943/695
f 516/901/683 2475/1942/694 1675/896/686
f 2475/1942/694 533/899/697 1698/1944/647
f 2475/1942/694 518/897/693 1702/1943/695
f 504/902/651 2476/1945/699 1704/1946/700
f 503/894/655 2476/1945/699 1655/904/650
f 2476/1945/699 518/897/693 1677/1947/612
f 2476/1945/699 521/905/698 1704/1946/700
f 517/992/737 2477/1948/735 1705/990/736
f 502/1949/734 2477/1948/735 1674/989/687
f 1705/990/736 1700/1950/731 500/1071/733
f 505/980/729 2478/913/739 1701/998/732
f 507/1013/738 2478/913/739 1657/995/659
f 1701/996/732 1706/1073/740 500/1071/733
f 506/919/658 2479/1951/706 1707/1952/707
f 504/902/651 2479/1951/706 1658/921/657
f 2479/1951/706 521/905/698 1681/1953/619
f 2479/1951/706 523/922/705 1707/1952/707
f 507/1002/738 2480/1043/742 1706/1999/740
f 509/1074/741 2480/1043/742 1660/1044/664
f 1706/1041/740 1708/1076/743 500/1071/733
f 508/930/663 2481/1956/711 1709/1957/712
f 506/919/658 2481/1956/711 1661/932/662
f 2481/1956/711 523/922/705 1684/1958/624
f 2481/1956/711 525/933/710 1709/1957/712
f 509/1081/741 2482/2000/745 1708/1052/743
f 511/2001/744 2482/2000/745 1663/1078/669
f 1708/1079/743 1710/1080/746 500/1071/733
f 510/942/668 2483/1961/716 1711/946/717
f 508/930/663 2483/1961/716 1664/944/667
f 2483/1961/716 525/933/710 1687/1962/629
f 2483/1961/716 527/945/715 1711/946/717
f 511/1053/744 2484/2002/748 1710/1051/746
f 513/1061/747 2484/2002/748 1666/2003/674
f 1710/1083/746 1712/1065/749 500/1071/733
f 512/954/673 2485/1965/721 1713/1966/722
f 510/961/668 2485/1965/721 1667/956/672
f 2485/1965/721 527/959/715 1690/1967/634
f 2485/1965/721 529/957/720 1713/1966/722
f 513/1059/747 2486/2004/751 1712/1060/749
f 515/973/750 2486/2004/751 1669/2005/679
f 1712/1065/749 1714/1064/752 500/1071/733
f 514/968/678 2487/1969/726 1715/1970/366
f 512/954/673 2487/1969/726 1670/970/677
f 2487/1969/726 529/957/720 1693/1971/639
f 2487/1969/726 531/971/725 1715/1970/366
f 515/1990/750 2488/1069/753 1714/2006/752
f 517/992/737 2488/1069/753 1672/975/684
f 1714/1064/752 1705/990/736 500/1071/733
f 516/901/683 2489/1972/728 1703/1973/696
f 514/968/678 2489/1972/728 1673/979/682
f 2489/1972/728 531/971/725 1696/1974/644
f 2489/1972/728 533/899/697 1703/1973/696
f 520/892/611 2490/887/689 1716/1975/690
f 519/886/615 2490/887/689 1679/888/610
f 1716/889/690 1717/991/691 501/985/692
f 519/911/615 2491/1976/701 1717/1977/691
f 532/907/643 2491/1976/701 1699/884/646
f 1717/909/691 1718/910/702 501/985/692
f 522/993/618 2492/2007/703 1719/997/704
f 520/892/611 2492/2007/703 1682/1928/617
f 1719/1041/704 1716/916/690 501/985/692
f 524/1047/623 2493/1075/708 1720/1048/709
f 522/1042/618 2493/1075/708 1685/1044/622
f 1720/1045/709 1719/1046/704 501/985/692
f 526/2001/628 2494/2008/713 1721/1051/714
f 524/1049/623 2494/2008/713 1688/1037/627
f 1721/1051/714 1720/1052/709 501/985/692
f 528/1059/633 2495/2009/718 1722/1060/719
f 526/1053/628 2495/2009/718 1691/1056/632
f 1722/1057/719 1721/1058/714 501/985/692
f 530/1066/638 2496/2010/723 1723/1067/724
f 528/1061/633 2496/2010/723 1694/2011/637
f 1723/1064/724 1722/1065/719 501/985/692
f 532/907/643 2497/1979/727 1718/977/702
f 530/1066/638 2497/1979/727 1697/882/642
f 1718/1980/702 1723/1070/724 501/985/692
f 534/1085/1679 2498/2012/1680 1725/1088/1681
f 555/1092/1682 2498/2012/1680 1724/1139/1683
f 2498/2012/1680 554/1090/1684 1726/1089/1685
f 1725/1088/1681 1726/1089/1685 535/2013/1686
f 1764/1094/1687 1743/2014/1688 542/1095/1689
f 547/1100/1690 2499/2015/1691 1764/1094/1687
f 2499/2015/1691 546/2016/1692 1762/2017/1693
f 2499/2015/1691 543/2018/1694 1743/2014/1688
f 1757/2019/1695 1747/1101/1696 539/1103/1697
f 553/1108/1698 2500/2020/1699 1757/2019/1695
f 2500/2020/1699 552/1106/1700 1756/2021/1701
f 1747/1101/1696 1756/2021/1701 538/1180/1702
f 544/1109/1703 2501/1110/1704 1742/1112/1705
f 1738/1111/1706 1725/1115/1681 2501/1110/1704
f 2501/1110/1704 535/1114/1686 1735/1113/1707
f 1742/1112/1705 1735/1113/1707 545/2022/1708
f 1741/2023/1709 1736/1117/1710 556/1119/1711
f 544/1123/1703 2502/2024/1712 1741/2023/1709
f 1734/1122/1713 1731/1167/1714 2502/2024/1712
f 1736/1117/1710 1731/1167/1714 559/1168/1715
f 557/1124/1716 2503/1125/1717 1737/1127/1718
f 1740/2025/1719 1735/1130/1707 2503/1125/1717
f 2503/1125/1717 535/1129/1686 1726/1128/1685
f 1737/1127/1718 1726/1128/1685 554/2026/1684
f 558/1132/1720 2504/1133/1721 1729/1135/1722
f 1732/1134/1723 1739/1136/1724 2504/1133/1721
f 2504/1133/1721 545/1131/1708 1740/2025/1719
f 1729/1135/1722 1740/2025/1719 557/1124/1716
f 1724/1087/1683 1728/1138/1725 555/1092/1682
f 534/1085/1679 2505/2027/1726 1724/1087/1683
f 1738/1141/1706 1741/2023/1709 2505/2027/1726
f 2505/2027/1726 556/1119/1711 1728/1138/1725
f 548/1142/1727 2506/1143/1728 1733/1145/1729
f 1734/1144/1713 1742/1147/1705 2506/1143/1728
f 2506/1143/1728 545/1131/1708 1739/2028/1724
f 1733/1145/1729 1739/2028/1724 549/1137/1730
f 1761/1150/1731 1760/2029/1732 536/1151/1733
f 542/1095/1689 2507/2030/1734 1761/1150/1731
f 1743/2014/1688 1765/1154/1735 2507/2030/1734
f 2507/2030/1734 537/2031/1736 1760/2029/1732
f 541/1155/1737 2508/2032/1738 1744/1159/1739
f 1748/2033/1740 1730/1161/1741 2508/2032/1738
f 1730/1161/1741 1749/2034/1742 2508/2032/1738
f 2508/2032/1738 540/1158/1743 1744/1159/1739
f 540/1158/1743 2509/1163/1744 1745/1165/1745
f 1749/2034/1742 1731/1120/1714 2509/1163/1744
f 2509/1163/1744 548/1166/1727 1750/2035/1746
f 2509/1163/1744 538/1164/1702 1745/1165/1745
f 539/1169/1697 2510/2036/1747 1746/1172/1748
f 549/1174/1730 2510/2036/1747 1751/2037/1749
f 1732/1173/1723 1748/2033/1740 2510/2036/1747
f 2510/2036/1747 541/1155/1737 1746/1172/1748
f 538/1164/1702 2511/2038/1750 1747/1177/1696
f 1750/2035/1746 1733/1178/1729 2511/2038/1750
f 1733/1178/1729 1751/2037/1749 2511/2038/1750
f 2511/2038/1750 539/1169/1697 1747/1177/1696
f 1756/2021/1701 1745/1179/1745 538/1180/1702
f 552/1106/1700 2512/1182/1751 1756/2021/1701
f 2512/1182/1751 551/1183/1752 1758/1181/1753
f 1745/1179/1745 1758/1181/1753 540/1192/1743
f 1759/1186/1754 1746/1185/1748 541/1187/1737
f 550/1190/1755 2513/2039/1756 1759/1186/1754
f 2513/2039/1756 553/1108/1698 1757/2019/1695
f 1746/1185/1748 1757/2019/1695 539/1103/1697
f 1758/1181/1753 1744/1191/1739 540/1192/1743
f 551/1183/1752 2514/2040/1757 1758/1181/1753
f 2514/2040/1757 550/1195/1755 1759/1193/1754
f 1744/1191/1739 1759/1193/1754 541/2041/1737
f 1766/2042/1758 1760/1197/1759 537/2031/1760
f 554/1202/1684 2515/1199/1761 1766/2042/1758
f 1727/1201/1762 1767/2043/1763 2515/1199/1761
f 2515/1199/1761 536/1151/1764 1760/1197/1759
f 536/1151/1764 2516/2044/1765 1761/1150/1766
f 1767/2043/1763 1728/1206/1725 2516/2044/1765
f 1728/1206/1725 1768/1205/1767 2516/2044/1765
f 1761/1150/1766 1768/1205/1767 542/2045/1768
f 1769/2046/1769 1762/1208/1770 546/2016/1771
f 558/1214/1720 2517/2047/1772 1769/2046/1769
f 2517/2047/1772 557/1212/1716 1770/2048/1773
f 1762/1208/1770 1770/2048/1773 543/2049/1774
f 547/1100/1775 2518/2050/1776 1763/2051/1777
f 1771/2052/1778 1730/1217/1741 2518/2050/1776
f 1730/1217/1741 1769/2046/1769 2518/2050/1776
f 2518/2050/1776 546/2016/1771 1763/2051/1777
f 542/2045/1768 2519/2053/1779 1764/1094/1780
f 556/1222/1711 2519/2053/1779 1768/1205/1767
f 2519/2053/1779 559/1218/1715 1771/2052/1778
f 1764/1094/1780 1771/2052/1778 547/1100/1775
f 543/2049/1774 2520/2054/1781 1765/2055/1782
f 1770/2048/1773 1737/1226/1718 2520/2054/1781
f 2520/2054/1781 554/1202/1684 1766/2042/1758
f 2520/2054/1781 537/2031/1760 1765/2055/1782
f 560/1339/1783 2521/2056/1784 1775/1230/1785
f 1773/1338/1786 1776/2057/1787 2521/2056/1784
f 2521/2056/1784 563/1232/1788 1774/1231/1789
f 1775/1230/1785 1774/1231/1789 561/2058/1790
f 562/1337/1791 2522/2059/1792 1776/2057/1787
f 1777/1345/1793 1779/2060/1794 2522/2059/1792
f 2522/2059/1792 565/1238/1795 1778/1237/1796
f 1776/2057/1787 1778/1237/1796 563/1232/1788
f 564/1344/1797 2523/2061/1798 1779/2060/1794
f 1780/1351/1799 1782/2062/1800 2523/2061/1798
f 2523/2061/1798 567/1244/1801 1781/1243/1802
f 1779/2060/1794 1781/1243/1802 565/1238/1795
f 566/1350/1803 2524/2063/1804 1782/2062/1800
f 1783/1357/1805 1785/2064/1806 2524/2063/1804
f 2524/2063/1804 569/1250/1807 1784/1249/1808
f 1782/2062/1800 1784/1249/1808 567/1244/1801
f 1786/1359/1809 1785/2064/1806 568/1360/1810
f 570/1326/1811 2525/2065/1812 1786/1359/1809
f 1788/2066/1813 1787/1255/1814 2525/2065/1812
f 2525/2065/1812 569/1250/1807 1785/2064/1806
f 1789/1325/1815 1788/2066/1813 570/1326/1811
f 572/1331/1816 2526/2067/1817 1789/1325/1815
f 1791/2068/1818 1790/1261/1819 2526/2067/1817
f 2526/2067/1817 571/1259/1820 1788/2066/1813
f 1792/1330/1821 1791/2068/1818 572/1331/1816
f 574/1334/1822 2527/2069/1823 1792/1330/1821
f 1794/2070/1824 1793/1267/1825 2527/2069/1823
f 2527/2069/1823 573/1265/1826 1791/2068/1818
f 1795/1333/1827 1794/2070/1824 574/1334/1822
f 560/1332/1783 2528/2071/1828 1795/1333/1827
f 1775/1274/1785 1796/1273/1829 2528/2071/1828
f 2528/2071/1828 575/1271/1830 1794/2070/1824
f 576/1339/1831 2529/2056/1832 1799/1230/1833
f 1797/1338/1834 1800/2057/1835 2529/2056/1832
f 2529/2056/1832 579/1232/1835 1798/1231/1832
f 1799/1230/1833 1798/1231/1832 577/2058/1833
f 578/1337/1836 2530/2059/1837 1800/2057/1835
f 1801/1345/1838 1803/2060/1839 2530/2059/1837
f 2530/2059/1837 581/1238/1839 1802/1237/1837
f 1800/2057/1835 1802/1237/1837 579/1232/1835
f 580/1344/1840 2531/2061/1841 1803/2060/1839
f 1804/1351/1842 1806/2062/1843 2531/2061/1841
f 2531/2061/1841 583/1244/1843 1805/1243/1841
f 1803/2060/1839 1805/1243/1841 581/1238/1839
f 582/1350/1844 2532/2063/1845 1806/2062/1843
f 1807/1357/1846 1809/2064/1847 2532/2063/1845
f 2532/2063/1845 585/1250/1847 1808/1249/1845
f 1806/2062/1843 1808/1249/1845 583/1244/1843
f 1810/1359/1848 1809/2064/1847 584/1360/1849
f 586/1326/1850 2533/2065/1851 1810/1359/1848
f 1812/2066/1852 1811/1255/1851 2533/2065/1851
f 2533/2065/1851 585/1250/1847 1809/2064/1847
f 1813/1325/1853 1812/2066/1852 586/1326/1850
f 588/1331/1854 2534/2067/1855 1813/1325/1853
f 1815/2068/1856 1814/1261/1855 2534/2067/1855
f 2534/2067/1855 587/1259/1852 1812/2066/1852
f 1816/1330/1857 1815/2068/1856 588/1331/1854
f 590/1334/1858 2535/2069/1859 1816/1330/1857
f 1818/2070/1860 1817/1267/1859 2535/2069/1859
f 2535/2069/1859 589/1265/1856 1815/2068/1856
f 1819/1333/1861 1818/2070/1860 590/1334/1858
f 576/1332/1831 2536/2071/1862 1819/1333/1861
f 1799/1274/1833 1820/1273/1862 2536/2071/1862
f 2536/2071/1862 591/1271/1860 1818/2070/1860
f 570/1326/1811 2537/2072/1863 1789/1325/1815
f 1837/1282/1864 1826/1320/1865 2537/2072/1863
f 2537/2072/1863 598/1322/1866 1838/2073/1867
f 1789/1325/1815 1838/2073/1867 572/1331/1816
f 1839/1288/1868 1804/1351/1842 580/1344/1840
f 602/1347/1869 2538/2074/1870 1839/1288/1868
f 1831/1349/1871 1840/1303/1872 2538/2074/1870
f 2538/2074/1870 582/1350/1844 1804/1351/1842
f 590/1334/1858 2539/1333/1873 1819/1333/1861
f 1841/1329/1874 1836/1293/1875 2539/1333/1873
f 2539/1333/1873 600/1275/1876 1842/1292/1877
f 1819/1333/1861 1842/1292/1877 576/1332/1831
f 1842/1295/1877 1797/1338/1834 576/1339/1831
f 600/1227/1876 2540/1298/1878 1842/1295/1877
f 1829/1298/1879 1843/2075/1880 2540/1298/1878
f 2540/1298/1878 578/1337/1836 1797/1338/1834
f 1844/1303/1881 1783/1357/1805 566/1350/1803
f 595/1352/1882 2541/2076/1883 1844/1303/1881
f 1824/1355/1884 1845/1318/1885 2541/2076/1883
f 2541/2076/1883 568/1360/1810 1783/1357/1805
f 586/1326/1850 2542/2072/1886 1813/1325/1853
f 1846/1282/1887 1834/1320/1888 2542/2072/1886
f 2542/2072/1886 606/1322/1889 1847/2073/1890
f 1813/1325/1853 1847/2073/1890 588/1331/1854
f 1848/2075/1891 1777/1345/1793 562/1337/1791
f 593/1319/1892 2543/2077/1893 1848/2075/1891
f 1822/1342/1894 1849/1288/1895 2543/2077/1893
f 2543/2077/1893 564/1344/1797 1777/1345/1793
f 572/1331/1816 2544/2078/1896 1792/1330/1821
f 1838/2073/1867 1827/2079/1897 2544/2078/1896
f 2544/2078/1896 599/1294/1898 1850/1329/1899
f 1792/1330/1821 1850/1329/1899 574/1334/1822
f 1840/1303/1872 1807/1357/1846 582/1350/1844
f 603/2080/1900 2545/2081/1901 1840/1303/1872
f 1832/2082/1902 1851/1318/1903 2545/2081/1901
f 2545/2081/1901 584/1360/1849 1807/1357/1846
f 568/1360/1810 2546/2083/1904 1786/1359/1809
f 596/1354/1905 2546/2083/1904 1845/1318/1885
f 2546/2083/1904 597/1321/1906 1837/1282/1864
f 1786/1359/1809 1837/1282/1864 570/1326/1811
f 1843/2075/1880 1801/1345/1838 578/1337/1836
f 601/1319/1907 2547/2077/1908 1843/2075/1880
f 1830/1342/1909 1839/1288/1868 2547/2077/1908
f 2547/2077/1908 580/1344/1840 1801/1345/1838
f 588/1331/1854 2548/2078/1910 1816/1330/1857
f 1847/2073/1890 1835/2079/1911 2548/2078/1910
f 2548/2078/1910 607/1294/1912 1841/1329/1874
f 1816/1330/1857 1841/1329/1874 590/1334/1858
f 1849/1288/1895 1780/1351/1799 564/1344/1797
f 594/1347/1913 2549/2074/1914 1849/1288/1895
f 1823/1349/1915 1844/1303/1881 2549/2074/1914
f 2549/2074/1914 566/1350/1803 1780/1351/1799
f 574/1334/1822 2550/1340/1916 1795/1333/1827
f 1850/1329/1899 1828/1293/1917 2550/1340/1916
f 2550/1340/1916 592/1275/1918 1852/1292/1919
f 1795/1333/1827 1852/1292/1919 560/1332/1783
f 1852/1295/1919 1773/1338/1786 560/1339/1783
f 1852/1295/1919 1821/1298/1920 2551/1298/1921
f 2551/1298/1921 593/1319/1892 1848/2075/1891
f 2551/1298/1921 562/1337/1791 1773/1338/1786
f 584/1360/1849 2552/2083/1922 1810/1359/1848
f 1851/1318/1903 1833/1358/1923 2552/2083/1922
f 2552/2083/1922 605/1321/1924 1846/1282/1887
f 1810/1359/1848 1846/1282/1887 586/1326/1850
f 1869/2084/1925 1826/1320/1865 597/1321/1906
f 629/1326/1926 2553/2085/1927 1869/2084/1925
f 1858/1325/1928 1870/1324/1929 2553/2085/1927
f 2553/2085/1927 598/1322/1866 1826/1320/1865
f 605/1321/1924 2554/2085/1930 1834/1320/1888
f 637/1326/1931 2554/2085/1930 1871/2084/1932
f 1866/1325/1933 1872/1324/1934 2554/2085/1930
f 1834/1320/1888 1872/1324/1934 606/1322/1889
f 1870/1324/1929 1827/2079/1897 598/1322/1866
f 630/1331/1935 2555/1328/1936 1870/1324/1929
f 1859/1330/1937 1873/1329/1938 2555/1328/1936
f 2555/1328/1936 599/1294/1898 1827/2079/1897
f 606/1322/1889 2556/1328/1939 1835/2079/1911
f 638/1331/1940 2556/1328/1939 1872/1324/1934
f 1867/1330/1941 1874/1329/1942 2556/1328/1939
f 1835/2079/1911 1874/1329/1942 607/1294/1912
f 1873/1329/1938 1828/1293/1917 599/1294/1898
f 631/1334/1943 2557/2086/1944 1873/1329/1938
f 2557/2086/1944 624/1332/1945 1875/1292/1946
f 1828/1293/1917 1875/1292/1946 592/1275/1918
f 592/1227/1918 2558/2087/1947 1821/1298/1920
f 1875/1295/1946 1853/1338/1948 2558/2087/1947
f 2558/2087/1947 625/1337/1949 1876/1336/1950
f 1821/1298/1920 1876/1336/1950 593/1319/1892
f 607/1294/1912 2559/1293/1951 1836/1293/1875
f 1874/1329/1942 1868/1333/1952 2559/1293/1951
f 2559/1293/1951 632/1332/1953 1877/1292/1954
f 1836/1293/1875 1877/1292/1954 600/1275/1876
f 600/1227/1876 2560/2087/1955 1829/1298/1879
f 1877/1295/1954 1861/1338/1956 2560/2087/1955
f 2560/2087/1955 633/1337/1957 1878/1336/1958
f 1829/1298/1879 1878/1336/1958 601/1319/1907
f 593/1319/1892 2561/2088/1959 1822/1342/1894
f 1876/1336/1950 1854/1345/1960 2561/2088/1959
f 2561/2088/1959 626/1344/1961 1879/1343/1962
f 1822/1342/1894 1879/1343/1962 594/1347/1913
f 1878/1336/1958 1830/1342/1909 601/1319/1907
f 1878/1336/1958 1862/1345/1963 2562/1341/1964
f 2562/1341/1964 634/1344/1965 1880/1343/1966
f 2562/1341/1964 602/1347/1869 1830/1342/1909
f 594/1347/1913 2563/1287/1967 1823/1349/1915
f 1879/1343/1962 1855/1351/1968 2563/1287/1967
f 2563/1287/1967 627/1350/1969 1881/1303/1970
f 1823/1349/1915 1881/1303/1970 595/1352/1882
f 1880/1343/1966 1831/1349/1871 602/1347/1869
f 1880/1343/1966 1863/1351/1971 2564/2089/1972
f 2564/2089/1972 635/1350/1973 1882/1303/1974
f 2564/2089/1972 603/2080/1900 1831/1349/1871
f 595/1352/1882 2565/2081/1975 1824/1355/1884
f 1881/1303/1970 1856/1357/1976 2565/2081/1975
f 1856/1357/1976 1883/2090/1977 2565/2081/1975
f 2565/2081/1975 596/1354/1905 1824/1355/1884
f 1882/1303/1974 1832/2082/1902 603/2080/1900
f 1882/1303/1974 1864/1357/1978 2566/1353/1979
f 1864/1357/1978 1884/2090/1980 2566/1353/1979
f 2566/1353/1979 604/1354/1981 1832/2082/1902
f 1883/2090/1977 1825/1358/1982 596/1354/1905
f 628/1360/1983 2567/1317/1984 1883/2090/1977
f 1857/1359/1985 1869/2084/1925 2567/1317/1984
f 2567/1317/1984 597/1321/1906 1825/1358/1982
f 1884/2090/1980 1833/1358/1923 604/1354/1981
f 636/1360/1986 2568/1317/1987 1884/2090/1980
f 1865/1359/1988 1871/2084/1932 2568/1317/1987
f 2568/1317/1987 605/1321/1924 1833/1358/1923
f 610/1361/1989 2569/2091/1990 1887/1364/1991
f 1936/2092/1989 1919/1364/1992 2569/2091/1990
f 2569/2091/1990 643/1511/1993 1935/2093/1994
f 1887/1364/1991 1935/2093/1994 611/1511/1995
f 1934/2094/1996 1894/1369/1997 617/1371/1998
f 649/1371/1999 2570/2095/2000 1934/2094/1996
f 1926/1369/2001 1933/2096/1989 2570/2095/2000
f 2570/2095/2000 618/1372/1989 1894/1369/1997
f 1901/2097/2002 1885/1377/2002 609/1379/2002
f 625/1384/2003 2571/2098/2004 1901/2097/2002
f 1853/1383/2004 1902/2099/2002 2571/2098/2004
f 2571/2098/2004 608/1380/2002 1885/1377/2002
f 1903/1386/2003 1886/1385/2002 610/1387/2002
f 626/1390/2003 2572/1388/2002 1903/1386/2003
f 1854/1389/2003 1901/2097/2002 2572/1388/2002
f 2572/1388/2002 609/1379/2002 1886/1385/2002
f 611/1391/2002 2573/2100/2002 1887/1394/2002
f 1904/1393/2002 1855/1395/2002 2573/2100/2002
f 2573/2100/2002 626/1390/2003 1903/1386/2003
f 1887/1394/2002 1903/1386/2003 610/1387/2002
f 612/1397/2002 2574/2101/2002 1888/1400/2002
f 1905/2102/2002 1856/1401/2003 2574/2101/2002
f 2574/2101/2002 627/1396/2002 1904/1393/2002
f 1888/1400/2002 1904/1393/2002 611/1391/2002
f 1906/2103/2002 1889/1403/2004 613/1405/2003
f 629/1408/2002 2575/2104/2002 1906/2103/2002
f 1857/1407/2002 1905/2102/2002 2575/2104/2002
f 2575/2104/2002 612/1397/2002 1889/1403/2004
f 1907/1410/2002 1890/1409/2003 614/1411/2002
f 630/1414/2002 2576/2105/2002 1907/1410/2002
f 1858/1413/2002 1906/2103/2002 2576/2105/2002
f 2576/2105/2002 613/1405/2003 1890/1409/2003
f 615/1415/2003 2577/2106/2003 1891/1418/2003
f 1908/1417/2002 1859/1419/2002 2577/2106/2003
f 2577/2106/2003 630/1414/2002 1907/1410/2002
f 1891/1418/2003 1907/1410/2002 614/1411/2002
f 608/1380/2002 2578/1421/2002 1892/1422/2002
f 1902/2099/2002 1860/1423/2002 2578/1421/2002
f 2578/1421/2002 631/1420/2002 1908/1417/2002
f 1892/1422/2002 1908/1417/2002 615/1415/2003
f 1909/2107/2003 1893/1425/2002 617/1427/2002
f 633/1432/2004 2579/2108/2002 1909/2107/2003
f 1861/1431/2002 1910/2109/2002 2579/2108/2002
f 2579/2108/2002 616/1428/2002 1893/1425/2002
f 1911/2110/2003 1894/1433/2002 618/1435/2003
f 634/1438/2003 2580/2111/2002 1911/2110/2003
f 1862/1437/2002 1909/2107/2003 2580/2111/2002
f 2580/2111/2002 617/1427/2002 1894/1433/2002
f 619/1439/2002 2581/1440/2003 1895/1442/2003
f 1912/2112/2002 1863/1443/2003 2581/1440/2003
f 2581/1440/2003 634/1438/2003 1911/2110/2003
f 1895/1442/2003 1911/2110/2003 618/1435/2003
f 620/1445/2002 2582/2113/2003 1896/1448/2003
f 1913/2114/2002 1864/1449/2003 2582/2113/2003
f 2582/2113/2003 635/1444/2002 1912/2112/2002
f 1896/1448/2003 1912/2112/2002 619/1439/2002
f 1914/2115/2002 1897/1451/2002 621/1453/2003
f 637/1456/2002 2583/2116/2002 1914/2115/2002
f 1865/1455/2002 1913/2114/2002 2583/2116/2002
f 2583/2116/2002 620/1445/2002 1897/1451/2002
f 1915/2117/2002 1898/1457/2003 622/1459/2003
f 638/1462/2002 2584/1460/2002 1915/2117/2002
f 1866/1461/2002 1914/2115/2002 2584/1460/2002
f 2584/1460/2002 621/1453/2003 1898/1457/2003
f 623/1463/2003 2585/2118/2002 1899/1466/2003
f 1916/2119/2002 1867/1467/2005 2585/2118/2002
f 2585/2118/2002 638/1462/2002 1915/2117/2002
f 1899/1466/2003 1915/2117/2002 622/1459/2003
f 616/1428/2002 2586/2120/2002 1900/1470/2005
f 1910/2109/2002 1868/1471/2002 2586/2120/2002
f 2586/2120/2002 639/1468/2005 1916/2119/2002
f 1900/1470/2005 1916/2119/2002 623/1463/2003
f 648/2121/2003 2587/2122/2002 1925/1570/2003
f 655/2123/2003 2587/2122/2002 1932/1567/2002
f 654/2124/2003 2587/2122/2002 1931/1549/2002
f 653/2125/2003 2587/2122/2002 1930/1537/2003
f 652/2126/2002 2587/2122/2002 1929/1527/2002
f 651/2127/2002 2587/2122/2002 1928/1519/2002
f 650/2128/2002 2587/2122/2002 1927/1507/2002
f 649/2129/2002 2587/2122/2002 1926/1369/2002
f 640/2130/2002 2588/2131/2002 1917/1559/2002
f 647/2132/2003 2588/2131/2002 1924/1556/2002
f 646/2133/2003 2588/2131/2002 1923/1543/2002
f 645/2134/2003 2588/2131/2002 1922/1532/2002
f 644/2135/2002 2588/2131/2002 1921/1522/2002
f 643/2136/2002 2588/2131/2002 1920/1513/2003
f 642/2137/2002 2588/2131/2002 1919/1364/2002
f 641/2138/2002 2588/2131/2002 1918/1574/2002
f 618/1372/1989 2589/2139/1990 1895/1507/1991
f 1933/2096/1989 1927/1507/1992 2589/2139/1990
f 2589/2139/1990 651/1517/1993 1937/2140/1994
f 1895/1507/1991 1937/2140/1994 619/1517/1995
f 611/1511/1995 2590/2141/2006 1888/1513/2007
f 1935/2093/1994 1920/1513/2008 2590/2141/2006
f 2590/2141/2006 644/1523/2009 1938/2142/2010
f 1888/1513/2007 1938/2142/2010 612/1523/2010
f 619/1517/1995 2591/2143/2006 1896/1519/2007
f 1937/2140/1994 1928/1519/2011 2591/2143/2006
f 2591/2143/2006 652/1528/2010 1939/2144/2010
f 1896/1519/2007 1939/2144/2010 620/1528/2010
f 1938/2142/2010 1889/1522/2012 612/1523/2010
f 644/1523/2009 2592/2145/2013 1938/2142/2010
f 1921/1522/2014 1940/2146/2015 2592/2145/2013
f 2592/2145/2013 613/1524/2016 1889/1522/2012
f 1939/2144/2010 1897/1527/2012 620/1528/2010
f 652/1528/2010 2593/2147/2013 1939/2144/2010
f 1929/1527/2014 1941/2148/2015 2593/2147/2013
f 2593/2147/2013 621/1529/2016 1897/1527/2012
f 1940/2146/2015 1890/1532/2017 613/1524/2016
f 645/1524/2018 2594/2149/2019 1940/2146/2015
f 1922/1532/2020 1942/2150/2021 2594/2149/2019
f 2594/2149/2019 614/1533/2021 1890/1532/2017
f 1941/2148/2015 1898/1537/2017 621/1529/2016
f 653/1529/2018 2595/2151/2019 1941/2148/2015
f 1930/1537/2020 1943/2152/2021 2595/2151/2019
f 2595/2151/2019 622/1538/2021 1898/1537/2017
f 614/1533/2021 2596/2153/2022 1891/1543/2023
f 1942/2150/2021 1923/1543/2024 2596/2153/2022
f 2596/2153/2022 647/1554/2025 1944/2154/2026
f 1891/1543/2023 1944/2154/2026 615/1554/2027
f 622/1538/2021 2597/2155/2022 1899/1549/2023
f 1943/2152/2021 1931/1549/2024 2597/2155/2022
f 2597/2155/2022 655/1565/2025 1945/2156/2026
f 1899/1549/2023 1945/2156/2026 623/1565/2027
f 615/1554/2027 2598/2157/2028 1892/1556/2029
f 1944/2154/2026 1924/1556/2030 2598/2157/2028
f 2598/2157/2028 640/1560/2031 1946/2158/2031
f 1892/1556/2029 1946/2158/2031 608/1560/2031
f 1946/2158/2031 1885/1559/2032 608/1560/2031
f 640/1560/2031 2599/2159/2033 1946/2158/2031
f 1917/1559/2034 1947/2160/1996 2599/2159/2033
f 2599/2159/2033 609/1561/2035 1885/1559/2032
f 623/1565/2027 2600/2161/2028 1900/1567/2029
f 1945/2156/2026 1932/1567/2030 2600/2161/2028
f 2600/2161/2028 648/1571/2031 1948/2162/2031
f 1900/1567/2029 1948/2162/2031 616/1571/2031
f 1948/2162/2031 1893/1570/2032 616/1571/2031
f 648/1571/2031 2601/2163/2033 1948/2162/2031
f 1925/1570/2034 1934/2094/1996 2601/2163/2033
f 2601/2163/2033 617/1371/1998 1893/1570/2032
f 1947/2160/1996 1886/1574/1997 609/1561/2035
f 641/1561/1999 2602/2164/2000 1947/2160/1996
f 1918/1574/2036 1936/2092/1989 2602/2164/2000
f 2602/2164/2000 610/1361/1989 1886/1574/1997
f 661/1/1 1949/5/5 660/2/2
f 31/4/4 662/6/6 1949/5/5
f 662/6/6 43/263/237 663/7/7
f 1949/5/5 663/7/7 30/8/8
f 32/9/9 773/2165/13 1950/10/10
f 14/12/12 791/2166/14 1950/10/10
f 695/14/11 1950/10/10 791/15/14
f 18/17/16 674/20/19 1951/18/17
f 674/20/19 11/774/581 675/21/20
f 675/21/20 10/76/71 688/22/21
f 1951/18/17 688/22/21 19/23/22
f 6/24/23 669/27/26 1952/25/24
f 669/27/26 5/113/109 715/28/27
f 1952/25/24 715/28/27 77/29/28
f 668/26/25 1952/25/24 670/30/29
f 690/32/31 1953/36/35 672/33/32
f 8/35/34 686/358/318 1953/36/35
f 1953/36/35 686/358/318 20/37/36
f 672/33/32 1953/36/35 673/38/37
f 81/40/39 941/1596/43 1954/41/40
f 775/43/42 1954/41/40 941/44/43
f 79/46/45 780/1735/41 1954/41/40
f 94/48/46 890/51/49 1955/49/47
f 890/51/49 100/121/117 743/52/50
f 1955/49/47 743/52/50 69/53/51
f 714/50/48 1955/49/47 807/54/52
f 658/56/18 1956/59/55 657/57/54
f 19/23/22 659/60/56 1956/59/55
f 659/60/56 1/279/249 656/61/57
f 1956/59/55 656/61/57 3/62/58
f 78/63/59 676/67/63 1957/64/60
f 9/66/62 677/68/64 1957/64/60
f 677/68/64 12/217/200 776/69/65
f 1957/64/60 776/69/65 80/70/66
f 80/71/66 778/74/69 1958/72/67
f 778/74/69 81/361/39 777/75/70
f 1958/72/67 777/75/70 10/76/71
f 1958/72/67 691/77/72 20/78/36
f 29/79/73 693/82/76 1959/80/74
f 693/82/76 34/203/188 694/83/77
f 694/83/77 32/2167/185 695/14/78
f 1959/80/74 695/14/78 13/16/79
f 928/84/80 1960/88/84 937/85/81
f 98/87/83 814/89/85 1960/88/84
f 814/89/85 66/173/2037 722/90/86
f 1960/88/84 722/90/86 144/91/87
f 787/92/88 1961/96/92 678/93/89
f 84/95/91 786/97/93 1961/96/92
f 786/97/93 25/527/419 784/98/94
f 1961/96/92 784/98/94 21/99/95
f 846/100/96 1962/104/100 706/101/97
f 103/103/99 755/105/101 1962/104/100
f 755/105/101 59/2168/2038 707/106/102
f 1962/104/100 707/106/102 58/107/103
f 667/108/104 1963/112/108 701/109/105
f 37/111/107 702/1626/180 1963/112/108
f 1963/112/108 702/1626/180 5/113/109
f 1963/112/108 669/27/26 6/24/23
f 27/114/110 699/117/113 1964/115/111
f 699/117/113 26/140/135 704/118/114
f 704/118/114 49/144/139 705/119/115
f 1964/115/111 705/119/115 51/120/116
f 100/121/117 845/123/119 1965/122/118
f 61/102/98 706/101/97 1965/122/118
f 706/101/97 58/107/103 742/124/120
f 743/52/50 1965/122/118 742/124/120
f 101/125/121 817/128/124 1966/126/122
f 817/128/124 4/317/145 767/129/125
f 1966/126/122 767/129/125 76/130/126
f 844/127/123 1966/126/122 825/131/127
f 82/133/90 788/136/131 1967/134/129
f 788/136/131 83/1637/348 887/137/132
f 1967/134/129 887/137/132 23/138/133
f 886/135/130 1967/134/129 679/139/134
f 26/140/135 679/139/134 1968/141/136
f 679/139/134 23/138/133 711/142/137
f 711/142/137 45/2169/344 712/143/138
f 704/118/114 1968/141/136 712/143/138
f 823/145/140 1969/149/144 843/146/141
f 42/148/143 762/312/284 1969/149/144
f 1969/149/144 762/312/284 4/150/145
f 843/146/141 1969/149/144 817/151/124
f 108/153/146 824/156/149 1970/154/147
f 824/156/149 39/227/207 698/157/150
f 1970/154/147 698/157/150 74/158/151
f 842/155/148 1970/154/147 811/159/152
f 29/161/73 692/164/75 1971/162/154
f 692/164/75 13/820/79 687/165/156
f 1971/162/154 687/165/156 28/3/3
f 720/163/155 1971/162/154 660/166/2
f 757/168/157 1972/172/161 841/169/158
f 68/171/160 732/1653/1271 1972/172/161
f 1972/172/161 732/1653/1271 66/173/162
f 841/169/158 1972/172/161 814/174/163
f 840/176/165 1973/180/169 735/177/166
f 97/179/168 724/181/170 1973/180/169
f 724/181/170 57/491/2039 734/182/171
f 1973/180/169 734/182/171 67/183/172
f 714/184/48 1974/188/174 839/185/173
f 62/187/53 752/189/175 1974/188/174
f 752/189/175 70/1729/1411 751/190/176
f 1974/188/174 751/190/176 102/191/177
f 5/192/109 702/195/180 1975/193/178
f 702/195/180 37/234/107 729/196/181
f 1975/193/178 729/196/181 41/197/182
f 728/194/179 1975/193/178 730/198/183
f 32/200/185 694/204/77 1976/201/186
f 34/203/188 789/205/189 1976/201/186
f 789/205/189 35/213/196 731/206/190
f 726/202/187 1976/201/186 731/206/190
f 36/208/192 665/211/195 1977/209/193
f 3/62/58 792/341/301 1977/209/193
f 1977/209/193 792/341/301 33/207/191
f 790/210/194 1977/209/193 731/212/190
f 682/214/197 1978/218/201 737/215/198
f 12/217/200 677/219/64 1978/218/201
f 677/219/64 9/66/62 738/220/202
f 1978/218/201 738/220/202 15/221/203
f 691/77/72 1979/222/204 673/38/37
f 10/76/71 675/223/20 1979/222/204
f 675/223/20 11/774/581 739/224/205
f 1979/222/204 739/224/205 7/39/38
f 698/225/150 1980/228/208 716/226/206
f 39/227/207 740/229/209 1980/228/208
f 740/229/209 46/2170/2040 670/230/210
f 1980/228/208 670/230/210 77/231/211
f 729/232/181 1981/235/213 717/233/212
f 37/234/107 666/236/214 1981/235/213
f 666/236/214 40/1711/229 741/237/215
f 1981/235/213 741/237/215 42/148/143
f 96/238/216 812/241/219 1982/239/217
f 812/241/219 30/167/8 663/242/7
f 663/242/7 43/263/237 809/243/220
f 1982/239/217 809/243/220 93/244/221
f 72/245/222 770/248/225 1983/246/223
f 770/248/225 75/335/288 766/249/226
f 1983/246/223 766/249/226 2/250/227
f 671/247/224 1983/246/223 745/251/228
f 837/253/230 1984/257/232 812/254/219
f 97/256/231 813/258/233 1984/257/232
f 813/258/233 29/161/73 720/259/155
f 1984/257/232 720/259/155 30/167/8
f 1139/260/234 1985/264/238 713/261/235
f 43/263/237 662/265/6 1985/264/238
f 662/265/6 31/4/4 749/266/239
f 1985/264/238 749/266/239 23/267/133
f 28/268/3 944/271/242 1986/269/240
f 944/271/242 151/383/341 943/272/243
f 943/272/243 16/379/338 781/273/244
f 723/270/241 1986/269/240 781/273/244
f 10/76/71 681/277/247 1987/275/246
f 681/277/247 52/364/322 684/278/248
f 1987/275/246 684/278/248 1/279/249
f 688/276/21 1987/275/246 659/280/56
f 146/281/250 936/284/253 1988/282/251
f 936/284/253 145/782/583 744/285/254
f 744/285/254 3/2171/58 665/286/195
f 1988/282/251 665/286/195 36/287/192
f 836/288/255 1989/292/259 759/289/256
f 836/288/255 107/487/142 760/291/258
f 1989/292/259 760/291/258 64/293/260
f 1989/292/259 719/294/261 63/295/262
f 772/296/263 1990/297/264 667/108/104
f 72/245/222 671/247/224 1990/297/264
f 1990/297/264 671/247/224 40/252/229
f 667/108/104 1990/297/264 666/298/214
f 735/299/265 1991/303/269 835/300/266
f 735/299/265 67/183/1373 736/302/268
f 736/302/268 68/171/2041 757/168/270
f 1991/303/269 757/168/270 104/170/271
f 105/199/272 834/306/275 1992/304/273
f 834/306/275 106/476/257 759/289/256
f 1992/304/273 759/289/256 63/295/262
f 758/305/274 1992/304/273 754/307/276
f 95/309/278 811/309/281 1993/310/279
f 811/309/281 74/309/2042 769/311/282
f 769/311/282 38/199/184 821/199/283
f 1993/310/279 821/199/283 105/199/272
f 741/237/215 1994/314/285 762/312/284
f 741/237/215 40/1711/229 745/313/228
f 1994/314/285 745/313/228 2/315/227
f 762/312/284 1994/314/285 747/316/286
f 4/317/145 747/319/286 1995/318/287
f 747/319/286 2/1714/227 766/320/226
f 1995/318/287 766/320/226 75/321/288
f 767/129/125 1995/318/287 768/322/289
f 38/323/184 769/326/282 1996/324/290
f 769/326/282 74/309/2042 716/327/291
f 1996/324/290 716/327/291 77/328/28
f 728/325/179 1996/324/290 715/329/27
f 147/330/292 935/333/295 1997/331/293
f 935/333/295 145/779/583 925/334/296
f 1997/331/293 925/334/296 75/335/288
f 764/332/294 1997/331/293 770/248/225
f 147/330/292 764/332/294 1998/336/297
f 764/332/294 72/2172/222 772/338/263
f 1998/336/297 772/338/263 47/110/106
f 934/337/298 1998/336/297 689/339/299
f 656/61/57 1999/342/302 792/341/301
f 1/279/249 696/344/303 1999/342/302
f 33/207/191 792/2173/301 1999/342/302
f 733/345/304 2000/346/307 696/344/305
f 14/12/12 773/13/13 2000/346/307
f 773/13/13 32/1662/9 726/347/308
f 2000/346/307 726/347/308 33/207/309
f 102/191/177 751/190/176 2001/348/310
f 751/190/176 70/1729/1411 753/350/312
f 2001/348/310 753/350/312 60/351/313
f 832/349/311 2001/348/310 708/352/314
f 12/217/200 942/355/316 2002/353/315
f 942/355/316 17/45/44 941/356/43
f 941/356/43 81/361/39 778/74/69
f 776/354/65 2002/353/315 778/74/69
f 8/35/34 774/359/319 2003/357/317
f 774/359/319 78/63/59 779/65/61
f 779/65/61 80/70/66 685/73/68
f 686/358/318 2003/357/317 685/73/68
f 777/75/70 2004/362/320 681/360/247
f 81/361/39 780/42/41 2004/362/320
f 780/42/41 79/46/45 680/363/321
f 2004/362/320 680/363/321 52/364/322
f 683/365/323 2005/369/327 680/366/324
f 14/368/326 733/345/328 2005/369/327
f 733/345/328 1/279/2043 684/370/329
f 2005/369/327 684/370/329 52/364/330
f 14/368/326 683/373/323 2006/371/331
f 683/373/323 79/46/325 775/47/333
f 2006/371/331 775/47/333 17/45/44
f 791/372/332 2006/371/331 945/374/334
f 17/45/44 942/355/316 2007/375/335
f 942/355/316 12/217/200 682/377/197
f 2007/375/335 682/377/197 50/216/199
f 940/376/336 2007/375/335 782/378/337
f 940/380/336 2008/382/340 946/381/339
f 16/379/338 943/2174/243 2008/382/340
f 151/383/341 946/381/339 2008/382/340
f 794/384/342 2009/388/345 793/385/343
f 31/387/4 661/389/1 2009/388/345
f 661/389/1 28/268/3 723/390/241
f 2009/388/345 723/390/241 53/274/245
f 24/391/236 713/394/235 2010/392/346
f 713/394/235 23/1751/133 887/395/132
f 2010/392/346 887/395/132 83/396/348
f 889/393/347 2010/392/346 785/397/349
f 678/399/89 2011/402/352 788/400/131
f 678/399/89 21/99/95 709/401/351
f 709/401/351 22/398/350 785/403/349
f 2011/402/352 785/403/349 83/396/348
f 750/404/353 2012/406/355 1139/260/234
f 44/405/354 664/408/356 2012/406/355
f 43/407/237 1139/260/234 2012/406/355
f 45/386/344 711/1757/137 2013/409/357
f 749/410/239 2013/409/357 711/411/137
f 31/387/4 794/2175/342 2013/409/357
f 114/414/358 856/418/362 2014/415/359
f 113/417/361 799/419/363 2014/415/359
f 799/419/363 88/562/427 796/420/364
f 849/416/360 2014/415/359 796/420/364
f 116/422/366 855/425/366 2015/423/366
f 855/425/366 115/430/366 801/426/366
f 2015/423/366 801/426/366 86/427/366
f 851/424/366 2015/423/366 797/428/366
f 115/430/366 854/432/366 2016/431/366
f 854/432/366 117/436/366 803/433/366
f 2016/431/366 803/433/366 89/434/366
f 801/426/366 2016/431/366 795/435/366
f 117/436/366 853/438/366 2017/437/366
f 853/438/366 114/414/358 849/416/360
f 2017/437/366 849/416/360 85/421/365
f 803/433/366 2017/437/366 798/439/366
f 111/440/366 831/444/366 2018/441/366
f 110/443/366 806/445/366 2018/441/366
f 806/445/366 91/560/366 805/446/366
f 827/442/366 2018/441/366 805/446/366
f 112/448/366 830/451/366 2019/449/366
f 830/451/366 111/440/366 827/442/366
f 2019/449/366 827/442/366 90/447/366
f 828/450/366 2019/449/366 804/452/366
f 103/454/366 829/457/366 2020/455/366
f 829/457/366 112/448/366 828/450/366
f 2020/455/366 828/450/366 92/453/366
f 755/456/366 2020/455/366 808/458/366
f 27/114/110 888/461/368 2021/460/367
f 888/461/368 84/1779/91 787/462/88
f 2021/460/367 787/462/88 82/133/90
f 2021/460/367 886/463/130 26/464/135
f 44/465/354 818/467/370 2022/466/369
f 818/467/370 102/191/177 832/349/311
f 832/349/311 93/244/221 809/468/220
f 664/408/356 2022/466/369 809/468/220
f 718/469/371 2023/472/374 756/470/372
f 95/309/278 833/310/280 2023/472/374
f 833/310/280 105/199/272 758/473/274
f 2023/472/374 758/473/274 54/308/277
f 38/199/184 730/198/183 2024/474/375
f 41/197/182 822/484/380 2024/474/375
f 2024/474/375 822/484/380 106/476/257
f 821/475/283 2024/474/375 834/306/275
f 815/477/376 2025/480/377 789/478/189
f 99/301/267 835/300/266 2025/480/377
f 835/300/266 104/170/271 820/481/378
f 2025/480/377 820/481/378 35/482/196
f 41/197/182 717/485/212 2026/483/379
f 717/485/212 42/1791/143 823/486/140
f 2026/483/379 823/486/140 107/487/142
f 822/484/380 2026/483/379 836/288/255
f 725/488/381 2027/492/385 721/489/382
f 57/491/384 724/493/386 2027/492/385
f 724/493/386 97/256/231 837/253/230
f 2027/492/385 837/253/230 96/255/216
f 56/490/383 721/496/382 2028/494/387
f 721/496/382 96/238/216 838/240/218
f 2028/494/387 838/240/218 93/244/221
f 2028/494/387 708/497/314 60/351/313
f 24/262/236 810/499/391 2029/498/389
f 810/499/391 94/186/46 839/185/173
f 2029/498/389 839/185/173 102/191/177
f 750/404/390 2029/498/389 818/467/370
f 34/479/392 693/502/395 2030/500/393
f 693/502/395 29/161/2044 813/503/396
f 813/503/396 97/179/168 840/176/165
f 815/501/394 2030/500/393 840/176/165
f 35/482/397 820/481/400 2031/504/398
f 104/170/159 841/169/158 2031/504/398
f 2031/504/398 841/169/158 98/175/164
f 790/505/399 2031/504/398 727/506/401
f 55/507/403 763/510/406 2032/508/404
f 763/510/406 108/153/146 842/155/148
f 2032/508/404 842/155/148 95/160/153
f 697/509/405 2032/508/404 718/511/407
f 760/513/258 2033/515/410 761/514/409
f 107/147/142 843/146/141 2033/515/410
f 2033/515/410 843/146/141 101/152/121
f 761/514/409 2033/515/410 746/516/411
f 65/518/412 746/521/411 2034/519/413
f 746/521/411 101/125/121 844/127/123
f 2034/519/413 844/127/123 109/132/128
f 765/520/414 2034/519/413 771/522/415
f 61/102/98 700/525/418 2035/524/417
f 700/525/418 21/99/95 784/526/94
f 2035/524/417 784/526/94 25/527/419
f 846/100/96 2035/524/417 819/528/420
f 845/123/119 2036/532/422 700/529/418
f 845/123/119 100/1603/117 816/531/421
f 2036/532/422 816/531/421 22/398/350
f 2036/532/422 709/533/351 21/99/95
f 146/281/250 748/536/252 2037/534/423
f 748/536/252 36/287/192 727/537/425
f 2037/534/423 727/537/425 98/87/83
f 2037/534/423 928/84/80 148/86/82
f 129/538/366 900/541/366 2038/539/366
f 900/541/366 126/552/366 880/542/366
f 2038/539/366 880/542/366 114/414/358
f 852/540/366 2038/539/366 853/438/366
f 123/543/366 899/546/366 2039/544/366
f 899/546/366 129/538/366 852/540/366
f 2039/544/366 852/540/366 117/436/366
f 850/545/366 2039/544/366 854/432/366
f 898/547/366 2040/550/366 879/548/366
f 123/543/366 850/545/366 2040/550/366
f 850/545/366 115/430/366 855/425/366
f 2040/550/366 855/425/366 116/551/366
f 126/552/366 897/554/366 2041/553/366
f 897/554/366 124/602/366 848/555/366
f 2041/553/366 848/555/366 113/556/361
f 880/542/366 2041/553/366 856/418/362
f 857/557/366 2042/558/366 806/445/366
f 857/557/366 116/422/366 851/424/366
f 2042/558/366 851/424/366 87/429/366
f 2042/558/366 858/559/366 91/560/366
f 55/507/403 860/563/428 2043/561/426
f 88/562/427 799/564/363 2043/561/426
f 799/564/363 113/417/361 859/565/429
f 763/510/406 2043/561/426 859/565/429
f 131/566/430 896/570/434 2044/567/431
f 130/569/433 865/571/435 2044/567/431
f 865/571/435 122/591/455 864/572/436
f 874/568/432 2044/567/431 864/572/436
f 895/574/438 2045/578/442 872/575/439
f 132/577/441 867/579/443 2045/578/442
f 867/579/443 121/596/460 863/580/444
f 2045/578/442 863/580/444 118/581/445
f 134/582/446 894/585/449 2046/583/447
f 894/585/449 131/566/430 874/568/432
f 2046/583/447 874/568/432 119/573/437
f 871/584/448 2046/583/447 861/586/450
f 893/588/452 2047/589/453 865/571/435
f 133/576/440 872/575/439 2047/589/453
f 872/575/439 118/581/445 862/590/454
f 2047/589/453 862/590/454 122/591/455
f 892/592/456 2048/594/458 867/579/443
f 892/592/456 125/624/482 879/593/457
f 879/593/457 116/2176/2045 870/595/459
f 2048/594/458 870/595/459 121/596/460
f 8/597/366 690/600/366 2049/598/366
f 690/600/366 48/1839/366 878/601/366
f 2049/598/366 878/601/366 124/602/366
f 800/599/366 2049/598/366 897/554/366
f 45/603/461 793/607/465 2050/604/462
f 53/606/464 875/608/466 2050/604/462
f 875/608/466 130/569/433 896/570/434
f 866/605/463 2050/604/462 896/570/434
f 782/609/467 2051/613/471 868/610/468
f 782/609/467 50/620/478 873/612/470
f 2051/613/471 873/612/470 132/577/441
f 2051/613/471 895/574/438 133/576/440
f 49/614/472 712/617/475 2052/615/473
f 45/603/461 866/605/463 2052/615/473
f 866/605/463 131/566/430 894/585/449
f 869/616/474 2052/615/473 894/585/449
f 781/618/476 2053/619/477 875/608/466
f 16/611/469 868/610/468 2053/619/477
f 868/610/468 133/576/440 893/588/452
f 2053/619/477 893/588/452 130/569/433
f 50/620/478 737/622/480 2054/621/479
f 737/622/480 15/1843/1560 802/623/481
f 2054/621/479 802/623/481 125/624/482
f 873/612/470 2054/621/479 892/592/456
f 128/625/366 883/628/366 2055/626/366
f 883/628/366 127/650/366 826/629/366
f 826/629/366 110/2177/366 831/444/366
f 882/627/366 2055/626/366 831/444/366
f 25/630/366 786/633/366 2056/631/366
f 786/633/366 84/637/366 884/634/366
f 2056/631/366 884/634/366 112/448/366
f 819/632/366 2056/631/366 829/457/366
f 884/635/366 2057/638/366 830/636/366
f 84/637/366 885/639/366 2057/638/366
f 885/639/366 128/2178/366 882/640/366
f 2057/638/366 882/640/366 111/440/366
f 27/641/366 891/1850/366 2058/642/366
f 128/644/366 885/1852/366 2058/642/366
f 888/643/366 2058/642/366 885/646/366
f 881/647/366 2059/651/366 703/648/366
f 127/650/366 883/652/366 2059/651/366
f 883/652/366 128/1851/366 891/653/366
f 2059/651/366 891/653/366 27/641/366
f 738/654/366 2060/658/366 802/655/366
f 9/657/366 877/659/366 2060/658/366
f 877/659/366 123/543/366 898/547/366
f 2060/658/366 898/547/366 125/549/366
f 9/657/366 676/661/366 2061/660/366
f 676/661/366 78/663/366 876/662/366
f 2061/660/366 876/662/366 129/538/366
f 877/659/366 2061/660/366 899/546/366
f 78/663/366 774/665/366 2062/664/366
f 774/665/366 8/597/366 800/599/366
f 2062/664/366 800/599/366 126/552/366
f 876/662/366 2062/664/366 900/541/366
f 51/666/483 705/669/486 2063/667/484
f 705/669/486 49/614/472 869/616/474
f 2063/667/484 869/616/474 134/582/446
f 881/668/485 2063/667/484 901/670/487
f 127/671/488 901/670/487 2064/672/489
f 901/670/487 134/582/446 871/584/448
f 2064/672/489 871/584/448 120/587/451
f 826/673/488 2064/672/489 902/674/490
f 739/676/492 2065/680/496 906/677/493
f 11/679/495 907/681/497 2065/680/496
f 907/681/497 137/700/516 905/682/498
f 2065/680/496 905/682/498 136/683/499
f 701/684/500 2066/688/504 908/685/501
f 6/687/503 909/689/505 2066/688/504
f 909/689/505 135/705/521 904/690/506
f 2066/688/504 904/690/506 138/691/507
f 689/692/508 2067/695/511 932/693/509
f 689/692/508 47/686/502 908/685/501
f 2067/695/511 908/685/501 138/691/507
f 2067/695/511 903/696/512 149/697/513
f 136/683/499 905/682/498 2068/698/514
f 137/700/516 914/701/517 2068/698/514
f 914/701/517 141/743/556 912/702/518
f 913/699/515 2068/698/514 912/702/518
f 904/690/506 2069/706/522 915/704/520
f 135/705/521 916/707/523 2069/706/522
f 916/707/523 139/733/548 911/708/524
f 2069/706/522 911/708/524 142/709/525
f 903/696/512 2070/711/527 931/710/526
f 138/691/507 915/704/520 2070/711/527
f 915/704/520 142/709/525 910/712/528
f 2070/711/527 910/712/528 150/713/529
f 7/678/494 906/716/493 2071/714/530
f 906/716/493 136/2179/499 917/717/532
f 2071/714/530 917/717/532 124/718/533
f 672/715/531 2071/714/530 878/719/534
f 124/718/533 917/717/532 2072/721/536
f 917/717/532 136/683/499 913/699/515
f 2072/721/536 913/699/515 140/703/519
f 848/722/537 2072/721/536 918/723/538
f 668/725/540 2073/727/542 909/689/505
f 46/726/541 740/728/543 2073/727/542
f 740/728/543 39/737/550 919/729/544
f 2073/727/542 919/729/544 135/705/521
f 920/730/545 2074/734/549 824/731/546
f 139/733/548 916/735/523 2074/734/549
f 916/735/523 135/2180/521 919/736/544
f 2074/734/549 919/736/544 39/737/550
f 921/738/551 2075/739/552 907/681/497
f 143/694/510 932/693/509 2075/739/552
f 932/693/509 149/697/513 929/740/553
f 2075/739/552 929/740/553 137/700/516
f 929/740/553 2076/741/554 914/701/517
f 149/697/513 931/710/526 2076/741/554
f 931/710/526 150/713/529 930/742/555
f 2076/741/554 930/742/555 141/743/556
f 902/744/557 2077/747/560 857/745/558
f 120/746/559 922/752/565 2077/747/560
f 2077/747/560 922/752/565 121/748/561
f 2077/747/560 870/749/562 116/750/563
f 861/751/564 2078/754/567 922/752/565
f 119/753/566 923/757/570 2078/754/567
f 2078/754/567 923/757/570 118/755/568
f 922/752/565 2078/754/567 863/756/569
f 923/757/570 2079/761/574 862/758/571
f 864/759/572 2079/761/574 923/757/570
f 122/760/573 862/758/571 2079/761/574
f 926/762/575 2080/765/576 825/763/127
f 146/764/250 933/766/424 2080/765/576
f 933/766/424 148/2181/82 847/767/577
f 2080/765/576 847/767/577 109/768/128
f 927/769/578 2081/772/579 674/770/19
f 927/769/578 147/330/292 934/337/298
f 2081/772/579 934/337/298 143/340/300
f 674/770/19 2081/772/579 921/773/580
f 18/775/16 657/777/54 2082/776/582
f 657/777/54 3/62/58 744/778/254
f 2082/776/582 744/778/254 145/779/583
f 927/769/578 2082/776/582 935/333/295
f 76/130/126 768/322/289 2083/780/584
f 768/322/289 75/321/288 925/781/296
f 2083/780/584 925/781/296 145/782/583
f 926/762/575 2083/780/584 936/284/253
f 847/783/577 2084/785/585 771/522/415
f 148/86/82 937/85/81 2084/785/585
f 937/85/81 144/91/87 924/786/586
f 2084/785/585 924/786/586 73/523/416
f 108/787/587 859/790/590 2085/788/588
f 859/790/590 113/34/2046 918/791/591
f 2085/788/588 918/791/591 140/792/592
f 920/789/589 2085/788/588 938/793/593
f 142/110/595 911/797/598 2086/795/596
f 911/797/598 139/794/594 938/793/593
f 938/793/593 140/792/592 912/798/599
f 2086/795/596 912/798/599 141/799/600
f 150/800/601 910/804/604 2087/801/602
f 939/803/597 2087/801/602 910/804/604
f 930/802/603 2087/801/602 939/805/597
f 889/806/347 2088/809/605 810/807/391
f 889/806/347 22/398/350 816/808/421
f 2088/809/605 816/808/421 100/121/117
f 810/807/391 2088/809/605 890/51/49
f 946/381/339 2089/812/606 945/374/334
f 151/811/341 783/1904/607 2089/812/606
f 13/813/79 945/374/334 2089/812/606
f 151/815/341 944/1906/242 2090/816/608
f 687/165/156 2090/816/608 944/818/242
f 783/819/607 2090/816/608 687/165/156
f 947/821/609 2091/825/613 948/822/610
f 947/821/609 156/861/698 950/824/612
f 950/824/612 155/865/693 949/826/614
f 948/822/610 2091/825/613 949/826/614
f 951/828/616 2092/832/620 952/829/617
f 951/828/616 158/867/705 953/831/619
f 953/831/619 156/861/698 947/821/609
f 952/829/617 2092/832/620 947/821/609
f 954/833/621 2093/837/625 955/834/622
f 954/833/621 160/870/710 956/836/624
f 956/836/624 158/867/705 951/828/616
f 955/834/622 2093/837/625 951/828/616
f 957/838/626 2094/842/630 958/839/627
f 957/838/626 162/873/715 959/841/629
f 959/841/629 160/870/710 954/833/621
f 958/839/627 2094/842/630 954/833/621
f 960/843/631 2095/847/635 961/844/632
f 960/843/631 164/876/720 962/846/634
f 962/846/634 162/873/715 957/838/626
f 961/844/632 2095/847/635 957/838/626
f 963/848/636 2096/852/640 964/849/637
f 963/848/636 166/878/725 965/851/639
f 965/851/639 164/876/720 960/843/631
f 964/849/637 2096/852/640 960/843/631
f 966/853/641 2097/857/645 967/854/642
f 966/853/641 168/881/697 968/856/644
f 968/856/644 166/878/725 963/848/636
f 967/854/642 2097/857/645 963/848/636
f 949/826/614 2098/860/648 969/858/646
f 949/826/614 155/865/693 970/859/647
f 970/859/647 168/881/697 966/853/641
f 969/858/646 2098/860/648 966/853/641
f 971/821/649 2099/863/653 972/824/650
f 971/821/649 172/2182/729 974/862/652
f 974/862/652 171/827/734 973/864/654
f 972/824/650 2099/863/653 973/864/654
f 975/866/656 2100/869/660 976/831/657
f 975/866/656 174/830/738 977/868/659
f 977/868/659 172/2182/729 971/821/649
f 976/831/657 2100/869/660 971/821/649
f 978/833/661 2101/871/665 979/836/662
f 978/833/661 176/1933/741 980/834/664
f 980/834/664 174/830/738 975/866/656
f 979/836/662 2101/871/665 975/866/656
f 981/872/666 2102/875/670 982/841/667
f 981/872/666 178/840/744 983/874/669
f 983/874/669 176/1933/741 978/833/661
f 982/841/667 2102/875/670 978/833/661
f 984/843/671 2103/847/675 985/846/672
f 984/843/671 180/2183/747 986/877/674
f 986/877/674 178/840/744 981/872/666
f 985/846/672 2103/847/675 981/872/666
f 987/848/676 2104/879/680 988/851/677
f 987/848/676 182/2184/750 989/849/679
f 989/849/679 180/2183/747 984/843/671
f 988/851/677 2104/879/680 984/843/671
f 990/880/681 2105/883/685 991/856/682
f 990/880/681 184/907/737 992/882/684
f 992/882/684 182/2184/750 987/848/676
f 991/856/682 2105/883/685 987/848/676
f 973/864/654 2106/885/688 993/859/686
f 973/864/654 171/827/734 994/884/687
f 994/884/687 184/907/737 990/880/681
f 993/859/686 2106/885/688 990/880/681
f 154/886/615 995/2185/691 2107/887/689
f 996/889/690 2107/887/689 995/890/691
f 157/892/611 948/982/610 2107/887/689
f 155/894/693 997/898/695 2108/895/694
f 170/897/655 993/1944/686 2108/895/694
f 2108/895/694 993/1944/686 185/899/683
f 2108/895/694 998/900/696 168/901/697
f 156/902/698 999/906/700 2109/903/699
f 173/905/651 972/1947/650 2109/903/699
f 2109/903/699 972/1947/650 170/897/655
f 2109/903/699 997/898/695 155/894/693
f 169/907/643 1000/1980/702 2110/908/701
f 995/909/691 2110/908/701 1000/910/702
f 154/911/615 969/2186/646 2110/908/701
f 157/892/611 996/2187/690 2111/913/703
f 1001/915/704 2111/913/703 996/916/690
f 159/917/618 952/1928/617 2111/913/703
f 158/919/705 1002/923/707 2112/920/706
f 175/922/658 976/1953/657 2112/920/706
f 2112/920/706 976/1953/657 173/905/651
f 2112/920/706 999/906/700 156/902/698
f 159/830/618 1001/1000/704 2113/924/708
f 1003/926/709 2113/924/708 1001/927/704
f 161/928/623 955/925/622 2113/924/708
f 160/930/710 1004/934/712 2114/931/711
f 177/933/663 979/1958/662 2114/931/711
f 2114/931/711 979/1958/662 175/922/658
f 2114/931/711 1002/923/707 158/919/705
f 161/935/623 1003/926/709 2115/936/713
f 1005/938/714 2115/936/713 1003/939/709
f 163/940/628 958/937/627 2115/936/713
f 162/942/715 1006/946/717 2116/943/716
f 179/945/668 982/1962/667 2116/943/716
f 2116/943/716 982/1962/667 177/933/663
f 2116/943/716 1004/934/712 160/930/710
f 163/947/628 1005/941/714 2117/948/718
f 1007/950/719 2117/948/718 1005/951/714
f 165/952/633 961/877/632 2117/948/718
f 164/954/720 1008/958/722 2118/955/721
f 181/957/673 985/1967/672 2118/955/721
f 2118/955/721 985/1967/672 179/959/668
f 2118/955/721 1006/960/717 162/961/715
f 165/952/633 1007/965/719 2119/962/723
f 1009/964/724 2119/962/723 1007/965/719
f 167/966/638 964/1968/637 2119/962/723
f 166/968/725 1010/972/366 2120/969/726
f 183/971/678 988/1971/677 2120/969/726
f 2120/969/726 988/1971/677 181/957/673
f 2120/969/726 1008/958/722 164/954/720
f 167/973/638 1009/2188/724 2121/974/727
f 1000/910/702 2121/974/727 1009/976/724
f 169/907/643 967/882/642 2121/974/727
f 168/901/697 998/900/696 2122/978/728
f 185/899/683 991/1974/682 2122/978/728
f 2122/978/728 991/1974/682 183/971/678
f 2122/978/728 1010/972/366 166/968/725
f 172/980/729 1011/996/732 2123/981/730
f 1012/983/731 2123/981/730 1011/984/732
f 171/986/734 974/2189/652 2123/981/730
f 171/986/734 1012/909/731 2124/988/735
f 1013/990/736 2124/988/735 1012/991/731
f 184/992/737 994/884/687 2124/988/735
f 174/993/738 1014/915/740 2125/994/739
f 1011/996/732 2125/994/739 1014/997/740
f 172/980/729 977/1928/659 2125/994/739
f 176/835/741 1015/926/743 2126/999/742
f 1014/1000/740 2126/999/742 1015/1001/743
f 174/1002/738 980/925/664 2126/999/742
f 178/940/744 1016/2190/746 2127/936/745
f 1015/926/743 2127/936/745 1016/951/746
f 176/935/741 983/2191/669 2127/936/745
f 180/952/747 1017/2192/749 2128/948/748
f 1016/1004/746 2128/948/748 1017/1005/749
f 178/940/744 986/2193/674 2128/948/748
f 182/966/750 1018/964/752 2129/1006/751
f 1017/1008/749 2129/1006/751 1018/1009/752
f 180/952/747 989/1007/679 2129/1006/751
f 184/992/737 1013/2194/736 2130/1011/753
f 1018/964/752 2130/1011/753 1013/990/736
f 182/966/750 992/882/684 2130/1011/753
f 1019/821/609 2131/825/613 1020/822/610
f 1019/821/609 190/861/698 1022/824/612
f 1022/824/612 189/865/693 1021/826/614
f 1020/822/610 2131/825/613 1021/826/614
f 1023/1012/616 2132/832/620 1024/829/617
f 1023/1012/616 192/867/705 1025/831/619
f 1025/831/619 190/861/698 1019/821/609
f 1024/829/617 2132/832/620 1019/821/609
f 1026/1014/621 2133/1018/625 1027/1015/622
f 1026/1014/621 194/1033/710 1028/1017/624
f 1028/1017/624 192/867/705 1023/1012/616
f 1027/1015/622 2133/1018/625 1023/1012/616
f 1029/1019/626 2134/1023/630 1030/1020/627
f 1029/1019/626 196/873/715 1031/1022/629
f 1031/1022/629 194/1033/710 1026/1014/621
f 1030/1020/627 2134/1023/630 1026/1014/621
f 1032/1024/631 2135/1028/635 1033/1025/632
f 1032/1024/631 198/1039/720 1034/1027/634
f 1034/1027/634 196/873/715 1029/1019/626
f 1033/1025/632 2135/1028/635 1029/1019/626
f 1035/848/636 2136/1032/640 1036/1029/637
f 1035/848/636 200/878/725 1037/1031/639
f 1037/1031/639 198/1039/720 1032/1024/631
f 1036/1029/637 2136/1032/640 1032/1024/631
f 1038/853/641 2137/857/645 1039/854/642
f 1038/853/641 202/881/697 1040/856/644
f 1040/856/644 200/878/725 1035/848/636
f 1039/854/642 2137/857/645 1035/848/636
f 1021/826/614 2138/860/648 1041/858/646
f 1021/826/614 189/865/693 1042/859/647
f 1042/859/647 202/881/697 1038/853/641
f 1041/858/646 2138/860/648 1038/853/641
f 1043/821/649 2139/863/653 1044/824/650
f 1043/821/649 206/2182/729 1046/862/652
f 1046/862/652 205/827/734 1045/864/654
f 1044/824/650 2139/863/653 1045/864/654
f 1047/1012/656 2140/869/660 1048/831/657
f 1047/1012/656 208/1991/738 1049/868/659
f 1049/868/659 206/2182/729 1043/821/649
f 1048/831/657 2140/869/660 1043/821/649
f 1050/1014/661 2141/1035/665 1051/1017/662
f 1050/1014/661 210/2195/741 1052/1034/664
f 1052/1034/664 208/1991/738 1047/1012/656
f 1051/1017/662 2141/1035/665 1047/1012/656
f 1053/1036/666 2142/1038/670 1054/1022/667
f 1053/1036/666 212/1021/744 1055/1037/669
f 1055/1037/669 210/2195/741 1050/1014/661
f 1054/1022/667 2142/1038/670 1050/1014/661
f 1056/1024/671 2143/1028/675 1057/1027/672
f 1056/1024/671 214/1026/747 1058/1025/674
f 1058/1025/674 212/1021/744 1053/1036/666
f 1057/1027/672 2143/1028/675 1053/1036/666
f 1059/848/676 2144/1040/680 1060/1031/677
f 1059/848/676 216/2196/750 1061/1029/679
f 1061/1029/679 214/1026/747 1056/1024/671
f 1060/1031/677 2144/1040/680 1056/1024/671
f 1062/880/681 2145/883/685 1063/856/682
f 1062/880/681 218/907/737 1064/882/684
f 1064/882/684 216/2196/750 1059/848/676
f 1063/856/682 2145/883/685 1059/848/676
f 1045/864/654 2146/885/688 1065/859/686
f 1045/864/654 205/827/734 1066/884/687
f 1066/884/687 218/907/737 1062/880/681
f 1065/859/686 2146/885/688 1062/880/681
f 188/886/615 1067/2185/691 2147/887/689
f 1068/889/690 2147/887/689 1067/890/691
f 191/892/611 1020/982/610 2147/887/689
f 189/894/693 1069/898/695 2148/895/694
f 204/897/655 1065/1944/686 2148/895/694
f 2148/895/694 1065/1944/686 219/899/683
f 2148/895/694 1070/900/696 202/901/697
f 190/902/698 1071/906/700 2149/903/699
f 207/905/651 1044/1947/650 2149/903/699
f 2149/903/699 1044/1947/650 204/897/655
f 2149/903/699 1069/898/695 189/894/693
f 203/907/643 1072/1980/702 2150/908/701
f 1067/909/691 2150/908/701 1072/910/702
f 188/911/615 1041/2186/646 2150/908/701
f 191/892/611 1068/2187/690 2151/913/703
f 1073/1041/704 2151/913/703 1068/916/690
f 193/917/618 1024/1928/617 2151/913/703
f 192/919/705 1074/923/707 2152/920/706
f 209/922/658 1048/1953/657 2152/920/706
f 2152/920/706 1048/1953/657 207/905/651
f 2152/920/706 1071/906/700 190/902/698
f 193/1042/618 1073/1041/704 2153/1043/708
f 1075/1045/709 2153/1043/708 1073/1046/704
f 195/1047/623 1027/1044/622 2153/1043/708
f 194/930/710 1076/934/712 2154/931/711
f 211/933/663 1051/1958/662 2154/931/711
f 2154/931/711 1051/1958/662 209/922/658
f 2154/931/711 1074/923/707 192/919/705
f 195/1049/623 1075/1079/709 2155/1050/713
f 1077/1051/714 2155/1050/713 1075/1052/709
f 197/1053/628 1030/1037/627 2155/1050/713
f 196/942/715 1078/946/717 2156/943/716
f 213/945/668 1054/1962/667 2156/943/716
f 2156/943/716 1054/1962/667 211/933/663
f 2156/943/716 1076/934/712 194/930/710
f 197/1053/628 1077/1051/714 2157/1055/718
f 1079/1057/719 2157/1055/718 1077/1058/714
f 199/1059/633 1033/1025/632 2157/1055/718
f 198/954/720 1080/958/722 2158/955/721
f 215/957/673 1057/1967/672 2158/955/721
f 2158/955/721 1057/1967/672 213/959/668
f 2158/955/721 1078/960/717 196/961/715
f 199/1061/633 1079/1065/719 2159/1062/723
f 1081/1064/724 2159/1062/723 1079/1065/719
f 201/1066/638 1036/1997/637 2159/1062/723
f 200/968/725 1082/972/366 2160/969/726
f 217/971/678 1060/1971/677 2160/969/726
f 2160/969/726 1060/1971/677 215/957/673
f 2160/969/726 1080/958/722 198/954/720
f 201/1068/638 1081/2197/724 2161/1069/727
f 1072/910/702 2161/1069/727 1081/1070/724
f 203/907/643 1039/882/642 2161/1069/727
f 202/901/697 1070/900/696 2162/978/728
f 219/899/683 1063/1974/682 2162/978/728
f 2162/978/728 1063/1974/682 217/971/678
f 2162/978/728 1082/972/366 200/968/725
f 206/980/729 1083/996/732 2163/981/730
f 1084/983/731 2163/981/730 1083/984/732
f 205/986/734 1046/2189/652 2163/981/730
f 205/986/734 1084/909/731 2164/988/735
f 1085/990/736 2164/988/735 1084/991/731
f 218/992/737 1066/884/687 2164/988/735
f 208/993/738 1086/1041/740 2165/1072/739
f 1083/996/732 2165/1072/739 1086/1073/740
f 206/980/729 1049/1928/659 2165/1072/739
f 210/1074/741 1087/1045/743 2166/1075/742
f 1086/1041/740 2166/1075/742 1087/1076/743
f 208/1077/738 1052/1044/664 2166/1075/742
f 212/1053/744 1088/1058/746 2167/1050/745
f 1087/1079/743 2167/1050/745 1088/1080/746
f 210/1081/741 1055/2198/669 2167/1050/745
f 214/1061/747 1089/1057/749 2168/1055/748
f 1088/1083/746 2168/1055/748 1089/1057/749
f 212/1053/744 1058/2003/674 2168/1055/748
f 216/973/750 1090/1064/752 2169/1084/751
f 1089/1065/749 2169/1084/751 1090/1064/752
f 214/1059/747 1061/1997/679 2169/1084/751
f 218/992/737 1085/2194/736 2170/1011/753
f 1090/1064/752 2170/1011/753 1085/990/736
f 216/973/750 1064/882/684 2170/1011/753
f 220/1085/754 1092/1088/757 2171/1086/755
f 1092/1088/757 221/2013/783 1093/1089/758
f 2171/1086/755 1093/1089/758 240/1090/759
f 2171/1086/755 1094/1091/760 241/1092/761
f 1110/1093/762 2172/1097/766 1131/1094/763
f 229/1096/765 1129/2199/2047 2172/1097/766
f 2172/1097/766 1129/2199/2047 232/1098/767
f 2172/1097/766 1130/1099/768 233/1100/769
f 1114/1101/770 2173/1105/774 1124/1102/771
f 1114/1101/770 224/1180/820 1123/1104/773
f 2173/1105/774 1123/1104/773 238/1106/775
f 2173/1105/774 1122/1107/776 239/1108/777
f 230/1109/778 1109/1112/781 2174/1110/779
f 1109/1112/781 231/2022/794 1102/1113/782
f 2174/1110/779 1102/1113/782 221/1114/783
f 1105/1111/780 2174/1110/779 1092/1115/757
f 1103/1117/784 2175/1121/788 1108/1118/785
f 1103/1117/784 245/1168/822 1098/1120/787
f 1098/1120/787 234/1166/803 1101/1122/789
f 2175/1121/788 1101/1122/789 230/1123/778
f 243/1124/790 1104/1127/793 2176/1125/791
f 1104/1127/793 240/2026/759 1093/1128/758
f 2176/1125/791 1093/1128/758 221/1129/783
f 1107/1126/792 2176/1125/791 1102/1130/782
f 244/1132/795 1096/1135/798 2177/1133/796
f 1096/1135/798 243/1124/790 1107/1126/792
f 2177/1133/796 1107/1126/792 231/1131/794
f 1099/1134/797 2177/1133/796 1106/1136/799
f 1095/1138/801 2178/1140/802 1091/1139/756
f 242/1119/786 1108/1118/785 2178/1140/802
f 1108/1118/785 230/1123/778 1105/1141/780
f 2178/1140/802 1105/1141/780 220/1085/754
f 234/1142/803 1100/1145/805 2179/1143/804
f 1100/1145/805 235/1137/800 1106/1146/799
f 2179/1143/804 1106/1146/799 231/1131/794
f 1101/1144/789 2179/1143/804 1109/1147/781
f 1127/1149/806 2180/1153/810 1128/1150/807
f 223/1152/809 1132/1154/811 2180/1153/810
f 1132/1154/811 229/1096/765 1110/1093/762
f 2180/1153/810 1110/1093/762 228/1095/764
f 227/1155/812 1111/1159/816 2181/1156/813
f 226/1158/815 1116/1160/817 2181/1156/813
f 1116/1160/817 245/1168/822 1097/1161/818
f 1115/1157/814 2181/1156/813 1097/1161/818
f 226/1158/815 1112/1165/821 2182/1163/819
f 224/1164/820 1117/1176/827 2182/1163/819
f 2182/1163/819 1117/1176/827 234/1166/803
f 1116/1160/817 2182/1163/819 1098/1167/787
f 225/1169/772 1113/1172/825 2183/1170/823
f 227/1155/812 1115/1157/814 2183/1170/823
f 1115/1157/814 244/1162/795 1099/1173/797
f 2183/1170/823 1099/1173/797 235/1174/800
f 224/1164/820 1114/1177/770 2184/1175/826
f 225/1169/772 1118/1171/824 2184/1175/826
f 1118/1171/824 235/1174/800 1100/1178/805
f 1117/1176/827 2184/1175/826 1100/1178/805
f 1112/1179/821 2185/1182/829 1123/1104/773
f 1112/1179/821 226/1192/815 1125/1181/828
f 2185/1182/829 1125/1181/828 237/1183/830
f 2185/1182/829 1120/1184/831 238/1106/775
f 1113/1185/825 2186/1188/833 1126/1186/832
f 1113/1185/825 225/1103/772 1124/1102/771
f 2186/1188/833 1124/1102/771 239/1108/777
f 2186/1188/833 1121/1189/834 236/1190/835
f 1111/1191/816 2187/1194/836 1125/1181/828
f 1111/1191/816 227/2041/812 1126/1193/832
f 2187/1194/836 1126/1193/832 236/1195/835
f 2187/1194/836 1119/1196/837 237/1183/830
f 1127/1197/838 2188/1199/842 1133/1198/839
f 222/1151/841 1134/1200/843 2188/1199/842
f 1134/1200/843 241/1207/761 1094/1201/760
f 2188/1199/842 1094/1201/760 240/1202/759
f 222/1151/841 1128/1204/845 2189/1203/844
f 1128/1204/845 228/1219/856 1135/1205/846
f 1135/1205/846 242/1222/786 1095/1206/801
f 1134/1200/843 2189/1203/844 1095/1206/801
f 1129/1208/847 2190/1211/851 1136/1209/848
f 1129/1208/847 229/1223/859 1137/1210/850
f 2190/1211/851 1137/1210/850 243/1212/790
f 2190/1211/851 1096/1213/798 244/1214/795
f 233/1100/852 1130/1099/855 2191/1215/853
f 232/1098/849 1136/1209/848 2191/1215/853
f 1136/1209/848 244/1214/795 1097/1217/818
f 1138/1216/854 2191/1215/853 1097/1217/818
f 228/1219/856 1131/1094/858 2192/1220/857
f 1131/1094/858 233/1100/852 1138/1216/854
f 2192/1220/857 1138/1216/854 245/1218/822
f 2192/1220/857 1103/1221/784 242/1222/786
f 229/1223/859 1132/1225/861 2193/1224/860
f 223/1152/840 1133/1198/839 2193/1224/860
f 2193/1224/860 1133/1198/839 240/1202/759
f 1137/1210/850 2193/1224/860 1104/1226/793
f 246/1227/862 1142/1230/865 2194/1228/863
f 1142/1230/865 247/2058/2048 1141/1231/866
f 2194/1228/863 1141/1231/866 249/1232/867
f 1140/1229/864 2194/1228/863 1143/1233/868
f 248/1234/869 1143/1233/868 2195/1235/870
f 1143/1233/868 249/1232/867 1145/1237/872
f 2195/1235/870 1145/1237/872 251/1238/873
f 1144/1236/871 2195/1235/870 1146/1239/874
f 250/1240/875 1146/1239/874 2196/1241/876
f 1146/1239/874 251/1238/873 1148/1243/878
f 2196/1241/876 1148/1243/878 253/1244/879
f 1147/1242/877 2196/1241/876 1149/1245/880
f 252/1246/881 1149/1245/880 2197/1247/882
f 1149/1245/880 253/1244/879 1151/1249/884
f 2197/1247/882 1151/1249/884 255/1250/885
f 1150/1248/883 2197/1247/882 1152/1251/886
f 1152/1251/886 2198/1254/889 1153/1253/888
f 255/1250/885 1154/1255/890 2198/1254/889
f 1154/1255/890 257/1259/894 1155/1256/891
f 2198/1254/889 1155/1256/891 256/1257/892
f 1155/1256/891 2199/1260/895 1156/1258/893
f 257/1259/894 1157/1261/896 2199/1260/895
f 1157/1261/896 259/1265/900 1158/1262/897
f 2199/1260/895 1158/1262/897 258/1263/898
f 1158/1262/897 2200/1266/901 1159/1264/899
f 259/1265/900 1160/1267/902 2200/1266/901
f 1160/1267/902 261/1271/906 1161/1268/903
f 2200/1266/901 1161/1268/903 260/1269/904
f 1161/1268/903 2201/1272/907 1162/1270/905
f 261/1271/906 1163/1273/908 2201/1272/907
f 1163/1273/908 247/2200/2048 1142/1274/865
f 2201/1272/907 1142/1274/865 246/1275/862
f 262/1227/909 1166/1230/912 2202/1228/910
f 1166/1230/912 263/2058/912 1165/1231/910
f 2202/1228/910 1165/1231/910 265/1232/913
f 1164/1229/911 2202/1228/910 1167/1233/913
f 264/1234/914 1167/1233/913 2203/1235/915
f 1167/1233/913 265/1232/913 1169/1237/915
f 2203/1235/915 1169/1237/915 267/1238/917
f 1168/1236/916 2203/1235/915 1170/1239/917
f 266/1240/918 1170/1239/917 2204/1241/919
f 1170/1239/917 267/1238/917 1172/1243/919
f 2204/1241/919 1172/1243/919 269/1244/921
f 1171/1242/920 2204/1241/919 1173/1245/921
f 268/1246/922 1173/1245/921 2205/1247/923
f 1173/1245/921 269/1244/921 1175/1249/923
f 2205/1247/923 1175/1249/923 271/1250/925
f 1174/1248/924 2205/1247/923 1176/1251/925
f 1176/1251/925 2206/1254/928 1177/1253/927
f 271/1250/925 1178/1255/928 2206/1254/928
f 1178/1255/928 273/1259/929 1179/1256/929
f 2206/1254/928 1179/1256/929 272/1257/930
f 1179/1256/929 2207/1260/932 1180/1258/931
f 273/1259/929 1181/1261/932 2207/1260/932
f 1181/1261/932 275/1265/933 1182/1262/933
f 2207/1260/932 1182/1262/933 274/1263/934
f 1182/1262/933 2208/1266/936 1183/1264/935
f 275/1265/933 1184/1267/936 2208/1266/936
f 1184/1267/936 277/1271/937 1185/1268/937
f 2208/1266/936 1185/1268/937 276/1269/938
f 1185/1268/937 2209/1272/940 1186/1270/939
f 277/1271/937 1187/1273/940 2209/1272/940
f 1187/1273/940 263/2200/912 1166/1274/912
f 2209/1272/940 1166/1274/912 262/1275/909
f 256/1257/892 1156/1278/893 2210/1276/941
f 1156/1278/893 258/1263/898 1205/1279/943
f 2210/1276/941 1205/1279/943 284/1280/944
f 1204/1277/942 2210/1276/941 1193/1281/945
f 1171/1283/920 2211/1285/948 1206/1284/947
f 268/1246/922 1207/1286/949 2211/1285/948
f 1207/1286/949 289/1303/984 1198/1287/950
f 2211/1285/948 1198/1287/950 288/1288/951
f 276/1289/938 1186/1270/939 2212/1290/952
f 1186/1270/939 262/1275/909 1209/1292/954
f 2212/1290/952 1209/1292/954 286/1275/955
f 1208/1291/953 2212/1290/952 1203/1293/956
f 1164/1229/911 2213/1296/958 1209/1295/954
f 264/1234/914 1210/1297/959 2213/1296/958
f 1210/1297/959 287/1319/990 1196/1298/960
f 2213/1296/958 1196/1298/960 286/1227/955
f 1150/1299/883 2214/1300/962 1211/1286/961
f 254/1252/887 1212/1301/963 2214/1300/962
f 1212/1301/963 282/1318/987 1191/1302/964
f 2214/1300/962 1191/1302/964 281/1303/965
f 272/1257/930 1180/1278/931 2215/1276/966
f 1180/1278/931 274/1263/934 1214/1279/968
f 2215/1276/966 1214/1279/968 292/1280/969
f 1213/1277/967 2215/1276/966 1201/1281/970
f 1144/1304/871 2216/1307/973 1215/1305/972
f 250/1240/875 1216/1284/974 2216/1307/973
f 1216/1284/974 280/1288/995 1189/1308/975
f 2216/1307/973 1189/1308/975 279/1309/976
f 258/1263/898 1159/1311/899 2217/1310/977
f 1159/1311/899 260/1269/904 1217/1312/978
f 2217/1310/977 1217/1312/978 285/1313/979
f 1205/1279/943 2217/1310/977 1194/1314/980
f 1174/1299/924 2218/1300/981 1207/1286/949
f 270/1252/926 1218/1301/982 2218/1300/981
f 1218/1301/982 290/1318/1004 1199/1302/983
f 2218/1300/981 1199/1302/983 289/1303/984
f 254/1252/887 1153/1316/888 2219/1315/985
f 1153/1316/888 256/1257/892 1204/1277/942
f 2219/1315/985 1204/1277/942 283/1282/946
f 2219/1315/985 1192/1317/986 282/1318/987
f 1168/1304/916 2220/1307/988 1210/1305/959
f 266/1240/918 1206/1284/947 2220/1307/988
f 1206/1284/947 288/1288/951 1197/1308/989
f 2220/1307/988 1197/1308/989 287/1309/990
f 274/1263/934 1183/1311/935 2221/1310/991
f 1183/1311/935 276/1269/938 1208/1312/953
f 2221/1310/991 1208/1312/953 293/1313/957
f 1214/1279/968 2221/1310/991 1202/1314/992
f 1147/1283/877 2222/1285/993 1216/1284/974
f 252/1246/881 1211/1286/961 2222/1285/993
f 1211/1286/961 281/1303/965 1190/1287/994
f 2222/1285/993 1190/1287/994 280/1288/995
f 260/1289/904 1162/1270/905 2223/1290/996
f 1162/1270/905 246/1275/862 1219/1292/997
f 2223/1290/996 1219/1292/997 278/1275/998
f 1217/1291/978 2223/1290/996 1195/1293/999
f 1140/1229/864 2224/1296/1000 1219/1295/997
f 248/1234/869 1215/1297/972 2224/1296/1000
f 2224/1296/1000 1215/1297/972 279/1319/976
f 1219/1295/997 2224/1296/1000 1188/1298/1001
f 270/1252/926 1177/1316/927 2225/1315/1002
f 1177/1316/927 272/1257/930 1213/1277/967
f 2225/1315/1002 1213/1277/967 291/1282/971
f 1218/1301/982 2225/1315/1002 1200/1317/1003
f 1193/1320/945 2226/1323/1006 1236/1282/1005
f 284/1322/944 1237/1324/1007 2226/1323/1006
f 1237/1324/1007 316/1331/1018 1225/1325/1008
f 2226/1323/1006 1225/1325/1008 315/1326/1009
f 291/1321/971 1201/1320/970 2227/1323/1010
f 1201/1320/970 292/1322/969 1239/1324/1012
f 1239/1324/1012 324/1331/1022 1233/1325/1013
f 2227/1323/1010 1233/1325/1013 323/1326/1014
f 1194/1327/980 2228/1328/1015 1237/1324/1007
f 285/1294/979 1240/1329/1016 2228/1328/1015
f 1240/1329/1016 317/1334/1027 1226/1330/1017
f 2228/1328/1015 1226/1330/1017 316/1331/1018
f 292/1322/969 1202/1327/992 2229/1328/1019
f 1202/1327/992 293/1294/957 1241/1329/1020
f 1241/1329/1020 325/1334/1036 1234/1330/1021
f 2229/1328/1019 1234/1330/1021 324/1331/1022
f 1195/1293/999 2230/1293/1024 1240/1329/1016
f 1195/1293/999 278/1275/998 1242/1292/1023
f 2230/1293/1024 1242/1292/1023 310/1332/1025
f 2230/1293/1024 1227/1333/1026 317/1334/1027
f 278/1227/998 1188/1298/1001 2231/1335/1028
f 1188/1298/1001 279/1319/976 1243/1336/1029
f 2231/1335/1028 1243/1336/1029 311/1337/1030
f 1242/1295/1023 2231/1335/1028 1220/1338/1031
f 293/1294/957 1203/1293/956 2232/1340/1032
f 1203/1293/956 286/1275/955 1244/1292/1033
f 2232/1340/1032 1244/1292/1033 318/1332/1034
f 1241/1329/1020 2232/1340/1032 1235/1333/1035
f 286/1227/955 1196/1298/960 2233/1335/1037
f 1196/1298/960 287/1319/990 1245/1336/1038
f 2233/1335/1037 1245/1336/1038 319/1337/1039
f 1244/1295/1033 2233/1335/1037 1228/1338/1040
f 279/1319/976 1189/1342/975 2234/1341/1041
f 1189/1342/975 280/1347/995 1246/1343/1042
f 2234/1341/1041 1246/1343/1042 312/1344/1043
f 1243/1336/1029 2234/1341/1041 1221/1345/1044
f 1197/1342/989 2235/1341/1045 1245/1336/1038
f 288/1346/951 1247/1343/1052 2235/1341/1045
f 2235/1341/1045 1247/1343/1052 320/1344/1046
f 1245/1336/1038 2235/1341/1045 1229/1345/1047
f 280/1347/995 1190/1349/994 2236/1348/1048
f 1190/1349/994 281/1352/965 1248/1303/1049
f 2236/1348/1048 1248/1303/1049 313/1350/1050
f 1246/1343/1042 2236/1348/1048 1222/1351/1051
f 1198/1349/950 2237/1348/1053 1247/1343/1052
f 289/1352/984 1249/1303/1059 2237/1348/1053
f 2237/1348/1053 1249/1303/1059 321/1350/1054
f 1247/1343/1052 2237/1348/1053 1230/1351/1055
f 281/1352/965 1191/1355/964 2238/1353/1056
f 282/1354/987 1250/1356/1057 2238/1353/1056
f 1250/1356/1057 314/1360/1065 1223/1357/1058
f 1248/1303/1049 2238/1353/1056 1223/1357/1058
f 1199/1355/983 2239/1353/1060 1249/1303/1059
f 290/1354/1004 1251/1356/1061 2239/1353/1060
f 1251/1356/1061 322/1360/1068 1231/1357/1062
f 1249/1303/1059 2239/1353/1060 1231/1357/1062
f 1192/1358/986 2240/1317/1063 1250/1356/1057
f 283/1321/946 1236/1282/1005 2240/1317/1063
f 1236/1282/1005 315/1326/1009 1224/1359/1064
f 2240/1317/1063 1224/1359/1064 314/1360/1065
f 1200/1358/1003 2241/1317/1066 1251/1356/1061
f 291/1321/971 1238/1282/1011 2241/1317/1066
f 1238/1282/1011 323/1326/1014 1232/1359/1067
f 2241/1317/1066 1232/1359/1067 322/1360/1068
f 296/1361/1069 1254/1364/1071 2242/1362/1070
f 1254/1364/1071 297/1511/1086 1302/1365/1072
f 2242/1362/1070 1302/1365/1072 329/1366/1073
f 1303/1363/1069 2242/1362/1070 1286/1367/1074
f 1261/1369/1075 2243/1373/1078 1301/1370/1076
f 304/1372/1069 1300/1374/1069 2243/1373/1078
f 1300/1374/1069 336/1510/1069 1293/1375/1079
f 2243/1373/1078 1293/1375/1079 335/1376/1080
f 1252/1377/1081 2244/1381/1082 1268/1378/1081
f 294/1380/1081 1269/1382/1081 2244/1381/1082
f 1269/1382/1081 310/1424/1081 1220/1383/1083
f 2244/1381/1082 1220/1383/1083 311/1384/1081
f 1253/1385/1081 2245/1388/1081 1270/1386/1084
f 295/1379/1081 1268/1378/1081 2245/1388/1081
f 1268/1378/1081 311/1384/1081 1221/1389/1084
f 2245/1388/1081 1221/1389/1084 312/1390/1084
f 297/1391/1081 1254/1394/1081 2246/1392/1081
f 1254/1394/1081 296/1387/1081 1270/1386/1084
f 2246/1392/1081 1270/1386/1084 312/1390/1084
f 1271/1393/1081 2246/1392/1081 1222/1395/1084
f 298/1397/1081 1255/1400/1081 2247/1398/1081
f 1255/1400/1081 297/1391/1081 1271/1393/1081
f 2247/1398/1081 1271/1393/1081 313/1396/1081
f 1272/1399/1081 2247/1398/1081 1223/1401/1085
f 1256/1403/1081 2248/1406/1081 1273/1404/1081
f 298/1397/1081 1272/1399/1081 2248/1406/1081
f 1272/1399/1081 314/1402/1081 1224/1407/1081
f 2248/1406/1081 1224/1407/1081 315/1408/1081
f 1257/1409/1084 2249/1412/1081 1274/1410/1081
f 299/1405/1084 1273/1404/1081 2249/1412/1081
f 1273/1404/1081 315/1408/1081 1225/1413/1081
f 2249/1412/1081 1225/1413/1081 316/1414/1081
f 301/1415/1084 1258/1418/1084 2250/1416/1084
f 1258/1418/1084 300/1411/1084 1274/1410/1081
f 2250/1416/1084 1274/1410/1081 316/1414/1081
f 1275/1417/1081 2250/1416/1084 1226/1419/1081
f 294/1380/1081 1259/1422/1085 2251/1421/1081
f 1259/1422/1085 301/1415/1084 1275/1417/1081
f 2251/1421/1081 1275/1417/1081 317/1420/1081
f 1269/1382/1081 2251/1421/1081 1227/1423/1081
f 1260/1425/1081 2252/1429/1081 1276/1426/1083
f 302/1428/1081 1277/1430/1081 2252/1429/1081
f 1277/1430/1081 318/1472/1081 1228/1431/1084
f 2252/1429/1081 1228/1431/1084 319/1432/1083
f 1261/1433/1084 2253/1436/1081 1278/1434/1084
f 303/1427/1081 1276/1426/1083 2253/1436/1081
f 1276/1426/1083 319/1432/1083 1229/1437/1081
f 2253/1436/1081 1229/1437/1081 320/1438/1084
f 305/1439/1081 1262/1442/1084 2254/1440/1084
f 1262/1442/1084 304/1435/1084 1278/1434/1084
f 2254/1440/1084 1278/1434/1084 320/1438/1084
f 1279/1441/1081 2254/1440/1084 1230/1443/1084
f 306/1445/1081 1263/1448/1083 2255/1446/1084
f 1263/1448/1083 305/1439/1081 1279/1441/1081
f 2255/1446/1084 1279/1441/1081 321/1444/1081
f 1280/1447/1082 2255/1446/1084 1231/1449/1085
f 1264/1451/1081 2256/1454/1081 1281/1452/1081
f 306/1445/1081 1280/1447/1082 2256/1454/1081
f 1280/1447/1082 322/1450/1082 1232/1455/1081
f 2256/1454/1081 1232/1455/1081 323/1456/1081
f 1265/1457/1084 2257/1460/1081 1282/1458/1081
f 307/1453/1081 1281/1452/1081 2257/1460/1081
f 1281/1452/1081 323/1456/1081 1233/1461/1081
f 2257/1460/1081 1233/1461/1081 324/1462/1081
f 309/1463/1084 1266/1466/1084 2258/1464/1084
f 1266/1466/1084 308/1459/1081 1282/1458/1081
f 2258/1464/1084 1282/1458/1081 324/1462/1081
f 1283/1465/1081 2258/1464/1084 1234/1467/1081
f 302/1428/1081 1267/1470/1082 2259/1469/1081
f 1267/1470/1082 309/1463/1084 1283/1465/1081
f 2259/1469/1081 1283/1465/1081 325/1468/1081
f 1277/1430/1081 2259/1469/1081 1235/1471/1085
f 334/1473/1081 1292/1573/1081 2260/1474/1081
f 335/1476/1081 1293/1375/1081 2260/1474/1081
f 336/1478/1081 1294/1481/1081 2260/1474/1081
f 337/1480/1081 1295/1483/1081 2260/1474/1081
f 338/1482/1081 1296/1485/1081 2260/1474/1081
f 339/1484/1084 1297/1487/1081 2260/1474/1081
f 340/1486/1084 1298/1552/1081 2260/1474/1081
f 341/1488/1084 1299/1475/1081 2260/1474/1081
f 326/1490/1081 1284/1564/1081 2261/1491/1081
f 327/1493/1081 1285/1576/1081 2261/1491/1081
f 328/1495/1081 1286/1367/1081 2261/1491/1081
f 329/1366/1081 1287/1516/1084 2261/1491/1081
f 330/1498/1081 1288/1501/1081 2261/1491/1081
f 331/1500/1084 1289/1503/1081 2261/1491/1081
f 332/1502/1084 1290/1546/1084 2261/1491/1081
f 333/1504/1084 1291/1492/1084 2261/1491/1081
f 304/1372/1069 1262/1507/1071 2262/1506/1070
f 1262/1507/1071 305/1517/1086 1304/1508/1072
f 2262/1506/1070 1304/1508/1072 337/1509/1073
f 1300/1374/1069 2262/1506/1070 1294/1481/1074
f 297/1511/1086 1255/1513/1088 2263/1512/1087
f 1255/1513/1088 298/1523/1089 1305/1514/1089
f 2263/1512/1087 1305/1514/1089 330/1515/1089
f 1302/1365/1072 2263/1512/1087 1287/1516/1090
f 305/1517/1086 1263/1519/1088 2264/1518/1087
f 1263/1519/1088 306/1528/1089 1306/1520/1089
f 2264/1518/1087 1306/1520/1089 338/1521/1089
f 1304/1508/1072 2264/1518/1087 1295/1483/1091
f 1256/1522/1092 2265/1525/1094 1305/1514/1089
f 299/1524/1093 1307/1526/1095 2265/1525/1094
f 1307/1526/1095 331/1536/1101 1288/1501/1096
f 2265/1525/1094 1288/1501/1096 330/1515/1089
f 1264/1527/1092 2266/1530/1094 1306/1520/1089
f 307/1529/1093 1308/1531/1095 2266/1530/1094
f 1308/1531/1095 339/1541/1101 1296/1485/1096
f 2266/1530/1094 1296/1485/1096 338/1521/1089
f 1257/1532/1097 2267/1534/1099 1307/1526/1095
f 300/1533/1098 1309/1535/1098 2267/1534/1099
f 1309/1535/1098 332/1547/1098 1289/1503/1100
f 2267/1534/1099 1289/1503/1100 331/1536/1101
f 1265/1537/1097 2268/1539/1099 1308/1531/1095
f 308/1538/1098 1310/1540/1098 2268/1539/1099
f 1310/1540/1098 340/1553/1098 1297/1487/1100
f 2268/1539/1099 1297/1487/1100 339/1541/1101
f 300/1533/1098 1258/1543/1103 2269/1542/1102
f 1258/1543/1103 301/1554/1107 1311/1544/1104
f 2269/1542/1102 1311/1544/1104 333/1545/1105
f 1309/1535/1098 2269/1542/1102 1290/1546/1106
f 308/1538/1098 1266/1549/1103 2270/1548/1102
f 1266/1549/1103 309/1565/1107 1312/1550/1104
f 2270/1548/1102 1312/1550/1104 341/1551/1105
f 1310/1540/1098 2270/1548/1102 1298/1552/1106
f 301/1554/1107 1259/1556/1109 2271/1555/1108
f 1259/1556/1109 294/1560/1110 1313/1557/1110
f 2271/1555/1108 1313/1557/1110 326/1558/1110
f 1311/1544/1104 2271/1555/1108 1291/1492/1111
f 1252/1559/1112 2272/1562/1114 1313/1557/1110
f 295/1561/1113 1314/1563/1076 2272/1562/1114
f 1314/1563/1076 327/1577/1080 1284/1564/1115
f 2272/1562/1114 1284/1564/1115 326/1558/1110
f 309/1565/1107 1267/1567/1109 2273/1566/1108
f 1267/1567/1109 302/1571/1110 1315/1568/1110
f 2273/1566/1108 1315/1568/1110 334/1569/1110
f 1312/1550/1104 2273/1566/1108 1299/1475/1111
f 1260/1570/1112 2274/1572/1114 1315/1568/1110
f 303/1371/1077 1301/1370/1076 2274/1572/1114
f 1301/1370/1076 335/1376/1080 1292/1573/1115
f 2274/1572/1114 1292/1573/1115 334/1569/1110
f 1253/1574/1075 2275/1575/1078 1314/1563/1076
f 296/1361/1069 1303/1363/1069 2275/1575/1078
f 1303/1363/1069 328/1368/1069 1285/1576/1116
f 2275/1575/1078 1285/1576/1116 327/1577/1080
f 1320/1578/1117 2276/1580/1121 1321/1/1118
f 371/1579/1120 1323/242/1122 2276/1580/1121
f 1323/242/1122 384/263/1341 1322/6/1123
f 2276/1580/1121 1322/6/1123 372/4/1124
f 373/9/1125 1355/14/1129 2277/1581/1126
f 1435/15/1128 2277/1581/1126 1355/1583/1129
f 355/12/1131 1417/1725/1127 2277/1581/1126
f 359/775/1132 1318/56/1136 2278/1585/1133
f 360/1587/1135 1348/1588/1137 2278/1585/1133
f 1348/1588/1137 351/1611/1185 1335/1589/1138
f 1334/1586/1134 2278/1585/1133 1335/1589/1138
f 347/24/1140 1328/26/1143 2279/1590/1141
f 1328/26/1143 387/31/2049 1330/30/1144
f 2279/1590/1141 1330/30/1144 400/29/1145
f 1329/1591/1142 2279/1590/1141 1372/28/1146
f 1332/33/1148 2280/1592/1152 1350/32/1149
f 1332/33/1148 348/39/1306 1333/38/1151
f 2280/1592/1152 1333/38/1151 361/1593/1153
f 2280/1592/1152 1346/358/1154 349/35/1155
f 404/1594/1156 1424/1735/1160 2281/1595/1157
f 402/1597/1159 1419/43/1161 2281/1595/1157
f 1574/1599/1158 2281/1595/1157 1419/43/1161
f 409/48/1163 1371/50/1166 2282/1600/1164
f 1371/50/1166 62/55/53 807/54/52
f 2282/1600/1164 807/54/52 69/53/51
f 1524/1601/1165 2282/1600/1164 1393/1602/1167
f 1317/777/1169 2283/1605/1171 1318/1604/1136
f 344/62/1170 1316/61/1172 2283/1605/1171
f 1316/61/1172 342/279/1350 1319/1606/1173
f 2283/1605/1171 1319/1606/1173 360/1587/1135
f 401/63/1174 1423/65/1178 2284/64/1175
f 403/1607/1177 1420/69/1179 2284/64/1175
f 1420/69/1179 353/1672/1304 1337/1608/1180
f 2284/64/1175 1337/1608/1180 350/66/1181
f 403/1609/1177 1345/73/1184 2285/72/1182
f 361/1610/1153 1351/1674/1305 2285/72/1182
f 2285/72/1182 1351/1674/1305 351/1611/1185
f 1422/74/1183 2285/72/1182 1421/75/1186
f 370/79/1187 1352/81/1191 2286/1613/1188
f 354/16/1190 1355/1583/1192 2286/1613/1188
f 1355/1583/1192 373/9/1287 1354/83/1193
f 1353/82/1189 2286/1613/1188 1354/83/1193
f 1570/1614/1195 2287/1617/1198 1561/1615/1196
f 144/91/87 722/90/86 2287/1617/1198
f 722/90/86 66/173/2037 1450/1618/1199
f 2287/1617/1198 1450/1618/1199 413/87/1200
f 1338/1619/1201 2288/1621/1205 1431/92/1202
f 362/1620/1204 1428/1622/1206 2288/1621/1205
f 1428/1622/1206 366/527/1500 1430/97/1207
f 2288/1621/1205 1430/97/1207 407/95/1208
f 1365/101/1209 2289/1623/1212 1482/100/1210
f 58/107/103 707/106/102 2289/1623/1212
f 707/106/102 59/2168/2038 1402/105/1213
f 2289/1623/1212 1402/105/1213 418/103/1214
f 1360/109/1215 2290/1625/1218 1327/1624/1216
f 347/24/1140 1329/1591/1142 2290/1625/1218
f 2290/1625/1218 1329/1591/1142 346/113/1147
f 2290/1625/1218 1361/1626/1219 378/111/1220
f 368/114/1221 1362/116/1225 2291/1627/1222
f 392/120/1224 1364/119/1226 2291/1627/1222
f 1364/119/1226 390/144/2050 1363/1628/1227
f 1358/117/1223 2291/1627/1222 1363/1628/1227
f 415/1603/1168 1393/1602/1167 2292/1630/1229
f 1393/1602/1167 69/53/51 742/124/120
f 742/124/120 58/107/103 1365/101/1209
f 2292/1630/1229 1365/101/1209 395/102/1211
f 416/125/1231 1480/1632/1234 2293/1631/1232
f 1480/1632/1234 424/768/1496 1461/1633/1235
f 2293/1631/1232 1461/1633/1235 399/130/1236
f 1453/128/1233 2293/1631/1232 1411/1634/1237
f 405/133/1203 1520/1635/1241 2294/134/1239
f 1520/1635/1241 367/1629/1228 1339/1636/1242
f 2294/134/1239 1339/1636/1242 364/138/1243
f 1432/136/1240 2294/134/1239 1521/137/1244
f 367/1629/1228 1363/1628/1227 2295/1638/1246
f 1363/1628/1227 390/144/2050 1369/143/1247
f 1369/143/1247 386/2169/1438 1368/142/1248
f 1339/1636/1242 2295/1638/1246 1368/142/1248
f 1479/1639/1249 2296/1641/1252 1459/486/1250
f 1479/1639/1249 416/152/1231 1453/151/1233
f 2296/1641/1252 1453/151/1233 345/150/1238
f 2296/1641/1252 1407/1642/1253 383/1643/1254
f 423/153/1255 1478/1645/1258 2297/1644/1256
f 1478/1645/1258 410/160/1492 1447/159/1259
f 2297/1644/1256 1447/159/1259 397/158/1260
f 1460/156/1257 2297/1644/1256 1357/1646/1261
f 370/161/1187 1376/163/1264 2298/1647/1263
f 1376/163/1264 371/1682/1120 1320/1648/1117
f 2298/1647/1263 1320/1648/1117 369/3/1119
f 1352/164/1191 2298/1647/1263 1347/1649/1265
f 1477/1650/1266 2299/1652/1270 1403/1651/1267
f 1477/1650/1266 413/175/1488 1450/89/1269
f 2299/1652/1270 1450/89/1269 66/173/162
f 2299/1652/1270 732/1653/1271 68/171/160
f 1387/177/1272 2300/180/1275 1476/1654/1273
f 67/183/172 734/182/171 2300/180/1275
f 734/182/171 57/491/2039 1379/181/1276
f 2300/180/1275 1379/181/1276 412/1656/1277
f 1475/185/1278 2301/1658/1280 1371/184/1166
f 417/1657/1279 1401/1659/1281 2301/1658/1280
f 1401/1659/1281 70/1729/1411 752/189/175
f 2301/1658/1280 752/189/175 62/187/53
f 346/192/1147 1382/1660/1283 2302/193/1282
f 1382/1660/1283 379/199/1389 1384/198/1284
f 2302/193/1282 1384/198/1284 382/197/1285
f 1361/195/1219 2302/193/1282 1383/1661/1286
f 373/1662/1287 1380/1665/1289 2303/1663/1288
f 1380/1665/1289 374/1668/1296 1385/206/1290
f 1385/206/1290 376/213/1466 1433/205/1291
f 2303/1663/1288 1433/205/1291 375/203/1194
f 377/208/1292 1434/210/1295 2304/1666/1293
f 1434/210/1295 376/213/1466 1385/1667/1290
f 2304/1666/1293 1385/1667/1290 374/1668/1296
f 2304/1666/1293 1436/1669/1297 344/62/1170
f 1388/215/1298 2305/1671/1302 1342/1670/1299
f 356/221/1301 1389/220/1303 2305/1671/1302
f 1389/220/1303 350/66/1181 1337/68/1180
f 2305/1671/1302 1337/68/1180 353/1672/1304
f 1333/1673/1151 2306/222/1307 1351/1674/1305
f 348/39/1306 1390/224/1308 2306/222/1307
f 1390/224/1308 352/774/1139 1335/223/1138
f 2306/222/1307 1335/223/1138 351/1611/1185
f 1373/226/1309 2307/228/1311 1357/1675/1261
f 400/231/1310 1330/230/1312 2307/228/1311
f 1330/230/1312 387/2170/2051 1391/229/1313
f 2307/228/1311 1391/229/1313 380/227/1262
f 1374/1676/1314 2308/1677/1315 1383/1661/1286
f 383/1643/1254 1392/237/1316 2308/1677/1315
f 1392/237/1316 381/1711/1366 1326/236/1317
f 2308/1677/1315 1326/236/1317 378/234/1220
f 411/255/1318 1474/1680/1322 2309/239/1319
f 408/1679/1321 1445/243/1323 2309/239/1319
f 1445/243/1323 384/263/1341 1323/1681/1122
f 1448/1678/1320 2309/239/1319 1323/1681/1122
f 396/1683/1324 1331/1685/1327 2310/246/1325
f 1331/1685/1327 381/252/1366 1395/251/1328
f 2310/246/1325 1395/251/1328 343/250/1329
f 1414/1684/1326 2310/246/1325 1410/249/1330
f 1448/1678/1320 2311/1686/1333 1473/253/1332
f 371/167/1120 1376/1687/1264 2311/1686/1333
f 1376/1687/1264 370/161/1187 1449/1688/1334
f 2311/1686/1333 1449/1688/1334 412/1689/1335
f 1370/261/1336 2312/1690/1339 1772/260/1337
f 364/267/1243 1399/266/1340 2312/1690/1339
f 1399/266/1340 372/4/1124 1322/6/1123
f 2312/1690/1339 1322/6/1123 384/263/1341
f 369/268/1119 1378/390/1344 2313/269/1342
f 1378/390/1344 394/274/1439 1425/273/1345
f 1425/273/1345 357/379/1435 1576/272/1346
f 1577/271/1343 2313/269/1342 1576/272/1346
f 351/1611/1185 1348/1693/1137 2314/1691/1348
f 1348/1693/1137 360/1587/1135 1319/1606/1173
f 2314/1691/1348 1319/1606/1173 342/279/1350
f 1341/1692/1349 2314/1691/1348 1344/1694/1351
f 460/764/1353 1398/1698/1356 2315/1696/1354
f 377/287/1292 1325/286/1294 2315/1696/1354
f 1325/286/1294 344/2171/1170 1394/285/1357
f 1569/1697/1355 2315/1696/1354 1394/285/1357
f 1405/289/1359 2316/1700/1362 1472/1699/1360
f 63/295/262 719/294/261 2316/1700/1362
f 2316/1700/1362 719/294/261 64/293/260
f 1472/1699/1360 2316/1700/1362 1406/1701/1363
f 1327/1703/1216 2317/1705/1365 1416/1704/1364
f 1327/1703/1216 378/111/1220 1326/298/1317
f 2317/1705/1365 1326/298/1317 381/252/1366
f 2317/1705/1365 1331/1685/1327 396/1683/1324
f 1471/1706/1367 2318/1707/1371 1387/299/1368
f 419/170/1370 1403/1651/1372 2318/1707/1371
f 1403/1651/1372 68/171/2041 736/302/268
f 1387/299/1368 2318/1707/1371 736/302/268
f 420/199/1374 1404/1709/1377 2319/1708/1375
f 1404/1709/1377 54/308/277 754/307/276
f 2319/1708/1375 754/307/276 63/295/262
f 1470/306/1376 2319/1708/1375 1405/289/1359
f 410/309/1378 1469/310/1381 2320/311/1379
f 420/199/1374 1457/475/1382 2320/311/1379
f 1457/475/1382 379/199/1389 1413/311/1383
f 1447/309/1380 2320/311/1379 1413/311/1383
f 1407/1642/1253 2321/1710/1386 1392/237/1316
f 1407/1642/1253 345/150/1238 1397/316/1385
f 2321/1710/1386 1397/316/1385 343/315/1329
f 1392/237/1316 2321/1710/1386 1395/313/1328
f 345/317/1238 1411/1634/1237 2322/1712/1387
f 1411/1634/1237 399/130/1236 1412/1713/1388
f 2322/1712/1387 1412/1713/1388 398/321/1331
f 1397/319/1385 2322/1712/1387 1410/320/1330
f 379/323/1389 1382/1660/1283 2323/1715/1390
f 1382/1660/1283 346/192/1147 1372/329/1146
f 2323/1715/1390 1372/329/1146 400/328/1145
f 1413/326/1383 2323/1715/1390 1373/327/1391
f 461/1716/1392 1409/1718/1395 2324/331/1393
f 1409/1718/1395 396/1683/1324 1414/1684/1326
f 2324/331/1393 1414/1684/1326 398/335/1331
f 1568/1717/1394 2324/331/1393 1558/334/1396
f 461/1719/1392 1567/337/1398 2325/336/1397
f 1567/337/1398 458/340/1652 1349/339/1399
f 2325/336/1397 1349/339/1399 388/110/1217
f 1409/1718/1395 2325/336/1397 1416/1720/1364
f 1436/1669/1297 2326/1722/1400 1316/61/1172
f 374/1668/1296 1356/344/1401 2326/1722/1400
f 342/279/1350 1316/343/1172 2326/1722/1400
f 1356/344/1402 2327/346/1406 1386/1723/1403
f 374/1668/1405 1380/1724/1407 2327/346/1406
f 1380/1724/1407 373/2201/1125 1417/1725/1127
f 2327/346/1406 1417/1725/1127 355/12/1131
f 417/1657/1279 1468/1727/1409 2328/1726/1408
f 1468/1727/1409 408/2202/1321 1366/1728/1410
f 2328/1726/1408 1366/1728/1410 60/351/313
f 1401/1659/1281 2328/1726/1408 753/350/312
f 353/1672/1304 1420/354/1179 2329/1730/1412
f 1420/354/1179 403/1609/1177 1422/74/1183
f 1422/74/1183 404/1612/1156 1574/1596/1158
f 1575/1731/1413 2329/1730/1412 1574/1596/1158
f 349/35/1155 1346/358/1154 2330/357/1414
f 1346/358/1154 361/1593/1153 1345/73/1184
f 1345/73/1184 403/1607/1177 1423/65/1178
f 1418/359/1415 2330/357/1414 1423/65/1178
f 1341/1732/1349 2331/362/1416 1421/1733/1186
f 393/1695/1352 1340/1734/1417 2331/362/1416
f 1340/1734/1417 402/46/1159 1424/1735/1160
f 2331/362/1416 1424/1735/1160 404/361/1156
f 1340/1734/1418 2332/1737/1422 1343/365/1419
f 393/1695/1421 1344/370/1423 2332/1737/1422
f 1344/370/1423 342/279/2052 1386/1738/1424
f 2332/1737/1422 1386/1738/1424 355/1739/1425
f 355/1740/1425 1435/1584/1427 2333/1741/1426
f 1435/1584/1427 354/16/1190 1578/374/1428
f 2333/1741/1426 1578/374/1428 358/45/1162
f 1343/1742/1419 2333/1741/1426 1419/43/1429
f 358/45/1162 1573/376/1431 2334/375/1430
f 1573/376/1431 357/379/1435 1426/378/1432
f 2334/375/1430 1426/378/1432 391/216/1300
f 1575/1743/1413 2334/375/1430 1342/214/1299
f 1579/381/1433 2335/1745/1434 1573/1744/1431
f 465/383/1347 1576/272/1346 2335/1745/1434
f 357/379/1435 1573/2203/1431 2335/1745/1434
f 1437/385/1436 2336/388/1440 1438/1747/1437
f 394/274/1439 1378/1748/1344 2336/388/1440
f 1378/1748/1344 369/268/1119 1321/389/1118
f 2336/388/1440 1321/389/1118 372/387/1124
f 365/391/1338 1523/1750/1442 2337/1749/1441
f 1523/1750/1442 363/1809/1502 1429/397/1443
f 2337/1749/1441 1429/397/1443 406/396/1245
f 1370/394/1336 2337/1749/1441 1521/395/1244
f 1432/400/1240 2338/1752/1444 1338/399/1201
f 406/396/1245 1429/1753/1443 2338/1752/1444
f 1429/1753/1443 363/2204/1502 1367/1754/1445
f 1338/399/1201 2338/1752/1444 1367/1754/1445
f 1772/260/1337 2339/1755/1447 1400/404/1446
f 384/407/1341 1324/408/1449 2339/1755/1447
f 385/405/1448 1400/404/1446 2339/1755/1447
f 386/386/1438 1438/1758/1437 2340/1756/1450
f 372/387/1124 1399/413/1340 2340/1756/1450
f 1368/411/1248 2340/1756/1450 1399/410/1340
f 429/1759/1451 1485/1762/1454 2341/1760/1452
f 1485/1762/1454 85/421/365 796/420/364
f 796/420/364 88/562/427 1439/564/1455
f 2341/1760/1452 1439/564/1455 428/417/1456
f 431/422/366 1487/1765/366 2342/1763/366
f 1487/1765/366 87/429/366 797/428/366
f 2342/1763/366 797/428/366 86/427/366
f 1491/1764/366 2342/1763/366 1441/1766/366
f 430/430/366 1441/1766/366 2343/1767/366
f 1441/1766/366 86/427/366 795/435/366
f 2343/1767/366 795/435/366 89/434/366
f 1490/432/366 2343/1767/366 1443/433/366
f 432/1768/366 1443/433/366 2344/1769/366
f 1443/433/366 89/434/366 798/439/366
f 2344/1769/366 798/439/366 85/421/365
f 1489/1770/366 2344/1769/366 1485/1762/1454
f 426/1771/366 1463/1772/366 2345/441/366
f 1463/1772/366 90/447/366 805/446/366
f 805/446/366 91/560/366 1444/1773/366
f 2345/441/366 1444/1773/366 425/443/366
f 427/448/366 1464/1774/366 2346/449/366
f 1464/1774/366 92/453/366 804/452/366
f 2346/449/366 804/452/366 90/447/366
f 1466/451/366 2346/449/366 1463/1772/366
f 418/454/366 1402/456/366 2347/1775/366
f 1402/456/366 59/459/366 808/458/366
f 2347/1775/366 808/458/366 92/453/366
f 1465/457/366 2347/1775/366 1464/1774/366
f 368/114/1221 1358/1778/1223 2348/1776/1457
f 367/1777/1228 1520/463/1241 2348/1776/1457
f 2348/1776/1457 1520/463/1241 405/133/1203
f 1522/461/1458 2348/1776/1457 1431/462/1202
f 385/465/1448 1324/408/1449 2349/1780/1459
f 1324/408/1449 384/263/1341 1445/1782/1323
f 1445/1782/1323 408/2202/1321 1468/1727/1409
f 1454/1781/1460 2349/1780/1459 1468/1727/1409
f 756/470/372 2350/1783/1462 1375/469/1461
f 54/308/277 1404/1784/1377 2350/1783/1462
f 1404/1784/1377 420/199/1374 1469/310/1381
f 2350/1783/1462 1469/310/1381 410/309/1378
f 379/199/1389 1457/199/1382 2351/1785/1463
f 1457/199/1382 420/199/1374 1470/306/1376
f 2351/1785/1463 1470/306/1376 421/476/1361
f 2351/1785/1463 1458/484/1464 382/197/1285
f 1433/478/1291 2352/1787/1467 1451/1786/1465
f 376/482/1466 1456/1788/1468 2352/1787/1467
f 1456/1788/1468 419/170/1370 1471/1706/1367
f 2352/1787/1467 1471/1706/1367 414/1655/1369
f 382/197/1285 1458/484/1464 2353/1789/1469
f 1458/484/1464 421/290/1361 1472/1699/1360
f 2353/1789/1469 1472/1699/1360 422/1702/1251
f 1374/1676/1314 2353/1789/1469 1459/1790/1250
f 1377/489/1470 2354/1792/1471 725/488/381
f 411/255/1318 1473/253/1332 2354/1792/1471
f 1473/253/1332 412/1689/1335 1379/1793/1472
f 2354/1792/1471 1379/1793/1472 57/491/384
f 56/490/383 710/495/388 2355/494/1473
f 60/351/313 1366/497/1410 2355/494/1473
f 2355/494/1473 1366/497/1410 408/1679/1321
f 1377/1794/1470 2355/494/1473 1474/1680/1322
f 365/262/1338 1400/404/1476 2356/1795/1474
f 1400/404/1476 385/465/1448 1454/1781/1460
f 2356/1795/1474 1454/1781/1460 417/1657/1279
f 1446/499/1475 2356/1795/1474 1475/185/1278
f 375/479/1477 1451/1797/1480 2357/1796/1478
f 1451/1797/1480 414/1655/1274 1476/1654/1273
f 1476/1654/1273 412/1656/1277 1449/503/1481
f 1353/502/1479 2357/1796/1478 1449/503/1481
f 376/482/1483 1434/505/1486 2358/504/1484
f 1434/505/1486 377/287/2053 1381/1798/1487
f 2358/504/1484 1381/1798/1487 413/175/1488
f 2358/504/1484 1477/1650/1266 419/170/1268
f 55/507/403 697/509/405 2359/1799/1489
f 697/509/405 71/512/408 1375/511/1491
f 2359/1799/1489 1375/511/1491 410/160/1492
f 1408/510/1490 2359/1799/1489 1478/1645/1258
f 761/514/409 2360/1800/1494 1406/1701/1363
f 761/514/409 65/517/412 1396/516/1493
f 2360/1800/1494 1396/516/1493 416/152/1231
f 2360/1800/1494 1479/1639/1249 422/1640/1251
f 65/518/412 765/520/414 2361/1801/413
f 765/520/414 73/523/416 1415/522/1495
f 2361/1801/413 1415/522/1495 424/768/1496
f 1396/521/1493 2361/1801/413 1480/1632/1234
f 395/1802/1211 1482/100/1210 2362/1803/1497
f 1482/100/1210 418/103/1214 1455/528/1499
f 2362/1803/1497 1455/528/1499 366/527/1500
f 1359/1804/1498 2362/1803/1497 1428/1622/1206
f 1359/1806/1498 2363/532/1501 1481/123/1230
f 362/1808/1204 1367/2205/1445 2363/532/1501
f 2363/532/1501 1367/2205/1445 363/1809/1502
f 1481/123/1230 2363/532/1501 1452/808/1503
f 460/281/1353 1566/766/1505 2364/534/1504
f 462/1616/1197 1561/1615/1196 2364/534/1504
f 2364/534/1504 1561/1615/1196 413/87/1200
f 1398/1811/1356 2364/534/1504 1381/537/1506
f 444/1812/366 1488/1814/366 2365/539/366
f 1488/1814/366 432/1768/366 1489/1770/366
f 2365/539/366 1489/1770/366 429/1759/1451
f 1534/1813/366 2365/539/366 1514/542/366
f 438/1815/366 1486/545/366 2366/1816/366
f 1486/545/366 430/430/366 1490/432/366
f 2366/1816/366 1490/432/366 432/1768/366
f 1533/1817/366 2366/1816/366 1488/1814/366
f 1513/548/366 2367/1819/366 1532/1818/366
f 431/551/366 1491/1764/366 2367/1819/366
f 1491/1764/366 430/430/366 1486/545/366
f 2367/1819/366 1486/545/366 438/1815/366
f 441/552/366 1514/542/366 2368/553/366
f 1514/542/366 429/1759/1451 1492/1761/1453
f 2368/553/366 1492/1761/1453 428/556/1456
f 1531/1820/366 2368/553/366 1484/555/366
f 1444/1773/366 2369/558/366 1493/557/366
f 91/560/366 858/559/366 2369/558/366
f 2369/558/366 858/559/366 87/429/366
f 1493/557/366 2369/558/366 1487/1765/366
f 55/507/403 1408/510/1490 2370/561/1507
f 1408/510/1490 423/153/1255 1494/565/1508
f 1494/565/1508 428/417/1456 1439/564/1455
f 2370/561/1507 1439/564/1455 88/562/427
f 446/1821/1509 1508/1823/1512 2371/1822/1510
f 1508/1823/1512 434/573/1529 1498/572/1513
f 1498/572/1513 437/591/1531 1499/1824/1514
f 2371/1822/1510 1499/1824/1514 445/569/1515
f 1506/1825/1516 2372/1828/1520 1529/1826/1517
f 433/581/1519 1497/580/1521 2372/1828/1520
f 1497/580/1521 436/596/1535 1501/579/1522
f 2372/1828/1520 1501/579/1522 447/1829/1523
f 449/1830/1524 1505/1833/1527 2373/1831/1525
f 1505/1833/1527 435/587/1567 1495/586/1528
f 2373/1831/1525 1495/586/1528 434/573/1529
f 1528/1832/1526 2373/1831/1525 1508/1823/1512
f 1499/1824/1514 2374/1835/1532 1527/1834/1530
f 437/591/1531 1496/590/1533 2374/1835/1532
f 1496/590/1533 433/581/1519 1506/1825/1516
f 2374/1835/1532 1506/1825/1516 448/1827/1518
f 1501/579/1522 2375/1837/1536 1526/1836/1534
f 436/596/1535 1504/595/1537 2375/1837/1536
f 1504/595/1537 431/2176/2045 1513/593/457
f 1526/1836/1534 2375/1837/1536 1513/593/457
f 349/597/366 1440/599/366 2376/1838/366
f 1440/599/366 441/552/366 1531/1820/366
f 2376/1838/366 1531/1820/366 439/602/366
f 1350/600/366 2376/1838/366 1512/601/366
f 386/603/1539 1500/605/1542 2377/604/1540
f 1500/605/1542 446/1821/1509 1530/570/1511
f 1530/570/1511 445/569/1515 1509/608/1543
f 2377/604/1540 1509/608/1543 394/606/1544
f 1502/1840/1545 2378/613/1548 1426/609/1546
f 448/1827/1518 1529/1826/1517 2378/613/1548
f 2378/613/1548 1529/1826/1517 447/1829/1523
f 1426/609/1546 2378/613/1548 1507/612/1549
f 390/614/1551 1503/1842/1554 2379/1841/1552
f 1503/1842/1554 449/1830/1524 1528/1832/1526
f 1528/1832/1526 446/1821/1509 1500/605/1542
f 2379/1841/1552 1500/605/1542 386/603/1539
f 1509/608/1543 2380/619/1556 1425/618/1555
f 445/569/1515 1527/1834/1530 2380/619/1556
f 1527/1834/1530 448/1827/1518 1502/1840/1545
f 2380/619/1556 1502/1840/1545 357/611/1547
f 391/620/1550 1507/612/1549 2381/621/1557
f 1507/612/1549 447/1829/1523 1526/1836/1534
f 2381/621/1557 1526/1836/1534 440/624/1538
f 1388/622/1558 2381/621/1557 1442/623/1559
f 443/1844/366 1516/1847/366 2382/1845/366
f 1516/1847/366 426/1771/366 1467/444/366
f 1467/444/366 425/2177/366 1462/629/366
f 1517/1846/366 2382/1845/366 1462/629/366
f 366/630/366 1455/632/366 2383/1848/366
f 1455/632/366 418/454/366 1465/457/366
f 2383/1848/366 1465/457/366 427/448/366
f 1430/633/366 2383/1848/366 1518/634/366
f 1466/451/366 2384/1849/366 1518/635/366
f 426/1771/366 1516/640/366 2384/1849/366
f 1516/640/366 443/2178/366 1519/646/366
f 2384/1849/366 1519/646/366 407/637/366
f 368/641/366 1522/643/366 2385/642/366
f 1519/639/366 2385/642/366 1522/643/366
f 443/1851/366 1525/1850/366 2385/642/366
f 1362/648/366 2386/651/366 1515/647/366
f 368/641/366 1525/1853/366 2386/651/366
f 1525/1853/366 443/625/366 1517/652/366
f 2386/651/366 1517/652/366 442/650/366
f 1442/655/366 2387/1854/366 1389/654/366
f 440/549/366 1532/1818/366 2387/1854/366
f 1532/1818/366 438/1815/366 1511/1855/366
f 2387/1854/366 1511/1855/366 350/657/366
f 350/657/366 1511/1855/366 2388/660/366
f 1511/1855/366 438/1815/366 1533/1817/366
f 2388/660/366 1533/1817/366 444/1812/366
f 1336/661/366 2388/660/366 1510/1856/366
f 401/663/366 1510/1856/366 2389/664/366
f 1510/1856/366 444/1812/366 1534/1813/366
f 2389/664/366 1534/1813/366 441/552/366
f 1418/665/366 2389/664/366 1440/599/366
f 392/666/1561 1515/668/485 2390/1857/1562
f 1515/668/485 442/671/488 1535/670/1564
f 2390/1857/1562 1535/670/1564 449/1830/1524
f 1364/669/1563 2390/1857/1562 1503/1842/1554
f 442/671/488 1462/673/488 2391/1858/1565
f 1462/673/488 425/675/491 1536/674/1566
f 2391/1858/1565 1536/674/1566 435/587/1567
f 1535/670/1564 2391/1858/1565 1505/1833/1527
f 1540/1859/1568 2392/1861/1572 1390/676/1569
f 451/1860/1571 1539/682/1573 2392/1861/1572
f 1539/682/1573 452/1871/1593 1541/1862/1574
f 2392/1861/1572 1541/1862/1574 352/679/1575
f 1542/1863/1576 2393/1864/1580 1360/684/1577
f 453/691/1579 1538/690/1581 2393/1864/1580
f 1538/690/1581 450/705/1599 1543/1865/1582
f 2393/1864/1580 1543/1865/1582 347/687/1583
f 1565/1866/1584 2394/1867/1588 1349/692/1585
f 463/697/1587 1537/696/512 2394/1867/1588
f 2394/1867/1588 1537/696/512 453/691/1579
f 1349/692/1585 2394/1867/1588 1542/1863/1576
f 451/1860/1571 1547/1869/1590 2395/1868/1589
f 1547/1869/1590 455/703/1611 1546/702/1591
f 1546/702/1591 456/743/1626 1548/1870/1592
f 2395/1868/1589 1548/1870/1592 452/1871/1593
f 1549/1872/1594 2396/1873/1596 1538/690/1581
f 457/709/1595 1545/708/1597 2396/1873/1596
f 1545/708/1597 454/733/1622 1550/1874/1598
f 2396/1873/1596 1550/1874/1598 450/705/1599
f 1564/1875/1600 2397/1876/1602 1537/696/512
f 464/713/1601 1544/712/528 2397/1876/1602
f 1544/712/528 457/709/1595 1549/1872/1594
f 2397/1876/1602 1549/1872/1594 453/691/1579
f 348/678/1570 1332/715/1604 2398/714/1603
f 1332/715/1604 389/720/535 1512/719/1605
f 2398/714/1603 1512/719/1605 439/718/1606
f 1540/677/1568 2398/714/1603 1551/1877/1607
f 439/718/1606 1484/722/1609 2399/1878/1608
f 1484/722/1609 428/724/539 1552/723/1610
f 2399/1878/1608 1552/723/1610 455/703/1611
f 1551/1879/1607 2399/1878/1608 1547/1869/1590
f 1543/1865/1582 2400/1880/1613 1328/725/1612
f 450/705/1599 1553/729/1614 2400/1880/1613
f 1553/729/1614 380/737/1620 1391/728/1615
f 2400/1880/1613 1391/728/1615 387/726/1616
f 1460/731/1617 2401/1881/1621 1554/730/1618
f 380/737/1620 1553/1882/1614 2401/1881/1621
f 1553/1882/1614 450/2206/1599 1550/707/1598
f 2401/1881/1621 1550/707/1598 454/733/1622
f 1541/1862/1574 2402/1883/1624 1555/738/1623
f 452/1871/1593 1562/1884/1625 2402/1883/1624
f 1562/1884/1625 463/697/1587 1565/1866/1584
f 2402/1883/1624 1565/1866/1584 458/694/1586
f 1548/1870/1592 2403/1885/1627 1562/1884/1625
f 456/743/1626 1563/742/1628 2403/1885/1627
f 1563/742/1628 464/713/1601 1564/1875/1600
f 2403/1885/1627 1564/1875/1600 463/697/1587
f 1493/745/1629 2404/1886/1632 1536/744/1630
f 431/750/1631 1504/749/2054 2404/1886/1632
f 2404/1886/1632 1504/749/2054 436/748/1633
f 2404/1886/1632 1556/752/1634 435/746/1635
f 1556/752/1634 2405/754/1638 1495/751/1636
f 1556/752/1634 436/748/1633 1497/756/1637
f 2405/754/1638 1497/756/1637 433/755/1639
f 2405/754/1638 1557/1887/1640 434/753/1641
f 1496/758/1642 2406/761/1644 1557/1888/1640
f 437/760/1643 1498/759/1645 2406/761/1644
f 1557/1887/1640 2406/761/1644 1498/759/1645
f 1461/763/1235 2407/765/1647 1559/762/1646
f 424/768/1496 1483/1890/1648 2407/765/1647
f 1483/1890/1648 462/86/1197 1566/766/1505
f 2407/765/1647 1566/766/1505 460/1891/1353
f 1334/770/1134 2408/772/1651 1560/1892/1649
f 1334/770/1134 352/774/1139 1555/773/1650
f 2408/772/1651 1555/773/1650 458/340/1652
f 1560/1892/1649 2408/772/1651 1567/337/1398
f 359/1893/1132 1560/769/1649 2409/1894/1653
f 1560/769/1649 461/1716/1392 1568/1717/1394
f 2409/1894/1653 1568/1717/1394 459/779/1358
f 1317/777/1169 2409/1894/1653 1394/778/1357
f 399/130/1236 1559/1895/1646 2410/780/1654
f 1559/1895/1646 460/764/1353 1569/1697/1355
f 2410/780/1654 1569/1697/1355 459/782/1358
f 1412/1713/1388 2410/780/1654 1558/781/1396
f 1415/1896/1495 2411/1898/1655 1483/1897/1648
f 73/523/416 924/786/586 2411/1898/1655
f 924/786/586 144/91/87 1570/1614/1195
f 2411/1898/1655 1570/1614/1195 462/1616/1197
f 423/787/1656 1554/789/1659 2412/1899/1657
f 1554/789/1659 454/794/1670 1571/793/1660
f 2412/1899/1657 1571/793/1660 455/792/1661
f 1494/790/1658 2412/1899/1657 1552/791/1662
f 457/110/1664 1572/1901/1668 2413/1900/1665
f 456/799/1667 1546/798/1669 2413/1900/1665
f 1546/798/1669 455/792/1661 1571/793/1660
f 1545/797/1666 2413/1900/1665 1571/793/1660
f 464/800/1671 1563/802/1674 2414/1902/1672
f 1572/803/1668 2414/1902/1672 1563/802/1674
f 1544/804/1673 2414/1902/1672 1572/1901/1668
f 1446/807/1475 2415/1903/1675 1523/393/1442
f 1446/807/1475 409/48/1163 1524/1601/1165
f 2415/1903/1675 1524/1601/1165 415/1603/1168
f 1523/393/1442 2415/1903/1675 1452/808/1503
f 1578/374/1428 2416/812/1676 1579/381/1433
f 354/813/1190 1427/814/1677 2416/812/1676
f 465/811/1347 1579/381/1433 2416/812/1676
f 465/815/1347 1427/817/1677 2417/1905/1678
f 1347/1649/1265 2417/1905/1678 1427/819/1677
f 1577/818/1343 2417/1905/1678 1347/1649/1265
f 1581/1907/652 2418/863/653 1580/1908/649
f 1581/1907/652 468/911/734 1582/1910/654
f 1582/1910/654 469/865/655 1583/824/650
f 1580/1908/649 2418/863/653 1583/824/650
f 1585/1911/659 2419/1912/660 1584/828/656
f 1585/1911/659 471/1909/729 1580/1908/649
f 1580/1908/649 470/861/651 1586/831/657
f 1584/828/656 2419/1912/660 1586/831/657
f 1588/834/664 2420/837/665 1587/1913/661
f 1588/834/664 473/1042/738 1584/828/656
f 1584/828/656 472/867/658 1589/836/662
f 1587/1913/661 2420/837/665 1589/836/662
f 1591/839/669 2421/875/670 1590/1915/666
f 1591/839/669 475/1914/741 1587/1913/661
f 1587/1913/661 474/870/663 1592/841/667
f 1590/1915/666 2421/875/670 1592/841/667
f 1594/844/674 2422/1917/675 1593/1916/671
f 1594/844/674 477/840/744 1590/1915/666
f 1590/1915/666 476/873/668 1595/846/672
f 1593/1916/671 2422/1917/675 1595/846/672
f 1597/849/679 2423/1920/680 1596/1918/676
f 1597/849/679 479/952/747 1593/1916/671
f 1593/1916/671 478/876/673 1598/851/677
f 1596/1918/676 2423/1920/680 1598/851/677
f 1600/975/684 2424/1921/685 1599/880/681
f 1600/975/684 481/1919/750 1596/1918/676
f 1596/1918/676 480/878/678 1601/856/682
f 1599/880/681 2424/1921/685 1601/856/682
f 1602/1922/687 2425/1923/688 1582/1910/654
f 1602/1922/687 483/992/737 1599/880/681
f 1599/880/681 482/881/683 1603/859/686
f 1582/1910/654 2425/1923/688 1603/859/686
f 1605/824/612 2426/1925/613 1604/1924/609
f 1605/824/612 484/865/693 1606/1910/614
f 1606/1910/614 485/911/615 1607/982/610
f 1604/1924/609 2426/1925/613 1607/982/610
f 1609/831/619 2427/1927/620 1608/1926/616
f 1609/831/619 487/861/698 1604/1924/609
f 1604/1924/609 486/892/611 1610/1928/617
f 1608/1926/616 2427/1927/620 1610/1928/617
f 1612/836/624 2428/1931/625 1611/1930/621
f 1612/836/624 489/867/705 1608/1926/616
f 1608/1926/616 488/1929/618 1613/1932/622
f 1611/1930/621 2428/1931/625 1613/1932/622
f 1615/841/629 2429/875/630 1614/872/626
f 1615/841/629 491/870/710 1611/1930/621
f 1611/1930/621 490/1933/623 1616/937/627
f 1614/872/626 2429/875/630 1616/937/627
f 1618/846/634 2430/1917/635 1617/1934/631
f 1618/846/634 493/873/715 1614/872/626
f 1614/872/626 492/840/628 1619/844/632
f 1617/1934/631 2430/1917/635 1619/844/632
f 1621/851/639 2431/852/640 1620/1936/636
f 1621/851/639 495/876/720 1617/1934/631
f 1617/1934/631 494/1935/633 1622/1937/637
f 1620/1936/636 2431/852/640 1622/1937/637
f 1624/856/644 2432/883/645 1623/1939/641
f 1624/856/644 497/878/725 1620/1936/636
f 1620/1936/636 496/1938/638 1625/882/642
f 1623/1939/641 2432/883/645 1625/882/642
f 1626/859/647 2433/1940/648 1606/1910/614
f 1626/859/647 499/881/697 1623/1939/641
f 1623/1939/641 498/855/643 1627/884/646
f 1606/1910/614 2433/1940/648 1627/884/646
f 468/986/734 1581/888/652 2434/981/730
f 471/1941/729 1629/996/732 2434/981/730
f 1628/983/731 2434/981/730 1629/984/732
f 469/894/655 1603/896/686 2435/1942/694
f 482/901/683 1631/1973/696 2435/1942/694
f 2435/1942/694 1631/1973/696 499/899/697
f 2435/1942/694 1626/1944/647 484/897/693
f 470/902/651 1583/904/650 2436/1945/699
f 469/894/655 1630/1943/695 2436/1945/699
f 2436/1945/699 1630/1943/695 484/897/693
f 2436/1945/699 1605/1947/612 487/905/698
f 483/992/737 1602/2207/687 2437/1948/735
f 468/1949/734 1628/909/731 2437/1948/735
f 1633/990/736 2437/1948/735 1628/1950/731
f 471/980/729 1585/1928/659 2438/1072/739
f 473/1042/738 1634/915/740 2438/1072/739
f 1629/996/732 2438/1072/739 1634/997/740
f 472/919/658 1586/921/657 2439/1951/706
f 470/902/651 1632/1946/700 2439/1951/706
f 2439/1951/706 1632/1946/700 487/905/698
f 2439/1951/706 1609/1953/619 489/922/705
f 473/1954/738 1588/925/664 2440/924/742
f 475/835/741 1636/926/743 2440/924/742
f 1634/1000/740 2440/924/742 1636/1001/743
f 474/930/663 1589/932/662 2441/1956/711
f 472/919/658 1635/1952/707 2441/1956/711
f 2441/1956/711 1635/1952/707 489/922/705
f 2441/1956/711 1612/1958/624 491/933/710
f 475/1959/741 1591/2191/669 2442/1960/745
f 477/940/744 1638/2190/746 2442/1960/745
f 1636/926/743 2442/1960/745 1638/951/746
f 476/942/668 1592/944/667 2443/1961/716
f 474/930/663 1637/1957/712 2443/1961/716
f 2443/1961/716 1637/1957/712 491/933/710
f 2443/1961/716 1615/1962/629 493/945/715
f 477/940/744 1594/844/674 2444/1963/748
f 479/1964/747 1640/2208/749 2444/1963/748
f 1638/1004/746 2444/1963/748 1640/1008/749
f 478/954/673 1595/956/672 2445/1965/721
f 476/961/668 1639/960/717 2445/1965/721
f 2445/1965/721 1639/960/717 493/959/715
f 2445/1965/721 1618/1967/634 495/957/720
f 479/1964/747 1597/1007/679 2446/962/751
f 481/966/750 1642/964/752 2446/962/751
f 1640/1008/749 2446/962/751 1642/1009/752
f 480/968/678 1598/970/677 2447/1969/726
f 478/954/673 1641/1966/722 2447/1969/726
f 2447/1969/726 1641/1966/722 495/957/720
f 2447/1969/726 1621/1971/639 497/971/725
f 481/1919/750 1600/882/684 2448/1069/753
f 483/992/737 1633/2194/736 2448/1069/753
f 1642/964/752 2448/1069/753 1633/990/736
f 482/901/683 1601/979/682 2449/1972/728
f 480/968/678 1643/1970/366 2449/1972/728
f 2449/1972/728 1643/1970/366 497/971/725
f 2449/1972/728 1624/1974/644 499/899/697
f 486/892/611 1607/982/610 2450/887/689
f 485/886/615 1645/987/691 2450/887/689
f 1644/889/690 2450/887/689 1645/991/691
f 485/911/615 1627/2186/646 2451/1976/701
f 498/907/643 1646/1980/702 2451/1976/701
f 1645/909/691 2451/1976/701 1646/910/702
f 488/917/618 1610/1928/617 2452/1072/703
f 486/892/611 1644/2187/690 2452/1072/703
f 1647/915/704 2452/1072/703 1644/916/690
f 490/928/623 1613/925/622 2453/999/708
f 488/830/618 1647/1000/704 2453/999/708
f 1648/926/709 2453/999/708 1647/927/704
f 492/940/628 1616/937/627 2454/1978/713
f 490/935/623 1648/926/709 2454/1978/713
f 1649/938/714 2454/1978/713 1648/939/709
f 494/952/633 1619/877/632 2455/948/718
f 492/947/628 1649/941/714 2455/948/718
f 1650/950/719 2455/948/718 1649/951/714
f 496/966/638 1622/1007/637 2456/1006/723
f 494/952/633 1650/965/719 2456/1006/723
f 1651/964/724 2456/1006/723 1650/965/719
f 498/907/643 1625/882/642 2457/1979/727
f 496/973/638 1651/2188/724 2457/1979/727
f 1646/1980/702 2457/1979/727 1651/976/724
f 1653/1907/652 2458/863/653 1652/1908/649
f 1653/1907/652 502/911/734 1654/1910/654
f 1654/1910/654 503/865/655 1655/824/650
f 1652/1908/649 2458/863/653 1655/824/650
f 1657/1911/659 2459/1912/660 1656/1012/656
f 1657/1911/659 505/1909/729 1652/1908/649
f 1652/1908/649 504/861/651 1658/831/657
f 1656/1012/656 2459/1912/660 1658/831/657
f 1660/1034/664 2460/1018/665 1659/1981/661
f 1660/1034/664 507/1042/738 1656/1012/656
f 1656/1012/656 506/867/658 1661/1017/662
f 1659/1981/661 2460/1018/665 1661/1017/662
f 1663/1983/669 2461/1985/670 1662/1984/666
f 1663/1983/669 509/1982/741 1659/1981/661
f 1659/1981/661 508/1033/663 1664/1022/667
f 1662/1984/666 2461/1985/670 1664/1022/667
f 1666/1025/674 2462/1987/675 1665/1986/671
f 1666/1025/674 511/1021/744 1662/1984/666
f 1662/1984/666 510/873/668 1667/1027/672
f 1665/1986/671 2462/1987/675 1667/1027/672
f 1669/1988/679 2463/1032/680 1668/1989/676
f 1669/1988/679 513/1026/747 1665/1986/671
f 1665/1986/671 512/1039/673 1670/1031/677
f 1668/1989/676 2463/1032/680 1670/1031/677
f 1672/975/684 2464/1921/685 1671/880/681
f 1672/975/684 515/1990/750 1668/1989/676
f 1668/1989/676 514/878/678 1673/856/682
f 1671/880/681 2464/1921/685 1673/856/682
f 1674/1922/687 2465/1923/688 1654/1910/654
f 1674/1922/687 517/992/737 1671/880/681
f 1671/880/681 516/881/683 1675/859/686
f 1654/1910/654 2465/1923/688 1675/859/686
f 1677/824/612 2466/1925/613 1676/1924/609
f 1677/824/612 518/865/693 1678/1910/614
f 1678/1910/614 519/911/615 1679/982/610
f 1676/1924/609 2466/1925/613 1679/982/610
f 1681/831/619 2467/1927/620 1680/1012/616
f 1681/831/619 521/861/698 1676/1924/609
f 1676/1924/609 520/892/611 1682/1911/617
f 1680/1012/616 2467/1927/620 1682/1911/617
f 1684/1017/624 2468/1931/625 1683/1992/621
f 1684/1017/624 523/867/705 1680/1012/616
f 1680/1012/616 522/1991/618 1685/1993/622
f 1683/1992/621 2468/1931/625 1685/1993/622
f 1687/1022/629 2469/1023/630 1686/1994/626
f 1687/1022/629 525/1033/710 1683/1992/621
f 1683/1992/621 524/1016/623 1688/1995/627
f 1686/1994/626 2469/1023/630 1688/1995/627
f 1690/1027/634 2470/1028/635 1689/1996/631
f 1690/1027/634 527/873/715 1686/1994/626
f 1686/1994/626 526/1021/628 1691/1025/632
f 1689/1996/631 2470/1028/635 1691/1025/632
f 1693/1031/639 2471/1920/640 1692/1918/636
f 1693/1031/639 529/1039/720 1689/1996/631
f 1689/1996/631 528/1026/633 1694/1997/637
f 1692/1918/636 2471/1920/640 1694/1997/637
f 1696/856/644 2472/883/645 1695/1939/641
f 1696/856/644 531/878/725 1692/1918/636
f 1692/1918/636 530/1998/638 1697/882/642
f 1695/1939/641 2472/883/645 1697/882/642
f 1698/859/647 2473/1940/648 1678/1910/614
f 1698/859/647 533/881/697 1695/1939/641
f 1695/1939/641 532/855/643 1699/884/646
f 1678/1910/614 2473/1940/648 1699/884/646
f 502/986/734 1653/888/652 2474/981/730
f 505/1941/729 1701/996/732 2474/981/730
f 1700/983/731 2474/981/730 1701/984/732
f 503/894/655 1675/896/686 2475/1942/694
f 516/901/683 1703/1973/696 2475/1942/694
f 2475/1942/694 1703/1973/696 533/899/697
f 2475/1942/694 1698/1944/647 518/897/693
f 504/902/651 1655/904/650 2476/1945/699
f 503/894/655 1702/1943/695 2476/1945/699
f 2476/1945/699 1702/1943/695 518/897/693
f 2476/1945/699 1677/1947/612 521/905/698
f 517/992/737 1674/2207/687 2477/1948/735
f 502/1949/734 1700/909/731 2477/1948/735
f 1705/990/736 2477/1948/735 1700/1950/731
f 505/980/729 1657/1928/659 2478/913/739
f 507/1013/738 1706/1041/740 2478/913/739
f 1701/996/732 2478/913/739 1706/1073/740
f 506/919/658 1658/921/657 2479/1951/706
f 504/902/651 1704/1946/700 2479/1951/706
f 2479/1951/706 1704/1946/700 521/905/698
f 2479/1951/706 1681/1953/619 523/922/705
f 507/1002/738 1660/1044/664 2480/1043/742
f 509/1074/741 1708/1045/743 2480/1043/742
f 1706/1041/740 2480/1043/742 1708/1076/743
f 508/930/663 1661/932/662 2481/1956/711
f 506/919/658 1707/1952/707 2481/1956/711
f 2481/1956/711 1707/1952/707 523/922/705
f 2481/1956/711 1684/1958/624 525/933/710
f 509/1081/741 1663/2198/669 2482/2000/745
f 511/2001/744 1710/1058/746 2482/2000/745
f 1708/1079/743 2482/2000/745 1710/1080/746
f 510/942/668 1664/944/667 2483/1961/716
f 508/930/663 1709/1957/712 2483/1961/716
f 2483/1961/716 1709/1957/712 525/933/710
f 2483/1961/716 1687/1962/629 527/945/715
f 511/1053/744 1666/1025/674 2484/2002/748
f 513/1061/747 1712/1060/749 2484/2002/748
f 1710/1083/746 2484/2002/748 1712/1065/749
f 512/954/673 1667/956/672 2485/1965/721
f 510/961/668 1711/960/717 2485/1965/721
f 2485/1965/721 1711/960/717 527/959/715
f 2485/1965/721 1690/1967/634 529/957/720
f 513/1059/747 1669/1063/679 2486/2004/751
f 515/973/750 1714/1064/752 2486/2004/751
f 1712/1065/749 2486/2004/751 1714/1064/752
f 514/968/678 1670/970/677 2487/1969/726
f 512/954/673 1713/1966/722 2487/1969/726
f 2487/1969/726 1713/1966/722 529/957/720
f 2487/1969/726 1693/1971/639 531/971/725
f 515/1990/750 1672/882/684 2488/1069/753
f 517/992/737 1705/2194/736 2488/1069/753
f 1714/1064/752 2488/1069/753 1705/990/736
f 516/901/683 1673/979/682 2489/1972/728
f 514/968/678 1715/1970/366 2489/1972/728
f 2489/1972/728 1715/1970/366 531/971/725
f 2489/1972/728 1696/1974/644 533/899/697
f 520/892/611 1679/982/610 2490/887/689
f 519/886/615 1717/987/691 2490/887/689
f 1716/889/690 2490/887/689 1717/991/691
f 519/911/615 1699/2186/646 2491/1976/701
f 532/907/643 1718/1980/702 2491/1976/701
f 1717/909/691 2491/1976/701 1718/910/702
f 522/993/618 1682/1928/617 2492/2007/703
f 520/892/611 1716/2187/690 2492/2007/703
f 1719/1041/704 2492/2007/703 1716/916/690
f 524/1047/623 1685/1044/622 2493/1075/708
f 522/1042/618 1719/1041/704 2493/1075/708
f 1720/1045/709 2493/1075/708 1719/1046/704
f 526/2001/628 1688/2198/627 2494/2008/713
f 524/1049/623 1720/2209/709 2494/2008/713
f 1721/1051/714 2494/2008/713 1720/1052/709
f 528/1059/633 1691/1025/632 2495/2009/718
f 526/1053/628 1721/2210/714 2495/2009/718
f 1722/1057/719 2495/2009/718 1721/1058/714
f 530/1066/638 1694/2211/637 2496/2010/723
f 528/1061/633 1722/1065/719 2496/2010/723
f 1723/1064/724 2496/2010/723 1722/1065/719
f 532/907/643 1697/882/642 2497/1979/727
f 530/1066/638 1723/2197/724 2497/1979/727
f 1718/1980/702 2497/1979/727 1723/1070/724
f 534/1085/1679 1724/1139/1683 2498/2012/1680
f 555/1092/1682 1727/1091/1762 2498/2012/1680
f 2498/2012/1680 1727/1091/1762 554/1090/1684
f 1725/1088/1681 2498/2012/1680 1726/1089/1685
f 1764/1094/1687 2499/2015/1691 1743/2014/1688
f 547/1100/1690 1763/2051/2055 2499/2015/1691
f 2499/2015/1691 1763/2051/2055 546/2016/1692
f 2499/2015/1691 1762/2017/1693 543/2018/1694
f 1757/2019/1695 2500/2020/1699 1747/1101/1696
f 553/1108/1698 1755/1107/2056 2500/2020/1699
f 2500/2020/1699 1755/1107/2056 552/1106/1700
f 1747/1101/1696 2500/2020/1699 1756/2021/1701
f 544/1109/1703 1738/1111/1706 2501/1110/1704
f 1738/1111/1706 534/1116/1679 1725/1115/1681
f 2501/1110/1704 1725/1115/1681 535/1114/1686
f 1742/1112/1705 2501/1110/1704 1735/1113/1707
f 1741/2023/1709 2502/2024/1712 1736/1117/1710
f 544/1123/1703 1734/1122/1713 2502/2024/1712
f 1734/1122/1713 548/1166/1727 1731/1167/1714
f 1736/1117/1710 2502/2024/1712 1731/1167/1714
f 557/1124/1716 1740/2025/1719 2503/1125/1717
f 1740/2025/1719 545/1131/1708 1735/1130/1707
f 2503/1125/1717 1735/1130/1707 535/1129/1686
f 1737/1127/1718 2503/1125/1717 1726/1128/1685
f 558/1132/1720 1732/1134/1723 2504/1133/1721
f 1732/1134/1723 549/1137/1730 1739/1136/1724
f 2504/1133/1721 1739/1136/1724 545/1131/1708
f 1729/1135/1722 2504/1133/1721 1740/2025/1719
f 1724/1087/1683 2505/2027/1726 1728/1138/1725
f 534/1085/1679 1738/1141/1706 2505/2027/1726
f 1738/1141/1706 544/1123/1703 1741/2023/1709
f 2505/2027/1726 1741/2023/1709 556/1119/1711
f 548/1142/1727 1734/1144/1713 2506/1143/1728
f 1734/1144/1713 544/1148/1703 1742/1147/1705
f 2506/1143/1728 1742/1147/1705 545/1131/1708
f 1733/1145/1729 2506/1143/1728 1739/2028/1724
f 1761/1150/1731 2507/2030/1734 1760/2029/1732
f 542/1095/1689 1743/2014/1688 2507/2030/1734
f 1743/2014/1688 543/2018/1694 1765/1154/1735
f 2507/2030/1734 1765/1154/1735 537/2031/1736
f 541/1155/1737 1748/2033/1740 2508/2032/1738
f 1748/2033/1740 558/1162/1720 1730/1161/1741
f 1730/1161/1741 559/1168/1715 1749/2034/1742
f 2508/2032/1738 1749/2034/1742 540/1158/1743
f 540/1158/1743 1749/2034/1742 2509/1163/1744
f 1749/2034/1742 559/1168/1715 1731/1120/1714
f 2509/1163/1744 1731/1120/1714 548/1166/1727
f 2509/1163/1744 1750/2035/1746 538/1164/1702
f 539/1169/1697 1751/2037/1749 2510/2036/1747
f 549/1174/1730 1732/1173/1723 2510/2036/1747
f 1732/1173/1723 558/1162/1720 1748/2033/1740
f 2510/2036/1747 1748/2033/1740 541/1155/1737
f 538/1164/1702 1750/2035/1746 2511/2038/1750
f 1750/2035/1746 548/1166/1727 1733/1178/1729
f 1733/1178/1729 549/1174/1730 1751/2037/1749
f 2511/2038/1750 1751/2037/1749 539/1169/1697
f 1756/2021/1701 2512/1182/1751 1745/1179/1745
f 552/1106/1700 1753/1184/2057 2512/1182/1751
f 2512/1182/1751 1753/1184/2057 551/1183/1752
f 1745/1179/1745 2512/1182/1751 1758/1181/1753
f 1759/1186/1754 2513/2039/1756 1746/1185/1748
f 550/1190/1755 1754/1189/2058 2513/2039/1756
f 2513/2039/1756 1754/1189/2058 553/1108/1698
f 1746/1185/1748 2513/2039/1756 1757/2019/1695
f 1758/1181/1753 2514/2040/1757 1744/1191/1739
f 551/1183/1752 1752/1196/2059 2514/2040/1757
f 2514/2040/1757 1752/1196/2059 550/1195/1755
f 1744/1191/1739 2514/2040/1757 1759/1193/1754
f 1766/2042/1758 2515/1199/1761 1760/1197/1759
f 554/1202/1684 1727/1201/1762 2515/1199/1761
f 1727/1201/1762 555/1207/1682 1767/2043/1763
f 2515/1199/1761 1767/2043/1763 536/1151/1764
f 536/1151/1764 1767/2043/1763 2516/2044/1765
f 1767/2043/1763 555/1207/1682 1728/1206/1725
f 1728/1206/1725 556/1222/1711 1768/1205/1767
f 1761/1150/1766 2516/2044/1765 1768/1205/1767
f 1769/2046/1769 2517/2047/1772 1762/1208/1770
f 558/1214/1720 1729/1213/1722 2517/2047/1772
f 2517/2047/1772 1729/1213/1722 557/1212/1716
f 1762/1208/1770 2517/2047/1772 1770/2048/1773
f 547/1100/1775 1771/2052/1778 2518/2050/1776
f 1771/2052/1778 559/1218/1715 1730/1217/1741
f 1730/1217/1741 558/1214/1720 1769/2046/1769
f 2518/2050/1776 1769/2046/1769 546/2016/1771
f 542/2045/1768 1768/1205/1767 2519/2053/1779
f 556/1222/1711 1736/1221/1710 2519/2053/1779
f 2519/2053/1779 1736/1221/1710 559/1218/1715
f 1764/1094/1780 2519/2053/1779 1771/2052/1778
f 543/2049/1774 1770/2048/1773 2520/2054/1781
f 1770/2048/1773 557/1212/1716 1737/1226/1718
f 2520/2054/1781 1737/1226/1718 554/1202/1684
f 2520/2054/1781 1766/2042/1758 537/2031/1760
f 560/1339/1783 1773/1338/1786 2521/2056/1784
f 1773/1338/1786 562/1337/1791 1776/2057/1787
f 2521/2056/1784 1776/2057/1787 563/1232/1788
f 1775/1230/1785 2521/2056/1784 1774/1231/1789
f 562/1337/1791 1777/1345/1793 2522/2059/1792
f 1777/1345/1793 564/1344/1797 1779/2060/1794
f 2522/2059/1792 1779/2060/1794 565/1238/1795
f 1776/2057/1787 2522/2059/1792 1778/1237/1796
f 564/1344/1797 1780/1351/1799 2523/2061/1798
f 1780/1351/1799 566/1350/1803 1782/2062/1800
f 2523/2061/1798 1782/2062/1800 567/1244/1801
f 1779/2060/1794 2523/2061/1798 1781/1243/1802
f 566/1350/1803 1783/1357/1805 2524/2063/1804
f 1783/1357/1805 568/1360/1810 1785/2064/1806
f 2524/2063/1804 1785/2064/1806 569/1250/1807
f 1782/2062/1800 2524/2063/1804 1784/1249/1808
f 1786/1359/1809 2525/2065/1812 1785/2064/1806
f 570/1326/1811 1788/2066/1813 2525/2065/1812
f 1788/2066/1813 571/1259/1820 1787/1255/1814
f 2525/2065/1812 1787/1255/1814 569/1250/1807
f 1789/1325/1815 2526/2067/1817 1788/2066/1813
f 572/1331/1816 1791/2068/1818 2526/2067/1817
f 1791/2068/1818 573/1265/1826 1790/1261/1819
f 2526/2067/1817 1790/1261/1819 571/1259/1820
f 1792/1330/1821 2527/2069/1823 1791/2068/1818
f 574/1334/1822 1794/2070/1824 2527/2069/1823
f 1794/2070/1824 575/1271/1830 1793/1267/1825
f 2527/2069/1823 1793/1267/1825 573/1265/1826
f 1795/1333/1827 2528/2071/1828 1794/2070/1824
f 560/1332/1783 1775/1274/1785 2528/2071/1828
f 1775/1274/1785 561/2200/1790 1796/1273/1829
f 2528/2071/1828 1796/1273/1829 575/1271/1830
f 576/1339/1831 1797/1338/1834 2529/2056/1832
f 1797/1338/1834 578/1337/1836 1800/2057/1835
f 2529/2056/1832 1800/2057/1835 579/1232/1835
f 1799/1230/1833 2529/2056/1832 1798/1231/1832
f 578/1337/1836 1801/1345/1838 2530/2059/1837
f 1801/1345/1838 580/1344/1840 1803/2060/1839
f 2530/2059/1837 1803/2060/1839 581/1238/1839
f 1800/2057/1835 2530/2059/1837 1802/1237/1837
f 580/1344/1840 1804/1351/1842 2531/2061/1841
f 1804/1351/1842 582/1350/1844 1806/2062/1843
f 2531/2061/1841 1806/2062/1843 583/1244/1843
f 1803/2060/1839 2531/2061/1841 1805/1243/1841
f 582/1350/1844 1807/1357/1846 2532/2063/1845
f 1807/1357/1846 584/1360/1849 1809/2064/1847
f 2532/2063/1845 1809/2064/1847 585/1250/1847
f 1806/2062/1843 2532/2063/1845 1808/1249/1845
f 1810/1359/1848 2533/2065/1851 1809/2064/1847
f 586/1326/1850 1812/2066/1852 2533/2065/1851
f 1812/2066/1852 587/1259/1852 1811/1255/1851
f 2533/2065/1851 1811/1255/1851 585/1250/1847
f 1813/1325/1853 2534/2067/1855 1812/2066/1852
f 588/1331/1854 1815/2068/1856 2534/2067/1855
f 1815/2068/1856 589/1265/1856 1814/1261/1855
f 2534/2067/1855 1814/1261/1855 587/1259/1852
f 1816/1330/1857 2535/2069/1859 1815/2068/1856
f 590/1334/1858 1818/2070/1860 2535/2069/1859
f 1818/2070/1860 591/1271/1860 1817/1267/1859
f 2535/2069/1859 1817/1267/1859 589/1265/1856
f 1819/1333/1861 2536/2071/1862 1818/2070/1860
f 576/1332/1831 1799/1274/1833 2536/2071/1862
f 1799/1274/1833 577/2200/1833 1820/1273/1862
f 2536/2071/1862 1820/1273/1862 591/1271/1860
f 570/1326/1811 1837/1282/1864 2537/2072/1863
f 1837/1282/1864 597/1321/1906 1826/1320/1865
f 2537/2072/1863 1826/1320/1865 598/1322/1866
f 1789/1325/1815 2537/2072/1863 1838/2073/1867
f 1839/1288/1868 2538/2074/1870 1804/1351/1842
f 602/1347/1869 1831/1349/1871 2538/2074/1870
f 1831/1349/1871 603/2080/1900 1840/1303/1872
f 2538/2074/1870 1840/1303/1872 582/1350/1844
f 590/1334/1858 1841/1329/1874 2539/1333/1873
f 1841/1329/1874 607/1294/1912 1836/1293/1875
f 2539/1333/1873 1836/1293/1875 600/1275/1876
f 1819/1333/1861 2539/1333/1873 1842/1292/1877
f 1842/1295/1877 2540/1298/1878 1797/1338/1834
f 600/1227/1876 1829/1298/1879 2540/1298/1878
f 1829/1298/1879 601/1319/1907 1843/2075/1880
f 2540/1298/1878 1843/2075/1880 578/1337/1836
f 1844/1303/1881 2541/2076/1883 1783/1357/1805
f 595/1352/1882 1824/1355/1884 2541/2076/1883
f 1824/1355/1884 596/1354/1905 1845/1318/1885
f 2541/2076/1883 1845/1318/1885 568/1360/1810
f 586/1326/1850 1846/1282/1887 2542/2072/1886
f 1846/1282/1887 605/1321/1924 1834/1320/1888
f 2542/2072/1886 1834/1320/1888 606/1322/1889
f 1813/1325/1853 2542/2072/1886 1847/2073/1890
f 1848/2075/1891 2543/2077/1893 1777/1345/1793
f 593/1319/1892 1822/1342/1894 2543/2077/1893
f 1822/1342/1894 594/1347/1913 1849/1288/1895
f 2543/2077/1893 1849/1288/1895 564/1344/1797
f 572/1331/1816 1838/2073/1867 2544/2078/1896
f 1838/2073/1867 598/1322/1866 1827/2079/1897
f 2544/2078/1896 1827/2079/1897 599/1294/1898
f 1792/1330/1821 2544/2078/1896 1850/1329/1899
f 1840/1303/1872 2545/2081/1901 1807/1357/1846
f 603/2080/1900 1832/2082/1902 2545/2081/1901
f 1832/2082/1902 604/1354/1981 1851/1318/1903
f 2545/2081/1901 1851/1318/1903 584/1360/1849
f 568/1360/1810 1845/1318/1885 2546/2083/1904
f 596/1354/1905 1825/1358/1982 2546/2083/1904
f 2546/2083/1904 1825/1358/1982 597/1321/1906
f 1786/1359/1809 2546/2083/1904 1837/1282/1864
f 1843/2075/1880 2547/2077/1908 1801/1345/1838
f 601/1319/1907 1830/1342/1909 2547/2077/1908
f 1830/1342/1909 602/1347/1869 1839/1288/1868
f 2547/2077/1908 1839/1288/1868 580/1344/1840
f 588/1331/1854 1847/2073/1890 2548/2078/1910
f 1847/2073/1890 606/1322/1889 1835/2079/1911
f 2548/2078/1910 1835/2079/1911 607/1294/1912
f 1816/1330/1857 2548/2078/1910 1841/1329/1874
f 1849/1288/1895 2549/2074/1914 1780/1351/1799
f 594/1347/1913 1823/1349/1915 2549/2074/1914
f 1823/1349/1915 595/1352/1882 1844/1303/1881
f 2549/2074/1914 1844/1303/1881 566/1350/1803
f 574/1334/1822 1850/1329/1899 2550/1340/1916
f 1850/1329/1899 599/1294/1898 1828/1293/1917
f 2550/1340/1916 1828/1293/1917 592/1275/1918
f 1795/1333/1827 2550/1340/1916 1852/1292/1919
f 1852/1295/1919 2551/1298/1921 1773/1338/1786
f 1852/1295/1919 592/1227/1918 1821/1298/1920
f 2551/1298/1921 1821/1298/1920 593/1319/1892
f 2551/1298/1921 1848/2075/1891 562/1337/1791
f 584/1360/1849 1851/1318/1903 2552/2083/1922
f 1851/1318/1903 604/1354/1981 1833/1358/1923
f 2552/2083/1922 1833/1358/1923 605/1321/1924
f 1810/1359/1848 2552/2083/1922 1846/1282/1887
f 1869/2084/1925 2553/2085/1927 1826/1320/1865
f 629/1326/1926 1858/1325/1928 2553/2085/1927
f 1858/1325/1928 630/1331/1935 1870/1324/1929
f 2553/2085/1927 1870/1324/1929 598/1322/1866
f 605/1321/1924 1871/2084/1932 2554/2085/1930
f 637/1326/1931 1866/1325/1933 2554/2085/1930
f 1866/1325/1933 638/1331/1940 1872/1324/1934
f 1834/1320/1888 2554/2085/1930 1872/1324/1934
f 1870/1324/1929 2555/1328/1936 1827/2079/1897
f 630/1331/1935 1859/1330/1937 2555/1328/1936
f 1859/1330/1937 631/1334/1943 1873/1329/1938
f 2555/1328/1936 1873/1329/1938 599/1294/1898
f 606/1322/1889 1872/1324/1934 2556/1328/1939
f 638/1331/1940 1867/1330/1941 2556/1328/1939
f 1867/1330/1941 639/1334/2060 1874/1329/1942
f 1835/2079/1911 2556/1328/1939 1874/1329/1942
f 1873/1329/1938 2557/2086/1944 1828/1293/1917
f 631/1334/1943 1860/1333/2061 2557/2086/1944
f 2557/2086/1944 1860/1333/2061 624/1332/1945
f 1828/1293/1917 2557/2086/1944 1875/1292/1946
f 592/1227/1918 1875/1295/1946 2558/2087/1947
f 1875/1295/1946 624/1339/1945 1853/1338/1948
f 2558/2087/1947 1853/1338/1948 625/1337/1949
f 1821/1298/1920 2558/2087/1947 1876/1336/1950
f 607/1294/1912 1874/1329/1942 2559/1293/1951
f 1874/1329/1942 639/1334/2060 1868/1333/1952
f 2559/1293/1951 1868/1333/1952 632/1332/1953
f 1836/1293/1875 2559/1293/1951 1877/1292/1954
f 600/1227/1876 1877/1295/1954 2560/2087/1955
f 1877/1295/1954 632/1339/1953 1861/1338/1956
f 2560/2087/1955 1861/1338/1956 633/1337/1957
f 1829/1298/1879 2560/2087/1955 1878/1336/1958
f 593/1319/1892 1876/1336/1950 2561/2088/1959
f 1876/1336/1950 625/1337/1949 1854/1345/1960
f 2561/2088/1959 1854/1345/1960 626/1344/1961
f 1822/1342/1894 2561/2088/1959 1879/1343/1962
f 1878/1336/1958 2562/1341/1964 1830/1342/1909
f 1878/1336/1958 633/1337/1957 1862/1345/1963
f 2562/1341/1964 1862/1345/1963 634/1344/1965
f 2562/1341/1964 1880/1343/1966 602/1347/1869
f 594/1347/1913 1879/1343/1962 2563/1287/1967
f 1879/1343/1962 626/1344/1961 1855/1351/1968
f 2563/1287/1967 1855/1351/1968 627/1350/1969
f 1823/1349/1915 2563/1287/1967 1881/1303/1970
f 1880/1343/1966 2564/2089/1972 1831/1349/1871
f 1880/1343/1966 634/1344/1965 1863/1351/1971
f 2564/2089/1972 1863/1351/1971 635/1350/1973
f 2564/2089/1972 1882/1303/1974 603/2080/1900
f 595/1352/1882 1881/1303/1970 2565/2081/1975
f 1881/1303/1970 627/1350/1969 1856/1357/1976
f 1856/1357/1976 628/1360/1983 1883/2090/1977
f 2565/2081/1975 1883/2090/1977 596/1354/1905
f 1882/1303/1974 2566/1353/1979 1832/2082/1902
f 1882/1303/1974 635/1350/1973 1864/1357/1978
f 1864/1357/1978 636/1360/1986 1884/2090/1980
f 2566/1353/1979 1884/2090/1980 604/1354/1981
f 1883/2090/1977 2567/1317/1984 1825/1358/1982
f 628/1360/1983 1857/1359/1985 2567/1317/1984
f 1857/1359/1985 629/1326/1926 1869/2084/1925
f 2567/1317/1984 1869/2084/1925 597/1321/1906
f 1884/2090/1980 2568/1317/1987 1833/1358/1923
f 636/1360/1986 1865/1359/1988 2568/1317/1987
f 1865/1359/1988 637/1326/1931 1871/2084/1932
f 2568/1317/1987 1871/2084/1932 605/1321/1924
f 610/1361/1989 1936/2092/1989 2569/2091/1990
f 1936/2092/1989 642/1361/1989 1919/1364/1992
f 2569/2091/1990 1919/1364/1992 643/1511/1993
f 1887/1364/1991 2569/2091/1990 1935/2093/1994
f 1934/2094/1996 2570/2095/2000 1894/1369/1997
f 649/1371/1999 1926/1369/2001 2570/2095/2000
f 1926/1369/2001 650/1372/1989 1933/2096/1989
f 2570/2095/2000 1933/2096/1989 618/1372/1989
f 1901/2097/2002 2571/2098/2004 1885/1377/2002
f 625/1384/2003 1853/1383/2004 2571/2098/2004
f 1853/1383/2004 624/1424/2002 1902/2099/2002
f 2571/2098/2004 1902/2099/2002 608/1380/2002
f 1903/1386/2003 2572/1388/2002 1886/1385/2002
f 626/1390/2003 1854/1389/2003 2572/1388/2002
f 1854/1389/2003 625/1384/2003 1901/2097/2002
f 2572/1388/2002 1901/2097/2002 609/1379/2002
f 611/1391/2002 1904/1393/2002 2573/2100/2002
f 1904/1393/2002 627/1396/2002 1855/1395/2002
f 2573/2100/2002 1855/1395/2002 626/1390/2003
f 1887/1394/2002 2573/2100/2002 1903/1386/2003
f 612/1397/2002 1905/2102/2002 2574/2101/2002
f 1905/2102/2002 628/1402/2002 1856/1401/2003
f 2574/2101/2002 1856/1401/2003 627/1396/2002
f 1888/1400/2002 2574/2101/2002 1904/1393/2002
f 1906/2103/2002 2575/2104/2002 1889/1403/2004
f 629/1408/2002 1857/1407/2002 2575/2104/2002
f 1857/1407/2002 628/1402/2002 1905/2102/2002
f 2575/2104/2002 1905/2102/2002 612/1397/2002
f 1907/1410/2002 2576/2105/2002 1890/1409/2003
f 630/1414/2002 1858/1413/2002 2576/2105/2002
f 1858/1413/2002 629/1408/2002 1906/2103/2002
f 2576/2105/2002 1906/2103/2002 613/1405/2003
f 615/1415/2003 1908/1417/2002 2577/2106/2003
f 1908/1417/2002 631/1420/2002 1859/1419/2002
f 2577/2106/2003 1859/1419/2002 630/1414/2002
f 1891/1418/2003 2577/2106/2003 1907/1410/2002
f 608/1380/2002 1902/2099/2002 2578/1421/2002
f 1902/2099/2002 624/1424/2002 1860/1423/2002
f 2578/1421/2002 1860/1423/2002 631/1420/2002
f 1892/1422/2002 2578/1421/2002 1908/1417/2002
f 1909/2107/2003 2579/2108/2002 1893/1425/2002
f 633/1432/2004 1861/1431/2002 2579/2108/2002
f 1861/1431/2002 632/1472/2005 1910/2109/2002
f 2579/2108/2002 1910/2109/2002 616/1428/2002
f 1911/2110/2003 2580/2111/2002 1894/1433/2002
f 634/1438/2003 1862/1437/2002 2580/2111/2002
f 1862/1437/2002 633/1432/2004 1909/2107/2003
f 2580/2111/2002 1909/2107/2003 617/1427/2002
f 619/1439/2002 1912/2112/2002 2581/1440/2003
f 1912/2112/2002 635/1444/2002 1863/1443/2003
f 2581/1440/2003 1863/1443/2003 634/1438/2003
f 1895/1442/2003 2581/1440/2003 1911/2110/2003
f 620/1445/2002 1913/2114/2002 2582/2113/2003
f 1913/2114/2002 636/1450/2002 1864/1449/2003
f 2582/2113/2003 1864/1449/2003 635/1444/2002
f 1896/1448/2003 2582/2113/2003 1912/2112/2002
f 1914/2115/2002 2583/2116/2002 1897/1451/2002
f 637/1456/2002 1865/1455/2002 2583/2116/2002
f 1865/1455/2002 636/1450/2002 1913/2114/2002
f 2583/2116/2002 1913/2114/2002 620/1445/2002
f 1915/2117/2002 2584/1460/2002 1898/1457/2003
f 638/1462/2002 1866/1461/2002 2584/1460/2002
f 1866/1461/2002 637/1456/2002 1914/2115/2002
f 2584/1460/2002 1914/2115/2002 621/1453/2003
f 623/1463/2003 1916/2119/2002 2585/2118/2002
f 1916/2119/2002 639/1468/2005 1867/1467/2005
f 2585/2118/2002 1867/1467/2005 638/1462/2002
f 1899/1466/2003 2585/2118/2002 1915/2117/2002
f 616/1428/2002 1910/2109/2002 2586/2120/2002
f 1910/2109/2002 632/1472/2005 1868/1471/2002
f 2586/2120/2002 1868/1471/2002 639/1468/2005
f 1900/1470/2005 2586/2120/2002 1916/2119/2002
f 648/2121/2003 1932/2212/2002 2587/2122/2002
f 655/2123/2003 1931/1549/2002 2587/2122/2002
f 654/2124/2003 1930/1537/2003 2587/2122/2002
f 653/2125/2003 1929/2213/2002 2587/2122/2002
f 652/2126/2002 1928/1519/2002 2587/2122/2002
f 651/2127/2002 1927/1507/2002 2587/2122/2002
f 650/2128/2002 1926/2214/2002 2587/2122/2002
f 649/2129/2002 1925/2215/2003 2587/2122/2002
f 640/2130/2002 1924/2216/2002 2588/2131/2002
f 647/2132/2003 1923/2217/2002 2588/2131/2002
f 646/2133/2003 1922/1532/2002 2588/2131/2002
f 645/2134/2003 1921/2218/2002 2588/2131/2002
f 644/2135/2002 1920/2219/2003 2588/2131/2002
f 643/2136/2002 1919/1364/2002 2588/2131/2002
f 642/2137/2002 1918/1574/2002 2588/2131/2002
f 641/2138/2002 1917/2220/2002 2588/2131/2002
f 618/1372/1989 1933/2096/1989 2589/2139/1990
f 1933/2096/1989 650/1372/1989 1927/1507/1992
f 2589/2139/1990 1927/1507/1992 651/1517/1993
f 1895/1507/1991 2589/2139/1990 1937/2140/1994
f 611/1511/1995 1935/2093/1994 2590/2141/2006
f 1935/2093/1994 643/1511/1993 1920/1513/2008
f 2590/2141/2006 1920/1513/2008 644/1523/2009
f 1888/1513/2007 2590/2141/2006 1938/2142/2010
f 619/1517/1995 1937/2140/1994 2591/2143/2006
f 1937/2140/1994 651/1517/1993 1928/1519/2011
f 2591/2143/2006 1928/1519/2011 652/1528/2010
f 1896/1519/2007 2591/2143/2006 1939/2144/2010
f 1938/2142/2010 2592/2145/2013 1889/1522/2012
f 644/1523/2009 1921/1522/2014 2592/2145/2013
f 1921/1522/2014 645/1524/2018 1940/2146/2015
f 2592/2145/2013 1940/2146/2015 613/1524/2016
f 1939/2144/2010 2593/2147/2013 1897/1527/2012
f 652/1528/2010 1929/1527/2014 2593/2147/2013
f 1929/1527/2014 653/1529/2018 1941/2148/2015
f 2593/2147/2013 1941/2148/2015 621/1529/2016
f 1940/2146/2015 2594/2149/2019 1890/1532/2017
f 645/1524/2018 1922/1532/2020 2594/2149/2019
f 1922/1532/2020 646/1533/2021 1942/2150/2021
f 2594/2149/2019 1942/2150/2021 614/1533/2021
f 1941/2148/2015 2595/2151/2019 1898/1537/2017
f 653/1529/2018 1930/1537/2020 2595/2151/2019
f 1930/1537/2020 654/1538/2021 1943/2152/2021
f 2595/2151/2019 1943/2152/2021 622/1538/2021
f 614/1533/2021 1942/2150/2021 2596/2153/2022
f 1942/2150/2021 646/1533/2021 1923/1543/2024
f 2596/2153/2022 1923/1543/2024 647/1554/2025
f 1891/1543/2023 2596/2153/2022 1944/2154/2026
f 622/1538/2021 1943/2152/2021 2597/2155/2022
f 1943/2152/2021 654/1538/2021 1931/1549/2024
f 2597/2155/2022 1931/1549/2024 655/1565/2025
f 1899/1549/2023 2597/2155/2022 1945/2156/2026
f 615/1554/2027 1944/2154/2026 2598/2157/2028
f 1944/2154/2026 647/1554/2025 1924/1556/2030
f 2598/2157/2028 1924/1556/2030 640/1560/2031
f 1892/1556/2029 2598/2157/2028 1946/2158/2031
f 1946/2158/2031 2599/2159/2033 1885/1559/2032
f 640/1560/2031 1917/1559/2034 2599/2159/2033
f 1917/1559/2034 641/1561/1999 1947/2160/1996
f 2599/2159/2033 1947/2160/1996 609/1561/2035
f 623/1565/2027 1945/2156/2026 2600/2161/2028
f 1945/2156/2026 655/1565/2025 1932/1567/2030
f 2600/2161/2028 1932/1567/2030 648/1571/2031
f 1900/1567/2029 2600/2161/2028 1948/2162/2031
f 1948/2162/2031 2601/2163/2033 1893/1570/2032
f 648/1571/2031 1925/1570/2034 2601/2163/2033
f 1925/1570/2034 649/1371/1999 1934/2094/1996
f 2601/2163/2033 1934/2094/1996 617/1371/1998
f 1947/2160/1996 2602/2164/2000 1886/1574/1997
f 641/1561/1999 1918/1574/2036 2602/2164/2000
f 1918/1574/2036 642/1361/1989 1936/2092/1989
f 2602/2164/2000 1936/2092/1989 610/1361/1989
