# Blender 4.5.5 LTS
# www.blender.org
o Hair
v -0.126271 0.841363 -0.111087
v -0.115656 0.841991 -0.113156
v -0.108501 0.841972 -0.112101
v -0.103263 0.841205 -0.107173
v -0.098397 0.839593 -0.097624
v -0.126696 0.823111 -0.112881
v -0.116248 0.823943 -0.116125
v -0.108930 0.824058 -0.115846
v -0.103104 0.823388 -0.111458
v -0.097131 0.821863 -0.102377
v -0.126493 0.806489 -0.114873
v -0.116400 0.807425 -0.118759
v -0.109159 0.807617 -0.118963
v -0.103112 0.807015 -0.115014
v -0.096604 0.805566 -0.106442
v -0.125772 0.791513 -0.117159
v -0.116120 0.792453 -0.121148
v -0.109132 0.792659 -0.121514
v -0.103199 0.792086 -0.117844
v -0.096709 0.790687 -0.109722
v -0.124590 0.778180 -0.119714
v -0.115443 0.779028 -0.123302
v -0.108865 0.779187 -0.123531
v -0.103349 0.778605 -0.119983
v -0.097387 0.777229 -0.112243
v -0.122955 0.766467 -0.122402
v -0.114431 0.767136 -0.125166
v -0.108435 0.767196 -0.125018
v -0.103618 0.766579 -0.121497
v -0.098633 0.765213 -0.114142
v -0.120852 0.756331 -0.124978
v -0.113184 0.756750 -0.126627
v -0.107982 0.756677 -0.125970
v -0.104117 0.756019 -0.122487
v -0.100459 0.754685 -0.115662
v -0.118314 0.747573 -0.127131
v -0.111860 0.747720 -0.127573
v -0.107700 0.747544 -0.126423
v -0.104977 0.746950 -0.123122
v -0.102833 0.745842 -0.117116
v -0.115833 0.739329 -0.128304
v -0.110809 0.739342 -0.127870
v -0.107748 0.739201 -0.126475
v -0.106059 0.738844 -0.123585
v -0.105150 0.738208 -0.118663
v -0.113842 0.731158 -0.128341
v -0.110149 0.731196 -0.127519
v -0.108013 0.731173 -0.126171
v -0.107047 0.731073 -0.123839
v -0.106866 0.730883 -0.120064
v -0.112303 0.723295 -0.127476
v -0.109757 0.723399 -0.126611
v -0.108352 0.723478 -0.125494
v -0.107851 0.723550 -0.123770
v -0.108019 0.723633 -0.121084
v -0.111131 0.715786 -0.125910
v -0.109515 0.715932 -0.125209
v -0.108660 0.716063 -0.124407
v -0.108431 0.716212 -0.123259
v -0.108694 0.716413 -0.121523
v -0.110222 0.708623 -0.123785
v -0.109326 0.708761 -0.123338
v -0.108868 0.708886 -0.122859
v -0.108780 0.709031 -0.122206
v -0.108993 0.709230 -0.121238
v -0.109481 0.701765 -0.121192
v -0.109116 0.701847 -0.120998
v -0.108933 0.701921 -0.120797
v -0.108908 0.702006 -0.120530
v -0.109013 0.702123 -0.120139
v -0.108831 0.695154 -0.118178
v -0.108831 0.695154 -0.118178
v -0.108831 0.695154 -0.118178
v -0.108831 0.695154 -0.118178
v -0.108831 0.695154 -0.118178
v -0.099657 0.834356 -0.088494
v -0.099355 0.833398 -0.071473
v -0.102716 0.831334 -0.060796
v -0.111224 0.827416 -0.054327
v -0.126361 0.820897 -0.049931
v -0.094347 0.814413 -0.085486
v -0.094549 0.814179 -0.071584
v -0.097594 0.812897 -0.062909
v -0.104758 0.810051 -0.057736
v -0.117317 0.805125 -0.054342
v -0.090642 0.797694 -0.082366
v -0.090955 0.798143 -0.071089
v -0.093543 0.797562 -0.064034
v -0.099471 0.795639 -0.059795
v -0.109804 0.792059 -0.056964
v -0.088167 0.783843 -0.079081
v -0.088393 0.784870 -0.069984
v -0.090498 0.784886 -0.064245
v -0.095353 0.783750 -0.060708
v -0.103828 0.781322 -0.058218
v -0.086662 0.772506 -0.075652
v -0.086710 0.773966 -0.068341
v -0.088362 0.774457 -0.063671
v -0.092320 0.773979 -0.060691
v -0.099285 0.772532 -0.058446
v -0.085928 0.763327 -0.072174
v -0.085764 0.765055 -0.066285
v -0.087016 0.765889 -0.062473
v -0.090243 0.765938 -0.059948
v -0.096006 0.765311 -0.057920
v -0.085798 0.755953 -0.068802
v -0.085415 0.757775 -0.063993
v -0.086323 0.758814 -0.060839
v -0.088967 0.759253 -0.058678
v -0.093791 0.759278 -0.056847
v -0.086111 0.750027 -0.065735
v -0.085517 0.751772 -0.061672
v -0.086138 0.752877 -0.058977
v -0.088327 0.753564 -0.057076
v -0.092433 0.754056 -0.055398
v -0.086692 0.745188 -0.063175
v -0.085913 0.746700 -0.059550
v -0.086308 0.747733 -0.057116
v -0.088157 0.748515 -0.055351
v -0.091743 0.749270 -0.053732
v -0.087361 0.741079 -0.061277
v -0.086435 0.742213 -0.057840
v -0.086667 0.743040 -0.055498
v -0.088288 0.743753 -0.053742
v -0.091531 0.744544 -0.052061
v -0.087966 0.737247 -0.060079
v -0.086928 0.737925 -0.056690
v -0.087052 0.738458 -0.054344
v -0.088539 0.738977 -0.052522
v -0.091592 0.739613 -0.050703
v -0.088471 0.733327 -0.059484
v -0.087340 0.733573 -0.056107
v -0.087390 0.733808 -0.053736
v -0.088804 0.734096 -0.051840
v -0.091764 0.734503 -0.049885
v -0.088914 0.729238 -0.059371
v -0.087706 0.729116 -0.056018
v -0.087701 0.729088 -0.053637
v -0.089070 0.729160 -0.051690
v -0.091982 0.729336 -0.049637
v -0.089316 0.724999 -0.059641
v -0.088059 0.724572 -0.056355
v -0.088014 0.724319 -0.054003
v -0.089341 0.724194 -0.052048
v -0.092201 0.724150 -0.049954
v -0.089690 0.720615 -0.060193
v -0.088427 0.719955 -0.057052
v -0.088356 0.719525 -0.054791
v -0.089625 0.719236 -0.052891
v -0.092387 0.718998 -0.050835
v -0.090048 0.716081 -0.060926
v -0.088842 0.715278 -0.058041
v -0.088758 0.714732 -0.055958
v -0.089933 0.714326 -0.054197
v -0.092503 0.713940 -0.052280
v -0.090402 0.711385 -0.061737
v -0.089333 0.710551 -0.059257
v -0.089251 0.709969 -0.057463
v -0.090273 0.709511 -0.055944
v -0.092516 0.709047 -0.054287
v -0.090765 0.706509 -0.062527
v -0.089932 0.705781 -0.060637
v -0.089865 0.705264 -0.059270
v -0.090654 0.704841 -0.058114
v -0.092390 0.704395 -0.056853
v -0.091152 0.701430 -0.063198
v -0.090669 0.700973 -0.062120
v -0.090629 0.700643 -0.061343
v -0.091085 0.700364 -0.060688
v -0.092088 0.700061 -0.059975
v -0.091574 0.696127 -0.063650
v -0.091574 0.696127 -0.063650
v -0.091574 0.696127 -0.063650
v -0.091574 0.696127 -0.063650
v -0.091574 0.696127 -0.063650
v -0.103347 0.843572 -0.098661
v -0.102402 0.843576 -0.096711
v -0.102238 0.843480 -0.095277
v -0.102920 0.843242 -0.094024
v -0.104514 0.842821 -0.092617
v -0.100084 0.827857 -0.100677
v -0.099216 0.827720 -0.098324
v -0.099193 0.827525 -0.096659
v -0.100131 0.827207 -0.095306
v -0.102142 0.826702 -0.093888
v -0.097285 0.813014 -0.102898
v -0.096577 0.812708 -0.100253
v -0.096725 0.812408 -0.098445
v -0.097895 0.812028 -0.097078
v -0.100250 0.811484 -0.095755
v -0.095001 0.799022 -0.105340
v -0.094502 0.798537 -0.102529
v -0.094827 0.798137 -0.100666
v -0.096186 0.797722 -0.099354
v -0.098789 0.797188 -0.098200
v -0.093271 0.785862 -0.108030
v -0.093002 0.785207 -0.105181
v -0.093489 0.784726 -0.103345
v -0.094978 0.784305 -0.102144
v -0.097718 0.783832 -0.101198
v -0.092127 0.773523 -0.110996
v -0.092081 0.772727 -0.108236
v -0.092698 0.772189 -0.106502
v -0.094249 0.771794 -0.105446
v -0.097005 0.771426 -0.104720
v -0.091593 0.762003 -0.114268
v -0.091741 0.761109 -0.111716
v -0.092443 0.760548 -0.110147
v -0.093978 0.760207 -0.109256
v -0.096626 0.759974 -0.108735
v -0.091687 0.751302 -0.117874
v -0.091981 0.750372 -0.115636
v -0.092711 0.749825 -0.114285
v -0.094148 0.749559 -0.113565
v -0.096564 0.749475 -0.113216
v -0.092421 0.741430 -0.121838
v -0.092796 0.740539 -0.120004
v -0.093490 0.740045 -0.118913
v -0.094746 0.739867 -0.118360
v -0.096807 0.739919 -0.118139
v -0.093800 0.732401 -0.126175
v -0.094181 0.731639 -0.124818
v -0.094768 0.731241 -0.124016
v -0.095758 0.731146 -0.123623
v -0.097349 0.731292 -0.123489
v -0.092261 0.790183 -0.096965
v -0.091303 0.790991 -0.095198
v -0.091137 0.791630 -0.093911
v -0.091828 0.792258 -0.092806
v -0.093443 0.793034 -0.091586
v -0.092481 0.782718 -0.093385
v -0.091727 0.783525 -0.091473
v -0.091720 0.784122 -0.090125
v -0.092565 0.784649 -0.089038
v -0.094367 0.785248 -0.087909
v -0.092419 0.775154 -0.090213
v -0.091868 0.775923 -0.088170
v -0.092014 0.776456 -0.086773
v -0.092997 0.776872 -0.085716
v -0.094959 0.777289 -0.084692
v -0.092078 0.767483 -0.087451
v -0.091727 0.768180 -0.085294
v -0.092016 0.768631 -0.083859
v -0.093121 0.768929 -0.082842
v -0.095216 0.769167 -0.081936
v -0.091461 0.759695 -0.085099
v -0.091299 0.760292 -0.082845
v -0.091721 0.760646 -0.081385
v -0.092932 0.760823 -0.080417
v -0.095136 0.760889 -0.079638
v -0.090568 0.751783 -0.083161
v -0.090582 0.752256 -0.080827
v -0.091125 0.752502 -0.079352
v -0.092427 0.752560 -0.078441
v -0.094719 0.752466 -0.077796
v -0.089399 0.743737 -0.081641
v -0.089573 0.744069 -0.079242
v -0.090223 0.744201 -0.077763
v -0.091602 0.744144 -0.076914
v -0.093965 0.743904 -0.076406
v -0.087952 0.735552 -0.080541
v -0.088268 0.735731 -0.078094
v -0.089013 0.735746 -0.076619
v -0.090457 0.735579 -0.075837
v -0.092876 0.735210 -0.075465
v -0.086224 0.727224 -0.079867
v -0.086666 0.727242 -0.077385
v -0.087491 0.727140 -0.075922
v -0.088991 0.726871 -0.075207
v -0.091455 0.726389 -0.074968
v -0.084213 0.718750 -0.079623
v -0.084762 0.718604 -0.077118
v -0.085656 0.718386 -0.075671
v -0.087201 0.718023 -0.075022
v -0.089702 0.717442 -0.074910
v -0.090598 0.792872 -0.091827
v -0.090318 0.793496 -0.090737
v -0.090411 0.793996 -0.090045
v -0.090956 0.794498 -0.089611
v -0.092034 0.795126 -0.089294
v -0.093072 0.784939 -0.086800
v -0.092940 0.785562 -0.085653
v -0.093141 0.786030 -0.084941
v -0.093783 0.786453 -0.084523
v -0.094971 0.786942 -0.084256
v -0.094730 0.777113 -0.082558
v -0.094744 0.777695 -0.081355
v -0.095050 0.778103 -0.080623
v -0.095776 0.778428 -0.080220
v -0.097053 0.778762 -0.080006
v -0.095578 0.769395 -0.079098
v -0.095732 0.769892 -0.077840
v -0.096132 0.770213 -0.077089
v -0.096930 0.770422 -0.076705
v -0.098273 0.770586 -0.076546
v -0.095627 0.761776 -0.076414
v -0.095905 0.762147 -0.075106
v -0.096386 0.762354 -0.074341
v -0.097236 0.762434 -0.073981
v -0.098621 0.762422 -0.073884
v -0.094882 0.754245 -0.074497
v -0.095261 0.754451 -0.073150
v -0.095804 0.754524 -0.072381
v -0.096687 0.754467 -0.072052
v -0.098090 0.754282 -0.072028
v -0.093347 0.746781 -0.073342
v -0.093799 0.746796 -0.071973
v -0.094382 0.746724 -0.071211
v -0.095280 0.746531 -0.070924
v -0.096679 0.746185 -0.070983
v -0.091017 0.739365 -0.072947
v -0.091512 0.739177 -0.071577
v -0.092114 0.738957 -0.070835
v -0.093011 0.738638 -0.070600
v -0.094390 0.738152 -0.070750
v -0.087884 0.731980 -0.073317
v -0.088395 0.731591 -0.071965
v -0.088999 0.731230 -0.071255
v -0.089884 0.730799 -0.071079
v -0.091233 0.730199 -0.071326
v -0.083937 0.724619 -0.074458
v -0.084442 0.724039 -0.073140
v -0.085036 0.723550 -0.072473
v -0.085901 0.723024 -0.072360
v -0.087218 0.722335 -0.072704
v -0.252610 0.836705 -0.067919
v -0.262289 0.836586 -0.063054
v -0.267286 0.836118 -0.057847
v -0.268355 0.835119 -0.050764
v -0.266251 0.833405 -0.040271
v -0.252168 0.818485 -0.070008
v -0.262446 0.818553 -0.066171
v -0.268055 0.818192 -0.061475
v -0.269925 0.817238 -0.054458
v -0.268985 0.815527 -0.043657
v -0.252450 0.801845 -0.071835
v -0.262847 0.802026 -0.068721
v -0.268696 0.801736 -0.064452
v -0.271011 0.800825 -0.057645
v -0.270810 0.799144 -0.046918
v -0.253428 0.786806 -0.073541
v -0.263540 0.787018 -0.070776
v -0.269289 0.786755 -0.066791
v -0.271688 0.785875 -0.060273
v -0.271750 0.784234 -0.049913
v -0.255042 0.773371 -0.075141
v -0.264506 0.773532 -0.072370
v -0.269844 0.773252 -0.068527
v -0.271988 0.772388 -0.062362
v -0.271869 0.770796 -0.052625
v -0.257202 0.761518 -0.076531
v -0.265659 0.761560 -0.073494
v -0.270302 0.761229 -0.069711
v -0.271908 0.760374 -0.063995
v -0.271255 0.758849 -0.055160
v -0.259767 0.751209 -0.077513
v -0.266851 0.751085 -0.074121
v -0.270547 0.750684 -0.070424
v -0.271424 0.749851 -0.065321
v -0.270050 0.748433 -0.057715
v -0.262507 0.742257 -0.077862
v -0.267878 0.741968 -0.074264
v -0.270444 0.741544 -0.070815
v -0.270536 0.740847 -0.066553
v -0.268483 0.739735 -0.060516
v -0.264637 0.733843 -0.077459
v -0.268336 0.733535 -0.074045
v -0.269888 0.733224 -0.071074
v -0.269431 0.732821 -0.067763
v -0.267097 0.732237 -0.063328
v -0.265692 0.725560 -0.076456
v -0.268104 0.725372 -0.073548
v -0.268964 0.725239 -0.071177
v -0.268294 0.725129 -0.068744
v -0.266116 0.725012 -0.065650
v -0.265858 0.717634 -0.075009
v -0.267345 0.717590 -0.072766
v -0.267775 0.717601 -0.071021
v -0.267121 0.717678 -0.069350
v -0.265353 0.717833 -0.067325
v -0.265330 0.710101 -0.073222
v -0.266186 0.710157 -0.071677
v -0.266379 0.710248 -0.070517
v -0.265868 0.710408 -0.069466
v -0.264613 0.710665 -0.068248
v -0.264276 0.702943 -0.071147
v -0.264719 0.703032 -0.070243
v -0.264795 0.703138 -0.069581
v -0.264476 0.703291 -0.069007
v -0.263729 0.703525 -0.068367
v -0.262823 0.696112 -0.068797
v -0.262998 0.696174 -0.068419
v -0.263024 0.696240 -0.068146
v -0.262887 0.696329 -0.067918
v -0.262573 0.696462 -0.067670
v -0.261058 0.689542 -0.066164
v -0.261058 0.689542 -0.066164
v -0.261058 0.689542 -0.066164
v -0.261058 0.689542 -0.066164
v -0.261058 0.689542 -0.066164
v -0.259331 0.828469 -0.033935
v -0.249103 0.827877 -0.020306
v -0.239790 0.826280 -0.013960
v -0.228868 0.823079 -0.014130
v -0.213812 0.817673 -0.020051
v -0.260366 0.808293 -0.028760
v -0.251695 0.808386 -0.017890
v -0.243906 0.807503 -0.012916
v -0.234906 0.805253 -0.013266
v -0.222601 0.801243 -0.018368
v -0.260279 0.791441 -0.024404
v -0.253169 0.792163 -0.015663
v -0.246778 0.791913 -0.011676
v -0.239384 0.790481 -0.011988
v -0.229268 0.787655 -0.016145
v -0.259309 0.777533 -0.020604
v -0.253640 0.778778 -0.013522
v -0.248473 0.779062 -0.010268
v -0.242407 0.778329 -0.010462
v -0.234040 0.776522 -0.013727
v -0.257653 0.766202 -0.017227
v -0.253243 0.767827 -0.011439
v -0.249118 0.768531 -0.008743
v -0.244143 0.768382 -0.008815
v -0.237183 0.767449 -0.011329
v -0.255501 0.757076 -0.014233
v -0.252145 0.758921 -0.009435
v -0.248883 0.759922 -0.007166
v -0.244797 0.760240 -0.007139
v -0.238971 0.760040 -0.009071
v -0.253057 0.749787 -0.011653
v -0.250540 0.751687 -0.007572
v -0.247964 0.752855 -0.005608
v -0.244587 0.753516 -0.005505
v -0.239665 0.753900 -0.007004
v -0.250544 0.743965 -0.009551
v -0.248645 0.745759 -0.005934
v -0.246580 0.746962 -0.004156
v -0.243738 0.747835 -0.003974
v -0.239505 0.748634 -0.005145
v -0.248202 0.739234 -0.007989
v -0.246701 0.740772 -0.004611
v -0.244970 0.741884 -0.002904
v -0.242484 0.742825 -0.002620
v -0.238716 0.743852 -0.003513
v -0.246244 0.735222 -0.006989
v -0.244948 0.736369 -0.003678
v -0.243389 0.737262 -0.001949
v -0.241084 0.738120 -0.001534
v -0.237550 0.739161 -0.002168
v -0.244782 0.731466 -0.006497
v -0.243574 0.732150 -0.003166
v -0.242078 0.732743 -0.001374
v -0.239825 0.733399 -0.000829
v -0.236348 0.734276 -0.001242
v -0.243762 0.727602 -0.006423
v -0.242606 0.727849 -0.003055
v -0.241133 0.728140 -0.001205
v -0.238878 0.728563 -0.000562
v -0.235374 0.729209 -0.000816
v -0.243073 0.723555 -0.006697
v -0.241968 0.723429 -0.003309
v -0.240515 0.723455 -0.001423
v -0.238251 0.723660 -0.000717
v -0.234711 0.724074 -0.000869
v -0.242642 0.719346 -0.007252
v -0.241597 0.718911 -0.003893
v -0.240178 0.718709 -0.002011
v -0.237928 0.718717 -0.001278
v -0.234389 0.718909 -0.001371
v -0.242395 0.714985 -0.008016
v -0.241427 0.714314 -0.004774
v -0.240073 0.713932 -0.002951
v -0.237892 0.713770 -0.002231
v -0.234442 0.713761 -0.002297
v -0.242262 0.710470 -0.008916
v -0.241396 0.709654 -0.005915
v -0.240153 0.709151 -0.004228
v -0.238124 0.708863 -0.003562
v -0.234899 0.708690 -0.003625
v -0.242169 0.705790 -0.009880
v -0.241440 0.704943 -0.007284
v -0.240371 0.704398 -0.005828
v -0.238606 0.704043 -0.005261
v -0.235793 0.703765 -0.005331
v -0.242044 0.700932 -0.010838
v -0.241497 0.700193 -0.008849
v -0.240681 0.699704 -0.007739
v -0.239324 0.699360 -0.007316
v -0.237154 0.699058 -0.007389
v -0.241814 0.695876 -0.011719
v -0.241505 0.695412 -0.010582
v -0.241040 0.695098 -0.009950
v -0.240262 0.694865 -0.009716
v -0.239015 0.694645 -0.009772
v -0.241407 0.690603 -0.012455
v -0.241407 0.690603 -0.012455
v -0.241407 0.690603 -0.012455
v -0.241407 0.690603 -0.012455
v -0.241407 0.690603 -0.012455
v -0.263242 0.837677 -0.044027
v -0.262796 0.837663 -0.041907
v -0.262043 0.837589 -0.040674
v -0.260723 0.837425 -0.040105
v -0.258578 0.837141 -0.039975
v -0.266012 0.821740 -0.043982
v -0.265250 0.821599 -0.041593
v -0.264237 0.821440 -0.040266
v -0.262649 0.821215 -0.039775
v -0.260162 0.820877 -0.039894
v -0.268598 0.806699 -0.044363
v -0.267520 0.806406 -0.041845
v -0.266278 0.806157 -0.040512
v -0.264495 0.805886 -0.040153
v -0.261792 0.805529 -0.040558
v -0.270970 0.792534 -0.045214
v -0.269613 0.792081 -0.042697
v -0.268191 0.791746 -0.041430
v -0.266291 0.791451 -0.041232
v -0.263497 0.791116 -0.041922
v -0.273110 0.779231 -0.046581
v -0.271538 0.778625 -0.044178
v -0.270000 0.778219 -0.043034
v -0.268063 0.777924 -0.043003
v -0.265293 0.777654 -0.043940
v -0.275012 0.766781 -0.048506
v -0.273309 0.766046 -0.046313
v -0.271727 0.765589 -0.045330
v -0.269832 0.765321 -0.045452
v -0.267190 0.765152 -0.046570
v -0.276673 0.755179 -0.051029
v -0.274938 0.754355 -0.049120
v -0.273388 0.753877 -0.048321
v -0.271610 0.753659 -0.048561
v -0.269188 0.753612 -0.049773
v -0.278097 0.744430 -0.054181
v -0.276436 0.743572 -0.052610
v -0.274999 0.743104 -0.052000
v -0.273407 0.742951 -0.052315
v -0.271283 0.743034 -0.053517
v -0.279290 0.734541 -0.057987
v -0.277814 0.733718 -0.056786
v -0.276568 0.733296 -0.056358
v -0.275227 0.733213 -0.056692
v -0.273470 0.733406 -0.057776
v -0.280257 0.725527 -0.062465
v -0.279077 0.724822 -0.061641
v -0.278099 0.724482 -0.061375
v -0.277071 0.724461 -0.061671
v -0.275744 0.724715 -0.062534
v -0.267429 0.783725 -0.037113
v -0.267158 0.784508 -0.035111
v -0.266544 0.785163 -0.033976
v -0.265366 0.785860 -0.033511
v -0.263397 0.786768 -0.033516
v -0.264575 0.776373 -0.034583
v -0.264054 0.777171 -0.032591
v -0.263276 0.777797 -0.031507
v -0.261980 0.778404 -0.031151
v -0.259908 0.779145 -0.031346
v -0.262187 0.768895 -0.032206
v -0.261423 0.769672 -0.030236
v -0.260489 0.770245 -0.029208
v -0.259095 0.770748 -0.028963
v -0.256950 0.771317 -0.029342
v -0.260261 0.761283 -0.029985
v -0.259266 0.762004 -0.028048
v -0.258191 0.762505 -0.027080
v -0.256717 0.762897 -0.026943
v -0.254527 0.763293 -0.027501
v -0.258797 0.753526 -0.027923
v -0.257587 0.754162 -0.026027
v -0.256385 0.754575 -0.025122
v -0.254849 0.754854 -0.025092
v -0.252639 0.755083 -0.025821
v -0.257795 0.745618 -0.026022
v -0.256389 0.746143 -0.024173
v -0.255076 0.746458 -0.023332
v -0.253496 0.746622 -0.023406
v -0.251287 0.746694 -0.024299
v -0.257258 0.737549 -0.024286
v -0.255676 0.737945 -0.022487
v -0.254269 0.738154 -0.021711
v -0.252658 0.738206 -0.021884
v -0.250468 0.738135 -0.022931
v -0.257187 0.729313 -0.022716
v -0.255454 0.729568 -0.020969
v -0.253967 0.729665 -0.020257
v -0.252338 0.729611 -0.020525
v -0.250178 0.729411 -0.021717
v -0.257589 0.720906 -0.021314
v -0.255725 0.721010 -0.019620
v -0.254173 0.720995 -0.018969
v -0.252535 0.720842 -0.019326
v -0.250414 0.720529 -0.020654
v -0.258467 0.712326 -0.020084
v -0.256494 0.712273 -0.018440
v -0.254890 0.712147 -0.017846
v -0.253250 0.711901 -0.018286
v -0.251171 0.711489 -0.019739
v -0.265778 0.786414 -0.031970
v -0.265373 0.787042 -0.030923
v -0.264910 0.787563 -0.030421
v -0.264248 0.788109 -0.030399
v -0.263246 0.788814 -0.030794
v -0.260230 0.778777 -0.029684
v -0.259676 0.779415 -0.028682
v -0.259112 0.779911 -0.028232
v -0.258378 0.780385 -0.028283
v -0.257311 0.780957 -0.028787
v -0.255815 0.771175 -0.027518
v -0.255107 0.771783 -0.026561
v -0.254445 0.772227 -0.026160
v -0.253647 0.772608 -0.026278
v -0.252531 0.773030 -0.026881
v -0.252522 0.763609 -0.025473
v -0.251664 0.764144 -0.024560
v -0.250911 0.764507 -0.024204
v -0.250061 0.764777 -0.024382
v -0.248915 0.765033 -0.025074
v -0.250341 0.756073 -0.023551
v -0.249346 0.756490 -0.022677
v -0.248513 0.756746 -0.022361
v -0.247628 0.756889 -0.022594
v -0.246476 0.756971 -0.023364
v -0.249260 0.748553 -0.021749
v -0.248151 0.748814 -0.020910
v -0.247258 0.748941 -0.020631
v -0.246356 0.748950 -0.020912
v -0.245223 0.748858 -0.021755
v -0.249273 0.741033 -0.020065
v -0.248080 0.741109 -0.019258
v -0.247150 0.741092 -0.019012
v -0.246254 0.740965 -0.019339
v -0.245163 0.740711 -0.020248
v -0.250380 0.733490 -0.018496
v -0.249140 0.733366 -0.017718
v -0.248196 0.733203 -0.017504
v -0.247324 0.732949 -0.017873
v -0.246296 0.732552 -0.018846
v -0.252590 0.725908 -0.017039
v -0.251335 0.725584 -0.016290
v -0.250401 0.725280 -0.016107
v -0.249567 0.724912 -0.016518
v -0.248614 0.724397 -0.017552
v -0.255914 0.718279 -0.015696
v -0.254673 0.717764 -0.014975
v -0.253765 0.717329 -0.014821
v -0.252979 0.716864 -0.015272
v -0.252104 0.716256 -0.016364
v -0.122493 0.849274 0.032888
v -0.120252 0.851737 0.040631
v -0.120481 0.852613 0.046184
v -0.123598 0.851924 0.050818
v -0.130023 0.849694 0.055802
v -0.118595 0.840003 0.036872
v -0.116953 0.841769 0.043209
v -0.117279 0.842382 0.047683
v -0.119949 0.841851 0.051300
v -0.125338 0.840186 0.055070
v -0.115504 0.831117 0.040402
v -0.114351 0.832332 0.045448
v -0.114723 0.832750 0.048954
v -0.116945 0.832376 0.051696
v -0.121342 0.831214 0.054455
v -0.113198 0.822643 0.043479
v -0.112431 0.823434 0.047362
v -0.112805 0.823712 0.050015
v -0.114591 0.823483 0.052020
v -0.118057 0.822752 0.053958
v -0.111654 0.814604 0.046103
v -0.111182 0.815085 0.048963
v -0.111523 0.815268 0.050886
v -0.112894 0.815162 0.052286
v -0.115506 0.814776 0.053576
v -0.110848 0.807023 0.048280
v -0.110587 0.807292 0.050269
v -0.110871 0.807412 0.051584
v -0.111860 0.807398 0.052504
v -0.113713 0.807262 0.053307
v -0.110751 0.799920 0.050016
v -0.110629 0.800053 0.051296
v -0.110842 0.800133 0.052127
v -0.111499 0.800174 0.052685
v -0.112708 0.800192 0.053142
v -0.111332 0.793303 0.051323
v -0.111290 0.793361 0.052063
v -0.111430 0.793413 0.052537
v -0.111818 0.793473 0.052840
v -0.112521 0.793557 0.053070
v -0.112558 0.787168 0.052216
v -0.112552 0.787189 0.052593
v -0.112631 0.787222 0.052831
v -0.112831 0.787275 0.052976
v -0.113185 0.787361 0.053077
v -0.114400 0.781489 0.052712
v -0.114405 0.781498 0.052908
v -0.114449 0.781519 0.053029
v -0.114552 0.781560 0.053100
v -0.114730 0.781629 0.053144
v -0.109123 0.859604 0.021629
v -0.107747 0.861016 0.025545
v -0.107692 0.861525 0.028427
v -0.109131 0.861148 0.030947
v -0.112238 0.859900 0.033780
v -0.104392 0.850549 0.024178
v -0.103319 0.851544 0.027451
v -0.103326 0.851870 0.029823
v -0.104568 0.851523 0.031839
v -0.107203 0.850499 0.034048
v -0.100170 0.841517 0.026340
v -0.099358 0.842183 0.029011
v -0.099408 0.842372 0.030917
v -0.100456 0.842069 0.032492
v -0.102641 0.841259 0.034170
v -0.096453 0.832522 0.028111
v -0.095860 0.832937 0.030229
v -0.095935 0.833029 0.031719
v -0.096795 0.832779 0.032915
v -0.098559 0.832165 0.034151
v -0.093232 0.823578 0.029491
v -0.092818 0.823811 0.031113
v -0.092904 0.823841 0.032237
v -0.093587 0.823645 0.033114
v -0.094962 0.823204 0.033992
v -0.090501 0.814697 0.030479
v -0.090227 0.814808 0.031668
v -0.090312 0.814802 0.032481
v -0.090831 0.814660 0.033097
v -0.091860 0.814363 0.033693
v -0.088250 0.805894 0.031078
v -0.088082 0.805930 0.031903
v -0.088157 0.805908 0.032460
v -0.088531 0.805812 0.032869
v -0.089259 0.805628 0.033251
v -0.086470 0.797178 0.031289
v -0.086377 0.797176 0.031825
v -0.086437 0.797151 0.032182
v -0.086688 0.797092 0.032437
v -0.087171 0.796989 0.032666
v -0.085152 0.788558 0.031117
v -0.085105 0.788542 0.031441
v -0.085148 0.788521 0.031655
v -0.085306 0.788489 0.031804
v -0.085605 0.788438 0.031931
v -0.084283 0.780040 0.030567
v -0.084261 0.780023 0.030761
v -0.084291 0.780007 0.030888
v -0.084389 0.779990 0.030973
v -0.084571 0.779968 0.031043
v -0.141215 0.858777 0.040661
v -0.143607 0.861242 0.042353
v -0.145781 0.862398 0.043042
v -0.148324 0.862385 0.042783
v -0.151825 0.861346 0.041627
v -0.141584 0.853696 0.047209
v -0.144216 0.856074 0.048999
v -0.146537 0.857149 0.049699
v -0.149165 0.857042 0.049353
v -0.152716 0.855872 0.048005
v -0.141906 0.848889 0.052848
v -0.144753 0.851130 0.054738
v -0.147200 0.852106 0.055448
v -0.149887 0.851915 0.055011
v -0.153453 0.850652 0.053460
v -0.142180 0.844350 0.057573
v -0.145215 0.846396 0.059574
v -0.147765 0.847253 0.060296
v -0.150486 0.846994 0.059762
v -0.154036 0.845694 0.057994
v -0.142406 0.840074 0.061384
v -0.145599 0.841852 0.063508
v -0.148228 0.842566 0.064246
v -0.150960 0.842266 0.063609
v -0.154466 0.841003 0.061609
v -0.142584 0.836055 0.064282
v -0.145901 0.837470 0.066535
v -0.148583 0.838011 0.067290
v -0.151306 0.837706 0.066546
v -0.154743 0.836585 0.064304
v -0.142712 0.832285 0.066269
v -0.146114 0.833213 0.068638
v -0.148825 0.833544 0.069403
v -0.151519 0.833286 0.068553
v -0.154868 0.832447 0.066075
v -0.142793 0.828939 0.067298
v -0.146225 0.829232 0.069726
v -0.148932 0.829262 0.070494
v -0.151581 0.829000 0.069582
v -0.154840 0.828415 0.066971
v -0.142724 0.825844 0.067715
v -0.146053 0.825458 0.070062
v -0.148663 0.825102 0.070783
v -0.151195 0.824676 0.069851
v -0.154290 0.824083 0.067239
v -0.142370 0.822371 0.067871
v -0.145424 0.821464 0.069975
v -0.147806 0.820789 0.070579
v -0.150099 0.820188 0.069643
v -0.152886 0.819501 0.067123
v -0.141652 0.818276 0.067711
v -0.144302 0.817084 0.069464
v -0.146360 0.816250 0.069914
v -0.148327 0.815589 0.069006
v -0.150706 0.814914 0.066679
v -0.140522 0.813576 0.067175
v -0.142671 0.812335 0.068513
v -0.144331 0.811497 0.068802
v -0.145906 0.810881 0.067976
v -0.147798 0.810305 0.065965
v -0.138953 0.808308 0.066213
v -0.140517 0.807241 0.067110
v -0.141718 0.806539 0.067256
v -0.142845 0.806053 0.066585
v -0.144189 0.805636 0.065031
v -0.136932 0.802512 0.064783
v -0.137829 0.801824 0.065244
v -0.138512 0.801382 0.065286
v -0.139145 0.801094 0.064861
v -0.139892 0.800868 0.063922
v -0.134452 0.796230 0.062843
v -0.134595 0.796111 0.062907
v -0.134702 0.796036 0.062906
v -0.134800 0.795990 0.062832
v -0.134914 0.795959 0.062676
v -0.188366 0.850942 0.058401
v -0.192354 0.852558 0.059242
v -0.195181 0.853233 0.058900
v -0.197487 0.853028 0.057109
v -0.199911 0.851999 0.053602
v -0.191715 0.842994 0.061972
v -0.195060 0.844113 0.062616
v -0.197391 0.844549 0.062293
v -0.199228 0.844330 0.060774
v -0.201090 0.843483 0.057827
v -0.194448 0.835292 0.064941
v -0.197186 0.836009 0.065420
v -0.199063 0.836261 0.065126
v -0.200490 0.836052 0.063865
v -0.201880 0.835388 0.061441
v -0.196563 0.827850 0.067316
v -0.198738 0.828254 0.067658
v -0.200205 0.828369 0.067399
v -0.201282 0.828187 0.066378
v -0.202284 0.827700 0.064436
v -0.198056 0.820681 0.069100
v -0.199721 0.820856 0.069332
v -0.200827 0.820879 0.069112
v -0.201610 0.820735 0.068313
v -0.202305 0.820407 0.066807
v -0.198926 0.813799 0.070302
v -0.200142 0.813823 0.070446
v -0.200939 0.813791 0.070266
v -0.201484 0.813688 0.069666
v -0.201945 0.813495 0.068547
v -0.199174 0.807218 0.070927
v -0.200011 0.807159 0.071004
v -0.200553 0.807104 0.070865
v -0.200912 0.807039 0.070437
v -0.201202 0.806948 0.069651
v -0.198801 0.800955 0.070982
v -0.199337 0.800866 0.071013
v -0.199680 0.800810 0.070911
v -0.199903 0.800775 0.070626
v -0.200075 0.800751 0.070111
v -0.197812 0.795023 0.070474
v -0.198130 0.794939 0.070479
v -0.198332 0.794894 0.070409
v -0.198462 0.794880 0.070233
v -0.198559 0.794891 0.069919
v -0.196215 0.789434 0.069415
v -0.196399 0.789367 0.069408
v -0.196517 0.789335 0.069360
v -0.196591 0.789332 0.069253
v -0.196647 0.789355 0.069066
v -0.113234 0.865546 0.038353
v -0.120091 0.863651 0.044154
v -0.125305 0.861298 0.046350
v -0.130129 0.857750 0.045049
v -0.135813 0.852269 0.040362
v -0.111050 0.856054 0.039577
v -0.115691 0.855079 0.045064
v -0.119578 0.853587 0.047535
v -0.123711 0.851079 0.047263
v -0.129090 0.847056 0.044520
v -0.109303 0.847357 0.040934
v -0.112145 0.846853 0.045678
v -0.114830 0.845913 0.048054
v -0.118101 0.844204 0.048401
v -0.122702 0.841396 0.047057
v -0.107714 0.839335 0.042200
v -0.109230 0.839020 0.045974
v -0.110931 0.838406 0.048011
v -0.113326 0.837275 0.048642
v -0.116928 0.835408 0.048199
v -0.106126 0.831843 0.043144
v -0.106773 0.831578 0.045890
v -0.107740 0.831152 0.047458
v -0.109351 0.830420 0.048127
v -0.111926 0.829238 0.048175
v -0.104483 0.824741 0.043553
v -0.104645 0.824494 0.045342
v -0.105122 0.824189 0.046412
v -0.106097 0.823731 0.046963
v -0.107751 0.823024 0.047200
v -0.102804 0.817928 0.043242
v -0.102765 0.817724 0.044241
v -0.102957 0.817518 0.044861
v -0.103467 0.817252 0.045225
v -0.104383 0.816868 0.045457
v -0.101161 0.811356 0.042068
v -0.101093 0.811229 0.042498
v -0.101147 0.811117 0.042774
v -0.101356 0.810990 0.042952
v -0.101753 0.810819 0.043090
v -0.099644 0.805027 0.039936
v -0.099617 0.804986 0.040038
v -0.099624 0.804952 0.040105
v -0.099672 0.804917 0.040152
v -0.099768 0.804873 0.040193
v -0.098342 0.798986 0.036807
v -0.098342 0.798986 0.036807
v -0.098342 0.798986 0.036807
v -0.098342 0.798986 0.036807
v -0.098342 0.798986 0.036807
v -0.123032 0.848943 0.031526
v -0.119755 0.851762 0.038762
v -0.119156 0.852785 0.044262
v -0.121450 0.852047 0.049347
v -0.126849 0.849582 0.055336
v -0.118525 0.841089 0.034850
v -0.116000 0.843108 0.040811
v -0.115635 0.843801 0.045270
v -0.117636 0.843177 0.049282
v -0.122210 0.841244 0.053904
v -0.114778 0.833546 0.037779
v -0.112891 0.834923 0.042555
v -0.112701 0.835368 0.046071
v -0.114397 0.834873 0.049150
v -0.118169 0.833432 0.052613
v -0.111774 0.826339 0.040306
v -0.110417 0.827218 0.044004
v -0.110349 0.827484 0.046685
v -0.111737 0.827122 0.048966
v -0.114745 0.826121 0.051466
v -0.109492 0.819495 0.042430
v -0.108564 0.820006 0.045171
v -0.108574 0.820149 0.047127
v -0.109659 0.819913 0.048744
v -0.111956 0.819286 0.050467
v -0.107913 0.813038 0.044151
v -0.107320 0.813295 0.046069
v -0.107370 0.813363 0.047417
v -0.108169 0.813234 0.048498
v -0.109824 0.812900 0.049616
v -0.107013 0.806991 0.045471
v -0.106669 0.807092 0.046712
v -0.106730 0.807119 0.047572
v -0.107272 0.807069 0.048241
v -0.108371 0.806941 0.048910
v -0.106765 0.801373 0.046395
v -0.106591 0.801393 0.047118
v -0.106644 0.801402 0.047611
v -0.106972 0.801401 0.047984
v -0.107623 0.801391 0.048343
v -0.107141 0.796193 0.046933
v -0.107066 0.796183 0.047304
v -0.107103 0.796187 0.047554
v -0.107276 0.796205 0.047737
v -0.107612 0.796240 0.047906
v -0.108109 0.791443 0.047095
v -0.108079 0.791429 0.047288
v -0.108102 0.791432 0.047417
v -0.108194 0.791453 0.047509
v -0.108367 0.791496 0.047591
v -0.109868 0.858023 0.022918
v -0.108492 0.859435 0.026834
v -0.108436 0.859944 0.029716
v -0.109875 0.859567 0.032236
v -0.112983 0.858320 0.035069
v -0.105783 0.850190 0.025281
v -0.104710 0.851186 0.028554
v -0.104717 0.851511 0.030926
v -0.105959 0.851164 0.032942
v -0.108594 0.850140 0.035150
v -0.102143 0.842368 0.027291
v -0.101331 0.843034 0.029962
v -0.101380 0.843222 0.031869
v -0.102429 0.842919 0.033444
v -0.104614 0.842109 0.035122
v -0.098942 0.834570 0.028947
v -0.098348 0.834985 0.031065
v -0.098424 0.835078 0.032554
v -0.099284 0.834827 0.033750
v -0.101048 0.834213 0.034987
v -0.096172 0.826811 0.030246
v -0.095758 0.827045 0.031867
v -0.095844 0.827074 0.032992
v -0.096527 0.826879 0.033868
v -0.097902 0.826438 0.034747
v -0.093827 0.819104 0.031188
v -0.093554 0.819215 0.032377
v -0.093639 0.819209 0.033190
v -0.094158 0.819066 0.033806
v -0.095186 0.818769 0.034402
v -0.091897 0.811461 0.031776
v -0.091730 0.811498 0.032601
v -0.091805 0.811476 0.033158
v -0.092178 0.811380 0.033568
v -0.092907 0.811196 0.033950
v -0.090374 0.803894 0.032012
v -0.090280 0.803892 0.032548
v -0.090340 0.803868 0.032905
v -0.090592 0.803809 0.033160
v -0.091074 0.803706 0.033389
v -0.089246 0.796411 0.031900
v -0.089199 0.796395 0.032225
v -0.089243 0.796374 0.032439
v -0.089401 0.796342 0.032587
v -0.089699 0.796292 0.032715
v -0.088503 0.789018 0.031446
v -0.088482 0.789000 0.031640
v -0.088512 0.788985 0.031766
v -0.088610 0.788968 0.031851
v -0.088792 0.788946 0.031922
v -0.178137 0.855020 0.056142
v -0.182171 0.856470 0.057060
v -0.185017 0.857078 0.056750
v -0.187317 0.856896 0.054948
v -0.189711 0.855977 0.051389
v -0.181081 0.847278 0.059119
v -0.184465 0.848223 0.059832
v -0.186815 0.848577 0.059542
v -0.188651 0.848354 0.058022
v -0.190496 0.847572 0.055047
v -0.183322 0.839869 0.061549
v -0.186089 0.840406 0.062089
v -0.187981 0.840564 0.061827
v -0.189411 0.840331 0.060573
v -0.190793 0.839698 0.058136
v -0.184856 0.832806 0.063438
v -0.187048 0.833028 0.063834
v -0.188524 0.833043 0.063605
v -0.189604 0.832823 0.062596
v -0.190606 0.832342 0.060652
v -0.185678 0.826100 0.064792
v -0.187345 0.826099 0.065069
v -0.188454 0.826020 0.064875
v -0.189240 0.825829 0.064089
v -0.189940 0.825494 0.062586
v -0.185787 0.819765 0.065618
v -0.186990 0.819626 0.065796
v -0.187782 0.819498 0.065637
v -0.188329 0.819348 0.065048
v -0.188797 0.819139 0.063935
v -0.185178 0.813815 0.065918
v -0.185990 0.813617 0.066018
v -0.186521 0.813479 0.065893
v -0.186881 0.813372 0.065474
v -0.187181 0.813264 0.064694
v -0.183851 0.808271 0.065697
v -0.184357 0.808075 0.065742
v -0.184686 0.807955 0.065648
v -0.184908 0.807886 0.065369
v -0.185091 0.807847 0.064858
v -0.181811 0.803154 0.064962
v -0.182100 0.802997 0.064972
v -0.182288 0.802907 0.064905
v -0.182417 0.802869 0.064732
v -0.182524 0.802867 0.064422
v -0.179067 0.798485 0.063721
v -0.179227 0.798371 0.063714
v -0.179332 0.798310 0.063667
v -0.179406 0.798290 0.063561
v -0.179471 0.798303 0.063377
v -0.199345 0.843032 0.061992
v -0.203653 0.843554 0.061368
v -0.206228 0.843807 0.060000
v -0.207556 0.843827 0.057391
v -0.208122 0.843645 0.053046
v -0.201111 0.829955 0.063147
v -0.205493 0.830431 0.062308
v -0.208068 0.830638 0.060790
v -0.209310 0.830594 0.058063
v -0.209694 0.830320 0.053598
v -0.202703 0.818425 0.064222
v -0.207038 0.818828 0.063204
v -0.209544 0.818970 0.061588
v -0.210672 0.818853 0.058827
v -0.210875 0.818482 0.054374
v -0.204104 0.808445 0.065201
v -0.208274 0.808743 0.064059
v -0.210647 0.808802 0.062405
v -0.211644 0.808603 0.059696
v -0.211682 0.808130 0.055387
v -0.205299 0.800014 0.066075
v -0.209191 0.800176 0.064874
v -0.211375 0.800133 0.063251
v -0.212229 0.799842 0.060684
v -0.212131 0.799263 0.056649
v -0.206277 0.793137 0.066828
v -0.209781 0.793129 0.065649
v -0.211722 0.792963 0.064134
v -0.212429 0.792569 0.061802
v -0.212233 0.791877 0.058175
v -0.207032 0.787827 0.067442
v -0.210040 0.787608 0.066380
v -0.211687 0.787293 0.065059
v -0.212247 0.786778 0.063064
v -0.211994 0.785960 0.059982
v -0.207565 0.783756 0.067992
v -0.209968 0.783489 0.067099
v -0.211268 0.783151 0.066024
v -0.211679 0.782636 0.064434
v -0.211411 0.781837 0.061996
v -0.208191 0.779857 0.068531
v -0.209980 0.779801 0.067770
v -0.210938 0.779639 0.066908
v -0.211216 0.779307 0.065683
v -0.210970 0.778744 0.063836
v -0.209250 0.775649 0.068898
v -0.210508 0.775793 0.068276
v -0.211171 0.775799 0.067606
v -0.211342 0.775648 0.066692
v -0.211124 0.775324 0.065335
v -0.210719 0.771331 0.069055
v -0.211551 0.771537 0.068594
v -0.211982 0.771612 0.068113
v -0.212076 0.771559 0.067472
v -0.211898 0.771381 0.066531
v -0.212598 0.766819 0.069046
v -0.213115 0.767010 0.068733
v -0.213378 0.767097 0.068413
v -0.213424 0.767089 0.067993
v -0.213292 0.766995 0.067380
v -0.214904 0.762051 0.068893
v -0.215208 0.762197 0.068696
v -0.215359 0.762270 0.068497
v -0.215379 0.762277 0.068237
v -0.215290 0.762231 0.067859
v -0.217653 0.756983 0.068607
v -0.217836 0.757089 0.068483
v -0.217925 0.757144 0.068357
v -0.217933 0.757155 0.068195
v -0.217873 0.757132 0.067958
v -0.220864 0.751584 0.068192
v -0.221004 0.751679 0.068093
v -0.221072 0.751730 0.067992
v -0.221076 0.751743 0.067862
v -0.221025 0.751728 0.067673
v -0.160889 0.878754 -0.001656
v -0.156212 0.886333 0.012850
v -0.153320 0.887287 0.021416
v -0.150630 0.882705 0.028795
v -0.146724 0.869540 0.038807
v -0.154316 0.878950 -0.003401
v -0.150933 0.886433 0.011448
v -0.148933 0.887338 0.020244
v -0.147206 0.882724 0.027857
v -0.144889 0.869527 0.038243
v -0.147936 0.878943 -0.004326
v -0.145302 0.886262 0.010555
v -0.143900 0.887108 0.019379
v -0.142929 0.882499 0.027022
v -0.141943 0.869385 0.037456
v -0.141824 0.878629 -0.004763
v -0.139460 0.885748 0.009976
v -0.138396 0.886542 0.018719
v -0.137993 0.881983 0.026288
v -0.138124 0.869063 0.036620
v -0.135927 0.877923 -0.004941
v -0.133478 0.884831 0.009547
v -0.132560 0.885587 0.018149
v -0.132580 0.881129 0.025603
v -0.133668 0.868519 0.035788
v -0.130257 0.876766 -0.005011
v -0.127437 0.883455 0.009137
v -0.126505 0.884193 0.017560
v -0.126831 0.879888 0.024891
v -0.128737 0.867704 0.034952
v -0.124860 0.875121 -0.005089
v -0.121425 0.881577 0.008636
v -0.120341 0.882311 0.016853
v -0.120865 0.878207 0.024072
v -0.123458 0.866560 0.034068
v -0.119794 0.872978 -0.005256
v -0.115536 0.879165 0.007954
v -0.114178 0.879897 0.015938
v -0.114794 0.876030 0.023064
v -0.117930 0.865015 0.033073
v -0.115119 0.870351 -0.005566
v -0.109871 0.876199 0.007022
v -0.108131 0.876910 0.014738
v -0.108730 0.873300 0.021783
v -0.112240 0.862991 0.031881
v -0.110877 0.867275 -0.006054
v -0.104531 0.872677 0.005788
v -0.102321 0.873325 0.013189
v -0.102793 0.869969 0.020155
v -0.106484 0.860402 0.030395
v -0.107081 0.863787 -0.006738
v -0.099605 0.868611 0.004221
v -0.096871 0.869134 0.011246
v -0.097115 0.866002 0.018113
v -0.100776 0.857168 0.028509
v -0.103704 0.859918 -0.007636
v -0.095163 0.864026 0.002304
v -0.091896 0.864349 0.008884
v -0.091833 0.861389 0.015608
v -0.095264 0.853229 0.026120
v -0.100686 0.855678 -0.008775
v -0.091246 0.858949 0.000033
v -0.087493 0.858999 0.006098
v -0.087081 0.856142 0.012612
v -0.090120 0.848559 0.023143
v -0.097935 0.851031 -0.010218
v -0.087858 0.853389 -0.002600
v -0.083726 0.853114 0.002896
v -0.082979 0.850302 0.009125
v -0.085551 0.843196 0.019531
v -0.095356 0.845856 -0.012059
v -0.084977 0.847302 -0.005607
v -0.080622 0.846695 -0.000698
v -0.079617 0.843911 0.005185
v -0.081751 0.837243 0.015319
v -0.092915 0.839986 -0.014374
v -0.082584 0.840597 -0.008980
v -0.078187 0.839702 -0.004631
v -0.077036 0.836979 0.000871
v -0.078831 0.830796 0.010615
v -0.090638 0.833256 -0.017174
v -0.080684 0.833166 -0.012671
v -0.076416 0.832064 -0.008824
v -0.075237 0.829480 -0.003713
v -0.076812 0.823891 0.005550
v -0.088587 0.825514 -0.020380
v -0.079293 0.824893 -0.016578
v -0.075305 0.823691 -0.013163
v -0.074196 0.821344 -0.008444
v -0.075651 0.816496 0.000252
v -0.086832 0.816618 -0.023813
v -0.078434 0.815662 -0.020539
v -0.074843 0.814477 -0.017498
v -0.073876 0.812469 -0.013188
v -0.075268 0.808506 -0.005162
v -0.085433 0.806441 -0.027207
v -0.078119 0.805356 -0.024339
v -0.075015 0.804302 -0.021645
v -0.074229 0.802719 -0.017786
v -0.075566 0.799743 -0.010577
v -0.084425 0.794875 -0.030223
v -0.078349 0.793857 -0.027717
v -0.075794 0.793028 -0.025387
v -0.075201 0.791917 -0.022060
v -0.076441 0.789952 -0.015863
v -0.083817 0.781834 -0.032482
v -0.079103 0.781037 -0.030379
v -0.077139 0.780487 -0.028478
v -0.076727 0.779839 -0.025796
v -0.077793 0.778799 -0.020841
v -0.083582 0.767241 -0.033594
v -0.080333 0.766742 -0.032012
v -0.078991 0.766469 -0.030639
v -0.078735 0.766204 -0.028732
v -0.079531 0.765889 -0.025258
v -0.083651 0.751001 -0.033186
v -0.081967 0.750777 -0.032280
v -0.081274 0.750712 -0.031544
v -0.081150 0.750688 -0.030538
v -0.081578 0.750794 -0.028756
v -0.084033 0.728091 -0.029991
v -0.084223 0.729618 -0.030293
v -0.084340 0.729632 -0.030419
v -0.084363 0.729641 -0.030589
v -0.084505 0.728166 -0.030989
v -0.134398 0.865258 0.001332
v -0.135754 0.876559 0.013217
v -0.138131 0.879947 0.020099
v -0.141765 0.878436 0.027091
v -0.150498 0.870407 0.038379
v -0.118209 0.862918 0.008903
v -0.119890 0.872388 0.020763
v -0.122024 0.875074 0.028194
v -0.125671 0.872900 0.035185
v -0.132881 0.864215 0.045510
v -0.107260 0.860030 0.013306
v -0.108117 0.868044 0.026075
v -0.109932 0.869955 0.033729
v -0.113557 0.867244 0.040431
v -0.121066 0.857996 0.049745
v -0.098110 0.856636 0.016883
v -0.097947 0.862708 0.030234
v -0.099383 0.863706 0.037903
v -0.103025 0.860558 0.044111
v -0.110991 0.851166 0.052107
v -0.090601 0.852577 0.019705
v -0.089377 0.856228 0.033139
v -0.090451 0.856210 0.040556
v -0.094187 0.852821 0.046083
v -0.102796 0.843908 0.052561
v -0.084546 0.847573 0.021782
v -0.082535 0.848465 0.034605
v -0.083380 0.847432 0.041456
v -0.087293 0.844116 0.046176
v -0.096610 0.836499 0.051147
v -0.079879 0.841114 0.022928
v -0.077852 0.839598 0.034424
v -0.078756 0.837833 0.040419
v -0.082820 0.834964 0.044304
v -0.092488 0.829313 0.047988
v -0.076689 0.832977 0.022937
v -0.075424 0.830580 0.032912
v -0.076598 0.828717 0.037991
v -0.080579 0.826434 0.041091
v -0.089793 0.822445 0.043663
v -0.074257 0.824217 0.022424
v -0.073622 0.821931 0.031063
v -0.074904 0.820306 0.035392
v -0.078563 0.818486 0.037908
v -0.086816 0.815478 0.039769
v -0.072559 0.815215 0.021486
v -0.072190 0.813161 0.028845
v -0.073390 0.811793 0.032514
v -0.076609 0.810376 0.034615
v -0.083784 0.808154 0.036108
v -0.071459 0.806011 0.020192
v -0.071112 0.804257 0.026337
v -0.072107 0.803144 0.029420
v -0.074813 0.802062 0.031222
v -0.080858 0.800447 0.032575
v -0.070839 0.796627 0.018630
v -0.070371 0.795197 0.023620
v -0.071092 0.794319 0.026167
v -0.073251 0.793507 0.027736
v -0.078148 0.792346 0.029067
v -0.070592 0.787050 0.016897
v -0.069957 0.785943 0.020771
v -0.070383 0.785277 0.022806
v -0.071988 0.784680 0.024161
v -0.075743 0.783857 0.025498
v -0.070608 0.777406 0.015173
v -0.069849 0.776448 0.017876
v -0.070001 0.775882 0.019375
v -0.071072 0.775414 0.020479
v -0.073697 0.774789 0.021776
v -0.071073 0.768452 0.012464
v -0.070383 0.767531 0.014129
v -0.070389 0.767005 0.015112
v -0.071053 0.766607 0.015910
v -0.072762 0.766106 0.016973
v -0.072120 0.760093 0.008393
v -0.071624 0.759340 0.009280
v -0.071587 0.758914 0.009846
v -0.071973 0.758603 0.010350
v -0.072997 0.758220 0.011098
v -0.073848 0.752314 0.002914
v -0.073571 0.751826 0.003290
v -0.073539 0.751544 0.003564
v -0.073740 0.751340 0.003832
v -0.074273 0.751083 0.004279
v -0.076339 0.745206 -0.003976
v -0.076240 0.744985 -0.003887
v -0.076226 0.744849 -0.003788
v -0.076309 0.744750 -0.003681
v -0.076513 0.744613 -0.003465
v -0.079638 0.738855 -0.012241
v -0.079646 0.738831 -0.012274
v -0.079644 0.738801 -0.012259
v -0.079661 0.738779 -0.012240
v -0.079673 0.738731 -0.012162
v -0.084922 0.732084 -0.024429
v -0.084583 0.732553 -0.023635
v -0.084583 0.732560 -0.023639
v -0.084580 0.732564 -0.023644
v -0.084911 0.732122 -0.024458
v -0.167846 0.888760 -0.020939
v -0.163263 0.896360 -0.006706
v -0.160414 0.897348 0.001741
v -0.157756 0.892858 0.009036
v -0.153899 0.879919 0.018927
v -0.161731 0.889530 -0.024138
v -0.156207 0.897075 -0.009226
v -0.153028 0.897883 -0.000400
v -0.150448 0.892973 0.007207
v -0.147121 0.879111 0.017548
v -0.156260 0.889670 -0.026872
v -0.149767 0.897147 -0.011609
v -0.146280 0.897807 -0.002549
v -0.143834 0.892605 0.005304
v -0.141212 0.878134 0.016032
v -0.151316 0.889436 -0.029473
v -0.143789 0.896776 -0.013953
v -0.139972 0.897276 -0.004696
v -0.137672 0.891817 0.003392
v -0.135802 0.876842 0.014528
v -0.146816 0.888879 -0.031998
v -0.138205 0.896011 -0.016299
v -0.134036 0.896334 -0.006877
v -0.131875 0.890644 0.001442
v -0.130765 0.875252 0.013004
v -0.142686 0.888045 -0.034503
v -0.132955 0.894894 -0.018685
v -0.128414 0.895019 -0.009122
v -0.126374 0.889112 -0.000578
v -0.126001 0.873367 0.011429
v -0.138859 0.886968 -0.037034
v -0.127983 0.893458 -0.021144
v -0.123052 0.893359 -0.011461
v -0.121112 0.887240 -0.002693
v -0.121437 0.871184 0.009770
v -0.135273 0.885667 -0.039633
v -0.123236 0.891721 -0.023712
v -0.117900 0.891367 -0.013923
v -0.116040 0.885033 -0.004933
v -0.117028 0.868690 0.008002
v -0.131877 0.884150 -0.042339
v -0.118665 0.889683 -0.026422
v -0.112914 0.889038 -0.016541
v -0.111124 0.882481 -0.007326
v -0.112755 0.865870 0.006101
v -0.128630 0.882409 -0.045186
v -0.114230 0.887324 -0.029310
v -0.108059 0.886348 -0.019347
v -0.106340 0.879559 -0.009902
v -0.108623 0.862702 0.004046
v -0.125501 0.880424 -0.048204
v -0.109906 0.884603 -0.032410
v -0.103318 0.883252 -0.022376
v -0.101685 0.876226 -0.012689
v -0.104656 0.859165 0.001821
v -0.122474 0.878158 -0.051418
v -0.105685 0.881462 -0.035753
v -0.098694 0.879683 -0.025659
v -0.097176 0.872426 -0.015714
v -0.100897 0.855228 -0.000586
v -0.119544 0.875563 -0.054849
v -0.101584 0.877824 -0.039367
v -0.094215 0.875562 -0.029225
v -0.092855 0.868091 -0.019000
v -0.097407 0.850859 -0.003188
v -0.116665 0.872511 -0.058574
v -0.097621 0.873572 -0.043294
v -0.089941 0.870795 -0.033091
v -0.088813 0.863165 -0.022541
v -0.094319 0.846087 -0.005937
v -0.113731 0.868661 -0.062733
v -0.093817 0.868487 -0.047571
v -0.085955 0.865251 -0.037233
v -0.085180 0.857631 -0.026253
v -0.091819 0.841083 -0.008670
v -0.110685 0.863499 -0.067369
v -0.090234 0.862268 -0.052130
v -0.082368 0.858772 -0.041531
v -0.082076 0.851471 -0.029988
v -0.089991 0.836058 -0.011208
v -0.107599 0.856482 -0.072273
v -0.087000 0.854613 -0.056748
v -0.079306 0.851192 -0.045779
v -0.079566 0.844637 -0.033592
v -0.088752 0.831117 -0.013523
v -0.104639 0.847171 -0.076922
v -0.084275 0.845280 -0.061047
v -0.076884 0.842356 -0.049714
v -0.077661 0.837002 -0.036957
v -0.087883 0.826124 -0.015781
v -0.101993 0.835370 -0.080535
v -0.082215 0.834110 -0.064553
v -0.075195 0.832078 -0.053073
v -0.076334 0.828286 -0.040038
v -0.087105 0.820572 -0.018289
v -0.099793 0.821156 -0.082241
v -0.080938 0.820988 -0.066784
v -0.074310 0.820084 -0.055606
v -0.075552 0.817993 -0.042796
v -0.086163 0.813566 -0.021310
v -0.098028 0.804736 -0.081250
v -0.080506 0.805747 -0.067276
v -0.074295 0.805950 -0.057036
v -0.075323 0.805432 -0.045104
v -0.084903 0.803975 -0.024913
v -0.096472 0.786258 -0.076899
v -0.080906 0.788097 -0.065520
v -0.075222 0.789118 -0.056955
v -0.075731 0.789795 -0.046653
v -0.083347 0.790627 -0.028941
v -0.094558 0.765680 -0.068621
v -0.081986 0.767643 -0.060858
v -0.077158 0.768973 -0.054708
v -0.076982 0.770263 -0.046882
v -0.081816 0.772408 -0.033075
v -0.091195 0.742743 -0.055992
v -0.083326 0.743963 -0.052418
v -0.080089 0.744960 -0.049292
v -0.079416 0.746110 -0.044881
v -0.081142 0.748277 -0.036810
v -0.082157 0.709610 -0.034410
v -0.083673 0.711616 -0.036266
v -0.084192 0.711457 -0.036804
v -0.084293 0.711279 -0.037540
v -0.084250 0.708474 -0.038708
v -0.177361 0.887666 -0.048902
v -0.173208 0.896890 -0.035752
v -0.170472 0.898910 -0.027527
v -0.167712 0.895399 -0.019828
v -0.163454 0.883830 -0.008616
v -0.172982 0.887095 -0.052137
v -0.168184 0.897460 -0.038457
v -0.165027 0.899935 -0.029818
v -0.161835 0.896479 -0.021537
v -0.156886 0.884614 -0.009201
v -0.169111 0.887127 -0.054708
v -0.163425 0.897981 -0.040748
v -0.159755 0.900593 -0.031899
v -0.156131 0.897019 -0.023374
v -0.150614 0.884690 -0.010622
v -0.165592 0.887424 -0.057157
v -0.158782 0.898463 -0.043009
v -0.154502 0.901050 -0.034047
v -0.150434 0.897249 -0.025428
v -0.144416 0.884343 -0.012547
v -0.162184 0.887847 -0.059606
v -0.154110 0.898833 -0.045392
v -0.149186 0.901278 -0.036407
v -0.144715 0.897179 -0.027798
v -0.138347 0.883642 -0.014968
v -0.158699 0.888251 -0.062168
v -0.149318 0.899010 -0.048021
v -0.143767 0.901233 -0.039089
v -0.138980 0.896806 -0.030547
v -0.132468 0.882647 -0.017837
v -0.155021 0.888498 -0.064931
v -0.144361 0.898906 -0.050984
v -0.138240 0.900862 -0.042160
v -0.133247 0.896112 -0.033699
v -0.126818 0.881395 -0.021084
v -0.151112 0.888465 -0.067951
v -0.139241 0.898431 -0.054322
v -0.132623 0.900101 -0.045644
v -0.127539 0.895059 -0.037244
v -0.121420 0.879893 -0.024631
v -0.146993 0.888047 -0.071237
v -0.133983 0.897493 -0.058038
v -0.126945 0.898866 -0.049531
v -0.121887 0.893583 -0.041149
v -0.116301 0.878113 -0.028397
v -0.142718 0.887169 -0.074763
v -0.128634 0.895988 -0.062092
v -0.121249 0.897050 -0.053770
v -0.116336 0.891586 -0.045350
v -0.111515 0.875985 -0.032295
v -0.138352 0.885764 -0.078479
v -0.123274 0.893810 -0.066396
v -0.115622 0.894531 -0.058256
v -0.110975 0.888951 -0.049737
v -0.107148 0.873422 -0.036225
v -0.133938 0.883763 -0.082339
v -0.117997 0.890871 -0.070834
v -0.110177 0.891220 -0.062851
v -0.105911 0.885597 -0.054179
v -0.103276 0.870368 -0.040094
v -0.129503 0.881084 -0.086300
v -0.112893 0.887113 -0.075285
v -0.105023 0.887073 -0.067407
v -0.101245 0.881494 -0.058539
v -0.099951 0.866813 -0.043822
v -0.125072 0.877644 -0.090309
v -0.108043 0.882517 -0.079625
v -0.100255 0.882100 -0.071781
v -0.097052 0.876665 -0.062689
v -0.097189 0.862780 -0.047349
v -0.120675 0.873374 -0.094292
v -0.103507 0.877107 -0.083734
v -0.095935 0.876362 -0.075844
v -0.093375 0.871176 -0.066528
v -0.094972 0.858309 -0.050645
v -0.116344 0.868241 -0.098155
v -0.099324 0.870950 -0.087504
v -0.092093 0.869962 -0.079498
v -0.090216 0.865123 -0.069982
v -0.093244 0.853439 -0.053703
v -0.112112 0.862254 -0.101790
v -0.095500 0.864145 -0.090854
v -0.088717 0.863024 -0.082680
v -0.087540 0.858612 -0.073017
v -0.091925 0.848203 -0.056536
v -0.107999 0.855474 -0.105085
v -0.092019 0.856811 -0.093728
v -0.085764 0.855681 -0.085363
v -0.085278 0.851752 -0.075627
v -0.090910 0.842627 -0.059161
v -0.104009 0.848000 -0.107942
v -0.088832 0.849066 -0.096101
v -0.083158 0.848047 -0.087558
v -0.083333 0.844633 -0.077832
v -0.090075 0.836743 -0.061588
v -0.100148 0.839946 -0.110273
v -0.085886 0.840995 -0.097971
v -0.080816 0.840194 -0.089292
v -0.081607 0.837317 -0.079658
v -0.089309 0.830603 -0.063808
v -0.096434 0.831410 -0.111993
v -0.083151 0.832655 -0.099326
v -0.078683 0.832162 -0.090582
v -0.080028 0.829848 -0.081119
v -0.088529 0.824279 -0.065794
v -0.092909 0.822475 -0.113016
v -0.080627 0.824092 -0.100142
v -0.076736 0.823990 -0.091424
v -0.078557 0.822276 -0.082207
v -0.087678 0.817857 -0.067507
v -0.089634 0.813221 -0.113241
v -0.078337 0.815352 -0.100375
v -0.074978 0.815716 -0.091797
v -0.077180 0.814650 -0.082905
v -0.086721 0.811429 -0.068910
v -0.086695 0.803730 -0.112553
v -0.076335 0.806478 -0.099959
v -0.073442 0.807371 -0.091658
v -0.075912 0.807016 -0.083178
v -0.085647 0.805084 -0.069967
v -0.084203 0.794110 -0.110812
v -0.074702 0.797520 -0.098803
v -0.072188 0.798986 -0.090942
v -0.074793 0.799405 -0.082982
v -0.084461 0.798886 -0.070659
v -0.082292 0.784513 -0.107853
v -0.073552 0.788545 -0.096781
v -0.071314 0.790588 -0.089553
v -0.073896 0.791831 -0.082252
v -0.083192 0.792854 -0.070975
v -0.081122 0.775227 -0.103515
v -0.073042 0.779689 -0.093745
v -0.070962 0.782225 -0.087358
v -0.073332 0.784270 -0.080888
v -0.081885 0.786873 -0.070884
v -0.080827 0.766792 -0.097812
v -0.073339 0.771239 -0.089621
v -0.071307 0.774008 -0.084236
v -0.073256 0.776634 -0.078743
v -0.080636 0.780527 -0.070216
v -0.081310 0.759638 -0.091159
v -0.074471 0.763454 -0.084603
v -0.072449 0.766048 -0.080247
v -0.073825 0.768825 -0.075751
v -0.079675 0.773310 -0.068712
v -0.082255 0.753651 -0.084118
v -0.076292 0.756347 -0.079080
v -0.074360 0.758381 -0.075668
v -0.075148 0.760819 -0.072069
v -0.079341 0.765031 -0.066343
v -0.083320 0.748213 -0.077168
v -0.078548 0.749630 -0.073511
v -0.076878 0.750891 -0.070944
v -0.077205 0.752617 -0.068136
v -0.079897 0.755799 -0.063537
v -0.084303 0.742382 -0.070756
v -0.080971 0.742735 -0.068401
v -0.079740 0.743249 -0.066641
v -0.079811 0.744116 -0.064609
v -0.081348 0.745861 -0.061136
v -0.085200 0.735013 -0.065568
v -0.083341 0.734802 -0.064426
v -0.082635 0.734831 -0.063461
v -0.082625 0.735009 -0.062274
v -0.083384 0.735493 -0.060121
v -0.086093 0.725093 -0.062906
v -0.085461 0.724839 -0.062709
v -0.085224 0.724753 -0.062409
v -0.085214 0.724677 -0.062021
v -0.085478 0.724655 -0.061200
v -0.087149 0.708642 -0.066052
v -0.087163 0.709723 -0.065945
v -0.087207 0.709733 -0.066004
v -0.087209 0.709740 -0.066078
v -0.087305 0.708698 -0.066499
v -0.199905 0.895436 -0.114043
v -0.195300 0.903118 -0.099738
v -0.192433 0.904121 -0.091238
v -0.189757 0.899617 -0.083892
v -0.185870 0.886614 -0.073920
v -0.196862 0.896432 -0.116515
v -0.190582 0.904062 -0.101622
v -0.186835 0.904860 -0.092859
v -0.183574 0.899858 -0.085395
v -0.179083 0.885751 -0.075341
v -0.194141 0.896983 -0.118667
v -0.186215 0.904596 -0.103739
v -0.181629 0.905248 -0.094969
v -0.177849 0.899911 -0.087519
v -0.172915 0.885080 -0.077516
v -0.191730 0.897283 -0.120795
v -0.182153 0.904871 -0.106128
v -0.176752 0.905402 -0.097475
v -0.172516 0.899794 -0.090072
v -0.167278 0.884384 -0.080062
v -0.189579 0.897284 -0.122913
v -0.178364 0.904847 -0.108807
v -0.172185 0.905287 -0.100385
v -0.167570 0.899483 -0.093023
v -0.162192 0.883655 -0.082872
v -0.187628 0.896932 -0.125056
v -0.174813 0.904458 -0.111809
v -0.167908 0.904838 -0.103710
v -0.163003 0.898922 -0.096346
v -0.157663 0.882866 -0.085834
v -0.185808 0.896156 -0.127282
v -0.171474 0.903609 -0.115159
v -0.163912 0.903958 -0.107451
v -0.158810 0.898031 -0.100004
v -0.153680 0.881984 -0.088841
v -0.184063 0.894859 -0.129650
v -0.168343 0.902175 -0.118854
v -0.160209 0.902524 -0.111570
v -0.154993 0.896712 -0.103936
v -0.150193 0.880976 -0.091811
v -0.182355 0.892914 -0.132201
v -0.165443 0.900035 -0.122837
v -0.156829 0.900422 -0.115976
v -0.151545 0.894876 -0.108057
v -0.147102 0.879801 -0.094712
v -0.180674 0.890191 -0.134932
v -0.162796 0.897097 -0.126995
v -0.153790 0.897579 -0.120534
v -0.148441 0.892453 -0.112274
v -0.144264 0.878386 -0.097586
v -0.179011 0.886579 -0.137798
v -0.160396 0.893321 -0.131209
v -0.151066 0.893970 -0.125119
v -0.145610 0.889391 -0.116524
v -0.141514 0.876591 -0.100537
v -0.177341 0.882008 -0.140743
v -0.158175 0.888682 -0.135405
v -0.148567 0.889569 -0.129673
v -0.142940 0.885614 -0.120800
v -0.138702 0.874210 -0.103681
v -0.175627 0.876450 -0.143701
v -0.156043 0.883144 -0.139556
v -0.146178 0.884313 -0.134194
v -0.140314 0.881016 -0.125125
v -0.135736 0.871039 -0.107081
v -0.173830 0.869895 -0.146608
v -0.153916 0.876643 -0.143640
v -0.143806 0.878110 -0.138680
v -0.137654 0.875474 -0.129502
v -0.132586 0.866920 -0.110727
v -0.171922 0.862342 -0.149385
v -0.151741 0.869113 -0.147611
v -0.141396 0.870862 -0.143092
v -0.134922 0.868879 -0.133888
v -0.129265 0.861745 -0.114556
v -0.169891 0.853809 -0.151939
v -0.149498 0.860501 -0.151380
v -0.138933 0.862489 -0.147344
v -0.132125 0.861145 -0.138192
v -0.125826 0.855439 -0.118469
v -0.167745 0.844336 -0.154146
v -0.147199 0.850784 -0.154812
v -0.136438 0.852936 -0.151298
v -0.129303 0.852210 -0.142276
v -0.122351 0.847956 -0.122328
v -0.165513 0.833993 -0.155861
v -0.144889 0.839964 -0.157732
v -0.133972 0.842181 -0.154764
v -0.126536 0.842042 -0.145953
v -0.118958 0.839270 -0.125965
v -0.163244 0.822875 -0.156917
v -0.142643 0.828079 -0.159920
v -0.131628 0.830233 -0.157507
v -0.123940 0.830639 -0.148989
v -0.115798 0.829378 -0.129172
v -0.161002 0.811102 -0.157125
v -0.140567 0.815202 -0.161114
v -0.129537 0.817139 -0.159237
v -0.121670 0.818034 -0.151098
v -0.113059 0.818299 -0.131704
v -0.158870 0.798815 -0.156272
v -0.138807 0.801479 -0.161005
v -0.127880 0.803038 -0.159609
v -0.119929 0.804333 -0.151938
v -0.110972 0.806070 -0.133261
v -0.156917 0.786133 -0.154194
v -0.137513 0.787198 -0.159337
v -0.126853 0.788253 -0.158324
v -0.118942 0.789798 -0.151199
v -0.109791 0.792742 -0.133545
v -0.155136 0.773075 -0.150951
v -0.136738 0.772666 -0.156124
v -0.126549 0.773181 -0.155361
v -0.118851 0.774777 -0.148818
v -0.109737 0.778439 -0.132416
v -0.153471 0.759562 -0.146795
v -0.136427 0.758071 -0.151631
v -0.126937 0.758117 -0.150973
v -0.119682 0.759572 -0.144998
v -0.110965 0.763374 -0.129968
v -0.151826 0.745507 -0.142140
v -0.136461 0.743489 -0.146308
v -0.127912 0.743216 -0.145611
v -0.121380 0.744385 -0.140169
v -0.113541 0.747778 -0.126564
v -0.150064 0.730897 -0.137541
v -0.136702 0.728936 -0.140740
v -0.129346 0.728520 -0.139882
v -0.123851 0.729296 -0.134957
v -0.117435 0.731810 -0.122863
v -0.147998 0.715845 -0.133653
v -0.137033 0.714386 -0.135613
v -0.131149 0.713960 -0.134522
v -0.127000 0.714253 -0.130191
v -0.122519 0.715509 -0.119870
v -0.145430 0.700542 -0.131105
v -0.137431 0.699695 -0.131699
v -0.133329 0.699281 -0.130439
v -0.130765 0.699034 -0.126971
v -0.128510 0.698853 -0.119053
v -0.142338 0.684881 -0.130368
v -0.138065 0.684344 -0.129981
v -0.136036 0.683910 -0.128920
v -0.135071 0.683300 -0.126876
v -0.134775 0.682161 -0.122414
v -0.138911 0.662861 -0.133672
v -0.139682 0.664373 -0.133546
v -0.140029 0.664440 -0.133715
v -0.140208 0.664527 -0.134052
v -0.140687 0.663380 -0.135380
v -0.191190 0.891204 -0.088994
v -0.187332 0.901502 -0.076592
v -0.184682 0.904181 -0.068548
v -0.181872 0.901323 -0.060631
v -0.177395 0.890820 -0.048661
v -0.182137 0.892383 -0.095240
v -0.176006 0.903064 -0.081513
v -0.172147 0.905619 -0.072776
v -0.168530 0.902020 -0.064316
v -0.163167 0.889700 -0.051582
v -0.174905 0.892091 -0.100204
v -0.166420 0.903100 -0.086650
v -0.161404 0.905658 -0.077902
v -0.157138 0.901771 -0.069260
v -0.151346 0.888695 -0.056066
v -0.168838 0.890878 -0.104767
v -0.158032 0.901982 -0.092095
v -0.151935 0.904523 -0.083654
v -0.147170 0.900514 -0.074943
v -0.141267 0.887142 -0.061243
v -0.163463 0.888916 -0.109105
v -0.150567 0.899745 -0.097722
v -0.143555 0.902166 -0.089764
v -0.138484 0.898123 -0.081041
v -0.132791 0.884794 -0.066786
v -0.158413 0.886274 -0.113410
v -0.143808 0.896432 -0.103388
v -0.136114 0.898604 -0.095941
v -0.130953 0.894570 -0.087206
v -0.125781 0.881542 -0.072365
v -0.153461 0.882937 -0.117813
v -0.137594 0.892107 -0.108950
v -0.129476 0.893920 -0.101923
v -0.124436 0.889927 -0.093139
v -0.120062 0.877395 -0.077714
v -0.148508 0.878855 -0.122336
v -0.131816 0.886846 -0.114273
v -0.123516 0.888243 -0.107511
v -0.118786 0.884323 -0.098632
v -0.115441 0.872441 -0.082666
v -0.143556 0.873991 -0.126889
v -0.126417 0.880735 -0.119242
v -0.118140 0.881708 -0.112585
v -0.113872 0.877906 -0.103578
v -0.111726 0.866799 -0.087156
v -0.138684 0.868345 -0.131309
v -0.121404 0.873860 -0.123767
v -0.113307 0.874441 -0.117094
v -0.109603 0.870816 -0.107950
v -0.108749 0.860606 -0.091183
v -0.134048 0.861950 -0.135387
v -0.116855 0.866307 -0.127780
v -0.109041 0.866557 -0.121036
v -0.105938 0.863189 -0.111779
v -0.106362 0.854022 -0.094788
v -0.129869 0.854848 -0.138916
v -0.112920 0.858167 -0.131236
v -0.105430 0.858175 -0.124438
v -0.102889 0.855173 -0.115116
v -0.104440 0.847235 -0.098010
v -0.126350 0.847112 -0.141735
v -0.109737 0.849543 -0.134095
v -0.102562 0.849416 -0.127316
v -0.100473 0.846897 -0.117997
v -0.102874 0.840384 -0.100881
v -0.123640 0.838862 -0.143731
v -0.107403 0.840551 -0.136324
v -0.100491 0.840383 -0.129672
v -0.098694 0.838440 -0.120445
v -0.101573 0.833496 -0.103430
v -0.121813 0.830265 -0.144829
v -0.105965 0.831319 -0.137889
v -0.099244 0.831165 -0.131497
v -0.097549 0.829839 -0.122469
v -0.100489 0.826508 -0.105692
v -0.120853 0.821501 -0.145007
v -0.105415 0.821973 -0.138769
v -0.098817 0.821841 -0.132777
v -0.097041 0.821100 -0.124069
v -0.099632 0.819294 -0.107696
v -0.120651 0.812709 -0.144297
v -0.105685 0.812618 -0.138961
v -0.099174 0.812476 -0.133496
v -0.097174 0.812220 -0.125234
v -0.099075 0.811711 -0.109456
v -0.121024 0.803951 -0.142792
v -0.106649 0.803318 -0.138489
v -0.100239 0.803113 -0.133649
v -0.097941 0.803196 -0.125949
v -0.098939 0.803654 -0.110967
v -0.121747 0.795178 -0.140637
v -0.108135 0.794070 -0.137405
v -0.101896 0.793762 -0.133243
v -0.099309 0.794026 -0.126202
v -0.099353 0.795075 -0.112210
v -0.122596 0.786245 -0.138023
v -0.109947 0.784797 -0.135789
v -0.103993 0.784382 -0.132306
v -0.101208 0.784693 -0.125990
v -0.100417 0.785985 -0.113163
v -0.123371 0.776937 -0.135168
v -0.111885 0.775346 -0.133747
v -0.106358 0.774867 -0.130888
v -0.103534 0.775144 -0.125328
v -0.102173 0.776421 -0.113811
v -0.123927 0.767042 -0.132276
v -0.113782 0.765522 -0.131400
v -0.108828 0.765049 -0.129061
v -0.106159 0.765272 -0.124260
v -0.104576 0.766406 -0.114167
v -0.124205 0.756446 -0.129457
v -0.115542 0.755167 -0.128846
v -0.111288 0.754772 -0.126919
v -0.108951 0.754962 -0.122861
v -0.107477 0.755923 -0.114276
v -0.124206 0.745144 -0.126720
v -0.117123 0.744201 -0.126162
v -0.113661 0.743929 -0.124560
v -0.111784 0.744109 -0.121232
v -0.110659 0.744911 -0.114211
v -0.123963 0.733191 -0.124003
v -0.118515 0.732603 -0.123400
v -0.115888 0.732465 -0.122083
v -0.114531 0.732645 -0.119480
v -0.113863 0.733301 -0.114056
v -0.123541 0.720680 -0.121221
v -0.119709 0.720399 -0.120598
v -0.117904 0.720372 -0.119576
v -0.117046 0.720542 -0.117694
v -0.116798 0.721049 -0.113851
v -0.123006 0.707710 -0.118322
v -0.120668 0.707638 -0.117792
v -0.119599 0.707676 -0.117095
v -0.119151 0.707814 -0.115908
v -0.119177 0.708162 -0.113547
v -0.122395 0.694372 -0.115328
v -0.121292 0.694394 -0.115007
v -0.120809 0.694443 -0.114645
v -0.120637 0.694529 -0.114070
v -0.120754 0.694717 -0.112965
v -0.121676 0.680744 -0.112334
v -0.121412 0.680761 -0.112250
v -0.121308 0.680782 -0.112163
v -0.121279 0.680808 -0.112032
v -0.121360 0.680861 -0.111806
v -0.120468 0.663382 -0.108772
v -0.120584 0.664534 -0.109024
v -0.120607 0.664530 -0.109043
v -0.120614 0.664525 -0.109071
v -0.120570 0.663353 -0.108930
v -0.185999 0.897156 -0.073160
v -0.181288 0.904913 -0.058536
v -0.178373 0.905949 -0.049891
v -0.175648 0.901381 -0.042410
v -0.171650 0.888225 -0.032129
v -0.172909 0.898173 -0.075880
v -0.167858 0.904710 -0.062360
v -0.164831 0.905285 -0.054445
v -0.162241 0.900726 -0.047766
v -0.158665 0.888031 -0.038881
v -0.162327 0.897980 -0.079144
v -0.156730 0.904123 -0.066528
v -0.153518 0.904621 -0.059112
v -0.150970 0.900234 -0.052805
v -0.147723 0.888091 -0.044351
v -0.153538 0.897020 -0.082499
v -0.147274 0.903072 -0.070797
v -0.143821 0.903635 -0.063808
v -0.141287 0.899486 -0.057691
v -0.138357 0.887910 -0.049266
v -0.146278 0.895416 -0.085867
v -0.139201 0.901507 -0.075102
v -0.135445 0.902195 -0.068494
v -0.132912 0.898309 -0.062436
v -0.130329 0.887297 -0.053746
v -0.140239 0.893257 -0.089205
v -0.132229 0.899361 -0.079394
v -0.128129 0.900164 -0.073132
v -0.125605 0.896540 -0.067040
v -0.123434 0.886095 -0.057874
v -0.135059 0.890594 -0.092526
v -0.126089 0.896569 -0.083618
v -0.121650 0.897425 -0.077655
v -0.119173 0.894043 -0.071457
v -0.117511 0.884184 -0.061687
v -0.130338 0.887420 -0.095897
v -0.120520 0.893086 -0.087704
v -0.115815 0.893915 -0.081946
v -0.113462 0.890746 -0.075590
v -0.112429 0.881485 -0.065173
v -0.125760 0.883758 -0.099329
v -0.115262 0.888909 -0.091569
v -0.110390 0.889607 -0.085901
v -0.108251 0.886592 -0.079367
v -0.107972 0.877882 -0.068380
v -0.121342 0.879648 -0.102756
v -0.110287 0.884078 -0.095182
v -0.105322 0.884537 -0.089513
v -0.103469 0.881606 -0.082806
v -0.104045 0.873376 -0.071364
v -0.117142 0.875064 -0.106150
v -0.105652 0.878616 -0.098555
v -0.100670 0.878761 -0.092806
v -0.099169 0.875873 -0.085928
v -0.100696 0.868101 -0.074119
v -0.113186 0.869953 -0.109490
v -0.101410 0.872538 -0.101693
v -0.096494 0.872334 -0.095794
v -0.095412 0.869486 -0.088742
v -0.097972 0.862204 -0.076638
v -0.109531 0.864279 -0.112734
v -0.097624 0.865864 -0.104593
v -0.092856 0.865310 -0.098492
v -0.092247 0.862532 -0.091267
v -0.095892 0.855818 -0.078930
v -0.106256 0.858020 -0.115838
v -0.094368 0.858622 -0.107254
v -0.089816 0.857747 -0.100916
v -0.089712 0.855092 -0.093526
v -0.094449 0.849057 -0.081012
v -0.103464 0.851176 -0.118757
v -0.091720 0.850848 -0.109676
v -0.087433 0.849702 -0.103086
v -0.087835 0.847242 -0.095541
v -0.093618 0.842017 -0.082896
v -0.101288 0.843776 -0.121444
v -0.089775 0.842643 -0.111851
v -0.085772 0.841296 -0.105010
v -0.086643 0.839087 -0.097326
v -0.093355 0.834748 -0.084593
v -0.099716 0.835919 -0.123859
v -0.088515 0.834178 -0.113763
v -0.084806 0.832704 -0.106692
v -0.086093 0.830750 -0.098916
v -0.093583 0.827222 -0.086188
v -0.098571 0.827717 -0.125968
v -0.087797 0.825568 -0.115417
v -0.084409 0.824030 -0.108172
v -0.086072 0.822295 -0.100390
v -0.094204 0.819414 -0.087833
v -0.097692 0.819254 -0.127736
v -0.087494 0.816867 -0.116838
v -0.084470 0.815311 -0.109508
v -0.086476 0.813748 -0.101838
v -0.095118 0.811340 -0.089669
v -0.096933 0.810603 -0.129125
v -0.087497 0.808123 -0.118046
v -0.084893 0.806582 -0.110760
v -0.087209 0.805138 -0.103356
v -0.096210 0.803031 -0.091839
v -0.096173 0.801825 -0.130094
v -0.087718 0.799373 -0.119071
v -0.085595 0.797870 -0.111996
v -0.088172 0.796495 -0.105045
v -0.097337 0.794527 -0.094488
v -0.095325 0.792975 -0.130595
v -0.088088 0.790642 -0.119952
v -0.086503 0.789195 -0.113300
v -0.089262 0.787847 -0.107020
v -0.098318 0.785884 -0.097761
v -0.094340 0.784029 -0.130588
v -0.088557 0.781886 -0.120760
v -0.087542 0.780522 -0.114796
v -0.090351 0.779201 -0.109426
v -0.098914 0.777211 -0.101810
v -0.093315 0.774974 -0.130122
v -0.089108 0.773093 -0.121609
v -0.088630 0.771870 -0.116600
v -0.091298 0.770661 -0.112329
v -0.098895 0.768796 -0.106571
v -0.092507 0.766125 -0.129390
v -0.089756 0.764579 -0.122572
v -0.089683 0.763565 -0.118680
v -0.092002 0.762565 -0.115549
v -0.098230 0.761011 -0.111579
v -0.092048 0.757900 -0.128571
v -0.090467 0.756754 -0.123645
v -0.090619 0.755995 -0.120913
v -0.092416 0.755259 -0.118841
v -0.097011 0.754105 -0.116399
v -0.091934 0.750726 -0.127821
v -0.091169 0.750013 -0.124761
v -0.091373 0.749525 -0.123108
v -0.092555 0.749061 -0.121923
v -0.095458 0.748316 -0.120648
v -0.092058 0.745040 -0.127239
v -0.091773 0.744734 -0.125785
v -0.091911 0.744496 -0.125019
v -0.092496 0.744272 -0.124497
v -0.093886 0.743877 -0.124004
v -0.092250 0.741278 -0.126872
v -0.092192 0.741283 -0.126539
v -0.092229 0.741228 -0.126372
v -0.092363 0.741177 -0.126263
v -0.092667 0.741023 -0.126210
v -0.214862 0.735346 -0.151545
v -0.092336 0.740137 -0.126809
v -0.092328 0.740149 -0.126845
v -0.092299 0.740160 -0.126870
v -0.092212 0.740090 -0.126954
v -0.206760 0.894220 -0.134236
v -0.203009 0.900770 -0.122553
v -0.200651 0.901730 -0.115548
v -0.198434 0.898140 -0.109447
v -0.195186 0.887636 -0.101074
v -0.204276 0.895220 -0.137202
v -0.196895 0.901732 -0.125527
v -0.192756 0.902439 -0.118509
v -0.189568 0.898208 -0.112324
v -0.185668 0.886290 -0.103684
v -0.202770 0.895687 -0.139707
v -0.191625 0.901496 -0.129433
v -0.185807 0.901689 -0.122985
v -0.181999 0.896853 -0.116901
v -0.178308 0.883905 -0.107926
v -0.201189 0.895475 -0.142899
v -0.186975 0.899917 -0.134434
v -0.179919 0.899370 -0.128611
v -0.175931 0.893990 -0.122383
v -0.173137 0.880417 -0.112364
v -0.199447 0.893918 -0.147245
v -0.183100 0.896787 -0.140222
v -0.175273 0.895524 -0.134734
v -0.171375 0.889850 -0.127988
v -0.169692 0.876281 -0.116243
v -0.197863 0.890559 -0.152569
v -0.180038 0.892126 -0.146340
v -0.171712 0.890381 -0.140824
v -0.167959 0.884736 -0.133277
v -0.167232 0.871769 -0.119449
v -0.196675 0.885291 -0.158363
v -0.177678 0.886044 -0.152421
v -0.168941 0.884123 -0.146629
v -0.165262 0.878796 -0.138151
v -0.165195 0.866868 -0.122166
v -0.195938 0.878203 -0.164115
v -0.175870 0.878638 -0.158218
v -0.166708 0.876826 -0.152052
v -0.162977 0.872048 -0.142632
v -0.163253 0.861456 -0.124565
v -0.195609 0.869452 -0.169407
v -0.174483 0.869978 -0.163549
v -0.164841 0.868505 -0.157034
v -0.160918 0.864458 -0.146736
v -0.161222 0.855424 -0.126734
v -0.195600 0.859218 -0.173897
v -0.173418 0.860124 -0.168247
v -0.163239 0.859157 -0.161498
v -0.158984 0.855985 -0.150446
v -0.159007 0.848702 -0.128711
v -0.195803 0.847710 -0.177298
v -0.172609 0.849145 -0.172137
v -0.161856 0.848790 -0.165335
v -0.157141 0.846604 -0.153705
v -0.156583 0.841255 -0.130506
v -0.196093 0.835170 -0.179367
v -0.172008 0.837141 -0.175028
v -0.160684 0.837433 -0.168395
v -0.155407 0.836315 -0.156418
v -0.153994 0.833071 -0.132116
v -0.196328 0.821888 -0.179908
v -0.171577 0.824258 -0.176715
v -0.159742 0.825158 -0.170490
v -0.153847 0.825144 -0.158445
v -0.151355 0.824145 -0.133519
v -0.196350 0.808228 -0.178790
v -0.171283 0.810734 -0.176984
v -0.159073 0.812124 -0.171392
v -0.152563 0.813175 -0.159603
v -0.148857 0.814441 -0.134656
v -0.195998 0.794599 -0.176037
v -0.171081 0.796912 -0.175714
v -0.158707 0.798602 -0.170924
v -0.151664 0.800552 -0.159714
v -0.146726 0.803862 -0.135416
v -0.195123 0.781317 -0.171895
v -0.170903 0.783149 -0.172963
v -0.158638 0.784910 -0.169050
v -0.151224 0.787478 -0.158688
v -0.145180 0.792332 -0.135662
v -0.193609 0.768537 -0.166763
v -0.170660 0.769722 -0.168957
v -0.158822 0.771349 -0.165892
v -0.151277 0.774185 -0.156553
v -0.144412 0.779891 -0.135286
v -0.191396 0.756263 -0.161126
v -0.170270 0.756808 -0.164054
v -0.159195 0.758156 -0.161717
v -0.151821 0.760908 -0.153471
v -0.144565 0.766690 -0.134278
v -0.188491 0.744402 -0.155494
v -0.169676 0.744471 -0.158699
v -0.159687 0.745476 -0.156912
v -0.152822 0.747831 -0.149751
v -0.145707 0.752942 -0.132798
v -0.184979 0.732833 -0.150367
v -0.168870 0.732685 -0.153385
v -0.160257 0.733341 -0.151955
v -0.154235 0.735058 -0.145833
v -0.147828 0.738864 -0.131211
v -0.181011 0.721456 -0.146211
v -0.167908 0.721321 -0.148628
v -0.160906 0.721653 -0.147389
v -0.156020 0.722572 -0.142287
v -0.150837 0.724630 -0.130118
v -0.176799 0.710159 -0.143438
v -0.166922 0.710117 -0.144965
v -0.161700 0.710141 -0.143835
v -0.158159 0.710223 -0.139822
v -0.154565 0.710411 -0.130372
v -0.172632 0.698659 -0.142441
v -0.166129 0.698585 -0.143045
v -0.162773 0.698334 -0.142084
v -0.160653 0.697766 -0.139343
v -0.158752 0.696538 -0.133025
v -0.168924 0.686342 -0.143840
v -0.165841 0.686099 -0.143889
v -0.164314 0.685739 -0.143299
v -0.163489 0.685052 -0.141999
v -0.162996 0.683621 -0.139039
v -0.166026 0.668875 -0.151012
v -0.166634 0.670048 -0.150589
v -0.166900 0.670102 -0.150689
v -0.167053 0.670204 -0.150912
v -0.167438 0.669402 -0.152102
v -0.213602 0.893130 -0.129207
v -0.204554 0.897452 -0.130005
v -0.199640 0.897892 -0.130614
v -0.195548 0.895361 -0.131939
v -0.189637 0.887411 -0.134475
v -0.215328 0.892739 -0.138307
v -0.207031 0.898267 -0.139519
v -0.201832 0.899497 -0.140133
v -0.196894 0.897345 -0.140448
v -0.189609 0.890389 -0.140625
v -0.216584 0.889862 -0.142852
v -0.208572 0.896063 -0.146509
v -0.203219 0.897819 -0.147732
v -0.197659 0.896335 -0.147277
v -0.188897 0.890565 -0.144749
v -0.217548 0.885931 -0.145237
v -0.209735 0.891498 -0.151756
v -0.204220 0.893317 -0.153950
v -0.198101 0.892583 -0.153241
v -0.188034 0.888709 -0.148977
v -0.218407 0.881297 -0.146490
v -0.210692 0.885743 -0.155248
v -0.204989 0.887327 -0.158357
v -0.198334 0.887061 -0.157832
v -0.187058 0.884654 -0.153035
v -0.219244 0.875717 -0.147286
v -0.211589 0.879261 -0.157732
v -0.205687 0.880586 -0.161614
v -0.198506 0.880514 -0.161426
v -0.186054 0.878899 -0.156651
v -0.220091 0.869103 -0.147860
v -0.212488 0.872038 -0.159707
v -0.206392 0.873154 -0.164269
v -0.198701 0.873136 -0.164445
v -0.185112 0.871885 -0.159873
v -0.220956 0.861532 -0.148327
v -0.213408 0.864057 -0.161404
v -0.207132 0.865014 -0.166577
v -0.198961 0.864986 -0.167109
v -0.184301 0.863886 -0.162794
v -0.221820 0.853128 -0.148753
v -0.214361 0.855340 -0.162913
v -0.207906 0.856167 -0.168646
v -0.199299 0.856114 -0.169510
v -0.183660 0.855086 -0.165463
v -0.222666 0.844024 -0.149147
v -0.215243 0.845928 -0.164273
v -0.208707 0.846628 -0.170478
v -0.199703 0.846558 -0.171652
v -0.183209 0.845622 -0.167869
v -0.223323 0.834350 -0.149506
v -0.216069 0.835856 -0.165404
v -0.209412 0.836410 -0.172035
v -0.200133 0.836349 -0.173466
v -0.182941 0.835598 -0.169935
v -0.223777 0.824222 -0.149715
v -0.216658 0.825159 -0.166213
v -0.210002 0.825516 -0.173156
v -0.200521 0.825502 -0.174812
v -0.182826 0.825092 -0.171527
v -0.223863 0.813742 -0.149652
v -0.216942 0.813863 -0.166486
v -0.210330 0.813949 -0.173635
v -0.200766 0.814027 -0.175470
v -0.182810 0.814160 -0.172442
v -0.223421 0.802964 -0.149128
v -0.216732 0.802040 -0.165965
v -0.210234 0.801784 -0.173175
v -0.200731 0.801995 -0.175141
v -0.182809 0.802852 -0.172406
v -0.222308 0.791871 -0.147985
v -0.215872 0.789848 -0.164431
v -0.209564 0.789238 -0.171526
v -0.200282 0.789601 -0.173573
v -0.182739 0.791243 -0.171180
v -0.220440 0.780414 -0.146172
v -0.214276 0.777476 -0.161830
v -0.208235 0.776580 -0.168632
v -0.199344 0.777092 -0.170694
v -0.182543 0.779437 -0.168662
v -0.217787 0.768564 -0.143731
v -0.211922 0.765076 -0.158264
v -0.206229 0.764028 -0.164610
v -0.197899 0.764675 -0.166605
v -0.182196 0.767541 -0.164894
v -0.214371 0.756329 -0.140815
v -0.208851 0.752757 -0.153968
v -0.203589 0.751725 -0.159718
v -0.195981 0.752489 -0.161551
v -0.181705 0.755645 -0.160055
v -0.210265 0.743774 -0.137691
v -0.205157 0.740597 -0.149278
v -0.200411 0.739753 -0.154317
v -0.193670 0.740612 -0.155886
v -0.181110 0.743809 -0.154459
v -0.205566 0.731028 -0.134761
v -0.200986 0.728666 -0.144622
v -0.196843 0.728153 -0.148854
v -0.191095 0.729068 -0.150063
v -0.180488 0.732048 -0.148555
v -0.199772 0.718318 -0.132765
v -0.196522 0.717038 -0.140518
v -0.193086 0.716933 -0.143847
v -0.188433 0.717832 -0.144622
v -0.179949 0.720317 -0.142935
v -0.195285 0.705857 -0.131565
v -0.192081 0.705775 -0.137515
v -0.189393 0.706055 -0.139878
v -0.185903 0.706812 -0.140201
v -0.179634 0.708507 -0.138359
v -0.190232 0.694092 -0.132523
v -0.187905 0.694862 -0.136258
v -0.186053 0.695339 -0.137613
v -0.183758 0.695791 -0.137568
v -0.179708 0.696471 -0.135821
v -0.185624 0.683224 -0.135923
v -0.184352 0.684025 -0.137501
v -0.183392 0.684361 -0.137970
v -0.182289 0.684436 -0.137798
v -0.180391 0.684262 -0.136638
v -0.181229 0.670125 -0.144747
v -0.181701 0.670911 -0.144005
v -0.181866 0.670858 -0.143919
v -0.182056 0.670840 -0.143941
v -0.182427 0.669883 -0.144530
v -0.109892 0.865162 0.001536
v -0.109734 0.868035 0.015708
v -0.111233 0.867434 0.022672
v -0.114421 0.863235 0.027483
v -0.122556 0.852333 0.032846
v -0.102671 0.859143 0.000894
v -0.099833 0.861560 0.014977
v -0.100081 0.860766 0.022737
v -0.103295 0.856639 0.028508
v -0.111466 0.846668 0.035256
v -0.098295 0.853529 -0.000839
v -0.092927 0.854693 0.013095
v -0.092132 0.853446 0.020979
v -0.095131 0.849377 0.027190
v -0.103880 0.840042 0.034950
v -0.094431 0.847047 -0.002913
v -0.087379 0.846798 0.010288
v -0.085847 0.845048 0.017959
v -0.088600 0.841054 0.024329
v -0.097518 0.832463 0.032728
v -0.090902 0.839479 -0.005392
v -0.083020 0.838018 0.006799
v -0.081086 0.835871 0.014057
v -0.083627 0.832027 0.020360
v -0.092434 0.824261 0.029023
v -0.087733 0.830771 -0.008271
v -0.079702 0.828451 0.002820
v -0.077640 0.826083 0.009560
v -0.080005 0.822492 0.015623
v -0.088498 0.815635 0.024216
v -0.085008 0.820989 -0.011454
v -0.077313 0.818190 -0.001479
v -0.075311 0.815789 0.004680
v -0.077513 0.812555 0.010371
v -0.085519 0.806678 0.018616
v -0.082803 0.810263 -0.014787
v -0.075762 0.807336 -0.005937
v -0.073934 0.805070 -0.000406
v -0.075958 0.802280 0.004809
v -0.083308 0.797424 0.012480
v -0.081161 0.798757 -0.018086
v -0.074965 0.795996 -0.010385
v -0.073367 0.794000 -0.005528
v -0.075175 0.791710 -0.000878
v -0.081704 0.787878 0.006039
v -0.080086 0.786649 -0.021156
v -0.074835 0.784278 -0.014651
v -0.073484 0.782647 -0.010517
v -0.075026 0.780882 -0.006506
v -0.080579 0.778031 -0.000486
v -0.079541 0.774122 -0.023801
v -0.075278 0.772288 -0.018552
v -0.074170 0.771073 -0.015191
v -0.075396 0.769822 -0.011884
v -0.079848 0.767870 -0.006879
v -0.079444 0.761365 -0.025830
v -0.076188 0.760128 -0.021896
v -0.075317 0.759334 -0.019354
v -0.076193 0.758553 -0.016810
v -0.079462 0.757378 -0.012923
v -0.079680 0.748566 -0.027064
v -0.077450 0.747897 -0.024479
v -0.076821 0.747481 -0.022791
v -0.077344 0.747093 -0.021061
v -0.079411 0.746537 -0.018393
v -0.080096 0.735918 -0.027346
v -0.078935 0.735700 -0.026092
v -0.078582 0.735569 -0.025270
v -0.078789 0.735462 -0.024396
v -0.079718 0.735331 -0.023045
v -0.080634 0.720619 -0.026204
v -0.080743 0.721675 -0.026428
v -0.080801 0.721701 -0.026570
v -0.080764 0.721722 -0.026720
v -0.080707 0.720779 -0.027189
v -0.167152 0.878477 0.000985
v -0.161239 0.886053 0.014970
v -0.157500 0.887023 0.023171
v -0.153905 0.882477 0.030146
v -0.148514 0.869394 0.039482
v -0.172749 0.878029 0.004153
v -0.166215 0.885491 0.017701
v -0.161983 0.886442 0.025558
v -0.157774 0.881952 0.032095
v -0.151309 0.869039 0.040656
v -0.177817 0.877302 0.007535
v -0.171143 0.884580 0.020802
v -0.166691 0.885499 0.028386
v -0.162082 0.881095 0.034519
v -0.154811 0.868448 0.042322
v -0.182530 0.876205 0.010983
v -0.176062 0.883261 0.024098
v -0.171580 0.884148 0.031481
v -0.166713 0.879871 0.037266
v -0.158799 0.867593 0.044376
v -0.186969 0.874675 0.014366
v -0.180987 0.881481 0.027434
v -0.176623 0.882345 0.034685
v -0.171601 0.878238 0.040189
v -0.163145 0.866436 0.046708
v -0.191165 0.872676 0.017566
v -0.185912 0.879200 0.030670
v -0.181793 0.880046 0.037850
v -0.176696 0.876149 0.043149
v -0.167774 0.864926 0.049210
v -0.195122 0.870200 0.020483
v -0.190814 0.876390 0.033676
v -0.187054 0.877210 0.040839
v -0.181958 0.873554 0.046012
v -0.172641 0.862998 0.051767
v -0.198826 0.867265 0.023035
v -0.195656 0.873036 0.036333
v -0.192360 0.873805 0.043518
v -0.187343 0.870402 0.048644
v -0.177723 0.860577 0.054256
v -0.202266 0.863906 0.025172
v -0.200390 0.869143 0.038542
v -0.197653 0.869810 0.045763
v -0.192801 0.866650 0.050910
v -0.183001 0.857581 0.056540
v -0.205448 0.860160 0.026873
v -0.204965 0.864727 0.040221
v -0.202863 0.865226 0.047462
v -0.198266 0.862273 0.052675
v -0.188442 0.853936 0.058463
v -0.208406 0.856058 0.028139
v -0.209338 0.859817 0.041316
v -0.207914 0.860072 0.048526
v -0.203659 0.857266 0.053817
v -0.193990 0.849589 0.059854
v -0.211203 0.851604 0.028987
v -0.213481 0.854443 0.041799
v -0.212737 0.854382 0.048892
v -0.208892 0.851652 0.054234
v -0.199559 0.844525 0.060537
v -0.213948 0.846754 0.029422
v -0.217395 0.848614 0.041661
v -0.217277 0.848190 0.048528
v -0.213874 0.845477 0.053850
v -0.205017 0.838792 0.060351
v -0.216766 0.841380 0.029425
v -0.221104 0.842284 0.040906
v -0.221498 0.841501 0.047438
v -0.218512 0.838790 0.052643
v -0.210196 0.832508 0.059207
v -0.219719 0.835311 0.028953
v -0.224611 0.835361 0.039548
v -0.225362 0.834276 0.045657
v -0.222728 0.831608 0.050651
v -0.214948 0.825778 0.057125
v -0.222783 0.828385 0.027978
v -0.227876 0.827739 0.037622
v -0.228818 0.826446 0.043249
v -0.226454 0.823905 0.047956
v -0.219181 0.818642 0.054196
v -0.225849 0.820454 0.026520
v -0.230815 0.819307 0.035195
v -0.231794 0.817922 0.040307
v -0.229630 0.815613 0.044665
v -0.222847 0.811069 0.050547
v -0.228745 0.811386 0.024676
v -0.233305 0.809952 0.032378
v -0.234201 0.808602 0.036952
v -0.232196 0.806632 0.040908
v -0.225931 0.802951 0.046318
v -0.231252 0.801065 0.022617
v -0.235196 0.799565 0.029332
v -0.235928 0.798370 0.033337
v -0.234085 0.796826 0.036834
v -0.228428 0.794107 0.041654
v -0.233127 0.789393 0.020586
v -0.236320 0.788033 0.026260
v -0.236858 0.787090 0.029646
v -0.235219 0.786018 0.032615
v -0.230323 0.784279 0.036717
v -0.234127 0.776293 0.018877
v -0.236508 0.775234 0.023404
v -0.236859 0.774599 0.026096
v -0.235502 0.773985 0.028455
v -0.231564 0.773130 0.031700
v -0.234030 0.761695 0.017812
v -0.235593 0.761018 0.021038
v -0.235794 0.760688 0.022939
v -0.234813 0.760450 0.024597
v -0.232041 0.760267 0.026853
v -0.232655 0.745508 0.017727
v -0.233415 0.745194 0.019467
v -0.233508 0.745100 0.020472
v -0.232989 0.745090 0.021343
v -0.231569 0.745265 0.022494
v -0.228891 0.722750 0.019504
v -0.229026 0.724280 0.019184
v -0.229012 0.724299 0.019014
v -0.229098 0.724304 0.018865
v -0.229133 0.722834 0.018429
v -0.179067 0.863611 0.016595
v -0.171478 0.875242 0.025424
v -0.165622 0.878934 0.029492
v -0.158382 0.877823 0.032769
v -0.144065 0.870644 0.036182
v -0.187055 0.860380 0.032426
v -0.179105 0.870205 0.040996
v -0.173057 0.873192 0.045630
v -0.165764 0.871422 0.048885
v -0.153194 0.863466 0.052450
v -0.192809 0.856877 0.042537
v -0.184857 0.865214 0.052296
v -0.178874 0.867414 0.057285
v -0.171739 0.865099 0.060311
v -0.159515 0.856578 0.062882
v -0.197616 0.852967 0.050882
v -0.189984 0.859315 0.061682
v -0.184231 0.860578 0.066894
v -0.177356 0.857818 0.069509
v -0.165567 0.849154 0.070755
v -0.201546 0.848487 0.057613
v -0.194541 0.852351 0.069072
v -0.189160 0.852571 0.074283
v -0.182612 0.849561 0.076296
v -0.171274 0.841383 0.075959
v -0.204722 0.843143 0.062844
v -0.198530 0.844188 0.074239
v -0.193608 0.843368 0.079119
v -0.187418 0.840424 0.080388
v -0.176529 0.833553 0.078455
v -0.207277 0.836418 0.066459
v -0.201749 0.835031 0.076757
v -0.197256 0.833464 0.080909
v -0.191487 0.830958 0.081434
v -0.181237 0.826041 0.078313
v -0.209251 0.828090 0.068231
v -0.203994 0.825840 0.076842
v -0.199841 0.824174 0.080101
v -0.194656 0.822228 0.080069
v -0.185554 0.818915 0.076383
v -0.210905 0.819180 0.069114
v -0.205975 0.817052 0.076286
v -0.202211 0.815613 0.078891
v -0.197667 0.814095 0.078604
v -0.189822 0.811680 0.074965
v -0.212224 0.810066 0.069207
v -0.207882 0.808159 0.075209
v -0.204603 0.806956 0.077347
v -0.200686 0.805802 0.077010
v -0.193968 0.804092 0.073756
v -0.213276 0.800782 0.068648
v -0.209678 0.799149 0.073683
v -0.206935 0.798173 0.075489
v -0.203628 0.797313 0.075236
v -0.197927 0.796131 0.072575
v -0.214100 0.791345 0.067580
v -0.211325 0.790000 0.071782
v -0.209142 0.789230 0.073337
v -0.206427 0.788598 0.073240
v -0.201674 0.787792 0.071274
v -0.214724 0.781737 0.066144
v -0.212783 0.780678 0.069573
v -0.211159 0.780087 0.070908
v -0.209026 0.779628 0.070985
v -0.205192 0.779084 0.069729
v -0.215128 0.772078 0.064553
v -0.214011 0.771134 0.067134
v -0.212938 0.770612 0.068214
v -0.211388 0.770241 0.068423
v -0.208483 0.769820 0.067831
v -0.215826 0.763116 0.061924
v -0.215292 0.762188 0.063643
v -0.214652 0.761687 0.064404
v -0.213615 0.761351 0.064621
v -0.211584 0.760988 0.064407
v -0.216938 0.754755 0.057875
v -0.216737 0.753990 0.058863
v -0.216392 0.753576 0.059323
v -0.215759 0.753302 0.059480
v -0.214470 0.753004 0.059437
v -0.218410 0.746985 0.052309
v -0.218367 0.746488 0.052764
v -0.218206 0.746211 0.052994
v -0.217870 0.746027 0.053079
v -0.217160 0.745816 0.053102
v -0.220188 0.739903 0.045175
v -0.220197 0.739678 0.045301
v -0.220139 0.739543 0.045385
v -0.220001 0.739453 0.045416
v -0.219699 0.739335 0.045460
v -0.222218 0.733599 0.036477
v -0.222231 0.733574 0.036445
v -0.222221 0.733544 0.036458
v -0.222195 0.733524 0.036462
v -0.222134 0.733479 0.036515
v -0.225053 0.726918 0.023452
v -0.224867 0.727381 0.024298
v -0.224869 0.727388 0.024294
v -0.224875 0.727392 0.024293
v -0.225083 0.726954 0.023436
v -0.174676 0.889052 -0.019715
v -0.170416 0.896551 -0.004371
v -0.167583 0.897346 0.004573
v -0.164645 0.892449 0.012058
v -0.160035 0.878635 0.021960
v -0.180672 0.888770 -0.018531
v -0.176957 0.896145 -0.002319
v -0.174214 0.896777 0.006996
v -0.171000 0.891604 0.014586
v -0.165558 0.877237 0.024350
v -0.186145 0.888152 -0.017572
v -0.183080 0.895328 -0.000528
v -0.180466 0.895783 0.009141
v -0.176977 0.890368 0.016823
v -0.170659 0.875557 0.026438
v -0.191201 0.887243 -0.016833
v -0.188868 0.894143 0.001012
v -0.186419 0.894403 0.011022
v -0.182664 0.888771 0.018796
v -0.175457 0.873604 0.028275
v -0.195934 0.886082 -0.016309
v -0.194394 0.892629 0.002308
v -0.192139 0.892670 0.012652
v -0.188136 0.886835 0.020525
v -0.180054 0.871374 0.029898
v -0.200429 0.884698 -0.015996
v -0.199723 0.890813 0.003368
v -0.197688 0.890607 0.014041
v -0.193456 0.884573 0.022026
v -0.184524 0.868858 0.031326
v -0.204760 0.883105 -0.015891
v -0.204922 0.888710 0.004199
v -0.203125 0.888225 0.015197
v -0.198680 0.881986 0.023303
v -0.188917 0.866040 0.032566
v -0.208992 0.881307 -0.015990
v -0.210050 0.886314 0.004802
v -0.208504 0.885514 0.016121
v -0.203852 0.879062 0.024357
v -0.193263 0.862902 0.033609
v -0.213179 0.879292 -0.016297
v -0.215158 0.883603 0.005175
v -0.213871 0.882448 0.016807
v -0.209007 0.875774 0.025178
v -0.197570 0.859423 0.034437
v -0.217360 0.877037 -0.016817
v -0.220283 0.880534 0.005305
v -0.219257 0.878977 0.017239
v -0.214162 0.872080 0.025743
v -0.201825 0.855582 0.035023
v -0.221562 0.874505 -0.017561
v -0.225449 0.877047 0.005169
v -0.224676 0.875039 0.017387
v -0.219317 0.867923 0.026020
v -0.206002 0.851353 0.035327
v -0.225799 0.871646 -0.018543
v -0.230652 0.873066 0.004734
v -0.230116 0.870552 0.017211
v -0.224447 0.863239 0.025963
v -0.210056 0.846706 0.035303
v -0.230145 0.868327 -0.019799
v -0.235897 0.868474 0.003952
v -0.235536 0.865427 0.016656
v -0.229474 0.857980 0.025521
v -0.213857 0.841680 0.034907
v -0.234748 0.864199 -0.021383
v -0.241176 0.863054 0.002780
v -0.240846 0.859541 0.015691
v -0.234243 0.852136 0.024680
v -0.217169 0.836462 0.034161
v -0.239643 0.858745 -0.023306
v -0.246379 0.856512 0.001222
v -0.245874 0.852744 0.014336
v -0.238568 0.845702 0.023483
v -0.219831 0.831271 0.033156
v -0.244611 0.851430 -0.025458
v -0.251248 0.848558 -0.000627
v -0.250386 0.844885 0.012677
v -0.242301 0.838637 0.022012
v -0.221897 0.826208 0.031971
v -0.249174 0.841842 -0.027536
v -0.255409 0.838971 -0.002573
v -0.254119 0.835822 0.010844
v -0.245356 0.830820 0.020342
v -0.223634 0.821120 0.030603
v -0.252691 0.829815 -0.029044
v -0.258440 0.827613 -0.004339
v -0.256826 0.825382 0.008988
v -0.247711 0.821967 0.018519
v -0.225414 0.815473 0.028969
v -0.254532 0.815451 -0.029369
v -0.259945 0.814389 -0.005620
v -0.258281 0.813301 0.007254
v -0.249334 0.811586 0.016583
v -0.227541 0.808354 0.026997
v -0.254235 0.798978 -0.027876
v -0.259582 0.799145 -0.006089
v -0.258235 0.799169 0.005814
v -0.250098 0.798989 0.014614
v -0.230104 0.798622 0.024700
v -0.251584 0.780539 -0.023899
v -0.257029 0.781604 -0.005341
v -0.256344 0.782440 0.004932
v -0.249691 0.783381 0.012786
v -0.232914 0.785113 0.022164
v -0.246678 0.760072 -0.016644
v -0.251980 0.761376 -0.002774
v -0.252116 0.762523 0.005072
v -0.247557 0.763974 0.011400
v -0.235446 0.766744 0.019418
v -0.240099 0.737253 -0.005113
v -0.244202 0.738032 0.002552
v -0.244910 0.738884 0.007025
v -0.242821 0.740086 0.010952
v -0.236670 0.742543 0.016331
v -0.231853 0.704091 0.016739
v -0.231924 0.706150 0.014389
v -0.231832 0.706014 0.013643
v -0.232191 0.705826 0.012994
v -0.232754 0.702999 0.012033
v -0.182754 0.886735 -0.048799
v -0.178861 0.897067 -0.034809
v -0.176234 0.899522 -0.025989
v -0.173463 0.896050 -0.017564
v -0.169044 0.884166 -0.005047
v -0.187381 0.886454 -0.048465
v -0.184049 0.897221 -0.033701
v -0.181708 0.899783 -0.024398
v -0.179120 0.896171 -0.015520
v -0.174864 0.883796 -0.002336
v -0.191673 0.886463 -0.048246
v -0.189125 0.897344 -0.032641
v -0.187194 0.899845 -0.022877
v -0.184884 0.895979 -0.013657
v -0.180907 0.882997 -0.000079
v -0.195885 0.886604 -0.048091
v -0.194290 0.897352 -0.031663
v -0.192844 0.899669 -0.021490
v -0.190838 0.895478 -0.012039
v -0.187127 0.881844 0.001699
v -0.200226 0.886720 -0.047978
v -0.199689 0.897153 -0.030810
v -0.198755 0.899206 -0.020301
v -0.197018 0.894666 -0.010717
v -0.193452 0.880399 0.003000
v -0.204833 0.886662 -0.047911
v -0.205402 0.896656 -0.030127
v -0.204966 0.898402 -0.019361
v -0.203420 0.893525 -0.009722
v -0.199811 0.878704 0.003857
v -0.209759 0.886303 -0.047912
v -0.211450 0.895769 -0.029649
v -0.211476 0.897194 -0.018702
v -0.210020 0.892018 -0.009062
v -0.206136 0.876770 0.004316
v -0.214989 0.885541 -0.048004
v -0.217806 0.894403 -0.029397
v -0.218249 0.895500 -0.018334
v -0.216767 0.890085 -0.008730
v -0.212358 0.874571 0.004424
v -0.220458 0.884303 -0.048201
v -0.224404 0.892457 -0.029369
v -0.225212 0.893217 -0.018247
v -0.223580 0.887632 -0.008706
v -0.218376 0.872046 0.004218
v -0.226079 0.882530 -0.048504
v -0.231118 0.889834 -0.029547
v -0.232226 0.890232 -0.018414
v -0.230317 0.884551 -0.008960
v -0.224053 0.869112 0.003720
v -0.231788 0.880156 -0.048905
v -0.237799 0.886454 -0.029899
v -0.239111 0.886467 -0.018796
v -0.236804 0.880771 -0.009455
v -0.229270 0.865723 0.002956
v -0.237531 0.877101 -0.049388
v -0.244297 0.882268 -0.030387
v -0.245687 0.881887 -0.019345
v -0.242879 0.876272 -0.010145
v -0.233937 0.861873 0.001959
v -0.243249 0.873287 -0.049929
v -0.250472 0.877266 -0.030959
v -0.251793 0.876513 -0.020002
v -0.248404 0.871085 -0.010975
v -0.238005 0.857589 0.000766
v -0.248870 0.868648 -0.050489
v -0.256204 0.871478 -0.031560
v -0.257305 0.870413 -0.020706
v -0.253289 0.865281 -0.011888
v -0.241473 0.852908 -0.000587
v -0.254308 0.863155 -0.051015
v -0.261402 0.864975 -0.032125
v -0.262147 0.863693 -0.021393
v -0.257492 0.858956 -0.012826
v -0.244384 0.847867 -0.002061
v -0.259473 0.856822 -0.051439
v -0.266017 0.857859 -0.032592
v -0.266297 0.856477 -0.022003
v -0.261029 0.852217 -0.013739
v -0.246811 0.842493 -0.003614
v -0.264285 0.849712 -0.051685
v -0.270035 0.850248 -0.032902
v -0.269782 0.848897 -0.022487
v -0.263956 0.845165 -0.014576
v -0.248848 0.836804 -0.005196
v -0.268684 0.841929 -0.051675
v -0.273489 0.842259 -0.033007
v -0.272676 0.841060 -0.022803
v -0.266367 0.837885 -0.015292
v -0.250602 0.830824 -0.006739
v -0.272623 0.833588 -0.051340
v -0.276423 0.833971 -0.032867
v -0.275065 0.833032 -0.022921
v -0.268363 0.830431 -0.015846
v -0.252158 0.824599 -0.008166
v -0.276041 0.824788 -0.050624
v -0.278858 0.825440 -0.032456
v -0.277005 0.824850 -0.022818
v -0.270008 0.822844 -0.016205
v -0.253569 0.818194 -0.009402
v -0.278857 0.815620 -0.049480
v -0.280784 0.816713 -0.031752
v -0.278517 0.816551 -0.022479
v -0.271335 0.815169 -0.016338
v -0.254864 0.811693 -0.010382
v -0.280968 0.806167 -0.047865
v -0.282155 0.807838 -0.030734
v -0.279585 0.808172 -0.021886
v -0.272344 0.807455 -0.016220
v -0.256052 0.805187 -0.011052
v -0.282240 0.796521 -0.045739
v -0.282895 0.798863 -0.029381
v -0.280162 0.799750 -0.021025
v -0.273008 0.799749 -0.015834
v -0.257128 0.798762 -0.011375
v -0.282506 0.786799 -0.043054
v -0.282885 0.789845 -0.027669
v -0.280161 0.791319 -0.019881
v -0.273268 0.792088 -0.015166
v -0.258077 0.792486 -0.011337
v -0.281573 0.777166 -0.039762
v -0.281965 0.780861 -0.025570
v -0.279447 0.782915 -0.018437
v -0.273031 0.784489 -0.014211
v -0.258874 0.786378 -0.010947
v -0.279232 0.767923 -0.035824
v -0.279928 0.772062 -0.023055
v -0.277832 0.774599 -0.016674
v -0.272143 0.776940 -0.012957
v -0.259455 0.780326 -0.010211
v -0.275423 0.759618 -0.031321
v -0.276616 0.763745 -0.020164
v -0.275110 0.766495 -0.014600
v -0.270389 0.769367 -0.011386
v -0.259613 0.773929 -0.009062
v -0.270503 0.752663 -0.026514
v -0.272142 0.756167 -0.017061
v -0.271246 0.758719 -0.012321
v -0.267596 0.761681 -0.009542
v -0.258976 0.766700 -0.007448
v -0.265060 0.746912 -0.021656
v -0.266862 0.749321 -0.013965
v -0.266435 0.751300 -0.010039
v -0.263774 0.753865 -0.007618
v -0.257245 0.758473 -0.005556
v -0.259614 0.741714 -0.016931
v -0.261236 0.742894 -0.011089
v -0.261068 0.744101 -0.008009
v -0.259207 0.745907 -0.005949
v -0.254483 0.749363 -0.003883
v -0.254535 0.736106 -0.012591
v -0.255748 0.736291 -0.008683
v -0.255676 0.736763 -0.006526
v -0.254436 0.737678 -0.004943
v -0.251215 0.739599 -0.003095
v -0.250170 0.728931 -0.009200
v -0.250926 0.728624 -0.007165
v -0.250894 0.728628 -0.005969
v -0.250189 0.728831 -0.005020
v -0.248306 0.729413 -0.003769
v -0.247185 0.719155 -0.007863
v -0.247547 0.718863 -0.007326
v -0.247544 0.718769 -0.006946
v -0.247310 0.718701 -0.006635
v -0.246599 0.718715 -0.006147
v -0.247190 0.702742 -0.011368
v -0.247185 0.703824 -0.011268
v -0.247187 0.703835 -0.011341
v -0.247231 0.703840 -0.011401
v -0.247344 0.702798 -0.011816
v -0.203882 0.896173 -0.114116
v -0.200235 0.903706 -0.098323
v -0.197888 0.904453 -0.089083
v -0.195568 0.899416 -0.081296
v -0.192036 0.885274 -0.070916
v -0.207380 0.896495 -0.114144
v -0.205009 0.903903 -0.097318
v -0.203309 0.904449 -0.087562
v -0.201386 0.899043 -0.079477
v -0.198185 0.884149 -0.068882
v -0.210602 0.896587 -0.114347
v -0.209691 0.903856 -0.096718
v -0.208698 0.904224 -0.086560
v -0.207144 0.898517 -0.078240
v -0.204141 0.883025 -0.067467
v -0.213592 0.896399 -0.114708
v -0.214316 0.903522 -0.096523
v -0.214071 0.903743 -0.086073
v -0.212829 0.897814 -0.077559
v -0.209823 0.881899 -0.066597
v -0.216418 0.895870 -0.115219
v -0.218926 0.902832 -0.096737
v -0.219447 0.902938 -0.086100
v -0.218425 0.896879 -0.077409
v -0.215153 0.880747 -0.066190
v -0.219162 0.894926 -0.115885
v -0.223551 0.901689 -0.097365
v -0.224827 0.901712 -0.086637
v -0.223908 0.895631 -0.077761
v -0.220074 0.879537 -0.066156
v -0.221901 0.893464 -0.116721
v -0.228184 0.899969 -0.098408
v -0.230171 0.899945 -0.087665
v -0.229236 0.893975 -0.078568
v -0.224573 0.878233 -0.066397
v -0.224679 0.891354 -0.117740
v -0.232764 0.897553 -0.099834
v -0.235391 0.897526 -0.089133
v -0.234353 0.891823 -0.079763
v -0.228706 0.876792 -0.066829
v -0.227494 0.888465 -0.118934
v -0.237200 0.894354 -0.101573
v -0.240386 0.894387 -0.090945
v -0.239219 0.889106 -0.081257
v -0.232609 0.875129 -0.067400
v -0.230319 0.884687 -0.120267
v -0.241419 0.890334 -0.103525
v -0.245099 0.890504 -0.092989
v -0.243846 0.885769 -0.082958
v -0.236463 0.873090 -0.068095
v -0.233135 0.879951 -0.121679
v -0.245429 0.885466 -0.105592
v -0.249563 0.885845 -0.095164
v -0.248318 0.881730 -0.084794
v -0.240445 0.870459 -0.068917
v -0.235929 0.874227 -0.123097
v -0.249283 0.879707 -0.107697
v -0.253864 0.880343 -0.097399
v -0.252729 0.876871 -0.086715
v -0.244653 0.867024 -0.069865
v -0.238690 0.867503 -0.124446
v -0.253028 0.872990 -0.109776
v -0.258067 0.873898 -0.099638
v -0.257137 0.871069 -0.088677
v -0.249095 0.862625 -0.070917
v -0.241394 0.859781 -0.125648
v -0.256674 0.865244 -0.111757
v -0.262187 0.866409 -0.101820
v -0.261537 0.864211 -0.090626
v -0.253713 0.857157 -0.072035
v -0.243994 0.851077 -0.126619
v -0.260179 0.856421 -0.113562
v -0.266177 0.857798 -0.103867
v -0.265864 0.856214 -0.092496
v -0.258401 0.850551 -0.073170
v -0.246411 0.841436 -0.127267
v -0.263449 0.846498 -0.115091
v -0.269930 0.848015 -0.105685
v -0.269996 0.847023 -0.094203
v -0.263007 0.842770 -0.074268
v -0.248538 0.830932 -0.127493
v -0.266342 0.835486 -0.116233
v -0.273285 0.837045 -0.107163
v -0.273755 0.836615 -0.095651
v -0.267333 0.833800 -0.075267
v -0.250240 0.819668 -0.127192
v -0.268667 0.823433 -0.116859
v -0.276022 0.824910 -0.108170
v -0.276906 0.825000 -0.096723
v -0.271134 0.823652 -0.076096
v -0.251359 0.807771 -0.126252
v -0.270185 0.810423 -0.116825
v -0.277865 0.811671 -0.108556
v -0.279155 0.812228 -0.097288
v -0.274111 0.812362 -0.076675
v -0.251709 0.795392 -0.124551
v -0.270602 0.796621 -0.115972
v -0.278469 0.797486 -0.108155
v -0.280138 0.798427 -0.097197
v -0.275902 0.799989 -0.076907
v -0.251143 0.782659 -0.121998
v -0.269661 0.782326 -0.114184
v -0.277519 0.782698 -0.106844
v -0.279506 0.783878 -0.096337
v -0.276128 0.786609 -0.076710
v -0.249704 0.769588 -0.118639
v -0.267350 0.767851 -0.111496
v -0.274955 0.767710 -0.104653
v -0.277133 0.768942 -0.094735
v -0.274538 0.772363 -0.076107
v -0.247587 0.756092 -0.114637
v -0.263887 0.753372 -0.108080
v -0.270973 0.752807 -0.101758
v -0.273140 0.753915 -0.092564
v -0.271080 0.757471 -0.075260
v -0.245112 0.742068 -0.110265
v -0.259645 0.738948 -0.104218
v -0.265945 0.738127 -0.098448
v -0.267847 0.738985 -0.090124
v -0.265939 0.742159 -0.074492
v -0.242727 0.727481 -0.105879
v -0.255092 0.724571 -0.100287
v -0.260343 0.723691 -0.095122
v -0.261718 0.724213 -0.087850
v -0.259553 0.726571 -0.074303
v -0.240988 0.712417 -0.101880
v -0.250738 0.710194 -0.096762
v -0.254685 0.709406 -0.092312
v -0.255329 0.709522 -0.086343
v -0.252638 0.710712 -0.075410
v -0.240447 0.697039 -0.098639
v -0.247064 0.695653 -0.094239
v -0.249501 0.694999 -0.090745
v -0.249388 0.694661 -0.086439
v -0.246315 0.694510 -0.078800
v -0.241402 0.681229 -0.096519
v -0.244501 0.680421 -0.093613
v -0.245425 0.679877 -0.091543
v -0.244896 0.679251 -0.089350
v -0.242327 0.678196 -0.085665
v -0.244673 0.658962 -0.097535
v -0.244088 0.660524 -0.097872
v -0.243922 0.660610 -0.098216
v -0.243992 0.660701 -0.098590
v -0.244350 0.659559 -0.099959
v -0.202226 0.891642 -0.088376
v -0.199376 0.902202 -0.073527
v -0.197248 0.904693 -0.064199
v -0.194693 0.901055 -0.055377
v -0.190328 0.888699 -0.042302
v -0.210945 0.890762 -0.087890
v -0.210079 0.901491 -0.071732
v -0.208857 0.903909 -0.061688
v -0.206684 0.899944 -0.052331
v -0.202326 0.886815 -0.038647
v -0.218439 0.889050 -0.087819
v -0.219949 0.899699 -0.070939
v -0.219766 0.902022 -0.060477
v -0.217936 0.897905 -0.050764
v -0.213337 0.884485 -0.036617
v -0.225200 0.886640 -0.088010
v -0.229129 0.896848 -0.070878
v -0.229955 0.898981 -0.060242
v -0.228356 0.894810 -0.050333
v -0.223255 0.881459 -0.035875
v -0.231640 0.883575 -0.088389
v -0.237704 0.892971 -0.071305
v -0.239365 0.894797 -0.060662
v -0.237831 0.890630 -0.050688
v -0.231980 0.877627 -0.036079
v -0.238017 0.879820 -0.088921
v -0.245719 0.888121 -0.072005
v -0.247947 0.889553 -0.061443
v -0.246291 0.885434 -0.051503
v -0.239486 0.872993 -0.036909
v -0.244419 0.875319 -0.089564
v -0.253183 0.882372 -0.072804
v -0.255689 0.883371 -0.062349
v -0.253735 0.879348 -0.052522
v -0.245831 0.867634 -0.038114
v -0.250787 0.870038 -0.090250
v -0.260076 0.875807 -0.073573
v -0.262600 0.876382 -0.063225
v -0.260210 0.872511 -0.053576
v -0.251133 0.861660 -0.039522
v -0.256958 0.863985 -0.090896
v -0.266342 0.868517 -0.074243
v -0.268688 0.868713 -0.064003
v -0.265782 0.865058 -0.054586
v -0.255535 0.855195 -0.041029
v -0.262686 0.857207 -0.091433
v -0.271884 0.860592 -0.074809
v -0.273942 0.860477 -0.064692
v -0.270510 0.857122 -0.055547
v -0.259186 0.848388 -0.042570
v -0.267670 0.849768 -0.091831
v -0.276563 0.852134 -0.075321
v -0.278317 0.851802 -0.065365
v -0.274426 0.848850 -0.056504
v -0.262224 0.841419 -0.044098
v -0.271658 0.841755 -0.092085
v -0.280253 0.843257 -0.075832
v -0.281760 0.842809 -0.066086
v -0.277546 0.840369 -0.057494
v -0.264762 0.834415 -0.045566
v -0.274472 0.833301 -0.092194
v -0.282863 0.834083 -0.076372
v -0.284238 0.833609 -0.066888
v -0.279888 0.831760 -0.058533
v -0.266892 0.827401 -0.046943
v -0.276018 0.824581 -0.092140
v -0.284345 0.824743 -0.076939
v -0.285729 0.824290 -0.067778
v -0.281461 0.823059 -0.059629
v -0.268669 0.820308 -0.048228
v -0.276305 0.815770 -0.091891
v -0.284701 0.815363 -0.077510
v -0.286233 0.814932 -0.068739
v -0.282263 0.814272 -0.060781
v -0.270093 0.813009 -0.049452
v -0.275450 0.807002 -0.091404
v -0.283988 0.806045 -0.078038
v -0.285774 0.805597 -0.069738
v -0.282284 0.805396 -0.061985
v -0.271108 0.805369 -0.050675
v -0.273659 0.798324 -0.090638
v -0.282326 0.796841 -0.078463
v -0.284410 0.796323 -0.070721
v -0.281522 0.796428 -0.063223
v -0.271608 0.797288 -0.051968
v -0.271194 0.789669 -0.089574
v -0.279881 0.787738 -0.078722
v -0.282238 0.787113 -0.071623
v -0.279993 0.787364 -0.064465
v -0.271476 0.788729 -0.053398
v -0.268337 0.780872 -0.088226
v -0.276853 0.778644 -0.078760
v -0.279393 0.777916 -0.072375
v -0.277750 0.778184 -0.065668
v -0.270619 0.779710 -0.055007
v -0.265367 0.771702 -0.086650
v -0.273453 0.769390 -0.078542
v -0.276033 0.768611 -0.072912
v -0.274881 0.768827 -0.066782
v -0.268999 0.770271 -0.056809
v -0.262509 0.761933 -0.084925
v -0.269874 0.759767 -0.078065
v -0.272321 0.759022 -0.073198
v -0.271507 0.759177 -0.067763
v -0.266661 0.760431 -0.058785
v -0.259867 0.751445 -0.083103
v -0.266243 0.749611 -0.077354
v -0.268394 0.748980 -0.073238
v -0.267770 0.749107 -0.068595
v -0.263748 0.750162 -0.060880
v -0.257449 0.740231 -0.081193
v -0.262632 0.738836 -0.076444
v -0.264366 0.738373 -0.073066
v -0.263824 0.738504 -0.069282
v -0.260473 0.739388 -0.063022
v -0.255191 0.728354 -0.079164
v -0.259081 0.727421 -0.075371
v -0.260339 0.727140 -0.072727
v -0.259830 0.727289 -0.069834
v -0.257086 0.728021 -0.065119
v -0.252999 0.715908 -0.076987
v -0.255622 0.715388 -0.074159
v -0.256419 0.715265 -0.072247
v -0.255957 0.715421 -0.070230
v -0.253838 0.715997 -0.067027
v -0.250794 0.702999 -0.074659
v -0.252309 0.702785 -0.072812
v -0.252728 0.702768 -0.071606
v -0.252366 0.702903 -0.070390
v -0.250925 0.703305 -0.068530
v -0.248566 0.689720 -0.072217
v -0.249242 0.689677 -0.071289
v -0.249405 0.689702 -0.070706
v -0.249195 0.689789 -0.070144
v -0.248439 0.690009 -0.069337
v -0.246405 0.676146 -0.069716
v -0.246563 0.676147 -0.069488
v -0.246593 0.676164 -0.069355
v -0.246538 0.676190 -0.069233
v -0.246339 0.676253 -0.069102
v -0.244036 0.658827 -0.066551
v -0.244174 0.659977 -0.066795
v -0.244167 0.659975 -0.066824
v -0.244178 0.659970 -0.066851
v -0.244050 0.658801 -0.066739
v -0.198054 0.897246 -0.067288
v -0.194206 0.903739 -0.053357
v -0.191793 0.904292 -0.045233
v -0.189453 0.899722 -0.038468
v -0.186006 0.887023 -0.029539
v -0.208382 0.896283 -0.063408
v -0.205491 0.902326 -0.049867
v -0.203525 0.902778 -0.042026
v -0.201390 0.898375 -0.035577
v -0.197984 0.886238 -0.027178
v -0.217301 0.894669 -0.060712
v -0.215489 0.900557 -0.047489
v -0.213979 0.901048 -0.039836
v -0.211965 0.896881 -0.033542
v -0.208363 0.885329 -0.025346
v -0.224980 0.892514 -0.058976
v -0.224384 0.898366 -0.045997
v -0.223353 0.898954 -0.038457
v -0.221393 0.895048 -0.032204
v -0.217392 0.884087 -0.023997
v -0.231642 0.889888 -0.057974
v -0.232365 0.895670 -0.045179
v -0.231825 0.896342 -0.037701
v -0.229853 0.892697 -0.031420
v -0.225275 0.882341 -0.023077
v -0.237581 0.886814 -0.057496
v -0.239605 0.892384 -0.044831
v -0.239519 0.893080 -0.037381
v -0.237461 0.889682 -0.031040
v -0.232150 0.879958 -0.022516
v -0.243156 0.883261 -0.057349
v -0.246266 0.888450 -0.044739
v -0.246512 0.889096 -0.037289
v -0.244274 0.885924 -0.030893
v -0.238112 0.876852 -0.022229
v -0.248623 0.879228 -0.057348
v -0.252499 0.883850 -0.044677
v -0.252924 0.884352 -0.037199
v -0.250419 0.881351 -0.030791
v -0.243350 0.872891 -0.022124
v -0.253931 0.874760 -0.057452
v -0.258314 0.878621 -0.044604
v -0.258794 0.878879 -0.037074
v -0.255964 0.875984 -0.030701
v -0.247973 0.868070 -0.022186
v -0.259016 0.869834 -0.057674
v -0.263671 0.872791 -0.044563
v -0.264096 0.872736 -0.036966
v -0.260885 0.869911 -0.030672
v -0.251951 0.862525 -0.022437
v -0.263840 0.864399 -0.058013
v -0.268533 0.866377 -0.044589
v -0.268792 0.865982 -0.036923
v -0.265147 0.863229 -0.030746
v -0.255250 0.856406 -0.022898
v -0.268332 0.858424 -0.058474
v -0.272851 0.859404 -0.044720
v -0.272847 0.858675 -0.036992
v -0.268729 0.856026 -0.030966
v -0.257871 0.849846 -0.023585
v -0.272399 0.851895 -0.059070
v -0.276568 0.851905 -0.044999
v -0.276227 0.850875 -0.037222
v -0.271618 0.848386 -0.031371
v -0.259835 0.842960 -0.024502
v -0.275934 0.844818 -0.059826
v -0.279625 0.843921 -0.045472
v -0.278903 0.842643 -0.037664
v -0.273813 0.840385 -0.031995
v -0.261178 0.835840 -0.025643
v -0.278804 0.837232 -0.060790
v -0.281947 0.835559 -0.046189
v -0.280834 0.834104 -0.038360
v -0.275306 0.832132 -0.032863
v -0.261943 0.828533 -0.026989
v -0.281002 0.829236 -0.061917
v -0.283551 0.826987 -0.047122
v -0.282058 0.825432 -0.039294
v -0.276162 0.823743 -0.033972
v -0.262242 0.821004 -0.028560
v -0.282653 0.820930 -0.063070
v -0.284561 0.818314 -0.048186
v -0.282704 0.816720 -0.040418
v -0.276521 0.815274 -0.035316
v -0.262243 0.813219 -0.030417
v -0.283869 0.812390 -0.064122
v -0.285094 0.809583 -0.049320
v -0.282897 0.807996 -0.041708
v -0.276524 0.806741 -0.036902
v -0.262111 0.805184 -0.032610
v -0.284746 0.803679 -0.064952
v -0.285254 0.800833 -0.050476
v -0.282753 0.799287 -0.043154
v -0.276306 0.798167 -0.038744
v -0.262028 0.796918 -0.035181
v -0.285359 0.794851 -0.065452
v -0.285129 0.792095 -0.051619
v -0.282380 0.790615 -0.044757
v -0.276009 0.789570 -0.040864
v -0.262198 0.788450 -0.038157
v -0.285751 0.785955 -0.065529
v -0.284800 0.783390 -0.052739
v -0.281889 0.781992 -0.046540
v -0.275786 0.780971 -0.043288
v -0.262855 0.779818 -0.041542
v -0.285933 0.776965 -0.065123
v -0.284347 0.774668 -0.053862
v -0.281412 0.773375 -0.048553
v -0.275827 0.772363 -0.046051
v -0.264288 0.771114 -0.045304
v -0.285860 0.767875 -0.064332
v -0.283851 0.765913 -0.055068
v -0.281086 0.764775 -0.050841
v -0.276292 0.763841 -0.049119
v -0.266657 0.762612 -0.049249
v -0.285466 0.759011 -0.063458
v -0.283366 0.757441 -0.056418
v -0.280979 0.756512 -0.053317
v -0.277170 0.755739 -0.052280
v -0.269729 0.754689 -0.052980
v -0.284786 0.750795 -0.062716
v -0.282946 0.749658 -0.057878
v -0.281106 0.748973 -0.055827
v -0.278373 0.748403 -0.055302
v -0.273181 0.747611 -0.056205
v -0.283944 0.743648 -0.062214
v -0.282630 0.742954 -0.059341
v -0.281426 0.742519 -0.058170
v -0.279740 0.742160 -0.057965
v -0.276621 0.741637 -0.058747
v -0.283115 0.737996 -0.061957
v -0.282432 0.737705 -0.060640
v -0.281838 0.737494 -0.060124
v -0.281044 0.737321 -0.060073
v -0.279620 0.737029 -0.060542
v -0.282491 0.734264 -0.061869
v -0.282334 0.734273 -0.061570
v -0.282199 0.734224 -0.061462
v -0.282023 0.734185 -0.061459
v -0.281741 0.734053 -0.061606
v -0.246487 0.723604 0.046433
v -0.282310 0.733134 -0.061897
v -0.282339 0.733144 -0.061921
v -0.282378 0.733153 -0.061923
v -0.282493 0.733075 -0.061938
v -0.210597 0.894987 -0.135042
v -0.209713 0.901260 -0.121148
v -0.208735 0.901850 -0.113049
v -0.207190 0.897558 -0.106303
v -0.204200 0.885607 -0.097352
v -0.213347 0.895297 -0.136093
v -0.216242 0.900589 -0.121022
v -0.216902 0.900543 -0.112360
v -0.215868 0.895604 -0.105329
v -0.212440 0.882647 -0.096264
v -0.216531 0.894910 -0.137657
v -0.222861 0.898594 -0.122172
v -0.224832 0.897714 -0.113265
v -0.223816 0.892225 -0.106021
v -0.219001 0.878726 -0.096693
v -0.220459 0.893143 -0.140065
v -0.229249 0.895086 -0.124454
v -0.231985 0.893433 -0.115356
v -0.230562 0.887668 -0.107764
v -0.223816 0.874286 -0.097749
v -0.224740 0.889568 -0.143386
v -0.235096 0.890096 -0.127528
v -0.238177 0.887931 -0.118114
v -0.236151 0.882222 -0.109977
v -0.227419 0.869550 -0.098884
v -0.228871 0.884104 -0.147362
v -0.240273 0.883736 -0.131034
v -0.243497 0.881375 -0.121154
v -0.240867 0.876009 -0.112318
v -0.230363 0.864465 -0.099899
v -0.232501 0.876855 -0.151622
v -0.244753 0.876099 -0.134682
v -0.248092 0.873825 -0.124244
v -0.244962 0.869026 -0.114618
v -0.233004 0.858885 -0.100732
v -0.235417 0.867984 -0.155805
v -0.248535 0.867248 -0.138246
v -0.252061 0.865289 -0.127232
v -0.248594 0.861226 -0.116778
v -0.235534 0.852685 -0.101343
v -0.237494 0.857673 -0.159583
v -0.251596 0.857242 -0.141535
v -0.255436 0.855758 -0.129996
v -0.251828 0.852562 -0.118722
v -0.238046 0.845788 -0.101705
v -0.238654 0.846130 -0.162657
v -0.253888 0.846148 -0.144365
v -0.258188 0.845238 -0.132419
v -0.254655 0.843009 -0.120386
v -0.240563 0.838159 -0.101811
v -0.238862 0.833594 -0.164753
v -0.255337 0.834069 -0.146556
v -0.260234 0.833763 -0.134380
v -0.257002 0.832569 -0.121705
v -0.243050 0.829788 -0.101687
v -0.238132 0.820347 -0.165624
v -0.255859 0.821151 -0.147917
v -0.261448 0.821409 -0.135739
v -0.258736 0.821277 -0.122606
v -0.245401 0.820677 -0.101385
v -0.236531 0.806747 -0.165061
v -0.255363 0.807634 -0.148255
v -0.261668 0.808342 -0.136337
v -0.259666 0.809226 -0.123007
v -0.247426 0.810807 -0.100976
v -0.234227 0.793189 -0.162975
v -0.253834 0.793862 -0.147439
v -0.260779 0.794839 -0.136048
v -0.259611 0.796573 -0.122830
v -0.248873 0.800096 -0.100513
v -0.231509 0.779975 -0.159462
v -0.251386 0.780182 -0.145463
v -0.258785 0.781218 -0.134831
v -0.258469 0.783524 -0.122044
v -0.249483 0.788487 -0.100024
v -0.228724 0.767243 -0.154765
v -0.248244 0.766862 -0.142448
v -0.255815 0.767774 -0.132751
v -0.256245 0.770316 -0.120687
v -0.249037 0.776034 -0.099537
v -0.226216 0.754979 -0.149229
v -0.244704 0.754063 -0.138621
v -0.252100 0.754731 -0.129973
v -0.253057 0.757175 -0.118880
v -0.247431 0.762897 -0.099130
v -0.224282 0.743082 -0.143265
v -0.241086 0.741839 -0.134299
v -0.247938 0.742223 -0.126758
v -0.249132 0.744281 -0.116843
v -0.244719 0.749292 -0.098967
v -0.223155 0.731426 -0.137323
v -0.237696 0.730147 -0.129868
v -0.243659 0.730267 -0.123457
v -0.244781 0.731720 -0.114895
v -0.241148 0.735424 -0.099325
v -0.222995 0.719908 -0.131865
v -0.234798 0.718855 -0.125773
v -0.239586 0.718753 -0.120506
v -0.240382 0.719462 -0.113462
v -0.237168 0.721447 -0.100620
v -0.223877 0.708423 -0.127352
v -0.232598 0.707696 -0.122524
v -0.236028 0.707401 -0.118439
v -0.236373 0.707339 -0.113098
v -0.233445 0.707503 -0.103420
v -0.225797 0.696699 -0.124276
v -0.231290 0.696183 -0.120781
v -0.233333 0.695732 -0.117975
v -0.233292 0.695088 -0.114523
v -0.230850 0.693880 -0.108391
v -0.228764 0.684136 -0.123394
v -0.231209 0.683689 -0.121554
v -0.232029 0.683242 -0.120162
v -0.231840 0.682532 -0.118644
v -0.230325 0.681138 -0.116034
v -0.234281 0.666359 -0.127690
v -0.233621 0.667578 -0.127701
v -0.233475 0.667648 -0.127941
v -0.233498 0.667755 -0.128209
v -0.233868 0.666953 -0.129404
v -0.198218 0.893697 -0.134463
v -0.206127 0.897394 -0.129468
v -0.210404 0.897495 -0.126936
v -0.214275 0.894671 -0.125541
v -0.219962 0.886293 -0.124114
v -0.202392 0.893215 -0.142727
v -0.210042 0.898156 -0.138490
v -0.214599 0.899027 -0.135770
v -0.218544 0.896547 -0.133051
v -0.223939 0.889123 -0.128895
v -0.203990 0.890327 -0.147156
v -0.212953 0.895901 -0.145013
v -0.218038 0.897273 -0.142668
v -0.222048 0.895435 -0.138944
v -0.227033 0.889159 -0.131718
v -0.204428 0.886415 -0.149720
v -0.214942 0.891306 -0.149977
v -0.220752 0.892707 -0.148302
v -0.225097 0.891588 -0.144017
v -0.230175 0.887156 -0.134578
v -0.204210 0.881821 -0.151341
v -0.215942 0.885550 -0.153454
v -0.222445 0.886684 -0.152393
v -0.227355 0.885991 -0.147917
v -0.233158 0.882955 -0.137283
v -0.203668 0.876291 -0.152608
v -0.216325 0.879087 -0.156114
v -0.223440 0.879931 -0.155548
v -0.228984 0.879391 -0.151012
v -0.235781 0.877065 -0.139660
v -0.202915 0.869736 -0.153729
v -0.216347 0.871896 -0.158389
v -0.224016 0.872505 -0.158247
v -0.230189 0.871975 -0.153686
v -0.238030 0.869934 -0.141792
v -0.202019 0.862230 -0.154798
v -0.216132 0.863957 -0.160473
v -0.224306 0.864380 -0.160709
v -0.231074 0.863802 -0.156136
v -0.239928 0.861835 -0.143787
v -0.201044 0.853894 -0.155852
v -0.215727 0.855290 -0.162446
v -0.224377 0.855559 -0.163018
v -0.231690 0.854919 -0.158442
v -0.241484 0.852954 -0.145706
v -0.200017 0.844859 -0.156885
v -0.224236 0.846055 -0.165172
v -0.232051 0.845365 -0.160599
v -0.242686 0.843429 -0.147546
v -0.199080 0.835244 -0.157789
v -0.214618 0.835909 -0.165900
v -0.223957 0.835874 -0.167065
v -0.232148 0.835168 -0.162527
v -0.243500 0.833365 -0.149243
v -0.198183 0.825165 -0.158460
v -0.213943 0.825259 -0.167140
v -0.223460 0.825020 -0.168558
v -0.231948 0.824343 -0.164074
v -0.243870 0.822841 -0.150669
v -0.197385 0.814718 -0.158699
v -0.213140 0.814003 -0.167785
v -0.222731 0.813492 -0.169398
v -0.231400 0.812898 -0.165003
v -0.243721 0.811915 -0.151629
v -0.196703 0.803949 -0.158257
v -0.212208 0.802207 -0.167511
v -0.221722 0.801361 -0.169249
v -0.230434 0.800900 -0.164992
v -0.242955 0.800635 -0.151855
v -0.196151 0.792835 -0.156923
v -0.211145 0.790022 -0.166046
v -0.220416 0.788838 -0.167818
v -0.229012 0.788542 -0.163756
v -0.241495 0.789076 -0.151104
v -0.195760 0.781324 -0.154605
v -0.209998 0.777634 -0.163291
v -0.218861 0.776188 -0.165001
v -0.227167 0.776066 -0.161187
v -0.239332 0.777343 -0.149258
v -0.195579 0.769382 -0.151319
v -0.208858 0.765189 -0.159312
v -0.217157 0.763625 -0.160876
v -0.224989 0.763676 -0.157349
v -0.236518 0.765538 -0.146333
v -0.195684 0.757018 -0.147200
v -0.207841 0.752794 -0.154313
v -0.215438 0.751288 -0.155669
v -0.222609 0.751508 -0.152452
v -0.233164 0.753748 -0.142472
v -0.196186 0.744293 -0.142502
v -0.207087 0.740526 -0.148618
v -0.213854 0.739257 -0.149724
v -0.220186 0.739635 -0.146826
v -0.229432 0.742027 -0.137948
v -0.197261 0.731334 -0.137599
v -0.206744 0.728454 -0.142655
v -0.212565 0.727573 -0.143482
v -0.217897 0.728080 -0.140905
v -0.225539 0.730387 -0.133162
v -0.206990 0.716652 -0.136941
v -0.211728 0.716246 -0.137477
v -0.215931 0.716818 -0.135227
v -0.221755 0.718776 -0.128651
v -0.201756 0.705619 -0.129354
v -0.207915 0.705191 -0.132105
v -0.211497 0.705240 -0.132325
v -0.214497 0.705758 -0.130431
v -0.218428 0.707077 -0.125104
v -0.205551 0.693527 -0.127288
v -0.209721 0.694058 -0.128804
v -0.212040 0.694381 -0.128734
v -0.213854 0.694682 -0.127284
v -0.216025 0.695132 -0.123413
v -0.210548 0.682305 -0.127406
v -0.212568 0.682985 -0.127860
v -0.213634 0.683246 -0.127637
v -0.214404 0.683252 -0.126825
v -0.215181 0.682980 -0.124751
v -0.218544 0.668749 -0.131997
v -0.217769 0.669582 -0.131682
v -0.217584 0.669541 -0.131715
v -0.217445 0.669535 -0.131849
v -0.217450 0.668592 -0.132563
v -0.198265 0.861904 0.031732
v -0.189917 0.865079 0.043105
v -0.184439 0.864735 0.047685
v -0.178707 0.860864 0.049449
v -0.168295 0.850646 0.048474
v -0.203956 0.855409 0.035501
v -0.197747 0.857950 0.048433
v -0.192755 0.857349 0.054402
v -0.186422 0.853574 0.056911
v -0.175194 0.844318 0.057031
v -0.208096 0.849481 0.036678
v -0.203891 0.850602 0.051010
v -0.199617 0.849483 0.057705
v -0.193187 0.845762 0.060695
v -0.180928 0.837202 0.061276
v -0.211984 0.842714 0.037253
v -0.209462 0.842297 0.052002
v -0.205867 0.840623 0.058968
v -0.199538 0.836964 0.062235
v -0.186804 0.829171 0.063236
v -0.215784 0.834875 0.037278
v -0.214453 0.833173 0.051708
v -0.211400 0.831066 0.058584
v -0.205291 0.827541 0.061931
v -0.192538 0.820570 0.063227
v -0.219468 0.825914 0.036741
v -0.218871 0.823321 0.050372
v -0.216222 0.820974 0.056911
v -0.210414 0.817684 0.060182
v -0.198012 0.811598 0.061635
v -0.222918 0.815904 0.035667
v -0.222706 0.812830 0.048199
v -0.220363 0.810442 0.054242
v -0.214934 0.807489 0.057326
v -0.203194 0.802340 0.058824
v -0.225987 0.804985 0.034137
v -0.225938 0.801800 0.045376
v -0.223851 0.799543 0.050819
v -0.218882 0.797011 0.053644
v -0.208077 0.792824 0.055112
v -0.228539 0.793324 0.032271
v -0.228538 0.790334 0.042088
v -0.226699 0.788347 0.046863
v -0.222279 0.786287 0.049385
v -0.212649 0.783050 0.050781
v -0.230465 0.781105 0.030226
v -0.230475 0.778540 0.038529
v -0.228907 0.776917 0.042588
v -0.225122 0.775348 0.044780
v -0.216875 0.773007 0.046084
v -0.231686 0.768513 0.028185
v -0.231720 0.766520 0.034902
v -0.230459 0.765311 0.038210
v -0.227388 0.764219 0.040049
v -0.220689 0.762677 0.041244
v -0.232161 0.755735 0.026351
v -0.232243 0.754374 0.031426
v -0.231325 0.753582 0.033951
v -0.229027 0.752919 0.035411
v -0.223996 0.752049 0.036462
v -0.231886 0.742955 0.024942
v -0.232020 0.742199 0.028336
v -0.231457 0.741780 0.030046
v -0.229962 0.741466 0.031086
v -0.226664 0.741109 0.031922
v -0.230895 0.730358 0.024180
v -0.231030 0.730092 0.025876
v -0.230798 0.729957 0.026740
v -0.230093 0.729884 0.027302
v -0.228526 0.729845 0.027801
v -0.228764 0.715158 0.024410
v -0.228885 0.716214 0.024190
v -0.228928 0.716240 0.024043
v -0.229049 0.716256 0.023947
v -0.229319 0.715300 0.023589
v -0.138559 0.866486 -0.024012
v -0.152355 0.885515 -0.011493
v -0.159971 0.889907 -0.006548
v -0.168462 0.887753 -0.001575
v -0.189118 0.873563 0.007055
v -0.130582 0.868563 -0.006310
v -0.143283 0.883502 0.004423
v -0.150672 0.887096 0.009948
v -0.158759 0.884387 0.014969
v -0.174588 0.871049 0.023672
v -0.124818 0.867798 0.002867
v -0.136750 0.881611 0.014752
v -0.143736 0.884743 0.020629
v -0.151435 0.881780 0.025621
v -0.166573 0.868253 0.033762
v -0.119588 0.866274 0.010482
v -0.130371 0.879084 0.023606
v -0.136842 0.881842 0.029885
v -0.144181 0.878738 0.034902
v -0.158860 0.865268 0.042588
v -0.114967 0.864098 0.016479
v -0.124156 0.875931 0.030959
v -0.129976 0.878358 0.037710
v -0.136959 0.875200 0.042828
v -0.151382 0.862003 0.050211
v -0.111106 0.861452 0.020808
v -0.118131 0.872154 0.036769
v -0.123101 0.874220 0.044075
v -0.129692 0.871050 0.049396
v -0.143991 0.858301 0.056700
v -0.108077 0.858469 0.023535
v -0.112356 0.867762 0.040909
v -0.116256 0.869373 0.048792
v -0.122378 0.866191 0.054428
v -0.136577 0.853988 0.061973
v -0.105309 0.854909 0.025304
v -0.107016 0.862884 0.043454
v -0.109897 0.864084 0.051688
v -0.115542 0.860923 0.057621
v -0.129554 0.849329 0.065600
v -0.102644 0.851492 0.027340
v -0.102373 0.857821 0.045404
v -0.104414 0.858496 0.053601
v -0.109538 0.855313 0.059515
v -0.123026 0.844358 0.067475
v -0.100359 0.848371 0.029304
v -0.098328 0.852496 0.046700
v -0.099565 0.852435 0.054572
v -0.104094 0.849159 0.060212
v -0.116756 0.838874 0.067737
v -0.098162 0.845184 0.031287
v -0.094854 0.846868 0.047303
v -0.095438 0.846005 0.054513
v -0.099373 0.842657 0.059611
v -0.111010 0.833195 0.066297
v -0.095868 0.841518 0.033233
v -0.091954 0.840908 0.047159
v -0.092114 0.839342 0.053385
v -0.095497 0.836048 0.057705
v -0.105941 0.827674 0.063227
v -0.093450 0.837012 0.034958
v -0.089665 0.834631 0.046200
v -0.089651 0.832616 0.051181
v -0.092516 0.829587 0.054548
v -0.101553 0.822630 0.058692
v -0.090757 0.830837 0.035895
v -0.087982 0.827936 0.044239
v -0.088105 0.826074 0.047895
v -0.090521 0.823791 0.050301
v -0.097983 0.819036 0.053110
v -0.088570 0.823047 0.035493
v -0.086784 0.820635 0.041512
v -0.087020 0.819277 0.044152
v -0.088951 0.817821 0.045895
v -0.094742 0.815052 0.047937
v -0.087130 0.814629 0.034200
v -0.085994 0.812847 0.038301
v -0.086210 0.811934 0.040114
v -0.087598 0.811055 0.041330
v -0.091695 0.809544 0.042799
v -0.086201 0.805631 0.032103
v -0.085500 0.804448 0.034630
v -0.085641 0.803888 0.035763
v -0.086518 0.803397 0.036543
v -0.089093 0.802653 0.037532
v -0.085631 0.795985 0.029212
v -0.085241 0.795313 0.030511
v -0.085303 0.795024 0.031110
v -0.085757 0.794788 0.031539
v -0.087094 0.794501 0.032123
v -0.085340 0.785649 0.025536
v -0.085189 0.785364 0.025952
v -0.085198 0.785266 0.026159
v -0.085346 0.785191 0.026317
v -0.085781 0.785163 0.026563
v -0.085386 0.768828 0.018515
v -0.085423 0.770721 0.019156
v -0.085415 0.770762 0.019070
v -0.085352 0.770796 0.019004
v -0.085148 0.769082 0.018003
v -0.125393 0.879028 0.013795
v -0.149436 0.884906 0.019649
v -0.159107 0.884767 0.019281
v -0.166526 0.879448 0.016047
v -0.179078 0.861821 0.002456
v -0.131371 0.865009 0.034822
v -0.149688 0.871095 0.038257
v -0.158350 0.871183 0.038161
v -0.165234 0.866835 0.035204
v -0.175568 0.852889 0.026135
v -0.133723 0.856053 0.045911
v -0.150003 0.861552 0.049729
v -0.157783 0.861751 0.049845
v -0.164092 0.858108 0.047107
v -0.173776 0.846256 0.038447
v -0.135906 0.847754 0.054807
v -0.150208 0.852449 0.059005
v -0.157111 0.852679 0.059324
v -0.162816 0.849710 0.056784
v -0.171751 0.839960 0.048484
v -0.137912 0.840114 0.061508
v -0.150283 0.843742 0.066077
v -0.156317 0.843913 0.066592
v -0.161397 0.841602 0.064233
v -0.169508 0.834025 0.056256
v -0.139739 0.833140 0.066018
v -0.150203 0.835350 0.070903
v -0.155370 0.835354 0.071598
v -0.159815 0.833711 0.069418
v -0.167066 0.828480 0.061788
v -0.141383 0.826820 0.068379
v -0.149917 0.827129 0.073299
v -0.154210 0.826818 0.074110
v -0.158027 0.825906 0.072162
v -0.164441 0.823348 0.065138
v -0.142886 0.821209 0.068357
v -0.149497 0.819913 0.072638
v -0.152908 0.819303 0.073382
v -0.156073 0.818911 0.071840
v -0.161580 0.818364 0.066086
v -0.144068 0.815875 0.067185
v -0.149011 0.814138 0.070543
v -0.151617 0.813459 0.071132
v -0.154108 0.813187 0.069994
v -0.158553 0.813172 0.065621
v -0.144731 0.810418 0.065956
v -0.148311 0.808795 0.068464
v -0.150231 0.808172 0.068917
v -0.152110 0.807918 0.068091
v -0.155524 0.807925 0.064893
v -0.144904 0.804935 0.064328
v -0.147333 0.803535 0.066087
v -0.148667 0.803003 0.066412
v -0.150011 0.802799 0.065849
v -0.152509 0.802841 0.063651
v -0.144587 0.799479 0.062294
v -0.146088 0.798407 0.063417
v -0.146937 0.798001 0.063631
v -0.147821 0.797847 0.063278
v -0.149506 0.797887 0.061898
v -0.143783 0.794081 0.059842
v -0.144569 0.793391 0.060453
v -0.145033 0.793128 0.060574
v -0.145534 0.793027 0.060383
v -0.146520 0.793047 0.059644
v -0.142495 0.788776 0.056966
v -0.142766 0.788467 0.057187
v -0.142941 0.788348 0.057234
v -0.143140 0.788301 0.057163
v -0.143551 0.788303 0.056899
v -0.139668 0.781099 0.051841
v -0.139893 0.782024 0.052342
v -0.139822 0.782067 0.052325
v -0.139744 0.782085 0.052352
v -0.139165 0.781305 0.051876
v -0.154118 0.870774 0.004492
v -0.168277 0.882378 0.007705
v -0.174855 0.885054 0.007133
v -0.181557 0.883148 0.005591
v -0.195770 0.873041 -0.002206
v -0.160463 0.861444 0.028723
v -0.170934 0.873631 0.031425
v -0.177186 0.877274 0.031736
v -0.184239 0.876680 0.030265
v -0.198306 0.870131 0.025411
v -0.163876 0.854000 0.040863
v -0.173168 0.865632 0.045863
v -0.178968 0.869361 0.047010
v -0.185831 0.869398 0.045798
v -0.199891 0.864734 0.040672
v -0.167091 0.846506 0.050326
v -0.175490 0.856267 0.057434
v -0.180841 0.859524 0.059380
v -0.187299 0.859849 0.058478
v -0.200678 0.856713 0.053300
v -0.170115 0.838728 0.057710
v -0.177830 0.845554 0.066114
v -0.182718 0.847877 0.068570
v -0.188580 0.848195 0.067900
v -0.200695 0.846242 0.062805
v -0.173080 0.829964 0.063538
v -0.180123 0.833510 0.071846
v -0.184471 0.834728 0.074298
v -0.189538 0.834895 0.073683
v -0.199865 0.833892 0.068777
v -0.176142 0.819309 0.067790
v -0.182304 0.820196 0.074558
v -0.185957 0.820524 0.076484
v -0.190019 0.820583 0.075778
v -0.198094 0.820389 0.071263
v -0.179422 0.806256 0.069865
v -0.184288 0.805715 0.074182
v -0.187028 0.805594 0.075300
v -0.189876 0.805667 0.074517
v -0.195330 0.806104 0.070802
v -0.183002 0.790929 0.068982
v -0.185933 0.790190 0.070660
v -0.187489 0.790033 0.070998
v -0.188946 0.790169 0.070351
v -0.191581 0.790867 0.068073
v -0.188345 0.765146 0.060594
v -0.187158 0.768050 0.060994
v -0.186632 0.768086 0.060856
v -0.186121 0.768051 0.061041
v -0.184847 0.765150 0.060754
v -0.100185 0.749208 0.014797
v -0.093349 0.761237 0.004669
v -0.107941 0.764086 0.020707
v -0.095725 0.754140 0.006231
v -0.099199 0.764242 0.013754
v -0.121116 0.754735 0.020010
v -0.095934 0.759678 0.001985
v -0.113792 0.762039 0.021302
v -0.111770 0.748533 0.017131
v -0.097679 0.744750 0.018047
v -0.088258 0.749311 0.004646
v -0.088634 0.761098 0.002587
v -0.110343 0.748029 0.022517
v -0.087180 0.765829 0.012139
v -0.101753 0.771065 0.031714
v -0.089612 0.773559 0.024093
v -0.108092 0.769988 0.032416
v -0.091260 0.761876 0.004314
v -0.091343 0.753672 0.007161
v -0.098594 0.748042 0.017840
v -0.118880 0.763686 0.031209
v -0.120669 0.757700 0.028645
v -0.089720 0.762799 0.007261
v -0.087789 0.764269 0.010429
v -0.091521 0.766796 0.021484
v -0.093093 0.764739 0.019316
v -0.103022 0.766981 0.028436
v -0.104453 0.765218 0.025804
v -0.111859 0.764312 0.027418
v -0.110300 0.766225 0.029974
v -0.096068 0.756709 0.002762
v -0.088684 0.755004 0.002270
v -0.091539 0.757574 0.004391
v -0.190170 0.745890 0.045543
v -0.201843 0.757280 0.041834
v -0.181283 0.761386 0.045790
v -0.199248 0.750324 0.041603
v -0.192493 0.760812 0.045625
v -0.169882 0.752973 0.036818
v -0.202044 0.755766 0.038241
v -0.176203 0.759746 0.042605
v -0.179561 0.746034 0.040294
v -0.189866 0.741351 0.049546
v -0.205788 0.744978 0.044804
v -0.207527 0.756715 0.043211
v -0.177362 0.745558 0.045416
v -0.202904 0.761574 0.051706
v -0.177950 0.769339 0.056524
v -0.193235 0.770112 0.059654
v -0.173747 0.767886 0.054560
v -0.204452 0.757703 0.042990
v -0.202106 0.749589 0.045007
v -0.189488 0.744691 0.048897
v -0.166263 0.761936 0.047419
v -0.165644 0.756204 0.043713
v -0.203386 0.758656 0.046149
v -0.203292 0.760025 0.049933
v -0.194077 0.763015 0.056526
v -0.194026 0.761018 0.053803
v -0.180703 0.764124 0.054973
v -0.181082 0.762397 0.051979
v -0.174244 0.762012 0.048734
v -0.173989 0.763881 0.051750
v -0.201267 0.752831 0.038707
v -0.207279 0.750632 0.042792
v -0.203900 0.753432 0.042783
v -0.127240 0.761786 0.041230
v -0.103273 0.775164 0.030198
v -0.122691 0.772705 0.043731
v -0.105029 0.780311 0.032647
v -0.092403 0.776157 0.013852
v -0.093455 0.782015 0.015909
v -0.086594 0.772945 -0.006621
v -0.112294 0.769298 0.035251
v -0.114025 0.776474 0.039118
v -0.096918 0.776931 0.023087
v -0.097368 0.782248 0.023906
v -0.153504 0.760817 0.050204
v -0.180033 0.772334 0.056426
v -0.156283 0.771467 0.055209
v -0.177490 0.777639 0.057406
v -0.198662 0.772240 0.050159
v -0.196961 0.778199 0.051276
v -0.215545 0.768192 0.037440
v -0.169443 0.767191 0.054778
v -0.166187 0.774551 0.056941
v -0.189508 0.773518 0.054724
v -0.189003 0.778869 0.055216
vn -0.2340 0.1435 -0.9616
vn -0.0350 0.1806 -0.9829
vn 0.4337 0.1921 -0.8803
vn 0.7931 0.1710 -0.5846
vn 0.8887 0.1769 -0.4230
vn -0.3151 0.1186 -0.9416
vn -0.1325 0.1554 -0.9789
vn 0.3367 0.1748 -0.9253
vn 0.7324 0.1533 -0.6634
vn 0.8473 0.1533 -0.5086
vn -0.3663 0.1148 -0.9234
vn -0.2015 0.1456 -0.9686
vn 0.2731 0.1653 -0.9477
vn 0.6868 0.1398 -0.7133
vn 0.8076 0.1312 -0.5749
vn -0.3851 0.1359 -0.9128
vn -0.2261 0.1483 -0.9627
vn 0.2497 0.1552 -0.9558
vn 0.6710 0.1192 -0.7319
vn 0.7887 0.0963 -0.6072
vn -0.3767 0.1448 -0.9150
vn -0.2052 0.1451 -0.9679
vn 0.2675 0.1419 -0.9530
vn 0.6881 0.0898 -0.7200
vn 0.7931 0.0488 -0.6071
vn -0.3295 0.1524 -0.9318
vn -0.1440 0.1375 -0.9800
vn 0.3255 0.1172 -0.9382
vn 0.7282 0.0591 -0.6828
vn 0.8319 0.0058 -0.5549
vn -0.2413 0.1530 -0.9583
vn -0.0403 0.1231 -0.9916
vn 0.4203 0.0816 -0.9037
vn 0.7920 -0.0212 -0.6101
vn 0.8661 -0.1144 -0.4865
vn -0.1080 0.1251 -0.9862
vn 0.1026 0.0845 -0.9911
vn 0.5429 0.0279 -0.8393
vn 0.8733 -0.0718 -0.4819
vn 0.9087 -0.1505 -0.3894
vn 0.0501 0.0545 -0.9973
vn 0.2523 0.0189 -0.9675
vn 0.6623 -0.0310 -0.7486
vn 0.9326 -0.1087 -0.3441
vn 0.9567 -0.1698 -0.2366
vn 0.1932 -0.0324 -0.9806
vn 0.3779 -0.0520 -0.9244
vn 0.7559 -0.0756 -0.6503
vn 0.9702 -0.1131 -0.2143
vn 0.9855 -0.1480 -0.0827
vn 0.3082 -0.1119 -0.9447
vn 0.4771 -0.1155 -0.8712
vn 0.8238 -0.1051 -0.5571
vn 0.9898 -0.0974 -0.1036
vn 0.9930 -0.1082 0.0468
vn 0.3961 -0.1806 -0.9003
vn 0.5518 -0.1692 -0.8166
vn 0.8711 -0.1216 -0.4758
vn 0.9975 -0.0678 -0.0177
vn 0.9879 -0.0555 0.1449
vn 0.4584 -0.2391 -0.8560
vn 0.6042 -0.2143 -0.7675
vn 0.9020 -0.1230 -0.4139
vn 0.9989 -0.0237 0.0402
vn 0.9778 0.0043 0.2093
vn 0.4966 -0.2904 -0.8180
vn 0.6363 -0.2539 -0.7285
vn 0.9185 -0.1253 -0.3750
vn 0.9972 0.0185 0.0729
vn 0.9686 0.0649 0.2402
vn 0.0103 -0.0066 -0.9999
vn -0.0000 0.7071 -0.7071
vn 0.0173 0.6934 -0.7203
vn 0.0350 0.9797 -0.1971
vn -0.0000 1.0000 -0.0000
vn 0.9664 0.2569 -0.0027
vn 0.9562 0.2432 0.1629
vn 0.7875 0.1506 0.5976
vn 0.4495 -0.0129 0.8932
vn 0.3118 -0.0858 0.9463
vn 0.9717 0.2359 0.0129
vn 0.9564 0.2269 0.1837
vn 0.7756 0.1525 0.6126
vn 0.4320 0.0092 0.9018
vn 0.2883 -0.0619 0.9555
vn 0.9792 0.2019 0.0190
vn 0.9604 0.2102 0.1827
vn 0.7729 0.1688 0.6117
vn 0.4202 0.0524 0.9059
vn 0.2662 -0.0077 0.9639
vn 0.9867 0.1625 0.0099
vn 0.9684 0.1866 0.1652
vn 0.7800 0.1857 0.5975
vn 0.4230 0.1068 0.8998
vn 0.2606 0.0597 0.9636
vn 0.9936 0.1125 -0.0090
vn 0.9786 0.1526 0.1381
vn 0.7958 0.1998 0.5716
vn 0.4385 0.1674 0.8830
vn 0.2694 0.1372 0.9532
vn 0.9983 0.0481 -0.0323
vn 0.9889 0.1039 0.1063
vn 0.8183 0.2038 0.5375
vn 0.4656 0.2262 0.8556
vn 0.2919 0.2177 0.9313
vn 0.9980 -0.0298 -0.0565
vn 0.9964 0.0401 0.0741
vn 0.8448 0.1904 0.5000
vn 0.5033 0.2705 0.8207
vn 0.3284 0.2880 0.8995
vn 0.9902 -0.1121 -0.0828
vn 0.9986 -0.0320 0.0419
vn 0.8717 0.1558 0.4646
vn 0.5483 0.2856 0.7860
vn 0.3774 0.3286 0.8658
vn 0.9764 -0.1798 -0.1195
vn 0.9954 -0.0962 0.0047
vn 0.8950 0.1037 0.4338
vn 0.5939 0.2609 0.7611
vn 0.4321 0.3208 0.8428
vn 0.9616 -0.1953 -0.1926
vn 0.9917 -0.1220 -0.0396
vn 0.9132 0.0464 0.4049
vn 0.6326 0.1968 0.7491
vn 0.4822 0.2583 0.8371
vn 0.9469 -0.1844 -0.2636
vn 0.9887 -0.1227 -0.0857
vn 0.9281 -0.0026 0.3724
vn 0.6626 0.1106 0.7407
vn 0.5208 0.1603 0.8385
vn 0.9407 -0.1307 -0.3131
vn 0.9861 -0.0991 -0.1334
vn 0.9400 -0.0403 0.3388
vn 0.6857 0.0246 0.7275
vn 0.5490 0.0581 0.8338
vn 0.9349 -0.0825 -0.3453
vn 0.9830 -0.0753 -0.1676
vn 0.9482 -0.0715 0.3094
vn 0.7025 -0.0529 0.7097
vn 0.5695 -0.0352 0.8212
vn 0.9297 -0.0448 -0.3656
vn 0.9798 -0.0565 -0.1918
vn 0.9537 -0.0998 0.2838
vn 0.7142 -0.1233 0.6890
vn 0.5840 -0.1200 0.8028
vn 0.9260 -0.0221 -0.3768
vn 0.9764 -0.0463 -0.2110
vn 0.9569 -0.1278 0.2610
vn 0.7219 -0.1882 0.6659
vn 0.5937 -0.1977 0.7800
vn 0.9234 -0.0040 -0.3838
vn 0.9734 -0.0419 -0.2254
vn 0.9582 -0.1575 0.2389
vn 0.7262 -0.2494 0.6406
vn 0.5994 -0.2701 0.7535
vn 0.9192 -0.0005 -0.3937
vn 0.9705 -0.0462 -0.2368
vn 0.9579 -0.1875 0.2174
vn 0.7278 -0.3082 0.6127
vn 0.6021 -0.3385 0.7231
vn 0.9147 -0.0070 -0.4040
vn 0.9664 -0.0594 -0.2500
vn 0.9554 -0.2217 0.1952
vn 0.7269 -0.3658 0.5812
vn 0.6022 -0.4042 0.6885
vn 0.9091 -0.0229 -0.4159
vn 0.9610 -0.0799 -0.2648
vn 0.9508 -0.2586 0.1703
vn 0.7240 -0.4228 0.5450
vn 0.6005 -0.4680 0.6484
vn -0.9477 -0.1206 -0.2954
vn -0.1668 -0.5641 0.8086
vn 0.0899 0.5354 0.8398
vn -0.3894 0.9189 0.0630
vn -0.9961 0.0678 -0.0567
vn 0.8742 0.2360 -0.4243
vn 0.9398 0.2230 -0.2590
vn 0.9626 0.1710 0.2104
vn 0.7676 0.0882 0.6348
vn 0.6456 0.0500 0.7620
vn 0.9176 0.2208 -0.3304
vn 0.9664 0.2020 -0.1588
vn 0.9409 0.1352 0.3107
vn 0.7034 0.0427 0.7095
vn 0.5710 0.0025 0.8210
vn 0.9511 0.1980 -0.2372
vn 0.9836 0.1690 -0.0624
vn 0.9134 0.0810 0.3989
vn 0.6382 -0.0219 0.7696
vn 0.4946 -0.0633 0.8668
vn 0.9749 0.1640 -0.1504
vn 0.9918 0.1252 0.0252
vn 0.8803 0.0183 0.4741
vn 0.5718 -0.0908 0.8154
vn 0.4189 -0.1314 0.8985
vn 0.9903 0.1188 -0.0721
vn 0.9922 0.0708 0.1022
vn 0.8429 -0.0523 0.5355
vn 0.5055 -0.1636 0.8472
vn 0.3452 -0.2013 0.9167
vn 0.9980 0.0626 -0.0044
vn 0.9860 0.0063 0.1668
vn 0.8024 -0.1305 0.5823
vn 0.4402 -0.2397 0.8653
vn 0.2741 -0.2726 0.9223
vn 0.9987 -0.0042 0.0507
vn 0.9737 -0.0681 0.2173
vn 0.7595 -0.2157 0.6138
vn 0.3742 -0.3219 0.8697
vn 0.2104 -0.3501 0.9128
vn 0.9925 -0.0809 0.0912
vn 0.9558 -0.1516 0.2520
vn 0.7142 -0.3073 0.6289
vn 0.3097 -0.3999 0.8627
vn 0.1491 -0.4153 0.8974
vn 0.9794 -0.1661 0.1150
vn 0.9320 -0.2428 0.2691
vn 0.6664 -0.4040 0.6266
vn 0.2488 -0.4825 0.8398
vn 0.0848 -0.4878 0.8688
vn 0.9649 -0.2235 0.1378
vn 0.9079 -0.3021 0.2905
vn 0.6226 -0.4609 0.6324
vn 0.1969 -0.5233 0.8291
vn 0.0308 -0.5200 0.8536
vn 0.8965 -0.2128 -0.3887
vn 0.9608 -0.1555 -0.2296
vn 0.9783 0.0366 0.2037
vn 0.7753 0.2264 0.5897
vn 0.6475 0.2829 0.7076
vn 0.9365 -0.1629 -0.3107
vn 0.9844 -0.1020 -0.1431
vn 0.9516 0.0837 0.2957
vn 0.7059 0.2495 0.6629
vn 0.5687 0.2934 0.7684
vn 0.9675 -0.0804 -0.2395
vn 0.9975 -0.0252 -0.0661
vn 0.9165 0.1345 0.3767
vn 0.6312 0.2630 0.7297
vn 0.4837 0.2917 0.8252
vn 0.9859 -0.0061 -0.1671
vn 0.9991 0.0411 0.0104
vn 0.8750 0.1703 0.4531
vn 0.5564 0.2607 0.7889
vn 0.4011 0.2748 0.8739
vn 0.9938 0.0586 -0.0948
vn 0.9917 0.0961 0.0850
vn 0.8299 0.1919 0.5239
vn 0.4841 0.2446 0.8402
vn 0.3230 0.2452 0.9141
vn 0.9933 0.1129 -0.0242
vn 0.9778 0.1396 0.1563
vn 0.7835 0.2005 0.5881
vn 0.4160 0.2169 0.8831
vn 0.2512 0.2055 0.9459
vn 0.9867 0.1567 0.0433
vn 0.9595 0.1719 0.2231
vn 0.7380 0.1979 0.6451
vn 0.3537 0.1803 0.9178
vn 0.1866 0.1584 0.9696
vn 0.9759 0.1906 0.1065
vn 0.9388 0.1942 0.2844
vn 0.6950 0.1859 0.6945
vn 0.2981 0.1371 0.9446
vn 0.1300 0.1063 0.9858
vn 0.9626 0.2155 0.1644
vn 0.9174 0.2076 0.3395
vn 0.6558 0.1667 0.7363
vn 0.2498 0.0899 0.9641
vn 0.0816 0.0517 0.9953
vn 0.9524 0.2192 0.2116
vn 0.8996 0.2056 0.3854
vn 0.6206 0.1474 0.7702
vn 0.2077 0.0561 0.9766
vn 0.0414 0.0146 0.9990
vn 0.9430 -0.3285 -0.0541
vn 0.9641 -0.2449 0.1022
vn 0.8720 0.0202 0.4892
vn 0.5846 0.2813 0.7610
vn 0.4417 0.3624 0.8207
vn 0.9682 -0.2496 0.0184
vn 0.9704 -0.1637 0.1778
vn 0.8249 0.0905 0.5580
vn 0.4971 0.3203 0.8064
vn 0.3458 0.3860 0.8553
vn 0.9889 -0.1313 0.0700
vn 0.9707 -0.0542 0.2340
vn 0.7718 0.1597 0.6155
vn 0.4043 0.3339 0.8515
vn 0.2438 0.3777 0.8932
vn 0.9924 -0.0156 0.1224
vn 0.9557 0.0470 0.2905
vn 0.7109 0.2076 0.6720
vn 0.3130 0.3185 0.8948
vn 0.1468 0.3394 0.9291
vn 0.9798 0.0922 0.1773
vn 0.9276 0.1352 0.3482
vn 0.6468 0.2314 0.7268
vn 0.2288 0.2741 0.9341
vn 0.0602 0.2719 0.9604
vn 0.9538 0.1864 0.2354
vn 0.8900 0.2058 0.4070
vn 0.5846 0.2304 0.7779
vn 0.1570 0.2036 0.9664
vn -0.0108 0.1794 0.9837
vn 0.9184 0.2625 0.2960
vn 0.8472 0.2562 0.4655
vn 0.5292 0.2068 0.8229
vn 0.1017 0.1133 0.9883
vn -0.0626 0.0694 0.9956
vn 0.8783 0.3181 0.3568
vn 0.8040 0.2861 0.5213
vn 0.4843 0.1656 0.8591
vn 0.0646 0.0118 0.9978
vn -0.0947 -0.0487 0.9943
vn 0.8383 0.3537 0.4149
vn 0.7643 0.2978 0.5720
vn 0.4511 0.1132 0.8853
vn 0.0444 -0.0920 0.9948
vn -0.1088 -0.1654 0.9802
vn 0.8132 0.3549 0.4612
vn 0.7365 0.2867 0.6126
vn 0.4210 0.0705 0.9043
vn 0.0201 -0.1570 0.9874
vn -0.1286 -0.2344 0.9636
vn -0.4126 0.1369 -0.9006
vn -0.5851 0.1603 -0.7950
vn -0.8928 0.1432 -0.4271
vn -0.9941 0.1051 0.0261
vn -0.9711 0.1083 0.2125
vn -0.3348 0.1179 -0.9349
vn -0.5040 0.1417 -0.8520
vn -0.8426 0.1313 -0.5223
vn -0.9932 0.0897 -0.0737
vn -0.9892 0.0856 0.1189
vn -0.2831 0.1179 -0.9518
vn -0.4426 0.1367 -0.8862
vn -0.8055 0.1255 -0.5791
vn -0.9869 0.0781 -0.1414
vn -0.9970 0.0647 0.0417
vn -0.2631 0.1404 -0.9545
vn -0.4198 0.1412 -0.8966
vn -0.7914 0.1168 -0.6001
vn -0.9844 0.0582 -0.1662
vn -0.9995 0.0304 0.0038
vn -0.2717 0.1487 -0.9508
vn -0.4392 0.1365 -0.8879
vn -0.8028 0.1025 -0.5873
vn -0.9887 0.0280 -0.1471
vn -0.9998 -0.0173 0.0055
vn -0.3197 0.1528 -0.9351
vn -0.4945 0.1245 -0.8602
vn -0.8379 0.0743 -0.5407
vn -0.9956 -0.0045 -0.0938
vn -0.9957 -0.0616 0.0696
vn -0.4054 0.1469 -0.9022
vn -0.5824 0.1031 -0.8063
vn -0.8892 0.0333 -0.4562
vn -0.9962 -0.0871 0.0009
vn -0.9730 -0.1822 0.1419
vn -0.5259 0.1097 -0.8435
vn -0.6922 0.0552 -0.7195
vn -0.9430 -0.0269 -0.3316
vn -0.9786 -0.1401 0.1508
vn -0.9448 -0.2188 0.2439
vn -0.6526 0.0286 -0.7572
vn -0.7916 -0.0196 -0.6108
vn -0.9779 -0.0915 -0.1882
vn -0.9387 -0.1777 0.2953
vn -0.8879 -0.2378 0.3937
vn -0.7496 -0.0672 -0.6585
vn -0.8596 -0.0976 -0.5016
vn -0.9887 -0.1400 -0.0543
vn -0.8888 -0.1816 0.4209
vn -0.8181 -0.2145 0.5336
vn -0.8131 -0.1533 -0.5616
vn -0.9012 -0.1663 -0.4003
vn -0.9833 -0.1717 0.0604
vn -0.8376 -0.1648 0.5208
vn -0.7475 -0.1724 0.6415
vn -0.8507 -0.2266 -0.4743
vn -0.9232 -0.2236 -0.3127
vn -0.9699 -0.1895 0.1532
vn -0.7931 -0.1338 0.5942
vn -0.6870 -0.1173 0.7172
vn -0.8689 -0.2880 -0.4025
vn -0.9315 -0.2709 -0.2428
vn -0.9563 -0.1916 0.2210
vn -0.7617 -0.0886 0.6418
vn -0.6436 -0.0555 0.7633
vn -0.8724 -0.3409 -0.3503
vn -0.9303 -0.3117 -0.1932
vn -0.9454 -0.1940 0.2619
vn -0.7431 -0.0456 0.6677
vn -0.6214 0.0063 0.7834
vn -0.0322 0.9994 -0.0127
vn -0.0118 0.9999 -0.0003
vn -0.0104 0.9999 0.0066
vn -0.0116 0.9998 0.0144
vn -0.7808 0.1925 0.5943
vn -0.6707 0.1833 0.7187
vn -0.2658 0.1118 0.9575
vn 0.1922 -0.0224 0.9811
vn 0.3381 -0.0849 0.9373
vn -0.7741 0.1715 0.6094
vn -0.6571 0.1675 0.7350
vn -0.2474 0.1148 0.9621
vn 0.2098 0.0010 0.9777
vn 0.3607 -0.0592 0.9308
vn -0.7740 0.1373 0.6181
vn -0.6598 0.1504 0.7363
vn -0.2469 0.1312 0.9601
vn 0.2187 0.0450 0.9747
vn 0.3797 -0.0036 0.9251
vn -0.7829 0.0973 0.6145
vn -0.6752 0.1260 0.7268
vn -0.2623 0.1473 0.9537
vn 0.2093 0.0989 0.9728
vn 0.3795 0.0641 0.9230
vn -0.7966 0.0465 0.6027
vn -0.6975 0.0908 0.7108
vn -0.2915 0.1597 0.9431
vn 0.1828 0.1580 0.9704
vn 0.3611 0.1406 0.9219
vn -0.8103 -0.0186 0.5857
vn -0.7218 0.0408 0.6909
vn -0.3304 0.1614 0.9299
vn 0.1407 0.2142 0.9666
vn 0.3246 0.2189 0.9202
vn -0.8197 -0.0968 0.5646
vn -0.7433 -0.0240 0.6685
vn -0.3733 0.1455 0.9162
vn 0.0868 0.2551 0.9630
vn 0.2718 0.2859 0.9189
vn -0.8242 -0.1790 0.5372
vn -0.7599 -0.0968 0.6427
vn -0.4139 0.1084 0.9039
vn 0.0291 0.2665 0.9634
vn 0.2098 0.3224 0.9230
vn -0.8313 -0.2465 0.4982
vn -0.7759 -0.1615 0.6099
vn -0.4476 0.0542 0.8926
vn -0.0204 0.2383 0.9710
vn 0.1532 0.3106 0.9381
vn -0.8633 -0.2626 0.4310
vn -0.7984 -0.1880 0.5721
vn -0.4758 -0.0048 0.8795
vn -0.0541 0.1715 0.9837
vn 0.1143 0.2448 0.9628
vn -0.8958 -0.2523 0.3660
vn -0.8241 -0.1895 0.5337
vn -0.5042 -0.0554 0.8618
vn -0.0772 0.0833 0.9935
vn 0.0911 0.1445 0.9853
vn -0.9247 -0.1995 0.3242
vn -0.8528 -0.1668 0.4949
vn -0.5317 -0.0945 0.8417
vn -0.0978 -0.0043 0.9952
vn 0.0728 0.0406 0.9965
vn -0.9430 -0.1517 0.2963
vn -0.8728 -0.1437 0.4665
vn -0.5541 -0.1269 0.8227
vn -0.1168 -0.0831 0.9897
vn 0.0551 -0.0541 0.9970
vn -0.9538 -0.1142 0.2780
vn -0.8863 -0.1253 0.4458
vn -0.5722 -0.1561 0.8052
vn -0.1341 -0.1546 0.9788
vn 0.0380 -0.1401 0.9894
vn -0.9592 -0.0916 0.2674
vn -0.8960 -0.1153 0.4287
vn -0.5868 -0.1847 0.7884
vn -0.1500 -0.2203 0.9638
vn 0.0215 -0.2188 0.9755
vn -0.9626 -0.0735 0.2607
vn -0.9027 -0.1110 0.4157
vn -0.5994 -0.2149 0.7711
vn -0.1648 -0.2822 0.9451
vn 0.0055 -0.2920 0.9564
vn -0.9656 -0.0699 0.2503
vn -0.9071 -0.1154 0.4047
vn -0.6103 -0.2454 0.7532
vn -0.1792 -0.3416 0.9226
vn -0.0106 -0.3611 0.9325
vn -0.9679 -0.0764 0.2393
vn -0.9111 -0.1286 0.3916
vn -0.6196 -0.2798 0.7333
vn -0.1940 -0.3997 0.8959
vn -0.0275 -0.4274 0.9036
vn -0.9697 -0.0921 0.2261
vn -0.9145 -0.1491 0.3761
vn -0.6288 -0.3168 0.7101
vn -0.2101 -0.4572 0.8642
vn -0.0464 -0.4919 0.8694
vn -0.9992 -0.0389 -0.0000
vn -0.8199 0.5700 0.0536
vn -0.9474 0.3202 -0.0000
vn -0.8986 0.3515 0.2625
vn -0.9644 0.1682 0.2039
vn -0.9143 0.1547 0.3745
vn -0.6419 0.1119 0.7586
vn -0.2233 0.0516 0.9734
vn -0.0468 0.0245 0.9986
vn -0.9403 0.1523 0.3044
vn -0.8726 0.1342 0.4695
vn -0.5611 0.0799 0.8239
vn -0.1240 0.0122 0.9922
vn 0.0512 -0.0167 0.9985
vn -0.9082 0.1295 0.3981
vn -0.8251 0.1023 0.5556
vn -0.4820 0.0295 0.8757
vn -0.0315 -0.0466 0.9984
vn 0.1439 -0.0762 0.9867
vn -0.8717 0.0959 0.4806
vn -0.7751 0.0600 0.6289
vn -0.4058 -0.0291 0.9135
vn 0.0534 -0.1099 0.9925
vn 0.2274 -0.1385 0.9639
vn -0.8330 0.0516 0.5509
vn -0.7249 0.0075 0.6889
vn -0.3341 -0.0957 0.9377
vn 0.1299 -0.1774 0.9755
vn 0.3012 -0.2030 0.9317
vn -0.7940 -0.0035 0.6079
vn -0.6762 -0.0550 0.7347
vn -0.2684 -0.1699 0.9482
vn 0.1975 -0.2486 0.9483
vn 0.3654 -0.2692 0.8911
vn -0.7564 -0.0689 0.6504
vn -0.6307 -0.1273 0.7655
vn -0.2097 -0.2514 0.9449
vn 0.2576 -0.3262 0.9095
vn 0.4150 -0.3425 0.8429
vn -0.7218 -0.1441 0.6770
vn -0.5898 -0.2086 0.7801
vn -0.1587 -0.3394 0.9271
vn 0.3094 -0.3999 0.8628
vn 0.4582 -0.4039 0.7918
vn -0.6912 -0.2277 0.6858
vn -0.5546 -0.2976 0.7770
vn -0.1160 -0.4329 0.8940
vn 0.3489 -0.4788 0.8057
vn 0.4963 -0.4727 0.7282
vn -0.6621 -0.2835 0.6937
vn -0.5186 -0.3547 0.7779
vn -0.0742 -0.4866 0.8705
vn 0.3860 -0.5163 0.7645
vn 0.5318 -0.5015 0.6824
vn -0.9306 -0.2801 0.2356
vn -0.8879 -0.2236 0.4021
vn -0.6496 -0.0234 0.7600
vn -0.2660 0.1880 0.9455
vn -0.0969 0.2555 0.9619
vn -0.9178 -0.2312 0.3229
vn -0.8572 -0.1699 0.4862
vn -0.5754 0.0275 0.8174
vn -0.1680 0.2173 0.9615
vn 0.0017 0.2725 0.9622
vn -0.9042 -0.1494 0.4000
vn -0.8255 -0.0924 0.5568
vn -0.5015 0.0822 0.8612
vn -0.0692 0.2372 0.9690
vn 0.1036 0.2777 0.9551
vn -0.8794 -0.0749 0.4702
vn -0.7844 -0.0246 0.6198
vn -0.4244 0.1224 0.8972
vn 0.0261 0.2412 0.9701
vn 0.1996 0.2674 0.9427
vn -0.8456 -0.0092 0.5337
vn -0.7366 0.0324 0.6756
vn -0.3470 0.1485 0.9260
vn 0.1155 0.2310 0.9661
vn 0.2877 0.2439 0.9261
vn -0.8057 0.0465 0.5905
vn -0.6849 0.0783 0.7244
vn -0.2718 0.1616 0.9487
vn 0.1973 0.2088 0.9578
vn 0.3664 0.2098 0.9065
vn -0.7621 0.0922 0.6408
vn -0.6318 0.1132 0.7669
vn -0.2009 0.1633 0.9659
vn 0.2701 0.1772 0.9464
vn 0.4350 0.1675 0.8847
vn -0.7172 0.1282 0.6850
vn -0.5795 0.1382 0.8032
vn -0.1360 0.1553 0.9785
vn 0.3332 0.1384 0.9326
vn 0.4930 0.1197 0.8618
vn -0.6730 0.1552 0.7232
vn -0.5298 0.1543 0.8340
vn -0.0782 0.1397 0.9871
vn 0.3863 0.0949 0.9175
vn 0.5405 0.0686 0.8385
vn -0.6363 0.1607 0.7545
vn -0.4875 0.1544 0.8594
vn -0.0285 0.1235 0.9919
vn 0.4293 0.0643 0.9009
vn 0.5770 0.0343 0.8160
vn -0.7552 -0.3910 0.5261
vn -0.6819 -0.3056 0.6646
vn -0.3901 -0.0263 0.9204
vn -0.0145 0.2593 0.9657
vn 0.1293 0.3509 0.9274
vn -0.7359 -0.3124 0.6007
vn -0.6459 -0.2233 0.7301
vn -0.3155 0.0484 0.9477
vn 0.0797 0.3049 0.9490
vn 0.2246 0.3815 0.8967
vn -0.7286 -0.1946 0.6568
vn -0.6191 -0.1128 0.7772
vn -0.2431 0.1223 0.9623
vn 0.1795 0.3256 0.9283
vn 0.3287 0.3809 0.8642
vn -0.7069 -0.0782 0.7030
vn -0.5794 -0.0095 0.8150
vn -0.1637 0.1753 0.9708
vn 0.2790 0.3173 0.9064
vn 0.4297 0.3498 0.8324
vn -0.6705 0.0313 0.7412
vn -0.5278 0.0815 0.8455
vn -0.0812 0.2045 0.9755
vn 0.3724 0.2794 0.8850
vn 0.5216 0.2889 0.8028
vn -0.6207 0.1284 0.7734
vn -0.4668 0.1558 0.8705
vn -0.0008 0.2088 0.9780
vn 0.4534 0.2145 0.8651
vn 0.5979 0.2018 0.7757
vn -0.5608 0.2080 0.8014
vn -0.4006 0.2102 0.8918
vn 0.0719 0.1900 0.9792
vn 0.5164 0.1285 0.8467
vn 0.6534 0.0958 0.7510
vn -0.4957 0.2675 0.8263
vn -0.3344 0.2441 0.9103
vn 0.1322 0.1527 0.9794
vn 0.5582 0.0300 0.8292
vn 0.6856 -0.0199 0.7277
vn -0.4309 0.3069 0.8486
vn -0.2729 0.2596 0.9264
vn 0.1778 0.1031 0.9787
vn 0.5791 -0.0723 0.8121
vn 0.6958 -0.1357 0.7053
vn -0.3829 0.3108 0.8699
vn -0.2254 0.2513 0.9413
vn 0.2159 0.0629 0.9744
vn 0.5980 -0.1357 0.7900
vn 0.7058 -0.2037 0.6785
vn 0.9104 0.2372 -0.3390
vn 0.9451 0.2752 -0.1762
vn 0.8986 0.3299 0.2893
vn 0.6573 0.2692 0.7039
vn 0.5526 0.2102 0.8065
vn 0.9250 0.2202 -0.3096
vn 0.9569 0.2563 -0.1363
vn 0.8951 0.3034 0.3268
vn 0.6404 0.2491 0.7265
vn 0.5277 0.2002 0.8255
vn 0.9454 0.1852 -0.2680
vn 0.9716 0.2172 -0.0940
vn 0.8936 0.2582 0.3673
vn 0.6211 0.2093 0.7553
vn 0.4999 0.1662 0.8500
vn 0.9640 0.1412 -0.2253
vn 0.9843 0.1691 -0.0508
vn 0.8894 0.2040 0.4091
vn 0.6008 0.1647 0.7823
vn 0.4694 0.1307 0.8733
vn 0.9795 0.0868 -0.1815
vn 0.9938 0.1107 -0.0068
vn 0.8805 0.1470 0.4506
vn 0.5766 0.1220 0.8079
vn 0.4357 0.0940 0.8952
vn 0.9904 0.0206 -0.1369
vn 0.9985 0.0406 0.0377
vn 0.8683 0.0783 0.4898
vn 0.5471 0.0732 0.8339
vn 0.3984 0.0571 0.9154
vn 0.9941 -0.0583 -0.0917
vn 0.9957 -0.0417 0.0825
vn 0.8491 0.0010 0.5282
vn 0.5126 0.0224 0.8583
vn 0.3572 0.0212 0.9338
vn 0.9876 -0.1501 -0.0466
vn 0.9825 -0.1362 0.1270
vn 0.8206 -0.0840 0.5654
vn 0.4724 -0.0288 0.8809
vn 0.3124 -0.0120 0.9499
vn 0.9674 -0.2531 -0.0024
vn 0.9556 -0.2406 0.1702
vn 0.7802 -0.1742 0.6008
vn 0.4263 -0.0781 0.9012
vn 0.2649 -0.0404 0.9634
vn 0.9508 -0.3075 0.0374
vn 0.9329 -0.2930 0.2094
vn 0.7449 -0.2156 0.6314
vn 0.3859 -0.0955 0.9176
vn 0.2233 -0.0463 0.9736
vn 0.8488 0.3264 -0.4160
vn 0.8928 0.3716 -0.2545
vn 0.8760 0.4313 0.2156
vn 0.6676 0.3744 0.6436
vn 0.5634 0.3233 0.7603
vn 0.8647 0.3214 -0.3860
vn 0.9059 0.3632 -0.2180
vn 0.8761 0.4108 0.2524
vn 0.6546 0.3509 0.6696
vn 0.5440 0.3039 0.7821
vn 0.8847 0.3081 -0.3499
vn 0.9221 0.3425 -0.1800
vn 0.8807 0.3739 0.2909
vn 0.6457 0.3070 0.6991
vn 0.5290 0.2606 0.8076
vn 0.9041 0.2903 -0.3135
vn 0.9377 0.3172 -0.1421
vn 0.8839 0.3328 0.3285
vn 0.6352 0.2606 0.7270
vn 0.5124 0.2153 0.8313
vn 0.9228 0.2679 -0.2770
vn 0.9522 0.2871 -0.1044
vn 0.8856 0.2868 0.3653
vn 0.6234 0.2113 0.7528
vn 0.4940 0.1686 0.8530
vn 0.9403 0.2406 -0.2407
vn 0.9653 0.2522 -0.0673
vn 0.8846 0.2389 0.4005
vn 0.6089 0.1620 0.7766
vn 0.4735 0.1206 0.8725
vn 0.9563 0.2085 -0.2048
vn 0.9767 0.2126 -0.0310
vn 0.8818 0.1861 0.4333
vn 0.5916 0.1096 0.7988
vn 0.4508 0.0719 0.8897
vn 0.9704 0.1716 -0.1698
vn 0.9857 0.1683 0.0042
vn 0.8762 0.1300 0.4642
vn 0.5715 0.0561 0.8187
vn 0.4257 0.0230 0.9046
vn 0.9822 0.1301 -0.1356
vn 0.9921 0.1197 0.0380
vn 0.8673 0.0712 0.4927
vn 0.5485 0.0022 0.8362
vn 0.3980 -0.0253 0.9170
vn 0.9892 0.1060 -0.1011
vn 0.9931 0.0920 0.0728
vn 0.8521 0.0387 0.5219
vn 0.5207 -0.0268 0.8533
vn 0.3664 -0.0513 0.9290
vn 0.7789 0.4735 0.4113
vn 0.6544 0.5720 0.4945
vn 0.2360 0.7538 0.6133
vn -0.2380 0.7719 0.5896
vn -0.4110 0.7289 0.5476
vn 0.7517 0.4848 0.4472
vn 0.6200 0.5787 0.5298
vn 0.1900 0.7440 0.6405
vn -0.2816 0.7450 0.6048
vn -0.4494 0.6965 0.5594
vn 0.7206 0.4871 0.4934
vn 0.5827 0.5710 0.5782
vn 0.1440 0.7137 0.6855
vn -0.3258 0.6988 0.6368
vn -0.4909 0.6456 0.5850
vn 0.6900 0.4753 0.5458
vn 0.5463 0.5476 0.6338
vn 0.1004 0.6669 0.7384
vn -0.3667 0.6390 0.6762
vn -0.5290 0.5827 0.6170
vn 0.6602 0.4438 0.6060
vn 0.5111 0.5022 0.6976
vn 0.0594 0.5965 0.8004
vn -0.4043 0.5594 0.7236
vn -0.5636 0.5022 0.6559
vn 0.6315 0.3837 0.6737
vn 0.4775 0.4247 0.7692
vn 0.0214 0.4917 0.8705
vn -0.4381 0.4503 0.7780
vn -0.5946 0.3955 0.7000
vn 0.6052 0.2823 0.7443
vn 0.4473 0.3021 0.8418
vn -0.0122 0.3389 0.9407
vn -0.4672 0.2994 0.8319
vn -0.6208 0.2524 0.7422
vn 0.5846 0.1683 0.7936
vn 0.4244 0.1637 0.8906
vn -0.0406 0.1574 0.9867
vn -0.4897 0.1106 0.8648
vn -0.6362 0.0721 0.7682
vn 0.5701 0.1032 0.8151
vn 0.4112 0.0728 0.9086
vn -0.0534 0.0045 0.9986
vn -0.4958 -0.0787 0.8649
vn -0.6270 -0.1186 0.7699
vn 0.5563 0.0738 0.8277
vn 0.4020 0.0204 0.9154
vn -0.0509 -0.1082 0.9928
vn -0.4837 -0.2293 0.8446
vn -0.6035 -0.2700 0.7503
vn 0.5430 0.0431 0.8386
vn 0.3938 -0.0268 0.9188
vn -0.0445 -0.2017 0.9784
vn -0.4622 -0.3521 0.8139
vn -0.5774 -0.3956 0.7143
vn 0.5291 0.0111 0.8485
vn 0.3846 -0.0711 0.9203
vn -0.0401 -0.2823 0.9585
vn -0.4402 -0.4505 0.7767
vn -0.5536 -0.4932 0.6711
vn 0.5137 -0.0231 0.8577
vn 0.3731 -0.1142 0.9208
vn -0.0420 -0.3476 0.9367
vn -0.4252 -0.5252 0.7372
vn -0.5357 -0.5692 0.6237
vn 0.4961 -0.0602 0.8662
vn 0.3588 -0.1573 0.9201
vn -0.0455 -0.4063 0.9126
vn -0.4169 -0.5877 0.6934
vn -0.5245 -0.6292 0.5736
vn 0.4724 -0.0911 0.8766
vn 0.3308 -0.1935 0.9237
vn -0.0664 -0.4449 0.8931
vn -0.4260 -0.6210 0.6580
vn -0.5310 -0.6624 0.5285
vn 0.3054 0.2802 0.9101
vn 0.1413 0.3329 0.9323
vn -0.3181 0.4177 0.8511
vn -0.7142 0.3869 0.5833
vn -0.8167 0.3432 0.4639
vn 0.2739 0.2725 0.9224
vn 0.1025 0.3209 0.9415
vn -0.3565 0.3912 0.8484
vn -0.7404 0.3561 0.5701
vn -0.8377 0.3170 0.4446
vn 0.2343 0.2508 0.9393
vn 0.0604 0.2889 0.9555
vn -0.3993 0.3368 0.8527
vn -0.7730 0.2921 0.5632
vn -0.8653 0.2537 0.4322
vn 0.1949 0.2193 0.9560
vn 0.0190 0.2459 0.9691
vn -0.4401 0.2705 0.8562
vn -0.8027 0.2181 0.5551
vn -0.8899 0.1816 0.4185
vn 0.1567 0.1763 0.9718
vn -0.0206 0.1904 0.9815
vn -0.4780 0.1898 0.8576
vn -0.8276 0.1324 0.5454
vn -0.9100 0.1002 0.4023
vn 0.1211 0.1206 0.9853
vn -0.0567 0.1209 0.9910
vn -0.5105 0.0973 0.8544
vn -0.8465 0.0382 0.5310
vn -0.9242 0.0096 0.3818
vn 0.0901 0.0512 0.9946
vn -0.0870 0.0369 0.9955
vn -0.5340 -0.0110 0.8454
vn -0.8579 -0.0681 0.5093
vn -0.9306 -0.0891 0.3551
vn 0.0658 -0.0313 0.9973
vn -0.1091 -0.0605 0.9922
vn -0.5469 -0.1313 0.8268
vn -0.8591 -0.1819 0.4784
vn -0.9275 -0.1931 0.3200
vn 0.0502 -0.1244 0.9910
vn -0.1210 -0.1682 0.9783
vn -0.5476 -0.2590 0.7957
vn -0.8489 -0.2983 0.4363
vn -0.9142 -0.2978 0.2750
vn 0.0287 -0.1802 0.9832
vn -0.1406 -0.2296 0.9631
vn -0.5573 -0.3261 0.7636
vn -0.8475 -0.3547 0.3949
vn -0.9087 -0.3473 0.2315
vn 0.6189 0.3158 0.7192
vn 0.4196 0.3412 0.8411
vn -0.0119 0.1838 0.9829
vn -0.4105 -0.0321 0.9113
vn -0.5764 -0.0962 0.8115
vn 0.7176 0.2475 0.6510
vn 0.5735 0.3089 0.7588
vn 0.1607 0.2061 0.9653
vn -0.2602 0.0009 0.9656
vn -0.4592 -0.0795 0.8848
vn 0.7870 0.2856 0.5469
vn 0.7066 0.3161 0.6331
vn 0.3273 0.2064 0.9221
vn -0.0961 0.0210 0.9952
vn -0.2921 -0.0544 0.9549
vn 0.8719 0.2734 0.4062
vn 0.8055 0.2872 0.5184
vn 0.4762 0.1863 0.8594
vn 0.0635 0.0149 0.9979
vn -0.1249 -0.0556 0.9906
vn 0.9281 0.2599 0.2668
vn 0.8787 0.2577 0.4018
vn 0.6041 0.1524 0.7822
vn 0.2121 -0.0129 0.9772
vn 0.0338 -0.0798 0.9962
vn 0.9583 0.2511 0.1364
vn 0.9286 0.2331 0.2888
vn 0.7094 0.1113 0.6959
vn 0.3448 -0.0567 0.9370
vn 0.1776 -0.1218 0.9765
vn 0.9677 0.2511 0.0219
vn 0.9588 0.2157 0.1849
vn 0.7930 0.0682 0.6054
vn 0.4585 -0.1103 0.8818
vn 0.3021 -0.1756 0.9370
vn 0.9627 0.2610 -0.0711
vn 0.9728 0.2109 0.0960
vn 0.8550 0.0310 0.5177
vn 0.5516 -0.1682 0.8170
vn 0.4050 -0.2356 0.8835
vn 0.9502 0.2786 -0.1397
vn 0.9773 0.2106 0.0220
vn 0.8993 -0.0068 0.4373
vn 0.6242 -0.2266 0.7477
vn 0.4857 -0.2973 0.8220
vn 0.0098 1.0000 -0.0015
vn 0.8415 0.4666 0.2725
vn -0.5007 -0.2077 0.8403
vn -0.7625 0.5992 -0.2440
vn 0.8319 0.2729 -0.4831
vn 0.8897 0.3166 -0.3288
vn 0.9145 0.3806 0.1372
vn 0.7471 0.3142 0.5857
vn 0.6658 0.2498 0.7030
vn 0.8498 0.2608 -0.4580
vn 0.9071 0.3031 -0.2921
vn 0.9179 0.3565 0.1739
vn 0.7363 0.2937 0.6095
vn 0.6466 0.2386 0.7246
vn 0.8750 0.2367 -0.4223
vn 0.9275 0.2737 -0.2546
vn 0.9246 0.3160 0.2128
vn 0.7256 0.2523 0.6402
vn 0.6272 0.2009 0.7525
vn 0.8997 0.2043 -0.3858
vn 0.9475 0.2355 -0.2165
vn 0.9303 0.2655 0.2532
vn 0.7148 0.2043 0.6688
vn 0.6059 0.1596 0.7794
vn 0.9232 0.1619 -0.3485
vn 0.9662 0.1868 -0.1778
vn 0.9324 0.2109 0.2934
vn 0.7006 0.1562 0.6963
vn 0.5819 0.1145 0.8052
vn 0.9444 0.1075 -0.3108
vn 0.9823 0.1256 -0.1389
vn 0.9330 0.1421 0.3306
vn 0.6822 0.0981 0.7245
vn 0.5545 0.0655 0.8296
vn 0.9612 0.0388 -0.2730
vn 0.9937 0.0498 -0.1001
vn 0.9283 0.0609 0.3668
vn 0.6591 0.0337 0.7513
vn 0.5227 0.0129 0.8524
vn 0.9708 -0.0459 -0.2356
vn 0.9972 -0.0422 -0.0621
vn 0.9152 -0.0335 0.4016
vn 0.6294 -0.0366 0.7762
vn 0.4854 -0.0421 0.8733
vn 0.9688 -0.1472 -0.1994
vn 0.9883 -0.1505 -0.0254
vn 0.8898 -0.1403 0.4341
vn 0.5912 -0.1113 0.7988
vn 0.4422 -0.0977 0.8916
vn 0.9649 -0.2049 -0.1641
vn 0.9778 -0.2093 0.0109
vn 0.8635 -0.1949 0.4652
vn 0.5547 -0.1454 0.8193
vn 0.4017 -0.1212 0.9077
vn 0.8521 0.3194 -0.4146
vn 0.8963 0.3640 -0.2532
vn 0.8796 0.4235 0.2168
vn 0.6711 0.3650 0.6453
vn 0.5685 0.3125 0.7610
vn 0.8677 0.3139 -0.3854
vn 0.9092 0.3554 -0.2168
vn 0.8795 0.4028 0.2533
vn 0.6582 0.3421 0.6706
vn 0.5489 0.2943 0.7824
vn 0.8873 0.3009 -0.3494
vn 0.9250 0.3352 -0.1791
vn 0.8836 0.3663 0.2916
vn 0.6488 0.2988 0.6999
vn 0.5331 0.2517 0.8077
vn 0.9063 0.2836 -0.3132
vn 0.9400 0.3104 -0.1415
vn 0.8864 0.3258 0.3289
vn 0.6377 0.2531 0.7275
vn 0.5158 0.2074 0.8313
vn 0.9245 0.2618 -0.2769
vn 0.9541 0.2810 -0.1040
vn 0.8875 0.2804 0.3655
vn 0.6255 0.2045 0.7530
vn 0.4967 0.1615 0.8528
vn 0.9416 0.2353 -0.2408
vn 0.9667 0.2468 -0.0672
vn 0.8859 0.2335 0.4007
vn 0.6104 0.1563 0.7765
vn 0.4755 0.1145 0.8722
vn 0.9573 0.2040 -0.2051
vn 0.9776 0.2080 -0.0310
vn 0.8828 0.1816 0.4333
vn 0.5927 0.1049 0.7986
vn 0.4522 0.0669 0.8894
vn 0.9710 0.1681 -0.1700
vn 0.9863 0.1647 0.0040
vn 0.8768 0.1265 0.4640
vn 0.5722 0.0524 0.8184
vn 0.4265 0.0192 0.9043
vn 0.9825 0.1276 -0.1359
vn 0.9924 0.1172 0.0378
vn 0.8675 0.0687 0.4926
vn 0.5488 -0.0004 0.8359
vn 0.3985 -0.0280 0.9167
vn 0.9894 0.1041 -0.1011
vn 0.9933 0.0901 0.0729
vn 0.8523 0.0368 0.5217
vn 0.5209 -0.0287 0.8531
vn 0.3667 -0.0534 0.9288
vn 0.2972 0.2422 0.9236
vn 0.1309 0.2880 0.9486
vn -0.3319 0.3606 0.8717
vn -0.7268 0.3287 0.6032
vn -0.8275 0.2872 0.4825
vn 0.2676 0.2353 0.9343
vn 0.0938 0.2759 0.9566
vn -0.3687 0.3315 0.8685
vn -0.7517 0.2935 0.5906
vn -0.8476 0.2566 0.4645
vn 0.2317 0.2169 0.9483
vn 0.0552 0.2447 0.9680
vn -0.4083 0.2711 0.8717
vn -0.7815 0.2179 0.5846
vn -0.8726 0.1805 0.4538
vn 0.1968 0.1882 0.9622
vn 0.0184 0.2012 0.9794
vn -0.4438 0.1956 0.8745
vn -0.8060 0.1283 0.5778
vn -0.8923 0.0914 0.4421
vn 0.1647 0.1473 0.9753
vn -0.0143 0.1434 0.9896
vn -0.4731 0.1020 0.8751
vn -0.8219 0.0224 0.5692
vn -0.9038 -0.0116 0.4277
vn 0.1377 0.0929 0.9861
vn -0.0402 0.0701 0.9967
vn -0.4920 -0.0067 0.8706
vn -0.8262 -0.0964 0.5550
vn -0.9039 -0.1284 0.4080
vn 0.1186 0.0247 0.9926
vn -0.0557 -0.0186 0.9983
vn -0.4949 -0.1332 0.8587
vn -0.8154 -0.2298 0.5313
vn -0.8889 -0.2561 0.3797
vn 0.1100 -0.0556 0.9924
vn -0.0577 -0.1197 0.9911
vn -0.4793 -0.2707 0.8348
vn -0.7862 -0.3698 0.4951
vn -0.8566 -0.3885 0.3395
vn 0.1136 -0.1437 0.9831
vn -0.0446 -0.2270 0.9729
vn -0.4446 -0.4101 0.7963
vn -0.7387 -0.5069 0.4444
vn -0.8073 -0.5161 0.2862
vn 0.1050 -0.1997 0.9742
vn -0.0488 -0.2910 0.9555
vn -0.4340 -0.4836 0.7601
vn -0.7169 -0.5722 0.3984
vn -0.7826 -0.5753 0.2379
vn -0.1303 0.1047 0.9859
vn -0.3015 0.1164 0.9463
vn -0.7027 0.1447 0.6966
vn -0.9467 0.1447 0.2879
vn -0.9846 0.1332 0.1132
vn -0.1713 0.1061 0.9795
vn -0.3425 0.1172 0.9322
vn -0.7346 0.1405 0.6639
vn -0.9600 0.1328 0.2464
vn -0.9904 0.1178 0.0730
vn -0.2118 0.1159 0.9704
vn -0.3816 0.1238 0.9160
vn -0.7631 0.1366 0.6317
vn -0.9715 0.1169 0.2061
vn -0.9948 0.0970 0.0323
vn -0.2488 0.1253 0.9604
vn -0.4169 0.1294 0.8997
vn -0.7884 0.1292 0.6014
vn -0.9815 0.0919 0.1678
vn -0.9979 0.0645 0.0018
vn -0.2819 0.1345 0.9500
vn -0.4485 0.1338 0.8837
vn -0.8106 0.1166 0.5739
vn -0.9890 0.0638 0.1338
vn -0.9991 0.0345 -0.0240
vn -0.3109 0.1433 0.9396
vn -0.4758 0.1364 0.8689
vn -0.8294 0.0958 0.5504
vn -0.9937 0.0181 0.1104
vn -0.9988 -0.0178 -0.0455
vn -0.3342 0.1556 0.9296
vn -0.4981 0.1389 0.8559
vn -0.8438 0.0590 0.5334
vn -0.9931 -0.0562 0.1029
vn -0.9937 -0.1000 -0.0505
vn -0.3552 0.1710 0.9190
vn -0.5144 0.1459 0.8450
vn -0.8485 0.0426 0.5275
vn -0.9896 -0.1018 0.1017
vn -0.9853 -0.1628 -0.0510
vn -0.3840 0.1748 0.9067
vn -0.5361 0.1659 0.8277
vn -0.8597 0.0973 0.5015
vn -0.9976 -0.0307 0.0616
vn -0.9904 -0.0988 -0.0963
vn -0.4165 0.1727 0.8926
vn -0.5612 0.1856 0.8066
vn -0.8728 0.1790 0.4540
vn -0.9943 0.1065 -0.0022
vn -0.9843 0.0562 -0.1672
vn -0.4405 0.1782 0.8799
vn -0.5776 0.2113 0.7885
vn -0.8696 0.2572 0.4214
vn -0.9729 0.2268 -0.0452
vn -0.9577 0.1914 -0.2148
vn -0.4550 0.1880 0.8704
vn -0.5851 0.2366 0.7757
vn -0.8572 0.3244 0.3999
vn -0.9423 0.3270 -0.0715
vn -0.9217 0.3024 -0.2429
vn -0.4626 0.1982 0.8641
vn -0.5863 0.2589 0.7676
vn -0.8399 0.3801 0.3874
vn -0.9086 0.4087 -0.0859
vn -0.8832 0.3920 -0.2575
vn -0.4649 0.2067 0.8609
vn -0.5834 0.2772 0.7634
vn -0.8208 0.4253 0.3814
vn -0.8753 0.4748 -0.0914
vn -0.8459 0.4643 -0.2623
vn -0.4651 0.2104 0.8599
vn -0.5809 0.2853 0.7623
vn -0.8104 0.4454 0.3806
vn -0.8586 0.5042 -0.0922
vn -0.8271 0.4965 -0.2635
vn -0.1736 0.8947 -0.4115
vn -0.1238 0.9579 -0.2589
vn 0.0315 0.9797 0.1980
vn 0.1835 0.7633 0.6195
vn 0.2311 0.6270 0.7440
vn -0.1005 0.8970 -0.4305
vn -0.0528 0.9604 -0.2735
vn 0.0595 0.9784 0.1981
vn 0.1662 0.7578 0.6309
vn 0.2312 0.6265 0.7444
vn -0.0231 0.8975 -0.4405
vn 0.0209 0.9603 -0.2781
vn 0.1018 0.9742 0.2014
vn 0.1688 0.7499 0.6396
vn 0.2198 0.6218 0.7517
vn 0.0546 0.8943 -0.4441
vn 0.0919 0.9561 -0.2784
vn 0.1516 0.9669 0.2053
vn 0.1860 0.7419 0.6442
vn 0.2135 0.6128 0.7608
vn 0.1332 0.8849 -0.4463
vn 0.1614 0.9464 -0.2798
vn 0.2090 0.9559 0.2062
vn 0.2177 0.7332 0.6442
vn 0.2203 0.6040 0.7659
vn 0.2119 0.8668 -0.4513
vn 0.2291 0.9302 -0.2867
vn 0.2718 0.9410 0.2017
vn 0.2620 0.7230 0.6393
vn 0.2415 0.5957 0.7660
vn 0.2887 0.8384 -0.4623
vn 0.2964 0.9060 -0.3021
vn 0.3437 0.9199 0.1889
vn 0.3206 0.7091 0.6280
vn 0.2782 0.5872 0.7601
vn 0.3602 0.7989 -0.4817
vn 0.3610 0.8736 -0.3263
vn 0.4214 0.8916 0.1660
vn 0.3916 0.6906 0.6080
vn 0.3309 0.5767 0.7470
vn 0.4068 0.7499 -0.5217
vn 0.4181 0.8366 -0.3539
vn 0.5024 0.8545 0.1318
vn 0.4733 0.6649 0.5778
vn 0.3994 0.5612 0.7249
vn 0.4529 0.6814 -0.5750
vn 0.4752 0.7885 -0.3903
vn 0.5829 0.8080 0.0859
vn 0.5623 0.6297 0.5359
vn 0.4819 0.5373 0.6921
vn 0.4751 0.6215 -0.6229
vn 0.5158 0.7360 -0.4385
vn 0.6581 0.7524 0.0286
vn 0.6538 0.5834 0.4819
vn 0.5742 0.5017 0.6470
vn 0.4763 0.5676 -0.6715
vn 0.5417 0.6819 -0.4914
vn 0.7232 0.6896 -0.0379
vn 0.7418 0.5257 0.4163
vn 0.6700 0.4521 0.5888
vn 0.4593 0.5265 -0.7154
vn 0.5525 0.6304 -0.5453
vn 0.7747 0.6227 -0.1101
vn 0.8207 0.4579 0.3416
vn 0.7620 0.3884 0.5181
vn 0.4484 0.4929 -0.7457
vn 0.5489 0.5797 -0.6022
vn 0.8114 0.5548 -0.1836
vn 0.8859 0.3830 0.2619
vn 0.8427 0.3127 0.4383
vn 0.4223 0.4944 -0.7598
vn 0.5335 0.5436 -0.6480
vn 0.8353 0.4876 -0.2539
vn 0.9348 0.3046 0.1828
vn 0.9060 0.2300 0.3554
vn 0.3943 0.4789 -0.7844
vn 0.5270 0.5031 -0.6850
vn 0.8497 0.4208 -0.3176
vn 0.9678 0.2262 0.1105
vn 0.9497 0.1460 0.2770
vn 0.3765 0.4563 -0.8062
vn 0.5243 0.4583 -0.7177
vn 0.8583 0.3532 -0.3722
vn 0.9874 0.1498 0.0500
vn 0.9755 0.0650 0.2104
vn 0.3699 0.4212 -0.8281
vn 0.5265 0.4056 -0.7472
vn 0.8641 0.2834 -0.4159
vn 0.9970 0.0771 0.0050
vn 0.9869 -0.0093 0.1611
vn 0.3731 0.3700 -0.8508
vn 0.5330 0.3426 -0.7736
vn 0.8692 0.2107 -0.4474
vn 0.9997 0.0096 -0.0226
vn 0.9884 -0.0741 0.1325
vn 0.3838 0.3019 -0.8727
vn 0.5431 0.2673 -0.7960
vn 0.8742 0.1348 -0.4665
vn 0.9982 -0.0502 -0.0322
vn 0.9840 -0.1263 0.1255
vn 0.3994 0.2184 -0.8904
vn 0.5558 0.1820 -0.8112
vn 0.8791 0.0594 -0.4730
vn 0.9947 -0.0992 -0.0253
vn 0.9769 -0.1630 0.1379
vn 0.4176 0.1238 -0.9001
vn 0.5698 0.0896 -0.8169
vn 0.8835 -0.0126 -0.4683
vn 0.9910 -0.1341 -0.0052
vn 0.9694 -0.1819 0.1650
vn 0.4373 0.0248 -0.8990
vn 0.5839 -0.0011 -0.8119
vn 0.8879 -0.0737 -0.4541
vn 0.9880 -0.1527 0.0226
vn 0.9627 -0.1823 0.1998
vn 0.4616 -0.0767 -0.8837
vn 0.5968 -0.0932 -0.7969
vn 0.8909 -0.1272 -0.4360
vn 0.9868 -0.1538 0.0516
vn 0.9576 -0.1636 0.2371
vn -0.3784 0.1270 0.9169
vn -0.5207 0.1347 0.8431
vn -0.8844 0.1518 0.4413
vn -0.9866 0.1476 -0.0695
vn -0.9720 0.1441 -0.1859
vn 0.3860 0.6901 -0.6121
vn 0.3981 0.8015 -0.4461
vn 0.2757 0.9612 -0.0032
vn 0.0756 0.8835 0.4623
vn 0.0387 0.7999 0.5989
vn 0.4128 0.7261 -0.5498
vn 0.4267 0.8285 -0.3627
vn 0.2993 0.9497 0.0917
vn 0.0895 0.8474 0.5234
vn 0.0343 0.7494 0.6612
vn 0.4508 0.7573 -0.4726
vn 0.4839 0.8325 -0.2697
vn 0.3738 0.9063 0.1973
vn 0.1814 0.7668 0.6158
vn 0.1270 0.6306 0.7656
vn 0.5185 0.7640 -0.3840
vn 0.5712 0.8036 -0.1671
vn 0.4772 0.8232 0.3076
vn 0.2820 0.6468 0.7086
vn 0.2241 0.4877 0.8438
vn 0.6201 0.7299 -0.2875
vn 0.6879 0.7229 -0.0643
vn 0.6063 0.6815 0.4099
vn 0.3987 0.4725 0.7860
vn 0.3268 0.2917 0.8989
vn 0.7521 0.6291 -0.1963
vn 0.8213 0.5701 0.0211
vn 0.7419 0.4645 0.4836
vn 0.5087 0.2339 0.8286
vn 0.4085 0.0394 0.9119
vn 0.8801 0.4570 -0.1285
vn 0.9299 0.3607 0.0718
vn 0.8343 0.2000 0.5138
vn 0.5627 -0.0339 0.8259
vn 0.4264 -0.2199 0.8774
vn 0.9507 0.3005 -0.0763
vn 0.9717 0.2087 0.1104
vn 0.8420 0.0243 0.5390
vn 0.5233 -0.2052 0.8270
vn 0.3891 -0.3492 0.8524
vn 0.9755 0.2178 -0.0316
vn 0.9784 0.1442 0.1481
vn 0.8200 -0.0335 0.5714
vn 0.4645 -0.2311 0.8549
vn 0.3343 -0.3103 0.8899
vn 0.9885 0.1504 -0.0145
vn 0.9828 0.0944 0.1587
vn 0.8103 -0.0729 0.5815
vn 0.4463 -0.2479 0.8599
vn 0.2929 -0.3086 0.9050
vn 0.9946 0.0999 -0.0264
vn 0.9883 0.0586 0.1408
vn 0.8154 -0.0974 0.5707
vn 0.4516 -0.2553 0.8549
vn 0.2845 -0.3044 0.9091
vn 0.9955 0.0670 -0.0668
vn 0.9951 0.0326 0.0935
vn 0.8367 -0.1163 0.5351
vn 0.4818 -0.2586 0.8373
vn 0.3091 -0.2985 0.9030
vn 0.9894 0.0507 -0.1362
vn 0.9997 0.0152 0.0206
vn 0.8731 -0.1260 0.4711
vn 0.5381 -0.2541 0.8036
vn 0.3664 -0.2889 0.8845
vn 0.9695 0.0510 -0.2398
vn 0.9969 0.0061 -0.0783
vn 0.9155 -0.1562 0.3708
vn 0.6225 -0.2981 0.7236
vn 0.4676 -0.3296 0.8202
vn 0.9379 0.0672 -0.3402
vn 0.9825 -0.0061 -0.1864
vn 0.9423 -0.2264 0.2467
vn 0.6895 -0.4012 0.6031
vn 0.5563 -0.4403 0.7048
vn 0.9050 0.0992 -0.4136
vn 0.9614 -0.0030 -0.2751
vn 0.9499 -0.2865 0.1249
vn 0.7284 -0.4995 0.4689
vn 0.6131 -0.5476 0.5694
vn 0.8768 0.1393 -0.4603
vn 0.9400 0.0125 -0.3409
vn 0.9451 -0.3263 0.0184
vn 0.7498 -0.5709 0.3344
vn 0.6539 -0.6256 0.4255
vn 0.8535 0.1837 -0.4877
vn 0.9213 0.0349 -0.3873
vn 0.9327 -0.3531 -0.0729
vn 0.7695 -0.6086 0.1936
vn 0.7105 -0.6541 0.2595
vn 0.0893 0.7877 -0.6096
vn 0.8245 0.2704 -0.4970
vn 0.9163 -0.3716 -0.1496
vn 0.8576 -0.5125 -0.0427
vn 0.9037 -0.4158 -0.1024
vn -0.8725 -0.1535 0.4639
vn -0.9029 -0.0604 0.4255
vn -0.8962 0.4131 0.1617
vn -0.1139 0.8934 -0.4345
vn 0.2326 0.8105 -0.5375
vn -0.1691 0.9019 -0.3976
vn -0.1244 0.9574 -0.2607
vn 0.0341 0.9781 0.2055
vn 0.1838 0.7627 0.6201
vn 0.2328 0.6210 0.7484
vn -0.2405 0.9026 -0.3571
vn -0.1400 0.9621 -0.2342
vn 0.0407 0.9726 0.2287
vn 0.1869 0.7483 0.6365
vn 0.2570 0.6113 0.7485
vn -0.1693 0.9150 -0.3661
vn -0.0670 0.9685 -0.2398
vn 0.1184 0.9685 0.2191
vn 0.2550 0.7369 0.6261
vn 0.3154 0.5966 0.7380
vn -0.1145 0.9217 -0.3706
vn -0.0041 0.9691 -0.2468
vn 0.1900 0.9595 0.2081
vn 0.3179 0.7219 0.6146
vn 0.3696 0.5795 0.7264
vn -0.0614 0.9244 -0.3765
vn 0.0566 0.9651 -0.2558
vn 0.2600 0.9458 0.1946
vn 0.3802 0.7035 0.6005
vn 0.4231 0.5597 0.7126
vn -0.0116 0.9236 -0.3831
vn 0.1134 0.9573 -0.2660
vn 0.3266 0.9280 0.1792
vn 0.4405 0.6816 0.5843
vn 0.4752 0.5371 0.6970
vn 0.0344 0.9203 -0.3896
vn 0.1659 0.9465 -0.2768
vn 0.3893 0.9067 0.1624
vn 0.4981 0.6564 0.5666
vn 0.5256 0.5116 0.6797
vn 0.0772 0.9150 -0.3961
vn 0.2147 0.9332 -0.2882
vn 0.4482 0.8822 0.1445
vn 0.5531 0.6281 0.5473
vn 0.5743 0.4831 0.6609
vn 0.1180 0.9077 -0.4027
vn 0.2609 0.9174 -0.3004
vn 0.5043 0.8544 0.1253
vn 0.6058 0.5965 0.5265
vn 0.6219 0.4510 0.6402
vn 0.1583 0.8983 -0.4099
vn 0.3061 0.8987 -0.3140
vn 0.5588 0.8227 0.1043
vn 0.6571 0.5609 0.5036
vn 0.6684 0.4146 0.6175
vn 0.1997 0.8859 -0.4187
vn 0.3516 0.8761 -0.3298
vn 0.6128 0.7861 0.0809
vn 0.7073 0.5204 0.4784
vn 0.7143 0.3728 0.5922
vn 0.2435 0.8695 -0.4298
vn 0.3986 0.8483 -0.3485
vn 0.6669 0.7432 0.0543
vn 0.7568 0.4737 0.4504
vn 0.7594 0.3243 0.5640
vn 0.2907 0.8472 -0.4447
vn 0.4474 0.8137 -0.3710
vn 0.7211 0.6924 0.0240
vn 0.8050 0.4197 0.4193
vn 0.8029 0.2677 0.5326
vn 0.3443 0.8134 -0.4688
vn 0.4992 0.7689 -0.3994
vn 0.7750 0.6319 -0.0110
vn 0.8504 0.3580 0.3856
vn 0.8423 0.2029 0.4993
vn 0.3948 0.7644 -0.5097
vn 0.5564 0.7097 -0.4322
vn 0.8272 0.5595 -0.0514
vn 0.8902 0.2900 0.3514
vn 0.8739 0.1330 0.4675
vn 0.4577 0.6784 -0.5747
vn 0.6173 0.6243 -0.4788
vn 0.8753 0.4742 -0.0953
vn 0.9219 0.2184 0.3200
vn 0.8948 0.0633 0.4420
vn 0.5219 0.5675 -0.6368
vn 0.6697 0.5183 -0.5319
vn 0.9158 0.3772 -0.1383
vn 0.9442 0.1470 0.2949
vn 0.9044 0.0015 0.4267
vn 0.5753 0.4297 -0.6960
vn 0.7124 0.3918 -0.5823
vn 0.9461 0.2726 -0.1751
vn 0.9569 0.0781 0.2796
vn 0.9085 -0.0450 0.4154
vn 0.6128 0.2729 -0.7416
vn 0.7410 0.2522 -0.6224
vn 0.9651 0.1669 -0.2019
vn 0.9619 0.0243 0.2722
vn 0.9057 -0.0551 0.4203
vn 0.6310 0.1101 -0.7679
vn 0.7519 0.1121 -0.6497
vn 0.9729 0.0724 -0.2198
vn 0.9643 -0.0124 0.2646
vn 0.9010 -0.0529 0.4306
vn 0.6284 -0.0441 -0.7766
vn 0.7438 -0.0211 -0.6680
vn 0.9713 -0.0125 -0.2377
vn 0.9673 -0.0363 0.2510
vn 0.9020 -0.0390 0.4299
vn 0.6032 -0.1770 -0.7777
vn 0.7157 -0.1405 -0.6841
vn 0.9603 -0.0863 -0.2654
vn 0.9741 -0.0525 0.2198
vn 0.9127 -0.0282 0.4077
vn 0.5498 -0.2833 -0.7858
vn 0.6634 -0.2452 -0.7069
vn 0.9364 -0.1558 -0.3145
vn 0.9842 -0.0733 0.1609
vn 0.9348 -0.0338 0.3536
vn 0.4504 -0.3641 -0.8152
vn 0.5740 -0.3375 -0.7461
vn 0.8858 -0.2354 -0.3998
vn 0.9912 -0.1186 0.0593
vn 0.9657 -0.0721 0.2494
vn -0.4548 0.4013 0.7951
vn -0.5555 0.3775 0.7408
vn -0.8922 0.2503 0.3760
vn -0.9862 0.1155 -0.1188
vn -0.9656 0.0871 -0.2449
vn -0.2131 0.8172 -0.5355
vn -0.1579 0.9183 -0.3631
vn -0.0025 0.9950 0.1002
vn 0.1529 0.8296 0.5370
vn 0.1939 0.7374 0.6470
vn -0.3086 0.8077 -0.5024
vn -0.2725 0.8968 -0.3485
vn -0.1083 0.9890 0.1005
vn 0.0498 0.8374 0.5444
vn 0.0650 0.7323 0.6779
vn -0.3540 0.8076 -0.4718
vn -0.2667 0.8968 -0.3529
vn -0.0719 0.9934 0.0889
vn 0.1166 0.8488 0.5156
vn 0.1886 0.7419 0.6435
vn -0.3819 0.8156 -0.4346
vn -0.2555 0.9025 -0.3467
vn -0.0288 0.9958 0.0870
vn 0.1810 0.8462 0.5012
vn 0.2789 0.7346 0.6185
vn -0.3964 0.8215 -0.4098
vn -0.2326 0.9148 -0.3301
vn 0.0228 0.9960 0.0864
vn 0.2495 0.8367 0.4875
vn 0.3606 0.7186 0.5946
vn -0.3681 0.8344 -0.4103
vn -0.1913 0.9276 -0.3208
vn 0.0806 0.9933 0.0825
vn 0.3188 0.8222 0.4716
vn 0.4332 0.6974 0.5710
vn -0.3239 0.8530 -0.4092
vn -0.1470 0.9358 -0.3205
vn 0.1425 0.9872 0.0724
vn 0.3871 0.8038 0.4518
vn 0.4980 0.6730 0.5469
vn -0.2695 0.8673 -0.4185
vn -0.0961 0.9395 -0.3289
vn 0.2076 0.9767 0.0543
vn 0.4540 0.7820 0.4270
vn 0.5578 0.6462 0.5208
vn -0.2101 0.8749 -0.4364
vn -0.0389 0.9372 -0.3467
vn 0.2764 0.9607 0.0273
vn 0.5208 0.7561 0.3963
vn 0.6164 0.6157 0.4909
vn -0.1476 0.8748 -0.4615
vn 0.0254 0.9269 -0.3743
vn 0.3503 0.9366 -0.0092
vn 0.5892 0.7238 0.3591
vn 0.6777 0.5778 0.4549
vn -0.0814 0.8663 -0.4929
vn 0.0970 0.9066 -0.4106
vn 0.4294 0.9015 -0.0534
vn 0.6593 0.6818 0.3170
vn 0.7417 0.5281 0.4135
vn -0.0108 0.8484 -0.5292
vn 0.1745 0.8745 -0.4526
vn 0.5114 0.8533 -0.1013
vn 0.7282 0.6283 0.2739
vn 0.8041 0.4644 0.3711
vn 0.0639 0.8201 -0.5686
vn 0.2553 0.8296 -0.4965
vn 0.5926 0.7917 -0.1482
vn 0.7922 0.5633 0.2348
vn 0.8595 0.3876 0.3333
vn 0.1415 0.7809 -0.6085
vn 0.3364 0.7727 -0.5383
vn 0.6695 0.7184 -0.1889
vn 0.8477 0.4895 0.2043
vn 0.9030 0.3016 0.3059
vn 0.2198 0.7313 -0.6457
vn 0.4149 0.7060 -0.5739
vn 0.7388 0.6373 -0.2190
vn 0.8922 0.4114 0.1866
vn 0.9318 0.2135 0.2934
vn 0.2967 0.6734 -0.6771
vn 0.4888 0.6334 -0.5999
vn 0.7987 0.5538 -0.2353
vn 0.9241 0.3349 0.1839
vn 0.9454 0.1316 0.2982
vn 0.3704 0.6104 -0.7002
vn 0.5564 0.5594 -0.6144
vn 0.8483 0.4737 -0.2366
vn 0.9438 0.2660 0.1963
vn 0.9454 0.0635 0.3197
vn 0.4394 0.5457 -0.7135
vn 0.6171 0.4888 -0.6167
vn 0.8877 0.4026 -0.2233
vn 0.9521 0.2098 0.2224
vn 0.9347 0.0145 0.3550
vn 0.5031 0.4821 -0.7173
vn 0.6708 0.4243 -0.6083
vn 0.9179 0.3437 -0.1983
vn 0.9510 0.1692 0.2586
vn 0.9165 -0.0135 0.3997
vn 0.5617 0.4193 -0.7132
vn 0.7182 0.3656 -0.5921
vn 0.9406 0.2963 -0.1659
vn 0.9431 0.1434 0.3001
vn 0.8935 -0.0230 0.4484
vn 0.6155 0.3553 -0.7035
vn 0.7600 0.3102 -0.5712
vn 0.9574 0.2578 -0.1305
vn 0.9305 0.1296 0.3425
vn 0.8679 -0.0176 0.4965
vn 0.6646 0.2873 -0.6897
vn 0.7965 0.2549 -0.5483
vn 0.9697 0.2248 -0.0957
vn 0.9156 0.1253 0.3822
vn 0.8414 0.0002 0.5404
vn 0.7086 0.2120 -0.6730
vn 0.8280 0.1960 -0.5254
vn 0.9789 0.1940 -0.0643
vn 0.8989 0.1233 0.4205
vn 0.8238 0.0213 0.5665
vn 0.7467 0.1257 -0.6531
vn 0.8543 0.1291 -0.5034
vn 0.9862 0.1613 -0.0383
vn 0.8825 0.1357 0.4504
vn 0.8056 0.0727 0.5880
vn 0.7773 0.0244 -0.6287
vn 0.8752 0.0490 -0.4813
vn 0.9925 0.1208 -0.0180
vn 0.8747 0.1432 0.4629
vn 0.7851 0.1128 0.6090
vn 0.7973 -0.0958 -0.5959
vn 0.8874 -0.0473 -0.4586
vn 0.9972 0.0742 -0.0041
vn 0.8720 0.1505 0.4657
vn 0.7719 0.1541 0.6168
vn 0.8013 -0.2359 -0.5498
vn 0.8869 -0.1679 -0.4305
vn 1.0000 0.0055 0.0079
vn 0.8753 0.1458 0.4610
vn 0.7688 0.1912 0.6102
vn 0.7815 -0.3832 -0.4924
vn 0.8677 -0.3011 -0.3955
vn 0.9966 -0.0801 0.0200
vn 0.8852 0.1244 0.4483
vn 0.7785 0.2114 0.5910
vn 0.7352 -0.5136 -0.4424
vn 0.8268 -0.4268 -0.3664
vn 0.9841 -0.1756 0.0268
vn 0.8993 0.0782 0.4302
vn 0.8010 0.1963 0.5656
vn 0.6692 -0.6060 -0.4301
vn 0.7687 -0.5247 -0.3656
vn 0.9623 -0.2715 0.0161
vn 0.9136 0.0044 0.4066
vn 0.8306 0.1357 0.5400
vn 0.5956 -0.6420 -0.4827
vn 0.7066 -0.5772 -0.4094
vn 0.9332 -0.3583 -0.0285
vn 0.9244 -0.0905 0.3706
vn 0.8593 0.0338 0.5103
vn 0.5267 -0.5909 -0.6111
vn 0.6611 -0.5359 -0.5252
vn 0.9124 -0.3899 -0.1247
vn 0.9325 -0.1885 0.3080
vn 0.8831 -0.0898 0.4606
vn 0.4613 -0.4097 -0.7870
vn 0.6248 -0.3808 -0.6816
vn 0.9131 -0.3252 -0.2461
vn 0.9488 -0.2347 0.2116
vn 0.9060 -0.1910 0.3778
vn 0.2925 -0.0667 -0.9539
vn 0.5642 -0.0651 -0.8231
vn 0.9280 -0.1553 -0.3387
vn 0.9700 -0.2021 0.1353
vn 0.9298 -0.2151 0.2987
vn -0.7644 -0.0529 0.6425
vn -0.7227 -0.0657 0.6880
vn -0.9498 0.0517 0.3084
vn -0.9645 0.1811 -0.1921
vn -0.9334 0.2048 -0.2947
vn -0.1626 0.9116 -0.3775
vn -0.1245 0.9572 -0.2613
vn 0.0363 0.9767 0.2116
vn 0.1849 0.7600 0.6231
vn 0.2339 0.6172 0.7512
vn -0.4131 0.8747 -0.2536
vn -0.2373 0.9528 -0.1891
vn -0.0070 0.9654 0.2606
vn 0.1817 0.7415 0.6459
vn 0.2791 0.6080 0.7432
vn -0.3495 0.9007 -0.2579
vn -0.1877 0.9658 -0.1789
vn 0.0658 0.9653 0.2527
vn 0.2707 0.7323 0.6248
vn 0.3569 0.5969 0.7186
vn -0.2979 0.9158 -0.2692
vn -0.1463 0.9728 -0.1793
vn 0.1318 0.9634 0.2335
vn 0.3503 0.7241 0.5941
vn 0.4243 0.5887 0.6881
vn -0.2319 0.9227 -0.3081
vn -0.0975 0.9755 -0.1973
vn 0.2007 0.9598 0.1963
vn 0.4296 0.7167 0.5493
vn 0.4869 0.5841 0.6495
vn -0.1577 0.9138 -0.3743
vn -0.0453 0.9708 -0.2356
vn 0.2706 0.9524 0.1404
vn 0.5059 0.7099 0.4900
vn 0.5431 0.5789 0.6082
vn -0.0861 0.8835 -0.4604
vn 0.0100 0.9549 -0.2968
vn 0.3431 0.9372 0.0630
vn 0.5824 0.7002 0.4129
vn 0.5995 0.5733 0.5585
vn -0.0272 0.8315 -0.5549
vn 0.0637 0.9244 -0.3761
vn 0.4120 0.9106 -0.0322
vn 0.6535 0.6842 0.3236
vn 0.6489 0.5717 0.5021
vn 0.0134 0.7624 -0.6470
vn 0.1104 0.8770 -0.4676
vn 0.4721 0.8705 -0.1390
vn 0.7154 0.6610 0.2266
vn 0.6927 0.5721 0.4392
vn 0.0351 0.6833 -0.7293
vn 0.1448 0.8145 -0.5618
vn 0.5183 0.8185 -0.2479
vn 0.7643 0.6318 0.1289
vn 0.7321 0.5727 0.3689
vn 0.0396 0.6021 -0.7975
vn 0.1634 0.7428 -0.6493
vn 0.5476 0.7600 -0.3501
vn 0.7988 0.6005 0.0365
vn 0.7683 0.5702 0.2908
vn 0.0300 0.5247 -0.8508
vn 0.1665 0.6687 -0.7246
vn 0.5607 0.7011 -0.4406
vn 0.8198 0.5707 -0.0478
vn 0.8003 0.5625 0.2078
vn 0.0102 0.4529 -0.8915
vn 0.1571 0.5964 -0.7871
vn 0.5609 0.6444 -0.5198
vn 0.8304 0.5429 -0.1251
vn 0.8261 0.5497 0.1243
vn -0.0162 0.3854 -0.9226
vn 0.1391 0.5260 -0.8390
vn 0.5523 0.5889 -0.5901
vn 0.8338 0.5155 -0.1975
vn 0.8454 0.5324 0.0427
vn -0.0462 0.3197 -0.9464
vn 0.1157 0.4559 -0.8825
vn 0.5380 0.5323 -0.6537
vn 0.8326 0.4853 -0.2669
vn 0.8593 0.5102 -0.0365
vn -0.0778 0.2536 -0.9642
vn 0.0895 0.3839 -0.9190
vn 0.5205 0.4714 -0.7119
vn 0.8287 0.4493 -0.3338
vn 0.8694 0.4810 -0.1134
vn -0.1095 0.1851 -0.9766
vn 0.0624 0.3080 -0.9493
vn 0.5018 0.4034 -0.7651
vn 0.8234 0.4045 -0.3980
vn 0.8769 0.4425 -0.1877
vn -0.1401 0.1127 -0.9837
vn 0.0357 0.2263 -0.9734
vn 0.4832 0.3258 -0.8127
vn 0.8178 0.3479 -0.4585
vn 0.8830 0.3916 -0.2586
vn -0.1691 0.0353 -0.9850
vn 0.0101 0.1371 -0.9905
vn 0.4653 0.2359 -0.8531
vn 0.8124 0.2765 -0.5134
vn 0.8882 0.3256 -0.3241
vn -0.1963 -0.0484 -0.9793
vn -0.0139 0.0387 -0.9992
vn 0.4486 0.1312 -0.8841
vn 0.8072 0.1876 -0.5597
vn 0.8925 0.2412 -0.3812
vn -0.2224 -0.1369 -0.9653
vn -0.0375 -0.0677 -0.9970
vn 0.4318 0.0124 -0.9019
vn 0.8011 0.0810 -0.5930
vn 0.8945 0.1374 -0.4255
vn -0.2377 -0.2281 -0.9442
vn -0.0664 -0.1763 -0.9821
vn 0.4130 -0.1101 -0.9041
vn 0.7922 -0.0345 -0.6093
vn 0.8917 0.0212 -0.4522
vn -0.2554 -0.2789 -0.9257
vn -0.0947 -0.2580 -0.9615
vn 0.3929 -0.2196 -0.8930
vn 0.7803 -0.1440 -0.6085
vn 0.8831 -0.0935 -0.4599
vn -0.2780 -0.3158 -0.9072
vn -0.1092 -0.3178 -0.9418
vn 0.3768 -0.3034 -0.8752
vn 0.7691 -0.2344 -0.5945
vn 0.8712 -0.1936 -0.4511
vn -0.2862 -0.3248 -0.9014
vn -0.1093 -0.3444 -0.9325
vn 0.3740 -0.3498 -0.8589
vn 0.7662 -0.2954 -0.5707
vn 0.8617 -0.2694 -0.4300
vn -0.2702 -0.3058 -0.9129
vn -0.0849 -0.3383 -0.9372
vn 0.3951 -0.3616 -0.8445
vn 0.7786 -0.3249 -0.5368
vn 0.8615 -0.3144 -0.3988
vn -0.2181 -0.2552 -0.9420
vn -0.0221 -0.2906 -0.9566
vn 0.4514 -0.3290 -0.8295
vn 0.8114 -0.3182 -0.4903
vn 0.8772 -0.3236 -0.3546
vn -0.1140 -0.1624 -0.9801
vn 0.0929 -0.1876 -0.9779
vn 0.5533 -0.2438 -0.7965
vn 0.8662 -0.2758 -0.4168
vn 0.9113 -0.2979 -0.2842
vn 0.0649 0.0078 -0.9979
vn 0.2805 -0.0008 -0.9599
vn 0.7125 -0.1012 -0.6943
vn 0.9379 -0.2066 -0.2786
vn 0.9570 -0.2491 -0.1484
vn -0.1838 -0.1594 0.9699
vn -0.2703 -0.1493 0.9511
vn -0.7099 -0.0309 0.7036
vn -0.9429 0.1211 0.3102
vn -0.9646 0.1578 0.2112
vn -0.2158 0.8109 -0.5440
vn -0.1800 0.8839 -0.4316
vn -0.0259 0.9992 0.0320
vn 0.1301 0.8705 0.4747
vn 0.1866 0.7558 0.6277
vn -0.3457 0.8129 -0.4687
vn -0.2425 0.8992 -0.3643
vn -0.0227 0.9966 0.0791
vn 0.1671 0.8518 0.4965
vn 0.2436 0.7443 0.6218
vn -0.2618 0.8227 -0.5046
vn -0.1665 0.9106 -0.3782
vn 0.0802 0.9959 0.0420
vn 0.2884 0.8445 0.4513
vn 0.3485 0.7390 0.5766
vn -0.1990 0.8128 -0.5475
vn -0.1002 0.9031 -0.4177
vn 0.1792 0.9836 -0.0216
vn 0.4055 0.8309 0.3809
vn 0.4566 0.7290 0.5100
vn -0.1437 0.7915 -0.5940
vn -0.0320 0.8799 -0.4741
vn 0.2791 0.9547 -0.1030
vn 0.5177 0.8036 0.2936
vn 0.5675 0.7022 0.4299
vn -0.0964 0.7659 -0.6357
vn 0.0349 0.8445 -0.5345
vn 0.3724 0.9091 -0.1868
vn 0.6207 0.7570 0.2042
vn 0.6772 0.6527 0.3396
vn -0.0531 0.7384 -0.6722
vn 0.1012 0.8006 -0.5906
vn 0.4574 0.8500 -0.2613
vn 0.7062 0.6960 0.1298
vn 0.7679 0.5841 0.2631
vn -0.0045 0.7072 -0.7070
vn 0.1702 0.7496 -0.6396
vn 0.5366 0.7804 -0.3210
vn 0.7789 0.6229 0.0723
vn 0.8446 0.4944 0.2054
vn 0.0532 0.6714 -0.7392
vn 0.2416 0.6930 -0.6792
vn 0.6100 0.7045 -0.3627
vn 0.8380 0.5443 0.0381
vn 0.8997 0.4010 0.1723
vn 0.1203 0.6266 -0.7700
vn 0.3144 0.6301 -0.7100
vn 0.6780 0.6242 -0.3881
vn 0.8854 0.4642 0.0236
vn 0.9358 0.3126 0.1627
vn 0.1939 0.5664 -0.8010
vn 0.3855 0.5581 -0.7347
vn 0.7397 0.5393 -0.4025
vn 0.9228 0.3846 0.0221
vn 0.9567 0.2367 0.1694
vn 0.2671 0.4857 -0.8323
vn 0.4493 0.4747 -0.7568
vn 0.7923 0.4491 -0.4129
vn 0.9513 0.3071 0.0255
vn 0.9672 0.1768 0.1826
vn 0.3302 0.3836 -0.8625
vn 0.4997 0.3794 -0.7787
vn 0.8331 0.3541 -0.4249
vn 0.9728 0.2300 0.0283
vn 0.9739 0.1300 0.1861
vn 0.3741 0.2640 -0.8890
vn 0.5310 0.2751 -0.8015
vn 0.8601 0.2564 -0.4411
vn 0.9863 0.1632 0.0238
vn 0.9758 0.1081 0.1899
vn 0.3927 0.1348 -0.9097
vn 0.5389 0.1658 -0.8259
vn 0.8717 0.1585 -0.4637
vn 0.9953 0.0966 0.0041
vn 0.9791 0.0777 0.1879
vn 0.3698 0.0189 -0.9289
vn 0.5281 0.0616 -0.8469
vn 0.8677 0.0580 -0.4937
vn 0.9993 0.0281 -0.0259
vn 0.9845 0.0458 0.1695
vn 0.3164 -0.1042 -0.9429
vn 0.4988 -0.0453 -0.8655
vn 0.8477 -0.0382 -0.5290
vn 0.9970 -0.0405 -0.0663
vn 0.9908 0.0061 0.1351
vn 0.2544 -0.1938 -0.9475
vn 0.4474 -0.1337 -0.8843
vn 0.8136 -0.1252 -0.5678
vn 0.9876 -0.1075 -0.1144
vn 0.9952 -0.0436 0.0879
vn 0.2016 -0.2703 -0.9414
vn 0.3753 -0.2090 -0.9030
vn 0.7692 -0.1979 -0.6076
vn 0.9713 -0.1696 -0.1665
vn 0.9943 -0.1014 0.0332
vn 0.1573 -0.2781 -0.9476
vn 0.3030 -0.2420 -0.9218
vn 0.7208 -0.2521 -0.6457
vn 0.9504 -0.2224 -0.2174
vn 0.9866 -0.1614 -0.0230
vn 0.0978 -0.2769 -0.9559
vn 0.2502 -0.2631 -0.9318
vn 0.6771 -0.2856 -0.6782
vn 0.9293 -0.2612 -0.2612
vn 0.9738 -0.2154 -0.0736
vn 0.0554 -0.2613 -0.9637
vn 0.2169 -0.2679 -0.9387
vn 0.6469 -0.3000 -0.7011
vn 0.9137 -0.2830 -0.2915
vn 0.9607 -0.2544 -0.1110
vn 0.0362 -0.2438 -0.9691
vn 0.2070 -0.2628 -0.9424
vn 0.6366 -0.2988 -0.7110
vn 0.9083 -0.2876 -0.3036
vn 0.9534 -0.2726 -0.1294
vn 0.0431 -0.2313 -0.9719
vn 0.2205 -0.2542 -0.9417
vn 0.6475 -0.2851 -0.7067
vn 0.9156 -0.2742 -0.2941
vn 0.9551 -0.2686 -0.1249
vn 0.0766 -0.2246 -0.9714
vn 0.2567 -0.2453 -0.9348
vn 0.6761 -0.2678 -0.6865
vn 0.9321 -0.2497 -0.2623
vn 0.9651 -0.2435 -0.0963
vn 0.1328 -0.2207 -0.9663
vn 0.3120 -0.2341 -0.9208
vn 0.7197 -0.2408 -0.6512
vn 0.9541 -0.2104 -0.2134
vn 0.9788 -0.1998 -0.0451
vn 0.2033 -0.2144 -0.9554
vn 0.3786 -0.2179 -0.8996
vn 0.7702 -0.2045 -0.6041
vn 0.9757 -0.1583 -0.1512
vn 0.9898 -0.1406 0.0243
vn 0.2733 -0.2014 -0.9406
vn 0.4444 -0.1945 -0.8745
vn 0.8184 -0.1543 -0.5536
vn 0.9928 -0.0895 -0.0801
vn 0.9916 -0.0671 0.1108
vn 0.3069 -0.1813 -0.9343
vn 0.4882 -0.1616 -0.8576
vn 0.8561 -0.0916 -0.5086
vn 0.9984 0.0075 0.0555
vn 0.9457 0.0471 0.3216
vn -0.4002 0.1588 0.9025
vn -0.4649 0.1497 0.8726
vn -0.8393 0.0673 0.5394
vn -0.9798 -0.0083 0.1999
vn -0.9858 -0.0170 0.1670
vn -0.1753 0.8920 -0.4167
vn -0.1220 0.9596 -0.2534
vn 0.0343 0.9780 0.2059
vn 0.1876 0.7533 0.6303
vn 0.2267 0.6415 0.7328
vn -0.1208 0.9051 -0.4077
vn -0.0428 0.9690 -0.2432
vn 0.1369 0.9672 0.2140
vn 0.2942 0.7316 0.6150
vn 0.3493 0.6127 0.7089
vn -0.0828 0.9095 -0.4074
vn -0.0230 0.9683 -0.2489
vn 0.1680 0.9640 0.2060
vn 0.3276 0.7290 0.6011
vn 0.3670 0.5971 0.7133
vn -0.0549 0.8965 -0.4396
vn 0.0057 0.9609 -0.2770
vn 0.2166 0.9618 0.1677
vn 0.3789 0.7337 0.5641
vn 0.4053 0.5995 0.6902
vn -0.0156 0.8677 -0.4969
vn 0.0490 0.9445 -0.3247
vn 0.2765 0.9550 0.1071
vn 0.4427 0.7387 0.5082
vn 0.4579 0.6081 0.6485
vn 0.0205 0.8338 -0.5517
vn 0.0969 0.9171 -0.3867
vn 0.3470 0.9374 0.0307
vn 0.5178 0.7351 0.4377
vn 0.5265 0.6124 0.5896
vn 0.0562 0.7968 -0.6016
vn 0.1518 0.8780 -0.4540
vn 0.4246 0.9039 -0.0524
vn 0.5987 0.7149 0.3612
vn 0.6082 0.6015 0.5180
vn 0.0941 0.7632 -0.6393
vn 0.2113 0.8298 -0.5165
vn 0.5027 0.8549 -0.1283
vn 0.6764 0.6760 0.2924
vn 0.6940 0.5666 0.4441
vn 0.1294 0.7364 -0.6640
vn 0.2736 0.7816 -0.5606
vn 0.5772 0.7963 -0.1813
vn 0.7430 0.6228 0.2451
vn 0.7687 0.5060 0.3912
vn 0.1778 0.7053 -0.6863
vn 0.3460 0.7286 -0.5912
vn 0.6532 0.7258 -0.2155
vn 0.8049 0.5530 0.2153
vn 0.8320 0.4212 0.3611
vn 0.2389 0.6724 -0.7006
vn 0.4214 0.6716 -0.6095
vn 0.7259 0.6473 -0.2327
vn 0.8577 0.4724 0.2030
vn 0.8773 0.3279 0.3505
vn 0.3096 0.6333 -0.7093
vn 0.4979 0.6088 -0.6176
vn 0.7929 0.5619 -0.2357
vn 0.8996 0.3853 0.2057
vn 0.9052 0.2324 0.3558
vn 0.3860 0.5845 -0.7137
vn 0.5728 0.5390 -0.6176
vn 0.8523 0.4711 -0.2273
vn 0.9297 0.2952 0.2200
vn 0.9171 0.1399 0.3733
vn 0.4636 0.5239 -0.7145
vn 0.6428 0.4616 -0.6114
vn 0.9022 0.3762 -0.2108
vn 0.9481 0.2053 0.2426
vn 0.9153 0.0543 0.3990
vn 0.5376 0.4501 -0.7130
vn 0.7047 0.3766 -0.6014
vn 0.9415 0.2786 -0.1895
vn 0.9557 0.1181 0.2698
vn 0.9031 -0.0214 0.4288
vn 0.6017 0.3688 -0.7085
vn 0.7546 0.2899 -0.5886
vn 0.9688 0.1845 -0.1657
vn 0.9535 0.0383 0.2989
vn 0.8841 -0.0848 0.4594
vn 0.6523 0.2933 -0.6989
vn 0.7925 0.2120 -0.5719
vn 0.9850 0.1030 -0.1385
vn 0.9437 -0.0290 0.3296
vn 0.8611 -0.1366 0.4897
vn 0.6925 0.2303 -0.6837
vn 0.8222 0.1472 -0.5499
vn 0.9936 0.0366 -0.1073
vn 0.9285 -0.0839 0.3618
vn 0.8351 -0.1804 0.5197
vn 0.7267 0.1793 -0.6632
vn 0.8473 0.0946 -0.5227
vn 0.9973 -0.0168 -0.0718
vn 0.9092 -0.1294 0.3956
vn 0.8063 -0.2187 0.5496
vn 0.7581 0.1393 -0.6371
vn 0.8703 0.0529 -0.4896
vn 0.9977 -0.0596 -0.0317
vn 0.8864 -0.1682 0.4314
vn 0.7745 -0.2534 0.5795
vn 0.7889 0.1083 -0.6049
vn 0.8929 0.0207 -0.4498
vn 0.9955 -0.0940 0.0138
vn 0.8596 -0.2026 0.4691
vn 0.7393 -0.2860 0.6096
vn 0.8206 0.0844 -0.5652
vn 0.9157 -0.0029 -0.4018
vn 0.9904 -0.1216 0.0655
vn 0.8229 -0.2437 0.5132
vn 0.7092 -0.3278 0.6242
vn 0.8539 0.0638 -0.5165
vn 0.9385 -0.0201 -0.3446
vn 0.9817 -0.1447 0.1237
vn 0.7807 -0.2688 0.5641
vn 0.6815 -0.3388 0.6487
vn 0.8879 0.0407 -0.4583
vn 0.9595 -0.0364 -0.2794
vn 0.9681 -0.1669 0.1868
vn 0.7373 -0.2989 0.6058
vn 0.6331 -0.3643 0.6830
vn 0.9191 0.0128 -0.3939
vn 0.9758 -0.0551 -0.2116
vn 0.9492 -0.1901 0.2507
vn 0.6900 -0.3262 0.6461
vn 0.5788 -0.3848 0.7190
vn 0.9444 -0.0167 -0.3283
vn 0.9864 -0.0753 -0.1460
vn 0.9263 -0.2133 0.3107
vn 0.6418 -0.3508 0.6819
vn 0.5214 -0.4023 0.7525
vn 0.9627 -0.0442 -0.2669
vn 0.9917 -0.0950 -0.0872
vn 0.9018 -0.2350 0.3627
vn 0.5966 -0.3723 0.7110
vn 0.4656 -0.4185 0.7798
vn 0.9744 -0.0665 -0.2148
vn 0.9930 -0.1118 -0.0391
vn 0.8790 -0.2538 0.4036
vn 0.5583 -0.3909 0.7318
vn 0.4168 -0.4345 0.7984
vn 0.8609 -0.0904 -0.5007
vn 0.9923 -0.1237 -0.0037
vn 0.8596 -0.2667 0.4358
vn 0.5265 -0.4050 0.7475
vn 0.3762 -0.4526 0.8085
vn 0.2000 -0.0691 -0.9774
vn -0.3904 0.0443 -0.9196
vn -0.8702 0.2602 -0.4183
vn -0.5252 0.4027 -0.7496
vn -0.4136 0.4350 -0.7998
vn -0.1503 0.9285 -0.3397
vn -0.1271 0.9547 -0.2690
vn 0.0357 0.9770 0.2100
vn 0.1812 0.7688 0.6133
vn 0.2299 0.6309 0.7410
vn -0.4333 0.8901 -0.1416
vn -0.1829 0.9615 -0.2051
vn 0.1144 0.9697 0.2159
vn 0.3257 0.7479 0.5784
vn 0.4228 0.6088 0.6713
vn -0.2836 0.9461 -0.1562
vn -0.0395 0.9701 -0.2396
vn 0.3197 0.9398 0.1205
vn 0.5555 0.6960 0.4549
vn 0.6451 0.5422 0.5383
vn -0.0993 0.9540 -0.2829
vn 0.1034 0.9403 -0.3243
vn 0.4940 0.8694 -0.0143
vn 0.7310 0.6077 0.3104
vn 0.8010 0.4473 0.3979
vn 0.0476 0.8947 -0.4441
vn 0.2228 0.8719 -0.4361
vn 0.6185 0.7708 -0.1529
vn 0.8431 0.5057 0.1828
vn 0.8881 0.3564 0.2902
vn 0.1398 0.7977 -0.5866
vn 0.3074 0.7791 -0.5464
vn 0.6953 0.6659 -0.2704
vn 0.9053 0.4151 0.0904
vn 0.9290 0.2946 0.2241
vn 0.1912 0.6862 -0.7018
vn 0.3574 0.6799 -0.6403
vn 0.7371 0.5728 -0.3586
vn 0.9373 0.3473 0.0294
vn 0.9466 0.2651 0.1836
vn 0.2145 0.5706 -0.7927
vn 0.3817 0.5792 -0.7203
vn 0.7588 0.4891 -0.4301
vn 0.9540 0.2993 -0.0155
vn 0.9540 0.2590 0.1512
vn 0.2177 0.4549 -0.8635
vn 0.3880 0.4807 -0.7863
vn 0.7659 0.4156 -0.4906
vn 0.9621 0.2671 -0.0556
vn 0.9570 0.2659 0.1157
vn 0.2059 0.3396 -0.9178
vn 0.3801 0.3837 -0.8416
vn 0.7621 0.3479 -0.5460
vn 0.9623 0.2516 -0.1035
vn 0.9532 0.2862 0.0969
vn 0.1821 0.2244 -0.9573
vn 0.3608 0.2860 -0.8877
vn 0.7498 0.2806 -0.5992
vn 0.9607 0.2258 -0.1612
vn 0.9589 0.2773 0.0606
vn 0.1488 0.1086 -0.9829
vn 0.3318 0.1852 -0.9250
vn 0.7302 0.2090 -0.6505
vn 0.9562 0.1966 -0.2167
vn 0.9617 0.2741 0.0034
vn 0.1083 -0.0085 -0.9941
vn 0.2952 0.0792 -0.9521
vn 0.7044 0.1288 -0.6980
vn 0.9487 0.1561 -0.2749
vn 0.9652 0.2543 -0.0608
vn 0.0625 -0.1245 -0.9902
vn 0.2526 -0.0311 -0.9671
vn 0.6733 0.0390 -0.7383
vn 0.9380 0.1016 -0.3315
vn 0.9686 0.2136 -0.1275
vn 0.0137 -0.2322 -0.9726
vn 0.2055 -0.1396 -0.9686
vn 0.6379 -0.0559 -0.7681
vn 0.9236 0.0354 -0.3817
vn 0.9698 0.1527 -0.1903
vn -0.0358 -0.3231 -0.9457
vn 0.1562 -0.2380 -0.9586
vn 0.5995 -0.1485 -0.7865
vn 0.9057 -0.0370 -0.4222
vn 0.9667 0.0775 -0.2437
vn -0.0666 -0.4017 -0.9133
vn 0.1007 -0.3257 -0.9401
vn 0.5603 -0.2310 -0.7954
vn 0.8853 -0.1088 -0.4522
vn 0.9586 -0.0039 -0.2848
vn -0.0963 -0.4240 -0.9005
vn 0.0493 -0.3754 -0.9256
vn 0.5238 -0.2966 -0.7985
vn 0.8642 -0.1733 -0.4723
vn 0.9461 -0.0830 -0.3131
vn -0.1364 -0.4345 -0.8903
vn 0.0187 -0.4042 -0.9145
vn 0.4942 -0.3384 -0.8008
vn 0.8455 -0.2235 -0.4850
vn 0.9314 -0.1517 -0.3309
vn -0.1642 -0.4130 -0.8958
vn 0.0032 -0.3984 -0.9172
vn 0.4769 -0.3496 -0.8064
vn 0.8324 -0.2533 -0.4930
vn 0.9180 -0.2021 -0.3411
vn -0.1740 -0.3530 -0.9193
vn 0.0062 -0.3457 -0.9383
vn 0.4784 -0.3143 -0.8200
vn 0.8302 -0.2518 -0.4973
vn 0.9102 -0.2272 -0.3464
vn -0.1586 -0.2415 -0.9573
vn 0.0330 -0.2343 -0.9716
vn 0.5041 -0.2300 -0.8324
vn 0.8434 -0.2176 -0.4913
vn 0.9124 -0.2211 -0.3445
vn -0.1081 -0.0616 -0.9922
vn 0.0940 -0.0478 -0.9944
vn 0.5623 -0.0856 -0.8225
vn 0.8744 -0.1499 -0.4615
vn 0.9285 -0.1852 -0.3219
vn -0.0127 0.2011 -0.9795
vn 0.2050 0.2121 -0.9555
vn 0.6661 0.0978 -0.7394
vn 0.9265 -0.0697 -0.3699
vn 0.9611 -0.1384 -0.2390
vn -0.1339 -0.3775 0.9163
vn -0.2051 -0.3691 0.9065
vn -0.6618 -0.2301 0.7135
vn -0.9280 -0.0161 0.3723
vn -0.9577 0.0370 0.2854
vn -0.4816 0.8674 0.1252
vn -0.2525 0.9512 0.1772
vn 0.2363 0.9614 0.1409
vn 0.6530 0.7473 0.1229
vn 0.8130 0.5226 0.2567
vn -0.6001 0.7945 -0.0933
vn -0.3885 0.9213 -0.0147
vn 0.0771 0.9961 -0.0434
vn 0.5313 0.8463 -0.0380
vn 0.7302 0.6639 0.1614
vn -0.7026 0.6006 -0.3817
vn -0.5090 0.7919 -0.3374
vn -0.0544 0.9133 -0.4036
vn 0.4148 0.8392 -0.3518
vn 0.6227 0.7759 -0.1011
vn -0.7625 0.3901 -0.5163
vn -0.5945 0.5831 -0.5537
vn -0.1523 0.7126 -0.6848
vn 0.3385 0.6879 -0.6421
vn 0.4989 0.7173 -0.4863
vn -0.8024 0.2568 -0.5388
vn -0.6551 0.4084 -0.6357
vn -0.2246 0.5206 -0.8237
vn 0.2793 0.5345 -0.7977
vn 0.3961 0.6015 -0.6938
vn -0.8329 0.1879 -0.5206
vn -0.7003 0.3020 -0.6468
vn -0.2818 0.3934 -0.8751
vn 0.2193 0.4161 -0.8825
vn 0.3515 0.4707 -0.8093
vn -0.8568 0.1518 -0.4929
vn -0.7355 0.2403 -0.6335
vn -0.3285 0.3147 -0.8905
vn 0.1694 0.3362 -0.9264
vn 0.3125 0.3798 -0.8707
vn -0.8757 0.1312 -0.4647
vn -0.7631 0.2024 -0.6138
vn -0.3671 0.2628 -0.8923
vn 0.1274 0.2803 -0.9514
vn 0.2783 0.3154 -0.9073
vn -0.8905 0.1152 -0.4402
vn -0.7858 0.1729 -0.5938
vn -0.3989 0.2232 -0.8894
vn 0.0917 0.2362 -0.9674
vn 0.2482 0.2649 -0.9318
vn -0.9023 0.0964 -0.4202
vn -0.3234 0.1988 -0.9251
vn -0.4274 0.1842 -0.8851
vn 0.0608 0.1946 -0.9790
vn 0.2217 0.2187 -0.9503
vn -0.9128 0.0680 -0.4028
vn -0.8192 0.1079 -0.5633
vn -0.4492 0.1400 -0.8824
vn 0.0308 0.1514 -0.9880
vn 0.2054 0.1755 -0.9628
vn -0.9206 0.0315 -0.3892
vn -0.8318 0.0603 -0.5518
vn -0.4691 0.0821 -0.8793
vn 0.0049 0.0901 -0.9959
vn 0.1907 0.1094 -0.9755
vn -0.9265 -0.0216 -0.3757
vn -0.8412 -0.0028 -0.5407
vn -0.4847 0.0061 -0.8747
vn -0.0131 0.0151 -0.9998
vn 0.1719 0.0346 -0.9845
vn -0.9271 -0.0927 -0.3632
vn -0.8474 -0.0840 -0.5243
vn -0.4947 -0.0884 -0.8645
vn -0.0254 -0.0771 -0.9967
vn 0.1582 -0.0563 -0.9858
vn -0.9241 -0.1617 -0.3463
vn -0.8480 -0.1688 -0.5023
vn -0.4978 -0.1915 -0.8459
vn -0.0302 -0.1770 -0.9837
vn 0.1513 -0.1548 -0.9763
vn -0.9182 -0.2312 -0.3216
vn -0.8413 -0.2528 -0.4779
vn -0.4936 -0.2905 -0.8198
vn -0.0268 -0.2716 -0.9620
vn 0.1521 -0.2485 -0.9566
vn -0.9089 -0.2913 -0.2985
vn -0.8296 -0.3249 -0.4541
vn -0.4817 -0.3737 -0.7926
vn -0.0153 -0.3508 -0.9363
vn 0.1608 -0.3275 -0.9311
vn -0.8969 -0.3399 -0.2828
vn -0.8139 -0.3833 -0.4367
vn -0.4637 -0.4359 -0.7713
vn 0.0049 -0.4059 -0.9139
vn 0.1769 -0.3847 -0.9059
vn -0.8826 -0.3773 -0.2805
vn -0.7944 -0.4253 -0.4337
vn -0.4396 -0.4757 -0.7619
vn 0.0339 -0.4355 -0.8996
vn 0.2002 -0.4147 -0.8877
vn -0.8613 -0.4167 -0.2909
vn -0.7728 -0.4529 -0.4446
vn -0.4086 -0.4850 -0.7732
vn 0.0701 -0.4307 -0.8997
vn 0.2311 -0.4114 -0.8817
vn -0.2524 -0.5474 -0.7979
vn -0.7628 -0.4346 -0.4789
vn -0.3713 -0.4534 -0.8103
vn 0.1146 -0.3820 -0.9170
vn 0.2705 -0.3647 -0.8910
vn -0.8347 -0.3661 -0.4114
vn -0.7168 -0.3859 -0.5807
vn -0.3247 -0.3588 -0.8751
vn 0.1686 -0.2706 -0.9478
vn 0.3203 -0.2572 -0.9117
vn -0.8026 -0.2723 -0.5308
vn -0.6843 -0.2452 -0.6868
vn -0.2668 -0.1641 -0.9497
vn 0.2379 -0.0719 -0.9686
vn 0.3883 -0.0683 -0.9190
vn -0.7812 -0.0381 -0.6232
vn -0.6452 0.0434 -0.7628
vn -0.1727 0.1758 -0.9692
vn 0.3517 0.2299 -0.9075
vn 0.5085 0.2050 -0.8363
vn 0.6870 -0.2086 0.6961
vn 0.6665 -0.2193 0.7125
vn 0.2376 -0.3709 0.8978
vn -0.1681 -0.4349 0.8847
vn -0.2358 -0.4417 0.8656
vn 0.5751 0.7882 -0.2192
vn 0.5315 0.8470 0.0088
vn 0.4279 0.7615 0.4869
vn 0.2024 0.5292 0.8240
vn 0.0222 0.4279 0.9035
vn 0.6469 0.7104 -0.2772
vn 0.6242 0.7787 -0.0639
vn 0.5723 0.7085 0.4129
vn 0.3770 0.4849 0.7892
vn 0.2097 0.3890 0.8971
vn 0.7136 0.6106 -0.3434
vn 0.7367 0.6621 -0.1377
vn 0.7475 0.5710 0.3393
vn 0.5821 0.3498 0.7341
vn 0.4452 0.2642 0.8556
vn 0.7454 0.5340 -0.3990
vn 0.8047 0.5556 -0.2092
vn 0.8609 0.4376 0.2595
vn 0.7172 0.2131 0.6635
vn 0.5993 0.1290 0.7901
vn 0.7681 0.4644 -0.4409
vn 0.8439 0.4614 -0.2738
vn 0.9292 0.3191 0.1865
vn 0.7988 0.0904 0.5947
vn 0.6932 0.0048 0.7207
vn 0.7797 0.4121 -0.4715
vn 0.8646 0.3847 -0.3231
vn 0.9674 0.2189 0.1270
vn 0.8431 -0.0113 0.5376
vn 0.7434 -0.0974 0.6617
vn 0.7870 0.3553 -0.5044
vn 0.8787 0.3140 -0.3596
vn 0.9874 0.1356 0.0818
vn 0.8639 -0.0920 0.4951
vn 0.7659 -0.1763 0.6183
vn 0.7928 0.2995 -0.5309
vn 0.8867 0.2507 -0.3885
vn 0.9966 0.0668 0.0488
vn 0.8713 -0.1537 0.4661
vn 0.7726 -0.2337 0.5903
vn 0.7964 0.2440 -0.5534
vn 0.8903 0.1922 -0.4128
vn 0.9997 0.0096 0.0244
vn 0.8719 -0.1984 0.4477
vn 0.7716 -0.2720 0.5750
vn 0.7967 0.1887 -0.5742
vn 0.8898 0.1383 -0.4348
vn 0.9993 -0.0363 0.0048
vn 0.8705 -0.2276 0.4363
vn 0.7686 -0.2935 0.5684
vn 0.7922 0.1340 -0.5954
vn 0.8849 0.0876 -0.4575
vn 0.9973 -0.0725 -0.0139
vn 0.8707 -0.2423 0.4280
vn 0.7679 -0.2996 0.5662
vn 0.7814 0.0797 -0.6190
vn 0.8745 0.0392 -0.4834
vn 0.9943 -0.0999 -0.0359
vn 0.8751 -0.2433 0.4184
vn 0.7728 -0.2914 0.5638
vn 0.7621 0.0249 -0.6469
vn 0.8572 -0.0083 -0.5149
vn 0.9906 -0.1199 -0.0662
vn 0.8856 -0.2318 0.4024
vn 0.7862 -0.2697 0.5560
vn 0.7322 -0.0360 -0.6801
vn 0.8296 -0.0603 -0.5551
vn 0.9842 -0.1357 -0.1139
vn 0.9045 -0.2075 0.3725
vn 0.8102 -0.2331 0.5378
vn -0.7036 0.0741 0.7067
vn -0.7937 0.0883 0.6019
vn -0.9833 0.1473 0.1069
vn -0.8947 0.1935 -0.4027
vn -0.8380 0.2014 -0.5071
vn -0.2430 0.8917 -0.3818
vn -0.1889 0.9554 -0.2271
vn 0.0096 0.9765 0.2151
vn 0.2045 0.7592 0.6179
vn 0.2313 0.6265 0.7443
vn -0.3102 0.8869 -0.3424
vn -0.2498 0.9504 -0.1856
vn -0.0214 0.9697 0.2435
vn 0.2083 0.7514 0.6261
vn 0.2451 0.6227 0.7431
vn -0.3734 0.8786 -0.2978
vn -0.3057 0.9414 -0.1426
vn -0.0579 0.9592 0.2768
vn 0.1981 0.7423 0.6401
vn 0.2562 0.6144 0.7463
vn -0.4362 0.8639 -0.2518
vn -0.3607 0.9272 -0.1014
vn -0.1019 0.9445 0.3124
vn 0.1737 0.7316 0.6592
vn 0.2545 0.6052 0.7543
vn -0.5002 0.8406 -0.2080
vn -0.4173 0.9064 -0.0659
vn -0.1531 0.9253 0.3469
vn 0.1364 0.7184 0.6822
vn 0.2384 0.5956 0.7671
vn -0.5656 0.8069 -0.1705
vn -0.4782 0.8775 -0.0374
vn -0.2163 0.8993 0.3802
vn 0.0842 0.7004 0.7087
vn 0.2065 0.5846 0.7846
vn -0.6312 0.7623 -0.1429
vn -0.5418 0.8403 -0.0178
vn -0.2897 0.8654 0.4089
vn 0.0172 0.6768 0.7360
vn 0.1575 0.5703 0.8062
vn -0.6892 0.7095 -0.1472
vn -0.6012 0.7991 -0.0056
vn -0.3720 0.8223 0.4306
vn -0.0640 0.6451 0.7614
vn 0.0910 0.5499 0.8303
vn -0.7536 0.6369 -0.1628
vn -0.6654 0.7465 -0.0006
vn -0.4606 0.7695 0.4424
vn -0.1575 0.6032 0.7819
vn 0.0074 0.5198 0.8542
vn -0.7964 0.5746 -0.1885
vn -0.7233 0.6903 -0.0151
vn -0.5512 0.7078 0.4418
vn -0.2596 0.5497 0.7940
vn -0.0905 0.4772 0.8741
vn -0.8235 0.5197 -0.2273
vn -0.7726 0.6335 -0.0424
vn -0.6390 0.6394 0.4276
vn -0.3653 0.4849 0.7946
vn -0.1984 0.4201 0.8855
vn -0.8343 0.4788 -0.2734
vn -0.8106 0.5801 -0.0795
vn -0.7194 0.5676 0.4004
vn -0.4688 0.4104 0.7822
vn -0.3100 0.3489 0.8844
vn -0.8419 0.4453 -0.3048
vn -0.8392 0.5286 -0.1279
vn -0.7888 0.4959 0.3632
vn -0.5639 0.3295 0.7572
vn -0.4174 0.2662 0.8688
vn -0.8300 0.4483 -0.3319
vn -0.8527 0.4925 -0.1744
vn -0.8462 0.4256 0.3206
vn -0.6456 0.2464 0.7228
vn -0.5125 0.1777 0.8401
vn -0.8220 0.4340 -0.3688
vn -0.8675 0.4516 -0.2085
vn -0.8921 0.3566 0.2775
vn -0.7107 0.1643 0.6840
vn -0.5894 0.0892 0.8029
vn -0.8198 0.4122 -0.3974
vn -0.8824 0.4064 -0.2370
vn -0.9278 0.2873 0.2381
vn -0.7581 0.0855 0.6465
vn -0.6451 0.0053 0.7641
vn -0.8257 0.3771 -0.4196
vn -0.8987 0.3531 -0.2602
vn -0.9544 0.2164 0.2055
vn -0.7884 0.0113 0.6150
vn -0.6793 -0.0707 0.7304
vn -0.8387 0.3253 -0.4367
vn -0.9159 0.2892 -0.2786
vn -0.9729 0.1427 0.1820
vn -0.8030 -0.0569 0.5933
vn -0.6937 -0.1361 0.7073
vn -0.8560 0.2562 -0.4490
vn -0.9325 0.2129 -0.2918
vn -0.9835 0.0663 0.1683
vn -0.8037 -0.1167 0.5834
vn -0.6911 -0.1880 0.6978
vn -0.8736 0.1715 -0.4554
vn -0.9461 0.1266 -0.2980
vn -0.9863 -0.0094 0.1644
vn -0.7935 -0.1651 0.5857
vn -0.6755 -0.2239 0.7025
vn -0.8877 0.0757 -0.4541
vn -0.9546 0.0334 -0.2961
vn -0.9822 -0.0814 0.1692
vn -0.7759 -0.1992 0.5985
vn -0.6517 -0.2417 0.7189
vn -0.8960 -0.0244 -0.4434
vn -0.9566 -0.0579 -0.2855
vn -0.9730 -0.1423 0.1817
vn -0.7554 -0.2170 0.6183
vn -0.6252 -0.2409 0.7424
vn -0.8992 -0.1269 -0.4188
vn -0.9517 -0.1503 -0.2678
vn -0.9608 -0.1955 0.1967
vn -0.7366 -0.2173 0.6404
vn -0.5996 -0.2210 0.7692
vn 0.8505 0.1723 0.4969
vn 0.9171 0.1877 0.3518
vn 0.9572 0.2197 -0.1883
vn 0.7260 0.2107 -0.6547
vn 0.6437 0.2036 -0.7377
vn -0.7241 0.6492 -0.2328
vn -0.6396 0.7633 -0.0916
vn -0.2828 0.9406 0.1877
vn 0.1647 0.8868 0.4319
vn 0.2827 0.8089 0.5155
vn -0.7096 0.6847 -0.1663
vn -0.6129 0.7902 -0.0075
vn -0.2427 0.9298 0.2769
vn 0.1934 0.8512 0.4879
vn 0.3276 0.7602 0.5610
vn -0.6943 0.7151 -0.0813
vn -0.6014 0.7925 0.1011
vn -0.2340 0.8839 0.4050
vn 0.1827 0.7668 0.6153
vn 0.3262 0.6379 0.6976
vn -0.6940 0.7193 0.0303
vn -0.6056 0.7603 0.2349
vn -0.2426 0.7967 0.5536
vn 0.1680 0.6426 0.7476
vn 0.3068 0.4908 0.8155
vn -0.7130 0.6807 0.1680
vn -0.6295 0.6744 0.3859
vn -0.2726 0.6491 0.7102
vn 0.1348 0.4627 0.8762
vn 0.2724 0.2897 0.9175
vn -0.7547 0.5735 0.3185
vn -0.6725 0.5150 0.5315
vn -0.3202 0.4253 0.8465
vn 0.0897 0.2184 0.9717
vn 0.2326 0.0329 0.9720
vn -0.8029 0.3950 0.4466
vn -0.7133 0.3001 0.6333
vn -0.3572 0.1561 0.9209
vn 0.0632 -0.0524 0.9966
vn 0.2144 -0.2278 0.9498
vn -0.8163 0.2354 0.5274
vn -0.7127 0.1466 0.6859
vn -0.3363 -0.0191 0.9416
vn 0.1062 -0.2206 0.9696
vn 0.2371 -0.3548 0.9044
vn -0.8031 0.1523 0.5761
vn -0.6907 0.0827 0.7184
vn -0.2953 -0.0746 0.9525
vn 0.1713 -0.2419 0.9551
vn 0.3006 -0.3116 0.9014
vn -0.7984 0.0845 0.5961
vn -0.6844 0.0329 0.7284
vn -0.2789 -0.1131 0.9537
vn 0.1899 -0.2573 0.9475
vn 0.3425 -0.3067 0.8880
vn -0.8072 0.0335 0.5893
vn -0.6973 -0.0036 0.7168
vn -0.2879 -0.1381 0.9476
vn 0.1831 -0.2652 0.9466
vn 0.3513 -0.3020 0.8862
vn -0.8305 -0.0003 0.5571
vn -0.7298 -0.0310 0.6829
vn -0.3252 -0.1591 0.9321
vn 0.1488 -0.2709 0.9510
vn 0.3278 -0.2978 0.8966
vn -0.8670 -0.0178 0.4980
vn -0.7769 -0.0502 0.6276
vn -0.3924 -0.1727 0.9034
vn 0.0835 -0.2709 0.9590
vn 0.2706 -0.2924 0.9172
vn -0.9146 -0.0185 0.4039
vn -0.8346 -0.0614 0.5475
vn -0.4851 -0.2079 0.8494
vn -0.0291 -0.3222 0.9462
vn 0.1542 -0.3412 0.9273
vn -0.9522 -0.0025 0.3056
vn -0.8884 -0.0751 0.4529
vn -0.5775 -0.2824 0.7660
vn -0.1488 -0.4321 0.8895
vn 0.0211 -0.4600 0.8877
vn -0.9732 0.0300 0.2281
vn -0.9262 -0.0726 0.3699
vn -0.6540 -0.3456 0.6729
vn -0.2550 -0.5358 0.8049
vn -0.0994 -0.5739 0.8129
vn -0.9820 0.0708 0.1749
vn -0.9506 -0.0571 0.3050
vn -0.7127 -0.3874 0.5848
vn -0.3494 -0.6114 0.7100
vn -0.2146 -0.6576 0.7222
vn -0.9833 0.1160 0.1399
vn -0.9656 -0.0346 0.2575
vn -0.7566 -0.4158 0.5046
vn -0.4482 -0.6537 0.6098
vn -0.3589 -0.6934 0.6249
vn -0.4843 0.7718 -0.4120
vn -0.9712 0.2102 0.1122
vn -0.7886 -0.4357 0.4339
vn -0.6676 -0.5698 0.4792
vn -0.7483 -0.4763 0.4617
vn 0.9817 -0.0820 -0.1716
vn 0.9761 0.0093 -0.2172
vn 0.7780 0.4746 -0.4117
vn -0.2375 0.8890 -0.3916
vn -0.5713 0.7785 -0.2600
vn -0.0881 0.9082 -0.4091
vn -0.0962 0.9637 -0.2492
vn 0.0435 0.9727 0.2278
vn 0.1923 0.7485 0.6347
vn 0.2145 0.6097 0.7631
vn -0.1505 0.9157 -0.3725
vn -0.1575 0.9652 -0.2089
vn -0.0234 0.9633 0.2675
vn 0.1330 0.7324 0.6678
vn 0.1630 0.5910 0.7901
vn -0.1970 0.9187 -0.3424
vn -0.2115 0.9614 -0.1759
vn -0.0860 0.9493 0.3024
vn 0.0772 0.7131 0.6968
vn 0.1142 0.5700 0.8136
vn -0.2426 0.9177 -0.3146
vn -0.2646 0.9532 -0.1460
vn -0.1485 0.9308 0.3341
vn 0.0207 0.6902 0.7233
vn 0.0649 0.5465 0.8350
vn -0.2859 0.9135 -0.2894
vn -0.3151 0.9415 -0.1195
vn -0.2093 0.9083 0.3623
vn -0.0352 0.6640 0.7469
vn 0.0158 0.5201 0.8539
vn -0.3260 0.9070 -0.2665
vn -0.3625 0.9270 -0.0963
vn -0.2676 0.8825 0.3869
vn -0.0899 0.6348 0.7675
vn -0.0328 0.4910 0.8705
vn -0.3633 0.8987 -0.2456
vn -0.4070 0.9103 -0.0758
vn -0.3234 0.8537 0.4082
vn -0.1431 0.6025 0.7852
vn -0.0810 0.4589 0.8848
vn -0.3991 0.8886 -0.2260
vn -0.4499 0.8912 -0.0576
vn -0.3775 0.8219 0.4267
vn -0.1954 0.5670 0.8002
vn -0.1289 0.4233 0.8968
vn -0.4346 0.8764 -0.2073
vn -0.4926 0.8693 -0.0411
vn -0.4312 0.7862 0.4426
vn -0.2474 0.5275 0.8127
vn -0.1772 0.3834 0.9064
vn -0.4719 0.8611 -0.1892
vn -0.5367 0.8434 -0.0262
vn -0.4857 0.7456 0.4562
vn -0.2998 0.4832 0.8226
vn -0.2261 0.3381 0.9135
vn -0.5121 0.8416 -0.1717
vn -0.5833 0.8121 -0.0130
vn -0.5418 0.6986 0.4673
vn -0.3529 0.4328 0.8296
vn -0.2757 0.2862 0.9177
vn -0.5570 0.8159 -0.1551
vn -0.6333 0.7739 -0.0017
vn -0.5998 0.6437 0.4753
vn -0.4064 0.3750 0.8332
vn -0.3254 0.2261 0.9181
vn -0.6117 0.7782 -0.1421
vn -0.6886 0.7251 0.0065
vn -0.6596 0.5790 0.4792
vn -0.4587 0.3097 0.8329
vn -0.3726 0.1581 0.9144
vn -0.6733 0.7251 -0.1448
vn -0.7498 0.6616 0.0141
vn -0.7208 0.5024 0.4776
vn -0.5065 0.2385 0.8286
vn -0.4123 0.0856 0.9070
vn -0.7570 0.6336 -0.1596
vn -0.8207 0.5713 0.0125
vn -0.7799 0.4132 0.4702
vn -0.5459 0.1643 0.8216
vn -0.4398 0.0141 0.8980
vn -0.8383 0.5174 -0.1721
vn -0.8875 0.4609 0.0002
vn -0.8317 0.3127 0.4588
vn -0.5742 0.0910 0.8137
vn -0.4526 -0.0486 0.8904
vn -0.9075 0.3750 -0.1893
vn -0.9436 0.3307 -0.0165
vn -0.8712 0.2056 0.4458
vn -0.5890 0.0211 0.8079
vn -0.4597 -0.0954 0.8829
vn -0.9546 0.2151 -0.2061
vn -0.9814 0.1887 -0.0338
vn -0.8956 0.0983 0.4338
vn -0.5939 -0.0331 0.8038
vn -0.4539 -0.1053 0.8848
vn -0.9743 0.0509 -0.2194
vn -0.9975 0.0476 -0.0519
vn -0.9064 0.0031 0.4223
vn -0.5980 -0.0700 0.7984
vn -0.4440 -0.1025 0.8902
vn -0.9674 -0.1029 -0.2314
vn -0.9936 -0.0852 -0.0744
vn -0.9105 -0.0819 0.4053
vn -0.6072 -0.0943 0.7889
vn -0.4461 -0.0887 0.8906
vn -0.9394 -0.2338 -0.2507
vn -0.9734 -0.2027 -0.1070
vn -0.9139 -0.1554 0.3750
vn -0.6305 -0.1117 0.7681
vn -0.4689 -0.0791 0.8797
vn -0.8952 -0.3365 -0.2921
vn -0.9392 -0.3043 -0.1593
vn -0.9205 -0.2243 0.3200
vn -0.6731 -0.1344 0.7272
vn -0.5190 -0.0874 0.8503
vn -0.8295 -0.4113 -0.3779
vn -0.8865 -0.3913 -0.2471
vn -0.9275 -0.3023 0.2198
vn -0.7377 -0.1823 0.6500
vn -0.6045 -0.1300 0.7859
vn 0.8182 0.4482 0.3600
vn 0.8661 0.4299 0.2551
vn 0.9170 0.3170 -0.2421
vn 0.6977 0.1776 -0.6941
vn 0.6062 0.1450 -0.7820
vn -0.1169 0.8148 -0.5679
vn -0.0572 0.9047 -0.4221
vn 0.0817 0.9960 0.0356
vn 0.2383 0.8443 0.4800
vn 0.3147 0.7415 0.5926
vn -0.0624 0.8183 -0.5714
vn -0.0644 0.9043 -0.4220
vn 0.0455 0.9978 0.0488
vn 0.1672 0.8507 0.4983
vn 0.1956 0.7421 0.6411
vn -0.0182 0.8290 -0.5589
vn -0.0699 0.9093 -0.4102
vn 0.0102 0.9972 0.0737
vn 0.1077 0.8435 0.5262
vn 0.1096 0.7284 0.6764
vn 0.0080 0.8364 -0.5480
vn -0.0786 0.9205 -0.3827
vn -0.0309 0.9940 0.1048
vn 0.0459 0.8292 0.5570
vn 0.0316 0.7065 0.7070
vn -0.0155 0.8474 -0.5308
vn -0.1064 0.9308 -0.3498
vn -0.0786 0.9875 0.1369
vn -0.0175 0.8098 0.5865
vn -0.0387 0.6800 0.7322
vn -0.0508 0.8631 -0.5024
vn -0.1417 0.9360 -0.3223
vn -0.1332 0.9770 0.1666
vn -0.0822 0.7865 0.6121
vn -0.1030 0.6508 0.7522
vn -0.1004 0.8736 -0.4763
vn -0.1872 0.9361 -0.2977
vn -0.1949 0.9619 0.1918
vn -0.1487 0.7598 0.6330
vn -0.1643 0.6196 0.7676
vn -0.1587 0.8768 -0.4540
vn -0.2430 0.9297 -0.2770
vn -0.2647 0.9407 0.2121
vn -0.2184 0.7288 0.6489
vn -0.2268 0.5846 0.7790
vn -0.2234 0.8720 -0.4356
vn -0.3099 0.9146 -0.2598
vn -0.3437 0.9110 0.2279
vn -0.2930 0.6913 0.6605
vn -0.2946 0.5419 0.7871
vn -0.2942 0.8584 -0.4202
vn -0.3873 0.8888 -0.2451
vn -0.4308 0.8698 0.2405
vn -0.3712 0.6438 0.6691
vn -0.3671 0.4872 0.7924
vn -0.3708 0.8352 -0.4062
vn -0.4719 0.8507 -0.2317
vn -0.5216 0.8153 0.2517
vn -0.4484 0.5849 0.6759
vn -0.4381 0.4186 0.7955
vn -0.4520 0.8011 -0.3923
vn -0.5595 0.7996 -0.2181
vn -0.6102 0.7474 0.2628
vn -0.5185 0.5150 0.6826
vn -0.4998 0.3375 0.7977
vn -0.5350 0.7559 -0.3774
vn -0.6453 0.7365 -0.2029
vn -0.6909 0.6683 0.2759
vn -0.5760 0.4370 0.6908
vn -0.5452 0.2482 0.8007
vn -0.6162 0.7005 -0.3600
vn -0.7246 0.6640 -0.1846
vn -0.7586 0.5821 0.2926
vn -0.6167 0.3557 0.7022
vn -0.5697 0.1582 0.8065
vn -0.6923 0.6370 -0.3392
vn -0.7939 0.5861 -0.1617
vn -0.8103 0.4945 0.3144
vn -0.6386 0.2773 0.7178
vn -0.5721 0.0757 0.8167
vn -0.7603 0.5687 -0.3138
vn -0.8512 0.5075 -0.1334
vn -0.8449 0.4113 0.3420
vn -0.6419 0.2076 0.7382
vn -0.5545 0.0082 0.8322
vn -0.8187 0.4993 -0.2836
vn -0.8959 0.4330 -0.0998
vn -0.8632 0.3381 0.3749
vn -0.6288 0.1516 0.7626
vn -0.5212 -0.0391 0.8525
vn -0.8670 0.4315 -0.2491
vn -0.9288 0.3653 -0.0618
vn -0.8679 0.2779 0.4118
vn -0.6032 0.1119 0.7897
vn -0.4777 -0.0649 0.8761
vn -0.9066 0.3652 -0.2115
vn -0.9524 0.3041 -0.0213
vn -0.8628 0.2299 0.4502
vn -0.5698 0.0876 0.8171
vn -0.4292 -0.0718 0.9004
vn -0.9389 0.2980 -0.1724
vn -0.9689 0.2465 0.0196
vn -0.8519 0.1911 0.4877
vn -0.5331 0.0756 0.8426
vn -0.3799 -0.0636 0.9228
vn -0.9647 0.2272 -0.1330
vn -0.9801 0.1894 0.0588
vn -0.8381 0.1581 0.5221
vn -0.4968 0.0732 0.8648
vn -0.3334 -0.0432 0.9418
vn -0.9842 0.1496 -0.0946
vn -0.9871 0.1291 0.0948
vn -0.8242 0.1275 0.5518
vn -0.4601 0.0732 0.8848
vn -0.3049 -0.0203 0.9522
vn -0.9965 0.0614 -0.0575
vn -0.9900 0.0611 0.1268
vn -0.8119 0.0950 0.5761
vn -0.4297 0.0873 0.8988
vn -0.2809 0.0326 0.9592
vn -0.9989 -0.0411 -0.0218
vn -0.9877 -0.0197 0.1552
vn -0.8018 0.0546 0.5951
vn -0.4164 0.0956 0.9041
vn -0.2545 0.0744 0.9642
vn -0.9868 -0.1616 0.0137
vn -0.9771 -0.1161 0.1785
vn -0.7940 0.0082 0.6079
vn -0.4131 0.1031 0.9048
vn -0.2421 0.1168 0.9632
vn -0.9525 -0.3005 0.0494
vn -0.9515 -0.2356 0.1977
vn -0.7842 -0.0602 0.6176
vn -0.4183 0.0981 0.9030
vn -0.2460 0.1538 0.9570
vn -0.8920 -0.4449 0.0794
vn -0.9063 -0.3665 0.2107
vn -0.7685 -0.1451 0.6231
vn -0.4324 0.0758 0.8985
vn -0.2667 0.1729 0.9481
vn -0.8164 -0.5708 0.0878
vn -0.8479 -0.4885 0.2058
vn -0.7482 -0.2395 0.6187
vn -0.4516 0.0284 0.8918
vn -0.2990 0.1558 0.9414
vn -0.7507 -0.6583 0.0551
vn -0.7952 -0.5824 0.1687
vn -0.7312 -0.3340 0.5948
vn -0.4724 -0.0467 0.8802
vn -0.3341 0.0928 0.9380
vn -0.7225 -0.6906 -0.0324
vn -0.7694 -0.6316 0.0949
vn -0.7298 -0.4196 0.5397
vn -0.4966 -0.1429 0.8561
vn -0.3681 -0.0115 0.9297
vn -0.7499 -0.6380 -0.1749
vn -0.8070 -0.5900 -0.0235
vn -0.7701 -0.4519 0.4502
vn -0.5349 -0.2426 0.8094
vn -0.4091 -0.1375 0.9021
vn -0.8178 -0.4569 -0.3499
vn -0.8843 -0.4365 -0.1659
vn -0.8491 -0.3902 0.3561
vn -0.6035 -0.2919 0.7420
vn -0.4710 -0.2418 0.8483
vn -0.8093 -0.1074 -0.5774
vn -0.9438 -0.1207 -0.3078
vn -0.9287 -0.2237 0.2957
vn -0.6690 -0.2625 0.6954
vn -0.5366 -0.2692 0.7998
vn 0.9991 0.0121 0.0397
vn 0.9949 -0.0024 0.1008
vn 0.9343 0.1212 -0.3353
vn 0.6314 0.2399 -0.7374
vn 0.5425 0.2592 -0.7991
vn 0.1132 0.8941 -0.4334
vn 0.0088 0.9619 -0.2732
vn 0.1012 0.9694 0.2237
vn 0.2025 0.7422 0.6388
vn 0.1940 0.6049 0.7723
vn 0.0586 0.9158 -0.3974
vn -0.0250 0.9718 -0.2345
vn 0.0389 0.9643 0.2619
vn 0.1201 0.7268 0.6763
vn 0.1183 0.5881 0.8001
vn 0.0100 0.9272 -0.3745
vn -0.0584 0.9761 -0.2094
vn -0.0247 0.9576 0.2870
vn 0.0390 0.7126 0.7004
vn 0.0471 0.5748 0.8169
vn -0.0663 0.9288 -0.3647
vn -0.1080 0.9751 -0.1937
vn -0.1016 0.9486 0.2996
vn -0.0504 0.6990 0.7133
vn -0.0256 0.5652 0.8246
vn -0.1646 0.9135 -0.3719
vn -0.1723 0.9661 -0.1922
vn -0.1905 0.9354 0.2979
vn -0.1464 0.6859 0.7128
vn -0.0948 0.5553 0.8262
vn -0.2718 0.8767 -0.3970
vn -0.2522 0.9452 -0.2072
vn -0.2939 0.9137 0.2807
vn -0.2532 0.6694 0.6984
vn -0.1693 0.5450 0.8212
vn -0.3725 0.8188 -0.4369
vn -0.3411 0.9094 -0.2378
vn -0.4047 0.8805 0.2468
vn -0.3628 0.6468 0.6709
vn -0.2427 0.5388 0.8067
vn -0.4563 0.7451 -0.4865
vn -0.4307 0.8571 -0.2827
vn -0.5147 0.8341 0.1982
vn -0.4693 0.6173 0.6314
vn -0.3156 0.5349 0.7837
vn -0.5185 0.6629 -0.5402
vn -0.5113 0.7903 -0.3376
vn -0.6143 0.7767 0.1391
vn -0.5658 0.5828 0.5833
vn -0.3898 0.5313 0.7522
vn -0.5583 0.5800 -0.5932
vn -0.5747 0.7155 -0.3971
vn -0.6960 0.7142 0.0748
vn -0.6473 0.5472 0.5306
vn -0.4659 0.5247 0.7125
vn -0.5782 0.5023 -0.6429
vn -0.6183 0.6398 -0.4565
vn -0.7578 0.6525 0.0098
vn -0.7134 0.5142 0.4761
vn -0.5413 0.5130 0.6662
vn -0.5828 0.4311 -0.6889
vn -0.6444 0.5669 -0.5133
vn -0.8026 0.5941 -0.0539
vn -0.7672 0.4841 0.4208
vn -0.6118 0.4967 0.6156
vn -0.5766 0.3647 -0.7311
vn -0.6572 0.4967 -0.5669
vn -0.8351 0.5378 -0.1160
vn -0.8124 0.4548 0.3649
vn -0.6758 0.4764 0.5625
vn -0.5631 0.3006 -0.7698
vn -0.6607 0.4273 -0.6172
vn -0.8589 0.4808 -0.1764
vn -0.8518 0.4232 0.3087
vn -0.7337 0.4514 0.5078
vn -0.5446 0.2364 -0.8047
vn -0.6576 0.3564 -0.6637
vn -0.8768 0.4199 -0.2345
vn -0.8872 0.3861 0.2525
vn -0.7867 0.4200 0.4525
vn -0.5228 0.1698 -0.8354
vn -0.6497 0.2818 -0.7060
vn -0.8900 0.3521 -0.2895
vn -0.9194 0.3403 0.1975
vn -0.8356 0.3793 0.3974
vn -0.4982 0.0995 -0.8614
vn -0.6380 0.2014 -0.7432
vn -0.8993 0.2748 -0.3403
vn -0.9482 0.2828 0.1449
vn -0.8804 0.3266 0.3439
vn -0.4710 0.0241 -0.8818
vn -0.6224 0.1137 -0.7744
vn -0.9040 0.1854 -0.3852
vn -0.9728 0.2107 0.0965
vn -0.9201 0.2589 0.2938
vn -0.4405 -0.0575 -0.8959
vn -0.6022 0.0170 -0.7981
vn -0.9028 0.0814 -0.4223
vn -0.9911 0.1213 0.0547
vn -0.9528 0.1731 0.2493
vn -0.4055 -0.1437 -0.9027
vn -0.5753 -0.0875 -0.8132
vn -0.8926 -0.0365 -0.4494
vn -0.9996 0.0146 0.0223
vn -0.9746 0.0685 0.2131
vn -0.3745 -0.2331 -0.8974
vn -0.5363 -0.1937 -0.8215
vn -0.8710 -0.1575 -0.4653
vn -0.9949 -0.1004 0.0014
vn -0.9811 -0.0478 0.1877
vn -0.3459 -0.2822 -0.8948
vn -0.4960 -0.2727 -0.8244
vn -0.8412 -0.2651 -0.4713
vn -0.9779 -0.2088 -0.0078
vn -0.9714 -0.1619 0.1738
vn -0.3143 -0.3172 -0.8948
vn -0.4685 -0.3311 -0.8191
vn -0.8121 -0.3472 -0.4690
vn -0.9546 -0.2980 -0.0055
vn -0.9501 -0.2607 0.1712
vn -0.3037 -0.3255 -0.8954
vn -0.4610 -0.3573 -0.8123
vn -0.7969 -0.3930 -0.4588
vn -0.9336 -0.3581 0.0101
vn -0.9247 -0.3353 0.1804
vn -0.3247 -0.3078 -0.8943
vn -0.4835 -0.3530 -0.8010
vn -0.8039 -0.4058 -0.4348
vn -0.9208 -0.3876 0.0438
vn -0.9025 -0.3794 0.2040
vn -0.3869 -0.2614 -0.8843
vn -0.5481 -0.3100 -0.7769
vn -0.8413 -0.3766 -0.3878
vn -0.9186 -0.3820 0.1008
vn -0.8873 -0.3887 0.2483
vn -0.4984 -0.1766 -0.8488
vn -0.6585 -0.2153 -0.7211
vn -0.9072 -0.2976 -0.2975
vn -0.9197 -0.3417 0.1934
vn -0.8728 -0.3636 0.3255
vn -0.6616 -0.0190 -0.7496
vn -0.8078 -0.0409 -0.5880
vn -0.9797 -0.1636 -0.1161
vn -0.8964 -0.2742 0.3482
vn -0.8291 -0.3149 0.4619
vn 0.7483 -0.1251 0.6514
vn 0.8044 -0.1096 0.5839
vn 0.9920 0.0319 0.1219
vn 0.9253 0.1900 -0.3283
vn 0.8795 0.2258 -0.4190
vn -0.0674 0.8231 -0.5638
vn -0.0907 0.9048 -0.4161
vn 0.0005 0.9975 0.0712
vn 0.1154 0.8499 0.5141
vn 0.1388 0.7405 0.6576
vn -0.1562 0.8266 -0.5406
vn -0.1598 0.9109 -0.3805
vn -0.1032 0.9891 0.1047
vn -0.0074 0.8336 0.5524
vn 0.0289 0.7272 0.6858
vn -0.2312 0.8116 -0.5365
vn -0.2358 0.8981 -0.3713
vn -0.2194 0.9689 0.1146
vn -0.1418 0.8108 0.5679
vn -0.0965 0.7086 0.6990
vn -0.3019 0.7857 -0.5399
vn -0.3226 0.8692 -0.3748
vn -0.3461 0.9317 0.1106
vn -0.2819 0.7741 0.5668
vn -0.2312 0.6727 0.7028
vn -0.3630 0.7560 -0.5447
vn -0.4099 0.8281 -0.3825
vn -0.4678 0.8781 0.1003
vn -0.4147 0.7188 0.5580
vn -0.3697 0.6142 0.6973
vn -0.4176 0.7250 -0.5477
vn -0.4935 0.7787 -0.3874
vn -0.5765 0.8119 0.0920
vn -0.5236 0.6506 0.5500
vn -0.4833 0.5380 0.6906
vn -0.4752 0.6899 -0.5462
vn -0.5746 0.7222 -0.3851
vn -0.6709 0.7359 0.0916
vn -0.6112 0.5717 0.5473
vn -0.5732 0.4421 0.6899
vn -0.5380 0.6496 -0.5372
vn -0.6514 0.6601 -0.3741
vn -0.7493 0.6544 0.1018
vn -0.6735 0.4886 0.5546
vn -0.6308 0.3446 0.6952
vn -0.6068 0.5998 -0.5216
vn -0.7235 0.5918 -0.3554
vn -0.8132 0.5692 0.1214
vn -0.7146 0.4052 0.5703
vn -0.6593 0.2538 0.7077
vn -0.6798 0.5342 -0.5025
vn -0.7900 0.5148 -0.3331
vn -0.8650 0.4801 0.1458
vn -0.7397 0.3234 0.5902
vn -0.6666 0.1769 0.7241
vn -0.7514 0.4482 -0.4843
vn -0.8483 0.4268 -0.3135
vn -0.9069 0.3865 0.1677
vn -0.7550 0.2442 0.6085
vn -0.6629 0.1167 0.7396
vn -0.8128 0.3415 -0.4719
vn -0.8951 0.3280 -0.3021
vn -0.9401 0.2887 0.1810
vn -0.7651 0.1660 0.6221
vn -0.6630 0.0697 0.7454
vn -0.8558 0.2187 -0.4687
vn -0.9268 0.2213 -0.3033
vn -0.9649 0.1891 0.1825
vn -0.7742 0.0983 0.6253
vn -0.6608 0.0478 0.7491
vn -0.8746 0.0881 -0.4767
vn -0.9407 0.1113 -0.3204
vn -0.9814 0.0902 0.1695
vn -0.7889 0.0308 0.6137
vn -0.6625 0.0172 0.7488
vn -0.8606 -0.0265 -0.5085
vn -0.9382 0.0075 -0.3459
vn -0.9900 -0.0105 0.1410
vn -0.8058 -0.0385 0.5909
vn -0.6759 -0.0154 0.7369
vn -0.8189 -0.1460 -0.5550
vn -0.9194 -0.0976 -0.3809
vn -0.9895 -0.1060 0.0987
vn -0.8242 -0.1076 0.5560
vn -0.6993 -0.0562 0.7126
vn -0.7670 -0.2315 -0.5985
vn -0.8845 -0.1828 -0.4292
vn -0.9805 -0.1914 0.0452
vn -0.8418 -0.1749 0.5107
vn -0.7283 -0.1072 0.6768
vn -0.7166 -0.3041 -0.6277
vn -0.8341 -0.2536 -0.4898
vn -0.9650 -0.2618 -0.0151
vn -0.8567 -0.2370 0.4581
vn -0.7573 -0.1660 0.6317
vn -0.6849 -0.3091 -0.6599
vn -0.7864 -0.2821 -0.5495
vn -0.9465 -0.3136 -0.0759
vn -0.8678 -0.2894 0.4038
vn -0.7816 -0.2266 0.5812
vn -0.6431 -0.3042 -0.7028
vn -0.7494 -0.2999 -0.5902
vn -0.9297 -0.3449 -0.1291
vn -0.8754 -0.3277 0.3554
vn -0.7988 -0.2807 0.5321
vn -0.6155 -0.2861 -0.7344
vn -0.7271 -0.3027 -0.6161
vn -0.9189 -0.3577 -0.1661
vn -0.8802 -0.3491 0.3214
vn -0.8088 -0.3196 0.4936
vn -0.6048 -0.2675 -0.7501
vn -0.7219 -0.2971 -0.6250
vn -0.9169 -0.3560 -0.1802
vn -0.8831 -0.3536 0.3085
vn -0.8131 -0.3378 0.4742
vn -0.6128 -0.2555 -0.7478
vn -0.7327 -0.2894 -0.6160
vn -0.9239 -0.3430 -0.1698
vn -0.8838 -0.3406 0.3207
vn -0.8120 -0.3337 0.4789
vn -0.6393 -0.2510 -0.7268
vn -0.7576 -0.2827 -0.5883
vn -0.9351 -0.3272 -0.1359
vn -0.8790 -0.3165 0.3566
vn -0.8040 -0.3087 0.5082
vn -0.6808 -0.2507 -0.6883
vn -0.7935 -0.2748 -0.5431
vn -0.9498 -0.3023 -0.0807
vn -0.8690 -0.2776 0.4096
vn -0.7864 -0.2649 0.5581
vn -0.7301 -0.2488 -0.6364
vn -0.8340 -0.2626 -0.4852
vn -0.9632 -0.2684 -0.0118
vn -0.8516 -0.2257 0.4731
vn -0.7565 -0.2050 0.6210
vn -0.7772 -0.2402 -0.5816
vn -0.8721 -0.2430 -0.4246
vn -0.9736 -0.2204 0.0588
vn -0.8261 -0.1566 0.5414
vn -0.7100 -0.1298 0.6921
vn -0.8011 -0.2222 -0.5557
vn -0.8985 -0.2127 -0.3840
vn -0.9801 -0.1593 0.1186
vn -0.7541 -0.0571 0.6543
vn -0.5526 -0.0082 0.8334
vn 0.8568 0.2052 0.4731
vn 0.8900 0.1996 0.4099
vn 0.9875 0.1347 -0.0824
vn 0.8959 0.0608 -0.4401
vn 0.8805 0.0516 -0.4713
vn -0.2136 0.9017 -0.3760
vn -0.1788 0.9640 -0.1967
vn -0.0409 0.9606 0.2748
vn 0.0955 0.7243 0.6829
vn 0.1173 0.6042 0.7882
vn -0.2437 0.9035 -0.3525
vn -0.1978 0.9618 -0.1892
vn -0.0702 0.9553 0.2873
vn 0.0610 0.7191 0.6922
vn 0.1071 0.5875 0.8021
vn -0.2845 0.8880 -0.3612
vn -0.2372 0.9519 -0.1940
vn -0.1318 0.9489 0.2867
vn -0.0025 0.7196 0.6944
vn 0.0626 0.5869 0.8072
vn -0.3486 0.8554 -0.3831
vn -0.2994 0.9317 -0.2057
vn -0.2155 0.9369 0.2752
vn -0.0873 0.7192 0.6893
vn -0.0049 0.5910 0.8066
vn -0.4084 0.8180 -0.4052
vn -0.3733 0.8997 -0.2261
vn -0.3167 0.9129 0.2575
vn -0.1893 0.7090 0.6793
vn -0.0953 0.5895 0.8021
vn -0.4646 0.7776 -0.4237
vn -0.4551 0.8556 -0.2466
vn -0.4265 0.8725 0.2384
vn -0.2986 0.6818 0.6678
vn -0.2028 0.5716 0.7951
vn -0.5153 0.7407 -0.4311
vn -0.5370 0.8023 -0.2608
vn -0.5313 0.8167 0.2250
vn -0.3993 0.6364 0.6600
vn -0.3133 0.5295 0.7883
vn -0.5565 0.7112 -0.4296
vn -0.6099 0.7490 -0.2587
vn -0.6185 0.7522 0.2272
vn -0.4772 0.5778 0.6621
vn -0.4005 0.4629 0.7907
vn -0.6062 0.6764 -0.4184
vn -0.6822 0.6906 -0.2399
vn -0.6948 0.6761 0.2451
vn -0.5398 0.5034 0.6747
vn -0.4633 0.3734 0.8037
vn -0.6609 0.6393 -0.3931
vn -0.7491 0.6284 -0.2095
vn -0.7574 0.5926 0.2741
vn -0.5836 0.4192 0.6955
vn -0.4994 0.2772 0.8208
vn -0.7195 0.5953 -0.3577
vn -0.8103 0.5606 -0.1706
vn -0.8065 0.5030 0.3108
vn -0.6093 0.3296 0.7212
vn -0.5118 0.1802 0.8400
vn -0.7792 0.5416 -0.3155
vn -0.8648 0.4860 -0.1264
vn -0.8422 0.4086 0.3516
vn -0.6183 0.2381 0.7490
vn -0.5044 0.0875 0.8590
vn -0.8369 0.4760 -0.2702
vn -0.9111 0.4043 -0.0805
vn -0.8653 0.3110 0.3931
vn -0.6131 0.1478 0.7761
vn -0.4816 0.0028 0.8764
vn -0.8895 0.3975 -0.2254
vn -0.9482 0.3157 -0.0366
vn -0.8768 0.2116 0.4317
vn -0.5967 0.0609 0.8002
vn -0.4488 -0.0712 0.8908
vn -0.9319 0.3122 -0.1845
vn -0.9741 0.2262 0.0021
vn -0.8775 0.1164 0.4652
vn -0.5719 -0.0179 0.8201
vn -0.4110 -0.1325 0.9020
vn -0.9610 0.2338 -0.1477
vn -0.9886 0.1463 0.0367
vn -0.8684 0.0346 0.4947
vn -0.5410 -0.0837 0.8369
vn -0.3709 -0.1820 0.9107
vn -0.9792 0.1686 -0.1125
vn -0.9943 0.0802 0.0707
vn -0.8516 -0.0314 0.5232
vn -0.5057 -0.1368 0.8518
vn -0.3292 -0.2233 0.9175
vn -0.9903 0.1160 -0.0765
vn -0.9940 0.0267 0.1064
vn -0.8294 -0.0841 0.5523
vn -0.4668 -0.1802 0.8658
vn -0.2857 -0.2589 0.9227
vn -0.9965 0.0746 -0.0376
vn -0.9892 -0.0156 0.1458
vn -0.8024 -0.1259 0.5834
vn -0.4244 -0.2165 0.8792
vn -0.2400 -0.2908 0.9262
vn -0.9991 0.0424 0.0061
vn -0.9805 -0.0483 0.1903
vn -0.7705 -0.1591 0.6172
vn -0.3779 -0.2483 0.8919
vn -0.1917 -0.3204 0.9277
vn -0.9983 0.0173 0.0563
vn -0.9677 -0.0723 0.2417
vn -0.7331 -0.1852 0.6544
vn -0.3194 -0.2858 0.9035
vn -0.1563 -0.3597 0.9199
vn -0.9934 -0.0043 0.1147
vn -0.9495 -0.0897 0.3006
vn -0.6891 -0.2063 0.6946
vn -0.2533 -0.3069 0.9174
vn -0.1188 -0.3683 0.9221
vn -0.9831 -0.0283 0.1810
vn -0.9252 -0.1059 0.3645
vn -0.6384 -0.2262 0.7357
vn -0.1916 -0.3331 0.9232
vn -0.0579 -0.3897 0.9191
vn -0.9665 -0.0568 0.2504
vn -0.8954 -0.1241 0.4277
vn -0.5829 -0.2466 0.7742
vn -0.1278 -0.3564 0.9256
vn 0.0083 -0.4058 0.9139
vn -0.9445 -0.0863 0.3171
vn -0.8623 -0.1434 0.4857
vn -0.5266 -0.2669 0.8071
vn -0.0664 -0.3769 0.9239
vn 0.0752 -0.4188 0.9050
vn -0.9195 -0.1136 0.3763
vn -0.8292 -0.1621 0.5350
vn -0.4741 -0.2857 0.8328
vn -0.0115 -0.3947 0.9187
vn 0.1369 -0.4306 0.8921
vn -0.8954 -0.1354 0.4241
vn -0.7997 -0.1779 0.5734
vn -0.4298 -0.3021 0.8509
vn 0.0327 -0.4103 0.9114
vn 0.1879 -0.4430 0.8766
vn -0.8879 -0.0461 0.4577
vn -0.6969 0.3075 0.6479
vn -0.3940 -0.3129 0.8642
vn 0.0683 -0.4219 0.9041
vn 0.2273 -0.4581 0.8594
vn 0.9416 0.1591 -0.2968
vn 0.8285 0.1702 -0.5334
vn 0.4133 0.3075 -0.8571
vn -0.0692 0.4188 -0.9054
vn -0.1900 0.4425 -0.8764
vn 0.1965 0.9133 -0.3568
vn -0.0445 0.9666 -0.2524
vn -0.0223 0.9647 0.2626
vn 0.0473 0.7376 0.6736
vn 0.0367 0.5945 0.8032
vn 0.0659 0.9590 -0.2756
vn -0.1792 0.9649 -0.1919
vn -0.2405 0.9192 0.3119
vn -0.2060 0.6679 0.7152
vn -0.2156 0.5105 0.8324
vn -0.1574 0.9519 -0.2630
vn -0.3418 0.9239 -0.1722
vn -0.4557 0.8344 0.3101
vn -0.4270 0.5650 0.7060
vn -0.4180 0.4024 0.8144
vn -0.3680 0.8794 -0.3021
vn -0.4998 0.8452 -0.1892
vn -0.6321 0.7247 0.2744
vn -0.5866 0.4529 0.6713
vn -0.5467 0.3035 0.7804
vn -0.5214 0.7734 -0.3607
vn -0.6278 0.7446 -0.2269
vn -0.7576 0.6124 0.2261
vn -0.6862 0.3564 0.6341
vn -0.6152 0.2377 0.7517
vn -0.6250 0.6561 -0.4230
vn -0.7180 0.6403 -0.2729
vn -0.8383 0.5147 0.1797
vn -0.7442 0.2854 0.6039
vn -0.6518 0.2062 0.7298
vn -0.6913 0.5373 -0.4832
vn -0.7795 0.5364 -0.3235
vn -0.8936 0.4282 0.1346
vn -0.7817 0.2354 0.5775
vn -0.6771 0.1989 0.7085
vn -0.7295 0.4200 -0.5399
vn -0.8183 0.4363 -0.3742
vn -0.9313 0.3531 0.0893
vn -0.8104 0.2017 0.5500
vn -0.7016 0.2047 0.6825
vn -0.7457 0.3045 -0.5926
vn -0.8395 0.3388 -0.4249
vn -0.9578 0.2845 0.0416
vn -0.8389 0.1852 0.5119
vn -0.7115 0.2249 0.6657
vn -0.7435 0.1903 -0.6411
vn -0.8460 0.2415 -0.4754
vn -0.9761 0.2170 -0.0095
vn -0.8712 0.1583 0.4647
vn -0.7376 0.2148 0.6402
vn -0.7253 0.0763 -0.6842
vn -0.8393 0.1420 -0.5248
vn -0.9873 0.1457 -0.0637
vn -0.8996 0.1282 0.4174
vn -0.7745 0.2101 0.5967
vn -0.6924 -0.0380 -0.7205
vn -0.8200 0.0381 -0.5711
vn -0.9907 0.0663 -0.1188
vn -0.9266 0.0870 0.3659
vn -0.8153 0.1887 0.5475
vn -0.6463 -0.1506 -0.7480
vn -0.7882 -0.0695 -0.6114
vn -0.9849 -0.0221 -0.1717
vn -0.9491 0.0321 0.3133
vn -0.8560 0.1463 0.4959
vn -0.5899 -0.2544 -0.7664
vn -0.7449 -0.1747 -0.6439
vn -0.9689 -0.1152 -0.2191
vn -0.9641 -0.0342 0.2634
vn -0.8913 0.0841 0.4456
vn -0.5285 -0.3413 -0.7773
vn -0.6934 -0.2693 -0.6683
vn -0.9437 -0.2053 -0.2592
vn -0.9700 -0.1061 0.2187
vn -0.9166 0.0081 0.3998
vn -0.4792 -0.4169 -0.7723
vn -0.6325 -0.3528 -0.6896
vn -0.9129 -0.2853 -0.2920
vn -0.9674 -0.1771 0.1809
vn -0.9299 -0.0735 0.3605
vn -0.4465 -0.4369 -0.7809
vn -0.5798 -0.3986 -0.7106
vn -0.8816 -0.3484 -0.3183
vn -0.9589 -0.2405 0.1506
vn -0.9321 -0.1523 0.3286
vn -0.4079 -0.4445 -0.7975
vn -0.5471 -0.4250 -0.7212
vn -0.8569 -0.3882 -0.3391
vn -0.9485 -0.2896 0.1280
vn -0.9269 -0.2202 0.3041
vn -0.3908 -0.4213 -0.8184
vn -0.5369 -0.4183 -0.7327
vn -0.8460 -0.3984 -0.3544
vn -0.9411 -0.3187 0.1130
vn -0.9192 -0.2699 0.2866
vn -0.4014 -0.3614 -0.8416
vn -0.5556 -0.3664 -0.7464
vn -0.8578 -0.3635 -0.3635
vn -0.9422 -0.3172 0.1083
vn -0.9146 -0.2944 0.2771
vn -0.4441 -0.2521 -0.8598
vn -0.6044 -0.2578 -0.7538
vn -0.8912 -0.2814 -0.3556
vn -0.9511 -0.2837 0.1218
vn -0.9156 -0.2885 0.2800
vn -0.5171 -0.0767 -0.8525
vn -0.6787 -0.0763 -0.7304
vn -0.9406 -0.1410 -0.3090
vn -0.9619 -0.2175 0.1659
vn -0.9168 -0.2533 0.3087
vn -0.6019 0.1794 -0.7782
vn -0.7597 0.1766 -0.6259
vn -0.9838 0.0369 -0.1756
vn -0.9522 -0.1390 0.2721
vn -0.8950 -0.2068 0.3952
vn 0.6906 -0.3471 0.6345
vn 0.7401 -0.3343 0.5835
vn 0.9732 -0.1698 0.1548
vn 0.9605 0.0535 -0.2731
vn 0.9273 0.1066 -0.3589
vn 0.3992 0.8999 -0.1757
vn 0.2448 0.9695 0.0073
vn -0.1637 0.9467 0.2775
vn -0.4892 0.7052 0.5132
vn -0.5188 0.4735 0.7118
vn 0.3639 0.8300 -0.4227
vn 0.2366 0.9444 -0.2283
vn -0.1530 0.9876 0.0353
vn -0.4981 0.8084 0.3137
vn -0.5211 0.6178 0.5889
vn 0.2813 0.6368 -0.7179
vn 0.1430 0.8159 -0.5602
vn -0.2640 0.9056 -0.3320
vn -0.5975 0.8019 -0.0059
vn -0.6041 0.7307 0.3180
vn 0.2601 0.4278 -0.8657
vn 0.0921 0.6084 -0.7883
vn -0.3454 0.7055 -0.6189
vn -0.7047 0.6494 -0.2856
vn -0.7381 0.6717 -0.0637
vn 0.2866 0.2969 -0.9109
vn 0.1012 0.4363 -0.8941
vn -0.3606 0.5156 -0.7772
vn -0.7431 0.4968 -0.4483
vn -0.7761 0.5583 -0.2933
vn 0.3263 0.2306 -0.9167
vn 0.1371 0.3328 -0.9330
vn -0.3386 0.3913 -0.8557
vn -0.7398 0.3808 -0.5548
vn -0.8029 0.4281 -0.4148
vn 0.3645 0.1968 -0.9102
vn 0.1770 0.2740 -0.9453
vn -0.3060 0.3155 -0.8982
vn -0.7220 0.3034 -0.6218
vn -0.8037 0.3387 -0.4893
vn 0.3980 0.1782 -0.8999
vn 0.2134 0.2384 -0.9474
vn -0.2731 0.2662 -0.9244
vn -0.7005 0.2498 -0.6685
vn -0.7948 0.2758 -0.5406
vn 0.4257 0.1637 -0.8899
vn 0.2454 0.2109 -0.9462
vn -0.2437 0.2289 -0.9424
vn -0.6792 0.2077 -0.7040
vn -0.7827 0.2269 -0.5796
vn 0.4485 0.1461 -0.8818
vn -0.2160 0.1920 -0.9573
vn -0.6591 0.1680 -0.7330
vn -0.7701 0.1822 -0.6114
vn 0.4693 0.1190 -0.8750
vn 0.2947 0.1490 -0.9439
vn -0.1942 0.1494 -0.9695
vn -0.6381 0.1268 -0.7594
vn -0.7620 0.1398 -0.6322
vn 0.4862 0.0833 -0.8699
vn 0.3149 0.1025 -0.9436
vn -0.1728 0.0931 -0.9805
vn -0.6185 0.0671 -0.7829
vn -0.7539 0.0745 -0.6528
vn 0.5025 0.0311 -0.8640
vn 0.3333 0.0405 -0.9420
vn -0.1527 0.0184 -0.9881
vn -0.6017 -0.0066 -0.7987
vn -0.7396 0.0010 -0.6730
vn 0.5154 -0.0396 -0.8561
vn 0.3535 -0.0397 -0.9346
vn -0.1324 -0.0751 -0.9884
vn -0.5841 -0.0977 -0.8058
vn -0.7236 -0.0888 -0.6845
vn 0.5279 -0.1082 -0.8424
vn 0.3730 -0.1238 -0.9195
vn -0.1117 -0.1773 -0.9778
vn -0.5658 -0.1967 -0.8008
vn -0.7058 -0.1864 -0.6834
vn 0.5429 -0.1773 -0.8208
vn 0.3881 -0.2075 -0.8979
vn -0.0926 -0.2757 -0.9568
vn -0.5489 -0.2909 -0.7836
vn -0.6883 -0.2795 -0.6694
vn 0.5537 -0.2374 -0.7982
vn 0.3982 -0.2796 -0.8736
vn -0.0798 -0.3589 -0.9299
vn -0.5371 -0.3701 -0.7580
vn -0.6743 -0.3583 -0.6457
vn 0.5570 -0.2863 -0.7796
vn 0.4003 -0.3385 -0.8516
vn -0.0770 -0.4216 -0.9035
vn -0.5356 -0.4258 -0.7292
vn -0.6678 -0.4159 -0.6173
vn 0.5496 -0.3245 -0.7698
vn 0.3896 -0.3816 -0.8382
vn -0.0876 -0.4627 -0.8822
vn -0.5479 -0.4569 -0.7008
vn -0.6731 -0.4469 -0.5893
vn 0.5290 -0.3654 -0.7659
vn 0.3676 -0.4109 -0.8343
vn -0.1183 -0.4743 -0.8724
vn -0.5768 -0.4546 -0.6787
vn -0.6940 -0.4455 -0.5656
vn 0.3376 -0.3940 -0.8548
vn -0.1725 -0.4460 -0.8782
vn -0.6257 -0.4093 -0.6641
vn -0.7338 -0.4017 -0.5478
vn 0.4310 -0.3194 -0.8439
vn 0.2359 -0.3508 -0.9062
vn -0.2551 -0.3562 -0.8989
vn -0.6944 -0.3024 -0.6530
vn -0.7929 -0.2982 -0.5314
vn 0.3266 -0.2307 -0.9166
vn 0.1362 -0.2149 -0.9671
vn -0.3592 -0.1675 -0.9181
vn -0.7749 -0.1092 -0.6226
vn -0.8634 -0.1145 -0.4913
vn 0.2378 -0.0005 -0.9713
vn 0.0398 0.0686 -0.9968
vn -0.4677 0.1649 -0.8684
vn -0.8472 0.1857 -0.4979
vn -0.9257 0.1521 -0.3462
vn -0.1028 -0.2376 0.9659
vn -0.0758 -0.2466 0.9661
vn 0.3857 -0.3654 0.8472
vn 0.7018 -0.4028 0.5876
vn 0.7439 -0.4056 0.5311
vn -0.6395 0.7434 0.1959
vn -0.4697 0.8101 0.3509
vn -0.0901 0.7424 0.6639
vn 0.3091 0.5331 0.7876
vn 0.5065 0.4458 0.7380
vn -0.7265 0.6598 0.1921
vn -0.5827 0.7342 0.3485
vn -0.2458 0.6784 0.6924
vn 0.1530 0.4766 0.8657
vn 0.3572 0.3944 0.8467
vn -0.8130 0.5544 0.1782
vn -0.7088 0.6088 0.3562
vn -0.4198 0.5280 0.7382
vn -0.0335 0.3271 0.9444
vn 0.1544 0.2535 0.9549
vn -0.8670 0.4746 0.1520
vn -0.7992 0.4964 0.3388
vn -0.5493 0.3856 0.7414
vn -0.1742 0.1802 0.9681
vn 0.0017 0.1069 0.9943
vn -0.9059 0.4027 0.1310
vn -0.8634 0.3984 0.3095
vn -0.6399 0.2612 0.7227
vn -0.2726 0.0509 0.9608
vn -0.1065 -0.0246 0.9940
vn -0.9303 0.3491 0.1128
vn -0.9048 0.3195 0.2815
vn -0.6998 0.1575 0.6967
vn -0.3357 -0.0548 0.9404
vn -0.1755 -0.1313 0.9757
vn -0.9524 0.2912 0.0900
vn -0.9336 0.2472 0.2596
vn -0.7378 0.0720 0.6712
vn -0.3727 -0.1376 0.9177
vn -0.2146 -0.2124 0.9533
vn -0.9695 0.2345 0.0713
vn -0.9533 0.1829 0.2402
vn -0.7606 0.0020 0.6492
vn -0.3922 -0.2003 0.8978
vn -0.2332 -0.2707 0.9340
vn -0.9825 0.1784 0.0544
vn -0.9672 0.1238 0.2219
vn -0.7742 -0.0558 0.6305
vn -0.4009 -0.2453 0.8826
vn -0.2392 -0.3093 0.9204
vn -0.9917 0.1228 0.0369
vn -0.9767 0.0694 0.2030
vn -0.7829 -0.1020 0.6137
vn -0.4049 -0.2746 0.8721
vn -0.2394 -0.3307 0.9129
vn -0.9976 0.0680 0.0162
vn -0.9833 0.0187 0.1808
vn -0.7903 -0.1384 0.5969
vn -0.4092 -0.2895 0.8653
vn -0.2398 -0.3368 0.9105
vn -0.9998 0.0140 -0.0104
vn -0.9878 -0.0294 0.1529
vn -0.7996 -0.1660 0.5771
vn -0.4185 -0.2910 0.8603
vn -0.2458 -0.3289 0.9118
vn -0.9982 -0.0400 -0.0455
vn -0.9903 -0.0764 0.1164
vn -0.8138 -0.1864 0.5504
vn -0.4373 -0.2806 0.8544
vn -0.2625 -0.3084 0.9143
vn -0.9908 -0.0995 -0.0913
vn -0.9896 -0.1273 0.0665
vn -0.8369 -0.2028 0.5084
vn -0.4720 -0.2582 0.8429
vn -0.2950 -0.2739 0.9154
vn 0.9820 0.1362 0.1306
vn 0.9880 0.1540 -0.0070
vn 0.8312 0.2142 -0.5130
vn 0.4469 0.2430 -0.8610
vn 0.3377 0.2448 -0.9088
vn 0.6247 0.6915 -0.3627
vn 0.5387 0.8116 -0.2260
vn 0.1656 0.9844 0.0590
vn -0.2682 0.8998 0.3441
vn -0.3715 0.8132 0.4479
vn 0.6151 0.7200 -0.3214
vn 0.5144 0.8392 -0.1764
vn 0.1292 0.9848 0.1162
vn -0.2889 0.8804 0.3760
vn -0.3988 0.7876 0.4698
vn 0.6047 0.7452 -0.2811
vn 0.5058 0.8509 -0.1418
vn 0.1311 0.9766 0.1703
vn -0.2654 0.8568 0.4422
vn -0.3844 0.7470 0.5424
vn 0.6184 0.7500 -0.2348
vn 0.5190 0.8486 -0.1022
vn 0.1596 0.9590 0.2343
vn -0.2280 0.8269 0.5140
vn -0.3491 0.7216 0.5978
vn 0.6516 0.7350 -0.1876
vn 0.5484 0.8333 -0.0691
vn 0.2109 0.9314 0.2967
vn -0.1657 0.7930 0.5862
vn -0.2979 0.6942 0.6552
vn 0.7052 0.6894 -0.1656
vn 0.5902 0.8061 -0.0427
vn 0.2911 0.8870 0.3585
vn -0.0680 0.7456 0.6630
vn -0.2184 0.6538 0.7244
vn 0.7781 0.6070 -0.1617
vn 0.6492 0.7601 -0.0260
vn 0.3990 0.8221 0.4061
vn 0.0621 0.6782 0.7323
vn -0.1067 0.5992 0.7935
vn 0.8197 0.5488 -0.1641
vn 0.7190 0.6940 -0.0371
vn 0.5177 0.7435 0.4233
vn 0.2029 0.5949 0.7778
vn 0.0353 0.5209 0.8529
vn 0.8262 0.5335 -0.1810
vn 0.7748 0.6308 -0.0419
vn 0.6187 0.6520 0.4382
vn 0.3266 0.4922 0.8069
vn 0.1833 0.4106 0.8932
vn 0.8468 0.4923 -0.2013
vn 0.8263 0.5618 -0.0395
vn 0.7108 0.5439 0.4460
vn 0.4428 0.3594 0.8214
vn 0.3231 0.2650 0.9085
vn 0.8638 0.4544 -0.2178
vn 0.8751 0.4820 -0.0426
vn 0.7948 0.4142 0.4436
vn 0.5445 0.1998 0.8146
vn 0.4440 0.0929 0.8912
vn 0.8805 0.4152 -0.2286
vn 0.9168 0.3963 -0.0490
vn 0.8638 0.2701 0.4254
vn 0.6230 0.0223 0.7819
vn 0.5342 -0.0915 0.8404
vn 0.8978 0.3751 -0.2308
vn 0.9495 0.3093 -0.0533
vn 0.9117 0.1163 0.3941
vn 0.6703 -0.1702 0.7223
vn 0.5913 -0.2853 0.7543
vn 0.9232 0.3153 -0.2198
vn 0.9746 0.2185 -0.0487
vn 0.9275 -0.0164 0.3735
vn 0.6605 -0.3074 0.6850
vn 0.5762 -0.4233 0.6991
vn 0.9512 0.2302 -0.2055
vn 0.9889 0.1437 -0.0375
vn 0.9175 -0.0954 0.3862
vn 0.6228 -0.3532 0.6981
vn 0.5038 -0.4459 0.7398
vn 0.9652 0.1687 -0.2000
vn 0.9951 0.0930 -0.0347
vn 0.9074 -0.1348 0.3981
vn 0.5975 -0.3612 0.7159
vn 0.4509 -0.4377 0.7779
vn 0.9692 0.1346 -0.2063
vn 0.9970 0.0629 -0.0445
vn 0.9064 -0.1588 0.3914
vn 0.5882 -0.3663 0.7210
vn 0.4311 -0.4298 0.7934
vn 0.9665 0.1195 -0.2270
vn 0.9964 0.0483 -0.0699
vn 0.9136 -0.1689 0.3699
vn 0.5976 -0.3630 0.7149
vn 0.4371 -0.4188 0.7959
vn 0.9569 0.1184 -0.2651
vn 0.9918 0.0487 -0.1181
vn 0.9326 -0.1632 0.3218
vn 0.6303 -0.3513 0.6923
vn 0.4694 -0.4037 0.7853
vn -0.9567 -0.1098 0.2694
vn -0.9860 -0.0567 0.1567
vn -0.9242 0.1788 -0.3374
vn -0.5991 0.3622 -0.7141
vn -0.5007 0.3913 -0.7721
vn 0.3243 0.7419 0.5869
vn 0.1609 0.7900 0.5916
vn -0.3554 0.7559 0.5498
vn -0.7665 0.5179 0.3798
vn -0.8708 0.4033 0.2812
vn 0.3434 0.7215 0.6013
vn 0.1858 0.7701 0.6103
vn -0.3183 0.7469 0.5838
vn -0.7376 0.5247 0.4250
vn -0.8549 0.4074 0.3212
vn 0.3669 0.6677 0.6478
vn 0.2112 0.7220 0.6589
vn -0.2922 0.7094 0.6414
vn -0.7169 0.5034 0.4823
vn -0.8370 0.3948 0.3790
vn 0.3905 0.5968 0.7010
vn 0.2367 0.6516 0.7207
vn -0.2660 0.6450 0.7164
vn -0.6960 0.4565 0.5542
vn -0.8192 0.3580 0.4480
vn 0.4146 0.4928 0.7650
vn 0.2637 0.5460 0.7952
vn -0.2380 0.5409 0.8067
vn -0.6726 0.3723 0.6396
vn -0.7980 0.2866 0.5302
vn 0.4431 0.3342 0.8318
vn 0.2965 0.3798 0.8763
vn -0.2032 0.3679 0.9074
vn -0.6421 0.2254 0.7328
vn -0.7692 0.1584 0.6191
vn 0.4840 0.0779 0.8716
vn 0.3459 0.1059 0.9323
vn -0.1500 0.0736 0.9859
vn -0.5937 -0.0306 0.8041
vn -0.7226 -0.0675 0.6880
vn 0.5360 -0.1803 0.8247
vn 0.4073 -0.1718 0.8970
vn -0.0841 -0.2438 0.9662
vn -0.5328 -0.3060 0.7890
vn -0.6629 -0.3170 0.6783
vn 0.5874 -0.2575 0.7672
vn 0.4510 -0.2742 0.8493
vn -0.0339 -0.3805 0.9242
vn -0.4914 -0.4326 0.7559
vn -0.6302 -0.4359 0.6425
vn 0.6189 -0.2331 0.7501
vn 0.4748 -0.2762 0.8356
vn 0.0038 -0.4100 0.9121
vn -0.4582 -0.4789 0.7488
vn -0.6056 -0.4768 0.6371
vn 0.6466 -0.2257 0.7287
vn 0.5059 -0.2867 0.8135
vn 0.0424 -0.4494 0.8923
vn -0.4204 -0.5301 0.7364
vn -0.5689 -0.5299 0.6289
vn 0.6740 -0.2144 0.7070
vn 0.5378 -0.2920 0.7909
vn 0.0837 -0.4837 0.8712
vn -0.3787 -0.5773 0.7234
vn -0.5281 -0.5792 0.6209
vn 0.7007 -0.1979 0.6855
vn 0.5702 -0.2902 0.7685
vn 0.1274 -0.5106 0.8503
vn -0.3315 -0.6186 0.7124
vn -0.4806 -0.6233 0.6169
vn 0.7301 -0.1722 0.6613
vn 0.6073 -0.2784 0.7441
vn 0.1781 -0.5289 0.8298
vn -0.2679 -0.6547 0.7069
vn -0.4083 -0.6653 0.6251
vn -0.6944 0.2080 -0.6889
vn -0.6214 0.2751 -0.7336
vn -0.1663 0.5545 -0.8154
vn 0.3702 0.6900 -0.6220
vn 0.4892 0.6898 -0.5338
vn 0.6309 0.6542 0.4171
vn 0.5256 0.7730 0.3553
vn 0.0115 0.9600 0.2797
vn -0.4442 0.8847 0.1416
vn -0.5904 0.8065 0.0308
vn 0.7356 0.5484 0.3976
vn 0.6223 0.6813 0.3856
vn 0.1688 0.9033 0.3945
vn -0.3120 0.9035 0.2939
vn -0.4996 0.8473 0.1802
vn 0.7816 0.3885 0.4880
vn 0.6556 0.5632 0.5030
vn 0.2292 0.8012 0.5527
vn -0.2539 0.8405 0.4787
vn -0.4369 0.8148 0.3811
vn 0.7888 0.2803 0.5471
vn 0.6788 0.4275 0.5970
vn 0.2532 0.6585 0.7088
vn -0.2312 0.7128 0.6622
vn -0.4080 0.7010 0.5849
vn 0.7892 0.2004 0.5805
vn 0.6780 0.2893 0.6758
vn 0.2458 0.4706 0.8474
vn -0.2413 0.5173 0.8211
vn -0.4073 0.5056 0.7606
vn 0.7785 0.0933 0.6206
vn 0.6500 0.1401 0.7469
vn 0.2115 0.2516 0.9444
vn -0.2796 0.2754 0.9198
vn -0.4305 0.2583 0.8648
vn 0.7454 -0.0185 0.6664
vn 0.6012 -0.0153 0.7990
vn 0.1501 0.0247 0.9884
vn -0.3410 0.0303 0.9396
vn -0.4763 0.0155 0.8791
vn 0.6792 -0.1394 0.7206
vn 0.5219 -0.1651 0.8369
vn 0.0561 -0.1769 0.9826
vn -0.4256 -0.1728 0.8883
vn -0.5485 -0.1740 0.8178
vn 0.5476 -0.2848 0.7868
vn 0.3840 -0.3213 0.8656
vn -0.0938 -0.3483 0.9327
vn -0.5446 -0.3168 0.7766
vn -0.6547 -0.2932 0.6968
vn -0.6410 0.3386 -0.6888
vn -0.4875 0.3713 -0.7902
vn 0.0421 0.4180 -0.9075
vn 0.5638 0.3821 -0.7322
vn 0.6750 0.3600 -0.6440
vn -0.0156 0.9373 0.3481
vn -0.1220 0.9162 -0.3816
vn -0.1891 0.9696 -0.1554
vn -0.1307 0.7777 0.6149
vn -0.0143 0.9885 -0.1505
vn -0.6718 0.7106 -0.2092
vn -0.4114 0.1660 0.8962
vn -0.5330 0.8268 -0.1799
vn -0.0371 0.9940 0.1030
vn 0.5967 0.2063 0.7755
vn 0.7908 0.2329 0.5660
vn 0.5551 -0.0320 0.8312
vn 0.0514 0.9588 0.2794
vn -0.6888 0.6151 -0.3836
vn -0.3319 0.6181 -0.7126
vn -0.6517 0.4260 -0.6276
vn -0.2300 0.6327 -0.7395
vn 0.1102 0.0108 0.9939
vn 0.5022 0.5205 0.6906
vn 0.4026 0.5844 0.7046
vn -0.4156 0.5599 -0.7168
vn -0.6188 0.6879 -0.3792
vn -0.1372 0.9488 -0.2845
vn -0.4245 0.8593 -0.2854
vn -0.5854 0.6089 -0.5353
vn -0.2581 0.9137 -0.3139
vn -0.2632 0.7497 -0.6072
vn -0.1659 0.9337 -0.3172
vn -0.3617 0.8580 -0.3648
vn -0.2606 0.7425 -0.6171
vn -0.3760 0.5055 0.7766
vn 0.7393 0.2239 0.6351
vn 0.1832 0.3143 0.9315
vn 0.1632 0.9439 0.2870
vn -0.1978 0.9112 -0.3613
vn -0.0082 0.9763 -0.2162
vn 0.4276 0.7983 0.4241
vn -0.1471 0.9832 -0.1080
vn 0.3164 0.7694 -0.5549
vn 0.8613 0.2129 0.4614
vn 0.2325 0.8691 -0.4367
vn 0.0267 0.9963 0.0812
vn -0.0102 0.1839 0.9829
vn -0.2931 0.1929 0.9364
vn 0.0723 -0.0498 0.9961
vn 0.0670 0.9594 0.2741
vn 0.2834 0.6431 -0.7114
vn -0.2267 0.3857 -0.8943
vn 0.0200 0.3914 -0.9200
vn -0.3080 0.5104 -0.8029
vn 0.5198 0.0259 0.8539
vn -0.0083 0.5016 0.8650
vn 0.0745 0.5723 0.8167
vn -0.1508 0.5931 -0.7909
vn 0.1912 0.7479 -0.6357
vn -0.1280 0.9505 -0.2830
vn 0.1075 0.8839 -0.4552
vn 0.1077 0.5865 -0.8028
vn -0.0441 0.9210 -0.3870
vn -0.2075 0.6459 -0.7346
vn -0.1240 0.9353 -0.3313
vn -0.0008 0.8782 -0.4783
vn -0.2421 0.7119 -0.6592
vn 0.7379 0.5466 0.3960
vn -0.2097 0.1889 0.9594
vn 0.4041 0.3224 0.8560
vn 0.5035 -0.3867 0.7727
vn 0.6769 -0.1122 0.7275
vn 0.5166 -0.3587 0.7775
vn 0.6662 -0.1455 0.7315
vn 0.9444 0.0558 0.3241
vn 0.9214 0.0297 0.3874
vn 0.9621 0.0814 0.2602
vn 0.5704 -0.2840 0.7708
vn 0.5870 -0.2697 0.7633
vn 0.8369 -0.0136 0.5472
vn 0.8275 -0.0191 0.5611
vn 0.1006 -0.4015 0.9103
vn -0.0819 -0.1402 0.9867
vn 0.0914 -0.3744 0.9228
vn -0.0688 -0.1726 0.9826
vn -0.5505 0.0007 0.8348
vn -0.4919 -0.0224 0.8704
vn -0.6052 0.0236 0.7957
vn 0.0399 -0.3035 0.9520
vn 0.0213 -0.2906 0.9566
vn -0.3247 -0.0565 0.9441
vn -0.3085 -0.0610 0.9493
vt 0.071429 0.312500
vt 0.000000 0.250000
vt 0.000000 0.312500
vt 0.071429 0.375000
vt 0.000000 0.375000
vt 0.071429 0.437500
vt 0.000000 0.437500
vt 0.071429 0.500000
vt 0.000000 0.500000
vt 0.142857 0.312500
vt 0.071429 0.250000
vt 0.142857 0.375000
vt 0.142857 0.437500
vt 0.142857 0.500000
vt 0.214286 0.250000
vt 0.142857 0.250000
vt 0.214286 0.375000
vt 0.214286 0.437500
vt 0.214286 0.500000
vt 0.214286 0.312500
vt 0.285714 0.250000
vt 0.285714 0.312500
vt 0.285714 0.375000
vt 0.285714 0.500000
vt 0.357143 0.250000
vt 0.357143 0.312500
vt 0.285714 0.437500
vt 0.357143 0.375000
vt 0.357143 0.500000
vt 0.428571 0.250000
vt 0.428571 0.312500
vt 0.357143 0.437500
vt 0.428571 0.375000
vt 0.428571 0.437500
vt 0.500000 0.250000
vt 0.500000 0.312500
vt 0.500000 0.375000
vt 0.500000 0.500000
vt 0.428571 0.500000
vt 0.571429 0.250000
vt 0.571429 0.312500
vt 0.500000 0.437500
vt 0.571429 0.375000
vt 0.571429 0.500000
vt 0.642857 0.250000
vt 0.642857 0.312500
vt 0.571429 0.437500
vt 0.642857 0.375000
vt 0.642857 0.500000
vt 0.714286 0.250000
vt 0.714286 0.312500
vt 0.642857 0.437500
vt 0.714286 0.375000
vt 0.714286 0.500000
vt 0.785714 0.250000
vt 0.785714 0.312500
vt 0.714286 0.437500
vt 0.785714 0.375000
vt 0.785714 0.500000
vt 0.857143 0.250000
vt 0.857143 0.312500
vt 0.857143 0.437500
vt 0.785714 0.437500
vt 0.857143 0.500000
vt 0.928571 0.250000
vt 0.857143 0.375000
vt 0.928571 0.312500
vt 0.928571 0.437500
vt 0.928571 0.500000
vt 1.000000 0.250000
vt 1.000000 0.375000
vt 0.928571 0.375000
vt 1.000000 0.437500
vt 0.052632 0.250000
vt 0.052632 0.312500
vt 0.052632 0.437500
vt 0.052632 0.500000
vt 0.105263 0.250000
vt 0.052632 0.375000
vt 0.105263 0.312500
vt 0.105263 0.437500
vt 0.105263 0.500000
vt 0.157895 0.250000
vt 0.157895 0.375000
vt 0.105263 0.375000
vt 0.157895 0.437500
vt 0.157895 0.500000
vt 0.157895 0.312500
vt 0.210526 0.250000
vt 0.210526 0.375000
vt 0.210526 0.437500
vt 0.210526 0.500000
vt 0.210526 0.312500
vt 0.263158 0.250000
vt 0.263158 0.375000
vt 0.263158 0.437500
vt 0.263158 0.500000
vt 0.263158 0.312500
vt 0.315789 0.250000
vt 0.315789 0.375000
vt 0.315789 0.437500
vt 0.315789 0.500000
vt 0.315789 0.312500
vt 0.368421 0.250000
vt 0.368421 0.375000
vt 0.368421 0.437500
vt 0.368421 0.500000
vt 0.368421 0.312500
vt 0.421053 0.250000
vt 0.421053 0.375000
vt 0.421053 0.437500
vt 0.421053 0.500000
vt 0.421053 0.312500
vt 0.473684 0.250000
vt 0.473684 0.375000
vt 0.473684 0.437500
vt 0.473684 0.500000
vt 0.526316 0.312500
vt 0.473684 0.312500
vt 0.526316 0.375000
vt 0.526316 0.437500
vt 0.526316 0.500000
vt 0.578947 0.312500
vt 0.526316 0.250000
vt 0.578947 0.375000
vt 0.578947 0.437500
vt 0.578947 0.500000
vt 0.631579 0.312500
vt 0.578947 0.250000
vt 0.631579 0.375000
vt 0.631579 0.437500
vt 0.631579 0.500000
vt 0.684211 0.312500
vt 0.631579 0.250000
vt 0.684211 0.375000
vt 0.684211 0.437500
vt 0.684211 0.500000
vt 0.736842 0.312500
vt 0.684211 0.250000
vt 0.736842 0.375000
vt 0.736842 0.437500
vt 0.736842 0.500000
vt 0.789474 0.250000
vt 0.736842 0.250000
vt 0.789474 0.375000
vt 0.789474 0.437500
vt 0.789474 0.500000
vt 0.789474 0.312500
vt 0.842105 0.250000
vt 0.842105 0.312500
vt 0.842105 0.437500
vt 0.842105 0.500000
vt 0.894737 0.250000
vt 0.842105 0.375000
vt 0.894737 0.312500
vt 0.894737 0.437500
vt 0.894737 0.500000
vt 0.947368 0.250000
vt 0.894737 0.375000
vt 0.947368 0.312500
vt 0.947368 0.437500
vt 0.947368 0.500000
vt 0.947368 0.375000
vt 1.000000 0.312500
vt 0.111111 0.250000
vt 0.111111 0.312500
vt 0.111111 0.375000
vt 0.111111 0.437500
vt 0.222222 0.250000
vt 0.222222 0.312500
vt 0.222222 0.375000
vt 0.111111 0.500000
vt 0.222222 0.437500
vt 0.333333 0.250000
vt 0.333333 0.312500
vt 0.333333 0.375000
vt 0.222222 0.500000
vt 0.333333 0.437500
vt 0.444444 0.250000
vt 0.444444 0.312500
vt 0.444444 0.375000
vt 0.333333 0.500000
vt 0.444444 0.437500
vt 0.555556 0.250000
vt 0.555556 0.312500
vt 0.555556 0.375000
vt 0.444444 0.500000
vt 0.555556 0.437500
vt 0.666667 0.250000
vt 0.666667 0.312500
vt 0.666667 0.375000
vt 0.555556 0.500000
vt 0.666667 0.437500
vt 0.777778 0.250000
vt 0.777778 0.312500
vt 0.777778 0.375000
vt 0.777778 0.500000
vt 0.666667 0.500000
vt 0.888889 0.250000
vt 0.888889 0.312500
vt 0.777778 0.437500
vt 0.888889 0.375000
vt 0.888889 0.500000
vt 0.888889 0.437500
vt 1.000000 0.500000
vt 0.111111 0.000000
vt 0.000000 0.000000
vt 0.111111 0.250000
vt 0.000000 0.750000
vt 0.111111 0.500000
vt 0.000000 1.000000
vt 0.111111 0.750000
vt 0.222222 0.000000
vt 0.222222 0.250000
vt 0.222222 0.500000
vt 0.111111 1.000000
vt 0.222222 0.750000
vt 0.333333 0.000000
vt 0.222222 1.000000
vt 0.333333 0.750000
vt 0.444444 0.000000
vt 0.333333 1.000000
vt 0.444444 0.750000
vt 0.555556 0.000000
vt 0.444444 1.000000
vt 0.555556 0.750000
vt 0.666667 0.000000
vt 0.555556 1.000000
vt 0.666667 0.750000
vt 0.777778 0.000000
vt 0.666667 1.000000
vt 0.777778 0.750000
vt 0.888889 0.000000
vt 0.777778 1.000000
vt 0.888889 0.750000
vt 1.000000 0.000000
vt 0.888889 1.000000
vt 1.000000 0.750000
vt 0.000000 0.625000
vt 0.041667 0.500000
vt 0.041667 0.625000
vt 0.000000 0.875000
vt 0.041667 0.750000
vt 0.041667 0.875000
vt 0.083333 0.500000
vt 0.083333 0.625000
vt 0.083333 0.750000
vt 0.083333 1.000000
vt 0.041667 1.000000
vt 0.125000 0.500000
vt 0.125000 0.625000
vt 0.083333 0.875000
vt 0.125000 0.750000
vt 0.125000 1.000000
vt 0.166667 0.500000
vt 0.166667 0.625000
vt 0.125000 0.875000
vt 0.166667 0.750000
vt 0.166667 1.000000
vt 0.208333 0.500000
vt 0.208333 0.625000
vt 0.208333 0.875000
vt 0.166667 0.875000
vt 0.208333 1.000000
vt 0.250000 0.500000
vt 0.250000 0.750000
vt 0.208333 0.750000
vt 0.250000 0.875000
vt 0.250000 1.000000
vt 0.250000 0.625000
vt 0.291667 0.500000
vt 0.291667 0.750000
vt 0.291667 0.875000
vt 0.291667 1.000000
vt 0.291667 0.625000
vt 0.333333 0.875000
vt 0.375000 0.625000
vt 0.333333 0.625000
vt 0.375000 0.750000
vt 0.375000 0.875000
vt 0.375000 1.000000
vt 0.416667 0.625000
vt 0.375000 0.500000
vt 0.416667 0.750000
vt 0.416667 0.875000
vt 0.416667 1.000000
vt 0.458333 0.625000
vt 0.416667 0.500000
vt 0.458333 0.750000
vt 0.458333 0.875000
vt 0.458333 1.000000
vt 0.500000 0.625000
vt 0.458333 0.500000
vt 0.500000 0.750000
vt 0.500000 0.875000
vt 0.500000 1.000000
vt 0.541667 0.625000
vt 0.541667 0.750000
vt 0.541667 0.875000
vt 0.541667 1.000000
vt 0.583333 0.500000
vt 0.541667 0.500000
vt 0.583333 0.750000
vt 0.583333 0.875000
vt 0.583333 1.000000
vt 0.583333 0.625000
vt 0.625000 0.500000
vt 0.625000 0.750000
vt 0.625000 0.875000
vt 0.625000 1.000000
vt 0.625000 0.625000
vt 0.666667 0.875000
vt 0.666667 0.625000
vt 0.708333 0.500000
vt 0.708333 0.750000
vt 0.708333 0.875000
vt 0.708333 1.000000
vt 0.708333 0.625000
vt 0.750000 0.500000
vt 0.750000 0.625000
vt 0.750000 0.875000
vt 0.750000 1.000000
vt 0.791667 0.500000
vt 0.750000 0.750000
vt 0.791667 0.625000
vt 0.791667 0.875000
vt 0.791667 1.000000
vt 0.833333 0.500000
vt 0.791667 0.750000
vt 0.833333 0.625000
vt 0.833333 0.875000
vt 0.833333 1.000000
vt 0.875000 0.500000
vt 0.833333 0.750000
vt 0.875000 0.625000
vt 0.875000 0.875000
vt 0.875000 1.000000
vt 0.916667 0.500000
vt 0.916667 0.750000
vt 0.875000 0.750000
vt 0.916667 0.875000
vt 0.916667 1.000000
vt 0.916667 0.625000
vt 0.958333 0.500000
vt 0.958333 0.750000
vt 0.958333 0.875000
vt 0.958333 1.000000
vt 0.958333 0.625000
vt 1.000000 0.625000
vt 1.000000 0.875000
vt 0.052632 0.625000
vt 0.052632 0.750000
vt 0.052632 1.000000
vt 0.105263 0.625000
vt 0.052632 0.875000
vt 0.105263 0.750000
vt 0.105263 0.875000
vt 0.157895 0.625000
vt 0.157895 0.750000
vt 0.105263 1.000000
vt 0.157895 0.875000
vt 0.210526 0.625000
vt 0.210526 0.750000
vt 0.157895 1.000000
vt 0.210526 0.875000
vt 0.263158 0.625000
vt 0.263158 0.750000
vt 0.210526 1.000000
vt 0.263158 0.875000
vt 0.315789 0.625000
vt 0.315789 0.750000
vt 0.263158 1.000000
vt 0.315789 0.875000
vt 0.368421 0.625000
vt 0.368421 0.750000
vt 0.315789 1.000000
vt 0.368421 0.875000
vt 0.421053 0.625000
vt 0.421053 0.750000
vt 0.421053 1.000000
vt 0.368421 1.000000
vt 0.473684 0.625000
vt 0.421053 0.875000
vt 0.473684 0.750000
vt 0.473684 1.000000
vt 0.526316 0.625000
vt 0.526316 0.875000
vt 0.473684 0.875000
vt 0.526316 1.000000
vt 0.578947 0.750000
vt 0.526316 0.750000
vt 0.578947 0.875000
vt 0.578947 1.000000
vt 0.578947 0.625000
vt 0.631579 0.750000
vt 0.631579 0.875000
vt 0.631579 1.000000
vt 0.631579 0.625000
vt 0.684211 0.625000
vt 0.684211 0.875000
vt 0.684211 1.000000
vt 0.684211 0.750000
vt 0.736842 0.625000
vt 0.736842 0.875000
vt 0.736842 1.000000
vt 0.736842 0.750000
vt 0.789474 0.625000
vt 0.789474 0.875000
vt 0.789474 1.000000
vt 0.789474 0.750000
vt 0.842105 0.625000
vt 0.842105 0.750000
vt 0.842105 1.000000
vt 0.894737 0.625000
vt 0.842105 0.875000
vt 0.894737 0.750000
vt 0.894737 1.000000
vt 0.947368 0.625000
vt 0.894737 0.875000
vt 0.947368 0.750000
vt 0.947368 1.000000
vt 0.947368 0.875000
vt 0.029412 0.625000
vt 0.029412 0.750000
vt 0.029412 0.875000
vt 0.058824 0.625000
vt 0.029412 0.500000
vt 0.058824 0.750000
vt 0.029412 1.000000
vt 0.058824 0.875000
vt 0.088235 0.625000
vt 0.058824 0.500000
vt 0.088235 0.750000
vt 0.058824 1.000000
vt 0.088235 0.875000
vt 0.117647 0.625000
vt 0.088235 0.500000
vt 0.117647 0.750000
vt 0.088235 1.000000
vt 0.117647 0.875000
vt 0.147059 0.500000
vt 0.117647 0.500000
vt 0.147059 0.625000
vt 0.147059 0.750000
vt 0.117647 1.000000
vt 0.147059 0.875000
vt 0.176471 0.500000
vt 0.176471 0.625000
vt 0.176471 0.750000
vt 0.147059 1.000000
vt 0.176471 0.875000
vt 0.205882 0.500000
vt 0.205882 0.625000
vt 0.205882 0.750000
vt 0.176471 1.000000
vt 0.205882 0.875000
vt 0.235294 0.500000
vt 0.235294 0.625000
vt 0.235294 0.750000
vt 0.205882 1.000000
vt 0.235294 0.875000
vt 0.264706 0.500000
vt 0.264706 0.625000
vt 0.264706 0.750000
vt 0.235294 1.000000
vt 0.264706 0.875000
vt 0.294118 0.500000
vt 0.294118 0.625000
vt 0.294118 0.750000
vt 0.264706 1.000000
vt 0.294118 0.875000
vt 0.323529 0.500000
vt 0.323529 0.625000
vt 0.323529 0.750000
vt 0.294118 1.000000
vt 0.323529 0.875000
vt 0.352941 0.500000
vt 0.352941 0.625000
vt 0.352941 0.750000
vt 0.323529 1.000000
vt 0.352941 0.875000
vt 0.382353 0.500000
vt 0.382353 0.625000
vt 0.382353 0.750000
vt 0.352941 1.000000
vt 0.382353 0.875000
vt 0.411765 0.500000
vt 0.411765 0.625000
vt 0.411765 0.750000
vt 0.382353 1.000000
vt 0.411765 0.875000
vt 0.441176 0.500000
vt 0.441176 0.625000
vt 0.441176 0.750000
vt 0.411765 1.000000
vt 0.441176 0.875000
vt 0.470588 0.500000
vt 0.470588 0.625000
vt 0.470588 0.750000
vt 0.441176 1.000000
vt 0.470588 0.875000
vt 0.470588 1.000000
vt 0.529412 0.500000
vt 0.529412 0.625000
vt 0.529412 0.750000
vt 0.529412 0.875000
vt 0.558824 0.500000
vt 0.558824 0.625000
vt 0.558824 0.750000
vt 0.529412 1.000000
vt 0.558824 0.875000
vt 0.588235 0.500000
vt 0.588235 0.625000
vt 0.588235 0.750000
vt 0.558824 1.000000
vt 0.588235 0.875000
vt 0.617647 0.500000
vt 0.617647 0.625000
vt 0.617647 0.750000
vt 0.588235 1.000000
vt 0.617647 0.875000
vt 0.647059 0.500000
vt 0.647059 0.625000
vt 0.647059 0.750000
vt 0.617647 1.000000
vt 0.647059 0.875000
vt 0.676471 0.500000
vt 0.676471 0.625000
vt 0.676471 0.750000
vt 0.676471 1.000000
vt 0.647059 1.000000
vt 0.705882 0.500000
vt 0.705882 0.625000
vt 0.676471 0.875000
vt 0.705882 0.750000
vt 0.705882 1.000000
vt 0.735294 0.500000
vt 0.735294 0.750000
vt 0.735294 0.875000
vt 0.705882 0.875000
vt 0.735294 1.000000
vt 0.735294 0.625000
vt 0.764706 0.500000
vt 0.764706 0.750000
vt 0.764706 0.875000
vt 0.764706 1.000000
vt 0.764706 0.625000
vt 0.794118 0.500000
vt 0.794118 0.750000
vt 0.794118 0.875000
vt 0.794118 1.000000
vt 0.794118 0.625000
vt 0.823529 0.500000
vt 0.823529 0.750000
vt 0.823529 0.875000
vt 0.823529 1.000000
vt 0.823529 0.625000
vt 0.852941 0.500000
vt 0.852941 0.750000
vt 0.852941 0.875000
vt 0.852941 1.000000
vt 0.852941 0.625000
vt 0.882353 0.500000
vt 0.882353 0.750000
vt 0.882353 0.875000
vt 0.882353 1.000000
vt 0.882353 0.625000
vt 0.911765 0.500000
vt 0.911765 0.625000
vt 0.911765 0.875000
vt 0.911765 1.000000
vt 0.941176 0.500000
vt 0.911765 0.750000
vt 0.941176 0.625000
vt 0.941176 0.750000
vt 0.941176 1.000000
vt 0.970588 0.500000
vt 0.970588 0.625000
vt 0.941176 0.875000
vt 0.970588 0.750000
vt 0.970588 1.000000
vt 0.970588 0.875000
vt 0.034483 0.625000
vt 0.034483 0.750000
vt 0.034483 0.875000
vt 0.068966 0.625000
vt 0.034483 0.500000
vt 0.068966 0.750000
vt 0.034483 1.000000
vt 0.068966 0.875000
vt 0.103448 0.625000
vt 0.068966 0.500000
vt 0.103448 0.750000
vt 0.068966 1.000000
vt 0.103448 0.875000
vt 0.137931 0.625000
vt 0.103448 0.500000
vt 0.137931 0.750000
vt 0.103448 1.000000
vt 0.137931 0.875000
vt 0.172414 0.625000
vt 0.137931 0.500000
vt 0.172414 0.750000
vt 0.172414 0.875000
vt 0.137931 1.000000
vt 0.206897 0.625000
vt 0.172414 0.500000
vt 0.206897 0.750000
vt 0.206897 0.875000
vt 0.206897 1.000000
vt 0.172414 1.000000
vt 0.241379 0.625000
vt 0.206897 0.500000
vt 0.241379 0.750000
vt 0.241379 0.875000
vt 0.241379 1.000000
vt 0.275862 0.625000
vt 0.241379 0.500000
vt 0.275862 0.750000
vt 0.275862 0.875000
vt 0.275862 1.000000
vt 0.310345 0.625000
vt 0.275862 0.500000
vt 0.310345 0.750000
vt 0.310345 0.875000
vt 0.310345 1.000000
vt 0.344828 0.625000
vt 0.310345 0.500000
vt 0.344828 0.750000
vt 0.344828 0.875000
vt 0.344828 1.000000
vt 0.379310 0.625000
vt 0.344828 0.500000
vt 0.379310 0.750000
vt 0.379310 0.875000
vt 0.379310 1.000000
vt 0.413793 0.625000
vt 0.379310 0.500000
vt 0.413793 0.750000
vt 0.413793 0.875000
vt 0.413793 1.000000
vt 0.448276 0.625000
vt 0.413793 0.500000
vt 0.448276 0.750000
vt 0.448276 0.875000
vt 0.448276 1.000000
vt 0.482759 0.625000
vt 0.448276 0.500000
vt 0.482759 0.750000
vt 0.482759 0.875000
vt 0.482759 1.000000
vt 0.517241 0.625000
vt 0.482759 0.500000
vt 0.517241 0.750000
vt 0.517241 0.875000
vt 0.517241 1.000000
vt 0.551724 0.625000
vt 0.517241 0.500000
vt 0.551724 0.750000
vt 0.551724 0.875000
vt 0.551724 1.000000
vt 0.586207 0.625000
vt 0.551724 0.500000
vt 0.586207 0.750000
vt 0.586207 0.875000
vt 0.586207 1.000000
vt 0.620690 0.625000
vt 0.586207 0.500000
vt 0.620690 0.750000
vt 0.620690 0.875000
vt 0.620690 1.000000
vt 0.655172 0.625000
vt 0.620690 0.500000
vt 0.655172 0.750000
vt 0.655172 0.875000
vt 0.655172 1.000000
vt 0.689655 0.625000
vt 0.655172 0.500000
vt 0.689655 0.750000
vt 0.689655 0.875000
vt 0.689655 1.000000
vt 0.724138 0.625000
vt 0.689655 0.500000
vt 0.724138 0.750000
vt 0.724138 0.875000
vt 0.724138 1.000000
vt 0.758621 0.500000
vt 0.724138 0.500000
vt 0.758621 0.750000
vt 0.758621 0.875000
vt 0.758621 1.000000
vt 0.758621 0.625000
vt 0.793103 0.500000
vt 0.793103 0.750000
vt 0.793103 0.875000
vt 0.793103 1.000000
vt 0.793103 0.625000
vt 0.827586 0.500000
vt 0.827586 0.625000
vt 0.827586 0.750000
vt 0.827586 1.000000
vt 0.862069 0.500000
vt 0.862069 0.625000
vt 0.827586 0.875000
vt 0.862069 0.750000
vt 0.862069 1.000000
vt 0.896552 0.500000
vt 0.896552 0.625000
vt 0.862069 0.875000
vt 0.896552 0.750000
vt 0.896552 1.000000
vt 0.931035 0.500000
vt 0.931035 0.625000
vt 0.896552 0.875000
vt 0.931035 0.750000
vt 0.931035 1.000000
vt 0.965517 0.500000
vt 0.965517 0.625000
vt 0.931035 0.875000
vt 0.965517 0.750000
vt 0.965517 1.000000
vt 0.965517 0.875000
vt 0.071429 0.625000
vt 0.071429 0.750000
vt 0.071429 0.875000
vt 0.071429 1.000000
vt 0.142857 0.625000
vt 0.142857 0.750000
vt 0.142857 0.875000
vt 0.142857 1.000000
vt 0.214286 0.625000
vt 0.214286 0.750000
vt 0.214286 0.875000
vt 0.214286 1.000000
vt 0.285714 0.625000
vt 0.285714 0.750000
vt 0.285714 0.875000
vt 0.285714 1.000000
vt 0.357143 0.750000
vt 0.357143 0.875000
vt 0.357143 1.000000
vt 0.357143 0.625000
vt 0.428571 0.750000
vt 0.428571 0.875000
vt 0.428571 1.000000
vt 0.428571 0.625000
vt 0.571429 0.625000
vt 0.571429 0.875000
vt 0.571429 1.000000
vt 0.571429 0.750000
vt 0.642857 0.625000
vt 0.642857 0.875000
vt 0.642857 1.000000
vt 0.714286 0.750000
vt 0.642857 0.750000
vt 0.714286 0.875000
vt 0.714286 1.000000
vt 0.714286 0.625000
vt 0.785714 0.750000
vt 0.785714 0.875000
vt 0.785714 1.000000
vt 0.785714 0.625000
vt 0.857143 0.750000
vt 0.857143 0.875000
vt 0.857143 1.000000
vt 0.857143 0.625000
vt 0.928571 0.750000
vt 0.928571 0.875000
vt 0.928571 1.000000
vt 0.928571 0.625000
vt 1.000000 1.000000
vt 0.111111 0.750000
vt 0.111111 0.875000
vt 0.111111 1.000000
vt 0.222222 0.625000
vt 0.111111 0.625000
vt 0.222222 0.750000
vt 0.222222 0.875000
vt 0.222222 1.000000
vt 0.444444 0.875000
vt 0.444444 0.625000
vt 0.555556 0.625000
vt 0.555556 0.875000
vt 0.777778 0.625000
vt 0.888889 0.625000
vt 0.777778 0.875000
vt 0.888889 0.875000
vt 0.185600 0.061239
vt 0.206902 0.054955
vt 0.195841 0.072623
vt 0.055958 0.066455
vt 0.110924 0.031314
vt 0.111805 0.047418
vt 0.172287 0.050245
vt 0.120924 0.055822
vt 0.172762 0.063542
vt 0.050939 0.083394
vt 0.186326 0.076640
vt 0.179501 0.071953
vt 0.082340 0.159660
vt 0.130484 0.160063
vt 0.080743 0.152038
vt 0.131289 0.169600
vt 0.175110 0.146423
vt 0.209394 0.151274
vt 0.178897 0.158702
vt 0.060746 0.145111
vt 0.049172 0.131205
vt 0.088021 0.168790
vt 0.082833 0.138942
vt 0.219113 0.168356
vt 0.168438 0.127118
vt 0.196965 0.131062
vt 0.184754 0.115894
vt 0.133641 0.183286
vt 0.185493 0.183398
vt 0.130402 0.143072
vt 0.192118 0.040212
vt 0.045885 0.112421
vt 0.172041 0.030907
vt 0.456620 0.150060
vt 0.513870 0.211085
vt 0.452446 0.199359
vt 0.568069 0.160244
vt 0.604860 0.221390
vt 0.564565 0.215826
vt 0.603544 0.165140
vt 0.702809 0.183079
vt 0.321453 0.176277
vt 0.336928 0.137933
vt 0.523737 0.156578
s 1
f 7/1/7 1/2/1 2/3/2
f 8/4/8 2/3/2 3/5/3
f 9/6/9 3/5/3 4/7/4
f 10/8/10 4/7/4 5/9/5
f 12/10/12 6/11/6 7/1/7
f 13/12/13 7/1/7 8/4/8
f 14/13/14 8/4/8 9/6/9
f 15/14/15 9/6/9 10/8/10
f 12/10/12 16/15/16 11/16/11
f 18/17/18 12/10/12 13/12/13
f 19/18/19 13/12/13 14/13/14
f 20/19/20 14/13/14 15/14/15
f 17/20/17 21/21/21 16/15/16
f 18/17/18 22/22/22 17/20/17
f 19/18/19 23/23/23 18/17/18
f 25/24/25 19/18/19 20/19/20
f 22/22/22 26/25/26 21/21/21
f 23/23/23 27/26/27 22/22/22
f 24/27/24 28/28/28 23/23/23
f 30/29/30 24/27/24 25/24/25
f 27/26/27 31/30/31 26/25/26
f 28/28/28 32/31/32 27/26/27
f 29/32/29 33/33/33 28/28/28
f 30/29/30 34/34/34 29/32/29
f 32/31/32 36/35/36 31/30/31
f 33/33/33 37/36/37 32/31/32
f 34/34/34 38/37/38 33/33/33
f 40/38/40 34/34/34 35/39/35
f 37/36/37 41/40/41 36/35/36
f 38/37/38 42/41/42 37/36/37
f 39/42/39 43/43/43 38/37/38
f 45/44/45 39/42/39 40/38/40
f 42/41/42 46/45/46 41/40/41
f 43/43/43 47/46/47 42/41/42
f 44/47/44 48/48/48 43/43/43
f 50/49/50 44/47/44 45/44/45
f 47/46/47 51/50/51 46/45/46
f 48/48/48 52/51/52 47/46/47
f 49/52/49 53/53/53 48/48/48
f 55/54/55 49/52/49 50/49/50
f 52/51/52 56/55/56 51/50/51
f 53/53/53 57/56/57 52/51/52
f 54/57/54 58/58/58 53/53/53
f 60/59/60 54/57/54 55/54/55
f 57/56/57 61/60/61 56/55/56
f 58/58/58 62/61/62 57/56/57
f 64/62/64 58/58/58 59/63/59
f 65/64/65 59/63/59 60/59/60
f 62/61/62 66/65/66 61/60/61
f 63/66/63 67/67/67 62/61/62
f 69/68/69 63/66/63 64/62/64
f 70/69/70 64/62/64 65/64/65
f 67/67/67 71/70/71 66/65/66
f 73/71/73 67/67/67 68/72/68
f 69/68/69 73/71/73 68/72/68
f 70/69/70 74/73/74 69/68/69
f 77/3/77 81/74/81 76/2/76
f 78/5/78 82/75/82 77/3/77
f 84/76/84 78/5/78 79/7/79
f 85/77/85 79/7/79 80/9/80
f 82/75/82 86/78/86 81/74/81
f 83/79/83 87/80/87 82/75/82
f 89/81/89 83/79/83 84/76/84
f 90/82/90 84/76/84 85/77/85
f 87/80/87 91/83/91 86/78/86
f 93/84/93 87/80/87 88/85/88
f 94/86/94 88/85/88 89/81/89
f 95/87/95 89/81/89 90/82/90
f 92/88/92 96/89/96 91/83/91
f 98/90/98 92/88/92 93/84/93
f 99/91/99 93/84/93 94/86/94
f 100/92/100 94/86/94 95/87/95
f 97/93/97 101/94/101 96/89/96
f 103/95/103 97/93/97 98/90/98
f 104/96/104 98/90/98 99/91/99
f 105/97/105 99/91/99 100/92/100
f 102/98/102 106/99/106 101/94/101
f 108/100/108 102/98/102 103/95/103
f 109/101/109 103/95/103 104/96/104
f 110/102/110 104/96/104 105/97/105
f 107/103/107 111/104/111 106/99/106
f 113/105/113 107/103/107 108/100/108
f 114/106/114 108/100/108 109/101/109
f 115/107/115 109/101/109 110/102/110
f 112/108/112 116/109/116 111/104/111
f 118/110/118 112/108/112 113/105/113
f 119/111/119 113/105/113 114/106/114
f 120/112/120 114/106/114 115/107/115
f 117/113/117 121/114/121 116/109/116
f 123/115/123 117/113/117 118/110/118
f 124/116/124 118/110/118 119/111/119
f 125/117/125 119/111/119 120/112/120
f 127/118/127 121/114/121 122/119/122
f 128/120/128 122/119/122 123/115/123
f 129/121/129 123/115/123 124/116/124
f 130/122/130 124/116/124 125/117/125
f 132/123/132 126/124/126 127/118/127
f 133/125/133 127/118/127 128/120/128
f 134/126/134 128/120/128 129/121/129
f 135/127/135 129/121/129 130/122/130
f 137/128/137 131/129/131 132/123/132
f 138/130/138 132/123/132 133/125/133
f 139/131/139 133/125/133 134/126/134
f 140/132/140 134/126/134 135/127/135
f 142/133/142 136/134/136 137/128/137
f 143/135/143 137/128/137 138/130/138
f 144/136/144 138/130/138 139/131/139
f 145/137/145 139/131/139 140/132/140
f 147/138/147 141/139/141 142/133/142
f 148/140/148 142/133/142 143/135/143
f 149/141/149 143/135/143 144/136/144
f 150/142/150 144/136/144 145/137/145
f 147/138/147 151/143/151 146/144/146
f 153/145/153 147/138/147 148/140/148
f 154/146/154 148/140/148 149/141/149
f 155/147/155 149/141/149 150/142/150
f 152/148/152 156/149/156 151/143/151
f 153/145/153 157/150/157 152/148/152
f 159/151/159 153/145/153 154/146/154
f 160/152/160 154/146/154 155/147/155
f 157/150/157 161/153/161 156/149/156
f 158/154/158 162/155/162 157/150/157
f 164/156/164 158/154/158 159/151/159
f 165/157/165 159/151/159 160/152/160
f 162/155/162 166/158/166 161/153/161
f 163/159/163 167/160/167 162/155/162
f 169/161/169 163/159/163 164/156/164
f 170/162/170 164/156/164 165/157/165
f 167/160/167 171/70/171 166/158/166
f 168/163/168 172/164/172 167/160/167
f 169/161/169 173/71/173 168/163/168
f 170/162/170 174/73/174 169/161/169
f 177/3/177 181/165/181 176/2/176
f 178/5/178 182/166/182 177/3/177
f 179/7/179 183/167/183 178/5/178
f 180/9/180 184/168/184 179/7/179
f 182/166/182 186/169/186 181/165/181
f 183/167/183 187/170/187 182/166/182
f 184/168/184 188/171/188 183/167/183
f 185/172/185 189/173/189 184/168/184
f 187/170/187 191/174/191 186/169/186
f 188/171/188 192/175/192 187/170/187
f 189/173/189 193/176/193 188/171/188
f 190/177/190 194/178/194 189/173/189
f 192/175/192 196/179/196 191/174/191
f 193/176/193 197/180/197 192/175/192
f 194/178/194 198/181/198 193/176/193
f 195/182/195 199/183/199 194/178/194
f 197/180/197 201/184/201 196/179/196
f 198/181/198 202/185/202 197/180/197
f 199/183/199 203/186/203 198/181/198
f 200/187/200 204/188/204 199/183/199
f 202/185/202 206/189/206 201/184/201
f 203/186/203 207/190/207 202/185/202
f 204/188/204 208/191/208 203/186/203
f 205/192/205 209/193/209 204/188/204
f 207/190/207 211/194/211 206/189/206
f 208/191/208 212/195/212 207/190/207
f 209/193/209 213/196/213 208/191/208
f 215/197/215 209/193/209 210/198/210
f 212/195/212 216/199/216 211/194/211
f 213/196/213 217/200/217 212/195/212
f 214/201/214 218/202/218 213/196/213
f 220/203/220 214/201/214 215/197/215
f 217/200/217 221/70/221 216/199/216
f 218/202/218 222/164/222 217/200/217
f 219/204/219 223/71/223 218/202/218
f 225/205/225 219/204/219 220/203/220
f 227/2/227 231/206/231 226/207/226
f 228/9/228 232/208/232 227/2/227
f 229/209/229 233/210/233 228/9/228
f 230/211/230 234/212/234 229/209/229
f 232/208/232 236/213/236 231/206/231
f 233/210/233 237/214/237 232/208/232
f 234/212/234 238/215/238 233/210/233
f 235/216/235 239/217/239 234/212/234
f 237/214/237 241/218/241 236/213/236
f 238/215/238 242/174/242 237/214/237
f 239/217/239 243/182/243 238/215/238
f 240/219/240 244/220/244 239/217/239
f 242/174/242 246/221/246 241/218/241
f 243/182/243 247/179/247 242/174/242
f 244/220/244 248/187/248 243/182/243
f 245/222/245 249/223/249 244/220/244
f 247/179/247 251/224/251 246/221/246
f 248/187/248 252/184/252 247/179/247
f 249/223/249 253/192/253 248/187/248
f 250/225/250 254/226/254 249/223/249
f 252/184/252 256/227/256 251/224/251
f 253/192/253 257/189/257 252/184/252
f 254/226/254 258/198/258 253/192/253
f 255/228/255 259/229/259 254/226/254
f 257/189/257 261/230/261 256/227/256
f 258/198/258 262/194/262 257/189/257
f 259/229/259 263/197/263 258/198/258
f 260/231/260 264/232/264 259/229/259
f 262/194/262 266/233/266 261/230/261
f 263/197/263 267/199/267 262/194/262
f 264/232/264 268/203/268 263/197/263
f 265/234/265 269/235/269 264/232/264
f 267/199/267 271/236/271 266/233/266
f 268/203/268 272/70/272 267/199/267
f 269/235/269 273/205/273 268/203/268
f 270/237/270 274/238/274 269/235/269
f 277/3/277 281/165/281 276/2/276
f 278/5/278 282/166/282 277/3/277
f 279/7/279 283/167/283 278/5/278
f 280/9/280 284/168/284 279/7/279
f 282/166/282 286/169/286 281/165/281
f 283/167/283 287/170/287 282/166/282
f 284/168/284 288/171/288 283/167/283
f 285/172/285 289/173/289 284/168/284
f 287/170/287 291/174/291 286/169/286
f 288/171/288 292/175/292 287/170/287
f 289/173/289 293/176/293 288/171/288
f 290/177/290 294/178/294 289/173/289
f 292/175/292 296/179/296 291/174/291
f 293/176/293 297/180/297 292/175/292
f 294/178/294 298/181/298 293/176/293
f 295/182/295 299/183/299 294/178/294
f 297/180/297 301/184/301 296/179/296
f 298/181/298 302/185/302 297/180/297
f 299/183/299 303/186/303 298/181/298
f 300/187/300 304/188/304 299/183/299
f 302/185/302 306/189/306 301/184/301
f 303/186/303 307/190/307 302/185/302
f 304/188/304 308/191/308 303/186/303
f 305/192/305 309/193/309 304/188/304
f 307/190/307 311/194/311 306/189/306
f 308/191/308 312/195/312 307/190/307
f 309/193/309 313/196/313 308/191/308
f 310/198/310 314/201/314 309/193/309
f 312/195/312 316/199/316 311/194/311
f 313/196/313 317/200/317 312/195/312
f 314/201/314 318/202/318 313/196/313
f 315/197/315 319/204/319 314/201/314
f 317/200/317 321/70/321 316/199/316
f 318/202/318 322/164/322 317/200/317
f 319/204/319 323/71/323 318/202/318
f 320/203/320 324/73/324 319/204/319
f 326/2/326 332/1/332 327/3/327
f 327/3/327 333/4/333 328/5/328
f 328/5/328 334/6/334 329/7/329
f 329/7/329 335/8/335 330/9/330
f 331/11/331 337/10/337 332/1/332
f 332/1/332 338/12/338 333/4/333
f 333/4/333 339/13/339 334/6/334
f 334/6/334 340/14/340 335/8/335
f 337/10/337 341/15/341 342/20/342
f 337/10/337 343/17/343 338/12/338
f 338/12/338 344/18/344 339/13/339
f 339/13/339 345/19/345 340/14/340
f 342/20/342 346/21/346 347/22/347
f 343/17/343 347/22/347 348/23/348
f 344/18/344 348/23/348 349/27/349
f 344/18/344 350/24/350 345/19/345
f 347/22/347 351/25/351 352/26/352
f 348/23/348 352/26/352 353/28/353
f 349/27/349 353/28/353 354/32/354
f 349/27/349 355/29/355 350/24/350
f 352/26/352 356/30/356 357/31/357
f 353/28/353 357/31/357 358/33/358
f 354/32/354 358/33/358 359/34/359
f 355/29/355 359/34/359 360/39/360
f 357/31/357 361/35/361 362/36/362
f 358/33/358 362/36/362 363/37/363
f 359/34/359 363/37/363 364/42/364
f 359/34/359 365/38/365 360/39/360
f 362/36/362 366/40/366 367/41/367
f 363/37/363 367/41/367 368/43/368
f 364/42/364 368/43/368 369/47/369
f 364/42/364 370/44/370 365/38/365
f 367/41/367 371/45/371 372/46/372
f 368/43/368 372/46/372 373/48/373
f 369/47/369 373/48/373 374/52/374
f 369/47/369 375/49/375 370/44/370
f 372/46/372 376/50/376 377/51/377
f 373/48/373 377/51/377 378/53/378
f 374/52/374 378/53/378 379/57/379
f 374/52/374 380/54/380 375/49/375
f 377/51/377 381/55/381 382/56/382
f 378/53/378 382/56/382 383/58/383
f 379/57/379 383/58/383 384/63/384
f 379/57/379 385/59/385 380/54/380
f 382/56/382 386/60/386 387/61/387
f 383/58/383 387/61/387 388/66/388
f 383/58/383 389/62/389 384/63/384
f 384/63/384 390/64/390 385/59/385
f 387/61/387 391/65/391 392/67/392
f 388/66/388 392/67/392 393/72/393
f 388/66/388 394/68/394 389/62/389
f 389/62/389 395/69/395 390/64/390
f 392/67/392 396/70/396 397/164/397
f 393/72/393 397/164/397 398/71/398
f 394/68/394 398/71/398 399/73/399
f 395/69/395 399/73/399 400/205/75
f 402/3/401 406/74/405 407/75/406
f 403/5/402 407/75/406 408/79/407
f 403/5/402 409/76/408 404/7/403
f 404/7/403 410/77/409 405/9/404
f 407/75/406 411/78/410 412/80/411
f 408/79/407 412/80/411 413/85/412
f 408/79/407 414/81/413 409/76/408
f 409/76/408 415/82/414 410/77/409
f 412/80/411 416/83/415 417/88/416
f 412/80/411 418/84/417 413/85/412
f 413/85/412 419/86/418 414/81/413
f 414/81/413 420/87/419 415/82/414
f 417/88/416 421/89/420 422/93/421
f 417/88/416 423/90/422 418/84/417
f 418/84/417 424/91/423 419/86/418
f 419/86/418 425/92/424 420/87/419
f 422/93/421 426/94/425 427/98/426
f 422/93/421 428/95/427 423/90/422
f 423/90/422 429/96/428 424/91/423
f 424/91/423 430/97/429 425/92/424
f 427/98/426 431/99/430 432/103/431
f 427/98/426 433/100/432 428/95/427
f 428/95/427 434/101/433 429/96/428
f 429/96/428 435/102/434 430/97/429
f 432/103/431 436/104/435 437/108/436
f 432/103/431 438/105/437 433/100/432
f 433/100/432 439/106/438 434/101/433
f 434/101/433 440/107/439 435/102/434
f 437/108/436 441/109/440 442/113/441
f 437/108/436 443/110/442 438/105/437
f 438/105/437 444/111/443 439/106/438
f 439/106/438 445/112/444 440/107/439
f 442/113/441 446/114/445 447/119/446
f 442/113/441 448/115/447 443/110/442
f 443/110/442 449/116/448 444/111/443
f 444/111/443 450/117/449 445/112/444
f 446/114/445 452/118/451 447/119/446
f 447/119/446 453/120/452 448/115/447
f 448/115/447 454/121/453 449/116/448
f 449/116/448 455/122/454 450/117/449
f 451/124/450 457/123/456 452/118/451
f 452/118/451 458/125/457 453/120/452
f 453/120/452 459/126/458 454/121/453
f 454/121/453 460/127/459 455/122/454
f 456/129/455 462/128/461 457/123/456
f 457/123/456 463/130/462 458/125/457
f 458/125/457 464/131/463 459/126/458
f 459/126/458 465/132/464 460/127/459
f 461/134/460 467/133/466 462/128/461
f 462/128/461 468/135/467 463/130/462
f 463/130/462 469/136/468 464/131/463
f 464/131/463 470/137/469 465/132/464
f 466/139/465 472/138/471 467/133/466
f 467/133/466 473/140/472 468/135/467
f 468/135/467 474/141/473 469/136/468
f 469/136/468 475/142/474 470/137/469
f 472/138/471 476/143/475 477/148/476
f 472/138/471 478/145/477 473/140/472
f 473/140/472 479/146/478 474/141/473
f 474/141/473 480/147/479 475/142/474
f 477/148/476 481/149/480 482/150/481
f 478/145/477 482/150/481 483/154/482
f 478/145/477 484/151/483 479/146/478
f 479/146/478 485/152/484 480/147/479
f 482/150/481 486/153/485 487/155/486
f 483/154/482 487/155/486 488/159/487
f 483/154/482 489/156/488 484/151/483
f 484/151/483 490/157/489 485/152/484
f 487/155/486 491/158/490 492/160/491
f 488/159/487 492/160/491 493/163/492
f 488/159/487 494/161/493 489/156/488
f 489/156/488 495/162/494 490/157/489
f 491/158/490 497/164/496 492/160/491
f 493/163/492 497/164/496 498/71/497
f 493/163/492 499/73/498 494/161/493
f 495/162/494 499/73/498 500/205/75
f 502/3/500 506/165/504 507/166/505
f 503/5/501 507/166/505 508/167/506
f 504/7/502 508/167/506 509/168/507
f 505/9/503 509/168/507 510/172/508
f 507/166/505 511/169/509 512/170/510
f 508/167/506 512/170/510 513/171/511
f 509/168/507 513/171/511 514/173/512
f 510/172/508 514/173/512 515/177/513
f 512/170/510 516/174/514 517/175/515
f 513/171/511 517/175/515 518/176/516
f 514/173/512 518/176/516 519/178/517
f 515/177/513 519/178/517 520/182/518
f 517/175/515 521/179/519 522/180/520
f 518/176/516 522/180/520 523/181/521
f 519/178/517 523/181/521 524/183/522
f 520/182/518 524/183/522 525/187/523
f 522/180/520 526/184/524 527/185/525
f 523/181/521 527/185/525 528/186/526
f 524/183/522 528/186/526 529/188/527
f 525/187/523 529/188/527 530/192/528
f 527/185/525 531/189/529 532/190/530
f 528/186/526 532/190/530 533/191/531
f 529/188/527 533/191/531 534/193/532
f 530/192/528 534/193/532 535/198/533
f 532/190/530 536/194/534 537/195/535
f 533/191/531 537/195/535 538/196/536
f 534/193/532 538/196/536 539/201/537
f 534/193/532 540/197/538 535/198/533
f 537/195/535 541/199/539 542/200/540
f 538/196/536 542/200/540 543/202/541
f 539/201/537 543/202/541 544/204/542
f 539/201/537 545/203/543 540/197/538
f 542/200/540 546/70/544 547/164/545
f 543/202/541 547/164/545 548/71/546
f 544/204/542 548/71/546 549/73/547
f 544/204/542 550/205/548 545/203/543
f 552/3/550 556/165/554 557/166/555
f 553/5/551 557/166/555 558/167/556
f 554/7/552 558/167/556 559/168/557
f 555/9/553 559/168/557 560/172/558
f 557/166/555 561/169/559 562/170/560
f 558/167/556 562/170/560 563/171/561
f 559/168/557 563/171/561 564/173/562
f 560/172/558 564/173/562 565/177/563
f 562/170/560 566/174/564 567/175/565
f 563/171/561 567/175/565 568/176/566
f 564/173/562 568/176/566 569/178/567
f 565/177/563 569/178/567 570/182/568
f 567/175/565 571/179/569 572/180/570
f 568/176/566 572/180/570 573/181/571
f 569/178/567 573/181/571 574/183/572
f 570/182/568 574/183/572 575/187/573
f 572/180/570 576/184/574 577/185/575
f 573/181/571 577/185/575 578/186/576
f 574/183/572 578/186/576 579/188/577
f 575/187/573 579/188/577 580/192/578
f 577/185/575 581/189/579 582/190/580
f 578/186/576 582/190/580 583/191/581
f 579/188/577 583/191/581 584/193/582
f 580/192/578 584/193/582 585/198/583
f 582/190/580 586/194/584 587/195/585
f 583/191/581 587/195/585 588/196/586
f 584/193/582 588/196/586 589/201/587
f 585/198/583 589/201/587 590/197/588
f 587/195/585 591/199/589 592/200/590
f 588/196/586 592/200/590 593/202/591
f 589/201/587 593/202/591 594/204/592
f 590/197/588 594/204/592 595/203/593
f 592/200/590 596/70/594 597/164/595
f 593/202/591 597/164/595 598/71/596
f 594/204/592 598/71/596 599/73/597
f 595/203/593 599/73/597 600/205/598
f 602/3/600 606/165/604 607/166/605
f 603/5/601 607/166/605 608/167/606
f 604/7/602 608/167/606 609/168/607
f 605/9/603 609/168/607 610/172/608
f 607/166/605 611/169/609 612/170/610
f 608/167/606 612/170/610 613/171/611
f 609/168/607 613/171/611 614/173/612
f 610/172/608 614/173/612 615/177/613
f 612/170/610 616/174/614 617/175/615
f 613/171/611 617/175/615 618/176/616
f 614/173/612 618/176/616 619/178/617
f 615/177/613 619/178/617 620/182/618
f 617/175/615 621/179/619 622/180/620
f 618/176/616 622/180/620 623/181/621
f 619/178/617 623/181/621 624/183/622
f 620/182/618 624/183/622 625/187/623
f 622/180/620 626/184/624 627/185/625
f 623/181/621 627/185/625 628/186/626
f 624/183/622 628/186/626 629/188/627
f 625/187/623 629/188/627 630/192/628
f 627/185/625 631/189/629 632/190/630
f 628/186/626 632/190/630 633/191/631
f 629/188/627 633/191/631 634/193/632
f 630/192/628 634/193/632 635/198/633
f 632/190/630 636/194/634 637/195/635
f 633/191/631 637/195/635 638/196/636
f 634/193/632 638/196/636 639/201/637
f 635/198/633 639/201/637 640/197/638
f 637/195/635 641/199/639 642/200/640
f 638/196/636 642/200/640 643/202/641
f 639/201/637 643/202/641 644/204/642
f 640/197/638 644/204/642 645/203/643
f 642/200/640 646/70/644 647/164/645
f 643/202/641 647/164/645 648/71/646
f 644/204/642 648/71/646 649/73/647
f 645/203/643 649/73/647 650/205/648
f 652/3/650 656/165/654 651/2/649
f 653/5/651 657/166/655 652/3/650
f 654/7/652 658/167/656 653/5/651
f 660/172/658 654/7/652 655/9/653
f 657/166/655 661/169/659 656/165/654
f 658/167/656 662/170/660 657/166/655
f 659/168/657 663/171/661 658/167/656
f 665/177/663 659/168/657 660/172/658
f 662/170/660 666/174/664 661/169/659
f 663/171/661 667/175/665 662/170/660
f 664/173/662 668/176/666 663/171/661
f 670/182/668 664/173/662 665/177/663
f 667/175/665 671/179/669 666/174/664
f 668/176/666 672/180/670 667/175/665
f 674/183/672 668/176/666 669/178/667
f 675/187/673 669/178/667 670/182/668
f 672/180/670 676/184/674 671/179/669
f 673/181/671 677/185/675 672/180/670
f 679/188/677 673/181/671 674/183/672
f 680/192/678 674/183/672 675/187/673
f 677/185/675 681/189/679 676/184/674
f 678/186/676 682/190/680 677/185/675
f 684/193/682 678/186/676 679/188/677
f 685/198/683 679/188/677 680/192/678
f 682/190/680 686/194/684 681/189/679
f 683/191/681 687/195/685 682/190/680
f 689/201/687 683/191/681 684/193/682
f 690/197/688 684/193/682 685/198/683
f 687/195/685 691/199/689 686/194/684
f 688/196/686 692/200/690 687/195/685
f 694/204/692 688/196/686 689/201/687
f 695/203/693 689/201/687 690/197/688
f 692/200/690 696/70/694 691/199/689
f 693/202/691 697/164/695 692/200/690
f 699/73/697 693/202/691 694/204/692
f 700/205/698 694/204/692 695/203/693
f 702/3/700 706/165/704 701/2/699
f 703/5/701 707/166/705 702/3/700
f 704/7/702 708/167/706 703/5/701
f 710/172/708 704/7/702 705/9/703
f 707/166/705 711/169/709 706/165/704
f 708/167/706 712/170/710 707/166/705
f 709/168/707 713/171/711 708/167/706
f 715/177/713 709/168/707 710/172/708
f 712/170/710 716/174/714 711/169/709
f 713/171/711 717/175/715 712/170/710
f 714/173/712 718/176/716 713/171/711
f 720/182/718 714/173/712 715/177/713
f 717/175/715 721/179/719 716/174/714
f 718/176/716 722/180/720 717/175/715
f 719/178/717 723/181/721 718/176/716
f 725/187/723 719/178/717 720/182/718
f 722/180/720 726/184/724 721/179/719
f 723/181/721 727/185/725 722/180/720
f 729/188/727 723/181/721 724/183/722
f 730/192/728 724/183/722 725/187/723
f 727/185/725 731/189/729 726/184/724
f 728/186/726 732/190/730 727/185/725
f 734/193/732 728/186/726 729/188/727
f 735/198/733 729/188/727 730/192/728
f 732/190/730 736/194/734 731/189/729
f 733/191/731 737/195/735 732/190/730
f 739/201/737 733/191/731 734/193/732
f 740/197/738 734/193/732 735/198/733
f 737/195/735 741/199/739 736/194/734
f 738/196/736 742/200/740 737/195/735
f 744/204/742 738/196/736 739/201/737
f 745/203/743 739/201/737 740/197/738
f 742/200/740 746/70/744 741/199/739
f 743/202/741 747/164/745 742/200/740
f 749/73/747 743/202/741 744/204/742
f 750/205/748 744/204/742 745/203/743
f 752/3/750 756/11/754 751/2/749
f 753/5/751 757/1/755 752/3/750
f 754/7/752 758/4/756 753/5/751
f 755/9/753 759/6/757 754/7/752
f 757/1/755 761/16/759 756/11/754
f 758/4/756 762/10/760 757/1/755
f 759/6/757 763/12/761 758/4/756
f 760/8/758 764/13/762 759/6/757
f 762/10/760 766/15/764 761/16/759
f 763/12/761 767/20/765 762/10/760
f 764/13/762 768/17/766 763/12/761
f 765/14/763 769/18/767 764/13/762
f 767/20/765 771/21/769 766/15/764
f 768/17/766 772/22/770 767/20/765
f 769/18/767 773/23/771 768/17/766
f 770/19/768 774/27/772 769/18/767
f 772/22/770 776/25/774 771/21/769
f 773/23/771 777/26/775 772/22/770
f 774/27/772 778/28/776 773/23/771
f 775/24/773 779/32/777 774/27/772
f 777/26/775 781/30/779 776/25/774
f 778/28/776 782/31/780 777/26/775
f 779/32/777 783/33/781 778/28/776
f 780/29/778 784/34/782 779/32/777
f 782/31/780 786/35/784 781/30/779
f 783/33/781 787/36/785 782/31/780
f 784/34/782 788/37/786 783/33/781
f 785/39/783 789/42/787 784/34/782
f 787/36/785 791/40/789 786/35/784
f 788/37/786 792/41/790 787/36/785
f 789/42/787 793/43/791 788/37/786
f 790/38/788 794/47/792 789/42/787
f 792/41/790 796/45/794 791/40/789
f 793/43/791 797/46/795 792/41/790
f 794/47/792 798/48/796 793/43/791
f 800/49/798 794/47/792 795/44/793
f 797/46/795 801/50/799 796/45/794
f 798/48/796 802/51/800 797/46/795
f 799/52/797 803/53/801 798/48/796
f 805/54/803 799/52/797 800/49/798
f 802/51/800 806/55/804 801/50/799
f 803/53/801 807/56/805 802/51/800
f 804/57/802 808/58/806 803/53/801
f 810/59/808 804/57/802 805/54/803
f 807/56/805 811/60/809 806/55/804
f 808/58/806 812/61/810 807/56/805
f 814/62/812 808/58/806 809/63/807
f 815/64/813 809/63/807 810/59/808
f 812/61/810 816/65/814 811/60/809
f 813/66/811 817/67/815 812/61/810
f 819/68/817 813/66/811 814/62/812
f 820/69/818 814/62/812 815/64/813
f 817/67/815 821/70/819 816/65/814
f 818/72/816 822/164/820 817/67/815
f 824/73/822 818/72/816 819/68/817
f 825/205/823 819/68/817 820/69/818
f 827/3/825 831/165/829 826/2/824
f 828/5/826 832/166/830 827/3/825
f 829/7/827 833/167/831 828/5/826
f 835/172/833 829/7/827 830/9/828
f 832/166/830 836/169/834 831/165/829
f 833/167/831 837/170/835 832/166/830
f 834/168/832 838/171/836 833/167/831
f 840/177/838 834/168/832 835/172/833
f 837/170/835 841/174/839 836/169/834
f 838/171/836 842/175/840 837/170/835
f 839/173/837 843/176/841 838/171/836
f 845/182/843 839/173/837 840/177/838
f 842/175/840 846/179/844 841/174/839
f 843/176/841 847/180/845 842/175/840
f 844/178/842 848/181/846 843/176/841
f 850/187/848 844/178/842 845/182/843
f 847/180/845 851/184/849 846/179/844
f 848/181/846 852/185/850 847/180/845
f 854/188/852 848/181/846 849/183/847
f 855/192/853 849/183/847 850/187/848
f 852/185/850 856/189/854 851/184/849
f 853/186/851 857/190/855 852/185/850
f 859/193/857 853/186/851 854/188/852
f 860/198/858 854/188/852 855/192/853
f 857/190/855 861/194/859 856/189/854
f 858/191/856 862/195/860 857/190/855
f 864/201/862 858/191/856 859/193/857
f 865/197/863 859/193/857 860/198/858
f 862/195/860 866/199/864 861/194/859
f 863/196/861 867/200/865 862/195/860
f 869/204/867 863/196/861 864/201/862
f 870/203/868 864/201/862 865/197/863
f 867/200/865 871/70/869 866/199/864
f 868/202/866 872/164/870 867/200/865
f 874/73/872 868/202/866 869/204/867
f 875/205/873 869/204/867 870/203/868
f 882/166/880 876/2/874 877/3/875
f 883/167/881 877/3/875 878/5/876
f 884/168/882 878/5/876 879/7/877
f 885/172/883 879/7/877 880/9/878
f 882/166/880 886/169/884 881/165/879
f 888/171/886 882/166/880 883/167/881
f 889/173/887 883/167/881 884/168/882
f 890/177/888 884/168/882 885/172/883
f 887/170/885 891/174/889 886/169/884
f 893/176/891 887/170/885 888/171/886
f 894/178/892 888/171/886 889/173/887
f 895/182/893 889/173/887 890/177/888
f 892/175/890 896/179/894 891/174/889
f 898/181/896 892/175/890 893/176/891
f 899/183/897 893/176/891 894/178/892
f 900/187/898 894/178/892 895/182/893
f 897/180/895 901/184/899 896/179/894
f 903/186/901 897/180/895 898/181/896
f 904/188/902 898/181/896 899/183/897
f 905/192/903 899/183/897 900/187/898
f 902/185/900 906/189/904 901/184/899
f 908/191/906 902/185/900 903/186/901
f 909/193/907 903/186/901 904/188/902
f 910/198/908 904/188/902 905/192/903
f 907/190/905 911/194/909 906/189/904
f 908/191/906 912/195/910 907/190/905
f 914/201/912 908/191/906 909/193/907
f 915/197/913 909/193/907 910/198/908
f 912/195/910 916/199/914 911/194/909
f 913/196/911 917/200/915 912/195/910
f 919/204/917 913/196/911 914/201/912
f 920/203/918 914/201/912 915/197/913
f 917/200/915 921/70/919 916/199/914
f 918/202/916 922/164/920 917/200/915
f 919/204/917 923/71/921 918/202/916
f 920/203/918 924/73/922 919/204/917
f 927/3/924 931/165/928 926/2/923
f 928/5/925 932/166/929 927/3/924
f 929/7/926 933/167/930 928/5/925
f 935/172/932 929/7/926 930/9/927
f 932/166/929 936/169/933 931/165/928
f 933/167/930 937/170/934 932/166/929
f 934/168/931 938/171/935 933/167/930
f 940/177/937 934/168/931 935/172/932
f 937/170/934 941/174/938 936/169/933
f 938/171/935 942/175/939 937/170/934
f 939/173/936 943/176/940 938/171/935
f 945/182/942 939/173/936 940/177/937
f 942/175/939 946/179/943 941/174/938
f 943/176/940 947/180/944 942/175/939
f 949/183/946 943/176/940 944/178/941
f 950/187/947 944/178/941 945/182/942
f 947/180/944 951/184/948 946/179/943
f 948/181/945 952/185/949 947/180/944
f 954/188/951 948/181/945 949/183/946
f 955/192/952 949/183/946 950/187/947
f 952/185/949 956/189/953 951/184/948
f 953/186/950 957/190/954 952/185/949
f 959/193/956 953/186/950 954/188/951
f 960/198/957 954/188/951 955/192/952
f 957/190/954 961/194/958 956/189/953
f 958/191/955 962/195/959 957/190/954
f 964/201/961 958/191/955 959/193/956
f 965/197/962 959/193/956 960/198/957
f 962/195/959 966/199/963 961/194/958
f 963/196/960 967/200/964 962/195/959
f 969/204/966 963/196/960 964/201/961
f 970/203/967 964/201/961 965/197/962
f 967/200/964 971/70/968 966/199/963
f 968/202/965 972/164/969 967/200/964
f 974/73/971 968/202/965 969/204/966
f 975/205/972 969/204/966 970/203/967
f 977/3/974 981/165/978 976/2/973
f 978/5/975 982/166/979 977/3/974
f 979/7/976 983/167/980 978/5/975
f 985/172/982 979/7/976 980/9/977
f 982/166/979 986/169/983 981/165/978
f 983/167/980 987/170/984 982/166/979
f 984/168/981 988/171/985 983/167/980
f 990/177/987 984/168/981 985/172/982
f 987/170/984 991/174/988 986/169/983
f 988/171/985 992/175/989 987/170/984
f 989/173/986 993/176/990 988/171/985
f 995/182/992 989/173/986 990/177/987
f 992/175/989 996/179/993 991/174/988
f 993/176/990 997/180/994 992/175/989
f 994/178/991 998/181/995 993/176/990
f 1000/187/997 994/178/991 995/182/992
f 997/180/994 1001/184/998 996/179/993
f 998/181/995 1002/185/999 997/180/994
f 1004/188/1001 998/181/995 999/183/996
f 1005/192/1002 999/183/996 1000/187/997
f 1002/185/999 1006/189/1003 1001/184/998
f 1003/186/1000 1007/190/1004 1002/185/999
f 1009/193/1006 1003/186/1000 1004/188/1001
f 1010/198/1007 1004/188/1001 1005/192/1002
f 1007/190/1004 1011/194/1008 1006/189/1003
f 1008/191/1005 1012/195/1009 1007/190/1004
f 1014/201/1011 1008/191/1005 1009/193/1006
f 1015/197/1012 1009/193/1006 1010/198/1007
f 1012/195/1009 1016/199/1013 1011/194/1008
f 1013/196/1010 1017/200/1014 1012/195/1009
f 1019/204/1016 1013/196/1010 1014/201/1011
f 1020/203/1017 1014/201/1011 1015/197/1012
f 1017/200/1014 1021/70/1018 1016/199/1013
f 1018/202/1015 1022/164/1019 1017/200/1014
f 1024/73/1021 1018/202/1015 1019/204/1016
f 1025/205/1022 1019/204/1016 1020/203/1017
f 1027/3/1024 1031/165/1028 1026/2/1023
f 1028/5/1025 1032/166/1029 1027/3/1024
f 1029/7/1026 1033/167/1030 1028/5/1025
f 1035/172/1032 1029/7/1026 1030/9/1027
f 1032/166/1029 1036/169/1033 1031/165/1028
f 1033/167/1030 1037/170/1034 1032/166/1029
f 1034/168/1031 1038/171/1035 1033/167/1030
f 1040/177/1037 1034/168/1031 1035/172/1032
f 1037/170/1034 1041/174/1038 1036/169/1033
f 1038/171/1035 1042/175/1039 1037/170/1034
f 1039/173/1036 1043/176/1040 1038/171/1035
f 1045/182/1042 1039/173/1036 1040/177/1037
f 1042/175/1039 1046/179/1043 1041/174/1038
f 1043/176/1040 1047/180/1044 1042/175/1039
f 1044/178/1041 1048/181/1045 1043/176/1040
f 1050/187/1047 1044/178/1041 1045/182/1042
f 1047/180/1044 1051/184/1048 1046/179/1043
f 1048/181/1045 1052/185/1049 1047/180/1044
f 1054/188/1051 1048/181/1045 1049/183/1046
f 1055/192/1052 1049/183/1046 1050/187/1047
f 1052/185/1049 1056/189/1053 1051/184/1048
f 1053/186/1050 1057/190/1054 1052/185/1049
f 1059/193/1056 1053/186/1050 1054/188/1051
f 1060/198/1057 1054/188/1051 1055/192/1052
f 1057/190/1054 1061/194/1058 1056/189/1053
f 1058/191/1055 1062/195/1059 1057/190/1054
f 1064/201/1061 1058/191/1055 1059/193/1056
f 1065/197/1062 1059/193/1056 1060/198/1057
f 1062/195/1059 1066/199/1063 1061/194/1058
f 1063/196/1060 1067/200/1064 1062/195/1059
f 1069/204/1066 1063/196/1060 1064/201/1061
f 1070/203/1067 1064/201/1061 1065/197/1062
f 1067/200/1064 1071/70/1068 1066/199/1063
f 1068/202/1065 1072/164/1069 1067/200/1064
f 1074/73/1071 1068/202/1065 1069/204/1066
f 1075/205/1072 1069/204/1066 1070/203/1067
f 1077/3/1074 1081/11/1078 1076/2/1073
f 1078/5/1075 1082/1/1079 1077/3/1074
f 1079/7/1076 1083/4/1080 1078/5/1075
f 1080/9/1077 1084/6/1081 1079/7/1076
f 1082/1/1079 1086/16/1083 1081/11/1078
f 1083/4/1080 1087/10/1084 1082/1/1079
f 1084/6/1081 1088/12/1085 1083/4/1080
f 1085/8/1082 1089/13/1086 1084/6/1081
f 1087/10/1084 1091/15/1088 1086/16/1083
f 1088/12/1085 1092/20/1089 1087/10/1084
f 1089/13/1086 1093/17/1090 1088/12/1085
f 1090/14/1087 1094/18/1091 1089/13/1086
f 1092/20/1089 1096/21/1093 1091/15/1088
f 1093/17/1090 1097/22/1094 1092/20/1089
f 1094/18/1091 1098/23/1095 1093/17/1090
f 1100/24/1097 1094/18/1091 1095/19/1092
f 1097/22/1094 1101/25/1098 1096/21/1093
f 1098/23/1095 1102/26/1099 1097/22/1094
f 1099/27/1096 1103/28/1100 1098/23/1095
f 1105/29/1102 1099/27/1096 1100/24/1097
f 1102/26/1099 1106/30/1103 1101/25/1098
f 1103/28/1100 1107/31/1104 1102/26/1099
f 1104/32/1101 1108/33/1105 1103/28/1100
f 1110/39/1107 1104/32/1101 1105/29/1102
f 1107/31/1104 1111/35/1108 1106/30/1103
f 1108/33/1105 1112/36/1109 1107/31/1104
f 1114/42/1111 1108/33/1105 1109/34/1106
f 1115/38/1112 1109/34/1106 1110/39/1107
f 1112/36/1109 1116/40/1113 1111/35/1108
f 1118/43/1115 1112/36/1109 1113/37/1110
f 1119/47/1116 1113/37/1110 1114/42/1111
f 1120/44/1117 1114/42/1111 1115/38/1112
f 1117/41/1114 1121/45/1118 1116/40/1113
f 1118/43/1115 1122/46/1119 1117/41/1114
f 1124/52/1121 1118/43/1115 1119/47/1116
f 1125/49/1122 1119/47/1116 1120/44/1117
f 1122/46/1119 1126/50/1123 1121/45/1118
f 1123/48/1120 1127/51/1124 1122/46/1119
f 1129/57/1126 1123/48/1120 1124/52/1121
f 1130/54/1127 1124/52/1121 1125/49/1122
f 1127/51/1124 1131/55/1128 1126/50/1123
f 1128/53/1125 1132/56/1129 1127/51/1124
f 1134/63/1131 1128/53/1125 1129/57/1126
f 1135/59/1132 1129/57/1126 1130/54/1127
f 1132/56/1129 1136/60/1133 1131/55/1128
f 1133/58/1130 1137/61/1134 1132/56/1129
f 1139/62/1136 1133/58/1130 1134/63/1131
f 1140/64/1137 1134/63/1131 1135/59/1132
f 1137/61/1134 1141/65/1138 1136/60/1133
f 1138/66/1135 1142/67/1139 1137/61/1134
f 1139/62/1136 1143/72/1140 1138/66/1135
f 1145/69/1142 1139/62/1136 1140/64/1137
f 1142/67/1139 1146/70/1143 1141/65/1138
f 1143/72/1140 1147/164/1144 1142/67/1139
f 1144/68/1141 1148/71/1145 1143/72/1140
f 1150/205/1147 1144/68/1141 1145/69/1142
f 1152/239/1149 1156/240/1153 1151/9/1148
f 1153/209/1150 1157/241/1154 1152/239/1149
f 1154/242/1151 1158/243/1155 1153/209/1150
f 1155/211/1152 1159/244/1156 1154/242/1151
f 1157/241/1154 1161/245/1158 1156/240/1153
f 1158/243/1155 1162/246/1159 1157/241/1154
f 1159/244/1156 1163/247/1160 1158/243/1155
f 1165/248/1162 1159/244/1156 1160/249/1157
f 1162/246/1159 1166/250/1163 1161/245/1158
f 1163/247/1160 1167/251/1164 1162/246/1159
f 1164/252/1161 1168/253/1165 1163/247/1160
f 1170/254/1167 1164/252/1161 1165/248/1162
f 1167/251/1164 1171/255/1168 1166/250/1163
f 1168/253/1165 1172/256/1169 1167/251/1164
f 1169/257/1166 1173/258/1170 1168/253/1165
f 1175/259/1172 1169/257/1166 1170/254/1167
f 1172/256/1169 1176/260/1173 1171/255/1168
f 1173/258/1170 1177/261/1174 1172/256/1169
f 1179/262/1176 1173/258/1170 1174/263/1171
f 1180/264/1177 1174/263/1171 1175/259/1172
f 1177/261/1174 1181/265/1178 1176/260/1173
f 1183/266/1180 1177/261/1174 1178/267/1175
f 1184/268/1181 1178/267/1175 1179/262/1176
f 1185/269/1182 1179/262/1176 1180/264/1177
f 1182/270/1179 1186/271/1183 1181/265/1178
f 1188/272/1185 1182/270/1179 1183/266/1180
f 1189/273/1186 1183/266/1180 1184/268/1181
f 1190/274/1187 1184/268/1181 1185/269/1182
f 1187/275/1184 1191/182/1188 1186/271/1183
f 1193/220/1190 1187/275/1184 1188/272/1185
f 1194/276/1191 1188/272/1185 1189/273/1186
f 1195/222/1192 1189/273/1186 1190/274/1187
f 1197/277/1194 1191/182/1188 1192/278/1189
f 1198/279/1195 1192/278/1189 1193/220/1190
f 1199/280/1196 1193/220/1190 1194/276/1191
f 1200/281/1197 1194/276/1191 1195/222/1192
f 1202/282/1199 1196/283/1193 1197/277/1194
f 1203/284/1200 1197/277/1194 1198/279/1195
f 1204/285/1201 1198/279/1195 1199/280/1196
f 1205/286/1202 1199/280/1196 1200/281/1197
f 1207/287/1204 1201/288/1198 1202/282/1199
f 1208/289/1205 1202/282/1199 1203/284/1200
f 1209/290/1206 1203/284/1200 1204/285/1201
f 1210/291/1207 1204/285/1201 1205/286/1202
f 1212/292/1209 1206/293/1203 1207/287/1204
f 1213/294/1210 1207/287/1204 1208/289/1205
f 1214/295/1211 1208/289/1205 1209/290/1206
f 1215/296/1212 1209/290/1206 1210/291/1207
f 1217/297/1214 1211/38/1208 1212/292/1209
f 1218/298/1215 1212/292/1209 1213/294/1210
f 1219/299/1216 1213/294/1210 1214/295/1211
f 1220/300/1217 1214/295/1211 1215/296/1212
f 1217/297/1214 1221/301/1218 1216/302/1213
f 1223/303/1220 1217/297/1214 1218/298/1215
f 1224/304/1221 1218/298/1215 1219/299/1216
f 1225/305/1222 1219/299/1216 1220/300/1217
f 1222/306/1219 1226/307/1223 1221/301/1218
f 1228/308/1225 1222/306/1219 1223/303/1220
f 1229/309/1226 1223/303/1220 1224/304/1221
f 1230/310/1227 1224/304/1221 1225/305/1222
f 1227/311/1224 1231/198/1228 1226/307/1223
f 1233/229/1230 1227/311/1224 1228/308/1225
f 1234/312/1231 1228/308/1225 1229/309/1226
f 1235/231/1232 1229/309/1226 1230/310/1227
f 1232/313/1229 1236/314/1233 1231/198/1228
f 1238/315/1235 1232/313/1229 1233/229/1230
f 1239/316/1236 1233/229/1230 1234/312/1231
f 1240/317/1237 1234/312/1231 1235/231/1232
f 1237/318/1234 1241/319/1238 1236/314/1233
f 1238/315/1235 1242/320/1239 1237/318/1234
f 1244/321/1241 1238/315/1235 1239/316/1236
f 1245/322/1242 1239/316/1236 1240/317/1237
f 1242/320/1239 1246/323/1243 1241/319/1238
f 1243/324/1240 1247/325/1244 1242/320/1239
f 1249/326/1246 1243/324/1240 1244/321/1241
f 1250/327/1247 1244/321/1241 1245/322/1242
f 1247/325/1244 1251/328/1248 1246/323/1243
f 1248/329/1245 1252/330/1249 1247/325/1244
f 1254/331/1251 1248/329/1245 1249/326/1246
f 1255/332/1252 1249/326/1246 1250/327/1247
f 1252/330/1249 1256/333/1253 1251/328/1248
f 1253/334/1250 1257/335/1254 1252/330/1249
f 1259/336/1256 1253/334/1250 1254/331/1251
f 1260/337/1257 1254/331/1251 1255/332/1252
f 1257/335/1254 1261/338/1258 1256/333/1253
f 1263/339/1260 1257/335/1254 1258/340/1255
f 1264/341/1261 1258/340/1255 1259/336/1256
f 1265/342/1262 1259/336/1256 1260/337/1257
f 1262/343/1259 1266/344/1263 1261/338/1258
f 1268/345/1265 1262/343/1259 1263/339/1260
f 1269/346/1266 1263/339/1260 1264/341/1261
f 1270/347/1267 1264/341/1261 1265/342/1262
f 1267/348/1264 1271/205/1268 1266/344/1263
f 1268/345/1265 1272/349/1269 1267/348/1264
f 1269/346/1266 1273/238/1270 1268/345/1265
f 1270/347/1267 1274/350/1271 1269/346/1266
f 1277/239/1274 1281/77/1278 1276/9/1273
f 1278/209/1275 1282/351/1279 1277/239/1274
f 1279/242/1276 1283/352/1280 1278/209/1275
f 1285/353/1282 1279/242/1276 1280/211/1277
f 1282/351/1279 1286/82/1283 1281/77/1278
f 1283/352/1280 1287/354/1284 1282/351/1279
f 1284/355/1281 1288/356/1285 1283/352/1280
f 1285/353/1282 1289/357/1286 1284/355/1281
f 1287/354/1284 1291/87/1288 1286/82/1283
f 1288/356/1285 1292/358/1289 1287/354/1284
f 1289/357/1286 1293/359/1290 1288/356/1285
f 1290/360/1287 1294/361/1291 1289/357/1286
f 1292/358/1289 1296/92/1293 1291/87/1288
f 1293/359/1290 1297/362/1294 1292/358/1289
f 1294/361/1291 1298/363/1295 1293/359/1290
f 1295/364/1292 1299/365/1296 1294/361/1291
f 1297/362/1294 1301/97/1298 1296/92/1293
f 1298/363/1295 1302/366/1299 1297/362/1294
f 1299/365/1296 1303/367/1300 1298/363/1295
f 1300/368/1297 1304/369/1301 1299/365/1296
f 1302/366/1299 1306/102/1303 1301/97/1298
f 1303/367/1300 1307/370/1304 1302/366/1299
f 1304/369/1301 1308/371/1305 1303/367/1300
f 1305/372/1302 1309/373/1306 1304/369/1301
f 1307/370/1304 1311/107/1308 1306/102/1303
f 1308/371/1305 1312/374/1309 1307/370/1304
f 1309/373/1306 1313/375/1310 1308/371/1305
f 1310/376/1307 1314/377/1311 1309/373/1306
f 1312/374/1309 1316/112/1313 1311/107/1308
f 1313/375/1310 1317/378/1314 1312/374/1309
f 1314/377/1311 1318/379/1315 1313/375/1310
f 1320/380/1317 1314/377/1311 1315/381/1312
f 1317/378/1314 1321/117/1318 1316/112/1313
f 1318/379/1315 1322/382/1319 1317/378/1314
f 1319/383/1316 1323/384/1320 1318/379/1315
f 1325/385/1322 1319/383/1316 1320/380/1317
f 1322/382/1319 1326/122/1323 1321/117/1318
f 1323/384/1320 1327/386/1324 1322/382/1319
f 1329/387/1326 1323/384/1320 1324/388/1321
f 1330/389/1327 1324/388/1321 1325/385/1322
f 1327/386/1324 1331/127/1328 1326/122/1323
f 1333/390/1330 1327/386/1324 1328/391/1325
f 1334/392/1331 1328/391/1325 1329/387/1326
f 1335/393/1332 1329/387/1326 1330/389/1327
f 1332/394/1329 1336/132/1333 1331/127/1328
f 1338/395/1335 1332/394/1329 1333/390/1330
f 1339/396/1336 1333/390/1330 1334/392/1331
f 1340/397/1337 1334/392/1331 1335/393/1332
f 1337/398/1334 1341/137/1338 1336/132/1333
f 1338/395/1335 1342/399/1339 1337/398/1334
f 1344/400/1341 1338/395/1335 1339/396/1336
f 1345/401/1342 1339/396/1336 1340/397/1337
f 1342/399/1339 1346/142/1343 1341/137/1338
f 1343/402/1340 1347/403/1344 1342/399/1339
f 1349/404/1346 1343/402/1340 1344/400/1341
f 1350/405/1347 1344/400/1341 1345/401/1342
f 1347/403/1344 1351/147/1348 1346/142/1343
f 1348/406/1345 1352/407/1349 1347/403/1344
f 1354/408/1351 1348/406/1345 1349/404/1346
f 1355/409/1352 1349/404/1346 1350/405/1347
f 1352/407/1349 1356/152/1353 1351/147/1348
f 1353/410/1350 1357/411/1354 1352/407/1349
f 1354/408/1351 1358/412/1355 1353/410/1350
f 1360/413/1357 1354/408/1351 1355/409/1352
f 1357/411/1354 1361/157/1358 1356/152/1353
f 1358/412/1355 1362/414/1359 1357/411/1354
f 1359/415/1356 1363/416/1360 1358/412/1355
f 1365/417/1362 1359/415/1356 1360/413/1357
f 1362/414/1359 1366/162/1363 1361/157/1358
f 1363/416/1360 1367/418/1364 1362/414/1359
f 1364/419/1361 1368/420/1365 1363/416/1360
f 1370/421/1367 1364/419/1361 1365/417/1362
f 1367/418/1364 1371/205/1368 1366/162/1363
f 1368/420/1365 1372/349/1369 1367/418/1364
f 1369/422/1366 1373/238/1370 1368/420/1365
f 1370/421/1367 1374/350/1371 1369/422/1366
f 1382/241/1379 1376/9/1373 1377/239/1374
f 1378/209/1375 1382/241/1379 1377/239/1374
f 1379/242/1376 1383/243/1380 1378/209/1375
f 1380/211/1377 1384/244/1381 1379/242/1376
f 1387/246/1384 1381/240/1378 1382/241/1379
f 1383/243/1380 1387/246/1384 1382/241/1379
f 1384/244/1381 1388/247/1385 1383/243/1380
f 1385/249/1382 1389/252/1386 1384/244/1381
f 1392/251/1389 1386/245/1383 1387/246/1384
f 1388/247/1385 1392/251/1389 1387/246/1384
f 1389/252/1386 1393/253/1390 1388/247/1385
f 1390/248/1387 1394/257/1391 1389/252/1386
f 1397/256/1394 1391/250/1388 1392/251/1389
f 1393/253/1390 1397/256/1394 1392/251/1389
f 1394/257/1391 1398/258/1395 1393/253/1390
f 1395/254/1392 1399/263/1396 1394/257/1391
f 1402/261/1399 1396/255/1393 1397/256/1394
f 1398/258/1395 1402/261/1399 1397/256/1394
f 1399/263/1396 1403/267/1400 1398/258/1395
f 1400/259/1397 1404/262/1401 1399/263/1396
f 1407/270/1404 1401/260/1398 1402/261/1399
f 1403/267/1400 1407/270/1404 1402/261/1399
f 1404/262/1401 1408/266/1405 1403/267/1400
f 1405/264/1402 1409/268/1406 1404/262/1401
f 1412/275/1409 1406/265/1403 1407/270/1404
f 1408/266/1405 1412/275/1409 1407/270/1404
f 1409/268/1406 1413/272/1410 1408/266/1405
f 1410/269/1407 1414/273/1411 1409/268/1406
f 1417/278/1414 1411/271/1408 1412/275/1409
f 1413/272/1410 1417/278/1414 1412/275/1409
f 1414/273/1411 1418/220/1415 1413/272/1410
f 1415/274/1412 1419/276/1416 1414/273/1411
f 1422/277/1419 1416/182/1413 1417/278/1414
f 1418/220/1415 1422/277/1419 1417/278/1414
f 1419/276/1416 1423/279/1420 1418/220/1415
f 1420/222/1417 1424/280/1421 1419/276/1416
f 1427/282/1424 1421/283/1418 1422/277/1419
f 1423/279/1420 1427/282/1424 1422/277/1419
f 1424/280/1421 1428/284/1425 1423/279/1420
f 1425/281/1422 1429/285/1426 1424/280/1421
f 1432/287/1429 1426/288/1423 1427/282/1424
f 1428/284/1425 1432/287/1429 1427/282/1424
f 1429/285/1426 1433/289/1430 1428/284/1425
f 1430/286/1427 1434/290/1431 1429/285/1426
f 1437/292/1434 1431/293/1428 1432/287/1429
f 1433/289/1430 1437/292/1434 1432/287/1429
f 1434/290/1431 1438/294/1435 1433/289/1430
f 1435/291/1432 1439/295/1436 1434/290/1431
f 1442/297/1439 1436/38/1433 1437/292/1434
f 1438/294/1435 1442/297/1439 1437/292/1434
f 1439/295/1436 1443/298/1440 1438/294/1435
f 1440/296/1437 1444/299/1441 1439/295/1436
f 1447/306/1444 1441/302/1438 1442/297/1439
f 1443/298/1440 1447/306/1444 1442/297/1439
f 1444/299/1441 1448/303/1445 1443/298/1440
f 1445/300/1442 1449/304/1446 1444/299/1441
f 1447/306/1444 1451/307/1448 1446/301/1443
f 1448/303/1445 1452/311/1449 1447/306/1444
f 1449/304/1446 1453/308/1450 1448/303/1445
f 1450/305/1447 1454/309/1451 1449/304/1446
f 1452/311/1449 1456/198/1453 1451/307/1448
f 1453/308/1450 1457/313/1454 1452/311/1449
f 1454/309/1451 1458/229/1455 1453/308/1450
f 1455/310/1452 1459/312/1456 1454/309/1451
f 1457/313/1454 1461/314/1458 1456/198/1453
f 1458/229/1455 1462/318/1459 1457/313/1454
f 1459/312/1456 1463/315/1460 1458/229/1455
f 1460/231/1457 1464/316/1461 1459/312/1456
f 1462/318/1459 1466/319/1463 1461/314/1458
f 1463/315/1460 1467/320/1464 1462/318/1459
f 1464/316/1461 1468/324/1465 1463/315/1460
f 1470/322/1467 1464/316/1461 1465/317/1462
f 1467/320/1464 1471/323/1468 1466/319/1463
f 1473/329/1470 1467/320/1464 1468/324/1465
f 1474/326/1471 1468/324/1465 1469/321/1466
f 1475/327/1472 1469/321/1466 1470/322/1467
f 1472/325/1469 1476/328/1473 1471/323/1468
f 1478/334/1475 1472/325/1469 1473/329/1470
f 1479/331/1476 1473/329/1470 1474/326/1471
f 1480/332/1477 1474/326/1471 1475/327/1472
f 1477/330/1474 1481/333/1478 1476/328/1473
f 1483/340/1480 1477/330/1474 1478/334/1475
f 1484/336/1481 1478/334/1475 1479/331/1476
f 1485/337/1482 1479/331/1476 1480/332/1477
f 1482/335/1479 1486/338/1483 1481/333/1478
f 1488/339/1485 1482/335/1479 1483/340/1480
f 1489/341/1486 1483/340/1480 1484/336/1481
f 1490/342/1487 1484/336/1481 1485/337/1482
f 1487/343/1484 1491/344/1488 1486/338/1483
f 1493/345/1490 1487/343/1484 1488/339/1485
f 1494/346/1491 1488/339/1485 1489/341/1486
f 1495/347/1492 1489/341/1486 1490/342/1487
f 1492/348/1489 1496/205/1493 1491/344/1488
f 1493/345/1490 1497/349/1494 1492/348/1489
f 1494/346/1491 1498/238/1495 1493/345/1490
f 1495/347/1492 1499/350/1496 1494/346/1491
f 1507/423/1504 1501/9/1498 1502/239/1499
f 1508/424/1505 1502/239/1499 1503/209/1500
f 1509/425/1506 1503/209/1500 1504/242/1501
f 1505/211/1502 1509/425/1506 1504/242/1501
f 1512/426/1509 1506/427/1503 1507/423/1504
f 1513/428/1510 1507/423/1504 1508/424/1505
f 1509/425/1506 1513/428/1510 1508/424/1505
f 1510/429/1507 1514/430/1511 1509/425/1506
f 1517/431/1514 1511/432/1508 1512/426/1509
f 1513/428/1510 1517/431/1514 1512/426/1509
f 1514/430/1511 1518/433/1515 1513/428/1510
f 1515/434/1512 1519/435/1516 1514/430/1511
f 1522/436/1519 1516/437/1513 1517/431/1514
f 1518/433/1515 1522/436/1519 1517/431/1514
f 1519/435/1516 1523/438/1520 1518/433/1515
f 1520/439/1517 1524/440/1521 1519/435/1516
f 1522/436/1519 1526/441/1523 1521/442/1518
f 1523/438/1520 1527/443/1524 1522/436/1519
f 1524/440/1521 1528/444/1525 1523/438/1520
f 1525/445/1522 1529/446/1526 1524/440/1521
f 1527/443/1524 1531/447/1528 1526/441/1523
f 1528/444/1525 1532/448/1529 1527/443/1524
f 1529/446/1526 1533/449/1530 1528/444/1525
f 1530/450/1527 1534/451/1531 1529/446/1526
f 1532/448/1529 1536/452/1533 1531/447/1528
f 1533/449/1530 1537/453/1534 1532/448/1529
f 1534/451/1531 1538/454/1535 1533/449/1530
f 1535/455/1532 1539/456/1536 1534/451/1531
f 1537/453/1534 1541/457/1538 1536/452/1533
f 1538/454/1535 1542/458/1539 1537/453/1534
f 1539/456/1536 1543/459/1540 1538/454/1535
f 1540/460/1537 1544/461/1541 1539/456/1536
f 1542/458/1539 1546/462/1543 1541/457/1538
f 1543/459/1540 1547/463/1544 1542/458/1539
f 1544/461/1541 1548/464/1545 1543/459/1540
f 1545/465/1542 1549/466/1546 1544/461/1541
f 1547/463/1544 1551/467/1548 1546/462/1543
f 1548/464/1545 1552/468/1549 1547/463/1544
f 1549/466/1546 1553/469/1550 1548/464/1545
f 1550/470/1547 1554/471/1551 1549/466/1546
f 1552/468/1549 1556/472/1553 1551/467/1548
f 1553/469/1550 1557/473/1554 1552/468/1549
f 1554/471/1551 1558/474/1555 1553/469/1550
f 1555/475/1552 1559/476/1556 1554/471/1551
f 1557/473/1554 1561/477/1558 1556/472/1553
f 1558/474/1555 1562/478/1559 1557/473/1554
f 1559/476/1556 1563/479/1560 1558/474/1555
f 1560/480/1557 1564/481/1561 1559/476/1556
f 1562/478/1559 1566/482/1563 1561/477/1558
f 1563/479/1560 1567/483/1564 1562/478/1559
f 1564/481/1561 1568/484/1565 1563/479/1560
f 1565/485/1562 1569/486/1566 1564/481/1561
f 1567/483/1564 1571/487/1568 1566/482/1563
f 1568/484/1565 1572/488/1569 1567/483/1564
f 1569/486/1566 1573/489/1570 1568/484/1565
f 1570/490/1567 1574/491/1571 1569/486/1566
f 1572/488/1569 1576/492/1573 1571/487/1568
f 1573/489/1570 1577/493/1574 1572/488/1569
f 1574/491/1571 1578/494/1575 1573/489/1570
f 1575/495/1572 1579/496/1576 1574/491/1571
f 1577/493/1574 1581/497/1578 1576/492/1573
f 1578/494/1575 1582/498/1579 1577/493/1574
f 1579/496/1576 1583/499/1580 1578/494/1575
f 1580/500/1577 1584/501/1581 1579/496/1576
f 1582/498/1579 1586/38/1583 1581/497/1578
f 1583/499/1580 1587/292/1584 1582/498/1579
f 1584/501/1581 1588/294/1585 1583/499/1580
f 1585/502/1582 1589/295/1586 1584/501/1581
f 1587/292/1584 1591/503/1588 1586/38/1583
f 1588/294/1585 1592/504/1589 1587/292/1584
f 1589/295/1586 1593/505/1590 1588/294/1585
f 1590/296/1587 1594/506/1591 1589/295/1586
f 1592/504/1589 1596/507/1593 1591/503/1588
f 1593/505/1590 1597/508/1594 1592/504/1589
f 1594/506/1591 1598/509/1595 1593/505/1590
f 1595/510/1592 1599/511/1596 1594/506/1591
f 1597/508/1594 1601/512/1598 1596/507/1593
f 1598/509/1595 1602/513/1599 1597/508/1594
f 1599/511/1596 1603/514/1600 1598/509/1595
f 1600/515/1597 1604/516/1601 1599/511/1596
f 1602/513/1599 1606/517/1603 1601/512/1598
f 1603/514/1600 1607/518/1604 1602/513/1599
f 1604/516/1601 1608/519/1605 1603/514/1600
f 1605/520/1602 1609/521/1606 1604/516/1601
f 1607/518/1604 1611/522/1608 1606/517/1603
f 1608/519/1605 1612/523/1609 1607/518/1604
f 1609/521/1606 1613/524/1610 1608/519/1605
f 1610/525/1607 1614/526/1611 1609/521/1606
f 1612/523/1609 1616/527/1613 1611/522/1608
f 1613/524/1610 1617/528/1614 1612/523/1609
f 1614/526/1611 1618/529/1615 1613/524/1610
f 1620/530/1617 1614/526/1611 1615/531/1612
f 1617/528/1614 1621/532/1618 1616/527/1613
f 1618/529/1615 1622/533/1619 1617/528/1614
f 1619/534/1616 1623/535/1620 1618/529/1615
f 1625/536/1622 1619/534/1616 1620/530/1617
f 1622/533/1619 1626/537/1623 1621/532/1618
f 1628/538/1625 1622/533/1619 1623/535/1620
f 1629/539/1626 1623/535/1620 1624/540/1621
f 1630/541/1627 1624/540/1621 1625/536/1622
f 1627/542/1624 1631/543/1628 1626/537/1623
f 1633/544/1630 1627/542/1624 1628/538/1625
f 1634/545/1631 1628/538/1625 1629/539/1626
f 1635/546/1632 1629/539/1626 1630/541/1627
f 1632/547/1629 1636/548/1633 1631/543/1628
f 1638/549/1635 1632/547/1629 1633/544/1630
f 1639/550/1636 1633/544/1630 1634/545/1631
f 1640/551/1637 1634/545/1631 1635/546/1632
f 1637/552/1634 1641/553/1638 1636/548/1633
f 1643/554/1640 1637/552/1634 1638/549/1635
f 1644/555/1641 1638/549/1635 1639/550/1636
f 1645/556/1642 1639/550/1636 1640/551/1637
f 1642/557/1639 1646/558/1643 1641/553/1638
f 1648/559/1645 1642/557/1639 1643/554/1640
f 1649/560/1646 1643/554/1640 1644/555/1641
f 1650/561/1647 1644/555/1641 1645/556/1642
f 1647/562/1644 1651/563/1648 1646/558/1643
f 1653/564/1650 1647/562/1644 1648/559/1645
f 1654/565/1651 1648/559/1645 1649/560/1646
f 1655/566/1652 1649/560/1646 1650/561/1647
f 1652/567/1649 1656/568/1653 1651/563/1648
f 1653/564/1650 1657/569/1654 1652/567/1649
f 1659/570/1656 1653/564/1650 1654/565/1651
f 1660/571/1657 1654/565/1651 1655/566/1652
f 1657/569/1654 1661/572/1658 1656/568/1653
f 1658/573/1655 1662/574/1659 1657/569/1654
f 1659/570/1656 1663/575/1660 1658/573/1655
f 1665/576/1662 1659/570/1656 1660/571/1657
f 1662/574/1659 1666/577/1663 1661/572/1658
f 1663/575/1660 1667/578/1664 1662/574/1659
f 1664/579/1661 1668/580/1665 1663/575/1660
f 1670/581/1667 1664/579/1661 1665/576/1662
f 1667/578/1664 1671/205/1668 1666/577/1663
f 1668/580/1665 1672/349/1669 1667/578/1664
f 1669/582/1666 1673/238/1670 1668/580/1665
f 1670/581/1667 1674/350/1671 1669/582/1666
f 1682/583/1679 1676/9/1673 1677/239/1674
f 1678/209/1675 1682/583/1679 1677/239/1674
f 1679/242/1676 1683/584/1680 1678/209/1675
f 1680/211/1677 1684/585/1681 1679/242/1676
f 1687/586/1684 1681/587/1678 1682/583/1679
f 1683/584/1680 1687/586/1684 1682/583/1679
f 1684/585/1681 1688/588/1685 1683/584/1680
f 1685/589/1682 1689/590/1686 1684/585/1681
f 1692/591/1689 1686/592/1683 1687/586/1684
f 1688/588/1685 1692/591/1689 1687/586/1684
f 1689/590/1686 1693/593/1690 1688/588/1685
f 1690/594/1687 1694/595/1691 1689/590/1686
f 1697/596/1694 1691/597/1688 1692/591/1689
f 1693/593/1690 1697/596/1694 1692/591/1689
f 1694/595/1691 1698/598/1695 1693/593/1690
f 1695/599/1692 1699/600/1696 1694/595/1691
f 1702/601/1699 1696/602/1693 1697/596/1694
f 1703/603/1700 1697/596/1694 1698/598/1695
f 1704/604/1701 1698/598/1695 1699/600/1696
f 1700/605/1697 1704/604/1701 1699/600/1696
f 1707/606/1704 1701/607/1698 1702/601/1699
f 1708/608/1705 1702/601/1699 1703/603/1700
f 1709/609/1706 1703/603/1700 1704/604/1701
f 1710/610/1707 1704/604/1701 1705/611/1702
f 1712/612/1709 1706/613/1703 1707/606/1704
f 1713/614/1710 1707/606/1704 1708/608/1705
f 1714/615/1711 1708/608/1705 1709/609/1706
f 1715/616/1712 1709/609/1706 1710/610/1707
f 1717/617/1714 1711/618/1708 1712/612/1709
f 1718/619/1715 1712/612/1709 1713/614/1710
f 1719/620/1716 1713/614/1710 1714/615/1711
f 1720/621/1717 1714/615/1711 1715/616/1712
f 1722/622/1719 1716/623/1713 1717/617/1714
f 1723/624/1720 1717/617/1714 1718/619/1715
f 1724/625/1721 1718/619/1715 1719/620/1716
f 1725/626/1722 1719/620/1716 1720/621/1717
f 1727/627/1724 1721/628/1718 1722/622/1719
f 1728/629/1725 1722/622/1719 1723/624/1720
f 1729/630/1726 1723/624/1720 1724/625/1721
f 1730/631/1727 1724/625/1721 1725/626/1722
f 1732/632/1729 1726/633/1723 1727/627/1724
f 1733/634/1730 1727/627/1724 1728/629/1725
f 1734/635/1731 1728/629/1725 1729/630/1726
f 1735/636/1732 1729/630/1726 1730/631/1727
f 1737/637/1734 1731/638/1728 1732/632/1729
f 1738/639/1735 1732/632/1729 1733/634/1730
f 1739/640/1736 1733/634/1730 1734/635/1731
f 1740/641/1737 1734/635/1731 1735/636/1732
f 1742/642/1739 1736/643/1733 1737/637/1734
f 1743/644/1740 1737/637/1734 1738/639/1735
f 1744/645/1741 1738/639/1735 1739/640/1736
f 1745/646/1742 1739/640/1736 1740/641/1737
f 1747/647/1744 1741/648/1738 1742/642/1739
f 1748/649/1745 1742/642/1739 1743/644/1740
f 1749/650/1746 1743/644/1740 1744/645/1741
f 1750/651/1747 1744/645/1741 1745/646/1742
f 1752/652/1749 1746/653/1743 1747/647/1744
f 1753/654/1750 1747/647/1744 1748/649/1745
f 1754/655/1751 1748/649/1745 1749/650/1746
f 1755/656/1752 1749/650/1746 1750/651/1747
f 1757/657/1754 1751/658/1748 1752/652/1749
f 1758/659/1755 1752/652/1749 1753/654/1750
f 1759/660/1756 1753/654/1750 1754/655/1751
f 1760/661/1757 1754/655/1751 1755/656/1752
f 1762/662/1759 1756/663/1753 1757/657/1754
f 1763/664/1760 1757/657/1754 1758/659/1755
f 1764/665/1761 1758/659/1755 1759/660/1756
f 1765/666/1762 1759/660/1756 1760/661/1757
f 1767/667/1764 1761/668/1758 1762/662/1759
f 1768/669/1765 1762/662/1759 1763/664/1760
f 1769/670/1766 1763/664/1760 1764/665/1761
f 1770/671/1767 1764/665/1761 1765/666/1762
f 1772/672/1769 1766/673/1763 1767/667/1764
f 1773/674/1770 1767/667/1764 1768/669/1765
f 1774/675/1771 1768/669/1765 1769/670/1766
f 1775/676/1772 1769/670/1766 1770/671/1767
f 1777/677/1774 1771/678/1768 1772/672/1769
f 1778/679/1775 1772/672/1769 1773/674/1770
f 1779/680/1776 1773/674/1770 1774/675/1771
f 1780/681/1777 1774/675/1771 1775/676/1772
f 1782/682/1779 1776/683/1773 1777/677/1774
f 1783/684/1780 1777/677/1774 1778/679/1775
f 1784/685/1781 1778/679/1775 1779/680/1776
f 1785/686/1782 1779/680/1776 1780/681/1777
f 1782/682/1779 1786/687/1783 1781/688/1778
f 1788/689/1785 1782/682/1779 1783/684/1780
f 1789/690/1786 1783/684/1780 1784/685/1781
f 1790/691/1787 1784/685/1781 1785/686/1782
f 1787/692/1784 1791/693/1788 1786/687/1783
f 1793/694/1790 1787/692/1784 1788/689/1785
f 1794/695/1791 1788/689/1785 1789/690/1786
f 1795/696/1792 1789/690/1786 1790/691/1787
f 1792/697/1789 1796/698/1793 1791/693/1788
f 1793/694/1790 1797/699/1794 1792/697/1789
f 1794/695/1791 1798/700/1795 1793/694/1790
f 1800/701/1797 1794/695/1791 1795/696/1792
f 1797/699/1794 1801/702/1798 1796/698/1793
f 1798/700/1795 1802/703/1799 1797/699/1794
f 1799/704/1796 1803/705/1800 1798/700/1795
f 1805/706/1802 1799/704/1796 1800/701/1797
f 1802/703/1799 1806/707/1803 1801/702/1798
f 1803/705/1800 1807/708/1804 1802/703/1799
f 1804/709/1801 1808/710/1805 1803/705/1800
f 1810/711/1807 1804/709/1801 1805/706/1802
f 1807/708/1804 1811/712/1808 1806/707/1803
f 1808/710/1805 1812/713/1809 1807/708/1804
f 1809/714/1806 1813/715/1810 1808/710/1805
f 1815/716/1812 1809/714/1806 1810/711/1807
f 1812/713/1809 1816/717/1813 1811/712/1808
f 1813/715/1810 1817/718/1814 1812/713/1809
f 1814/719/1811 1818/720/1815 1813/715/1810
f 1820/721/1817 1814/719/1811 1815/716/1812
f 1817/718/1814 1821/205/1818 1816/717/1813
f 1818/720/1815 1822/349/1819 1817/718/1814
f 1819/722/1816 1823/238/1820 1818/720/1815
f 1820/721/1817 1824/350/1821 1819/722/1816
f 1832/583/1829 1826/9/1823 1827/239/1824
f 1828/209/1825 1832/583/1829 1827/239/1824
f 1829/242/1826 1833/584/1830 1828/209/1825
f 1830/211/1827 1834/585/1831 1829/242/1826
f 1837/586/1834 1831/587/1828 1832/583/1829
f 1833/584/1830 1837/586/1834 1832/583/1829
f 1834/585/1831 1838/588/1835 1833/584/1830
f 1835/589/1832 1839/590/1836 1834/585/1831
f 1842/591/1839 1836/592/1833 1837/586/1834
f 1843/593/1840 1837/586/1834 1838/588/1835
f 1844/595/1841 1838/588/1835 1839/590/1836
f 1840/594/1837 1844/595/1841 1839/590/1836
f 1847/596/1844 1841/597/1838 1842/591/1839
f 1848/598/1845 1842/591/1839 1843/593/1840
f 1849/600/1846 1843/593/1840 1844/595/1841
f 1845/599/1842 1849/600/1846 1844/595/1841
f 1852/601/1849 1846/602/1843 1847/596/1844
f 1853/603/1850 1847/596/1844 1848/598/1845
f 1854/604/1851 1848/598/1845 1849/600/1846
f 1855/611/1852 1849/600/1846 1850/605/1847
f 1852/601/1849 1856/613/1853 1851/607/1848
f 1853/603/1850 1857/606/1854 1852/601/1849
f 1854/604/1851 1858/608/1855 1853/603/1850
f 1860/610/1857 1854/604/1851 1855/611/1852
f 1857/606/1854 1861/618/1858 1856/613/1853
f 1858/608/1855 1862/612/1859 1857/606/1854
f 1859/609/1856 1863/614/1860 1858/608/1855
f 1860/610/1857 1864/615/1861 1859/609/1856
f 1862/612/1859 1866/623/1863 1861/618/1858
f 1863/614/1860 1867/617/1864 1862/612/1859
f 1864/615/1861 1868/619/1865 1863/614/1860
f 1865/616/1862 1869/620/1866 1864/615/1861
f 1867/617/1864 1871/628/1868 1866/623/1863
f 1868/619/1865 1872/622/1869 1867/617/1864
f 1869/620/1866 1873/624/1870 1868/619/1865
f 1870/621/1867 1874/625/1871 1869/620/1866
f 1872/622/1869 1876/633/1873 1871/628/1868
f 1873/624/1870 1877/627/1874 1872/622/1869
f 1874/625/1871 1878/629/1875 1873/624/1870
f 1875/626/1872 1879/630/1876 1874/625/1871
f 1877/627/1874 1881/638/1878 1876/633/1873
f 1878/629/1875 1882/632/1879 1877/627/1874
f 1879/630/1876 1883/634/1880 1878/629/1875
f 1880/631/1877 1884/635/1881 1879/630/1876
f 1882/632/1879 1886/643/1883 1881/638/1878
f 1883/634/1880 1887/637/1884 1882/632/1879
f 1884/635/1881 1888/639/1885 1883/634/1880
f 1885/636/1882 1889/640/1886 1884/635/1881
f 1887/637/1884 1891/648/1888 1886/643/1883
f 1888/639/1885 1892/642/1889 1887/637/1884
f 1889/640/1886 1893/644/1890 1888/639/1885
f 1895/646/1892 1889/640/1886 1890/641/1887
f 1892/642/1889 1896/653/1893 1891/648/1888
f 1898/649/1895 1892/642/1889 1893/644/1890
f 1899/650/1896 1893/644/1890 1894/645/1891
f 1900/651/1897 1894/645/1891 1895/646/1892
f 1897/647/1894 1901/658/1898 1896/653/1893
f 1903/654/1900 1897/647/1894 1898/649/1895
f 1904/655/1901 1898/649/1895 1899/650/1896
f 1905/656/1902 1899/650/1896 1900/651/1897
f 1907/657/1904 1901/658/1898 1902/652/1899
f 1908/659/1905 1902/652/1899 1903/654/1900
f 1909/660/1906 1903/654/1900 1904/655/1901
f 1910/661/1907 1904/655/1901 1905/656/1902
f 1912/662/1909 1906/663/1903 1907/657/1904
f 1913/664/1910 1907/657/1904 1908/659/1905
f 1914/665/1911 1908/659/1905 1909/660/1906
f 1915/666/1912 1909/660/1906 1910/661/1907
f 1917/667/1914 1911/668/1908 1912/662/1909
f 1918/669/1915 1912/662/1909 1913/664/1910
f 1919/670/1916 1913/664/1910 1914/665/1911
f 1920/671/1917 1914/665/1911 1915/666/1912
f 1917/667/1914 1921/678/1918 1916/673/1913
f 1923/674/1920 1917/667/1914 1918/669/1915
f 1924/675/1921 1918/669/1915 1919/670/1916
f 1925/676/1922 1919/670/1916 1920/671/1917
f 1922/672/1919 1926/683/1923 1921/678/1918
f 1928/679/1925 1922/672/1919 1923/674/1920
f 1929/680/1926 1923/674/1920 1924/675/1921
f 1930/681/1927 1924/675/1921 1925/676/1922
f 1927/677/1924 1931/688/1928 1926/683/1923
f 1933/684/1930 1927/677/1924 1928/679/1925
f 1934/685/1931 1928/679/1925 1929/680/1926
f 1935/686/1932 1929/680/1926 1930/681/1927
f 1932/682/1929 1936/687/1933 1931/688/1928
f 1938/689/1935 1932/682/1929 1933/684/1930
f 1939/690/1936 1933/684/1930 1934/685/1931
f 1940/691/1937 1934/685/1931 1935/686/1932
f 1937/692/1934 1941/693/1938 1936/687/1933
f 1938/689/1935 1942/697/1939 1937/692/1934
f 1944/695/1941 1938/689/1935 1939/690/1936
f 1945/696/1942 1939/690/1936 1940/691/1937
f 1942/697/1939 1946/698/1943 1941/693/1938
f 1943/694/1940 1947/699/1944 1942/697/1939
f 1944/695/1941 1948/700/1945 1943/694/1940
f 1950/701/1947 1944/695/1941 1945/696/1942
f 1947/699/1944 1951/702/1948 1946/698/1943
f 1948/700/1945 1952/703/1949 1947/699/1944
f 1949/704/1946 1953/705/1950 1948/700/1945
f 1955/706/1952 1949/704/1946 1950/701/1947
f 1952/703/1949 1956/707/1953 1951/702/1948
f 1953/705/1950 1957/708/1954 1952/703/1949
f 1954/709/1951 1958/710/1955 1953/705/1950
f 1960/711/1957 1954/709/1951 1955/706/1952
f 1957/708/1954 1961/712/1958 1956/707/1953
f 1958/710/1955 1962/713/1959 1957/708/1954
f 1964/719/1961 1958/710/1955 1959/714/1956
f 1965/716/1962 1959/714/1956 1960/711/1957
f 1962/713/1959 1966/717/1963 1961/712/1958
f 1968/720/1965 1962/713/1959 1963/715/1960
f 1969/722/1966 1963/715/1960 1964/719/1961
f 1970/721/1967 1964/719/1961 1965/716/1962
f 1967/718/1964 1971/205/1968 1966/717/1963
f 1968/720/1965 1972/349/1969 1967/718/1964
f 1969/722/1966 1973/238/1970 1968/720/1965
f 1970/721/1967 1974/350/1971 1969/722/1966
f 1977/239/1974 1981/587/1978 1976/9/1973
f 1978/209/1975 1982/583/1979 1977/239/1974
f 1979/242/1976 1983/584/1980 1978/209/1975
f 1985/589/1982 1979/242/1976 1980/211/1977
f 1982/583/1979 1986/592/1983 1981/587/1978
f 1983/584/1980 1987/586/1984 1982/583/1979
f 1984/585/1981 1988/588/1985 1983/584/1980
f 1990/594/1987 1984/585/1981 1985/589/1982
f 1987/586/1984 1991/597/1988 1986/592/1983
f 1993/593/1990 1987/586/1984 1988/588/1985
f 1994/595/1991 1988/588/1985 1989/590/1986
f 1995/599/1992 1989/590/1986 1990/594/1987
f 1997/596/1994 1991/597/1988 1992/591/1989
f 1998/598/1995 1992/591/1989 1993/593/1990
f 1999/600/1996 1993/593/1990 1994/595/1991
f 2000/605/1997 1994/595/1991 1995/599/1992
f 2002/601/1999 1996/602/1993 1997/596/1994
f 2003/603/2000 1997/596/1994 1998/598/1995
f 2004/604/2001 1998/598/1995 1999/600/1996
f 2005/611/2002 1999/600/1996 2000/605/1997
f 2007/606/2004 2001/607/1998 2002/601/1999
f 2008/608/2005 2002/601/1999 2003/603/2000
f 2009/609/2006 2003/603/2000 2004/604/2001
f 2010/610/2007 2004/604/2001 2005/611/2002
f 2012/612/2009 2006/613/2003 2007/606/2004
f 2013/614/2010 2007/606/2004 2008/608/2005
f 2014/615/2011 2008/608/2005 2009/609/2006
f 2015/616/2012 2009/609/2006 2010/610/2007
f 2017/617/2014 2011/618/2008 2012/612/2009
f 2013/614/2010 2017/617/2014 2012/612/2009
f 2014/615/2011 2018/619/2015 2013/614/2010
f 2015/616/2012 2019/620/2016 2014/615/2011
f 2017/617/2014 2021/628/2018 2016/623/2013
f 2018/619/2015 2022/622/2019 2017/617/2014
f 2019/620/2016 2023/624/2020 2018/619/2015
f 2020/621/2017 2024/625/2021 2019/620/2016
f 2022/622/2019 2026/633/2023 2021/628/2018
f 2023/624/2020 2027/627/2024 2022/622/2019
f 2024/625/2021 2028/629/2025 2023/624/2020
f 2025/626/2022 2029/630/2026 2024/625/2021
f 2027/627/2024 2031/638/2028 2026/633/2023
f 2028/629/2025 2032/632/2029 2027/627/2024
f 2029/630/2026 2033/634/2030 2028/629/2025
f 2030/631/2027 2034/635/2031 2029/630/2026
f 2032/632/2029 2036/643/2033 2031/638/2028
f 2033/634/2030 2037/637/2034 2032/632/2029
f 2034/635/2031 2038/639/2035 2033/634/2030
f 2035/636/2032 2039/640/2036 2034/635/2031
f 2037/637/2034 2041/648/2038 2036/643/2033
f 2038/639/2035 2042/642/2039 2037/637/2034
f 2039/640/2036 2043/644/2040 2038/639/2035
f 2040/641/2037 2044/645/2041 2039/640/2036
f 2042/642/2039 2046/653/2043 2041/648/2038
f 2043/644/2040 2047/647/2044 2042/642/2039
f 2044/645/2041 2048/649/2045 2043/644/2040
f 2045/646/2042 2049/650/2046 2044/645/2041
f 2047/647/2044 2051/658/2048 2046/653/2043
f 2048/649/2045 2052/652/2049 2047/647/2044
f 2049/650/2046 2053/654/2050 2048/649/2045
f 2050/651/2047 2054/655/2051 2049/650/2046
f 2052/652/2049 2056/663/2053 2051/658/2048
f 2053/654/2050 2057/657/2054 2052/652/2049
f 2054/655/2051 2058/659/2055 2053/654/2050
f 2055/656/2052 2059/660/2056 2054/655/2051
f 2057/657/2054 2061/668/2058 2056/663/2053
f 2058/659/2055 2062/662/2059 2057/657/2054
f 2059/660/2056 2063/664/2060 2058/659/2055
f 2060/661/2057 2064/665/2061 2059/660/2056
f 2062/662/2059 2066/673/2063 2061/668/2058
f 2063/664/2060 2067/667/2064 2062/662/2059
f 2064/665/2061 2068/669/2065 2063/664/2060
f 2065/666/2062 2069/670/2066 2064/665/2061
f 2067/667/2064 2071/678/2068 2066/673/2063
f 2068/669/2065 2072/672/2069 2067/667/2064
f 2069/670/2066 2073/674/2070 2068/669/2065
f 2070/671/2067 2074/675/2071 2069/670/2066
f 2072/672/2069 2076/683/2073 2071/678/2068
f 2073/674/2070 2077/677/2074 2072/672/2069
f 2074/675/2071 2078/679/2075 2073/674/2070
f 2075/676/2072 2079/680/2076 2074/675/2071
f 2077/677/2074 2081/688/2078 2076/683/2073
f 2078/679/2075 2082/682/2079 2077/677/2074
f 2079/680/2076 2083/684/2080 2078/679/2075
f 2080/681/2077 2084/685/2081 2079/680/2076
f 2082/682/2079 2086/687/2083 2081/688/2078
f 2083/684/2080 2087/692/2084 2082/682/2079
f 2084/685/2081 2088/689/2085 2083/684/2080
f 2090/691/2087 2084/685/2081 2085/686/2082
f 2087/692/2084 2091/693/2088 2086/687/2083
f 2088/689/2085 2092/697/2089 2087/692/2084
f 2089/690/2086 2093/694/2090 2088/689/2085
f 2095/696/2092 2089/690/2086 2090/691/2087
f 2092/697/2089 2096/698/2093 2091/693/2088
f 2093/694/2090 2097/699/2094 2092/697/2089
f 2094/695/2091 2098/700/2095 2093/694/2090
f 2100/701/2097 2094/695/2091 2095/696/2092
f 2097/699/2094 2101/702/2098 2096/698/2093
f 2098/700/2095 2102/703/2099 2097/699/2094
f 2099/704/2096 2103/705/2100 2098/700/2095
f 2105/706/2102 2099/704/2096 2100/701/2097
f 2102/703/2099 2106/707/2103 2101/702/2098
f 2103/705/2100 2107/708/2104 2102/703/2099
f 2104/709/2101 2108/710/2105 2103/705/2100
f 2110/711/2107 2104/709/2101 2105/706/2102
f 2107/708/2104 2111/712/2108 2106/707/2103
f 2108/710/2105 2112/713/2109 2107/708/2104
f 2109/714/2106 2113/715/2110 2108/710/2105
f 2115/716/2112 2109/714/2106 2110/711/2107
f 2112/713/2109 2116/717/2113 2111/712/2108
f 2113/715/2110 2117/718/2114 2112/713/2109
f 2119/722/2116 2113/715/2110 2114/719/2111
f 2120/721/2117 2114/719/2111 2115/716/2112
f 2122/349/2119 2116/717/2113 2117/718/2114
f 2118/720/2115 2122/349/2119 2117/718/2114
f 2119/722/2116 2123/238/2120 2118/720/2115
f 2120/721/2117 2124/350/2121 2119/722/2116
f 2132/241/2129 2126/9/2123 2127/239/2124
f 2128/209/2125 2132/241/2129 2127/239/2124
f 2129/242/2126 2133/243/2130 2128/209/2125
f 2130/211/2127 2134/244/2131 2129/242/2126
f 2137/246/2134 2131/240/2128 2132/241/2129
f 2133/243/2130 2137/246/2134 2132/241/2129
f 2134/244/2131 2138/247/2135 2133/243/2130
f 2135/249/2132 2139/252/2136 2134/244/2131
f 2142/251/2139 2136/245/2133 2137/246/2134
f 2138/247/2135 2142/251/2139 2137/246/2134
f 2139/252/2136 2143/253/2140 2138/247/2135
f 2140/248/2137 2144/257/2141 2139/252/2136
f 2147/256/2144 2141/250/2138 2142/251/2139
f 2143/253/2140 2147/256/2144 2142/251/2139
f 2144/257/2141 2148/258/2145 2143/253/2140
f 2145/254/2142 2149/263/2146 2144/257/2141
f 2152/261/2149 2146/255/2143 2147/256/2144
f 2148/258/2145 2152/261/2149 2147/256/2144
f 2149/263/2146 2153/267/2150 2148/258/2145
f 2150/259/2147 2154/262/2151 2149/263/2146
f 2157/270/2154 2151/260/2148 2152/261/2149
f 2158/266/2155 2152/261/2149 2153/267/2150
f 2154/262/2151 2158/266/2155 2153/267/2150
f 2155/264/2152 2159/268/2156 2154/262/2151
f 2162/275/2159 2156/265/2153 2157/270/2154
f 2163/272/2160 2157/270/2154 2158/266/2155
f 2164/273/2161 2158/266/2155 2159/268/2156
f 2160/269/2157 2164/273/2161 2159/268/2156
f 2167/278/2164 2161/271/2158 2162/275/2159
f 2168/220/2165 2162/275/2159 2163/272/2160
f 2169/276/2166 2163/272/2160 2164/273/2161
f 2165/274/2162 2169/276/2166 2164/273/2161
f 2172/277/2169 2166/182/2163 2167/278/2164
f 2173/279/2170 2167/278/2164 2168/220/2165
f 2174/280/2171 2168/220/2165 2169/276/2166
f 2170/222/2167 2174/280/2171 2169/276/2166
f 2177/282/2174 2171/283/2168 2172/277/2169
f 2178/284/2175 2172/277/2169 2173/279/2170
f 2179/285/2176 2173/279/2170 2174/280/2171
f 2180/286/2177 2174/280/2171 2175/281/2172
f 2182/287/2179 2176/288/2173 2177/282/2174
f 2183/289/2180 2177/282/2174 2178/284/2175
f 2184/290/2181 2178/284/2175 2179/285/2176
f 2185/291/2182 2179/285/2176 2180/286/2177
f 2187/292/2184 2181/293/2178 2182/287/2179
f 2188/294/2185 2182/287/2179 2183/289/2180
f 2189/295/2186 2183/289/2180 2184/290/2181
f 2190/296/2187 2184/290/2181 2185/291/2182
f 2192/297/2189 2186/38/2183 2187/292/2184
f 2193/298/2190 2187/292/2184 2188/294/2185
f 2194/299/2191 2188/294/2185 2189/295/2186
f 2195/300/2192 2189/295/2186 2190/296/2187
f 2197/306/2194 2191/302/2188 2192/297/2189
f 2198/303/2195 2192/297/2189 2193/298/2190
f 2199/304/2196 2193/298/2190 2194/299/2191
f 2200/305/2197 2194/299/2191 2195/300/2192
f 2202/311/2199 2196/301/2193 2197/306/2194
f 2203/308/2200 2197/306/2194 2198/303/2195
f 2204/309/2201 2198/303/2195 2199/304/2196
f 2205/310/2202 2199/304/2196 2200/305/2197
f 2207/313/2204 2201/307/2198 2202/311/2199
f 2208/229/2205 2202/311/2199 2203/308/2200
f 2209/312/2206 2203/308/2200 2204/309/2201
f 2210/231/2207 2204/309/2201 2205/310/2202
f 2207/313/2204 2211/314/2208 2206/198/2203
f 2213/315/2210 2207/313/2204 2208/229/2205
f 2214/316/2211 2208/229/2205 2209/312/2206
f 2215/317/2212 2209/312/2206 2210/231/2207
f 2212/318/2209 2216/319/2213 2211/314/2208
f 2218/324/2215 2212/318/2209 2213/315/2210
f 2219/321/2216 2213/315/2210 2214/316/2211
f 2220/322/2217 2214/316/2211 2215/317/2212
f 2217/320/2214 2221/323/2218 2216/319/2213
f 2223/329/2220 2217/320/2214 2218/324/2215
f 2224/326/2221 2218/324/2215 2219/321/2216
f 2225/327/2222 2219/321/2216 2220/322/2217
f 2222/325/2219 2226/328/2223 2221/323/2218
f 2223/329/2220 2227/330/2224 2222/325/2219
f 2224/326/2221 2228/334/2225 2223/329/2220
f 2230/332/2227 2224/326/2221 2225/327/2222
f 2227/330/2224 2231/333/2228 2226/328/2223
f 2228/334/2225 2232/335/2229 2227/330/2224
f 2229/331/2226 2233/340/2230 2228/334/2225
f 2235/337/2232 2229/331/2226 2230/332/2227
f 2232/335/2229 2236/338/2233 2231/333/2228
f 2233/340/2230 2237/343/2234 2232/335/2229
f 2234/336/2231 2238/339/2235 2233/340/2230
f 2240/342/2237 2234/336/2231 2235/337/2232
f 2237/343/2234 2241/344/2238 2236/338/2233
f 2238/339/2235 2242/348/2239 2237/343/2234
f 2239/341/2236 2243/345/2240 2238/339/2235
f 2245/347/2242 2239/341/2236 2240/342/2237
f 2242/348/2239 2246/205/2243 2241/344/2238
f 2243/345/2240 2247/349/2244 2242/348/2239
f 2244/346/2241 2248/238/2245 2243/345/2240
f 2245/347/2242 2249/350/2246 2244/346/2241
f 2257/241/2254 2251/9/2248 2252/239/2249
f 2258/243/2255 2252/239/2249 2253/209/2250
f 2259/244/2256 2253/209/2250 2254/242/2251
f 2260/249/2257 2254/242/2251 2255/211/2252
f 2262/246/2259 2256/240/2253 2257/241/2254
f 2263/247/2260 2257/241/2254 2258/243/2255
f 2264/252/2261 2258/243/2255 2259/244/2256
f 2265/248/2262 2259/244/2256 2260/249/2257
f 2267/251/2264 2261/245/2258 2262/246/2259
f 2268/253/2265 2262/246/2259 2263/247/2260
f 2269/257/2266 2263/247/2260 2264/252/2261
f 2270/254/2267 2264/252/2261 2265/248/2262
f 2272/256/2269 2266/250/2263 2267/251/2264
f 2273/258/2270 2267/251/2264 2268/253/2265
f 2274/263/2271 2268/253/2265 2269/257/2266
f 2270/254/2267 2274/263/2271 2269/257/2266
f 2277/261/2274 2271/255/2268 2272/256/2269
f 2278/267/2275 2272/256/2269 2273/258/2270
f 2279/262/2276 2273/258/2270 2274/263/2271
f 2275/259/2272 2279/262/2276 2274/263/2271
f 2282/270/2279 2276/260/2273 2277/261/2274
f 2283/266/2280 2277/261/2274 2278/267/2275
f 2284/268/2281 2278/267/2275 2279/262/2276
f 2280/264/2277 2284/268/2281 2279/262/2276
f 2287/275/2284 2281/265/2278 2282/270/2279
f 2288/272/2285 2282/270/2279 2283/266/2280
f 2289/273/2286 2283/266/2280 2284/268/2281
f 2285/269/2282 2289/273/2286 2284/268/2281
f 2292/278/2289 2286/271/2283 2287/275/2284
f 2293/220/2290 2287/275/2284 2288/272/2285
f 2294/276/2291 2288/272/2285 2289/273/2286
f 2290/274/2287 2294/276/2291 2289/273/2286
f 2297/277/2294 2291/182/2288 2292/278/2289
f 2298/279/2295 2292/278/2289 2293/220/2290
f 2299/280/2296 2293/220/2290 2294/276/2291
f 2295/222/2292 2299/280/2296 2294/276/2291
f 2302/282/2299 2296/283/2293 2297/277/2294
f 2303/284/2300 2297/277/2294 2298/279/2295
f 2304/285/2301 2298/279/2295 2299/280/2296
f 2300/281/2297 2304/285/2301 2299/280/2296
f 2307/287/2304 2301/288/2298 2302/282/2299
f 2308/289/2305 2302/282/2299 2303/284/2300
f 2309/290/2306 2303/284/2300 2304/285/2301
f 2310/291/2307 2304/285/2301 2305/286/2302
f 2312/292/2309 2306/293/2303 2307/287/2304
f 2313/294/2310 2307/287/2304 2308/289/2305
f 2314/295/2311 2308/289/2305 2309/290/2306
f 2315/296/2312 2309/290/2306 2310/291/2307
f 2317/297/2314 2311/38/2308 2312/292/2309
f 2318/298/2315 2312/292/2309 2313/294/2310
f 2319/299/2316 2313/294/2310 2314/295/2311
f 2320/300/2317 2314/295/2311 2315/296/2312
f 2317/297/2314 2321/301/2318 2316/302/2313
f 2323/303/2320 2317/297/2314 2318/298/2315
f 2324/304/2321 2318/298/2315 2319/299/2316
f 2325/305/2322 2319/299/2316 2320/300/2317
f 2322/306/2319 2326/307/2323 2321/301/2318
f 2328/308/2325 2322/306/2319 2323/303/2320
f 2329/309/2326 2323/303/2320 2324/304/2321
f 2330/310/2327 2324/304/2321 2325/305/2322
f 2327/311/2324 2331/198/2328 2326/307/2323
f 2328/308/2325 2332/313/2329 2327/311/2324
f 2334/312/2331 2328/308/2325 2329/309/2326
f 2335/231/2332 2329/309/2326 2330/310/2327
f 2332/313/2329 2336/314/2333 2331/198/2328
f 2333/229/2330 2337/318/2334 2332/313/2329
f 2339/316/2336 2333/229/2330 2334/312/2331
f 2340/317/2337 2334/312/2331 2335/231/2332
f 2337/318/2334 2341/319/2338 2336/314/2333
f 2338/315/2335 2342/320/2339 2337/318/2334
f 2339/316/2336 2343/324/2340 2338/315/2335
f 2345/322/2342 2339/316/2336 2340/317/2337
f 2342/320/2339 2346/323/2343 2341/319/2338
f 2343/324/2340 2347/325/2344 2342/320/2339
f 2344/321/2341 2348/329/2345 2343/324/2340
f 2350/327/2347 2344/321/2341 2345/322/2342
f 2347/325/2344 2351/328/2348 2346/323/2343
f 2348/329/2345 2352/330/2349 2347/325/2344
f 2349/326/2346 2353/334/2350 2348/329/2345
f 2355/332/2352 2349/326/2346 2350/327/2347
f 2352/330/2349 2356/333/2353 2351/328/2348
f 2353/334/2350 2357/335/2354 2352/330/2349
f 2354/331/2351 2358/340/2355 2353/334/2350
f 2360/337/2357 2354/331/2351 2355/332/2352
f 2357/335/2354 2361/338/2358 2356/333/2353
f 2358/340/2355 2362/343/2359 2357/335/2354
f 2359/336/2356 2363/339/2360 2358/340/2355
f 2365/342/2362 2359/336/2356 2360/337/2357
f 2362/343/2359 2366/344/2363 2361/338/2358
f 2363/339/2360 2367/348/2364 2362/343/2359
f 2364/341/2361 2368/345/2365 2363/339/2360
f 2370/347/2367 2364/341/2361 2365/342/2362
f 2367/348/2364 2371/205/2368 2366/344/2363
f 2368/345/2365 2372/349/2369 2367/348/2364
f 2369/346/2366 2373/238/2370 2368/345/2365
f 2370/347/2367 2374/350/2371 2369/346/2366
f 2382/723/2379 2376/9/2373 2377/239/2374
f 2383/724/2380 2377/239/2374 2378/209/2375
f 2384/725/2381 2378/209/2375 2379/242/2376
f 2385/726/2382 2379/242/2376 2380/211/2377
f 2387/727/2384 2381/8/2378 2382/723/2379
f 2388/728/2385 2382/723/2379 2383/724/2380
f 2389/729/2386 2383/724/2380 2384/725/2381
f 2390/730/2387 2384/725/2381 2385/726/2382
f 2392/731/2389 2386/14/2383 2387/727/2384
f 2393/732/2390 2387/727/2384 2388/728/2385
f 2394/733/2391 2388/728/2385 2389/729/2386
f 2395/734/2392 2389/729/2386 2390/730/2387
f 2397/735/2394 2391/19/2388 2392/731/2389
f 2398/736/2395 2392/731/2389 2393/732/2390
f 2399/737/2396 2393/732/2390 2394/733/2391
f 2400/738/2397 2394/733/2391 2395/734/2392
f 2397/735/2394 2401/29/2398 2396/24/2393
f 2403/739/2400 2397/735/2394 2398/736/2395
f 2404/740/2401 2398/736/2395 2399/737/2396
f 2405/741/2402 2399/737/2396 2400/738/2397
f 2402/742/2399 2406/39/2403 2401/29/2398
f 2408/743/2405 2402/742/2399 2403/739/2400
f 2409/744/2406 2403/739/2400 2404/740/2401
f 2410/745/2407 2404/740/2401 2405/741/2402
f 2407/746/2404 2411/38/2408 2406/39/2403
f 2408/743/2405 2412/292/2409 2407/746/2404
f 2414/295/2411 2408/743/2405 2409/744/2406
f 2415/296/2412 2409/744/2406 2410/745/2407
f 2412/292/2409 2416/44/2413 2411/38/2408
f 2413/294/2410 2417/747/2414 2412/292/2409
f 2419/748/2416 2413/294/2410 2414/295/2411
f 2420/749/2417 2414/295/2411 2415/296/2412
f 2417/747/2414 2421/49/2418 2416/44/2413
f 2418/750/2415 2422/751/2419 2417/747/2414
f 2424/752/2421 2418/750/2415 2419/748/2416
f 2425/753/2422 2419/748/2416 2420/749/2417
f 2422/751/2419 2426/54/2423 2421/49/2418
f 2428/754/2425 2422/751/2419 2423/755/2420
f 2429/756/2426 2423/755/2420 2424/752/2421
f 2430/757/2427 2424/752/2421 2425/753/2422
f 2427/758/2424 2431/59/2428 2426/54/2423
f 2433/759/2430 2427/758/2424 2428/754/2425
f 2434/760/2431 2428/754/2425 2429/756/2426
f 2435/761/2432 2429/756/2426 2430/757/2427
f 2432/762/2429 2436/64/2433 2431/59/2428
f 2438/763/2435 2432/762/2429 2433/759/2430
f 2439/764/2436 2433/759/2430 2434/760/2431
f 2440/765/2437 2434/760/2431 2435/761/2432
f 2437/766/2434 2441/69/2438 2436/64/2433
f 2443/767/2440 2437/766/2434 2438/763/2435
f 2444/768/2441 2438/763/2435 2439/764/2436
f 2445/769/2442 2439/764/2436 2440/765/2437
f 2442/770/2439 2446/205/2443 2441/69/2438
f 2443/767/2440 2447/349/2444 2442/770/2439
f 2444/768/2441 2448/238/2445 2443/767/2440
f 2445/769/2442 2449/350/2446 2444/768/2441
f 1152/239/1149 2451/240/2448 2452/241/2449
f 1153/209/1150 2452/241/2449 2453/243/2450
f 1154/242/1151 2453/243/2450 2454/244/2451
f 1155/211/1152 2454/244/2451 2455/249/2452
f 2452/241/2449 2456/245/2453 2457/246/2454
f 2453/243/2450 2457/246/2454 2458/247/2455
f 2454/244/2451 2458/247/2455 2459/252/2456
f 2454/244/2451 2460/248/2457 2455/249/2452
f 2457/246/2454 2461/250/2458 2462/251/2459
f 2458/247/2455 2462/251/2459 2463/253/2460
f 2459/252/2456 2463/253/2460 2464/257/2461
f 2459/252/2456 2465/254/2462 2460/248/2457
f 2462/251/2459 2466/255/2463 2467/256/2464
f 2463/253/2460 2467/256/2464 2468/258/2465
f 2464/257/2461 2468/258/2465 2469/263/2466
f 2464/257/2461 2470/259/2467 2465/254/2462
f 2467/256/2464 2471/260/2468 2472/261/2469
f 2468/258/2465 2472/261/2469 2473/267/2470
f 2468/258/2465 2474/262/2471 2469/263/2466
f 2469/263/2466 2475/264/2472 2470/259/2467
f 2472/261/2469 2476/265/2473 2477/270/2474
f 2472/261/2469 2478/266/2475 2473/267/2470
f 2473/267/2470 2479/268/2476 2474/262/2471
f 2474/262/2471 2480/269/2477 2475/264/2472
f 2477/270/2474 2481/271/2478 2482/275/2479
f 2477/270/2474 2483/272/2480 2478/266/2475
f 2478/266/2475 2484/273/2481 2479/268/2476
f 2479/268/2476 2485/274/2482 2480/269/2477
f 2482/275/2479 2486/182/2483 2487/278/2484
f 2482/275/2479 2488/220/2485 2483/272/2480
f 2483/272/2480 2489/276/2486 2484/273/2481
f 2484/273/2481 2490/222/2487 2485/274/2482
f 2486/182/2483 2492/277/2489 2487/278/2484
f 2487/278/2484 2493/279/2490 2488/220/2485
f 2488/220/2485 2494/280/2491 2489/276/2486
f 2489/276/2486 2495/281/2492 2490/222/2487
f 2491/283/2488 2497/282/2494 2492/277/2489
f 2492/277/2489 2498/284/2495 2493/279/2490
f 2493/279/2490 2499/285/2496 2494/280/2491
f 2494/280/2491 2500/286/2497 2495/281/2492
f 2496/288/2493 2502/287/2499 2497/282/2494
f 2497/282/2494 2503/289/2500 2498/284/2495
f 2498/284/2495 2504/290/2501 2499/285/2496
f 2499/285/2496 2505/291/2502 2500/286/2497
f 2501/293/2498 2507/292/2504 2502/287/2499
f 2502/287/2499 2508/294/2505 2503/289/2500
f 2503/289/2500 2509/295/2506 2504/290/2501
f 2504/290/2501 2510/296/2507 2505/291/2502
f 2506/38/2503 2512/297/2509 2507/292/2504
f 2507/292/2504 2513/298/2510 2508/294/2505
f 2508/294/2505 2514/299/2511 2509/295/2506
f 2509/295/2506 2515/300/2512 2510/296/2507
f 2512/297/2509 2516/301/2513 2517/306/2514
f 2512/297/2509 2518/303/2515 2513/298/2510
f 2513/298/2510 2519/304/2516 2514/299/2511
f 2514/299/2511 2520/305/2517 2515/300/2512
f 2517/306/2514 2521/307/2518 2522/311/2519
f 2517/306/2514 2523/308/2520 2518/303/2515
f 2518/303/2515 2524/309/2521 2519/304/2516
f 2519/304/2516 2525/310/2522 2520/305/2517
f 2522/311/2519 2526/198/2523 2527/313/2524
f 2522/311/2519 2528/229/2525 2523/308/2520
f 2523/308/2520 2529/312/2526 2524/309/2521
f 2524/309/2521 2530/231/2527 2525/310/2522
f 2527/313/2524 2531/314/2528 2532/318/2529
f 2527/313/2524 2533/315/2530 2528/229/2525
f 2528/229/2525 2534/316/2531 2529/312/2526
f 2529/312/2526 2535/317/2532 2530/231/2527
f 2532/318/2529 2536/319/2533 2537/320/2534
f 2533/315/2530 2537/320/2534 2538/324/2535
f 2533/315/2530 2539/321/2536 2534/316/2531
f 2534/316/2531 2540/322/2537 2535/317/2532
f 2537/320/2534 2541/323/2538 2542/325/2539
f 2538/324/2535 2542/325/2539 2543/329/2540
f 2538/324/2535 2544/326/2541 2539/321/2536
f 2539/321/2536 2545/327/2542 2540/322/2537
f 2542/325/2539 2546/328/2543 2547/330/2544
f 2543/329/2540 2547/330/2544 2548/334/2545
f 2543/329/2540 2549/331/2546 2544/326/2541
f 2544/326/2541 2550/332/2547 2545/327/2542
f 2547/330/2544 2551/333/2548 2552/335/2549
f 2548/334/2545 2552/335/2549 2553/340/2550
f 2548/334/2545 2554/336/2551 2549/331/2546
f 2549/331/2546 2555/337/2552 2550/332/2547
f 2552/335/2549 2556/338/2553 2557/343/2554
f 2552/335/2549 2558/339/2555 2553/340/2550
f 2553/340/2550 2559/341/2556 2554/336/2551
f 2554/336/2551 2560/342/2557 2555/337/2552
f 2557/343/2554 2561/344/2558 2562/348/2559
f 2557/343/2554 2563/345/2560 2558/339/2555
f 2558/339/2555 2564/346/2561 2559/341/2556
f 2559/341/2556 2565/347/2562 2560/342/2557
f 2562/348/2559 2566/205/2563 2567/349/2564
f 2563/345/2560 2567/349/2564 2568/238/2565
f 2564/346/2561 2568/238/2565 2569/350/2566
f 2565/347/2562 2569/350/2566 2570/771/2567
f 2572/239/2569 2576/77/2573 2577/351/2574
f 2573/209/2570 2577/351/2574 2578/352/2575
f 2574/242/2571 2578/352/2575 2579/355/2576
f 2574/242/2571 2580/353/2577 2575/211/2572
f 2577/351/2574 2581/82/2578 2582/354/2579
f 2578/352/2575 2582/354/2579 2583/356/2580
f 2579/355/2576 2583/356/2580 2584/357/2581
f 2580/353/2577 2584/357/2581 2585/360/2582
f 2582/354/2579 2586/87/2583 2587/358/2584
f 2583/356/2580 2587/358/2584 2588/359/2585
f 2584/357/2581 2588/359/2585 2589/361/2586
f 2585/360/2582 2589/361/2586 2590/364/2587
f 2587/358/2584 2591/92/2588 2592/362/2589
f 2588/359/2585 2592/362/2589 2593/363/2590
f 2589/361/2586 2593/363/2590 2594/365/2591
f 2590/364/2587 2594/365/2591 2595/368/2592
f 2592/362/2589 2596/97/2593 2597/366/2594
f 2593/363/2590 2597/366/2594 2598/367/2595
f 2594/365/2591 2598/367/2595 2599/369/2596
f 2595/368/2592 2599/369/2596 2600/372/2597
f 2597/366/2594 2601/102/2598 2602/370/2599
f 2598/367/2595 2602/370/2599 2603/371/2600
f 2599/369/2596 2603/371/2600 2604/373/2601
f 2600/372/2597 2604/373/2601 2605/376/2602
f 2602/370/2599 2606/107/2603 2607/374/2604
f 2603/371/2600 2607/374/2604 2608/375/2605
f 2604/373/2601 2608/375/2605 2609/377/2606
f 2605/376/2602 2609/377/2606 2610/381/2607
f 2607/374/2604 2611/112/2608 2612/378/2609
f 2608/375/2605 2612/378/2609 2613/379/2610
f 2609/377/2606 2613/379/2610 2614/383/2611
f 2609/377/2606 2615/380/2612 2610/381/2607
f 2612/378/2609 2616/117/2613 2617/382/2614
f 2613/379/2610 2617/382/2614 2618/384/2615
f 2614/383/2611 2618/384/2615 2619/388/2616
f 2614/383/2611 2620/385/2617 2615/380/2612
f 2617/382/2614 2621/122/2618 2622/386/2619
f 2618/384/2615 2622/386/2619 2623/391/2620
f 2618/384/2615 2624/387/2621 2619/388/2616
f 2619/388/2616 2625/389/2622 2620/385/2617
f 2622/386/2619 2626/127/2623 2627/394/2624
f 2622/386/2619 2628/390/2625 2623/391/2620
f 2623/391/2620 2629/392/2626 2624/387/2621
f 2624/387/2621 2630/393/2627 2625/389/2622
f 2627/394/2624 2631/132/2628 2632/398/2629
f 2627/394/2624 2633/395/2630 2628/390/2625
f 2628/390/2625 2634/396/2631 2629/392/2626
f 2629/392/2626 2635/397/2632 2630/393/2627
f 2632/398/2629 2636/137/2633 2637/399/2634
f 2633/395/2630 2637/399/2634 2638/402/2635
f 2633/395/2630 2639/400/2636 2634/396/2631
f 2634/396/2631 2640/401/2637 2635/397/2632
f 2637/399/2634 2641/142/2638 2642/403/2639
f 2638/402/2635 2642/403/2639 2643/406/2640
f 2638/402/2635 2644/404/2641 2639/400/2636
f 2639/400/2636 2645/405/2642 2640/401/2637
f 2642/403/2639 2646/147/2643 2647/407/2644
f 2643/406/2640 2647/407/2644 2648/410/2645
f 2643/406/2640 2649/408/2646 2644/404/2641
f 2644/404/2641 2650/409/2647 2645/405/2642
f 2647/407/2644 2651/152/2648 2652/411/2649
f 2648/410/2645 2652/411/2649 2653/412/2650
f 2649/408/2646 2653/412/2650 2654/415/2651
f 2649/408/2646 2655/413/2652 2650/409/2647
f 2652/411/2649 2656/157/2653 2657/414/2654
f 2653/412/2650 2657/414/2654 2658/416/2655
f 2654/415/2651 2658/416/2655 2659/419/2656
f 2654/415/2651 2660/417/2657 2655/413/2652
f 2657/414/2654 2661/162/2658 2662/418/2659
f 2658/416/2655 2662/418/2659 2663/420/2660
f 2659/419/2656 2663/420/2660 2664/422/2661
f 2659/419/2656 2665/421/2662 2660/417/2657
f 2662/418/2659 2666/205/2663 2667/349/2664
f 2663/420/2660 2667/349/2664 2668/238/2665
f 2664/422/2661 2668/238/2665 2669/350/2666
f 2665/421/2662 2669/350/2666 2670/771/2667
f 1376/9/1373 2672/241/2669 1377/239/1374
f 1378/209/1375 2672/241/2669 2673/243/2670
f 1379/242/1376 2673/243/2670 2674/244/2671
f 1380/211/1377 2674/244/2671 2675/249/2672
f 2671/240/2668 2677/246/2674 2672/241/2669
f 2673/243/2670 2677/246/2674 2678/247/2675
f 2674/244/2671 2678/247/2675 2679/252/2676
f 2675/249/2672 2679/252/2676 2680/248/2677
f 2676/245/2673 2682/251/2679 2677/246/2674
f 2678/247/2675 2682/251/2679 2683/253/2680
f 2679/252/2676 2683/253/2680 2684/257/2681
f 2680/248/2677 2684/257/2681 2685/254/2682
f 2681/250/2678 2687/256/2684 2682/251/2679
f 2683/253/2680 2687/256/2684 2688/258/2685
f 2684/257/2681 2688/258/2685 2689/263/2686
f 2685/254/2682 2689/263/2686 2690/259/2687
f 2686/255/2683 2692/261/2689 2687/256/2684
f 2688/258/2685 2692/261/2689 2693/267/2690
f 2689/263/2686 2693/267/2690 2694/262/2691
f 2690/259/2687 2694/262/2691 2695/264/2692
f 2691/260/2688 2697/270/2694 2692/261/2689
f 2693/267/2690 2697/270/2694 2698/266/2695
f 2694/262/2691 2698/266/2695 2699/268/2696
f 2695/264/2692 2699/268/2696 2700/269/2697
f 2696/265/2693 2702/275/2699 2697/270/2694
f 2698/266/2695 2702/275/2699 2703/272/2700
f 2699/268/2696 2703/272/2700 2704/273/2701
f 2700/269/2697 2704/273/2701 2705/274/2702
f 2701/271/2698 2707/278/2704 2702/275/2699
f 2703/272/2700 2707/278/2704 2708/220/2705
f 2704/273/2701 2708/220/2705 2709/276/2706
f 2705/274/2702 2709/276/2706 2710/222/2707
f 2706/182/2703 2712/277/2709 2707/278/2704
f 2708/220/2705 2712/277/2709 2713/279/2710
f 2709/276/2706 2713/279/2710 2714/280/2711
f 2710/222/2707 2714/280/2711 2715/281/2712
f 2711/283/2708 2717/282/2714 2712/277/2709
f 2713/279/2710 2717/282/2714 2718/284/2715
f 2714/280/2711 2718/284/2715 2719/285/2716
f 2715/281/2712 2719/285/2716 2720/286/2717
f 2716/288/2713 2722/287/2719 2717/282/2714
f 2718/284/2715 2722/287/2719 2723/289/2720
f 2719/285/2716 2723/289/2720 2724/290/2721
f 2720/286/2717 2724/290/2721 2725/291/2722
f 2721/293/2718 2727/292/2724 2722/287/2719
f 2723/289/2720 2727/292/2724 2728/294/2725
f 2724/290/2721 2728/294/2725 2729/295/2726
f 2725/291/2722 2729/295/2726 2730/296/2727
f 2726/38/2723 2732/297/2729 2727/292/2724
f 2728/294/2725 2732/297/2729 2733/298/2730
f 2729/295/2726 2733/298/2730 2734/299/2731
f 2730/296/2727 2734/299/2731 2735/300/2732
f 2731/302/2728 2737/306/2734 2732/297/2729
f 2733/298/2730 2737/306/2734 2738/303/2735
f 2734/299/2731 2738/303/2735 2739/304/2736
f 2735/300/2732 2739/304/2736 2740/305/2737
f 2737/306/2734 2741/307/2738 2742/311/2739
f 2738/303/2735 2742/311/2739 2743/308/2740
f 2739/304/2736 2743/308/2740 2744/309/2741
f 2740/305/2737 2744/309/2741 2745/310/2742
f 2742/311/2739 2746/198/2743 2747/313/2744
f 2743/308/2740 2747/313/2744 2748/229/2745
f 2744/309/2741 2748/229/2745 2749/312/2746
f 2745/310/2742 2749/312/2746 2750/231/2747
f 2747/313/2744 2751/314/2748 2752/318/2749
f 2748/229/2745 2752/318/2749 2753/315/2750
f 2749/312/2746 2753/315/2750 2754/316/2751
f 2750/231/2747 2754/316/2751 2755/317/2752
f 2752/318/2749 2756/319/2753 2757/320/2754
f 2753/315/2750 2757/320/2754 2758/324/2755
f 2754/316/2751 2758/324/2755 2759/321/2756
f 2754/316/2751 2760/322/2757 2755/317/2752
f 2757/320/2754 2761/323/2758 2762/325/2759
f 2757/320/2754 2763/329/2760 2758/324/2755
f 2758/324/2755 2764/326/2761 2759/321/2756
f 2759/321/2756 2765/327/2762 2760/322/2757
f 2762/325/2759 2766/328/2763 2767/330/2764
f 2762/325/2759 2768/334/2765 2763/329/2760
f 2763/329/2760 2769/331/2766 2764/326/2761
f 2764/326/2761 2770/332/2767 2765/327/2762
f 2767/330/2764 2771/333/2768 2772/335/2769
f 2767/330/2764 2773/340/2770 2768/334/2765
f 2768/334/2765 2774/336/2771 2769/331/2766
f 2769/331/2766 2775/337/2772 2770/332/2767
f 2772/335/2769 2776/338/2773 2777/343/2774
f 2772/335/2769 2778/339/2775 2773/340/2770
f 2773/340/2770 2779/341/2776 2774/336/2771
f 2774/336/2771 2780/342/2777 2775/337/2772
f 2777/343/2774 2781/344/2778 2782/348/2779
f 2777/343/2774 2783/345/2780 2778/339/2775
f 2778/339/2775 2784/346/2781 2779/341/2776
f 2779/341/2776 2785/347/2782 2780/342/2777
f 2782/348/2779 2786/205/2783 2787/349/2784
f 2783/345/2780 2787/349/2784 2788/238/2785
f 2784/346/2781 2788/238/2785 2789/350/2786
f 2785/347/2782 2789/350/2786 2790/771/2787
f 1501/9/1498 2792/423/2789 1502/239/1499
f 1502/239/1499 2793/424/2790 1503/209/1500
f 1503/209/1500 2794/425/2791 1504/242/1501
f 1505/211/1502 2794/425/2791 2795/429/2792
f 2791/427/2788 2797/426/2794 2792/423/2789
f 2792/423/2789 2798/428/2795 2793/424/2790
f 2794/425/2791 2798/428/2795 2799/430/2796
f 2795/429/2792 2799/430/2796 2800/434/2797
f 2796/432/2793 2802/431/2799 2797/426/2794
f 2798/428/2795 2802/431/2799 2803/433/2800
f 2799/430/2796 2803/433/2800 2804/435/2801
f 2800/434/2797 2804/435/2801 2805/439/2802
f 2801/437/2798 2807/436/2804 2802/431/2799
f 2803/433/2800 2807/436/2804 2808/438/2805
f 2804/435/2801 2808/438/2805 2809/440/2806
f 2805/439/2802 2809/440/2806 2810/445/2807
f 2807/436/2804 2811/441/2808 2812/443/2809
f 2808/438/2805 2812/443/2809 2813/444/2810
f 2809/440/2806 2813/444/2810 2814/446/2811
f 2810/445/2807 2814/446/2811 2815/450/2812
f 2812/443/2809 2816/447/2813 2817/448/2814
f 2813/444/2810 2817/448/2814 2818/449/2815
f 2814/446/2811 2818/449/2815 2819/451/2816
f 2815/450/2812 2819/451/2816 2820/455/2817
f 2817/448/2814 2821/452/2818 2822/453/2819
f 2818/449/2815 2822/453/2819 2823/454/2820
f 2819/451/2816 2823/454/2820 2824/456/2821
f 2820/455/2817 2824/456/2821 2825/460/2822
f 2822/453/2819 2826/457/2823 2827/458/2824
f 2823/454/2820 2827/458/2824 2828/459/2825
f 2824/456/2821 2828/459/2825 2829/461/2826
f 2825/460/2822 2829/461/2826 2830/465/2827
f 2827/458/2824 2831/462/2828 2832/463/2829
f 2828/459/2825 2832/463/2829 2833/464/2830
f 2829/461/2826 2833/464/2830 2834/466/2831
f 2830/465/2827 2834/466/2831 2835/470/2832
f 2832/463/2829 2836/467/2833 2837/468/2834
f 2833/464/2830 2837/468/2834 2838/469/2835
f 2834/466/2831 2838/469/2835 2839/471/2836
f 2835/470/2832 2839/471/2836 2840/475/2837
f 2837/468/2834 2841/472/2838 2842/473/2839
f 2838/469/2835 2842/473/2839 2843/474/2840
f 2839/471/2836 2843/474/2840 2844/476/2841
f 2840/475/2837 2844/476/2841 2845/480/2842
f 2842/473/2839 2846/477/2843 2847/478/2844
f 2843/474/2840 2847/478/2844 2848/479/2845
f 2844/476/2841 2848/479/2845 2849/481/2846
f 2845/480/2842 2849/481/2846 2850/485/2847
f 2847/478/2844 2851/482/2848 2852/483/2849
f 2848/479/2845 2852/483/2849 2853/484/2850
f 2849/481/2846 2853/484/2850 2854/486/2851
f 2850/485/2847 2854/486/2851 2855/490/2852
f 2852/483/2849 2856/487/2853 2857/488/2854
f 2853/484/2850 2857/488/2854 2858/489/2855
f 2854/486/2851 2858/489/2855 2859/491/2856
f 2855/490/2852 2859/491/2856 2860/495/2857
f 2857/488/2854 2861/492/2858 2862/493/2859
f 2858/489/2855 2862/493/2859 2863/494/2860
f 2859/491/2856 2863/494/2860 2864/496/2861
f 2860/495/2857 2864/496/2861 2865/500/2862
f 2862/493/2859 2866/497/2863 2867/498/2864
f 2863/494/2860 2867/498/2864 2868/499/2865
f 2864/496/2861 2868/499/2865 2869/501/2866
f 2865/500/2862 2869/501/2866 2870/502/2867
f 2867/498/2864 2871/38/2868 2872/292/2869
f 2868/499/2865 2872/292/2869 2873/294/2870
f 2869/501/2866 2873/294/2870 2874/295/2871
f 2870/502/2867 2874/295/2871 2875/296/2872
f 2872/292/2869 2876/503/2873 2877/504/2874
f 2873/294/2870 2877/504/2874 2878/505/2875
f 2874/295/2871 2878/505/2875 2879/506/2876
f 2875/296/2872 2879/506/2876 2880/510/2877
f 2877/504/2874 2881/507/2878 2882/508/2879
f 2878/505/2875 2882/508/2879 2883/509/2880
f 2879/506/2876 2883/509/2880 2884/511/2881
f 2880/510/2877 2884/511/2881 2885/515/2882
f 2882/508/2879 2886/512/2883 2887/513/2884
f 2883/509/2880 2887/513/2884 2888/514/2885
f 2884/511/2881 2888/514/2885 2889/516/2886
f 2885/515/2882 2889/516/2886 2890/520/2887
f 2887/513/2884 2891/517/2888 2892/518/2889
f 2888/514/2885 2892/518/2889 2893/519/2890
f 2889/516/2886 2893/519/2890 2894/521/2891
f 2890/520/2887 2894/521/2891 2895/525/2892
f 2892/518/2889 2896/522/2893 2897/523/2894
f 2893/519/2890 2897/523/2894 2898/524/2895
f 2894/521/2891 2898/524/2895 2899/526/2896
f 2895/525/2892 2899/526/2896 2900/531/2897
f 2897/523/2894 2901/527/2898 2902/528/2899
f 2898/524/2895 2902/528/2899 2903/529/2900
f 2899/526/2896 2903/529/2900 2904/534/2901
f 2899/526/2896 2905/530/2902 2900/531/2897
f 2902/528/2899 2906/532/2903 2907/533/2904
f 2903/529/2900 2907/533/2904 2908/535/2905
f 2904/534/2901 2908/535/2905 2909/540/2906
f 2904/534/2901 2910/536/2907 2905/530/2902
f 2907/533/2904 2911/537/2908 2912/542/2909
f 2907/533/2904 2913/538/2910 2908/535/2905
f 2908/535/2905 2914/539/2911 2909/540/2906
f 2909/540/2906 2915/541/2912 2910/536/2907
f 2912/542/2909 2916/543/2913 2917/547/2914
f 2912/542/2909 2918/544/2915 2913/538/2910
f 2913/538/2910 2919/545/2916 2914/539/2911
f 2914/539/2911 2920/546/2917 2915/541/2912
f 2917/547/2914 2921/548/2918 2922/552/2919
f 2917/547/2914 2923/549/2920 2918/544/2915
f 2918/544/2915 2924/550/2921 2919/545/2916
f 2919/545/2916 2925/551/2922 2920/546/2917
f 2922/552/2919 2926/553/2923 2927/557/2924
f 2922/552/2919 2928/554/2925 2923/549/2920
f 2923/549/2920 2929/555/2926 2924/550/2921
f 2924/550/2921 2930/556/2927 2925/551/2922
f 2927/557/2924 2931/558/2928 2932/562/2929
f 2927/557/2924 2933/559/2930 2928/554/2925
f 2928/554/2925 2934/560/2931 2929/555/2926
f 2929/555/2926 2935/561/2932 2930/556/2927
f 2932/562/2929 2936/563/2933 2937/567/2934
f 2932/562/2929 2938/564/2935 2933/559/2930
f 2933/559/2930 2939/565/2936 2934/560/2931
f 2934/560/2931 2940/566/2937 2935/561/2932
f 2937/567/2934 2941/568/2938 2942/569/2939
f 2938/564/2935 2942/569/2939 2943/573/2940
f 2938/564/2935 2944/570/2941 2939/565/2936
f 2939/565/2936 2945/571/2942 2940/566/2937
f 2942/569/2939 2946/572/2943 2947/574/2944
f 2943/573/2940 2947/574/2944 2948/575/2945
f 2944/570/2941 2948/575/2945 2949/579/2946
f 2944/570/2941 2950/576/2947 2945/571/2942
f 2947/574/2944 2951/577/2948 2952/578/2949
f 2948/575/2945 2952/578/2949 2953/580/2950
f 2949/579/2946 2953/580/2950 2954/582/2951
f 2949/579/2946 2955/581/2952 2950/576/2947
f 2952/578/2949 2956/205/2953 2957/349/2954
f 2953/580/2950 2957/349/2954 2958/238/2955
f 2954/582/2951 2958/238/2955 2959/350/2956
f 2955/581/2952 2959/350/2956 2960/771/2957
f 1676/9/1673 2962/583/2959 1677/239/1674
f 1678/209/1675 2962/583/2959 2963/584/2960
f 1679/242/1676 2963/584/2960 2964/585/2961
f 1680/211/1677 2964/585/2961 2965/589/2962
f 2961/587/2958 2967/586/2964 2962/583/2959
f 2963/584/2960 2967/586/2964 2968/588/2965
f 2964/585/2961 2968/588/2965 2969/590/2966
f 2965/589/2962 2969/590/2966 2970/594/2967
f 2966/592/2963 2972/591/2969 2967/586/2964
f 2968/588/2965 2972/591/2969 2973/593/2970
f 2969/590/2966 2973/593/2970 2974/595/2971
f 2970/594/2967 2974/595/2971 2975/599/2972
f 2971/597/2968 2977/596/2974 2972/591/2969
f 2973/593/2970 2977/596/2974 2978/598/2975
f 2974/595/2971 2978/598/2975 2979/600/2976
f 2975/599/2972 2979/600/2976 2980/605/2977
f 2976/602/2973 2982/601/2979 2977/596/2974
f 2977/596/2974 2983/603/2980 2978/598/2975
f 2978/598/2975 2984/604/2981 2979/600/2976
f 2980/605/2977 2984/604/2981 2985/611/2982
f 2981/607/2978 2987/606/2984 2982/601/2979
f 2982/601/2979 2988/608/2985 2983/603/2980
f 2983/603/2980 2989/609/2986 2984/604/2981
f 2984/604/2981 2990/610/2987 2985/611/2982
f 2986/613/2983 2992/612/2989 2987/606/2984
f 2987/606/2984 2993/614/2990 2988/608/2985
f 2988/608/2985 2994/615/2991 2989/609/2986
f 2989/609/2986 2995/616/2992 2990/610/2987
f 2991/618/2988 2997/617/2994 2992/612/2989
f 2992/612/2989 2998/619/2995 2993/614/2990
f 2993/614/2990 2999/620/2996 2994/615/2991
f 2994/615/2991 3000/621/2997 2995/616/2992
f 2996/623/2993 3002/622/2999 2997/617/2994
f 2997/617/2994 3003/624/3000 2998/619/2995
f 2998/619/2995 3004/625/3001 2999/620/2996
f 2999/620/2996 3005/626/3002 3000/621/2997
f 3001/628/2998 3007/627/3004 3002/622/2999
f 3002/622/2999 3008/629/3005 3003/624/3000
f 3003/624/3000 3009/630/3006 3004/625/3001
f 3004/625/3001 3010/631/3007 3005/626/3002
f 3006/633/3003 3012/632/3009 3007/627/3004
f 3007/627/3004 3013/634/3010 3008/629/3005
f 3008/629/3005 3014/635/3011 3009/630/3006
f 3009/630/3006 3015/636/3012 3010/631/3007
f 3011/638/3008 3017/637/3014 3012/632/3009
f 3012/632/3009 3018/639/3015 3013/634/3010
f 3013/634/3010 3019/640/3016 3014/635/3011
f 3014/635/3011 3020/641/3017 3015/636/3012
f 3016/643/3013 3022/642/3019 3017/637/3014
f 3017/637/3014 3023/644/3020 3018/639/3015
f 3018/639/3015 3024/645/3021 3019/640/3016
f 3019/640/3016 3025/646/3022 3020/641/3017
f 3021/648/3018 3027/647/3024 3022/642/3019
f 3022/642/3019 3028/649/3025 3023/644/3020
f 3023/644/3020 3029/650/3026 3024/645/3021
f 3024/645/3021 3030/651/3027 3025/646/3022
f 3026/653/3023 3032/652/3029 3027/647/3024
f 3027/647/3024 3033/654/3030 3028/649/3025
f 3028/649/3025 3034/655/3031 3029/650/3026
f 3029/650/3026 3035/656/3032 3030/651/3027
f 3031/658/3028 3037/657/3034 3032/652/3029
f 3032/652/3029 3038/659/3035 3033/654/3030
f 3033/654/3030 3039/660/3036 3034/655/3031
f 3034/655/3031 3040/661/3037 3035/656/3032
f 3036/663/3033 3042/662/3039 3037/657/3034
f 3037/657/3034 3043/664/3040 3038/659/3035
f 3038/659/3035 3044/665/3041 3039/660/3036
f 3039/660/3036 3045/666/3042 3040/661/3037
f 3041/668/3038 3047/667/3044 3042/662/3039
f 3042/662/3039 3048/669/3045 3043/664/3040
f 3043/664/3040 3049/670/3046 3044/665/3041
f 3044/665/3041 3050/671/3047 3045/666/3042
f 3046/673/3043 3052/672/3049 3047/667/3044
f 3047/667/3044 3053/674/3050 3048/669/3045
f 3048/669/3045 3054/675/3051 3049/670/3046
f 3049/670/3046 3055/676/3052 3050/671/3047
f 3051/678/3048 3057/677/3054 3052/672/3049
f 3052/672/3049 3058/679/3055 3053/674/3050
f 3053/674/3050 3059/680/3056 3054/675/3051
f 3054/675/3051 3060/681/3057 3055/676/3052
f 3056/683/3053 3062/682/3059 3057/677/3054
f 3057/677/3054 3063/684/3060 3058/679/3055
f 3058/679/3055 3064/685/3061 3059/680/3056
f 3059/680/3056 3065/686/3062 3060/681/3057
f 3062/682/3059 3066/687/3063 3067/692/3064
f 3062/682/3059 3068/689/3065 3063/684/3060
f 3063/684/3060 3069/690/3066 3064/685/3061
f 3064/685/3061 3070/691/3067 3065/686/3062
f 3067/692/3064 3071/693/3068 3072/697/3069
f 3067/692/3064 3073/694/3070 3068/689/3065
f 3068/689/3065 3074/695/3071 3069/690/3066
f 3069/690/3066 3075/696/3072 3070/691/3067
f 3072/697/3069 3076/698/3073 3077/699/3074
f 3073/694/3070 3077/699/3074 3078/700/3075
f 3074/695/3071 3078/700/3075 3079/704/3076
f 3074/695/3071 3080/701/3077 3075/696/3072
f 3077/699/3074 3081/702/3078 3082/703/3079
f 3078/700/3075 3082/703/3079 3083/705/3080
f 3079/704/3076 3083/705/3080 3084/709/3081
f 3079/704/3076 3085/706/3082 3080/701/3077
f 3082/703/3079 3086/707/3083 3087/708/3084
f 3083/705/3080 3087/708/3084 3088/710/3085
f 3084/709/3081 3088/710/3085 3089/714/3086
f 3084/709/3081 3090/711/3087 3085/706/3082
f 3087/708/3084 3091/712/3088 3092/713/3089
f 3088/710/3085 3092/713/3089 3093/715/3090
f 3089/714/3086 3093/715/3090 3094/719/3091
f 3089/714/3086 3095/716/3092 3090/711/3087
f 3092/713/3089 3096/717/3093 3097/718/3094
f 3093/715/3090 3097/718/3094 3098/720/3095
f 3094/719/3091 3098/720/3095 3099/722/3096
f 3094/719/3091 3100/721/3097 3095/716/3092
f 3097/718/3094 3101/205/3098 3102/349/3099
f 3098/720/3095 3102/349/3099 3103/238/3100
f 3099/722/3096 3103/238/3100 3104/350/3101
f 3100/721/3097 3104/350/3101 3105/771/3102
f 1826/9/1823 3107/583/3104 1827/239/1824
f 1828/209/1825 3107/583/3104 3108/584/3105
f 1829/242/1826 3108/584/3105 3109/585/3106
f 1830/211/1827 3109/585/3106 3110/589/3107
f 3106/587/3103 3112/586/3109 3107/583/3104
f 3108/584/3105 3112/586/3109 3113/588/3110
f 3109/585/3106 3113/588/3110 3114/590/3111
f 3110/589/3107 3114/590/3111 3115/594/3112
f 3111/592/3108 3117/591/3114 3112/586/3109
f 3112/586/3109 3118/593/3115 3113/588/3110
f 3113/588/3110 3119/595/3116 3114/590/3111
f 3115/594/3112 3119/595/3116 3120/599/3117
f 3116/597/3113 3122/596/3119 3117/591/3114
f 3117/591/3114 3123/598/3120 3118/593/3115
f 3118/593/3115 3124/600/3121 3119/595/3116
f 3120/599/3117 3124/600/3121 3125/605/3122
f 3121/602/3118 3127/601/3124 3122/596/3119
f 3122/596/3119 3128/603/3125 3123/598/3120
f 3123/598/3120 3129/604/3126 3124/600/3121
f 3124/600/3121 3130/611/3127 3125/605/3122
f 3127/601/3124 3131/613/3128 3132/606/3129
f 3128/603/3125 3132/606/3129 3133/608/3130
f 3129/604/3126 3133/608/3130 3134/609/3131
f 3129/604/3126 3135/610/3132 3130/611/3127
f 3132/606/3129 3136/618/3133 3137/612/3134
f 3133/608/3130 3137/612/3134 3138/614/3135
f 3134/609/3131 3138/614/3135 3139/615/3136
f 3135/610/3132 3139/615/3136 3140/616/3137
f 3137/612/3134 3141/623/3138 3142/617/3139
f 3138/614/3135 3142/617/3139 3143/619/3140
f 3139/615/3136 3143/619/3140 3144/620/3141
f 3140/616/3137 3144/620/3141 3145/621/3142
f 3142/617/3139 3146/628/3143 3147/622/3144
f 3143/619/3140 3147/622/3144 3148/624/3145
f 3144/620/3141 3148/624/3145 3149/625/3146
f 3145/621/3142 3149/625/3146 3150/626/3147
f 3147/622/3144 3151/633/3148 3152/627/3149
f 3148/624/3145 3152/627/3149 3153/629/3150
f 3149/625/3146 3153/629/3150 3154/630/3151
f 3150/626/3147 3154/630/3151 3155/631/3152
f 3152/627/3149 3156/638/3153 3157/632/3154
f 3153/629/3150 3157/632/3154 3158/634/3155
f 3154/630/3151 3158/634/3155 3159/635/3156
f 3155/631/3152 3159/635/3156 3160/636/3157
f 3157/632/3154 3161/643/3158 3162/637/3159
f 3158/634/3155 3162/637/3159 3163/639/3160
f 3159/635/3156 3163/639/3160 3164/640/3161
f 3160/636/3157 3164/640/3161 3165/641/3162
f 3162/637/3159 3166/648/3163 3167/642/3164
f 3163/639/3160 3167/642/3164 3168/644/3165
f 3164/640/3161 3168/644/3165 3169/645/3166
f 3164/640/3161 3170/646/3167 3165/641/3162
f 3167/642/3164 3171/653/3168 3172/647/3169
f 3167/642/3164 3173/649/3170 3168/644/3165
f 3168/644/3165 3174/650/3171 3169/645/3166
f 3169/645/3166 3175/651/3172 3170/646/3167
f 3172/647/3169 3176/658/3173 3177/652/3174
f 3172/647/3169 3178/654/3175 3173/649/3170
f 3173/649/3170 3179/655/3176 3174/650/3171
f 3174/650/3171 3180/656/3177 3175/651/3172
f 3176/658/3173 3182/657/3179 3177/652/3174
f 3177/652/3174 3183/659/3180 3178/654/3175
f 3178/654/3175 3184/660/3181 3179/655/3176
f 3179/655/3176 3185/661/3182 3180/656/3177
f 3181/663/3178 3187/662/3184 3182/657/3179
f 3182/657/3179 3188/664/3185 3183/659/3180
f 3183/659/3180 3189/665/3186 3184/660/3181
f 3184/660/3181 3190/666/3187 3185/661/3182
f 3186/668/3183 3192/667/3189 3187/662/3184
f 3187/662/3184 3193/669/3190 3188/664/3185
f 3188/664/3185 3194/670/3191 3189/665/3186
f 3189/665/3186 3195/671/3192 3190/666/3187
f 3192/667/3189 3196/678/3193 3197/672/3194
f 3192/667/3189 3198/674/3195 3193/669/3190
f 3193/669/3190 3199/675/3196 3194/670/3191
f 3194/670/3191 3200/676/3197 3195/671/3192
f 3197/672/3194 3201/683/3198 3202/677/3199
f 3197/672/3194 3203/679/3200 3198/674/3195
f 3198/674/3195 3204/680/3201 3199/675/3196
f 3199/675/3196 3205/681/3202 3200/676/3197
f 3202/677/3199 3206/688/3203 3207/682/3204
f 3202/677/3199 3208/684/3205 3203/679/3200
f 3203/679/3200 3209/685/3206 3204/680/3201
f 3204/680/3201 3210/686/3207 3205/681/3202
f 3207/682/3204 3211/687/3208 3212/692/3209
f 3207/682/3204 3213/689/3210 3208/684/3205
f 3208/684/3205 3214/690/3211 3209/685/3206
f 3209/685/3206 3215/691/3212 3210/686/3207
f 3212/692/3209 3216/693/3213 3217/697/3214
f 3213/689/3210 3217/697/3214 3218/694/3215
f 3213/689/3210 3219/695/3216 3214/690/3211
f 3214/690/3211 3220/696/3217 3215/691/3212
f 3217/697/3214 3221/698/3218 3222/699/3219
f 3218/694/3215 3222/699/3219 3223/700/3220
f 3219/695/3216 3223/700/3220 3224/704/3221
f 3219/695/3216 3225/701/3222 3220/696/3217
f 3222/699/3219 3226/702/3223 3227/703/3224
f 3223/700/3220 3227/703/3224 3228/705/3225
f 3224/704/3221 3228/705/3225 3229/709/3226
f 3224/704/3221 3230/706/3227 3225/701/3222
f 3227/703/3224 3231/707/3228 3232/708/3229
f 3228/705/3225 3232/708/3229 3233/710/3230
f 3229/709/3226 3233/710/3230 3234/714/3231
f 3229/709/3226 3235/711/3232 3230/706/3227
f 3232/708/3229 3236/712/3233 3237/713/3234
f 3233/710/3230 3237/713/3234 3238/715/3235
f 3233/710/3230 3239/719/3236 3234/714/3231
f 3234/714/3231 3240/716/3237 3235/711/3232
f 3237/713/3234 3241/717/3238 3242/718/3239
f 3237/713/3234 3243/720/3240 3238/715/3235
f 3238/715/3235 3244/722/3241 3239/719/3236
f 3239/719/3236 3245/721/3242 3240/716/3237
f 3242/718/3239 3246/205/3243 3247/349/3244
f 3243/720/3240 3247/349/3244 3248/238/3245
f 3244/722/3241 3248/238/3245 3249/350/3246
f 3245/721/3242 3249/350/3246 3250/771/3247
f 1977/239/1974 3251/587/3248 3252/583/3249
f 1978/209/1975 3252/583/3249 3253/584/3250
f 1979/242/1976 3253/584/3250 3254/585/3251
f 1979/242/1976 3255/589/3252 1980/211/1977
f 3252/583/3249 3256/592/3253 3257/586/3254
f 3253/584/3250 3257/586/3254 3258/588/3255
f 3254/585/3251 3258/588/3255 3259/590/3256
f 3254/585/3251 3260/594/3257 3255/589/3252
f 3257/586/3254 3261/597/3258 3262/591/3259
f 3257/586/3254 3263/593/3260 3258/588/3255
f 3258/588/3255 3264/595/3261 3259/590/3256
f 3259/590/3256 3265/599/3262 3260/594/3257
f 3261/597/3258 3267/596/3264 3262/591/3259
f 3262/591/3259 3268/598/3265 3263/593/3260
f 3263/593/3260 3269/600/3266 3264/595/3261
f 3264/595/3261 3270/605/3267 3265/599/3262
f 3266/602/3263 3272/601/3269 3267/596/3264
f 3267/596/3264 3273/603/3270 3268/598/3265
f 3268/598/3265 3274/604/3271 3269/600/3266
f 3269/600/3266 3275/611/3272 3270/605/3267
f 3271/607/3268 3277/606/3274 3272/601/3269
f 3272/601/3269 3278/608/3275 3273/603/3270
f 3273/603/3270 3279/609/3276 3274/604/3271
f 3274/604/3271 3280/610/3277 3275/611/3272
f 3276/613/3273 3282/612/3279 3277/606/3274
f 3277/606/3274 3283/614/3280 3278/608/3275
f 3278/608/3275 3284/615/3281 3279/609/3276
f 3279/609/3276 3285/616/3282 3280/610/3277
f 3281/618/3278 3287/617/3284 3282/612/3279
f 3283/614/3280 3287/617/3284 3288/619/3285
f 3284/615/3281 3288/619/3285 3289/620/3286
f 3285/616/3282 3289/620/3286 3290/621/3287
f 3287/617/3284 3291/628/3288 3292/622/3289
f 3288/619/3285 3292/622/3289 3293/624/3290
f 3289/620/3286 3293/624/3290 3294/625/3291
f 3290/621/3287 3294/625/3291 3295/626/3292
f 3292/622/3289 3296/633/3293 3297/627/3294
f 3293/624/3290 3297/627/3294 3298/629/3295
f 3294/625/3291 3298/629/3295 3299/630/3296
f 3295/626/3292 3299/630/3296 3300/631/3297
f 3297/627/3294 3301/638/3298 3302/632/3299
f 3298/629/3295 3302/632/3299 3303/634/3300
f 3299/630/3296 3303/634/3300 3304/635/3301
f 3300/631/3297 3304/635/3301 3305/636/3302
f 3302/632/3299 3306/643/3303 3307/637/3304
f 3303/634/3300 3307/637/3304 3308/639/3305
f 3304/635/3301 3308/639/3305 3309/640/3306
f 3305/636/3302 3309/640/3306 3310/641/3307
f 3307/637/3304 3311/648/3308 3312/642/3309
f 3308/639/3305 3312/642/3309 3313/644/3310
f 3309/640/3306 3313/644/3310 3314/645/3311
f 3310/641/3307 3314/645/3311 3315/646/3312
f 3312/642/3309 3316/653/3313 3317/647/3314
f 3313/644/3310 3317/647/3314 3318/649/3315
f 3314/645/3311 3318/649/3315 3319/650/3316
f 3315/646/3312 3319/650/3316 3320/651/3317
f 3317/647/3314 3321/658/3318 3322/652/3319
f 3318/649/3315 3322/652/3319 3323/654/3320
f 3319/650/3316 3323/654/3320 3324/655/3321
f 3320/651/3317 3324/655/3321 3325/656/3322
f 3322/652/3319 3326/663/3323 3327/657/3324
f 3323/654/3320 3327/657/3324 3328/659/3325
f 3324/655/3321 3328/659/3325 3329/660/3326
f 3325/656/3322 3329/660/3326 3330/661/3327
f 3327/657/3324 3331/668/3328 3332/662/3329
f 3328/659/3325 3332/662/3329 3333/664/3330
f 3329/660/3326 3333/664/3330 3334/665/3331
f 3330/661/3327 3334/665/3331 3335/666/3332
f 3332/662/3329 3336/673/3333 3337/667/3334
f 3333/664/3330 3337/667/3334 3338/669/3335
f 3334/665/3331 3338/669/3335 3339/670/3336
f 3335/666/3332 3339/670/3336 3340/671/3337
f 3337/667/3334 3341/678/3338 3342/672/3339
f 3338/669/3335 3342/672/3339 3343/674/3340
f 3339/670/3336 3343/674/3340 3344/675/3341
f 3340/671/3337 3344/675/3341 3345/676/3342
f 3342/672/3339 3346/683/3343 3347/677/3344
f 3343/674/3340 3347/677/3344 3348/679/3345
f 3344/675/3341 3348/679/3345 3349/680/3346
f 3345/676/3342 3349/680/3346 3350/681/3347
f 3347/677/3344 3351/688/3348 3352/682/3349
f 3348/679/3345 3352/682/3349 3353/684/3350
f 3349/680/3346 3353/684/3350 3354/685/3351
f 3350/681/3347 3354/685/3351 3355/686/3352
f 3352/682/3349 3356/687/3353 3357/692/3354
f 3353/684/3350 3357/692/3354 3358/689/3355
f 3354/685/3351 3358/689/3355 3359/690/3356
f 3354/685/3351 3360/691/3357 3355/686/3352
f 3357/692/3354 3361/693/3358 3362/697/3359
f 3358/689/3355 3362/697/3359 3363/694/3360
f 3359/690/3356 3363/694/3360 3364/695/3361
f 3359/690/3356 3365/696/3362 3360/691/3357
f 3362/697/3359 3366/698/3363 3367/699/3364
f 3363/694/3360 3367/699/3364 3368/700/3365
f 3364/695/3361 3368/700/3365 3369/704/3366
f 3364/695/3361 3370/701/3367 3365/696/3362
f 3367/699/3364 3371/702/3368 3372/703/3369
f 3368/700/3365 3372/703/3369 3373/705/3370
f 3369/704/3366 3373/705/3370 3374/709/3371
f 3369/704/3366 3375/706/3372 3370/701/3367
f 3372/703/3369 3376/707/3373 3377/708/3374
f 3373/705/3370 3377/708/3374 3378/710/3375
f 3374/709/3371 3378/710/3375 3379/714/3376
f 3374/709/3371 3380/711/3377 3375/706/3372
f 3377/708/3374 3381/712/3378 3382/713/3379
f 3378/710/3375 3382/713/3379 3383/715/3380
f 3379/714/3376 3383/715/3380 3384/719/3381
f 3379/714/3376 3385/716/3382 3380/711/3377
f 3382/713/3379 3386/717/3383 3387/718/3384
f 3383/715/3380 3387/718/3384 3388/720/3385
f 3383/715/3380 3389/722/3386 3384/719/3381
f 3384/719/3381 3390/721/3387 3385/716/3382
f 3387/718/3384 3391/205/3388 3392/349/3389
f 3388/720/3385 3392/349/3389 3393/238/3390
f 3389/722/3386 3393/238/3390 3394/350/3391
f 3390/721/3387 3394/350/3391 3395/771/3392
f 2126/9/2123 3397/241/3394 2127/239/2124
f 2128/209/2125 3397/241/3394 3398/243/3395
f 2129/242/2126 3398/243/3395 3399/244/3396
f 2130/211/2127 3399/244/3396 3400/249/3397
f 3396/240/3393 3402/246/3399 3397/241/3394
f 3398/243/3395 3402/246/3399 3403/247/3400
f 3399/244/3396 3403/247/3400 3404/252/3401
f 3400/249/3397 3404/252/3401 3405/248/3402
f 3401/245/3398 3407/251/3404 3402/246/3399
f 3403/247/3400 3407/251/3404 3408/253/3405
f 3404/252/3401 3408/253/3405 3409/257/3406
f 3405/248/3402 3409/257/3406 3410/254/3407
f 3406/250/3403 3412/256/3409 3407/251/3404
f 3408/253/3405 3412/256/3409 3413/258/3410
f 3409/257/3406 3413/258/3410 3414/263/3411
f 3410/254/3407 3414/263/3411 3415/259/3412
f 3411/255/3408 3417/261/3414 3412/256/3409
f 3413/258/3410 3417/261/3414 3418/267/3415
f 3414/263/3411 3418/267/3415 3419/262/3416
f 3415/259/3412 3419/262/3416 3420/264/3417
f 3416/260/3413 3422/270/3419 3417/261/3414
f 3417/261/3414 3423/266/3420 3418/267/3415
f 3419/262/3416 3423/266/3420 3424/268/3421
f 3420/264/3417 3424/268/3421 3425/269/3422
f 3421/265/3418 3427/275/3424 3422/270/3419
f 3422/270/3419 3428/272/3425 3423/266/3420
f 3423/266/3420 3429/273/3426 3424/268/3421
f 3425/269/3422 3429/273/3426 3430/274/3427
f 3426/271/3423 3432/278/3429 3427/275/3424
f 3427/275/3424 3433/220/3430 3428/272/3425
f 3428/272/3425 3434/276/3431 3429/273/3426
f 3430/274/3427 3434/276/3431 3435/222/3432
f 3431/182/3428 3437/277/3434 3432/278/3429
f 3432/278/3429 3438/279/3435 3433/220/3430
f 3433/220/3430 3439/280/3436 3434/276/3431
f 3435/222/3432 3439/280/3436 3440/281/3437
f 3436/283/3433 3442/282/3439 3437/277/3434
f 3437/277/3434 3443/284/3440 3438/279/3435
f 3438/279/3435 3444/285/3441 3439/280/3436
f 3439/280/3436 3445/286/3442 3440/281/3437
f 3441/288/3438 3447/287/3444 3442/282/3439
f 3442/282/3439 3448/289/3445 3443/284/3440
f 3443/284/3440 3449/290/3446 3444/285/3441
f 3444/285/3441 3450/291/3447 3445/286/3442
f 3446/293/3443 3452/292/3449 3447/287/3444
f 3447/287/3444 3453/294/3450 3448/289/3445
f 3448/289/3445 3454/295/3451 3449/290/3446
f 3449/290/3446 3455/296/3452 3450/291/3447
f 3451/38/3448 3457/297/3454 3452/292/3449
f 3452/292/3449 3458/298/3455 3453/294/3450
f 3453/294/3450 3459/299/3456 3454/295/3451
f 3454/295/3451 3460/300/3457 3455/296/3452
f 3456/302/3453 3462/306/3459 3457/297/3454
f 3457/297/3454 3463/303/3460 3458/298/3455
f 3458/298/3455 3464/304/3461 3459/299/3456
f 3459/299/3456 3465/305/3462 3460/300/3457
f 3461/301/3458 3467/311/3464 3462/306/3459
f 3462/306/3459 3468/308/3465 3463/303/3460
f 3463/303/3460 3469/309/3466 3464/304/3461
f 3464/304/3461 3470/310/3467 3465/305/3462
f 3466/307/3463 3472/313/3469 3467/311/3464
f 3467/311/3464 3473/229/3470 3468/308/3465
f 3468/308/3465 3474/312/3471 3469/309/3466
f 3469/309/3466 3475/231/3472 3470/310/3467
f 3472/313/3469 3476/314/3473 3477/318/3474
f 3472/313/3469 3478/315/3475 3473/229/3470
f 3473/229/3470 3479/316/3476 3474/312/3471
f 3474/312/3471 3480/317/3477 3475/231/3472
f 3477/318/3474 3481/319/3478 3482/320/3479
f 3477/318/3474 3483/324/3480 3478/315/3475
f 3478/315/3475 3484/321/3481 3479/316/3476
f 3479/316/3476 3485/322/3482 3480/317/3477
f 3482/320/3479 3486/323/3483 3487/325/3484
f 3482/320/3479 3488/329/3485 3483/324/3480
f 3483/324/3480 3489/326/3486 3484/321/3481
f 3484/321/3481 3490/327/3487 3485/322/3482
f 3487/325/3484 3491/328/3488 3492/330/3489
f 3488/329/3485 3492/330/3489 3493/334/3490
f 3489/326/3486 3493/334/3490 3494/331/3491
f 3489/326/3486 3495/332/3492 3490/327/3487
f 3492/330/3489 3496/333/3493 3497/335/3494
f 3493/334/3490 3497/335/3494 3498/340/3495
f 3494/331/3491 3498/340/3495 3499/336/3496
f 3494/331/3491 3500/337/3497 3495/332/3492
f 3497/335/3494 3501/338/3498 3502/343/3499
f 3498/340/3495 3502/343/3499 3503/339/3500
f 3499/336/3496 3503/339/3500 3504/341/3501
f 3499/336/3496 3505/342/3502 3500/337/3497
f 3502/343/3499 3506/344/3503 3507/348/3504
f 3503/339/3500 3507/348/3504 3508/345/3505
f 3504/341/3501 3508/345/3505 3509/346/3506
f 3504/341/3501 3510/347/3507 3505/342/3502
f 3507/348/3504 3511/205/3508 3512/349/3509
f 3508/345/3505 3512/349/3509 3513/238/3510
f 3509/346/3506 3513/238/3510 3514/350/3511
f 3510/347/3507 3514/350/3511 3515/771/3512
f 3516/9/3513 3522/241/3519 3517/239/3514
f 3517/239/3514 3523/243/3520 3518/209/3515
f 3518/209/3515 3524/244/3521 3519/242/3516
f 3519/242/3516 3525/249/3522 3520/211/3517
f 3521/240/3518 3527/246/3524 3522/241/3519
f 3522/241/3519 3528/247/3525 3523/243/3520
f 3523/243/3520 3529/252/3526 3524/244/3521
f 3524/244/3521 3530/248/3527 3525/249/3522
f 3526/245/3523 3532/251/3529 3527/246/3524
f 3527/246/3524 3533/253/3530 3528/247/3525
f 3528/247/3525 3534/257/3531 3529/252/3526
f 3529/252/3526 3535/254/3532 3530/248/3527
f 3531/250/3528 3537/256/3534 3532/251/3529
f 3532/251/3529 3538/258/3535 3533/253/3530
f 3533/253/3530 3539/263/3536 3534/257/3531
f 3535/254/3532 3539/263/3536 3540/259/3537
f 3536/255/3533 3542/261/3539 3537/256/3534
f 3537/256/3534 3543/267/3540 3538/258/3535
f 3538/258/3535 3544/262/3541 3539/263/3536
f 3540/259/3537 3544/262/3541 3545/264/3542
f 3541/260/3538 3547/270/3544 3542/261/3539
f 3542/261/3539 3548/266/3545 3543/267/3540
f 3543/267/3540 3549/268/3546 3544/262/3541
f 3545/264/3542 3549/268/3546 3550/269/3547
f 3546/265/3543 3552/275/3549 3547/270/3544
f 3547/270/3544 3553/272/3550 3548/266/3545
f 3548/266/3545 3554/273/3551 3549/268/3546
f 3550/269/3547 3554/273/3551 3555/274/3552
f 3551/271/3548 3557/278/3554 3552/275/3549
f 3552/275/3549 3558/220/3555 3553/272/3550
f 3553/272/3550 3559/276/3556 3554/273/3551
f 3555/274/3552 3559/276/3556 3560/222/3557
f 3556/182/3553 2297/277/2294 3557/278/3554
f 3557/278/3554 3562/279/3559 3558/220/3555
f 3558/220/3555 3563/280/3560 3559/276/3556
f 3560/222/3557 3563/280/3560 3564/281/3561
f 3561/283/3558 3566/282/3563 2297/277/2294
f 2297/277/2294 3567/284/3564 3562/279/3559
f 3562/279/3559 3568/285/3565 3563/280/3560
f 3564/281/3561 3568/285/3565 3569/286/3566
f 3565/288/3562 3571/287/3568 3566/282/3563
f 3566/282/3563 3572/289/3569 3567/284/3564
f 3567/284/3564 3573/290/3570 3568/285/3565
f 3568/285/3565 3574/291/3571 3569/286/3566
f 3570/293/3567 3576/292/3573 3571/287/3568
f 3571/287/3568 3577/294/3574 3572/289/3569
f 3572/289/3569 3578/295/3575 3573/290/3570
f 3573/290/3570 3579/296/3576 3574/291/3571
f 3575/38/3572 3581/297/3578 3576/292/3573
f 3576/292/3573 3582/298/3579 3577/294/3574
f 3577/294/3574 3583/299/3580 3578/295/3575
f 3578/295/3575 3584/300/3581 3579/296/3576
f 3581/297/3578 3585/301/3582 3586/306/3583
f 3581/297/3578 3587/303/3584 3582/298/3579
f 3582/298/3579 3588/304/3585 3583/299/3580
f 3583/299/3580 3589/305/3586 3584/300/3581
f 3586/306/3583 3590/307/3587 3591/311/3588
f 3586/306/3583 3592/308/3589 3587/303/3584
f 3587/303/3584 3593/309/3590 3588/304/3585
f 3588/304/3585 3594/310/3591 3589/305/3586
f 3591/311/3588 3595/198/3592 3596/313/3593
f 3592/308/3589 3596/313/3593 3597/229/3594
f 3592/308/3589 3598/312/3595 3593/309/3590
f 3593/309/3590 3599/231/3596 3594/310/3591
f 3596/313/3593 3600/314/3597 3601/318/3598
f 3597/229/3594 3601/318/3598 3602/315/3599
f 3597/229/3594 3603/316/3600 3598/312/3595
f 3598/312/3595 3604/317/3601 3599/231/3596
f 3601/318/3598 3605/319/3602 3606/320/3603
f 3602/315/3599 3606/320/3603 3607/324/3604
f 3603/316/3600 3607/324/3604 3608/321/3605
f 3603/316/3600 3609/322/3606 3604/317/3601
f 3606/320/3603 3610/323/3607 3611/325/3608
f 3607/324/3604 3611/325/3608 3612/329/3609
f 3608/321/3605 3612/329/3609 3613/326/3610
f 3608/321/3605 3614/327/3611 3609/322/3606
f 3611/325/3608 2351/328/2348 3615/330/3612
f 3612/329/3609 3615/330/3612 3616/334/3613
f 3613/326/3610 3616/334/3613 3617/331/3614
f 3613/326/3610 3618/332/3615 3614/327/3611
f 3615/330/3612 3619/333/3616 3620/335/3617
f 3616/334/3613 3620/335/3617 3621/340/3618
f 3617/331/3614 3621/340/3618 3622/336/3619
f 3617/331/3614 3623/337/3620 3618/332/3615
f 3620/335/3617 3624/338/3621 3625/343/3622
f 3621/340/3618 3625/343/3622 3626/339/3623
f 3622/336/3619 3626/339/3623 3627/341/3624
f 3622/336/3619 3628/342/3625 3623/337/3620
f 3625/343/3622 3629/344/3626 3630/348/3627
f 3626/339/3623 3630/348/3627 3631/345/3628
f 3627/341/3624 3631/345/3628 3632/346/3629
f 3627/341/3624 3633/347/3630 3628/342/3625
f 3630/348/3627 3634/205/3631 3635/349/3632
f 3631/345/3628 3635/349/3632 3636/238/3633
f 3632/346/3629 3636/238/3633 3637/350/3634
f 3633/347/3630 3637/350/3634 3638/771/3635
f 3639/9/3636 3645/723/3642 3640/239/3637
f 3640/239/3637 3646/724/3643 3641/209/3638
f 3641/209/3638 3647/725/3644 3642/242/3639
f 3642/242/3639 3648/726/3645 3643/211/3640
f 3644/8/3641 3650/727/3647 3645/723/3642
f 3645/723/3642 3651/728/3648 3646/724/3643
f 3646/724/3643 3652/729/3649 3647/725/3644
f 3647/725/3644 3653/730/3650 3648/726/3645
f 3649/14/3646 3655/731/3652 3650/727/3647
f 3650/727/3647 3656/732/3653 3651/728/3648
f 3651/728/3648 3657/733/3654 3652/729/3649
f 3652/729/3649 3658/734/3655 3653/730/3650
f 3654/19/3651 3660/735/3657 3655/731/3652
f 3655/731/3652 3661/736/3658 3656/732/3653
f 3656/732/3653 3662/737/3659 3657/733/3654
f 3657/733/3654 3663/738/3660 3658/734/3655
f 3660/735/3657 3664/29/3661 3665/742/3662
f 3660/735/3657 3666/739/3663 3661/736/3658
f 3661/736/3658 3667/740/3664 3662/737/3659
f 3662/737/3659 3668/741/3665 3663/738/3660
f 3665/742/3662 3669/39/3666 3670/746/3667
f 3665/742/3662 3671/743/3668 3666/739/3663
f 3666/739/3663 3672/744/3669 3667/740/3664
f 3667/740/3664 3673/745/3670 3668/741/3665
f 3670/746/3667 3674/38/3671 3675/292/3672
f 3671/743/3668 3675/292/3672 3676/294/3673
f 3671/743/3668 3677/295/3674 3672/744/3669
f 3672/744/3669 3678/296/3675 3673/745/3670
f 3675/292/3672 3679/44/3676 3680/747/3677
f 3676/294/3673 3680/747/3677 3681/750/3678
f 3676/294/3673 3682/748/3679 3677/295/3674
f 3677/295/3674 3683/749/3680 3678/296/3675
f 3680/747/3677 3684/49/3681 3685/751/3682
f 3681/750/3678 3685/751/3682 3686/755/3683
f 3681/750/3678 3687/752/3684 3682/748/3679
f 3682/748/3679 3688/753/3685 3683/749/3680
f 3685/751/3682 3689/54/3686 3690/758/3687
f 3685/751/3682 3691/754/3688 3686/755/3683
f 3686/755/3683 3692/756/3689 3687/752/3684
f 3687/752/3684 3693/757/3690 3688/753/3685
f 3690/758/3687 3694/59/3691 3695/762/3692
f 3690/758/3687 3696/759/3693 3691/754/3688
f 3691/754/3688 3697/760/3694 3692/756/3689
f 3692/756/3689 3698/761/3695 3693/757/3690
f 3695/762/3692 3699/64/3696 3700/766/3697
f 3695/762/3692 3701/763/3698 3696/759/3693
f 3696/759/3693 3702/764/3699 3697/760/3694
f 3697/760/3694 3703/765/3700 3698/761/3695
f 3700/766/3697 3704/69/3701 3705/770/3702
f 3700/766/3697 3706/767/3703 3701/763/3698
f 3701/763/3698 3707/768/3704 3702/764/3699
f 3702/764/3699 3708/769/3705 3703/765/3700
f 3705/770/3702 3709/205/3706 3710/349/3707
f 3706/767/3703 3710/349/3707 3711/238/3708
f 3707/768/3704 3711/238/3708 3712/350/3709
f 3708/769/3705 3712/350/3709 3713/771/3710
f 3715/239/3712 3719/77/3716 3714/9/3711
f 3716/209/3713 3720/351/3717 3715/239/3712
f 3717/242/3714 3721/352/3718 3716/209/3713
f 3723/353/3720 3717/242/3714 3718/211/3715
f 3720/351/3717 3724/82/3721 3719/77/3716
f 3721/352/3718 3725/354/3722 3720/351/3717
f 3722/355/3719 3726/356/3723 3721/352/3718
f 3723/353/3720 3727/357/3724 3722/355/3719
f 3725/354/3722 3729/87/3726 3724/82/3721
f 3726/356/3723 3730/358/3727 3725/354/3722
f 3727/357/3724 3731/359/3728 3726/356/3723
f 3728/360/3725 3732/361/3729 3727/357/3724
f 3730/358/3727 3734/92/3731 3729/87/3726
f 3731/359/3728 3735/362/3732 3730/358/3727
f 3732/361/3729 3736/363/3733 3731/359/3728
f 3738/368/3735 3732/361/3729 3733/364/3730
f 3735/362/3732 3739/97/3736 3734/92/3731
f 3741/367/3738 3735/362/3732 3736/363/3733
f 3742/369/3739 3736/363/3733 3737/365/3734
f 3743/372/3740 3737/365/3734 3738/368/3735
f 3745/370/3742 3739/97/3736 3740/366/3737
f 3746/371/3743 3740/366/3737 3741/367/3738
f 3747/373/3744 3741/367/3738 3742/369/3739
f 3748/376/3745 3742/369/3739 3743/372/3740
f 3750/374/3747 3744/102/3741 3745/370/3742
f 3751/375/3748 3745/370/3742 3746/371/3743
f 3752/377/3749 3746/371/3743 3747/373/3744
f 3753/381/3750 3747/373/3744 3748/376/3745
f 3750/374/3747 3754/112/3751 3749/107/3746
f 3756/379/3753 3750/374/3747 3751/375/3748
f 3757/383/3754 3751/375/3748 3752/377/3749
f 3758/380/3755 3752/377/3749 3753/381/3750
f 3755/378/3752 3759/117/3756 3754/112/3751
f 3756/379/3753 3760/382/3757 3755/378/3752
f 3762/388/3759 3756/379/3753 3757/383/3754
f 3763/385/3760 3757/383/3754 3758/380/3755
f 3760/382/3757 3764/122/3761 3759/117/3756
f 3761/384/3758 3765/386/3762 3760/382/3757
f 3762/388/3759 3766/391/3763 3761/384/3758
f 3768/389/3765 3762/388/3759 3763/385/3760
f 3765/386/3762 3769/127/3766 3764/122/3761
f 3766/391/3763 3770/394/3767 3765/386/3762
f 3767/387/3764 3771/390/3768 3766/391/3763
f 3773/393/3770 3767/387/3764 3768/389/3765
f 3770/394/3767 3774/132/3771 3769/127/3766
f 3771/390/3768 3775/398/3772 3770/394/3767
f 3772/392/3769 3776/395/3773 3771/390/3768
f 3778/397/3775 3772/392/3769 3773/393/3770
f 3775/398/3772 3779/137/3776 3774/132/3771
f 3776/395/3773 3780/399/3777 3775/398/3772
f 3777/396/3774 3781/402/3778 3776/395/3773
f 3783/401/3780 3777/396/3774 3778/397/3775
f 3780/399/3777 3784/142/3781 3779/137/3776
f 3781/402/3778 3785/403/3782 3780/399/3777
f 3782/400/3779 3786/406/3783 3781/402/3778
f 3788/405/3785 3782/400/3779 3783/401/3780
f 3785/403/3782 3789/147/3786 3784/142/3781
f 3786/406/3783 3790/407/3787 3785/403/3782
f 3792/408/3789 3786/406/3783 3787/404/3784
f 3793/409/3790 3787/404/3784 3788/405/3785
f 3790/407/3787 3794/152/3791 3789/147/3786
f 3791/410/3788 3795/411/3792 3790/407/3787
f 3797/415/3794 3791/410/3788 3792/408/3789
f 3798/413/3795 3792/408/3789 3793/409/3790
f 3795/411/3792 3799/157/3796 3794/152/3791
f 3801/416/3798 3795/411/3792 3796/412/3793
f 3802/419/3799 3796/412/3793 3797/415/3794
f 3803/417/3800 3797/415/3794 3798/413/3795
f 3800/414/3797 3804/162/3801 3799/157/3796
f 3806/420/3803 3800/414/3797 3801/416/3798
f 3807/422/3804 3801/416/3798 3802/419/3799
f 3808/421/3805 3802/419/3799 3803/417/3800
f 3805/418/3802 3809/205/3806 3804/162/3801
f 3806/420/3803 3810/349/3807 3805/418/3802
f 3807/422/3804 3811/238/3808 3806/420/3803
f 3808/421/3805 3812/350/3809 3807/422/3804
f 3815/239/3812 3819/8/3816 3814/9/3811
f 3821/724/3818 3815/239/3812 3816/209/3813
f 3822/725/3819 3816/209/3813 3817/242/3814
f 3823/726/3820 3817/242/3814 3818/211/3815
f 3820/723/3817 3824/14/3821 3819/8/3816
f 3826/728/3823 3820/723/3817 3821/724/3818
f 3827/729/3824 3821/724/3818 3822/725/3819
f 3828/730/3825 3822/725/3819 3823/726/3820
f 3825/727/3822 3829/19/3826 3824/14/3821
f 3831/732/3828 3825/727/3822 3826/728/3823
f 3832/733/3829 3826/728/3823 3827/729/3824
f 3833/734/3830 3827/729/3824 3828/730/3825
f 3830/731/3827 3834/24/3831 3829/19/3826
f 3836/736/3833 3830/731/3827 3831/732/3828
f 3837/737/3834 3831/732/3828 3832/733/3829
f 3838/738/3835 3832/733/3829 3833/734/3830
f 3835/735/3832 3839/29/3836 3834/24/3831
f 3841/739/3838 3835/735/3832 3836/736/3833
f 3842/740/3839 3836/736/3833 3837/737/3834
f 3843/741/3840 3837/737/3834 3838/738/3835
f 3840/742/3837 3844/39/3841 3839/29/3836
f 3846/743/3843 3840/742/3837 3841/739/3838
f 3847/744/3844 3841/739/3838 3842/740/3839
f 3848/745/3845 3842/740/3839 3843/741/3840
f 3845/746/3842 3849/38/3846 3844/39/3841
f 3851/294/3848 3845/746/3842 3846/743/3843
f 3852/295/3849 3846/743/3843 3847/744/3844
f 3853/296/3850 3847/744/3844 3848/745/3845
f 3850/292/3847 3854/44/3851 3849/38/3846
f 3856/750/3853 3850/292/3847 3851/294/3848
f 3852/295/3849 3856/750/3853 3851/294/3848
f 3858/749/3855 3852/295/3849 3853/296/3850
f 3855/747/3852 3859/49/3856 3854/44/3851
f 3856/750/3853 3860/751/3857 3855/747/3852
f 3862/752/3859 3856/750/3853 3857/748/3854
f 3863/753/3860 3857/748/3854 3858/749/3855
f 3860/751/3857 3864/54/3861 3859/49/3856
f 3861/755/3858 3865/758/3862 3860/751/3857
f 3867/756/3864 3861/755/3858 3862/752/3859
f 3868/757/3865 3862/752/3859 3863/753/3860
f 3865/758/3862 3869/59/3866 3864/54/3861
f 3866/754/3863 3870/762/3867 3865/758/3862
f 3872/760/3869 3866/754/3863 3867/756/3864
f 3873/761/3870 3867/756/3864 3868/757/3865
f 3870/762/3867 3874/64/3871 3869/59/3866
f 3871/759/3868 3875/766/3872 3870/762/3867
f 3877/764/3874 3871/759/3868 3872/760/3869
f 3878/765/3875 3872/760/3869 3873/761/3870
f 3875/766/3872 3879/69/3876 3874/64/3871
f 3876/763/3873 3880/770/3877 3875/766/3872
f 3877/764/3874 3881/767/3878 3876/763/3873
f 3883/769/3880 3877/764/3874 3878/765/3875
f 3880/770/3877 3884/205/3881 3879/69/3876
f 3881/767/3878 3885/349/3882 3880/770/3877
f 3882/768/3879 3886/238/3883 3881/767/3878
f 3883/769/3880 3887/350/3884 3882/768/3879
f 3890/239/3887 3894/172/3891 3889/9/3886
f 3896/772/3893 3890/239/3887 3891/209/3888
f 3897/773/3894 3891/209/3888 3892/242/3889
f 3898/774/3895 3892/242/3889 3893/211/3890
f 3900/775/3897 3894/172/3891 3895/776/3892
f 3901/777/3898 3895/776/3892 3896/772/3893
f 3902/778/3899 3896/772/3893 3897/773/3894
f 3903/779/3900 3897/773/3894 3898/774/3895
f 3905/278/3902 3899/177/3896 3900/775/3897
f 3906/220/3903 3900/775/3897 3901/777/3898
f 3907/276/3904 3901/777/3898 3902/778/3899
f 3908/222/3905 3902/778/3899 3903/779/3900
f 3905/278/3902 3909/187/3906 3904/182/3901
f 3911/223/3908 3905/278/3902 3906/220/3903
f 3912/780/3909 3906/220/3903 3907/276/3904
f 3913/225/3910 3907/276/3904 3908/222/3905
f 3910/781/3907 3914/192/3911 3909/187/3906
f 3911/223/3908 3915/782/3912 3910/781/3907
f 3912/780/3909 3916/226/3913 3911/223/3908
f 3918/228/3915 3912/780/3909 3913/225/3910
f 3915/782/3912 3919/198/3916 3914/192/3911
f 3916/226/3913 3920/313/3917 3915/782/3912
f 3917/783/3914 3921/229/3918 3916/226/3913
f 3923/231/3920 3917/783/3914 3918/228/3915
f 3920/313/3917 3924/197/3921 3919/198/3916
f 3921/229/3918 3925/784/3922 3920/313/3917
f 3922/312/3919 3926/232/3923 3921/229/3918
f 3928/234/3925 3922/312/3919 3923/231/3920
f 3925/784/3922 3929/203/3926 3924/197/3921
f 3926/232/3923 3930/785/3927 3925/784/3922
f 3927/786/3924 3931/235/3928 3926/232/3923
f 3933/237/3930 3927/786/3924 3928/234/3925
f 3930/785/3927 3934/205/3931 3929/203/3926
f 3931/235/3928 3935/349/3932 3930/785/3927
f 3932/787/3929 3936/238/3933 3931/235/3928
f 3933/237/3930 3937/350/3934 3932/787/3929
f 3971/788/3968 3950/789/3947 3956/790/3953
f 3951/791/3948 3948/792/3945 3958/793/3955
f 3948/792/3945 3957/794/3954 3958/793/3955
f 3939/795/3936 3957/794/3954 3942/796/3939
f 3951/791/3948 3939/795/3936 3947/797/3944
f 3971/788/3968 3945/798/3942 3969/799/3966
f 3968/800/3965 3966/801/3963 3967/802/3964
f 3965/803/3962 3964/804/3961 3966/801/3963
f 3962/805/3959 3964/804/3961 3963/806/3960
f 3959/807/3956 3967/802/3964 3960/808/3957
f 3968/800/3965 3959/807/3956 3955/809/3952
f 3946/810/3943 3960/808/3957 3967/802/3964
f 3963/806/3960 3952/811/3949 3962/805/3959
f 3943/812/3940 3961/813/3958 3940/814/3937
f 3963/806/3960 3953/815/3950 3954/816/3951
f 3943/812/3940 3966/801/3963 3964/804/3961
f 3965/803/3962 3955/809/3952 3953/815/3950
f 3941/817/3938 3967/802/3964 3966/801/3963
f 3942/796/3939 3971/788/3968 3969/799/3966
f 3957/794/3954 3970/818/3967 3971/788/3968
f 4004/788/4001 3983/789/3980 4003/818/4000
f 3984/791/3981 3991/793/3988 3981/792/3978
f 3990/794/3987 3981/792/3978 3991/793/3988
f 3972/795/3969 3990/794/3987 3991/793/3988
f 3972/795/3969 3984/791/3981 3980/797/3977
f 3978/798/3975 4004/788/4001 4002/799/3999
f 4001/800/3998 3999/801/3996 3998/803/3995
f 3998/803/3995 3997/804/3994 3996/806/3993
f 3997/804/3994 3995/805/3992 3996/806/3993
f 3992/807/3989 4000/802/3997 4001/800/3998
f 4001/800/3998 3988/809/3985 3992/807/3989
f 3979/810/3976 3993/808/3990 3977/819/3974
f 3985/811/3982 3996/806/3993 3995/805/3992
f 3994/813/3991 3976/812/3973 3973/814/3970
f 3987/816/3984 3998/803/3995 3996/806/3993
f 3976/812/3973 3999/801/3996 3974/817/3971
f 3998/803/3995 3988/809/3985 4001/800/3998
f 3974/817/3971 4000/802/3997 3979/810/3976
f 3975/796/3972 4004/788/4001 3990/794/3987
f 3990/794/3987 4003/818/4000 3982/820/3979
f 4012/821/4009 4008/822/4005 4013/823/4010
f 4014/824/4011 4010/825/4007 4015/826/4012
f 4010/825/4007 4009/827/4006 4011/828/4008
f 4012/821/4009 4007/829/4004 4005/830/4002
f 4006/831/4003 4015/826/4012 4008/822/4005
f 4023/821/4020 4019/822/4016 4017/831/4014
f 4021/825/4018 4025/824/4022 4026/826/4023
f 4021/825/4018 4022/828/4019 4020/827/4017
f 4018/829/4015 4023/821/4020 4016/830/4013
f 4026/826/4023 4017/831/4014 4019/822/4016
f 7/1/7 6/11/6 1/2/1
f 8/4/8 7/1/7 2/3/2
f 9/6/9 8/4/8 3/5/3
f 10/8/10 9/6/9 4/7/4
f 12/10/12 11/16/11 6/11/6
f 13/12/13 12/10/12 7/1/7
f 14/13/14 13/12/13 8/4/8
f 15/14/15 14/13/14 9/6/9
f 12/10/12 17/20/17 16/15/16
f 18/17/18 17/20/17 12/10/12
f 19/18/19 18/17/18 13/12/13
f 20/19/20 19/18/19 14/13/14
f 17/20/17 22/22/22 21/21/21
f 18/17/18 23/23/23 22/22/22
f 19/18/19 24/27/24 23/23/23
f 25/24/25 24/27/24 19/18/19
f 22/22/22 27/26/27 26/25/26
f 23/23/23 28/28/28 27/26/27
f 24/27/24 29/32/29 28/28/28
f 30/29/30 29/32/29 24/27/24
f 27/26/27 32/31/32 31/30/31
f 28/28/28 33/33/33 32/31/32
f 29/32/29 34/34/34 33/33/33
f 30/29/30 35/39/35 34/34/34
f 32/31/32 37/36/37 36/35/36
f 33/33/33 38/37/38 37/36/37
f 34/34/34 39/42/39 38/37/38
f 40/38/40 39/42/39 34/34/34
f 37/36/37 42/41/42 41/40/41
f 38/37/38 43/43/43 42/41/42
f 39/42/39 44/47/44 43/43/43
f 45/44/45 44/47/44 39/42/39
f 42/41/42 47/46/47 46/45/46
f 43/43/43 48/48/48 47/46/47
f 44/47/44 49/52/49 48/48/48
f 50/49/50 49/52/49 44/47/44
f 47/46/47 52/51/52 51/50/51
f 48/48/48 53/53/53 52/51/52
f 49/52/49 54/57/54 53/53/53
f 55/54/55 54/57/54 49/52/49
f 52/51/52 57/56/57 56/55/56
f 53/53/53 58/58/58 57/56/57
f 54/57/54 59/63/59 58/58/58
f 60/59/60 59/63/59 54/57/54
f 57/56/57 62/61/62 61/60/61
f 58/58/58 63/66/63 62/61/62
f 64/62/64 63/66/63 58/58/58
f 65/64/65 64/62/64 59/63/59
f 62/61/62 67/67/67 66/65/66
f 63/66/63 68/72/68 67/67/67
f 69/68/69 68/72/68 63/66/63
f 70/69/70 69/68/69 64/62/64
f 67/67/67 72/164/72 71/70/71
f 73/71/73 72/164/72 67/67/67
f 69/68/69 74/73/74 73/71/73
f 70/69/70 75/205/75 74/73/74
f 77/3/77 82/75/82 81/74/81
f 78/5/78 83/79/83 82/75/82
f 84/76/84 83/79/83 78/5/78
f 85/77/85 84/76/84 79/7/79
f 82/75/82 87/80/87 86/78/86
f 83/79/83 88/85/88 87/80/87
f 89/81/89 88/85/88 83/79/83
f 90/82/90 89/81/89 84/76/84
f 87/80/87 92/88/92 91/83/91
f 93/84/93 92/88/92 87/80/87
f 94/86/94 93/84/93 88/85/88
f 95/87/95 94/86/94 89/81/89
f 92/88/92 97/93/97 96/89/96
f 98/90/98 97/93/97 92/88/92
f 99/91/99 98/90/98 93/84/93
f 100/92/100 99/91/99 94/86/94
f 97/93/97 102/98/102 101/94/101
f 103/95/103 102/98/102 97/93/97
f 104/96/104 103/95/103 98/90/98
f 105/97/105 104/96/104 99/91/99
f 102/98/102 107/103/107 106/99/106
f 108/100/108 107/103/107 102/98/102
f 109/101/109 108/100/108 103/95/103
f 110/102/110 109/101/109 104/96/104
f 107/103/107 112/108/112 111/104/111
f 113/105/113 112/108/112 107/103/107
f 114/106/114 113/105/113 108/100/108
f 115/107/115 114/106/114 109/101/109
f 112/108/112 117/113/117 116/109/116
f 118/110/118 117/113/117 112/108/112
f 119/111/119 118/110/118 113/105/113
f 120/112/120 119/111/119 114/106/114
f 117/113/117 122/119/122 121/114/121
f 123/115/123 122/119/122 117/113/117
f 124/116/124 123/115/123 118/110/118
f 125/117/125 124/116/124 119/111/119
f 127/118/127 126/124/126 121/114/121
f 128/120/128 127/118/127 122/119/122
f 129/121/129 128/120/128 123/115/123
f 130/122/130 129/121/129 124/116/124
f 132/123/132 131/129/131 126/124/126
f 133/125/133 132/123/132 127/118/127
f 134/126/134 133/125/133 128/120/128
f 135/127/135 134/126/134 129/121/129
f 137/128/137 136/134/136 131/129/131
f 138/130/138 137/128/137 132/123/132
f 139/131/139 138/130/138 133/125/133
f 140/132/140 139/131/139 134/126/134
f 142/133/142 141/139/141 136/134/136
f 143/135/143 142/133/142 137/128/137
f 144/136/144 143/135/143 138/130/138
f 145/137/145 144/136/144 139/131/139
f 147/138/147 146/144/146 141/139/141
f 148/140/148 147/138/147 142/133/142
f 149/141/149 148/140/148 143/135/143
f 150/142/150 149/141/149 144/136/144
f 147/138/147 152/148/152 151/143/151
f 153/145/153 152/148/152 147/138/147
f 154/146/154 153/145/153 148/140/148
f 155/147/155 154/146/154 149/141/149
f 152/148/152 157/150/157 156/149/156
f 153/145/153 158/154/158 157/150/157
f 159/151/159 158/154/158 153/145/153
f 160/152/160 159/151/159 154/146/154
f 157/150/157 162/155/162 161/153/161
f 158/154/158 163/159/163 162/155/162
f 164/156/164 163/159/163 158/154/158
f 165/157/165 164/156/164 159/151/159
f 162/155/162 167/160/167 166/158/166
f 163/159/163 168/163/168 167/160/167
f 169/161/169 168/163/168 163/159/163
f 170/162/170 169/161/169 164/156/164
f 167/160/167 172/164/172 171/70/171
f 168/163/168 173/71/173 172/164/172
f 169/161/169 174/73/174 173/71/173
f 170/162/170 175/205/175 174/73/174
f 177/3/177 182/166/182 181/165/181
f 178/5/178 183/167/183 182/166/182
f 179/7/179 184/168/184 183/167/183
f 180/9/180 185/172/185 184/168/184
f 182/166/182 187/170/187 186/169/186
f 183/167/183 188/171/188 187/170/187
f 184/168/184 189/173/189 188/171/188
f 185/172/185 190/177/190 189/173/189
f 187/170/187 192/175/192 191/174/191
f 188/171/188 193/176/193 192/175/192
f 189/173/189 194/178/194 193/176/193
f 190/177/190 195/182/195 194/178/194
f 192/175/192 197/180/197 196/179/196
f 193/176/193 198/181/198 197/180/197
f 194/178/194 199/183/199 198/181/198
f 195/182/195 200/187/200 199/183/199
f 197/180/197 202/185/202 201/184/201
f 198/181/198 203/186/203 202/185/202
f 199/183/199 204/188/204 203/186/203
f 200/187/200 205/192/205 204/188/204
f 202/185/202 207/190/207 206/189/206
f 203/186/203 208/191/208 207/190/207
f 204/188/204 209/193/209 208/191/208
f 205/192/205 210/198/210 209/193/209
f 207/190/207 212/195/212 211/194/211
f 208/191/208 213/196/213 212/195/212
f 209/193/209 214/201/214 213/196/213
f 215/197/215 214/201/214 209/193/209
f 212/195/212 217/200/217 216/199/216
f 213/196/213 218/202/218 217/200/217
f 214/201/214 219/204/219 218/202/218
f 220/203/220 219/204/219 214/201/214
f 217/200/217 222/164/222 221/70/221
f 218/202/218 223/71/223 222/164/222
f 219/204/219 224/73/224 223/71/223
f 225/205/225 224/73/224 219/204/219
f 227/2/227 232/208/232 231/206/231
f 228/9/228 233/210/233 232/208/232
f 229/209/229 234/212/234 233/210/233
f 230/211/230 235/216/235 234/212/234
f 232/208/232 237/214/237 236/213/236
f 233/210/233 238/215/238 237/214/237
f 234/212/234 239/217/239 238/215/238
f 235/216/235 240/219/240 239/217/239
f 237/214/237 242/174/242 241/218/241
f 238/215/238 243/182/243 242/174/242
f 239/217/239 244/220/244 243/182/243
f 240/219/240 245/222/245 244/220/244
f 242/174/242 247/179/247 246/221/246
f 243/182/243 248/187/248 247/179/247
f 244/220/244 249/223/249 248/187/248
f 245/222/245 250/225/250 249/223/249
f 247/179/247 252/184/252 251/224/251
f 248/187/248 253/192/253 252/184/252
f 249/223/249 254/226/254 253/192/253
f 250/225/250 255/228/255 254/226/254
f 252/184/252 257/189/257 256/227/256
f 253/192/253 258/198/258 257/189/257
f 254/226/254 259/229/259 258/198/258
f 255/228/255 260/231/260 259/229/259
f 257/189/257 262/194/262 261/230/261
f 258/198/258 263/197/263 262/194/262
f 259/229/259 264/232/264 263/197/263
f 260/231/260 265/234/265 264/232/264
f 262/194/262 267/199/267 266/233/266
f 263/197/263 268/203/268 267/199/267
f 264/232/264 269/235/269 268/203/268
f 265/234/265 270/237/270 269/235/269
f 267/199/267 272/70/272 271/236/271
f 268/203/268 273/205/273 272/70/272
f 269/235/269 274/238/274 273/205/273
f 270/237/270 275/771/275 274/238/274
f 277/3/277 282/166/282 281/165/281
f 278/5/278 283/167/283 282/166/282
f 279/7/279 284/168/284 283/167/283
f 280/9/280 285/172/285 284/168/284
f 282/166/282 287/170/287 286/169/286
f 283/167/283 288/171/288 287/170/287
f 284/168/284 289/173/289 288/171/288
f 285/172/285 290/177/290 289/173/289
f 287/170/287 292/175/292 291/174/291
f 288/171/288 293/176/293 292/175/292
f 289/173/289 294/178/294 293/176/293
f 290/177/290 295/182/295 294/178/294
f 292/175/292 297/180/297 296/179/296
f 293/176/293 298/181/298 297/180/297
f 294/178/294 299/183/299 298/181/298
f 295/182/295 300/187/300 299/183/299
f 297/180/297 302/185/302 301/184/301
f 298/181/298 303/186/303 302/185/302
f 299/183/299 304/188/304 303/186/303
f 300/187/300 305/192/305 304/188/304
f 302/185/302 307/190/307 306/189/306
f 303/186/303 308/191/308 307/190/307
f 304/188/304 309/193/309 308/191/308
f 305/192/305 310/198/310 309/193/309
f 307/190/307 312/195/312 311/194/311
f 308/191/308 313/196/313 312/195/312
f 309/193/309 314/201/314 313/196/313
f 310/198/310 315/197/315 314/201/314
f 312/195/312 317/200/317 316/199/316
f 313/196/313 318/202/318 317/200/317
f 314/201/314 319/204/319 318/202/318
f 315/197/315 320/203/320 319/204/319
f 317/200/317 322/164/322 321/70/321
f 318/202/318 323/71/323 322/164/322
f 319/204/319 324/73/324 323/71/323
f 320/203/320 325/205/325 324/73/324
f 326/2/326 331/11/331 332/1/332
f 327/3/327 332/1/332 333/4/333
f 328/5/328 333/4/333 334/6/334
f 329/7/329 334/6/334 335/8/335
f 331/11/331 336/16/336 337/10/337
f 332/1/332 337/10/337 338/12/338
f 333/4/333 338/12/338 339/13/339
f 334/6/334 339/13/339 340/14/340
f 337/10/337 336/16/336 341/15/341
f 337/10/337 342/20/342 343/17/343
f 338/12/338 343/17/343 344/18/344
f 339/13/339 344/18/344 345/19/345
f 342/20/342 341/15/341 346/21/346
f 343/17/343 342/20/342 347/22/347
f 344/18/344 343/17/343 348/23/348
f 344/18/344 349/27/349 350/24/350
f 347/22/347 346/21/346 351/25/351
f 348/23/348 347/22/347 352/26/352
f 349/27/349 348/23/348 353/28/353
f 349/27/349 354/32/354 355/29/355
f 352/26/352 351/25/351 356/30/356
f 353/28/353 352/26/352 357/31/357
f 354/32/354 353/28/353 358/33/358
f 355/29/355 354/32/354 359/34/359
f 357/31/357 356/30/356 361/35/361
f 358/33/358 357/31/357 362/36/362
f 359/34/359 358/33/358 363/37/363
f 359/34/359 364/42/364 365/38/365
f 362/36/362 361/35/361 366/40/366
f 363/37/363 362/36/362 367/41/367
f 364/42/364 363/37/363 368/43/368
f 364/42/364 369/47/369 370/44/370
f 367/41/367 366/40/366 371/45/371
f 368/43/368 367/41/367 372/46/372
f 369/47/369 368/43/368 373/48/373
f 369/47/369 374/52/374 375/49/375
f 372/46/372 371/45/371 376/50/376
f 373/48/373 372/46/372 377/51/377
f 374/52/374 373/48/373 378/53/378
f 374/52/374 379/57/379 380/54/380
f 377/51/377 376/50/376 381/55/381
f 378/53/378 377/51/377 382/56/382
f 379/57/379 378/53/378 383/58/383
f 379/57/379 384/63/384 385/59/385
f 382/56/382 381/55/381 386/60/386
f 383/58/383 382/56/382 387/61/387
f 383/58/383 388/66/388 389/62/389
f 384/63/384 389/62/389 390/64/390
f 387/61/387 386/60/386 391/65/391
f 388/66/388 387/61/387 392/67/392
f 388/66/388 393/72/393 394/68/394
f 389/62/389 394/68/394 395/69/395
f 392/67/392 391/65/391 396/70/396
f 393/72/393 392/67/392 397/164/397
f 394/68/394 393/72/393 398/71/398
f 395/69/395 394/68/394 399/73/399
f 402/3/401 401/2/400 406/74/405
f 403/5/402 402/3/401 407/75/406
f 403/5/402 408/79/407 409/76/408
f 404/7/403 409/76/408 410/77/409
f 407/75/406 406/74/405 411/78/410
f 408/79/407 407/75/406 412/80/411
f 408/79/407 413/85/412 414/81/413
f 409/76/408 414/81/413 415/82/414
f 412/80/411 411/78/410 416/83/415
f 412/80/411 417/88/416 418/84/417
f 413/85/412 418/84/417 419/86/418
f 414/81/413 419/86/418 420/87/419
f 417/88/416 416/83/415 421/89/420
f 417/88/416 422/93/421 423/90/422
f 418/84/417 423/90/422 424/91/423
f 419/86/418 424/91/423 425/92/424
f 422/93/421 421/89/420 426/94/425
f 422/93/421 427/98/426 428/95/427
f 423/90/422 428/95/427 429/96/428
f 424/91/423 429/96/428 430/97/429
f 427/98/426 426/94/425 431/99/430
f 427/98/426 432/103/431 433/100/432
f 428/95/427 433/100/432 434/101/433
f 429/96/428 434/101/433 435/102/434
f 432/103/431 431/99/430 436/104/435
f 432/103/431 437/108/436 438/105/437
f 433/100/432 438/105/437 439/106/438
f 434/101/433 439/106/438 440/107/439
f 437/108/436 436/104/435 441/109/440
f 437/108/436 442/113/441 443/110/442
f 438/105/437 443/110/442 444/111/443
f 439/106/438 444/111/443 445/112/444
f 442/113/441 441/109/440 446/114/445
f 442/113/441 447/119/446 448/115/447
f 443/110/442 448/115/447 449/116/448
f 444/111/443 449/116/448 450/117/449
f 446/114/445 451/124/450 452/118/451
f 447/119/446 452/118/451 453/120/452
f 448/115/447 453/120/452 454/121/453
f 449/116/448 454/121/453 455/122/454
f 451/124/450 456/129/455 457/123/456
f 452/118/451 457/123/456 458/125/457
f 453/120/452 458/125/457 459/126/458
f 454/121/453 459/126/458 460/127/459
f 456/129/455 461/134/460 462/128/461
f 457/123/456 462/128/461 463/130/462
f 458/125/457 463/130/462 464/131/463
f 459/126/458 464/131/463 465/132/464
f 461/134/460 466/139/465 467/133/466
f 462/128/461 467/133/466 468/135/467
f 463/130/462 468/135/467 469/136/468
f 464/131/463 469/136/468 470/137/469
f 466/139/465 471/144/470 472/138/471
f 467/133/466 472/138/471 473/140/472
f 468/135/467 473/140/472 474/141/473
f 469/136/468 474/141/473 475/142/474
f 472/138/471 471/144/470 476/143/475
f 472/138/471 477/148/476 478/145/477
f 473/140/472 478/145/477 479/146/478
f 474/141/473 479/146/478 480/147/479
f 477/148/476 476/143/475 481/149/480
f 478/145/477 477/148/476 482/150/481
f 478/145/477 483/154/482 484/151/483
f 479/146/478 484/151/483 485/152/484
f 482/150/481 481/149/480 486/153/485
f 483/154/482 482/150/481 487/155/486
f 483/154/482 488/159/487 489/156/488
f 484/151/483 489/156/488 490/157/489
f 487/155/486 486/153/485 491/158/490
f 488/159/487 487/155/486 492/160/491
f 488/159/487 493/163/492 494/161/493
f 489/156/488 494/161/493 495/162/494
f 491/158/490 496/70/495 497/164/496
f 493/163/492 492/160/491 497/164/496
f 493/163/492 498/71/497 499/73/498
f 495/162/494 494/161/493 499/73/498
f 502/3/500 501/2/499 506/165/504
f 503/5/501 502/3/500 507/166/505
f 504/7/502 503/5/501 508/167/506
f 505/9/503 504/7/502 509/168/507
f 507/166/505 506/165/504 511/169/509
f 508/167/506 507/166/505 512/170/510
f 509/168/507 508/167/506 513/171/511
f 510/172/508 509/168/507 514/173/512
f 512/170/510 511/169/509 516/174/514
f 513/171/511 512/170/510 517/175/515
f 514/173/512 513/171/511 518/176/516
f 515/177/513 514/173/512 519/178/517
f 517/175/515 516/174/514 521/179/519
f 518/176/516 517/175/515 522/180/520
f 519/178/517 518/176/516 523/181/521
f 520/182/518 519/178/517 524/183/522
f 522/180/520 521/179/519 526/184/524
f 523/181/521 522/180/520 527/185/525
f 524/183/522 523/181/521 528/186/526
f 525/187/523 524/183/522 529/188/527
f 527/185/525 526/184/524 531/189/529
f 528/186/526 527/185/525 532/190/530
f 529/188/527 528/186/526 533/191/531
f 530/192/528 529/188/527 534/193/532
f 532/190/530 531/189/529 536/194/534
f 533/191/531 532/190/530 537/195/535
f 534/193/532 533/191/531 538/196/536
f 534/193/532 539/201/537 540/197/538
f 537/195/535 536/194/534 541/199/539
f 538/196/536 537/195/535 542/200/540
f 539/201/537 538/196/536 543/202/541
f 539/201/537 544/204/542 545/203/543
f 542/200/540 541/199/539 546/70/544
f 543/202/541 542/200/540 547/164/545
f 544/204/542 543/202/541 548/71/546
f 544/204/542 549/73/547 550/205/548
f 552/3/550 551/2/549 556/165/554
f 553/5/551 552/3/550 557/166/555
f 554/7/552 553/5/551 558/167/556
f 555/9/553 554/7/552 559/168/557
f 557/166/555 556/165/554 561/169/559
f 558/167/556 557/166/555 562/170/560
f 559/168/557 558/167/556 563/171/561
f 560/172/558 559/168/557 564/173/562
f 562/170/560 561/169/559 566/174/564
f 563/171/561 562/170/560 567/175/565
f 564/173/562 563/171/561 568/176/566
f 565/177/563 564/173/562 569/178/567
f 567/175/565 566/174/564 571/179/569
f 568/176/566 567/175/565 572/180/570
f 569/178/567 568/176/566 573/181/571
f 570/182/568 569/178/567 574/183/572
f 572/180/570 571/179/569 576/184/574
f 573/181/571 572/180/570 577/185/575
f 574/183/572 573/181/571 578/186/576
f 575/187/573 574/183/572 579/188/577
f 577/185/575 576/184/574 581/189/579
f 578/186/576 577/185/575 582/190/580
f 579/188/577 578/186/576 583/191/581
f 580/192/578 579/188/577 584/193/582
f 582/190/580 581/189/579 586/194/584
f 583/191/581 582/190/580 587/195/585
f 584/193/582 583/191/581 588/196/586
f 585/198/583 584/193/582 589/201/587
f 587/195/585 586/194/584 591/199/589
f 588/196/586 587/195/585 592/200/590
f 589/201/587 588/196/586 593/202/591
f 590/197/588 589/201/587 594/204/592
f 592/200/590 591/199/589 596/70/594
f 593/202/591 592/200/590 597/164/595
f 594/204/592 593/202/591 598/71/596
f 595/203/593 594/204/592 599/73/597
f 602/3/600 601/2/599 606/165/604
f 603/5/601 602/3/600 607/166/605
f 604/7/602 603/5/601 608/167/606
f 605/9/603 604/7/602 609/168/607
f 607/166/605 606/165/604 611/169/609
f 608/167/606 607/166/605 612/170/610
f 609/168/607 608/167/606 613/171/611
f 610/172/608 609/168/607 614/173/612
f 612/170/610 611/169/609 616/174/614
f 613/171/611 612/170/610 617/175/615
f 614/173/612 613/171/611 618/176/616
f 615/177/613 614/173/612 619/178/617
f 617/175/615 616/174/614 621/179/619
f 618/176/616 617/175/615 622/180/620
f 619/178/617 618/176/616 623/181/621
f 620/182/618 619/178/617 624/183/622
f 622/180/620 621/179/619 626/184/624
f 623/181/621 622/180/620 627/185/625
f 624/183/622 623/181/621 628/186/626
f 625/187/623 624/183/622 629/188/627
f 627/185/625 626/184/624 631/189/629
f 628/186/626 627/185/625 632/190/630
f 629/188/627 628/186/626 633/191/631
f 630/192/628 629/188/627 634/193/632
f 632/190/630 631/189/629 636/194/634
f 633/191/631 632/190/630 637/195/635
f 634/193/632 633/191/631 638/196/636
f 635/198/633 634/193/632 639/201/637
f 637/195/635 636/194/634 641/199/639
f 638/196/636 637/195/635 642/200/640
f 639/201/637 638/196/636 643/202/641
f 640/197/638 639/201/637 644/204/642
f 642/200/640 641/199/639 646/70/644
f 643/202/641 642/200/640 647/164/645
f 644/204/642 643/202/641 648/71/646
f 645/203/643 644/204/642 649/73/647
f 652/3/650 657/166/655 656/165/654
f 653/5/651 658/167/656 657/166/655
f 654/7/652 659/168/657 658/167/656
f 660/172/658 659/168/657 654/7/652
f 657/166/655 662/170/660 661/169/659
f 658/167/656 663/171/661 662/170/660
f 659/168/657 664/173/662 663/171/661
f 665/177/663 664/173/662 659/168/657
f 662/170/660 667/175/665 666/174/664
f 663/171/661 668/176/666 667/175/665
f 664/173/662 669/178/667 668/176/666
f 670/182/668 669/178/667 664/173/662
f 667/175/665 672/180/670 671/179/669
f 668/176/666 673/181/671 672/180/670
f 674/183/672 673/181/671 668/176/666
f 675/187/673 674/183/672 669/178/667
f 672/180/670 677/185/675 676/184/674
f 673/181/671 678/186/676 677/185/675
f 679/188/677 678/186/676 673/181/671
f 680/192/678 679/188/677 674/183/672
f 677/185/675 682/190/680 681/189/679
f 678/186/676 683/191/681 682/190/680
f 684/193/682 683/191/681 678/186/676
f 685/198/683 684/193/682 679/188/677
f 682/190/680 687/195/685 686/194/684
f 683/191/681 688/196/686 687/195/685
f 689/201/687 688/196/686 683/191/681
f 690/197/688 689/201/687 684/193/682
f 687/195/685 692/200/690 691/199/689
f 688/196/686 693/202/691 692/200/690
f 694/204/692 693/202/691 688/196/686
f 695/203/693 694/204/692 689/201/687
f 692/200/690 697/164/695 696/70/694
f 693/202/691 698/71/696 697/164/695
f 699/73/697 698/71/696 693/202/691
f 700/205/698 699/73/697 694/204/692
f 702/3/700 707/166/705 706/165/704
f 703/5/701 708/167/706 707/166/705
f 704/7/702 709/168/707 708/167/706
f 710/172/708 709/168/707 704/7/702
f 707/166/705 712/170/710 711/169/709
f 708/167/706 713/171/711 712/170/710
f 709/168/707 714/173/712 713/171/711
f 715/177/713 714/173/712 709/168/707
f 712/170/710 717/175/715 716/174/714
f 713/171/711 718/176/716 717/175/715
f 714/173/712 719/178/717 718/176/716
f 720/182/718 719/178/717 714/173/712
f 717/175/715 722/180/720 721/179/719
f 718/176/716 723/181/721 722/180/720
f 719/178/717 724/183/722 723/181/721
f 725/187/723 724/183/722 719/178/717
f 722/180/720 727/185/725 726/184/724
f 723/181/721 728/186/726 727/185/725
f 729/188/727 728/186/726 723/181/721
f 730/192/728 729/188/727 724/183/722
f 727/185/725 732/190/730 731/189/729
f 728/186/726 733/191/731 732/190/730
f 734/193/732 733/191/731 728/186/726
f 735/198/733 734/193/732 729/188/727
f 732/190/730 737/195/735 736/194/734
f 733/191/731 738/196/736 737/195/735
f 739/201/737 738/196/736 733/191/731
f 740/197/738 739/201/737 734/193/732
f 737/195/735 742/200/740 741/199/739
f 738/196/736 743/202/741 742/200/740
f 744/204/742 743/202/741 738/196/736
f 745/203/743 744/204/742 739/201/737
f 742/200/740 747/164/745 746/70/744
f 743/202/741 748/71/746 747/164/745
f 749/73/747 748/71/746 743/202/741
f 750/205/748 749/73/747 744/204/742
f 752/3/750 757/1/755 756/11/754
f 753/5/751 758/4/756 757/1/755
f 754/7/752 759/6/757 758/4/756
f 755/9/753 760/8/758 759/6/757
f 757/1/755 762/10/760 761/16/759
f 758/4/756 763/12/761 762/10/760
f 759/6/757 764/13/762 763/12/761
f 760/8/758 765/14/763 764/13/762
f 762/10/760 767/20/765 766/15/764
f 763/12/761 768/17/766 767/20/765
f 764/13/762 769/18/767 768/17/766
f 765/14/763 770/19/768 769/18/767
f 767/20/765 772/22/770 771/21/769
f 768/17/766 773/23/771 772/22/770
f 769/18/767 774/27/772 773/23/771
f 770/19/768 775/24/773 774/27/772
f 772/22/770 777/26/775 776/25/774
f 773/23/771 778/28/776 777/26/775
f 774/27/772 779/32/777 778/28/776
f 775/24/773 780/29/778 779/32/777
f 777/26/775 782/31/780 781/30/779
f 778/28/776 783/33/781 782/31/780
f 779/32/777 784/34/782 783/33/781
f 780/29/778 785/39/783 784/34/782
f 782/31/780 787/36/785 786/35/784
f 783/33/781 788/37/786 787/36/785
f 784/34/782 789/42/787 788/37/786
f 785/39/783 790/38/788 789/42/787
f 787/36/785 792/41/790 791/40/789
f 788/37/786 793/43/791 792/41/790
f 789/42/787 794/47/792 793/43/791
f 790/38/788 795/44/793 794/47/792
f 792/41/790 797/46/795 796/45/794
f 793/43/791 798/48/796 797/46/795
f 794/47/792 799/52/797 798/48/796
f 800/49/798 799/52/797 794/47/792
f 797/46/795 802/51/800 801/50/799
f 798/48/796 803/53/801 802/51/800
f 799/52/797 804/57/802 803/53/801
f 805/54/803 804/57/802 799/52/797
f 802/51/800 807/56/805 806/55/804
f 803/53/801 808/58/806 807/56/805
f 804/57/802 809/63/807 808/58/806
f 810/59/808 809/63/807 804/57/802
f 807/56/805 812/61/810 811/60/809
f 808/58/806 813/66/811 812/61/810
f 814/62/812 813/66/811 808/58/806
f 815/64/813 814/62/812 809/63/807
f 812/61/810 817/67/815 816/65/814
f 813/66/811 818/72/816 817/67/815
f 819/68/817 818/72/816 813/66/811
f 820/69/818 819/68/817 814/62/812
f 817/67/815 822/164/820 821/70/819
f 818/72/816 823/71/821 822/164/820
f 824/73/822 823/71/821 818/72/816
f 825/205/823 824/73/822 819/68/817
f 827/3/825 832/166/830 831/165/829
f 828/5/826 833/167/831 832/166/830
f 829/7/827 834/168/832 833/167/831
f 835/172/833 834/168/832 829/7/827
f 832/166/830 837/170/835 836/169/834
f 833/167/831 838/171/836 837/170/835
f 834/168/832 839/173/837 838/171/836
f 840/177/838 839/173/837 834/168/832
f 837/170/835 842/175/840 841/174/839
f 838/171/836 843/176/841 842/175/840
f 839/173/837 844/178/842 843/176/841
f 845/182/843 844/178/842 839/173/837
f 842/175/840 847/180/845 846/179/844
f 843/176/841 848/181/846 847/180/845
f 844/178/842 849/183/847 848/181/846
f 850/187/848 849/183/847 844/178/842
f 847/180/845 852/185/850 851/184/849
f 848/181/846 853/186/851 852/185/850
f 854/188/852 853/186/851 848/181/846
f 855/192/853 854/188/852 849/183/847
f 852/185/850 857/190/855 856/189/854
f 853/186/851 858/191/856 857/190/855
f 859/193/857 858/191/856 853/186/851
f 860/198/858 859/193/857 854/188/852
f 857/190/855 862/195/860 861/194/859
f 858/191/856 863/196/861 862/195/860
f 864/201/862 863/196/861 858/191/856
f 865/197/863 864/201/862 859/193/857
f 862/195/860 867/200/865 866/199/864
f 863/196/861 868/202/866 867/200/865
f 869/204/867 868/202/866 863/196/861
f 870/203/868 869/204/867 864/201/862
f 867/200/865 872/164/870 871/70/869
f 868/202/866 873/71/871 872/164/870
f 874/73/872 873/71/871 868/202/866
f 875/205/873 874/73/872 869/204/867
f 882/166/880 881/165/879 876/2/874
f 883/167/881 882/166/880 877/3/875
f 884/168/882 883/167/881 878/5/876
f 885/172/883 884/168/882 879/7/877
f 882/166/880 887/170/885 886/169/884
f 888/171/886 887/170/885 882/166/880
f 889/173/887 888/171/886 883/167/881
f 890/177/888 889/173/887 884/168/882
f 887/170/885 892/175/890 891/174/889
f 893/176/891 892/175/890 887/170/885
f 894/178/892 893/176/891 888/171/886
f 895/182/893 894/178/892 889/173/887
f 892/175/890 897/180/895 896/179/894
f 898/181/896 897/180/895 892/175/890
f 899/183/897 898/181/896 893/176/891
f 900/187/898 899/183/897 894/178/892
f 897/180/895 902/185/900 901/184/899
f 903/186/901 902/185/900 897/180/895
f 904/188/902 903/186/901 898/181/896
f 905/192/903 904/188/902 899/183/897
f 902/185/900 907/190/905 906/189/904
f 908/191/906 907/190/905 902/185/900
f 909/193/907 908/191/906 903/186/901
f 910/198/908 909/193/907 904/188/902
f 907/190/905 912/195/910 911/194/909
f 908/191/906 913/196/911 912/195/910
f 914/201/912 913/196/911 908/191/906
f 915/197/913 914/201/912 909/193/907
f 912/195/910 917/200/915 916/199/914
f 913/196/911 918/202/916 917/200/915
f 919/204/917 918/202/916 913/196/911
f 920/203/918 919/204/917 914/201/912
f 917/200/915 922/164/920 921/70/919
f 918/202/916 923/71/921 922/164/920
f 919/204/917 924/73/922 923/71/921
f 920/203/918 925/205/75 924/73/922
f 927/3/924 932/166/929 931/165/928
f 928/5/925 933/167/930 932/166/929
f 929/7/926 934/168/931 933/167/930
f 935/172/932 934/168/931 929/7/926
f 932/166/929 937/170/934 936/169/933
f 933/167/930 938/171/935 937/170/934
f 934/168/931 939/173/936 938/171/935
f 940/177/937 939/173/936 934/168/931
f 937/170/934 942/175/939 941/174/938
f 938/171/935 943/176/940 942/175/939
f 939/173/936 944/178/941 943/176/940
f 945/182/942 944/178/941 939/173/936
f 942/175/939 947/180/944 946/179/943
f 943/176/940 948/181/945 947/180/944
f 949/183/946 948/181/945 943/176/940
f 950/187/947 949/183/946 944/178/941
f 947/180/944 952/185/949 951/184/948
f 948/181/945 953/186/950 952/185/949
f 954/188/951 953/186/950 948/181/945
f 955/192/952 954/188/951 949/183/946
f 952/185/949 957/190/954 956/189/953
f 953/186/950 958/191/955 957/190/954
f 959/193/956 958/191/955 953/186/950
f 960/198/957 959/193/956 954/188/951
f 957/190/954 962/195/959 961/194/958
f 958/191/955 963/196/960 962/195/959
f 964/201/961 963/196/960 958/191/955
f 965/197/962 964/201/961 959/193/956
f 962/195/959 967/200/964 966/199/963
f 963/196/960 968/202/965 967/200/964
f 969/204/966 968/202/965 963/196/960
f 970/203/967 969/204/966 964/201/961
f 967/200/964 972/164/969 971/70/968
f 968/202/965 973/71/970 972/164/969
f 974/73/971 973/71/970 968/202/965
f 975/205/972 974/73/971 969/204/966
f 977/3/974 982/166/979 981/165/978
f 978/5/975 983/167/980 982/166/979
f 979/7/976 984/168/981 983/167/980
f 985/172/982 984/168/981 979/7/976
f 982/166/979 987/170/984 986/169/983
f 983/167/980 988/171/985 987/170/984
f 984/168/981 989/173/986 988/171/985
f 990/177/987 989/173/986 984/168/981
f 987/170/984 992/175/989 991/174/988
f 988/171/985 993/176/990 992/175/989
f 989/173/986 994/178/991 993/176/990
f 995/182/992 994/178/991 989/173/986
f 992/175/989 997/180/994 996/179/993
f 993/176/990 998/181/995 997/180/994
f 994/178/991 999/183/996 998/181/995
f 1000/187/997 999/183/996 994/178/991
f 997/180/994 1002/185/999 1001/184/998
f 998/181/995 1003/186/1000 1002/185/999
f 1004/188/1001 1003/186/1000 998/181/995
f 1005/192/1002 1004/188/1001 999/183/996
f 1002/185/999 1007/190/1004 1006/189/1003
f 1003/186/1000 1008/191/1005 1007/190/1004
f 1009/193/1006 1008/191/1005 1003/186/1000
f 1010/198/1007 1009/193/1006 1004/188/1001
f 1007/190/1004 1012/195/1009 1011/194/1008
f 1008/191/1005 1013/196/1010 1012/195/1009
f 1014/201/1011 1013/196/1010 1008/191/1005
f 1015/197/1012 1014/201/1011 1009/193/1006
f 1012/195/1009 1017/200/1014 1016/199/1013
f 1013/196/1010 1018/202/1015 1017/200/1014
f 1019/204/1016 1018/202/1015 1013/196/1010
f 1020/203/1017 1019/204/1016 1014/201/1011
f 1017/200/1014 1022/164/1019 1021/70/1018
f 1018/202/1015 1023/71/1020 1022/164/1019
f 1024/73/1021 1023/71/1020 1018/202/1015
f 1025/205/1022 1024/73/1021 1019/204/1016
f 1027/3/1024 1032/166/1029 1031/165/1028
f 1028/5/1025 1033/167/1030 1032/166/1029
f 1029/7/1026 1034/168/1031 1033/167/1030
f 1035/172/1032 1034/168/1031 1029/7/1026
f 1032/166/1029 1037/170/1034 1036/169/1033
f 1033/167/1030 1038/171/1035 1037/170/1034
f 1034/168/1031 1039/173/1036 1038/171/1035
f 1040/177/1037 1039/173/1036 1034/168/1031
f 1037/170/1034 1042/175/1039 1041/174/1038
f 1038/171/1035 1043/176/1040 1042/175/1039
f 1039/173/1036 1044/178/1041 1043/176/1040
f 1045/182/1042 1044/178/1041 1039/173/1036
f 1042/175/1039 1047/180/1044 1046/179/1043
f 1043/176/1040 1048/181/1045 1047/180/1044
f 1044/178/1041 1049/183/1046 1048/181/1045
f 1050/187/1047 1049/183/1046 1044/178/1041
f 1047/180/1044 1052/185/1049 1051/184/1048
f 1048/181/1045 1053/186/1050 1052/185/1049
f 1054/188/1051 1053/186/1050 1048/181/1045
f 1055/192/1052 1054/188/1051 1049/183/1046
f 1052/185/1049 1057/190/1054 1056/189/1053
f 1053/186/1050 1058/191/1055 1057/190/1054
f 1059/193/1056 1058/191/1055 1053/186/1050
f 1060/198/1057 1059/193/1056 1054/188/1051
f 1057/190/1054 1062/195/1059 1061/194/1058
f 1058/191/1055 1063/196/1060 1062/195/1059
f 1064/201/1061 1063/196/1060 1058/191/1055
f 1065/197/1062 1064/201/1061 1059/193/1056
f 1062/195/1059 1067/200/1064 1066/199/1063
f 1063/196/1060 1068/202/1065 1067/200/1064
f 1069/204/1066 1068/202/1065 1063/196/1060
f 1070/203/1067 1069/204/1066 1064/201/1061
f 1067/200/1064 1072/164/1069 1071/70/1068
f 1068/202/1065 1073/71/1070 1072/164/1069
f 1074/73/1071 1073/71/1070 1068/202/1065
f 1075/205/1072 1074/73/1071 1069/204/1066
f 1077/3/1074 1082/1/1079 1081/11/1078
f 1078/5/1075 1083/4/1080 1082/1/1079
f 1079/7/1076 1084/6/1081 1083/4/1080
f 1080/9/1077 1085/8/1082 1084/6/1081
f 1082/1/1079 1087/10/1084 1086/16/1083
f 1083/4/1080 1088/12/1085 1087/10/1084
f 1084/6/1081 1089/13/1086 1088/12/1085
f 1085/8/1082 1090/14/1087 1089/13/1086
f 1087/10/1084 1092/20/1089 1091/15/1088
f 1088/12/1085 1093/17/1090 1092/20/1089
f 1089/13/1086 1094/18/1091 1093/17/1090
f 1090/14/1087 1095/19/1092 1094/18/1091
f 1092/20/1089 1097/22/1094 1096/21/1093
f 1093/17/1090 1098/23/1095 1097/22/1094
f 1094/18/1091 1099/27/1096 1098/23/1095
f 1100/24/1097 1099/27/1096 1094/18/1091
f 1097/22/1094 1102/26/1099 1101/25/1098
f 1098/23/1095 1103/28/1100 1102/26/1099
f 1099/27/1096 1104/32/1101 1103/28/1100
f 1105/29/1102 1104/32/1101 1099/27/1096
f 1102/26/1099 1107/31/1104 1106/30/1103
f 1103/28/1100 1108/33/1105 1107/31/1104
f 1104/32/1101 1109/34/1106 1108/33/1105
f 1110/39/1107 1109/34/1106 1104/32/1101
f 1107/31/1104 1112/36/1109 1111/35/1108
f 1108/33/1105 1113/37/1110 1112/36/1109
f 1114/42/1111 1113/37/1110 1108/33/1105
f 1115/38/1112 1114/42/1111 1109/34/1106
f 1112/36/1109 1117/41/1114 1116/40/1113
f 1118/43/1115 1117/41/1114 1112/36/1109
f 1119/47/1116 1118/43/1115 1113/37/1110
f 1120/44/1117 1119/47/1116 1114/42/1111
f 1117/41/1114 1122/46/1119 1121/45/1118
f 1118/43/1115 1123/48/1120 1122/46/1119
f 1124/52/1121 1123/48/1120 1118/43/1115
f 1125/49/1122 1124/52/1121 1119/47/1116
f 1122/46/1119 1127/51/1124 1126/50/1123
f 1123/48/1120 1128/53/1125 1127/51/1124
f 1129/57/1126 1128/53/1125 1123/48/1120
f 1130/54/1127 1129/57/1126 1124/52/1121
f 1127/51/1124 1132/56/1129 1131/55/1128
f 1128/53/1125 1133/58/1130 1132/56/1129
f 1134/63/1131 1133/58/1130 1128/53/1125
f 1135/59/1132 1134/63/1131 1129/57/1126
f 1132/56/1129 1137/61/1134 1136/60/1133
f 1133/58/1130 1138/66/1135 1137/61/1134
f 1139/62/1136 1138/66/1135 1133/58/1130
f 1140/64/1137 1139/62/1136 1134/63/1131
f 1137/61/1134 1142/67/1139 1141/65/1138
f 1138/66/1135 1143/72/1140 1142/67/1139
f 1139/62/1136 1144/68/1141 1143/72/1140
f 1145/69/1142 1144/68/1141 1139/62/1136
f 1142/67/1139 1147/164/1144 1146/70/1143
f 1143/72/1140 1148/71/1145 1147/164/1144
f 1144/68/1141 1149/73/1146 1148/71/1145
f 1150/205/1147 1149/73/1146 1144/68/1141
f 1152/239/1149 1157/241/1154 1156/240/1153
f 1153/209/1150 1158/243/1155 1157/241/1154
f 1154/242/1151 1159/244/1156 1158/243/1155
f 1155/211/1152 1160/249/1157 1159/244/1156
f 1157/241/1154 1162/246/1159 1161/245/1158
f 1158/243/1155 1163/247/1160 1162/246/1159
f 1159/244/1156 1164/252/1161 1163/247/1160
f 1165/248/1162 1164/252/1161 1159/244/1156
f 1162/246/1159 1167/251/1164 1166/250/1163
f 1163/247/1160 1168/253/1165 1167/251/1164
f 1164/252/1161 1169/257/1166 1168/253/1165
f 1170/254/1167 1169/257/1166 1164/252/1161
f 1167/251/1164 1172/256/1169 1171/255/1168
f 1168/253/1165 1173/258/1170 1172/256/1169
f 1169/257/1166 1174/263/1171 1173/258/1170
f 1175/259/1172 1174/263/1171 1169/257/1166
f 1172/256/1169 1177/261/1174 1176/260/1173
f 1173/258/1170 1178/267/1175 1177/261/1174
f 1179/262/1176 1178/267/1175 1173/258/1170
f 1180/264/1177 1179/262/1176 1174/263/1171
f 1177/261/1174 1182/270/1179 1181/265/1178
f 1183/266/1180 1182/270/1179 1177/261/1174
f 1184/268/1181 1183/266/1180 1178/267/1175
f 1185/269/1182 1184/268/1181 1179/262/1176
f 1182/270/1179 1187/275/1184 1186/271/1183
f 1188/272/1185 1187/275/1184 1182/270/1179
f 1189/273/1186 1188/272/1185 1183/266/1180
f 1190/274/1187 1189/273/1186 1184/268/1181
f 1187/275/1184 1192/278/1189 1191/182/1188
f 1193/220/1190 1192/278/1189 1187/275/1184
f 1194/276/1191 1193/220/1190 1188/272/1185
f 1195/222/1192 1194/276/1191 1189/273/1186
f 1197/277/1194 1196/283/1193 1191/182/1188
f 1198/279/1195 1197/277/1194 1192/278/1189
f 1199/280/1196 1198/279/1195 1193/220/1190
f 1200/281/1197 1199/280/1196 1194/276/1191
f 1202/282/1199 1201/288/1198 1196/283/1193
f 1203/284/1200 1202/282/1199 1197/277/1194
f 1204/285/1201 1203/284/1200 1198/279/1195
f 1205/286/1202 1204/285/1201 1199/280/1196
f 1207/287/1204 1206/293/1203 1201/288/1198
f 1208/289/1205 1207/287/1204 1202/282/1199
f 1209/290/1206 1208/289/1205 1203/284/1200
f 1210/291/1207 1209/290/1206 1204/285/1201
f 1212/292/1209 1211/38/1208 1206/293/1203
f 1213/294/1210 1212/292/1209 1207/287/1204
f 1214/295/1211 1213/294/1210 1208/289/1205
f 1215/296/1212 1214/295/1211 1209/290/1206
f 1217/297/1214 1216/302/1213 1211/38/1208
f 1218/298/1215 1217/297/1214 1212/292/1209
f 1219/299/1216 1218/298/1215 1213/294/1210
f 1220/300/1217 1219/299/1216 1214/295/1211
f 1217/297/1214 1222/306/1219 1221/301/1218
f 1223/303/1220 1222/306/1219 1217/297/1214
f 1224/304/1221 1223/303/1220 1218/298/1215
f 1225/305/1222 1224/304/1221 1219/299/1216
f 1222/306/1219 1227/311/1224 1226/307/1223
f 1228/308/1225 1227/311/1224 1222/306/1219
f 1229/309/1226 1228/308/1225 1223/303/1220
f 1230/310/1227 1229/309/1226 1224/304/1221
f 1227/311/1224 1232/313/1229 1231/198/1228
f 1233/229/1230 1232/313/1229 1227/311/1224
f 1234/312/1231 1233/229/1230 1228/308/1225
f 1235/231/1232 1234/312/1231 1229/309/1226
f 1232/313/1229 1237/318/1234 1236/314/1233
f 1238/315/1235 1237/318/1234 1232/313/1229
f 1239/316/1236 1238/315/1235 1233/229/1230
f 1240/317/1237 1239/316/1236 1234/312/1231
f 1237/318/1234 1242/320/1239 1241/319/1238
f 1238/315/1235 1243/324/1240 1242/320/1239
f 1244/321/1241 1243/324/1240 1238/315/1235
f 1245/322/1242 1244/321/1241 1239/316/1236
f 1242/320/1239 1247/325/1244 1246/323/1243
f 1243/324/1240 1248/329/1245 1247/325/1244
f 1249/326/1246 1248/329/1245 1243/324/1240
f 1250/327/1247 1249/326/1246 1244/321/1241
f 1247/325/1244 1252/330/1249 1251/328/1248
f 1248/329/1245 1253/334/1250 1252/330/1249
f 1254/331/1251 1253/334/1250 1248/329/1245
f 1255/332/1252 1254/331/1251 1249/326/1246
f 1252/330/1249 1257/335/1254 1256/333/1253
f 1253/334/1250 1258/340/1255 1257/335/1254
f 1259/336/1256 1258/340/1255 1253/334/1250
f 1260/337/1257 1259/336/1256 1254/331/1251
f 1257/335/1254 1262/343/1259 1261/338/1258
f 1263/339/1260 1262/343/1259 1257/335/1254
f 1264/341/1261 1263/339/1260 1258/340/1255
f 1265/342/1262 1264/341/1261 1259/336/1256
f 1262/343/1259 1267/348/1264 1266/344/1263
f 1268/345/1265 1267/348/1264 1262/343/1259
f 1269/346/1266 1268/345/1265 1263/339/1260
f 1270/347/1267 1269/346/1266 1264/341/1261
f 1267/348/1264 1272/349/1269 1271/205/1268
f 1268/345/1265 1273/238/1270 1272/349/1269
f 1269/346/1266 1274/350/1271 1273/238/1270
f 1270/347/1267 1275/771/1272 1274/350/1271
f 1277/239/1274 1282/351/1279 1281/77/1278
f 1278/209/1275 1283/352/1280 1282/351/1279
f 1279/242/1276 1284/355/1281 1283/352/1280
f 1285/353/1282 1284/355/1281 1279/242/1276
f 1282/351/1279 1287/354/1284 1286/82/1283
f 1283/352/1280 1288/356/1285 1287/354/1284
f 1284/355/1281 1289/357/1286 1288/356/1285
f 1285/353/1282 1290/360/1287 1289/357/1286
f 1287/354/1284 1292/358/1289 1291/87/1288
f 1288/356/1285 1293/359/1290 1292/358/1289
f 1289/357/1286 1294/361/1291 1293/359/1290
f 1290/360/1287 1295/364/1292 1294/361/1291
f 1292/358/1289 1297/362/1294 1296/92/1293
f 1293/359/1290 1298/363/1295 1297/362/1294
f 1294/361/1291 1299/365/1296 1298/363/1295
f 1295/364/1292 1300/368/1297 1299/365/1296
f 1297/362/1294 1302/366/1299 1301/97/1298
f 1298/363/1295 1303/367/1300 1302/366/1299
f 1299/365/1296 1304/369/1301 1303/367/1300
f 1300/368/1297 1305/372/1302 1304/369/1301
f 1302/366/1299 1307/370/1304 1306/102/1303
f 1303/367/1300 1308/371/1305 1307/370/1304
f 1304/369/1301 1309/373/1306 1308/371/1305
f 1305/372/1302 1310/376/1307 1309/373/1306
f 1307/370/1304 1312/374/1309 1311/107/1308
f 1308/371/1305 1313/375/1310 1312/374/1309
f 1309/373/1306 1314/377/1311 1313/375/1310
f 1310/376/1307 1315/381/1312 1314/377/1311
f 1312/374/1309 1317/378/1314 1316/112/1313
f 1313/375/1310 1318/379/1315 1317/378/1314
f 1314/377/1311 1319/383/1316 1318/379/1315
f 1320/380/1317 1319/383/1316 1314/377/1311
f 1317/378/1314 1322/382/1319 1321/117/1318
f 1318/379/1315 1323/384/1320 1322/382/1319
f 1319/383/1316 1324/388/1321 1323/384/1320
f 1325/385/1322 1324/388/1321 1319/383/1316
f 1322/382/1319 1327/386/1324 1326/122/1323
f 1323/384/1320 1328/391/1325 1327/386/1324
f 1329/387/1326 1328/391/1325 1323/384/1320
f 1330/389/1327 1329/387/1326 1324/388/1321
f 1327/386/1324 1332/394/1329 1331/127/1328
f 1333/390/1330 1332/394/1329 1327/386/1324
f 1334/392/1331 1333/390/1330 1328/391/1325
f 1335/393/1332 1334/392/1331 1329/387/1326
f 1332/394/1329 1337/398/1334 1336/132/1333
f 1338/395/1335 1337/398/1334 1332/394/1329
f 1339/396/1336 1338/395/1335 1333/390/1330
f 1340/397/1337 1339/396/1336 1334/392/1331
f 1337/398/1334 1342/399/1339 1341/137/1338
f 1338/395/1335 1343/402/1340 1342/399/1339
f 1344/400/1341 1343/402/1340 1338/395/1335
f 1345/401/1342 1344/400/1341 1339/396/1336
f 1342/399/1339 1347/403/1344 1346/142/1343
f 1343/402/1340 1348/406/1345 1347/403/1344
f 1349/404/1346 1348/406/1345 1343/402/1340
f 1350/405/1347 1349/404/1346 1344/400/1341
f 1347/403/1344 1352/407/1349 1351/147/1348
f 1348/406/1345 1353/410/1350 1352/407/1349
f 1354/408/1351 1353/410/1350 1348/406/1345
f 1355/409/1352 1354/408/1351 1349/404/1346
f 1352/407/1349 1357/411/1354 1356/152/1353
f 1353/410/1350 1358/412/1355 1357/411/1354
f 1354/408/1351 1359/415/1356 1358/412/1355
f 1360/413/1357 1359/415/1356 1354/408/1351
f 1357/411/1354 1362/414/1359 1361/157/1358
f 1358/412/1355 1363/416/1360 1362/414/1359
f 1359/415/1356 1364/419/1361 1363/416/1360
f 1365/417/1362 1364/419/1361 1359/415/1356
f 1362/414/1359 1367/418/1364 1366/162/1363
f 1363/416/1360 1368/420/1365 1367/418/1364
f 1364/419/1361 1369/422/1366 1368/420/1365
f 1370/421/1367 1369/422/1366 1364/419/1361
f 1367/418/1364 1372/349/1369 1371/205/1368
f 1368/420/1365 1373/238/1370 1372/349/1369
f 1369/422/1366 1374/350/1371 1373/238/1370
f 1370/421/1367 1375/771/1372 1374/350/1371
f 1382/241/1379 1381/240/1378 1376/9/1373
f 1378/209/1375 1383/243/1380 1382/241/1379
f 1379/242/1376 1384/244/1381 1383/243/1380
f 1380/211/1377 1385/249/1382 1384/244/1381
f 1387/246/1384 1386/245/1383 1381/240/1378
f 1383/243/1380 1388/247/1385 1387/246/1384
f 1384/244/1381 1389/252/1386 1388/247/1385
f 1385/249/1382 1390/248/1387 1389/252/1386
f 1392/251/1389 1391/250/1388 1386/245/1383
f 1388/247/1385 1393/253/1390 1392/251/1389
f 1389/252/1386 1394/257/1391 1393/253/1390
f 1390/248/1387 1395/254/1392 1394/257/1391
f 1397/256/1394 1396/255/1393 1391/250/1388
f 1393/253/1390 1398/258/1395 1397/256/1394
f 1394/257/1391 1399/263/1396 1398/258/1395
f 1395/254/1392 1400/259/1397 1399/263/1396
f 1402/261/1399 1401/260/1398 1396/255/1393
f 1398/258/1395 1403/267/1400 1402/261/1399
f 1399/263/1396 1404/262/1401 1403/267/1400
f 1400/259/1397 1405/264/1402 1404/262/1401
f 1407/270/1404 1406/265/1403 1401/260/1398
f 1403/267/1400 1408/266/1405 1407/270/1404
f 1404/262/1401 1409/268/1406 1408/266/1405
f 1405/264/1402 1410/269/1407 1409/268/1406
f 1412/275/1409 1411/271/1408 1406/265/1403
f 1408/266/1405 1413/272/1410 1412/275/1409
f 1409/268/1406 1414/273/1411 1413/272/1410
f 1410/269/1407 1415/274/1412 1414/273/1411
f 1417/278/1414 1416/182/1413 1411/271/1408
f 1413/272/1410 1418/220/1415 1417/278/1414
f 1414/273/1411 1419/276/1416 1418/220/1415
f 1415/274/1412 1420/222/1417 1419/276/1416
f 1422/277/1419 1421/283/1418 1416/182/1413
f 1418/220/1415 1423/279/1420 1422/277/1419
f 1419/276/1416 1424/280/1421 1423/279/1420
f 1420/222/1417 1425/281/1422 1424/280/1421
f 1427/282/1424 1426/288/1423 1421/283/1418
f 1423/279/1420 1428/284/1425 1427/282/1424
f 1424/280/1421 1429/285/1426 1428/284/1425
f 1425/281/1422 1430/286/1427 1429/285/1426
f 1432/287/1429 1431/293/1428 1426/288/1423
f 1428/284/1425 1433/289/1430 1432/287/1429
f 1429/285/1426 1434/290/1431 1433/289/1430
f 1430/286/1427 1435/291/1432 1434/290/1431
f 1437/292/1434 1436/38/1433 1431/293/1428
f 1433/289/1430 1438/294/1435 1437/292/1434
f 1434/290/1431 1439/295/1436 1438/294/1435
f 1435/291/1432 1440/296/1437 1439/295/1436
f 1442/297/1439 1441/302/1438 1436/38/1433
f 1438/294/1435 1443/298/1440 1442/297/1439
f 1439/295/1436 1444/299/1441 1443/298/1440
f 1440/296/1437 1445/300/1442 1444/299/1441
f 1447/306/1444 1446/301/1443 1441/302/1438
f 1443/298/1440 1448/303/1445 1447/306/1444
f 1444/299/1441 1449/304/1446 1448/303/1445
f 1445/300/1442 1450/305/1447 1449/304/1446
f 1447/306/1444 1452/311/1449 1451/307/1448
f 1448/303/1445 1453/308/1450 1452/311/1449
f 1449/304/1446 1454/309/1451 1453/308/1450
f 1450/305/1447 1455/310/1452 1454/309/1451
f 1452/311/1449 1457/313/1454 1456/198/1453
f 1453/308/1450 1458/229/1455 1457/313/1454
f 1454/309/1451 1459/312/1456 1458/229/1455
f 1455/310/1452 1460/231/1457 1459/312/1456
f 1457/313/1454 1462/318/1459 1461/314/1458
f 1458/229/1455 1463/315/1460 1462/318/1459
f 1459/312/1456 1464/316/1461 1463/315/1460
f 1460/231/1457 1465/317/1462 1464/316/1461
f 1462/318/1459 1467/320/1464 1466/319/1463
f 1463/315/1460 1468/324/1465 1467/320/1464
f 1464/316/1461 1469/321/1466 1468/324/1465
f 1470/322/1467 1469/321/1466 1464/316/1461
f 1467/320/1464 1472/325/1469 1471/323/1468
f 1473/329/1470 1472/325/1469 1467/320/1464
f 1474/326/1471 1473/329/1470 1468/324/1465
f 1475/327/1472 1474/326/1471 1469/321/1466
f 1472/325/1469 1477/330/1474 1476/328/1473
f 1478/334/1475 1477/330/1474 1472/325/1469
f 1479/331/1476 1478/334/1475 1473/329/1470
f 1480/332/1477 1479/331/1476 1474/326/1471
f 1477/330/1474 1482/335/1479 1481/333/1478
f 1483/340/1480 1482/335/1479 1477/330/1474
f 1484/336/1481 1483/340/1480 1478/334/1475
f 1485/337/1482 1484/336/1481 1479/331/1476
f 1482/335/1479 1487/343/1484 1486/338/1483
f 1488/339/1485 1487/343/1484 1482/335/1479
f 1489/341/1486 1488/339/1485 1483/340/1480
f 1490/342/1487 1489/341/1486 1484/336/1481
f 1487/343/1484 1492/348/1489 1491/344/1488
f 1493/345/1490 1492/348/1489 1487/343/1484
f 1494/346/1491 1493/345/1490 1488/339/1485
f 1495/347/1492 1494/346/1491 1489/341/1486
f 1492/348/1489 1497/349/1494 1496/205/1493
f 1493/345/1490 1498/238/1495 1497/349/1494
f 1494/346/1491 1499/350/1496 1498/238/1495
f 1495/347/1492 1500/771/1497 1499/350/1496
f 1507/423/1504 1506/427/1503 1501/9/1498
f 1508/424/1505 1507/423/1504 1502/239/1499
f 1509/425/1506 1508/424/1505 1503/209/1500
f 1505/211/1502 1510/429/1507 1509/425/1506
f 1512/426/1509 1511/432/1508 1506/427/1503
f 1513/428/1510 1512/426/1509 1507/423/1504
f 1509/425/1506 1514/430/1511 1513/428/1510
f 1510/429/1507 1515/434/1512 1514/430/1511
f 1517/431/1514 1516/437/1513 1511/432/1508
f 1513/428/1510 1518/433/1515 1517/431/1514
f 1514/430/1511 1519/435/1516 1518/433/1515
f 1515/434/1512 1520/439/1517 1519/435/1516
f 1522/436/1519 1521/442/1518 1516/437/1513
f 1518/433/1515 1523/438/1520 1522/436/1519
f 1519/435/1516 1524/440/1521 1523/438/1520
f 1520/439/1517 1525/445/1522 1524/440/1521
f 1522/436/1519 1527/443/1524 1526/441/1523
f 1523/438/1520 1528/444/1525 1527/443/1524
f 1524/440/1521 1529/446/1526 1528/444/1525
f 1525/445/1522 1530/450/1527 1529/446/1526
f 1527/443/1524 1532/448/1529 1531/447/1528
f 1528/444/1525 1533/449/1530 1532/448/1529
f 1529/446/1526 1534/451/1531 1533/449/1530
f 1530/450/1527 1535/455/1532 1534/451/1531
f 1532/448/1529 1537/453/1534 1536/452/1533
f 1533/449/1530 1538/454/1535 1537/453/1534
f 1534/451/1531 1539/456/1536 1538/454/1535
f 1535/455/1532 1540/460/1537 1539/456/1536
f 1537/453/1534 1542/458/1539 1541/457/1538
f 1538/454/1535 1543/459/1540 1542/458/1539
f 1539/456/1536 1544/461/1541 1543/459/1540
f 1540/460/1537 1545/465/1542 1544/461/1541
f 1542/458/1539 1547/463/1544 1546/462/1543
f 1543/459/1540 1548/464/1545 1547/463/1544
f 1544/461/1541 1549/466/1546 1548/464/1545
f 1545/465/1542 1550/470/1547 1549/466/1546
f 1547/463/1544 1552/468/1549 1551/467/1548
f 1548/464/1545 1553/469/1550 1552/468/1549
f 1549/466/1546 1554/471/1551 1553/469/1550
f 1550/470/1547 1555/475/1552 1554/471/1551
f 1552/468/1549 1557/473/1554 1556/472/1553
f 1553/469/1550 1558/474/1555 1557/473/1554
f 1554/471/1551 1559/476/1556 1558/474/1555
f 1555/475/1552 1560/480/1557 1559/476/1556
f 1557/473/1554 1562/478/1559 1561/477/1558
f 1558/474/1555 1563/479/1560 1562/478/1559
f 1559/476/1556 1564/481/1561 1563/479/1560
f 1560/480/1557 1565/485/1562 1564/481/1561
f 1562/478/1559 1567/483/1564 1566/482/1563
f 1563/479/1560 1568/484/1565 1567/483/1564
f 1564/481/1561 1569/486/1566 1568/484/1565
f 1565/485/1562 1570/490/1567 1569/486/1566
f 1567/483/1564 1572/488/1569 1571/487/1568
f 1568/484/1565 1573/489/1570 1572/488/1569
f 1569/486/1566 1574/491/1571 1573/489/1570
f 1570/490/1567 1575/495/1572 1574/491/1571
f 1572/488/1569 1577/493/1574 1576/492/1573
f 1573/489/1570 1578/494/1575 1577/493/1574
f 1574/491/1571 1579/496/1576 1578/494/1575
f 1575/495/1572 1580/500/1577 1579/496/1576
f 1577/493/1574 1582/498/1579 1581/497/1578
f 1578/494/1575 1583/499/1580 1582/498/1579
f 1579/496/1576 1584/501/1581 1583/499/1580
f 1580/500/1577 1585/502/1582 1584/501/1581
f 1582/498/1579 1587/292/1584 1586/38/1583
f 1583/499/1580 1588/294/1585 1587/292/1584
f 1584/501/1581 1589/295/1586 1588/294/1585
f 1585/502/1582 1590/296/1587 1589/295/1586
f 1587/292/1584 1592/504/1589 1591/503/1588
f 1588/294/1585 1593/505/1590 1592/504/1589
f 1589/295/1586 1594/506/1591 1593/505/1590
f 1590/296/1587 1595/510/1592 1594/506/1591
f 1592/504/1589 1597/508/1594 1596/507/1593
f 1593/505/1590 1598/509/1595 1597/508/1594
f 1594/506/1591 1599/511/1596 1598/509/1595
f 1595/510/1592 1600/515/1597 1599/511/1596
f 1597/508/1594 1602/513/1599 1601/512/1598
f 1598/509/1595 1603/514/1600 1602/513/1599
f 1599/511/1596 1604/516/1601 1603/514/1600
f 1600/515/1597 1605/520/1602 1604/516/1601
f 1602/513/1599 1607/518/1604 1606/517/1603
f 1603/514/1600 1608/519/1605 1607/518/1604
f 1604/516/1601 1609/521/1606 1608/519/1605
f 1605/520/1602 1610/525/1607 1609/521/1606
f 1607/518/1604 1612/523/1609 1611/522/1608
f 1608/519/1605 1613/524/1610 1612/523/1609
f 1609/521/1606 1614/526/1611 1613/524/1610
f 1610/525/1607 1615/531/1612 1614/526/1611
f 1612/523/1609 1617/528/1614 1616/527/1613
f 1613/524/1610 1618/529/1615 1617/528/1614
f 1614/526/1611 1619/534/1616 1618/529/1615
f 1620/530/1617 1619/534/1616 1614/526/1611
f 1617/528/1614 1622/533/1619 1621/532/1618
f 1618/529/1615 1623/535/1620 1622/533/1619
f 1619/534/1616 1624/540/1621 1623/535/1620
f 1625/536/1622 1624/540/1621 1619/534/1616
f 1622/533/1619 1627/542/1624 1626/537/1623
f 1628/538/1625 1627/542/1624 1622/533/1619
f 1629/539/1626 1628/538/1625 1623/535/1620
f 1630/541/1627 1629/539/1626 1624/540/1621
f 1627/542/1624 1632/547/1629 1631/543/1628
f 1633/544/1630 1632/547/1629 1627/542/1624
f 1634/545/1631 1633/544/1630 1628/538/1625
f 1635/546/1632 1634/545/1631 1629/539/1626
f 1632/547/1629 1637/552/1634 1636/548/1633
f 1638/549/1635 1637/552/1634 1632/547/1629
f 1639/550/1636 1638/549/1635 1633/544/1630
f 1640/551/1637 1639/550/1636 1634/545/1631
f 1637/552/1634 1642/557/1639 1641/553/1638
f 1643/554/1640 1642/557/1639 1637/552/1634
f 1644/555/1641 1643/554/1640 1638/549/1635
f 1645/556/1642 1644/555/1641 1639/550/1636
f 1642/557/1639 1647/562/1644 1646/558/1643
f 1648/559/1645 1647/562/1644 1642/557/1639
f 1649/560/1646 1648/559/1645 1643/554/1640
f 1650/561/1647 1649/560/1646 1644/555/1641
f 1647/562/1644 1652/567/1649 1651/563/1648
f 1653/564/1650 1652/567/1649 1647/562/1644
f 1654/565/1651 1653/564/1650 1648/559/1645
f 1655/566/1652 1654/565/1651 1649/560/1646
f 1652/567/1649 1657/569/1654 1656/568/1653
f 1653/564/1650 1658/573/1655 1657/569/1654
f 1659/570/1656 1658/573/1655 1653/564/1650
f 1660/571/1657 1659/570/1656 1654/565/1651
f 1657/569/1654 1662/574/1659 1661/572/1658
f 1658/573/1655 1663/575/1660 1662/574/1659
f 1659/570/1656 1664/579/1661 1663/575/1660
f 1665/576/1662 1664/579/1661 1659/570/1656
f 1662/574/1659 1667/578/1664 1666/577/1663
f 1663/575/1660 1668/580/1665 1667/578/1664
f 1664/579/1661 1669/582/1666 1668/580/1665
f 1670/581/1667 1669/582/1666 1664/579/1661
f 1667/578/1664 1672/349/1669 1671/205/1668
f 1668/580/1665 1673/238/1670 1672/349/1669
f 1669/582/1666 1674/350/1671 1673/238/1670
f 1670/581/1667 1675/771/1672 1674/350/1671
f 1682/583/1679 1681/587/1678 1676/9/1673
f 1678/209/1675 1683/584/1680 1682/583/1679
f 1679/242/1676 1684/585/1681 1683/584/1680
f 1680/211/1677 1685/589/1682 1684/585/1681
f 1687/586/1684 1686/592/1683 1681/587/1678
f 1683/584/1680 1688/588/1685 1687/586/1684
f 1684/585/1681 1689/590/1686 1688/588/1685
f 1685/589/1682 1690/594/1687 1689/590/1686
f 1692/591/1689 1691/597/1688 1686/592/1683
f 1688/588/1685 1693/593/1690 1692/591/1689
f 1689/590/1686 1694/595/1691 1693/593/1690
f 1690/594/1687 1695/599/1692 1694/595/1691
f 1697/596/1694 1696/602/1693 1691/597/1688
f 1693/593/1690 1698/598/1695 1697/596/1694
f 1694/595/1691 1699/600/1696 1698/598/1695
f 1695/599/1692 1700/605/1697 1699/600/1696
f 1702/601/1699 1701/607/1698 1696/602/1693
f 1703/603/1700 1702/601/1699 1697/596/1694
f 1704/604/1701 1703/603/1700 1698/598/1695
f 1700/605/1697 1705/611/1702 1704/604/1701
f 1707/606/1704 1706/613/1703 1701/607/1698
f 1708/608/1705 1707/606/1704 1702/601/1699
f 1709/609/1706 1708/608/1705 1703/603/1700
f 1710/610/1707 1709/609/1706 1704/604/1701
f 1712/612/1709 1711/618/1708 1706/613/1703
f 1713/614/1710 1712/612/1709 1707/606/1704
f 1714/615/1711 1713/614/1710 1708/608/1705
f 1715/616/1712 1714/615/1711 1709/609/1706
f 1717/617/1714 1716/623/1713 1711/618/1708
f 1718/619/1715 1717/617/1714 1712/612/1709
f 1719/620/1716 1718/619/1715 1713/614/1710
f 1720/621/1717 1719/620/1716 1714/615/1711
f 1722/622/1719 1721/628/1718 1716/623/1713
f 1723/624/1720 1722/622/1719 1717/617/1714
f 1724/625/1721 1723/624/1720 1718/619/1715
f 1725/626/1722 1724/625/1721 1719/620/1716
f 1727/627/1724 1726/633/1723 1721/628/1718
f 1728/629/1725 1727/627/1724 1722/622/1719
f 1729/630/1726 1728/629/1725 1723/624/1720
f 1730/631/1727 1729/630/1726 1724/625/1721
f 1732/632/1729 1731/638/1728 1726/633/1723
f 1733/634/1730 1732/632/1729 1727/627/1724
f 1734/635/1731 1733/634/1730 1728/629/1725
f 1735/636/1732 1734/635/1731 1729/630/1726
f 1737/637/1734 1736/643/1733 1731/638/1728
f 1738/639/1735 1737/637/1734 1732/632/1729
f 1739/640/1736 1738/639/1735 1733/634/1730
f 1740/641/1737 1739/640/1736 1734/635/1731
f 1742/642/1739 1741/648/1738 1736/643/1733
f 1743/644/1740 1742/642/1739 1737/637/1734
f 1744/645/1741 1743/644/1740 1738/639/1735
f 1745/646/1742 1744/645/1741 1739/640/1736
f 1747/647/1744 1746/653/1743 1741/648/1738
f 1748/649/1745 1747/647/1744 1742/642/1739
f 1749/650/1746 1748/649/1745 1743/644/1740
f 1750/651/1747 1749/650/1746 1744/645/1741
f 1752/652/1749 1751/658/1748 1746/653/1743
f 1753/654/1750 1752/652/1749 1747/647/1744
f 1754/655/1751 1753/654/1750 1748/649/1745
f 1755/656/1752 1754/655/1751 1749/650/1746
f 1757/657/1754 1756/663/1753 1751/658/1748
f 1758/659/1755 1757/657/1754 1752/652/1749
f 1759/660/1756 1758/659/1755 1753/654/1750
f 1760/661/1757 1759/660/1756 1754/655/1751
f 1762/662/1759 1761/668/1758 1756/663/1753
f 1763/664/1760 1762/662/1759 1757/657/1754
f 1764/665/1761 1763/664/1760 1758/659/1755
f 1765/666/1762 1764/665/1761 1759/660/1756
f 1767/667/1764 1766/673/1763 1761/668/1758
f 1768/669/1765 1767/667/1764 1762/662/1759
f 1769/670/1766 1768/669/1765 1763/664/1760
f 1770/671/1767 1769/670/1766 1764/665/1761
f 1772/672/1769 1771/678/1768 1766/673/1763
f 1773/674/1770 1772/672/1769 1767/667/1764
f 1774/675/1771 1773/674/1770 1768/669/1765
f 1775/676/1772 1774/675/1771 1769/670/1766
f 1777/677/1774 1776/683/1773 1771/678/1768
f 1778/679/1775 1777/677/1774 1772/672/1769
f 1779/680/1776 1778/679/1775 1773/674/1770
f 1780/681/1777 1779/680/1776 1774/675/1771
f 1782/682/1779 1781/688/1778 1776/683/1773
f 1783/684/1780 1782/682/1779 1777/677/1774
f 1784/685/1781 1783/684/1780 1778/679/1775
f 1785/686/1782 1784/685/1781 1779/680/1776
f 1782/682/1779 1787/692/1784 1786/687/1783
f 1788/689/1785 1787/692/1784 1782/682/1779
f 1789/690/1786 1788/689/1785 1783/684/1780
f 1790/691/1787 1789/690/1786 1784/685/1781
f 1787/692/1784 1792/697/1789 1791/693/1788
f 1793/694/1790 1792/697/1789 1787/692/1784
f 1794/695/1791 1793/694/1790 1788/689/1785
f 1795/696/1792 1794/695/1791 1789/690/1786
f 1792/697/1789 1797/699/1794 1796/698/1793
f 1793/694/1790 1798/700/1795 1797/699/1794
f 1794/695/1791 1799/704/1796 1798/700/1795
f 1800/701/1797 1799/704/1796 1794/695/1791
f 1797/699/1794 1802/703/1799 1801/702/1798
f 1798/700/1795 1803/705/1800 1802/703/1799
f 1799/704/1796 1804/709/1801 1803/705/1800
f 1805/706/1802 1804/709/1801 1799/704/1796
f 1802/703/1799 1807/708/1804 1806/707/1803
f 1803/705/1800 1808/710/1805 1807/708/1804
f 1804/709/1801 1809/714/1806 1808/710/1805
f 1810/711/1807 1809/714/1806 1804/709/1801
f 1807/708/1804 1812/713/1809 1811/712/1808
f 1808/710/1805 1813/715/1810 1812/713/1809
f 1809/714/1806 1814/719/1811 1813/715/1810
f 1815/716/1812 1814/719/1811 1809/714/1806
f 1812/713/1809 1817/718/1814 1816/717/1813
f 1813/715/1810 1818/720/1815 1817/718/1814
f 1814/719/1811 1819/722/1816 1818/720/1815
f 1820/721/1817 1819/722/1816 1814/719/1811
f 1817/718/1814 1822/349/1819 1821/205/1818
f 1818/720/1815 1823/238/1820 1822/349/1819
f 1819/722/1816 1824/350/1821 1823/238/1820
f 1820/721/1817 1825/771/1822 1824/350/1821
f 1832/583/1829 1831/587/1828 1826/9/1823
f 1828/209/1825 1833/584/1830 1832/583/1829
f 1829/242/1826 1834/585/1831 1833/584/1830
f 1830/211/1827 1835/589/1832 1834/585/1831
f 1837/586/1834 1836/592/1833 1831/587/1828
f 1833/584/1830 1838/588/1835 1837/586/1834
f 1834/585/1831 1839/590/1836 1838/588/1835
f 1835/589/1832 1840/594/1837 1839/590/1836
f 1842/591/1839 1841/597/1838 1836/592/1833
f 1843/593/1840 1842/591/1839 1837/586/1834
f 1844/595/1841 1843/593/1840 1838/588/1835
f 1840/594/1837 1845/599/1842 1844/595/1841
f 1847/596/1844 1846/602/1843 1841/597/1838
f 1848/598/1845 1847/596/1844 1842/591/1839
f 1849/600/1846 1848/598/1845 1843/593/1840
f 1845/599/1842 1850/605/1847 1849/600/1846
f 1852/601/1849 1851/607/1848 1846/602/1843
f 1853/603/1850 1852/601/1849 1847/596/1844
f 1854/604/1851 1853/603/1850 1848/598/1845
f 1855/611/1852 1854/604/1851 1849/600/1846
f 1852/601/1849 1857/606/1854 1856/613/1853
f 1853/603/1850 1858/608/1855 1857/606/1854
f 1854/604/1851 1859/609/1856 1858/608/1855
f 1860/610/1857 1859/609/1856 1854/604/1851
f 1857/606/1854 1862/612/1859 1861/618/1858
f 1858/608/1855 1863/614/1860 1862/612/1859
f 1859/609/1856 1864/615/1861 1863/614/1860
f 1860/610/1857 1865/616/1862 1864/615/1861
f 1862/612/1859 1867/617/1864 1866/623/1863
f 1863/614/1860 1868/619/1865 1867/617/1864
f 1864/615/1861 1869/620/1866 1868/619/1865
f 1865/616/1862 1870/621/1867 1869/620/1866
f 1867/617/1864 1872/622/1869 1871/628/1868
f 1868/619/1865 1873/624/1870 1872/622/1869
f 1869/620/1866 1874/625/1871 1873/624/1870
f 1870/621/1867 1875/626/1872 1874/625/1871
f 1872/622/1869 1877/627/1874 1876/633/1873
f 1873/624/1870 1878/629/1875 1877/627/1874
f 1874/625/1871 1879/630/1876 1878/629/1875
f 1875/626/1872 1880/631/1877 1879/630/1876
f 1877/627/1874 1882/632/1879 1881/638/1878
f 1878/629/1875 1883/634/1880 1882/632/1879
f 1879/630/1876 1884/635/1881 1883/634/1880
f 1880/631/1877 1885/636/1882 1884/635/1881
f 1882/632/1879 1887/637/1884 1886/643/1883
f 1883/634/1880 1888/639/1885 1887/637/1884
f 1884/635/1881 1889/640/1886 1888/639/1885
f 1885/636/1882 1890/641/1887 1889/640/1886
f 1887/637/1884 1892/642/1889 1891/648/1888
f 1888/639/1885 1893/644/1890 1892/642/1889
f 1889/640/1886 1894/645/1891 1893/644/1890
f 1895/646/1892 1894/645/1891 1889/640/1886
f 1892/642/1889 1897/647/1894 1896/653/1893
f 1898/649/1895 1897/647/1894 1892/642/1889
f 1899/650/1896 1898/649/1895 1893/644/1890
f 1900/651/1897 1899/650/1896 1894/645/1891
f 1897/647/1894 1902/652/1899 1901/658/1898
f 1903/654/1900 1902/652/1899 1897/647/1894
f 1904/655/1901 1903/654/1900 1898/649/1895
f 1905/656/1902 1904/655/1901 1899/650/1896
f 1907/657/1904 1906/663/1903 1901/658/1898
f 1908/659/1905 1907/657/1904 1902/652/1899
f 1909/660/1906 1908/659/1905 1903/654/1900
f 1910/661/1907 1909/660/1906 1904/655/1901
f 1912/662/1909 1911/668/1908 1906/663/1903
f 1913/664/1910 1912/662/1909 1907/657/1904
f 1914/665/1911 1913/664/1910 1908/659/1905
f 1915/666/1912 1914/665/1911 1909/660/1906
f 1917/667/1914 1916/673/1913 1911/668/1908
f 1918/669/1915 1917/667/1914 1912/662/1909
f 1919/670/1916 1918/669/1915 1913/664/1910
f 1920/671/1917 1919/670/1916 1914/665/1911
f 1917/667/1914 1922/672/1919 1921/678/1918
f 1923/674/1920 1922/672/1919 1917/667/1914
f 1924/675/1921 1923/674/1920 1918/669/1915
f 1925/676/1922 1924/675/1921 1919/670/1916
f 1922/672/1919 1927/677/1924 1926/683/1923
f 1928/679/1925 1927/677/1924 1922/672/1919
f 1929/680/1926 1928/679/1925 1923/674/1920
f 1930/681/1927 1929/680/1926 1924/675/1921
f 1927/677/1924 1932/682/1929 1931/688/1928
f 1933/684/1930 1932/682/1929 1927/677/1924
f 1934/685/1931 1933/684/1930 1928/679/1925
f 1935/686/1932 1934/685/1931 1929/680/1926
f 1932/682/1929 1937/692/1934 1936/687/1933
f 1938/689/1935 1937/692/1934 1932/682/1929
f 1939/690/1936 1938/689/1935 1933/684/1930
f 1940/691/1937 1939/690/1936 1934/685/1931
f 1937/692/1934 1942/697/1939 1941/693/1938
f 1938/689/1935 1943/694/1940 1942/697/1939
f 1944/695/1941 1943/694/1940 1938/689/1935
f 1945/696/1942 1944/695/1941 1939/690/1936
f 1942/697/1939 1947/699/1944 1946/698/1943
f 1943/694/1940 1948/700/1945 1947/699/1944
f 1944/695/1941 1949/704/1946 1948/700/1945
f 1950/701/1947 1949/704/1946 1944/695/1941
f 1947/699/1944 1952/703/1949 1951/702/1948
f 1948/700/1945 1953/705/1950 1952/703/1949
f 1949/704/1946 1954/709/1951 1953/705/1950
f 1955/706/1952 1954/709/1951 1949/704/1946
f 1952/703/1949 1957/708/1954 1956/707/1953
f 1953/705/1950 1958/710/1955 1957/708/1954
f 1954/709/1951 1959/714/1956 1958/710/1955
f 1960/711/1957 1959/714/1956 1954/709/1951
f 1957/708/1954 1962/713/1959 1961/712/1958
f 1958/710/1955 1963/715/1960 1962/713/1959
f 1964/719/1961 1963/715/1960 1958/710/1955
f 1965/716/1962 1964/719/1961 1959/714/1956
f 1962/713/1959 1967/718/1964 1966/717/1963
f 1968/720/1965 1967/718/1964 1962/713/1959
f 1969/722/1966 1968/720/1965 1963/715/1960
f 1970/721/1967 1969/722/1966 1964/719/1961
f 1967/718/1964 1972/349/1969 1971/205/1968
f 1968/720/1965 1973/238/1970 1972/349/1969
f 1969/722/1966 1974/350/1971 1973/238/1970
f 1970/721/1967 1975/771/1972 1974/350/1971
f 1977/239/1974 1982/583/1979 1981/587/1978
f 1978/209/1975 1983/584/1980 1982/583/1979
f 1979/242/1976 1984/585/1981 1983/584/1980
f 1985/589/1982 1984/585/1981 1979/242/1976
f 1982/583/1979 1987/586/1984 1986/592/1983
f 1983/584/1980 1988/588/1985 1987/586/1984
f 1984/585/1981 1989/590/1986 1988/588/1985
f 1990/594/1987 1989/590/1986 1984/585/1981
f 1987/586/1984 1992/591/1989 1991/597/1988
f 1993/593/1990 1992/591/1989 1987/586/1984
f 1994/595/1991 1993/593/1990 1988/588/1985
f 1995/599/1992 1994/595/1991 1989/590/1986
f 1997/596/1994 1996/602/1993 1991/597/1988
f 1998/598/1995 1997/596/1994 1992/591/1989
f 1999/600/1996 1998/598/1995 1993/593/1990
f 2000/605/1997 1999/600/1996 1994/595/1991
f 2002/601/1999 2001/607/1998 1996/602/1993
f 2003/603/2000 2002/601/1999 1997/596/1994
f 2004/604/2001 2003/603/2000 1998/598/1995
f 2005/611/2002 2004/604/2001 1999/600/1996
f 2007/606/2004 2006/613/2003 2001/607/1998
f 2008/608/2005 2007/606/2004 2002/601/1999
f 2009/609/2006 2008/608/2005 2003/603/2000
f 2010/610/2007 2009/609/2006 2004/604/2001
f 2012/612/2009 2011/618/2008 2006/613/2003
f 2013/614/2010 2012/612/2009 2007/606/2004
f 2014/615/2011 2013/614/2010 2008/608/2005
f 2015/616/2012 2014/615/2011 2009/609/2006
f 2017/617/2014 2016/623/2013 2011/618/2008
f 2013/614/2010 2018/619/2015 2017/617/2014
f 2014/615/2011 2019/620/2016 2018/619/2015
f 2015/616/2012 2020/621/2017 2019/620/2016
f 2017/617/2014 2022/622/2019 2021/628/2018
f 2018/619/2015 2023/624/2020 2022/622/2019
f 2019/620/2016 2024/625/2021 2023/624/2020
f 2020/621/2017 2025/626/2022 2024/625/2021
f 2022/622/2019 2027/627/2024 2026/633/2023
f 2023/624/2020 2028/629/2025 2027/627/2024
f 2024/625/2021 2029/630/2026 2028/629/2025
f 2025/626/2022 2030/631/2027 2029/630/2026
f 2027/627/2024 2032/632/2029 2031/638/2028
f 2028/629/2025 2033/634/2030 2032/632/2029
f 2029/630/2026 2034/635/2031 2033/634/2030
f 2030/631/2027 2035/636/2032 2034/635/2031
f 2032/632/2029 2037/637/2034 2036/643/2033
f 2033/634/2030 2038/639/2035 2037/637/2034
f 2034/635/2031 2039/640/2036 2038/639/2035
f 2035/636/2032 2040/641/2037 2039/640/2036
f 2037/637/2034 2042/642/2039 2041/648/2038
f 2038/639/2035 2043/644/2040 2042/642/2039
f 2039/640/2036 2044/645/2041 2043/644/2040
f 2040/641/2037 2045/646/2042 2044/645/2041
f 2042/642/2039 2047/647/2044 2046/653/2043
f 2043/644/2040 2048/649/2045 2047/647/2044
f 2044/645/2041 2049/650/2046 2048/649/2045
f 2045/646/2042 2050/651/2047 2049/650/2046
f 2047/647/2044 2052/652/2049 2051/658/2048
f 2048/649/2045 2053/654/2050 2052/652/2049
f 2049/650/2046 2054/655/2051 2053/654/2050
f 2050/651/2047 2055/656/2052 2054/655/2051
f 2052/652/2049 2057/657/2054 2056/663/2053
f 2053/654/2050 2058/659/2055 2057/657/2054
f 2054/655/2051 2059/660/2056 2058/659/2055
f 2055/656/2052 2060/661/2057 2059/660/2056
f 2057/657/2054 2062/662/2059 2061/668/2058
f 2058/659/2055 2063/664/2060 2062/662/2059
f 2059/660/2056 2064/665/2061 2063/664/2060
f 2060/661/2057 2065/666/2062 2064/665/2061
f 2062/662/2059 2067/667/2064 2066/673/2063
f 2063/664/2060 2068/669/2065 2067/667/2064
f 2064/665/2061 2069/670/2066 2068/669/2065
f 2065/666/2062 2070/671/2067 2069/670/2066
f 2067/667/2064 2072/672/2069 2071/678/2068
f 2068/669/2065 2073/674/2070 2072/672/2069
f 2069/670/2066 2074/675/2071 2073/674/2070
f 2070/671/2067 2075/676/2072 2074/675/2071
f 2072/672/2069 2077/677/2074 2076/683/2073
f 2073/674/2070 2078/679/2075 2077/677/2074
f 2074/675/2071 2079/680/2076 2078/679/2075
f 2075/676/2072 2080/681/2077 2079/680/2076
f 2077/677/2074 2082/682/2079 2081/688/2078
f 2078/679/2075 2083/684/2080 2082/682/2079
f 2079/680/2076 2084/685/2081 2083/684/2080
f 2080/681/2077 2085/686/2082 2084/685/2081
f 2082/682/2079 2087/692/2084 2086/687/2083
f 2083/684/2080 2088/689/2085 2087/692/2084
f 2084/685/2081 2089/690/2086 2088/689/2085
f 2090/691/2087 2089/690/2086 2084/685/2081
f 2087/692/2084 2092/697/2089 2091/693/2088
f 2088/689/2085 2093/694/2090 2092/697/2089
f 2089/690/2086 2094/695/2091 2093/694/2090
f 2095/696/2092 2094/695/2091 2089/690/2086
f 2092/697/2089 2097/699/2094 2096/698/2093
f 2093/694/2090 2098/700/2095 2097/699/2094
f 2094/695/2091 2099/704/2096 2098/700/2095
f 2100/701/2097 2099/704/2096 2094/695/2091
f 2097/699/2094 2102/703/2099 2101/702/2098
f 2098/700/2095 2103/705/2100 2102/703/2099
f 2099/704/2096 2104/709/2101 2103/705/2100
f 2105/706/2102 2104/709/2101 2099/704/2096
f 2102/703/2099 2107/708/2104 2106/707/2103
f 2103/705/2100 2108/710/2105 2107/708/2104
f 2104/709/2101 2109/714/2106 2108/710/2105
f 2110/711/2107 2109/714/2106 2104/709/2101
f 2107/708/2104 2112/713/2109 2111/712/2108
f 2108/710/2105 2113/715/2110 2112/713/2109
f 2109/714/2106 2114/719/2111 2113/715/2110
f 2115/716/2112 2114/719/2111 2109/714/2106
f 2112/713/2109 2117/718/2114 2116/717/2113
f 2113/715/2110 2118/720/2115 2117/718/2114
f 2119/722/2116 2118/720/2115 2113/715/2110
f 2120/721/2117 2119/722/2116 2114/719/2111
f 2122/349/2119 2121/205/2118 2116/717/2113
f 2118/720/2115 2123/238/2120 2122/349/2119
f 2119/722/2116 2124/350/2121 2123/238/2120
f 2120/721/2117 2125/771/2122 2124/350/2121
f 2132/241/2129 2131/240/2128 2126/9/2123
f 2128/209/2125 2133/243/2130 2132/241/2129
f 2129/242/2126 2134/244/2131 2133/243/2130
f 2130/211/2127 2135/249/2132 2134/244/2131
f 2137/246/2134 2136/245/2133 2131/240/2128
f 2133/243/2130 2138/247/2135 2137/246/2134
f 2134/244/2131 2139/252/2136 2138/247/2135
f 2135/249/2132 2140/248/2137 2139/252/2136
f 2142/251/2139 2141/250/2138 2136/245/2133
f 2138/247/2135 2143/253/2140 2142/251/2139
f 2139/252/2136 2144/257/2141 2143/253/2140
f 2140/248/2137 2145/254/2142 2144/257/2141
f 2147/256/2144 2146/255/2143 2141/250/2138
f 2143/253/2140 2148/258/2145 2147/256/2144
f 2144/257/2141 2149/263/2146 2148/258/2145
f 2145/254/2142 2150/259/2147 2149/263/2146
f 2152/261/2149 2151/260/2148 2146/255/2143
f 2148/258/2145 2153/267/2150 2152/261/2149
f 2149/263/2146 2154/262/2151 2153/267/2150
f 2150/259/2147 2155/264/2152 2154/262/2151
f 2157/270/2154 2156/265/2153 2151/260/2148
f 2158/266/2155 2157/270/2154 2152/261/2149
f 2154/262/2151 2159/268/2156 2158/266/2155
f 2155/264/2152 2160/269/2157 2159/268/2156
f 2162/275/2159 2161/271/2158 2156/265/2153
f 2163/272/2160 2162/275/2159 2157/270/2154
f 2164/273/2161 2163/272/2160 2158/266/2155
f 2160/269/2157 2165/274/2162 2164/273/2161
f 2167/278/2164 2166/182/2163 2161/271/2158
f 2168/220/2165 2167/278/2164 2162/275/2159
f 2169/276/2166 2168/220/2165 2163/272/2160
f 2165/274/2162 2170/222/2167 2169/276/2166
f 2172/277/2169 2171/283/2168 2166/182/2163
f 2173/279/2170 2172/277/2169 2167/278/2164
f 2174/280/2171 2173/279/2170 2168/220/2165
f 2170/222/2167 2175/281/2172 2174/280/2171
f 2177/282/2174 2176/288/2173 2171/283/2168
f 2178/284/2175 2177/282/2174 2172/277/2169
f 2179/285/2176 2178/284/2175 2173/279/2170
f 2180/286/2177 2179/285/2176 2174/280/2171
f 2182/287/2179 2181/293/2178 2176/288/2173
f 2183/289/2180 2182/287/2179 2177/282/2174
f 2184/290/2181 2183/289/2180 2178/284/2175
f 2185/291/2182 2184/290/2181 2179/285/2176
f 2187/292/2184 2186/38/2183 2181/293/2178
f 2188/294/2185 2187/292/2184 2182/287/2179
f 2189/295/2186 2188/294/2185 2183/289/2180
f 2190/296/2187 2189/295/2186 2184/290/2181
f 2192/297/2189 2191/302/2188 2186/38/2183
f 2193/298/2190 2192/297/2189 2187/292/2184
f 2194/299/2191 2193/298/2190 2188/294/2185
f 2195/300/2192 2194/299/2191 2189/295/2186
f 2197/306/2194 2196/301/2193 2191/302/2188
f 2198/303/2195 2197/306/2194 2192/297/2189
f 2199/304/2196 2198/303/2195 2193/298/2190
f 2200/305/2197 2199/304/2196 2194/299/2191
f 2202/311/2199 2201/307/2198 2196/301/2193
f 2203/308/2200 2202/311/2199 2197/306/2194
f 2204/309/2201 2203/308/2200 2198/303/2195
f 2205/310/2202 2204/309/2201 2199/304/2196
f 2207/313/2204 2206/198/2203 2201/307/2198
f 2208/229/2205 2207/313/2204 2202/311/2199
f 2209/312/2206 2208/229/2205 2203/308/2200
f 2210/231/2207 2209/312/2206 2204/309/2201
f 2207/313/2204 2212/318/2209 2211/314/2208
f 2213/315/2210 2212/318/2209 2207/313/2204
f 2214/316/2211 2213/315/2210 2208/229/2205
f 2215/317/2212 2214/316/2211 2209/312/2206
f 2212/318/2209 2217/320/2214 2216/319/2213
f 2218/324/2215 2217/320/2214 2212/318/2209
f 2219/321/2216 2218/324/2215 2213/315/2210
f 2220/322/2217 2219/321/2216 2214/316/2211
f 2217/320/2214 2222/325/2219 2221/323/2218
f 2223/329/2220 2222/325/2219 2217/320/2214
f 2224/326/2221 2223/329/2220 2218/324/2215
f 2225/327/2222 2224/326/2221 2219/321/2216
f 2222/325/2219 2227/330/2224 2226/328/2223
f 2223/329/2220 2228/334/2225 2227/330/2224
f 2224/326/2221 2229/331/2226 2228/334/2225
f 2230/332/2227 2229/331/2226 2224/326/2221
f 2227/330/2224 2232/335/2229 2231/333/2228
f 2228/334/2225 2233/340/2230 2232/335/2229
f 2229/331/2226 2234/336/2231 2233/340/2230
f 2235/337/2232 2234/336/2231 2229/331/2226
f 2232/335/2229 2237/343/2234 2236/338/2233
f 2233/340/2230 2238/339/2235 2237/343/2234
f 2234/336/2231 2239/341/2236 2238/339/2235
f 2240/342/2237 2239/341/2236 2234/336/2231
f 2237/343/2234 2242/348/2239 2241/344/2238
f 2238/339/2235 2243/345/2240 2242/348/2239
f 2239/341/2236 2244/346/2241 2243/345/2240
f 2245/347/2242 2244/346/2241 2239/341/2236
f 2242/348/2239 2247/349/2244 2246/205/2243
f 2243/345/2240 2248/238/2245 2247/349/2244
f 2244/346/2241 2249/350/2246 2248/238/2245
f 2245/347/2242 2250/771/2247 2249/350/2246
f 2257/241/2254 2256/240/2253 2251/9/2248
f 2258/243/2255 2257/241/2254 2252/239/2249
f 2259/244/2256 2258/243/2255 2253/209/2250
f 2260/249/2257 2259/244/2256 2254/242/2251
f 2262/246/2259 2261/245/2258 2256/240/2253
f 2263/247/2260 2262/246/2259 2257/241/2254
f 2264/252/2261 2263/247/2260 2258/243/2255
f 2265/248/2262 2264/252/2261 2259/244/2256
f 2267/251/2264 2266/250/2263 2261/245/2258
f 2268/253/2265 2267/251/2264 2262/246/2259
f 2269/257/2266 2268/253/2265 2263/247/2260
f 2270/254/2267 2269/257/2266 2264/252/2261
f 2272/256/2269 2271/255/2268 2266/250/2263
f 2273/258/2270 2272/256/2269 2267/251/2264
f 2274/263/2271 2273/258/2270 2268/253/2265
f 2270/254/2267 2275/259/2272 2274/263/2271
f 2277/261/2274 2276/260/2273 2271/255/2268
f 2278/267/2275 2277/261/2274 2272/256/2269
f 2279/262/2276 2278/267/2275 2273/258/2270
f 2275/259/2272 2280/264/2277 2279/262/2276
f 2282/270/2279 2281/265/2278 2276/260/2273
f 2283/266/2280 2282/270/2279 2277/261/2274
f 2284/268/2281 2283/266/2280 2278/267/2275
f 2280/264/2277 2285/269/2282 2284/268/2281
f 2287/275/2284 2286/271/2283 2281/265/2278
f 2288/272/2285 2287/275/2284 2282/270/2279
f 2289/273/2286 2288/272/2285 2283/266/2280
f 2285/269/2282 2290/274/2287 2289/273/2286
f 2292/278/2289 2291/182/2288 2286/271/2283
f 2293/220/2290 2292/278/2289 2287/275/2284
f 2294/276/2291 2293/220/2290 2288/272/2285
f 2290/274/2287 2295/222/2292 2294/276/2291
f 2297/277/2294 2296/283/2293 2291/182/2288
f 2298/279/2295 2297/277/2294 2292/278/2289
f 2299/280/2296 2298/279/2295 2293/220/2290
f 2295/222/2292 2300/281/2297 2299/280/2296
f 2302/282/2299 2301/288/2298 2296/283/2293
f 2303/284/2300 2302/282/2299 2297/277/2294
f 2304/285/2301 2303/284/2300 2298/279/2295
f 2300/281/2297 2305/286/2302 2304/285/2301
f 2307/287/2304 2306/293/2303 2301/288/2298
f 2308/289/2305 2307/287/2304 2302/282/2299
f 2309/290/2306 2308/289/2305 2303/284/2300
f 2310/291/2307 2309/290/2306 2304/285/2301
f 2312/292/2309 2311/38/2308 2306/293/2303
f 2313/294/2310 2312/292/2309 2307/287/2304
f 2314/295/2311 2313/294/2310 2308/289/2305
f 2315/296/2312 2314/295/2311 2309/290/2306
f 2317/297/2314 2316/302/2313 2311/38/2308
f 2318/298/2315 2317/297/2314 2312/292/2309
f 2319/299/2316 2318/298/2315 2313/294/2310
f 2320/300/2317 2319/299/2316 2314/295/2311
f 2317/297/2314 2322/306/2319 2321/301/2318
f 2323/303/2320 2322/306/2319 2317/297/2314
f 2324/304/2321 2323/303/2320 2318/298/2315
f 2325/305/2322 2324/304/2321 2319/299/2316
f 2322/306/2319 2327/311/2324 2326/307/2323
f 2328/308/2325 2327/311/2324 2322/306/2319
f 2329/309/2326 2328/308/2325 2323/303/2320
f 2330/310/2327 2329/309/2326 2324/304/2321
f 2327/311/2324 2332/313/2329 2331/198/2328
f 2328/308/2325 2333/229/2330 2332/313/2329
f 2334/312/2331 2333/229/2330 2328/308/2325
f 2335/231/2332 2334/312/2331 2329/309/2326
f 2332/313/2329 2337/318/2334 2336/314/2333
f 2333/229/2330 2338/315/2335 2337/318/2334
f 2339/316/2336 2338/315/2335 2333/229/2330
f 2340/317/2337 2339/316/2336 2334/312/2331
f 2337/318/2334 2342/320/2339 2341/319/2338
f 2338/315/2335 2343/324/2340 2342/320/2339
f 2339/316/2336 2344/321/2341 2343/324/2340
f 2345/322/2342 2344/321/2341 2339/316/2336
f 2342/320/2339 2347/325/2344 2346/323/2343
f 2343/324/2340 2348/329/2345 2347/325/2344
f 2344/321/2341 2349/326/2346 2348/329/2345
f 2350/327/2347 2349/326/2346 2344/321/2341
f 2347/325/2344 2352/330/2349 2351/328/2348
f 2348/329/2345 2353/334/2350 2352/330/2349
f 2349/326/2346 2354/331/2351 2353/334/2350
f 2355/332/2352 2354/331/2351 2349/326/2346
f 2352/330/2349 2357/335/2354 2356/333/2353
f 2353/334/2350 2358/340/2355 2357/335/2354
f 2354/331/2351 2359/336/2356 2358/340/2355
f 2360/337/2357 2359/336/2356 2354/331/2351
f 2357/335/2354 2362/343/2359 2361/338/2358
f 2358/340/2355 2363/339/2360 2362/343/2359
f 2359/336/2356 2364/341/2361 2363/339/2360
f 2365/342/2362 2364/341/2361 2359/336/2356
f 2362/343/2359 2367/348/2364 2366/344/2363
f 2363/339/2360 2368/345/2365 2367/348/2364
f 2364/341/2361 2369/346/2366 2368/345/2365
f 2370/347/2367 2369/346/2366 2364/341/2361
f 2367/348/2364 2372/349/2369 2371/205/2368
f 2368/345/2365 2373/238/2370 2372/349/2369
f 2369/346/2366 2374/350/2371 2373/238/2370
f 2370/347/2367 2375/771/2372 2374/350/2371
f 2382/723/2379 2381/8/2378 2376/9/2373
f 2383/724/2380 2382/723/2379 2377/239/2374
f 2384/725/2381 2383/724/2380 2378/209/2375
f 2385/726/2382 2384/725/2381 2379/242/2376
f 2387/727/2384 2386/14/2383 2381/8/2378
f 2388/728/2385 2387/727/2384 2382/723/2379
f 2389/729/2386 2388/728/2385 2383/724/2380
f 2390/730/2387 2389/729/2386 2384/725/2381
f 2392/731/2389 2391/19/2388 2386/14/2383
f 2393/732/2390 2392/731/2389 2387/727/2384
f 2394/733/2391 2393/732/2390 2388/728/2385
f 2395/734/2392 2394/733/2391 2389/729/2386
f 2397/735/2394 2396/24/2393 2391/19/2388
f 2398/736/2395 2397/735/2394 2392/731/2389
f 2399/737/2396 2398/736/2395 2393/732/2390
f 2400/738/2397 2399/737/2396 2394/733/2391
f 2397/735/2394 2402/742/2399 2401/29/2398
f 2403/739/2400 2402/742/2399 2397/735/2394
f 2404/740/2401 2403/739/2400 2398/736/2395
f 2405/741/2402 2404/740/2401 2399/737/2396
f 2402/742/2399 2407/746/2404 2406/39/2403
f 2408/743/2405 2407/746/2404 2402/742/2399
f 2409/744/2406 2408/743/2405 2403/739/2400
f 2410/745/2407 2409/744/2406 2404/740/2401
f 2407/746/2404 2412/292/2409 2411/38/2408
f 2408/743/2405 2413/294/2410 2412/292/2409
f 2414/295/2411 2413/294/2410 2408/743/2405
f 2415/296/2412 2414/295/2411 2409/744/2406
f 2412/292/2409 2417/747/2414 2416/44/2413
f 2413/294/2410 2418/750/2415 2417/747/2414
f 2419/748/2416 2418/750/2415 2413/294/2410
f 2420/749/2417 2419/748/2416 2414/295/2411
f 2417/747/2414 2422/751/2419 2421/49/2418
f 2418/750/2415 2423/755/2420 2422/751/2419
f 2424/752/2421 2423/755/2420 2418/750/2415
f 2425/753/2422 2424/752/2421 2419/748/2416
f 2422/751/2419 2427/758/2424 2426/54/2423
f 2428/754/2425 2427/758/2424 2422/751/2419
f 2429/756/2426 2428/754/2425 2423/755/2420
f 2430/757/2427 2429/756/2426 2424/752/2421
f 2427/758/2424 2432/762/2429 2431/59/2428
f 2433/759/2430 2432/762/2429 2427/758/2424
f 2434/760/2431 2433/759/2430 2428/754/2425
f 2435/761/2432 2434/760/2431 2429/756/2426
f 2432/762/2429 2437/766/2434 2436/64/2433
f 2438/763/2435 2437/766/2434 2432/762/2429
f 2439/764/2436 2438/763/2435 2433/759/2430
f 2440/765/2437 2439/764/2436 2434/760/2431
f 2437/766/2434 2442/770/2439 2441/69/2438
f 2443/767/2440 2442/770/2439 2437/766/2434
f 2444/768/2441 2443/767/2440 2438/763/2435
f 2445/769/2442 2444/768/2441 2439/764/2436
f 2442/770/2439 2447/349/2444 2446/205/2443
f 2443/767/2440 2448/238/2445 2447/349/2444
f 2444/768/2441 2449/350/2446 2448/238/2445
f 2445/769/2442 2450/771/2447 2449/350/2446
f 1152/239/1149 1151/9/1148 2451/240/2448
f 1153/209/1150 1152/239/1149 2452/241/2449
f 1154/242/1151 1153/209/1150 2453/243/2450
f 1155/211/1152 1154/242/1151 2454/244/2451
f 2452/241/2449 2451/240/2448 2456/245/2453
f 2453/243/2450 2452/241/2449 2457/246/2454
f 2454/244/2451 2453/243/2450 2458/247/2455
f 2454/244/2451 2459/252/2456 2460/248/2457
f 2457/246/2454 2456/245/2453 2461/250/2458
f 2458/247/2455 2457/246/2454 2462/251/2459
f 2459/252/2456 2458/247/2455 2463/253/2460
f 2459/252/2456 2464/257/2461 2465/254/2462
f 2462/251/2459 2461/250/2458 2466/255/2463
f 2463/253/2460 2462/251/2459 2467/256/2464
f 2464/257/2461 2463/253/2460 2468/258/2465
f 2464/257/2461 2469/263/2466 2470/259/2467
f 2467/256/2464 2466/255/2463 2471/260/2468
f 2468/258/2465 2467/256/2464 2472/261/2469
f 2468/258/2465 2473/267/2470 2474/262/2471
f 2469/263/2466 2474/262/2471 2475/264/2472
f 2472/261/2469 2471/260/2468 2476/265/2473
f 2472/261/2469 2477/270/2474 2478/266/2475
f 2473/267/2470 2478/266/2475 2479/268/2476
f 2474/262/2471 2479/268/2476 2480/269/2477
f 2477/270/2474 2476/265/2473 2481/271/2478
f 2477/270/2474 2482/275/2479 2483/272/2480
f 2478/266/2475 2483/272/2480 2484/273/2481
f 2479/268/2476 2484/273/2481 2485/274/2482
f 2482/275/2479 2481/271/2478 2486/182/2483
f 2482/275/2479 2487/278/2484 2488/220/2485
f 2483/272/2480 2488/220/2485 2489/276/2486
f 2484/273/2481 2489/276/2486 2490/222/2487
f 2486/182/2483 2491/283/2488 2492/277/2489
f 2487/278/2484 2492/277/2489 2493/279/2490
f 2488/220/2485 2493/279/2490 2494/280/2491
f 2489/276/2486 2494/280/2491 2495/281/2492
f 2491/283/2488 2496/288/2493 2497/282/2494
f 2492/277/2489 2497/282/2494 2498/284/2495
f 2493/279/2490 2498/284/2495 2499/285/2496
f 2494/280/2491 2499/285/2496 2500/286/2497
f 2496/288/2493 2501/293/2498 2502/287/2499
f 2497/282/2494 2502/287/2499 2503/289/2500
f 2498/284/2495 2503/289/2500 2504/290/2501
f 2499/285/2496 2504/290/2501 2505/291/2502
f 2501/293/2498 2506/38/2503 2507/292/2504
f 2502/287/2499 2507/292/2504 2508/294/2505
f 2503/289/2500 2508/294/2505 2509/295/2506
f 2504/290/2501 2509/295/2506 2510/296/2507
f 2506/38/2503 2511/302/2508 2512/297/2509
f 2507/292/2504 2512/297/2509 2513/298/2510
f 2508/294/2505 2513/298/2510 2514/299/2511
f 2509/295/2506 2514/299/2511 2515/300/2512
f 2512/297/2509 2511/302/2508 2516/301/2513
f 2512/297/2509 2517/306/2514 2518/303/2515
f 2513/298/2510 2518/303/2515 2519/304/2516
f 2514/299/2511 2519/304/2516 2520/305/2517
f 2517/306/2514 2516/301/2513 2521/307/2518
f 2517/306/2514 2522/311/2519 2523/308/2520
f 2518/303/2515 2523/308/2520 2524/309/2521
f 2519/304/2516 2524/309/2521 2525/310/2522
f 2522/311/2519 2521/307/2518 2526/198/2523
f 2522/311/2519 2527/313/2524 2528/229/2525
f 2523/308/2520 2528/229/2525 2529/312/2526
f 2524/309/2521 2529/312/2526 2530/231/2527
f 2527/313/2524 2526/198/2523 2531/314/2528
f 2527/313/2524 2532/318/2529 2533/315/2530
f 2528/229/2525 2533/315/2530 2534/316/2531
f 2529/312/2526 2534/316/2531 2535/317/2532
f 2532/318/2529 2531/314/2528 2536/319/2533
f 2533/315/2530 2532/318/2529 2537/320/2534
f 2533/315/2530 2538/324/2535 2539/321/2536
f 2534/316/2531 2539/321/2536 2540/322/2537
f 2537/320/2534 2536/319/2533 2541/323/2538
f 2538/324/2535 2537/320/2534 2542/325/2539
f 2538/324/2535 2543/329/2540 2544/326/2541
f 2539/321/2536 2544/326/2541 2545/327/2542
f 2542/325/2539 2541/323/2538 2546/328/2543
f 2543/329/2540 2542/325/2539 2547/330/2544
f 2543/329/2540 2548/334/2545 2549/331/2546
f 2544/326/2541 2549/331/2546 2550/332/2547
f 2547/330/2544 2546/328/2543 2551/333/2548
f 2548/334/2545 2547/330/2544 2552/335/2549
f 2548/334/2545 2553/340/2550 2554/336/2551
f 2549/331/2546 2554/336/2551 2555/337/2552
f 2552/335/2549 2551/333/2548 2556/338/2553
f 2552/335/2549 2557/343/2554 2558/339/2555
f 2553/340/2550 2558/339/2555 2559/341/2556
f 2554/336/2551 2559/341/2556 2560/342/2557
f 2557/343/2554 2556/338/2553 2561/344/2558
f 2557/343/2554 2562/348/2559 2563/345/2560
f 2558/339/2555 2563/345/2560 2564/346/2561
f 2559/341/2556 2564/346/2561 2565/347/2562
f 2562/348/2559 2561/344/2558 2566/205/2563
f 2563/345/2560 2562/348/2559 2567/349/2564
f 2564/346/2561 2563/345/2560 2568/238/2565
f 2565/347/2562 2564/346/2561 2569/350/2566
f 2572/239/2569 2571/9/2568 2576/77/2573
f 2573/209/2570 2572/239/2569 2577/351/2574
f 2574/242/2571 2573/209/2570 2578/352/2575
f 2574/242/2571 2579/355/2576 2580/353/2577
f 2577/351/2574 2576/77/2573 2581/82/2578
f 2578/352/2575 2577/351/2574 2582/354/2579
f 2579/355/2576 2578/352/2575 2583/356/2580
f 2580/353/2577 2579/355/2576 2584/357/2581
f 2582/354/2579 2581/82/2578 2586/87/2583
f 2583/356/2580 2582/354/2579 2587/358/2584
f 2584/357/2581 2583/356/2580 2588/359/2585
f 2585/360/2582 2584/357/2581 2589/361/2586
f 2587/358/2584 2586/87/2583 2591/92/2588
f 2588/359/2585 2587/358/2584 2592/362/2589
f 2589/361/2586 2588/359/2585 2593/363/2590
f 2590/364/2587 2589/361/2586 2594/365/2591
f 2592/362/2589 2591/92/2588 2596/97/2593
f 2593/363/2590 2592/362/2589 2597/366/2594
f 2594/365/2591 2593/363/2590 2598/367/2595
f 2595/368/2592 2594/365/2591 2599/369/2596
f 2597/366/2594 2596/97/2593 2601/102/2598
f 2598/367/2595 2597/366/2594 2602/370/2599
f 2599/369/2596 2598/367/2595 2603/371/2600
f 2600/372/2597 2599/369/2596 2604/373/2601
f 2602/370/2599 2601/102/2598 2606/107/2603
f 2603/371/2600 2602/370/2599 2607/374/2604
f 2604/373/2601 2603/371/2600 2608/375/2605
f 2605/376/2602 2604/373/2601 2609/377/2606
f 2607/374/2604 2606/107/2603 2611/112/2608
f 2608/375/2605 2607/374/2604 2612/378/2609
f 2609/377/2606 2608/375/2605 2613/379/2610
f 2609/377/2606 2614/383/2611 2615/380/2612
f 2612/378/2609 2611/112/2608 2616/117/2613
f 2613/379/2610 2612/378/2609 2617/382/2614
f 2614/383/2611 2613/379/2610 2618/384/2615
f 2614/383/2611 2619/388/2616 2620/385/2617
f 2617/382/2614 2616/117/2613 2621/122/2618
f 2618/384/2615 2617/382/2614 2622/386/2619
f 2618/384/2615 2623/391/2620 2624/387/2621
f 2619/388/2616 2624/387/2621 2625/389/2622
f 2622/386/2619 2621/122/2618 2626/127/2623
f 2622/386/2619 2627/394/2624 2628/390/2625
f 2623/391/2620 2628/390/2625 2629/392/2626
f 2624/387/2621 2629/392/2626 2630/393/2627
f 2627/394/2624 2626/127/2623 2631/132/2628
f 2627/394/2624 2632/398/2629 2633/395/2630
f 2628/390/2625 2633/395/2630 2634/396/2631
f 2629/392/2626 2634/396/2631 2635/397/2632
f 2632/398/2629 2631/132/2628 2636/137/2633
f 2633/395/2630 2632/398/2629 2637/399/2634
f 2633/395/2630 2638/402/2635 2639/400/2636
f 2634/396/2631 2639/400/2636 2640/401/2637
f 2637/399/2634 2636/137/2633 2641/142/2638
f 2638/402/2635 2637/399/2634 2642/403/2639
f 2638/402/2635 2643/406/2640 2644/404/2641
f 2639/400/2636 2644/404/2641 2645/405/2642
f 2642/403/2639 2641/142/2638 2646/147/2643
f 2643/406/2640 2642/403/2639 2647/407/2644
f 2643/406/2640 2648/410/2645 2649/408/2646
f 2644/404/2641 2649/408/2646 2650/409/2647
f 2647/407/2644 2646/147/2643 2651/152/2648
f 2648/410/2645 2647/407/2644 2652/411/2649
f 2649/408/2646 2648/410/2645 2653/412/2650
f 2649/408/2646 2654/415/2651 2655/413/2652
f 2652/411/2649 2651/152/2648 2656/157/2653
f 2653/412/2650 2652/411/2649 2657/414/2654
f 2654/415/2651 2653/412/2650 2658/416/2655
f 2654/415/2651 2659/419/2656 2660/417/2657
f 2657/414/2654 2656/157/2653 2661/162/2658
f 2658/416/2655 2657/414/2654 2662/418/2659
f 2659/419/2656 2658/416/2655 2663/420/2660
f 2659/419/2656 2664/422/2661 2665/421/2662
f 2662/418/2659 2661/162/2658 2666/205/2663
f 2663/420/2660 2662/418/2659 2667/349/2664
f 2664/422/2661 2663/420/2660 2668/238/2665
f 2665/421/2662 2664/422/2661 2669/350/2666
f 1376/9/1373 2671/240/2668 2672/241/2669
f 1378/209/1375 1377/239/1374 2672/241/2669
f 1379/242/1376 1378/209/1375 2673/243/2670
f 1380/211/1377 1379/242/1376 2674/244/2671
f 2671/240/2668 2676/245/2673 2677/246/2674
f 2673/243/2670 2672/241/2669 2677/246/2674
f 2674/244/2671 2673/243/2670 2678/247/2675
f 2675/249/2672 2674/244/2671 2679/252/2676
f 2676/245/2673 2681/250/2678 2682/251/2679
f 2678/247/2675 2677/246/2674 2682/251/2679
f 2679/252/2676 2678/247/2675 2683/253/2680
f 2680/248/2677 2679/252/2676 2684/257/2681
f 2681/250/2678 2686/255/2683 2687/256/2684
f 2683/253/2680 2682/251/2679 2687/256/2684
f 2684/257/2681 2683/253/2680 2688/258/2685
f 2685/254/2682 2684/257/2681 2689/263/2686
f 2686/255/2683 2691/260/2688 2692/261/2689
f 2688/258/2685 2687/256/2684 2692/261/2689
f 2689/263/2686 2688/258/2685 2693/267/2690
f 2690/259/2687 2689/263/2686 2694/262/2691
f 2691/260/2688 2696/265/2693 2697/270/2694
f 2693/267/2690 2692/261/2689 2697/270/2694
f 2694/262/2691 2693/267/2690 2698/266/2695
f 2695/264/2692 2694/262/2691 2699/268/2696
f 2696/265/2693 2701/271/2698 2702/275/2699
f 2698/266/2695 2697/270/2694 2702/275/2699
f 2699/268/2696 2698/266/2695 2703/272/2700
f 2700/269/2697 2699/268/2696 2704/273/2701
f 2701/271/2698 2706/182/2703 2707/278/2704
f 2703/272/2700 2702/275/2699 2707/278/2704
f 2704/273/2701 2703/272/2700 2708/220/2705
f 2705/274/2702 2704/273/2701 2709/276/2706
f 2706/182/2703 2711/283/2708 2712/277/2709
f 2708/220/2705 2707/278/2704 2712/277/2709
f 2709/276/2706 2708/220/2705 2713/279/2710
f 2710/222/2707 2709/276/2706 2714/280/2711
f 2711/283/2708 2716/288/2713 2717/282/2714
f 2713/279/2710 2712/277/2709 2717/282/2714
f 2714/280/2711 2713/279/2710 2718/284/2715
f 2715/281/2712 2714/280/2711 2719/285/2716
f 2716/288/2713 2721/293/2718 2722/287/2719
f 2718/284/2715 2717/282/2714 2722/287/2719
f 2719/285/2716 2718/284/2715 2723/289/2720
f 2720/286/2717 2719/285/2716 2724/290/2721
f 2721/293/2718 2726/38/2723 2727/292/2724
f 2723/289/2720 2722/287/2719 2727/292/2724
f 2724/290/2721 2723/289/2720 2728/294/2725
f 2725/291/2722 2724/290/2721 2729/295/2726
f 2726/38/2723 2731/302/2728 2732/297/2729
f 2728/294/2725 2727/292/2724 2732/297/2729
f 2729/295/2726 2728/294/2725 2733/298/2730
f 2730/296/2727 2729/295/2726 2734/299/2731
f 2731/302/2728 2736/301/2733 2737/306/2734
f 2733/298/2730 2732/297/2729 2737/306/2734
f 2734/299/2731 2733/298/2730 2738/303/2735
f 2735/300/2732 2734/299/2731 2739/304/2736
f 2737/306/2734 2736/301/2733 2741/307/2738
f 2738/303/2735 2737/306/2734 2742/311/2739
f 2739/304/2736 2738/303/2735 2743/308/2740
f 2740/305/2737 2739/304/2736 2744/309/2741
f 2742/311/2739 2741/307/2738 2746/198/2743
f 2743/308/2740 2742/311/2739 2747/313/2744
f 2744/309/2741 2743/308/2740 2748/229/2745
f 2745/310/2742 2744/309/2741 2749/312/2746
f 2747/313/2744 2746/198/2743 2751/314/2748
f 2748/229/2745 2747/313/2744 2752/318/2749
f 2749/312/2746 2748/229/2745 2753/315/2750
f 2750/231/2747 2749/312/2746 2754/316/2751
f 2752/318/2749 2751/314/2748 2756/319/2753
f 2753/315/2750 2752/318/2749 2757/320/2754
f 2754/316/2751 2753/315/2750 2758/324/2755
f 2754/316/2751 2759/321/2756 2760/322/2757
f 2757/320/2754 2756/319/2753 2761/323/2758
f 2757/320/2754 2762/325/2759 2763/329/2760
f 2758/324/2755 2763/329/2760 2764/326/2761
f 2759/321/2756 2764/326/2761 2765/327/2762
f 2762/325/2759 2761/323/2758 2766/328/2763
f 2762/325/2759 2767/330/2764 2768/334/2765
f 2763/329/2760 2768/334/2765 2769/331/2766
f 2764/326/2761 2769/331/2766 2770/332/2767
f 2767/330/2764 2766/328/2763 2771/333/2768
f 2767/330/2764 2772/335/2769 2773/340/2770
f 2768/334/2765 2773/340/2770 2774/336/2771
f 2769/331/2766 2774/336/2771 2775/337/2772
f 2772/335/2769 2771/333/2768 2776/338/2773
f 2772/335/2769 2777/343/2774 2778/339/2775
f 2773/340/2770 2778/339/2775 2779/341/2776
f 2774/336/2771 2779/341/2776 2780/342/2777
f 2777/343/2774 2776/338/2773 2781/344/2778
f 2777/343/2774 2782/348/2779 2783/345/2780
f 2778/339/2775 2783/345/2780 2784/346/2781
f 2779/341/2776 2784/346/2781 2785/347/2782
f 2782/348/2779 2781/344/2778 2786/205/2783
f 2783/345/2780 2782/348/2779 2787/349/2784
f 2784/346/2781 2783/345/2780 2788/238/2785
f 2785/347/2782 2784/346/2781 2789/350/2786
f 1501/9/1498 2791/427/2788 2792/423/2789
f 1502/239/1499 2792/423/2789 2793/424/2790
f 1503/209/1500 2793/424/2790 2794/425/2791
f 1505/211/1502 1504/242/1501 2794/425/2791
f 2791/427/2788 2796/432/2793 2797/426/2794
f 2792/423/2789 2797/426/2794 2798/428/2795
f 2794/425/2791 2793/424/2790 2798/428/2795
f 2795/429/2792 2794/425/2791 2799/430/2796
f 2796/432/2793 2801/437/2798 2802/431/2799
f 2798/428/2795 2797/426/2794 2802/431/2799
f 2799/430/2796 2798/428/2795 2803/433/2800
f 2800/434/2797 2799/430/2796 2804/435/2801
f 2801/437/2798 2806/442/2803 2807/436/2804
f 2803/433/2800 2802/431/2799 2807/436/2804
f 2804/435/2801 2803/433/2800 2808/438/2805
f 2805/439/2802 2804/435/2801 2809/440/2806
f 2807/436/2804 2806/442/2803 2811/441/2808
f 2808/438/2805 2807/436/2804 2812/443/2809
f 2809/440/2806 2808/438/2805 2813/444/2810
f 2810/445/2807 2809/440/2806 2814/446/2811
f 2812/443/2809 2811/441/2808 2816/447/2813
f 2813/444/2810 2812/443/2809 2817/448/2814
f 2814/446/2811 2813/444/2810 2818/449/2815
f 2815/450/2812 2814/446/2811 2819/451/2816
f 2817/448/2814 2816/447/2813 2821/452/2818
f 2818/449/2815 2817/448/2814 2822/453/2819
f 2819/451/2816 2818/449/2815 2823/454/2820
f 2820/455/2817 2819/451/2816 2824/456/2821
f 2822/453/2819 2821/452/2818 2826/457/2823
f 2823/454/2820 2822/453/2819 2827/458/2824
f 2824/456/2821 2823/454/2820 2828/459/2825
f 2825/460/2822 2824/456/2821 2829/461/2826
f 2827/458/2824 2826/457/2823 2831/462/2828
f 2828/459/2825 2827/458/2824 2832/463/2829
f 2829/461/2826 2828/459/2825 2833/464/2830
f 2830/465/2827 2829/461/2826 2834/466/2831
f 2832/463/2829 2831/462/2828 2836/467/2833
f 2833/464/2830 2832/463/2829 2837/468/2834
f 2834/466/2831 2833/464/2830 2838/469/2835
f 2835/470/2832 2834/466/2831 2839/471/2836
f 2837/468/2834 2836/467/2833 2841/472/2838
f 2838/469/2835 2837/468/2834 2842/473/2839
f 2839/471/2836 2838/469/2835 2843/474/2840
f 2840/475/2837 2839/471/2836 2844/476/2841
f 2842/473/2839 2841/472/2838 2846/477/2843
f 2843/474/2840 2842/473/2839 2847/478/2844
f 2844/476/2841 2843/474/2840 2848/479/2845
f 2845/480/2842 2844/476/2841 2849/481/2846
f 2847/478/2844 2846/477/2843 2851/482/2848
f 2848/479/2845 2847/478/2844 2852/483/2849
f 2849/481/2846 2848/479/2845 2853/484/2850
f 2850/485/2847 2849/481/2846 2854/486/2851
f 2852/483/2849 2851/482/2848 2856/487/2853
f 2853/484/2850 2852/483/2849 2857/488/2854
f 2854/486/2851 2853/484/2850 2858/489/2855
f 2855/490/2852 2854/486/2851 2859/491/2856
f 2857/488/2854 2856/487/2853 2861/492/2858
f 2858/489/2855 2857/488/2854 2862/493/2859
f 2859/491/2856 2858/489/2855 2863/494/2860
f 2860/495/2857 2859/491/2856 2864/496/2861
f 2862/493/2859 2861/492/2858 2866/497/2863
f 2863/494/2860 2862/493/2859 2867/498/2864
f 2864/496/2861 2863/494/2860 2868/499/2865
f 2865/500/2862 2864/496/2861 2869/501/2866
f 2867/498/2864 2866/497/2863 2871/38/2868
f 2868/499/2865 2867/498/2864 2872/292/2869
f 2869/501/2866 2868/499/2865 2873/294/2870
f 2870/502/2867 2869/501/2866 2874/295/2871
f 2872/292/2869 2871/38/2868 2876/503/2873
f 2873/294/2870 2872/292/2869 2877/504/2874
f 2874/295/2871 2873/294/2870 2878/505/2875
f 2875/296/2872 2874/295/2871 2879/506/2876
f 2877/504/2874 2876/503/2873 2881/507/2878
f 2878/505/2875 2877/504/2874 2882/508/2879
f 2879/506/2876 2878/505/2875 2883/509/2880
f 2880/510/2877 2879/506/2876 2884/511/2881
f 2882/508/2879 2881/507/2878 2886/512/2883
f 2883/509/2880 2882/508/2879 2887/513/2884
f 2884/511/2881 2883/509/2880 2888/514/2885
f 2885/515/2882 2884/511/2881 2889/516/2886
f 2887/513/2884 2886/512/2883 2891/517/2888
f 2888/514/2885 2887/513/2884 2892/518/2889
f 2889/516/2886 2888/514/2885 2893/519/2890
f 2890/520/2887 2889/516/2886 2894/521/2891
f 2892/518/2889 2891/517/2888 2896/522/2893
f 2893/519/2890 2892/518/2889 2897/523/2894
f 2894/521/2891 2893/519/2890 2898/524/2895
f 2895/525/2892 2894/521/2891 2899/526/2896
f 2897/523/2894 2896/522/2893 2901/527/2898
f 2898/524/2895 2897/523/2894 2902/528/2899
f 2899/526/2896 2898/524/2895 2903/529/2900
f 2899/526/2896 2904/534/2901 2905/530/2902
f 2902/528/2899 2901/527/2898 2906/532/2903
f 2903/529/2900 2902/528/2899 2907/533/2904
f 2904/534/2901 2903/529/2900 2908/535/2905
f 2904/534/2901 2909/540/2906 2910/536/2907
f 2907/533/2904 2906/532/2903 2911/537/2908
f 2907/533/2904 2912/542/2909 2913/538/2910
f 2908/535/2905 2913/538/2910 2914/539/2911
f 2909/540/2906 2914/539/2911 2915/541/2912
f 2912/542/2909 2911/537/2908 2916/543/2913
f 2912/542/2909 2917/547/2914 2918/544/2915
f 2913/538/2910 2918/544/2915 2919/545/2916
f 2914/539/2911 2919/545/2916 2920/546/2917
f 2917/547/2914 2916/543/2913 2921/548/2918
f 2917/547/2914 2922/552/2919 2923/549/2920
f 2918/544/2915 2923/549/2920 2924/550/2921
f 2919/545/2916 2924/550/2921 2925/551/2922
f 2922/552/2919 2921/548/2918 2926/553/2923
f 2922/552/2919 2927/557/2924 2928/554/2925
f 2923/549/2920 2928/554/2925 2929/555/2926
f 2924/550/2921 2929/555/2926 2930/556/2927
f 2927/557/2924 2926/553/2923 2931/558/2928
f 2927/557/2924 2932/562/2929 2933/559/2930
f 2928/554/2925 2933/559/2930 2934/560/2931
f 2929/555/2926 2934/560/2931 2935/561/2932
f 2932/562/2929 2931/558/2928 2936/563/2933
f 2932/562/2929 2937/567/2934 2938/564/2935
f 2933/559/2930 2938/564/2935 2939/565/2936
f 2934/560/2931 2939/565/2936 2940/566/2937
f 2937/567/2934 2936/563/2933 2941/568/2938
f 2938/564/2935 2937/567/2934 2942/569/2939
f 2938/564/2935 2943/573/2940 2944/570/2941
f 2939/565/2936 2944/570/2941 2945/571/2942
f 2942/569/2939 2941/568/2938 2946/572/2943
f 2943/573/2940 2942/569/2939 2947/574/2944
f 2944/570/2941 2943/573/2940 2948/575/2945
f 2944/570/2941 2949/579/2946 2950/576/2947
f 2947/574/2944 2946/572/2943 2951/577/2948
f 2948/575/2945 2947/574/2944 2952/578/2949
f 2949/579/2946 2948/575/2945 2953/580/2950
f 2949/579/2946 2954/582/2951 2955/581/2952
f 2952/578/2949 2951/577/2948 2956/205/2953
f 2953/580/2950 2952/578/2949 2957/349/2954
f 2954/582/2951 2953/580/2950 2958/238/2955
f 2955/581/2952 2954/582/2951 2959/350/2956
f 1676/9/1673 2961/587/2958 2962/583/2959
f 1678/209/1675 1677/239/1674 2962/583/2959
f 1679/242/1676 1678/209/1675 2963/584/2960
f 1680/211/1677 1679/242/1676 2964/585/2961
f 2961/587/2958 2966/592/2963 2967/586/2964
f 2963/584/2960 2962/583/2959 2967/586/2964
f 2964/585/2961 2963/584/2960 2968/588/2965
f 2965/589/2962 2964/585/2961 2969/590/2966
f 2966/592/2963 2971/597/2968 2972/591/2969
f 2968/588/2965 2967/586/2964 2972/591/2969
f 2969/590/2966 2968/588/2965 2973/593/2970
f 2970/594/2967 2969/590/2966 2974/595/2971
f 2971/597/2968 2976/602/2973 2977/596/2974
f 2973/593/2970 2972/591/2969 2977/596/2974
f 2974/595/2971 2973/593/2970 2978/598/2975
f 2975/599/2972 2974/595/2971 2979/600/2976
f 2976/602/2973 2981/607/2978 2982/601/2979
f 2977/596/2974 2982/601/2979 2983/603/2980
f 2978/598/2975 2983/603/2980 2984/604/2981
f 2980/605/2977 2979/600/2976 2984/604/2981
f 2981/607/2978 2986/613/2983 2987/606/2984
f 2982/601/2979 2987/606/2984 2988/608/2985
f 2983/603/2980 2988/608/2985 2989/609/2986
f 2984/604/2981 2989/609/2986 2990/610/2987
f 2986/613/2983 2991/618/2988 2992/612/2989
f 2987/606/2984 2992/612/2989 2993/614/2990
f 2988/608/2985 2993/614/2990 2994/615/2991
f 2989/609/2986 2994/615/2991 2995/616/2992
f 2991/618/2988 2996/623/2993 2997/617/2994
f 2992/612/2989 2997/617/2994 2998/619/2995
f 2993/614/2990 2998/619/2995 2999/620/2996
f 2994/615/2991 2999/620/2996 3000/621/2997
f 2996/623/2993 3001/628/2998 3002/622/2999
f 2997/617/2994 3002/622/2999 3003/624/3000
f 2998/619/2995 3003/624/3000 3004/625/3001
f 2999/620/2996 3004/625/3001 3005/626/3002
f 3001/628/2998 3006/633/3003 3007/627/3004
f 3002/622/2999 3007/627/3004 3008/629/3005
f 3003/624/3000 3008/629/3005 3009/630/3006
f 3004/625/3001 3009/630/3006 3010/631/3007
f 3006/633/3003 3011/638/3008 3012/632/3009
f 3007/627/3004 3012/632/3009 3013/634/3010
f 3008/629/3005 3013/634/3010 3014/635/3011
f 3009/630/3006 3014/635/3011 3015/636/3012
f 3011/638/3008 3016/643/3013 3017/637/3014
f 3012/632/3009 3017/637/3014 3018/639/3015
f 3013/634/3010 3018/639/3015 3019/640/3016
f 3014/635/3011 3019/640/3016 3020/641/3017
f 3016/643/3013 3021/648/3018 3022/642/3019
f 3017/637/3014 3022/642/3019 3023/644/3020
f 3018/639/3015 3023/644/3020 3024/645/3021
f 3019/640/3016 3024/645/3021 3025/646/3022
f 3021/648/3018 3026/653/3023 3027/647/3024
f 3022/642/3019 3027/647/3024 3028/649/3025
f 3023/644/3020 3028/649/3025 3029/650/3026
f 3024/645/3021 3029/650/3026 3030/651/3027
f 3026/653/3023 3031/658/3028 3032/652/3029
f 3027/647/3024 3032/652/3029 3033/654/3030
f 3028/649/3025 3033/654/3030 3034/655/3031
f 3029/650/3026 3034/655/3031 3035/656/3032
f 3031/658/3028 3036/663/3033 3037/657/3034
f 3032/652/3029 3037/657/3034 3038/659/3035
f 3033/654/3030 3038/659/3035 3039/660/3036
f 3034/655/3031 3039/660/3036 3040/661/3037
f 3036/663/3033 3041/668/3038 3042/662/3039
f 3037/657/3034 3042/662/3039 3043/664/3040
f 3038/659/3035 3043/664/3040 3044/665/3041
f 3039/660/3036 3044/665/3041 3045/666/3042
f 3041/668/3038 3046/673/3043 3047/667/3044
f 3042/662/3039 3047/667/3044 3048/669/3045
f 3043/664/3040 3048/669/3045 3049/670/3046
f 3044/665/3041 3049/670/3046 3050/671/3047
f 3046/673/3043 3051/678/3048 3052/672/3049
f 3047/667/3044 3052/672/3049 3053/674/3050
f 3048/669/3045 3053/674/3050 3054/675/3051
f 3049/670/3046 3054/675/3051 3055/676/3052
f 3051/678/3048 3056/683/3053 3057/677/3054
f 3052/672/3049 3057/677/3054 3058/679/3055
f 3053/674/3050 3058/679/3055 3059/680/3056
f 3054/675/3051 3059/680/3056 3060/681/3057
f 3056/683/3053 3061/688/3058 3062/682/3059
f 3057/677/3054 3062/682/3059 3063/684/3060
f 3058/679/3055 3063/684/3060 3064/685/3061
f 3059/680/3056 3064/685/3061 3065/686/3062
f 3062/682/3059 3061/688/3058 3066/687/3063
f 3062/682/3059 3067/692/3064 3068/689/3065
f 3063/684/3060 3068/689/3065 3069/690/3066
f 3064/685/3061 3069/690/3066 3070/691/3067
f 3067/692/3064 3066/687/3063 3071/693/3068
f 3067/692/3064 3072/697/3069 3073/694/3070
f 3068/689/3065 3073/694/3070 3074/695/3071
f 3069/690/3066 3074/695/3071 3075/696/3072
f 3072/697/3069 3071/693/3068 3076/698/3073
f 3073/694/3070 3072/697/3069 3077/699/3074
f 3074/695/3071 3073/694/3070 3078/700/3075
f 3074/695/3071 3079/704/3076 3080/701/3077
f 3077/699/3074 3076/698/3073 3081/702/3078
f 3078/700/3075 3077/699/3074 3082/703/3079
f 3079/704/3076 3078/700/3075 3083/705/3080
f 3079/704/3076 3084/709/3081 3085/706/3082
f 3082/703/3079 3081/702/3078 3086/707/3083
f 3083/705/3080 3082/703/3079 3087/708/3084
f 3084/709/3081 3083/705/3080 3088/710/3085
f 3084/709/3081 3089/714/3086 3090/711/3087
f 3087/708/3084 3086/707/3083 3091/712/3088
f 3088/710/3085 3087/708/3084 3092/713/3089
f 3089/714/3086 3088/710/3085 3093/715/3090
f 3089/714/3086 3094/719/3091 3095/716/3092
f 3092/713/3089 3091/712/3088 3096/717/3093
f 3093/715/3090 3092/713/3089 3097/718/3094
f 3094/719/3091 3093/715/3090 3098/720/3095
f 3094/719/3091 3099/722/3096 3100/721/3097
f 3097/718/3094 3096/717/3093 3101/205/3098
f 3098/720/3095 3097/718/3094 3102/349/3099
f 3099/722/3096 3098/720/3095 3103/238/3100
f 3100/721/3097 3099/722/3096 3104/350/3101
f 1826/9/1823 3106/587/3103 3107/583/3104
f 1828/209/1825 1827/239/1824 3107/583/3104
f 1829/242/1826 1828/209/1825 3108/584/3105
f 1830/211/1827 1829/242/1826 3109/585/3106
f 3106/587/3103 3111/592/3108 3112/586/3109
f 3108/584/3105 3107/583/3104 3112/586/3109
f 3109/585/3106 3108/584/3105 3113/588/3110
f 3110/589/3107 3109/585/3106 3114/590/3111
f 3111/592/3108 3116/597/3113 3117/591/3114
f 3112/586/3109 3117/591/3114 3118/593/3115
f 3113/588/3110 3118/593/3115 3119/595/3116
f 3115/594/3112 3114/590/3111 3119/595/3116
f 3116/597/3113 3121/602/3118 3122/596/3119
f 3117/591/3114 3122/596/3119 3123/598/3120
f 3118/593/3115 3123/598/3120 3124/600/3121
f 3120/599/3117 3119/595/3116 3124/600/3121
f 3121/602/3118 3126/607/3123 3127/601/3124
f 3122/596/3119 3127/601/3124 3128/603/3125
f 3123/598/3120 3128/603/3125 3129/604/3126
f 3124/600/3121 3129/604/3126 3130/611/3127
f 3127/601/3124 3126/607/3123 3131/613/3128
f 3128/603/3125 3127/601/3124 3132/606/3129
f 3129/604/3126 3128/603/3125 3133/608/3130
f 3129/604/3126 3134/609/3131 3135/610/3132
f 3132/606/3129 3131/613/3128 3136/618/3133
f 3133/608/3130 3132/606/3129 3137/612/3134
f 3134/609/3131 3133/608/3130 3138/614/3135
f 3135/610/3132 3134/609/3131 3139/615/3136
f 3137/612/3134 3136/618/3133 3141/623/3138
f 3138/614/3135 3137/612/3134 3142/617/3139
f 3139/615/3136 3138/614/3135 3143/619/3140
f 3140/616/3137 3139/615/3136 3144/620/3141
f 3142/617/3139 3141/623/3138 3146/628/3143
f 3143/619/3140 3142/617/3139 3147/622/3144
f 3144/620/3141 3143/619/3140 3148/624/3145
f 3145/621/3142 3144/620/3141 3149/625/3146
f 3147/622/3144 3146/628/3143 3151/633/3148
f 3148/624/3145 3147/622/3144 3152/627/3149
f 3149/625/3146 3148/624/3145 3153/629/3150
f 3150/626/3147 3149/625/3146 3154/630/3151
f 3152/627/3149 3151/633/3148 3156/638/3153
f 3153/629/3150 3152/627/3149 3157/632/3154
f 3154/630/3151 3153/629/3150 3158/634/3155
f 3155/631/3152 3154/630/3151 3159/635/3156
f 3157/632/3154 3156/638/3153 3161/643/3158
f 3158/634/3155 3157/632/3154 3162/637/3159
f 3159/635/3156 3158/634/3155 3163/639/3160
f 3160/636/3157 3159/635/3156 3164/640/3161
f 3162/637/3159 3161/643/3158 3166/648/3163
f 3163/639/3160 3162/637/3159 3167/642/3164
f 3164/640/3161 3163/639/3160 3168/644/3165
f 3164/640/3161 3169/645/3166 3170/646/3167
f 3167/642/3164 3166/648/3163 3171/653/3168
f 3167/642/3164 3172/647/3169 3173/649/3170
f 3168/644/3165 3173/649/3170 3174/650/3171
f 3169/645/3166 3174/650/3171 3175/651/3172
f 3172/647/3169 3171/653/3168 3176/658/3173
f 3172/647/3169 3177/652/3174 3178/654/3175
f 3173/649/3170 3178/654/3175 3179/655/3176
f 3174/650/3171 3179/655/3176 3180/656/3177
f 3176/658/3173 3181/663/3178 3182/657/3179
f 3177/652/3174 3182/657/3179 3183/659/3180
f 3178/654/3175 3183/659/3180 3184/660/3181
f 3179/655/3176 3184/660/3181 3185/661/3182
f 3181/663/3178 3186/668/3183 3187/662/3184
f 3182/657/3179 3187/662/3184 3188/664/3185
f 3183/659/3180 3188/664/3185 3189/665/3186
f 3184/660/3181 3189/665/3186 3190/666/3187
f 3186/668/3183 3191/673/3188 3192/667/3189
f 3187/662/3184 3192/667/3189 3193/669/3190
f 3188/664/3185 3193/669/3190 3194/670/3191
f 3189/665/3186 3194/670/3191 3195/671/3192
f 3192/667/3189 3191/673/3188 3196/678/3193
f 3192/667/3189 3197/672/3194 3198/674/3195
f 3193/669/3190 3198/674/3195 3199/675/3196
f 3194/670/3191 3199/675/3196 3200/676/3197
f 3197/672/3194 3196/678/3193 3201/683/3198
f 3197/672/3194 3202/677/3199 3203/679/3200
f 3198/674/3195 3203/679/3200 3204/680/3201
f 3199/675/3196 3204/680/3201 3205/681/3202
f 3202/677/3199 3201/683/3198 3206/688/3203
f 3202/677/3199 3207/682/3204 3208/684/3205
f 3203/679/3200 3208/684/3205 3209/685/3206
f 3204/680/3201 3209/685/3206 3210/686/3207
f 3207/682/3204 3206/688/3203 3211/687/3208
f 3207/682/3204 3212/692/3209 3213/689/3210
f 3208/684/3205 3213/689/3210 3214/690/3211
f 3209/685/3206 3214/690/3211 3215/691/3212
f 3212/692/3209 3211/687/3208 3216/693/3213
f 3213/689/3210 3212/692/3209 3217/697/3214
f 3213/689/3210 3218/694/3215 3219/695/3216
f 3214/690/3211 3219/695/3216 3220/696/3217
f 3217/697/3214 3216/693/3213 3221/698/3218
f 3218/694/3215 3217/697/3214 3222/699/3219
f 3219/695/3216 3218/694/3215 3223/700/3220
f 3219/695/3216 3224/704/3221 3225/701/3222
f 3222/699/3219 3221/698/3218 3226/702/3223
f 3223/700/3220 3222/699/3219 3227/703/3224
f 3224/704/3221 3223/700/3220 3228/705/3225
f 3224/704/3221 3229/709/3226 3230/706/3227
f 3227/703/3224 3226/702/3223 3231/707/3228
f 3228/705/3225 3227/703/3224 3232/708/3229
f 3229/709/3226 3228/705/3225 3233/710/3230
f 3229/709/3226 3234/714/3231 3235/711/3232
f 3232/708/3229 3231/707/3228 3236/712/3233
f 3233/710/3230 3232/708/3229 3237/713/3234
f 3233/710/3230 3238/715/3235 3239/719/3236
f 3234/714/3231 3239/719/3236 3240/716/3237
f 3237/713/3234 3236/712/3233 3241/717/3238
f 3237/713/3234 3242/718/3239 3243/720/3240
f 3238/715/3235 3243/720/3240 3244/722/3241
f 3239/719/3236 3244/722/3241 3245/721/3242
f 3242/718/3239 3241/717/3238 3246/205/3243
f 3243/720/3240 3242/718/3239 3247/349/3244
f 3244/722/3241 3243/720/3240 3248/238/3245
f 3245/721/3242 3244/722/3241 3249/350/3246
f 1977/239/1974 1976/9/1973 3251/587/3248
f 1978/209/1975 1977/239/1974 3252/583/3249
f 1979/242/1976 1978/209/1975 3253/584/3250
f 1979/242/1976 3254/585/3251 3255/589/3252
f 3252/583/3249 3251/587/3248 3256/592/3253
f 3253/584/3250 3252/583/3249 3257/586/3254
f 3254/585/3251 3253/584/3250 3258/588/3255
f 3254/585/3251 3259/590/3256 3260/594/3257
f 3257/586/3254 3256/592/3253 3261/597/3258
f 3257/586/3254 3262/591/3259 3263/593/3260
f 3258/588/3255 3263/593/3260 3264/595/3261
f 3259/590/3256 3264/595/3261 3265/599/3262
f 3261/597/3258 3266/602/3263 3267/596/3264
f 3262/591/3259 3267/596/3264 3268/598/3265
f 3263/593/3260 3268/598/3265 3269/600/3266
f 3264/595/3261 3269/600/3266 3270/605/3267
f 3266/602/3263 3271/607/3268 3272/601/3269
f 3267/596/3264 3272/601/3269 3273/603/3270
f 3268/598/3265 3273/603/3270 3274/604/3271
f 3269/600/3266 3274/604/3271 3275/611/3272
f 3271/607/3268 3276/613/3273 3277/606/3274
f 3272/601/3269 3277/606/3274 3278/608/3275
f 3273/603/3270 3278/608/3275 3279/609/3276
f 3274/604/3271 3279/609/3276 3280/610/3277
f 3276/613/3273 3281/618/3278 3282/612/3279
f 3277/606/3274 3282/612/3279 3283/614/3280
f 3278/608/3275 3283/614/3280 3284/615/3281
f 3279/609/3276 3284/615/3281 3285/616/3282
f 3281/618/3278 3286/623/3283 3287/617/3284
f 3283/614/3280 3282/612/3279 3287/617/3284
f 3284/615/3281 3283/614/3280 3288/619/3285
f 3285/616/3282 3284/615/3281 3289/620/3286
f 3287/617/3284 3286/623/3283 3291/628/3288
f 3288/619/3285 3287/617/3284 3292/622/3289
f 3289/620/3286 3288/619/3285 3293/624/3290
f 3290/621/3287 3289/620/3286 3294/625/3291
f 3292/622/3289 3291/628/3288 3296/633/3293
f 3293/624/3290 3292/622/3289 3297/627/3294
f 3294/625/3291 3293/624/3290 3298/629/3295
f 3295/626/3292 3294/625/3291 3299/630/3296
f 3297/627/3294 3296/633/3293 3301/638/3298
f 3298/629/3295 3297/627/3294 3302/632/3299
f 3299/630/3296 3298/629/3295 3303/634/3300
f 3300/631/3297 3299/630/3296 3304/635/3301
f 3302/632/3299 3301/638/3298 3306/643/3303
f 3303/634/3300 3302/632/3299 3307/637/3304
f 3304/635/3301 3303/634/3300 3308/639/3305
f 3305/636/3302 3304/635/3301 3309/640/3306
f 3307/637/3304 3306/643/3303 3311/648/3308
f 3308/639/3305 3307/637/3304 3312/642/3309
f 3309/640/3306 3308/639/3305 3313/644/3310
f 3310/641/3307 3309/640/3306 3314/645/3311
f 3312/642/3309 3311/648/3308 3316/653/3313
f 3313/644/3310 3312/642/3309 3317/647/3314
f 3314/645/3311 3313/644/3310 3318/649/3315
f 3315/646/3312 3314/645/3311 3319/650/3316
f 3317/647/3314 3316/653/3313 3321/658/3318
f 3318/649/3315 3317/647/3314 3322/652/3319
f 3319/650/3316 3318/649/3315 3323/654/3320
f 3320/651/3317 3319/650/3316 3324/655/3321
f 3322/652/3319 3321/658/3318 3326/663/3323
f 3323/654/3320 3322/652/3319 3327/657/3324
f 3324/655/3321 3323/654/3320 3328/659/3325
f 3325/656/3322 3324/655/3321 3329/660/3326
f 3327/657/3324 3326/663/3323 3331/668/3328
f 3328/659/3325 3327/657/3324 3332/662/3329
f 3329/660/3326 3328/659/3325 3333/664/3330
f 3330/661/3327 3329/660/3326 3334/665/3331
f 3332/662/3329 3331/668/3328 3336/673/3333
f 3333/664/3330 3332/662/3329 3337/667/3334
f 3334/665/3331 3333/664/3330 3338/669/3335
f 3335/666/3332 3334/665/3331 3339/670/3336
f 3337/667/3334 3336/673/3333 3341/678/3338
f 3338/669/3335 3337/667/3334 3342/672/3339
f 3339/670/3336 3338/669/3335 3343/674/3340
f 3340/671/3337 3339/670/3336 3344/675/3341
f 3342/672/3339 3341/678/3338 3346/683/3343
f 3343/674/3340 3342/672/3339 3347/677/3344
f 3344/675/3341 3343/674/3340 3348/679/3345
f 3345/676/3342 3344/675/3341 3349/680/3346
f 3347/677/3344 3346/683/3343 3351/688/3348
f 3348/679/3345 3347/677/3344 3352/682/3349
f 3349/680/3346 3348/679/3345 3353/684/3350
f 3350/681/3347 3349/680/3346 3354/685/3351
f 3352/682/3349 3351/688/3348 3356/687/3353
f 3353/684/3350 3352/682/3349 3357/692/3354
f 3354/685/3351 3353/684/3350 3358/689/3355
f 3354/685/3351 3359/690/3356 3360/691/3357
f 3357/692/3354 3356/687/3353 3361/693/3358
f 3358/689/3355 3357/692/3354 3362/697/3359
f 3359/690/3356 3358/689/3355 3363/694/3360
f 3359/690/3356 3364/695/3361 3365/696/3362
f 3362/697/3359 3361/693/3358 3366/698/3363
f 3363/694/3360 3362/697/3359 3367/699/3364
f 3364/695/3361 3363/694/3360 3368/700/3365
f 3364/695/3361 3369/704/3366 3370/701/3367
f 3367/699/3364 3366/698/3363 3371/702/3368
f 3368/700/3365 3367/699/3364 3372/703/3369
f 3369/704/3366 3368/700/3365 3373/705/3370
f 3369/704/3366 3374/709/3371 3375/706/3372
f 3372/703/3369 3371/702/3368 3376/707/3373
f 3373/705/3370 3372/703/3369 3377/708/3374
f 3374/709/3371 3373/705/3370 3378/710/3375
f 3374/709/3371 3379/714/3376 3380/711/3377
f 3377/708/3374 3376/707/3373 3381/712/3378
f 3378/710/3375 3377/708/3374 3382/713/3379
f 3379/714/3376 3378/710/3375 3383/715/3380
f 3379/714/3376 3384/719/3381 3385/716/3382
f 3382/713/3379 3381/712/3378 3386/717/3383
f 3383/715/3380 3382/713/3379 3387/718/3384
f 3383/715/3380 3388/720/3385 3389/722/3386
f 3384/719/3381 3389/722/3386 3390/721/3387
f 3387/718/3384 3386/717/3383 3391/205/3388
f 3388/720/3385 3387/718/3384 3392/349/3389
f 3389/722/3386 3388/720/3385 3393/238/3390
f 3390/721/3387 3389/722/3386 3394/350/3391
f 2126/9/2123 3396/240/3393 3397/241/3394
f 2128/209/2125 2127/239/2124 3397/241/3394
f 2129/242/2126 2128/209/2125 3398/243/3395
f 2130/211/2127 2129/242/2126 3399/244/3396
f 3396/240/3393 3401/245/3398 3402/246/3399
f 3398/243/3395 3397/241/3394 3402/246/3399
f 3399/244/3396 3398/243/3395 3403/247/3400
f 3400/249/3397 3399/244/3396 3404/252/3401
f 3401/245/3398 3406/250/3403 3407/251/3404
f 3403/247/3400 3402/246/3399 3407/251/3404
f 3404/252/3401 3403/247/3400 3408/253/3405
f 3405/248/3402 3404/252/3401 3409/257/3406
f 3406/250/3403 3411/255/3408 3412/256/3409
f 3408/253/3405 3407/251/3404 3412/256/3409
f 3409/257/3406 3408/253/3405 3413/258/3410
f 3410/254/3407 3409/257/3406 3414/263/3411
f 3411/255/3408 3416/260/3413 3417/261/3414
f 3413/258/3410 3412/256/3409 3417/261/3414
f 3414/263/3411 3413/258/3410 3418/267/3415
f 3415/259/3412 3414/263/3411 3419/262/3416
f 3416/260/3413 3421/265/3418 3422/270/3419
f 3417/261/3414 3422/270/3419 3423/266/3420
f 3419/262/3416 3418/267/3415 3423/266/3420
f 3420/264/3417 3419/262/3416 3424/268/3421
f 3421/265/3418 3426/271/3423 3427/275/3424
f 3422/270/3419 3427/275/3424 3428/272/3425
f 3423/266/3420 3428/272/3425 3429/273/3426
f 3425/269/3422 3424/268/3421 3429/273/3426
f 3426/271/3423 3431/182/3428 3432/278/3429
f 3427/275/3424 3432/278/3429 3433/220/3430
f 3428/272/3425 3433/220/3430 3434/276/3431
f 3430/274/3427 3429/273/3426 3434/276/3431
f 3431/182/3428 3436/283/3433 3437/277/3434
f 3432/278/3429 3437/277/3434 3438/279/3435
f 3433/220/3430 3438/279/3435 3439/280/3436
f 3435/222/3432 3434/276/3431 3439/280/3436
f 3436/283/3433 3441/288/3438 3442/282/3439
f 3437/277/3434 3442/282/3439 3443/284/3440
f 3438/279/3435 3443/284/3440 3444/285/3441
f 3439/280/3436 3444/285/3441 3445/286/3442
f 3441/288/3438 3446/293/3443 3447/287/3444
f 3442/282/3439 3447/287/3444 3448/289/3445
f 3443/284/3440 3448/289/3445 3449/290/3446
f 3444/285/3441 3449/290/3446 3450/291/3447
f 3446/293/3443 3451/38/3448 3452/292/3449
f 3447/287/3444 3452/292/3449 3453/294/3450
f 3448/289/3445 3453/294/3450 3454/295/3451
f 3449/290/3446 3454/295/3451 3455/296/3452
f 3451/38/3448 3456/302/3453 3457/297/3454
f 3452/292/3449 3457/297/3454 3458/298/3455
f 3453/294/3450 3458/298/3455 3459/299/3456
f 3454/295/3451 3459/299/3456 3460/300/3457
f 3456/302/3453 3461/301/3458 3462/306/3459
f 3457/297/3454 3462/306/3459 3463/303/3460
f 3458/298/3455 3463/303/3460 3464/304/3461
f 3459/299/3456 3464/304/3461 3465/305/3462
f 3461/301/3458 3466/307/3463 3467/311/3464
f 3462/306/3459 3467/311/3464 3468/308/3465
f 3463/303/3460 3468/308/3465 3469/309/3466
f 3464/304/3461 3469/309/3466 3470/310/3467
f 3466/307/3463 3471/198/3468 3472/313/3469
f 3467/311/3464 3472/313/3469 3473/229/3470
f 3468/308/3465 3473/229/3470 3474/312/3471
f 3469/309/3466 3474/312/3471 3475/231/3472
f 3472/313/3469 3471/198/3468 3476/314/3473
f 3472/313/3469 3477/318/3474 3478/315/3475
f 3473/229/3470 3478/315/3475 3479/316/3476
f 3474/312/3471 3479/316/3476 3480/317/3477
f 3477/318/3474 3476/314/3473 3481/319/3478
f 3477/318/3474 3482/320/3479 3483/324/3480
f 3478/315/3475 3483/324/3480 3484/321/3481
f 3479/316/3476 3484/321/3481 3485/322/3482
f 3482/320/3479 3481/319/3478 3486/323/3483
f 3482/320/3479 3487/325/3484 3488/329/3485
f 3483/324/3480 3488/329/3485 3489/326/3486
f 3484/321/3481 3489/326/3486 3490/327/3487
f 3487/325/3484 3486/323/3483 3491/328/3488
f 3488/329/3485 3487/325/3484 3492/330/3489
f 3489/326/3486 3488/329/3485 3493/334/3490
f 3489/326/3486 3494/331/3491 3495/332/3492
f 3492/330/3489 3491/328/3488 3496/333/3493
f 3493/334/3490 3492/330/3489 3497/335/3494
f 3494/331/3491 3493/334/3490 3498/340/3495
f 3494/331/3491 3499/336/3496 3500/337/3497
f 3497/335/3494 3496/333/3493 3501/338/3498
f 3498/340/3495 3497/335/3494 3502/343/3499
f 3499/336/3496 3498/340/3495 3503/339/3500
f 3499/336/3496 3504/341/3501 3505/342/3502
f 3502/343/3499 3501/338/3498 3506/344/3503
f 3503/339/3500 3502/343/3499 3507/348/3504
f 3504/341/3501 3503/339/3500 3508/345/3505
f 3504/341/3501 3509/346/3506 3510/347/3507
f 3507/348/3504 3506/344/3503 3511/205/3508
f 3508/345/3505 3507/348/3504 3512/349/3509
f 3509/346/3506 3508/345/3505 3513/238/3510
f 3510/347/3507 3509/346/3506 3514/350/3511
f 3516/9/3513 3521/240/3518 3522/241/3519
f 3517/239/3514 3522/241/3519 3523/243/3520
f 3518/209/3515 3523/243/3520 3524/244/3521
f 3519/242/3516 3524/244/3521 3525/249/3522
f 3521/240/3518 3526/245/3523 3527/246/3524
f 3522/241/3519 3527/246/3524 3528/247/3525
f 3523/243/3520 3528/247/3525 3529/252/3526
f 3524/244/3521 3529/252/3526 3530/248/3527
f 3526/245/3523 3531/250/3528 3532/251/3529
f 3527/246/3524 3532/251/3529 3533/253/3530
f 3528/247/3525 3533/253/3530 3534/257/3531
f 3529/252/3526 3534/257/3531 3535/254/3532
f 3531/250/3528 3536/255/3533 3537/256/3534
f 3532/251/3529 3537/256/3534 3538/258/3535
f 3533/253/3530 3538/258/3535 3539/263/3536
f 3535/254/3532 3534/257/3531 3539/263/3536
f 3536/255/3533 3541/260/3538 3542/261/3539
f 3537/256/3534 3542/261/3539 3543/267/3540
f 3538/258/3535 3543/267/3540 3544/262/3541
f 3540/259/3537 3539/263/3536 3544/262/3541
f 3541/260/3538 3546/265/3543 3547/270/3544
f 3542/261/3539 3547/270/3544 3548/266/3545
f 3543/267/3540 3548/266/3545 3549/268/3546
f 3545/264/3542 3544/262/3541 3549/268/3546
f 3546/265/3543 3551/271/3548 3552/275/3549
f 3547/270/3544 3552/275/3549 3553/272/3550
f 3548/266/3545 3553/272/3550 3554/273/3551
f 3550/269/3547 3549/268/3546 3554/273/3551
f 3551/271/3548 3556/182/3553 3557/278/3554
f 3552/275/3549 3557/278/3554 3558/220/3555
f 3553/272/3550 3558/220/3555 3559/276/3556
f 3555/274/3552 3554/273/3551 3559/276/3556
f 3556/182/3553 3561/283/3558 2297/277/2294
f 3557/278/3554 2297/277/2294 3562/279/3559
f 3558/220/3555 3562/279/3559 3563/280/3560
f 3560/222/3557 3559/276/3556 3563/280/3560
f 3561/283/3558 3565/288/3562 3566/282/3563
f 2297/277/2294 3566/282/3563 3567/284/3564
f 3562/279/3559 3567/284/3564 3568/285/3565
f 3564/281/3561 3563/280/3560 3568/285/3565
f 3565/288/3562 3570/293/3567 3571/287/3568
f 3566/282/3563 3571/287/3568 3572/289/3569
f 3567/284/3564 3572/289/3569 3573/290/3570
f 3568/285/3565 3573/290/3570 3574/291/3571
f 3570/293/3567 3575/38/3572 3576/292/3573
f 3571/287/3568 3576/292/3573 3577/294/3574
f 3572/289/3569 3577/294/3574 3578/295/3575
f 3573/290/3570 3578/295/3575 3579/296/3576
f 3575/38/3572 3580/302/3577 3581/297/3578
f 3576/292/3573 3581/297/3578 3582/298/3579
f 3577/294/3574 3582/298/3579 3583/299/3580
f 3578/295/3575 3583/299/3580 3584/300/3581
f 3581/297/3578 3580/302/3577 3585/301/3582
f 3581/297/3578 3586/306/3583 3587/303/3584
f 3582/298/3579 3587/303/3584 3588/304/3585
f 3583/299/3580 3588/304/3585 3589/305/3586
f 3586/306/3583 3585/301/3582 3590/307/3587
f 3586/306/3583 3591/311/3588 3592/308/3589
f 3587/303/3584 3592/308/3589 3593/309/3590
f 3588/304/3585 3593/309/3590 3594/310/3591
f 3591/311/3588 3590/307/3587 3595/198/3592
f 3592/308/3589 3591/311/3588 3596/313/3593
f 3592/308/3589 3597/229/3594 3598/312/3595
f 3593/309/3590 3598/312/3595 3599/231/3596
f 3596/313/3593 3595/198/3592 3600/314/3597
f 3597/229/3594 3596/313/3593 3601/318/3598
f 3597/229/3594 3602/315/3599 3603/316/3600
f 3598/312/3595 3603/316/3600 3604/317/3601
f 3601/318/3598 3600/314/3597 3605/319/3602
f 3602/315/3599 3601/318/3598 3606/320/3603
f 3603/316/3600 3602/315/3599 3607/324/3604
f 3603/316/3600 3608/321/3605 3609/322/3606
f 3606/320/3603 3605/319/3602 3610/323/3607
f 3607/324/3604 3606/320/3603 3611/325/3608
f 3608/321/3605 3607/324/3604 3612/329/3609
f 3608/321/3605 3613/326/3610 3614/327/3611
f 3611/325/3608 3610/323/3607 2351/328/2348
f 3612/329/3609 3611/325/3608 3615/330/3612
f 3613/326/3610 3612/329/3609 3616/334/3613
f 3613/326/3610 3617/331/3614 3618/332/3615
f 3615/330/3612 2351/328/2348 3619/333/3616
f 3616/334/3613 3615/330/3612 3620/335/3617
f 3617/331/3614 3616/334/3613 3621/340/3618
f 3617/331/3614 3622/336/3619 3623/337/3620
f 3620/335/3617 3619/333/3616 3624/338/3621
f 3621/340/3618 3620/335/3617 3625/343/3622
f 3622/336/3619 3621/340/3618 3626/339/3623
f 3622/336/3619 3627/341/3624 3628/342/3625
f 3625/343/3622 3624/338/3621 3629/344/3626
f 3626/339/3623 3625/343/3622 3630/348/3627
f 3627/341/3624 3626/339/3623 3631/345/3628
f 3627/341/3624 3632/346/3629 3633/347/3630
f 3630/348/3627 3629/344/3626 3634/205/3631
f 3631/345/3628 3630/348/3627 3635/349/3632
f 3632/346/3629 3631/345/3628 3636/238/3633
f 3633/347/3630 3632/346/3629 3637/350/3634
f 3639/9/3636 3644/8/3641 3645/723/3642
f 3640/239/3637 3645/723/3642 3646/724/3643
f 3641/209/3638 3646/724/3643 3647/725/3644
f 3642/242/3639 3647/725/3644 3648/726/3645
f 3644/8/3641 3649/14/3646 3650/727/3647
f 3645/723/3642 3650/727/3647 3651/728/3648
f 3646/724/3643 3651/728/3648 3652/729/3649
f 3647/725/3644 3652/729/3649 3653/730/3650
f 3649/14/3646 3654/19/3651 3655/731/3652
f 3650/727/3647 3655/731/3652 3656/732/3653
f 3651/728/3648 3656/732/3653 3657/733/3654
f 3652/729/3649 3657/733/3654 3658/734/3655
f 3654/19/3651 3659/24/3656 3660/735/3657
f 3655/731/3652 3660/735/3657 3661/736/3658
f 3656/732/3653 3661/736/3658 3662/737/3659
f 3657/733/3654 3662/737/3659 3663/738/3660
f 3660/735/3657 3659/24/3656 3664/29/3661
f 3660/735/3657 3665/742/3662 3666/739/3663
f 3661/736/3658 3666/739/3663 3667/740/3664
f 3662/737/3659 3667/740/3664 3668/741/3665
f 3665/742/3662 3664/29/3661 3669/39/3666
f 3665/742/3662 3670/746/3667 3671/743/3668
f 3666/739/3663 3671/743/3668 3672/744/3669
f 3667/740/3664 3672/744/3669 3673/745/3670
f 3670/746/3667 3669/39/3666 3674/38/3671
f 3671/743/3668 3670/746/3667 3675/292/3672
f 3671/743/3668 3676/294/3673 3677/295/3674
f 3672/744/3669 3677/295/3674 3678/296/3675
f 3675/292/3672 3674/38/3671 3679/44/3676
f 3676/294/3673 3675/292/3672 3680/747/3677
f 3676/294/3673 3681/750/3678 3682/748/3679
f 3677/295/3674 3682/748/3679 3683/749/3680
f 3680/747/3677 3679/44/3676 3684/49/3681
f 3681/750/3678 3680/747/3677 3685/751/3682
f 3681/750/3678 3686/755/3683 3687/752/3684
f 3682/748/3679 3687/752/3684 3688/753/3685
f 3685/751/3682 3684/49/3681 3689/54/3686
f 3685/751/3682 3690/758/3687 3691/754/3688
f 3686/755/3683 3691/754/3688 3692/756/3689
f 3687/752/3684 3692/756/3689 3693/757/3690
f 3690/758/3687 3689/54/3686 3694/59/3691
f 3690/758/3687 3695/762/3692 3696/759/3693
f 3691/754/3688 3696/759/3693 3697/760/3694
f 3692/756/3689 3697/760/3694 3698/761/3695
f 3695/762/3692 3694/59/3691 3699/64/3696
f 3695/762/3692 3700/766/3697 3701/763/3698
f 3696/759/3693 3701/763/3698 3702/764/3699
f 3697/760/3694 3702/764/3699 3703/765/3700
f 3700/766/3697 3699/64/3696 3704/69/3701
f 3700/766/3697 3705/770/3702 3706/767/3703
f 3701/763/3698 3706/767/3703 3707/768/3704
f 3702/764/3699 3707/768/3704 3708/769/3705
f 3705/770/3702 3704/69/3701 3709/205/3706
f 3706/767/3703 3705/770/3702 3710/349/3707
f 3707/768/3704 3706/767/3703 3711/238/3708
f 3708/769/3705 3707/768/3704 3712/350/3709
f 3715/239/3712 3720/351/3717 3719/77/3716
f 3716/209/3713 3721/352/3718 3720/351/3717
f 3717/242/3714 3722/355/3719 3721/352/3718
f 3723/353/3720 3722/355/3719 3717/242/3714
f 3720/351/3717 3725/354/3722 3724/82/3721
f 3721/352/3718 3726/356/3723 3725/354/3722
f 3722/355/3719 3727/357/3724 3726/356/3723
f 3723/353/3720 3728/360/3725 3727/357/3724
f 3725/354/3722 3730/358/3727 3729/87/3726
f 3726/356/3723 3731/359/3728 3730/358/3727
f 3727/357/3724 3732/361/3729 3731/359/3728
f 3728/360/3725 3733/364/3730 3732/361/3729
f 3730/358/3727 3735/362/3732 3734/92/3731
f 3731/359/3728 3736/363/3733 3735/362/3732
f 3732/361/3729 3737/365/3734 3736/363/3733
f 3738/368/3735 3737/365/3734 3732/361/3729
f 3735/362/3732 3740/366/3737 3739/97/3736
f 3741/367/3738 3740/366/3737 3735/362/3732
f 3742/369/3739 3741/367/3738 3736/363/3733
f 3743/372/3740 3742/369/3739 3737/365/3734
f 3745/370/3742 3744/102/3741 3739/97/3736
f 3746/371/3743 3745/370/3742 3740/366/3737
f 3747/373/3744 3746/371/3743 3741/367/3738
f 3748/376/3745 3747/373/3744 3742/369/3739
f 3750/374/3747 3749/107/3746 3744/102/3741
f 3751/375/3748 3750/374/3747 3745/370/3742
f 3752/377/3749 3751/375/3748 3746/371/3743
f 3753/381/3750 3752/377/3749 3747/373/3744
f 3750/374/3747 3755/378/3752 3754/112/3751
f 3756/379/3753 3755/378/3752 3750/374/3747
f 3757/383/3754 3756/379/3753 3751/375/3748
f 3758/380/3755 3757/383/3754 3752/377/3749
f 3755/378/3752 3760/382/3757 3759/117/3756
f 3756/379/3753 3761/384/3758 3760/382/3757
f 3762/388/3759 3761/384/3758 3756/379/3753
f 3763/385/3760 3762/388/3759 3757/383/3754
f 3760/382/3757 3765/386/3762 3764/122/3761
f 3761/384/3758 3766/391/3763 3765/386/3762
f 3762/388/3759 3767/387/3764 3766/391/3763
f 3768/389/3765 3767/387/3764 3762/388/3759
f 3765/386/3762 3770/394/3767 3769/127/3766
f 3766/391/3763 3771/390/3768 3770/394/3767
f 3767/387/3764 3772/392/3769 3771/390/3768
f 3773/393/3770 3772/392/3769 3767/387/3764
f 3770/394/3767 3775/398/3772 3774/132/3771
f 3771/390/3768 3776/395/3773 3775/398/3772
f 3772/392/3769 3777/396/3774 3776/395/3773
f 3778/397/3775 3777/396/3774 3772/392/3769
f 3775/398/3772 3780/399/3777 3779/137/3776
f 3776/395/3773 3781/402/3778 3780/399/3777
f 3777/396/3774 3782/400/3779 3781/402/3778
f 3783/401/3780 3782/400/3779 3777/396/3774
f 3780/399/3777 3785/403/3782 3784/142/3781
f 3781/402/3778 3786/406/3783 3785/403/3782
f 3782/400/3779 3787/404/3784 3786/406/3783
f 3788/405/3785 3787/404/3784 3782/400/3779
f 3785/403/3782 3790/407/3787 3789/147/3786
f 3786/406/3783 3791/410/3788 3790/407/3787
f 3792/408/3789 3791/410/3788 3786/406/3783
f 3793/409/3790 3792/408/3789 3787/404/3784
f 3790/407/3787 3795/411/3792 3794/152/3791
f 3791/410/3788 3796/412/3793 3795/411/3792
f 3797/415/3794 3796/412/3793 3791/410/3788
f 3798/413/3795 3797/415/3794 3792/408/3789
f 3795/411/3792 3800/414/3797 3799/157/3796
f 3801/416/3798 3800/414/3797 3795/411/3792
f 3802/419/3799 3801/416/3798 3796/412/3793
f 3803/417/3800 3802/419/3799 3797/415/3794
f 3800/414/3797 3805/418/3802 3804/162/3801
f 3806/420/3803 3805/418/3802 3800/414/3797
f 3807/422/3804 3806/420/3803 3801/416/3798
f 3808/421/3805 3807/422/3804 3802/419/3799
f 3805/418/3802 3810/349/3807 3809/205/3806
f 3806/420/3803 3811/238/3808 3810/349/3807
f 3807/422/3804 3812/350/3809 3811/238/3808
f 3808/421/3805 3813/771/3810 3812/350/3809
f 3815/239/3812 3820/723/3817 3819/8/3816
f 3821/724/3818 3820/723/3817 3815/239/3812
f 3822/725/3819 3821/724/3818 3816/209/3813
f 3823/726/3820 3822/725/3819 3817/242/3814
f 3820/723/3817 3825/727/3822 3824/14/3821
f 3826/728/3823 3825/727/3822 3820/723/3817
f 3827/729/3824 3826/728/3823 3821/724/3818
f 3828/730/3825 3827/729/3824 3822/725/3819
f 3825/727/3822 3830/731/3827 3829/19/3826
f 3831/732/3828 3830/731/3827 3825/727/3822
f 3832/733/3829 3831/732/3828 3826/728/3823
f 3833/734/3830 3832/733/3829 3827/729/3824
f 3830/731/3827 3835/735/3832 3834/24/3831
f 3836/736/3833 3835/735/3832 3830/731/3827
f 3837/737/3834 3836/736/3833 3831/732/3828
f 3838/738/3835 3837/737/3834 3832/733/3829
f 3835/735/3832 3840/742/3837 3839/29/3836
f 3841/739/3838 3840/742/3837 3835/735/3832
f 3842/740/3839 3841/739/3838 3836/736/3833
f 3843/741/3840 3842/740/3839 3837/737/3834
f 3840/742/3837 3845/746/3842 3844/39/3841
f 3846/743/3843 3845/746/3842 3840/742/3837
f 3847/744/3844 3846/743/3843 3841/739/3838
f 3848/745/3845 3847/744/3844 3842/740/3839
f 3845/746/3842 3850/292/3847 3849/38/3846
f 3851/294/3848 3850/292/3847 3845/746/3842
f 3852/295/3849 3851/294/3848 3846/743/3843
f 3853/296/3850 3852/295/3849 3847/744/3844
f 3850/292/3847 3855/747/3852 3854/44/3851
f 3856/750/3853 3855/747/3852 3850/292/3847
f 3852/295/3849 3857/748/3854 3856/750/3853
f 3858/749/3855 3857/748/3854 3852/295/3849
f 3855/747/3852 3860/751/3857 3859/49/3856
f 3856/750/3853 3861/755/3858 3860/751/3857
f 3862/752/3859 3861/755/3858 3856/750/3853
f 3863/753/3860 3862/752/3859 3857/748/3854
f 3860/751/3857 3865/758/3862 3864/54/3861
f 3861/755/3858 3866/754/3863 3865/758/3862
f 3867/756/3864 3866/754/3863 3861/755/3858
f 3868/757/3865 3867/756/3864 3862/752/3859
f 3865/758/3862 3870/762/3867 3869/59/3866
f 3866/754/3863 3871/759/3868 3870/762/3867
f 3872/760/3869 3871/759/3868 3866/754/3863
f 3873/761/3870 3872/760/3869 3867/756/3864
f 3870/762/3867 3875/766/3872 3874/64/3871
f 3871/759/3868 3876/763/3873 3875/766/3872
f 3877/764/3874 3876/763/3873 3871/759/3868
f 3878/765/3875 3877/764/3874 3872/760/3869
f 3875/766/3872 3880/770/3877 3879/69/3876
f 3876/763/3873 3881/767/3878 3880/770/3877
f 3877/764/3874 3882/768/3879 3881/767/3878
f 3883/769/3880 3882/768/3879 3877/764/3874
f 3880/770/3877 3885/349/3882 3884/205/3881
f 3881/767/3878 3886/238/3883 3885/349/3882
f 3882/768/3879 3887/350/3884 3886/238/3883
f 3883/769/3880 3888/771/3885 3887/350/3884
f 3890/239/3887 3895/776/3892 3894/172/3891
f 3896/772/3893 3895/776/3892 3890/239/3887
f 3897/773/3894 3896/772/3893 3891/209/3888
f 3898/774/3895 3897/773/3894 3892/242/3889
f 3900/775/3897 3899/177/3896 3894/172/3891
f 3901/777/3898 3900/775/3897 3895/776/3892
f 3902/778/3899 3901/777/3898 3896/772/3893
f 3903/779/3900 3902/778/3899 3897/773/3894
f 3905/278/3902 3904/182/3901 3899/177/3896
f 3906/220/3903 3905/278/3902 3900/775/3897
f 3907/276/3904 3906/220/3903 3901/777/3898
f 3908/222/3905 3907/276/3904 3902/778/3899
f 3905/278/3902 3910/781/3907 3909/187/3906
f 3911/223/3908 3910/781/3907 3905/278/3902
f 3912/780/3909 3911/223/3908 3906/220/3903
f 3913/225/3910 3912/780/3909 3907/276/3904
f 3910/781/3907 3915/782/3912 3914/192/3911
f 3911/223/3908 3916/226/3913 3915/782/3912
f 3912/780/3909 3917/783/3914 3916/226/3913
f 3918/228/3915 3917/783/3914 3912/780/3909
f 3915/782/3912 3920/313/3917 3919/198/3916
f 3916/226/3913 3921/229/3918 3920/313/3917
f 3917/783/3914 3922/312/3919 3921/229/3918
f 3923/231/3920 3922/312/3919 3917/783/3914
f 3920/313/3917 3925/784/3922 3924/197/3921
f 3921/229/3918 3926/232/3923 3925/784/3922
f 3922/312/3919 3927/786/3924 3926/232/3923
f 3928/234/3925 3927/786/3924 3922/312/3919
f 3925/784/3922 3930/785/3927 3929/203/3926
f 3926/232/3923 3931/235/3928 3930/785/3927
f 3927/786/3924 3932/787/3929 3931/235/3928
f 3933/237/3930 3932/787/3929 3927/786/3924
f 3930/785/3927 3935/349/3932 3934/205/3931
f 3931/235/3928 3936/238/3933 3935/349/3932
f 3932/787/3929 3937/350/3934 3936/238/3933
f 3933/237/3930 3938/771/3935 3937/350/3934
f 3971/788/3968 3970/818/3967 3950/789/3947
f 3948/792/3945 3949/820/3946 3957/794/3954
f 3939/795/3936 3958/793/3955 3957/794/3954
f 3951/791/3948 3958/793/3955 3939/795/3936
f 3971/788/3968 3956/790/3953 3945/798/3942
f 3968/800/3965 3965/803/3962 3966/801/3963
f 3965/803/3962 3963/806/3960 3964/804/3961
f 3962/805/3959 3961/813/3958 3964/804/3961
f 3959/807/3956 3968/800/3965 3967/802/3964
f 3946/810/3943 3944/819/3941 3960/808/3957
f 3963/806/3960 3954/816/3951 3952/811/3949
f 3943/812/3940 3964/804/3961 3961/813/3958
f 3963/806/3960 3965/803/3962 3953/815/3950
f 3943/812/3940 3941/817/3938 3966/801/3963
f 3965/803/3962 3968/800/3965 3955/809/3952
f 3941/817/3938 3946/810/3943 3967/802/3964
f 3942/796/3939 3957/794/3954 3971/788/3968
f 3957/794/3954 3949/820/3946 3970/818/3967
f 4004/788/4001 3989/790/3986 3983/789/3980
f 3990/794/3987 3982/820/3979 3981/792/3978
f 3972/795/3969 3975/796/3972 3990/794/3987
f 3972/795/3969 3991/793/3988 3984/791/3981
f 3978/798/3975 3989/790/3986 4004/788/4001
f 4001/800/3998 4000/802/3997 3999/801/3996
f 3998/803/3995 3999/801/3996 3997/804/3994
f 3997/804/3994 3994/813/3991 3995/805/3992
f 3992/807/3989 3993/808/3990 4000/802/3997
f 3979/810/3976 4000/802/3997 3993/808/3990
f 3985/811/3982 3987/816/3984 3996/806/3993
f 3994/813/3991 3997/804/3994 3976/812/3973
f 3987/816/3984 3986/815/3983 3998/803/3995
f 3976/812/3973 3997/804/3994 3999/801/3996
f 3998/803/3995 3986/815/3983 3988/809/3985
f 3974/817/3971 3999/801/3996 4000/802/3997
f 3975/796/3972 4002/799/3999 4004/788/4001
f 3990/794/3987 4004/788/4001 4003/818/4000
f 4012/821/4009 4006/831/4003 4008/822/4005
f 4014/824/4011 4009/827/4006 4010/825/4007
f 4012/821/4009 4013/823/4010 4007/829/4004
f 4006/831/4003 4014/824/4011 4015/826/4012
f 4023/821/4020 4024/823/4021 4019/822/4016
f 4021/825/4018 4020/827/4017 4025/824/4022
f 4018/829/4015 4024/823/4021 4023/821/4020
f 4026/826/4023 4025/824/4022 4017/831/4014
