# Blender 4.5.5 LTS
# www.blender.org
o Dress
v 0.610412 -0.169697 -0.201577
v 0.610591 -0.165850 -0.215557
v 0.548699 -0.212342 -0.216058
v 0.550798 -0.206900 -0.231791
v 0.552630 -0.212802 -0.200827
v 0.517128 -0.015107 -0.175688
v 0.496851 -0.042281 -0.128194
v 0.479911 -0.054053 -0.124521
v 0.461307 -0.066457 -0.126088
v 0.443646 -0.076213 -0.135482
v 0.508802 -0.013395 -0.198641
v 0.457066 -0.040705 -0.223924
v 0.478979 -0.026719 -0.221474
v 0.430376 -0.080412 -0.153501
v 0.423964 -0.077737 -0.177454
v 0.438372 -0.055276 -0.217949
v 0.495687 -0.017393 -0.214204
v 0.517251 -0.020620 -0.157771
v 0.426623 -0.068515 -0.201207
v 0.509126 -0.031547 -0.138711
v 0.493242 0.037068 -0.162301
v 0.442964 -0.005662 -0.100151
v 0.404620 -0.033594 -0.115894
v 0.449510 0.018833 -0.215031
v 0.391295 -0.034587 -0.164572
v 0.492298 0.031742 -0.140736
v 0.481494 0.020486 -0.117542
v 0.465615 0.008683 -0.104553
v 0.421244 -0.022088 -0.103071
v 0.484950 0.038086 -0.190012
v 0.423646 0.002651 -0.218555
v 0.394971 -0.037534 -0.138077
v 0.403699 -0.013632 -0.209925
v 0.470360 0.032549 -0.208608
v 0.393539 -0.026339 -0.190182
v 0.525697 -0.090365 -0.150233
v 0.499992 -0.109661 -0.147427
v 0.536274 -0.070782 -0.207943
v 0.497201 -0.093390 -0.230199
v 0.470983 -0.128218 -0.170411
v 0.480688 -0.106142 -0.226641
v 0.526419 -0.075024 -0.220535
v 0.467981 -0.119683 -0.213343
v 0.542299 -0.071187 -0.189603
v 0.513111 -0.099176 -0.146468
v 0.484631 -0.120472 -0.154992
v 0.513119 -0.084440 -0.226005
v 0.464094 -0.128489 -0.192089
v 0.542077 -0.074705 -0.174923
v 0.535399 -0.082242 -0.159297
v 0.557348 -0.136341 -0.166727
v 0.535248 -0.152275 -0.165667
v 0.567698 -0.118777 -0.219292
v 0.531898 -0.138984 -0.236611
v 0.512848 -0.167125 -0.186846
v 0.519698 -0.150746 -0.232127
v 0.556987 -0.122211 -0.230111
v 0.510729 -0.161122 -0.220481
v 0.574125 -0.119037 -0.202530
v 0.546055 -0.143748 -0.163754
v 0.523093 -0.161314 -0.173434
v 0.544677 -0.129773 -0.234763
v 0.508107 -0.167290 -0.203810
v 0.573812 -0.122476 -0.188472
v 0.567086 -0.129332 -0.174732
v 0.778330 -0.318187 -0.229736
v 0.762664 -0.302875 -0.334605
v 0.627512 -0.346547 -0.220969
v 0.754268 -0.288684 -0.218922
v 0.738341 -0.273578 -0.323821
v 0.623374 -0.320643 -0.301582
v 0.593927 -0.273991 -0.284789
v 0.713061 -0.296404 -0.222001
v 0.692283 -0.252016 -0.210148
v 0.707277 -0.279621 -0.313225
v 0.690292 -0.239978 -0.294196
v 0.797204 -0.276002 -0.222785
v 0.744810 -0.238743 -0.307372
v 0.766801 -0.247968 -0.215170
v 0.767953 -0.266827 -0.323740
v 0.649384 -0.297984 -0.305421
v 0.658989 -0.322093 -0.217447
v 0.623318 -0.251061 -0.287889
v 0.609700 -0.344638 -0.266306
v 0.565158 -0.264002 -0.231616
v 0.764331 -0.310372 -0.309566
v 0.681005 -0.207630 -0.245358
v 0.746059 -0.216251 -0.265820
v 0.689518 -0.301439 -0.220319
v 0.663493 -0.239063 -0.286504
v 0.681412 -0.281268 -0.305508
v 0.646961 -0.191526 -0.229976
v 0.611112 -0.350052 -0.248226
v 0.616865 -0.351272 -0.231922
v 0.769616 -0.314209 -0.269599
v 0.772913 -0.315969 -0.251531
v 0.571490 -0.260462 -0.210526
v 0.681979 -0.220931 -0.212508
v 0.680295 -0.207113 -0.226637
v 0.755129 -0.225551 -0.226418
v 0.750931 -0.215224 -0.245449
v 0.646910 -0.193263 -0.213229
v 0.569149 -0.249879 -0.251771
v 0.682391 -0.216370 -0.268619
v 0.741242 -0.223819 -0.286143
v 0.613530 -0.334592 -0.285338
v 0.767184 -0.313012 -0.288175
v 0.632617 -0.278385 -0.198224
v 0.597682 -0.298383 -0.206160
v 0.666374 -0.253682 -0.205269
v 0.814412 -0.211786 -0.292804
v 0.838539 -0.226399 -0.299497
v 0.867201 -0.216902 -0.261142
v 0.868521 -0.223260 -0.240610
v 0.848083 -0.206316 -0.232183
v 0.843676 -0.199996 -0.252960
v 0.831455 -0.202176 -0.273566
v 0.858791 -0.217154 -0.279374
v 0.793411 -0.227688 -0.310377
v 0.806761 -0.245114 -0.319475
v 0.844656 -0.221299 -0.215123
v 0.859704 -0.237956 -0.219784
v 0.572643 -0.299954 -0.252200
v 0.575807 -0.304243 -0.233716
v 0.580241 -0.287608 -0.272859
v 0.585447 -0.302685 -0.217165
v 0.647290 -0.264520 -0.200361
v 0.662857 -0.288452 -0.304183
v 0.673065 -0.310779 -0.218515
v 0.640226 -0.243269 -0.285655
v 0.615137 -0.289115 -0.200950
v 0.636628 -0.308592 -0.304926
v 0.643311 -0.334635 -0.218206
v 0.609159 -0.262442 -0.287139
v 0.571180 -0.200524 -0.182096
v 0.581590 -0.192518 -0.179893
v 0.592953 -0.185170 -0.182403
v 0.604444 -0.178128 -0.189663
v 0.560719 -0.209063 -0.189220
v 0.626388 -0.224654 -0.191722
v 0.647299 -0.211917 -0.200769
v 0.595846 -0.248618 -0.192454
v 0.611447 -0.236946 -0.189154
v 0.580977 -0.257422 -0.198918
v 0.565865 -0.185977 -0.245975
v 0.576326 -0.175974 -0.246018
v 0.557409 -0.198270 -0.242150
v 0.588789 -0.168537 -0.242152
v 0.603497 -0.165750 -0.233028
v 0.621527 -0.209395 -0.262577
v 0.646161 -0.202576 -0.255884
v 0.591775 -0.230296 -0.264025
v 0.605385 -0.218972 -0.265263
v 0.578756 -0.240252 -0.261174
v 0.787586 -0.257858 -0.324525
v 0.831400 -0.259593 -0.219828
v 0.807641 -0.235206 -0.214056
v 0.794031 -0.208098 -0.249719
v 0.799583 -0.215915 -0.229431
v 0.773665 -0.218596 -0.290292
v 0.769134 -0.233592 -0.310448
v 0.784466 -0.209999 -0.270605
v 0.713195 -0.222399 -0.278735
v 0.737694 -0.323847 -0.247599
v 0.811240 -0.304122 -0.255142
v 0.678141 -0.350457 -0.242482
v 0.717982 -0.225336 -0.220652
v 0.715473 -0.213843 -0.237569
v 0.737037 -0.314797 -0.304001
v 0.739901 -0.318184 -0.283206
v 0.791140 -0.301952 -0.313550
v 0.795988 -0.303299 -0.292621
v 0.673078 -0.335259 -0.295685
v 0.673937 -0.341527 -0.276626
v 0.717744 -0.319419 -0.279840
v 0.694194 -0.328086 -0.277718
v 0.715357 -0.327555 -0.245273
v 0.713452 -0.315454 -0.298491
v 0.739572 -0.320553 -0.264832
v 0.802352 -0.303540 -0.274261
v 0.675445 -0.346520 -0.259510
v 0.714231 -0.214922 -0.257299
v 0.717921 -0.323077 -0.262332
v 0.695451 -0.337469 -0.243632
v 0.695287 -0.332759 -0.260579
v 0.691188 -0.323182 -0.296152
v 0.821311 -0.284832 -0.314493
v 0.840882 -0.281860 -0.274932
v 0.832282 -0.282279 -0.293481
v 0.849472 -0.283466 -0.254810
v 0.797530 -0.277199 -0.218798
v 0.718863 -0.240276 -0.301869
v 0.614463 -0.353891 -0.230119
v 0.626646 -0.348483 -0.217592
v 0.635647 -0.307954 -0.308889
v 0.621409 -0.320985 -0.305061
v 0.690289 -0.302267 -0.216305
v 0.713618 -0.297406 -0.217992
v 0.767704 -0.265602 -0.327673
v 0.706328 -0.278951 -0.317208
v 0.753854 -0.287564 -0.222921
v 0.662488 -0.287304 -0.308174
v 0.648798 -0.297004 -0.309434
v 0.643664 -0.335781 -0.214256
v 0.659747 -0.322933 -0.213430
v 0.610583 -0.336193 -0.287565
v 0.606446 -0.346926 -0.267331
v 0.673993 -0.311477 -0.214506
v 0.680715 -0.280384 -0.309511
v 0.607993 -0.352690 -0.247985
v 0.839937 -0.224131 -0.302597
v 0.807145 -0.243437 -0.323224
v 0.787443 -0.256546 -0.328459
v 0.730507 -0.308356 -0.328017
v 0.832102 -0.260752 -0.215297
v 0.862191 -0.238228 -0.214057
v 0.871726 -0.221387 -0.238711
v 0.870262 -0.214258 -0.261535
v 0.861165 -0.214502 -0.281331
v 0.704665 -0.309979 -0.320312
v 0.714316 -0.331800 -0.227106
v 0.698078 -0.340961 -0.225309
v 0.885266 -0.243973 -0.292135
v 0.792031 -0.294907 -0.338424
v 0.739009 -0.274467 -0.319871
v 0.632095 -0.382162 -0.258783
v 0.632364 -0.378618 -0.278951
v 0.636761 -0.368205 -0.299297
v 0.885927 -0.266831 -0.227874
v 0.856135 -0.289955 -0.227070
v 0.728626 -0.251329 -0.213529
v 0.894363 -0.243729 -0.272338
v 0.895734 -0.250644 -0.250254
v 0.647588 -0.353000 -0.316784
v 0.821626 -0.306666 -0.229680
v 0.737650 -0.326936 -0.228793
v 0.811675 -0.285925 -0.339223
v 0.831268 -0.272893 -0.334020
v 0.864038 -0.253602 -0.313401
v 0.661828 -0.339970 -0.320604
v 0.650747 -0.377955 -0.228392
v 0.638564 -0.383364 -0.240918
v 0.684333 -0.352176 -0.223770
v 0.667765 -0.365253 -0.225058
v 0.672853 -0.326295 -0.320839
v 0.686546 -0.316811 -0.318976
v 0.671248 -0.410375 -0.314757
v 0.692712 -0.393962 -0.311639
v 0.691405 -0.401915 -0.292712
v 0.667107 -0.421100 -0.294559
v 0.704342 -0.409990 -0.241348
v 0.696716 -0.409849 -0.258904
v 0.714723 -0.395203 -0.258739
v 0.717040 -0.398849 -0.243442
v 0.709659 -0.380005 -0.311942
v 0.709434 -0.371041 -0.337096
v 0.710518 -0.386273 -0.292883
v 0.712026 -0.391266 -0.275767
v 0.692650 -0.407109 -0.275618
v 0.675127 -0.428071 -0.257322
v 0.687316 -0.422675 -0.244747
v 0.696327 -0.382165 -0.335971
v 0.682082 -0.395183 -0.332195
v 0.668654 -0.426863 -0.275214
v 0.369713 0.184573 0.024714
v 0.367274 0.183539 0.038970
v 0.302438 0.150434 0.012651
v 0.301648 0.149989 0.029406
v 0.309473 0.154343 -0.000873
v 0.299814 0.352346 0.040073
v 0.287593 0.346012 -0.016635
v 0.270757 0.339085 -0.027008
v 0.251120 0.330131 -0.033060
v 0.230985 0.320918 -0.030814
v 0.286979 0.347803 0.060413
v 0.228601 0.322725 0.065383
v 0.251798 0.332890 0.071735
v 0.213820 0.313316 -0.017931
v 0.202726 0.309021 0.003989
v 0.210276 0.314243 0.051610
v 0.270509 0.341166 0.071133
v 0.303225 0.353071 0.021653
v 0.201136 0.309371 0.029557
v 0.298330 0.350506 -0.001110
v 0.284601 0.409231 0.042245
v 0.244828 0.398223 -0.038460
v 0.201444 0.373465 -0.040255
v 0.229022 0.382269 0.077021
v 0.177981 0.358808 0.001966
v 0.287773 0.411502 0.020357
v 0.281128 0.410432 -0.006774
v 0.267313 0.406353 -0.025553
v 0.221477 0.385602 -0.045210
v 0.270714 0.402477 0.066724
v 0.201538 0.370367 0.070223
v 0.186932 0.364137 -0.022846
v 0.182396 0.361371 0.053189
v 0.252010 0.393660 0.079443
v 0.175494 0.357713 0.028828
v 0.306178 0.289271 -0.008570
v 0.279897 0.276522 -0.022270
v 0.306038 0.286813 0.053234
v 0.261077 0.264994 0.059195
v 0.244959 0.256558 -0.012527
v 0.244533 0.257048 0.048653
v 0.293348 0.280381 0.061677
v 0.233696 0.250926 0.029502
v 0.315778 0.291444 0.037218
v 0.293884 0.284405 -0.017253
v 0.262285 0.266545 -0.021698
v 0.278325 0.272044 0.061158
v 0.233599 0.250348 0.006178
v 0.318356 0.293020 0.022426
v 0.314467 0.292242 0.004265
v 0.328882 0.235843 -0.004393
v 0.306062 0.225047 -0.014696
v 0.329424 0.233230 0.051923
v 0.288936 0.214717 0.054737
v 0.278299 0.208023 -0.004198
v 0.276880 0.207278 0.044412
v 0.316361 0.228273 0.058877
v 0.269634 0.202936 0.028526
v 0.339231 0.237411 0.037478
v 0.317814 0.231806 -0.011635
v 0.291698 0.216118 -0.012775
v 0.302658 0.221764 0.058429
v 0.270045 0.203100 0.010563
v 0.341596 0.238872 0.023271
v 0.337325 0.238117 0.007078
v 0.512262 0.009310 0.026046
v 0.476106 -0.008209 0.125360
v 0.364770 0.010899 -0.017209
v 0.494095 0.044296 0.022530
v 0.457659 0.026618 0.121755
v 0.346050 0.009262 0.065457
v 0.325619 0.063052 0.061611
v 0.452629 0.042962 0.015759
v 0.439342 0.091585 0.017104
v 0.429142 0.029639 0.104685
v 0.420609 0.075569 0.098378
v 0.536245 0.047680 0.037733
v 0.470896 0.063330 0.120030
v 0.511088 0.081307 0.035583
v 0.487121 0.027997 0.129008
v 0.372738 0.024750 0.081349
v 0.398523 0.029559 -0.006543
v 0.355777 0.078471 0.077483
v 0.337947 0.000781 0.022218
v 0.310019 0.094552 0.011421
v 0.482345 -0.007252 0.099942
v 0.425218 0.123202 0.063341
v 0.483214 0.097657 0.089964
v 0.429612 0.042748 0.008503
v 0.396300 0.083400 0.087156
v 0.405493 0.034939 0.092688
v 0.397008 0.148884 0.049212
v 0.342654 0.001436 0.003899
v 0.351614 0.004687 -0.010577
v 0.495655 0.001396 0.062685
v 0.502552 0.005132 0.045985
v 0.321034 0.103702 -0.005678
v 0.431883 0.121435 0.028564
v 0.428584 0.129937 0.046178
v 0.499545 0.100411 0.051924
v 0.492410 0.104476 0.072394
v 0.400371 0.152765 0.033177
v 0.310977 0.100418 0.035633
v 0.420727 0.107221 0.081883
v 0.473440 0.084760 0.105183
v 0.338586 0.003250 0.043928
v 0.489435 -0.003173 0.079798
v 0.381309 0.080895 -0.013154
v 0.343690 0.065508 -0.018756
v 0.415041 0.095945 0.007704
v 0.544311 0.081595 0.127774
v 0.564889 0.061797 0.132781
v 0.601886 0.078430 0.105626
v 0.606935 0.079025 0.084701
v 0.590544 0.100946 0.079538
v 0.582437 0.100748 0.100161
v 0.565937 0.094002 0.116314
v 0.589786 0.073620 0.120913
v 0.518575 0.064541 0.134812
v 0.527887 0.043132 0.139241
v 0.589389 0.093172 0.057962
v 0.601375 0.073649 0.058863
v 0.309349 0.053125 0.018881
v 0.315957 0.054667 0.000880
v 0.313529 0.056574 0.043530
v 0.329020 0.059936 -0.012192
v 0.396477 0.090648 -0.003832
v 0.387036 0.031779 0.085831
v 0.413089 0.037390 0.000793
v 0.373455 0.083637 0.081006
v 0.362681 0.072931 -0.017359
v 0.359403 0.017169 0.075011
v 0.381888 0.020255 -0.012899
v 0.341056 0.070488 0.070403
v 0.332717 0.168813 -0.010670
v 0.344095 0.175249 -0.008127
v 0.355325 0.179370 -0.001321
v 0.365632 0.181629 0.009770
v 0.320186 0.160278 -0.008882
v 0.381937 0.134033 -0.001151
v 0.401578 0.139435 0.015171
v 0.349738 0.116587 -0.014054
v 0.366756 0.125928 -0.010357
v 0.333037 0.108755 -0.013702
v 0.315316 0.162294 0.052379
v 0.326459 0.169842 0.057704
v 0.306707 0.153522 0.043096
v 0.340131 0.175952 0.058858
v 0.356652 0.179087 0.053901
v 0.363555 0.125814 0.068645
v 0.389600 0.130251 0.069007
v 0.332272 0.110851 0.057616
v 0.346349 0.118712 0.065034
v 0.319249 0.104692 0.049297
v 0.506917 0.032815 0.136178
v 0.571728 0.058221 0.046523
v 0.552273 0.086746 0.045885
v 0.534085 0.102534 0.086033
v 0.543052 0.100989 0.065521
v 0.504578 0.082864 0.116257
v 0.494385 0.063065 0.128740
v 0.520133 0.095513 0.102985
v 0.447907 0.093174 0.094193
v 0.468389 0.004953 0.033705
v 0.540195 0.008591 0.059892
v 0.408987 -0.008210 0.009645
v 0.464697 0.108680 0.040501
v 0.459771 0.114242 0.059720
v 0.456574 -0.005004 0.088703
v 0.463474 -0.001816 0.068845
v 0.508376 -0.005187 0.111059
v 0.517434 -0.000389 0.092131
v 0.394179 -0.010668 0.063142
v 0.398474 -0.010395 0.043527
v 0.442538 0.001825 0.061616
v 0.419252 -0.001622 0.052668
v 0.446813 0.005983 0.026528
v 0.434766 0.000115 0.079468
v 0.466852 0.002057 0.051043
v 0.527523 0.004345 0.076210
v 0.403110 -0.009680 0.026260
v 0.454236 0.106980 0.077287
v 0.446097 0.004131 0.044239
v 0.426842 0.000612 0.018188
v 0.423521 -0.000534 0.035424
v 0.412869 -0.002602 0.070867
v 0.539183 0.005406 0.123019
v 0.566960 0.017878 0.090929
v 0.554592 0.012840 0.106416
v 0.579456 0.021550 0.073275
v 0.537298 0.047820 0.033695
v 0.446705 0.068024 0.110097
v 0.349407 0.003241 -0.013565
v 0.364460 0.010350 -0.021146
v 0.357664 0.016627 0.078720
v 0.343362 0.008130 0.068209
v 0.431139 0.043165 0.004645
v 0.453929 0.043251 0.011808
v 0.486157 0.027889 0.133019
v 0.427432 0.029115 0.108429
v 0.492947 0.044096 0.026537
v 0.385936 0.031600 0.089848
v 0.371406 0.024443 0.085291
v 0.382964 0.020424 -0.016882
v 0.400036 0.029968 -0.010411
v 0.335087 0.001522 0.044919
v 0.334339 -0.001141 0.021809
v 0.414779 0.037900 -0.002989
v 0.404046 0.034566 0.096568
v 0.339415 -0.000419 0.002223
v 0.565807 0.062658 0.136669
v 0.527623 0.043399 0.143348
v 0.506065 0.032770 0.140240
v 0.445724 -0.005797 0.111995
v 0.573265 0.058512 0.042060
v 0.604991 0.074860 0.053911
v 0.610641 0.080857 0.084151
v 0.605036 0.080251 0.107434
v 0.591936 0.075050 0.124049
v 0.422098 -0.000482 0.100022
v 0.449271 0.008162 0.008133
v 0.432972 0.002932 0.000529
v 0.610146 0.040092 0.127574
v 0.504614 -0.006935 0.136592
v 0.459067 0.026975 0.117916
v 0.357626 -0.035378 0.005743
v 0.353921 -0.038735 0.025602
v 0.354867 -0.036449 0.048745
v 0.622287 0.039781 0.060456
v 0.591228 0.023495 0.046561
v 0.474006 0.085069 0.026518
v 0.623246 0.045292 0.110960
v 0.628623 0.045870 0.088417
v 0.363145 -0.029840 0.072026
v 0.555486 0.012841 0.037292
v 0.472067 0.008251 0.015298
v 0.524419 -0.002112 0.143783
v 0.545858 0.008453 0.146876
v 0.584016 0.027699 0.140195
v 0.377449 -0.021344 0.082530
v 0.382670 -0.024609 -0.017624
v 0.367618 -0.031717 -0.010044
v 0.418839 -0.004707 -0.007150
v 0.401174 -0.014534 -0.013358
v 0.389460 -0.010537 0.089426
v 0.404101 -0.003384 0.093352
v 0.380923 -0.086473 0.053791
v 0.404067 -0.073757 0.060311
v 0.406063 -0.074734 0.039860
v 0.380164 -0.089139 0.030716
v 0.428832 -0.067564 -0.008109
v 0.417677 -0.071918 0.006825
v 0.436655 -0.061237 0.014861
v 0.441821 -0.060002 -0.000121
v 0.421847 -0.063696 0.068357
v 0.417129 -0.063564 0.094641
v 0.426142 -0.063422 0.048743
v 0.430778 -0.062708 0.031475
v 0.410419 -0.074170 0.022498
v 0.395240 -0.084754 -0.004682
v 0.410308 -0.077643 -0.012311
v 0.403535 -0.071361 0.087483
v 0.389217 -0.079861 0.077023
v 0.385239 -0.088417 0.011132
v 0.288605 0.429164 -0.026409
v 0.314245 0.459831 -0.049057
v 0.302413 0.420893 -0.041894
v 0.286019 0.456990 -0.021050
v 0.314577 0.434163 -0.052776
v 0.300526 0.471833 -0.033744
v 0.294482 0.422107 -0.033529
v 0.285022 0.442267 -0.021222
v 0.309865 0.425566 -0.048957
v 0.316330 0.446361 -0.053067
v 0.308534 0.469094 -0.041938
v 0.291888 0.467574 -0.025899
v 0.096757 0.457180 -0.174673
v 0.102138 0.445087 -0.181365
v 0.105812 0.500815 -0.190293
v 0.099773 0.489882 -0.177079
v 0.095304 0.473961 -0.173239
v 0.108085 0.496067 -0.218485
v 0.104897 0.441270 -0.185342
v 0.102739 0.481084 -0.230134
v 0.099113 0.438669 -0.190149
v 0.097014 0.439588 -0.204737
v 0.097705 0.462864 -0.228123
v 0.095145 0.447790 -0.218215
v 0.140223 0.446196 -0.135895
v 0.151456 0.492850 -0.137081
v 0.139362 0.463045 -0.131090
v 0.161749 0.500443 -0.148294
v 0.171963 0.498846 -0.163049
v 0.177822 0.486693 -0.175894
v 0.178284 0.469727 -0.183166
v 0.146587 0.433720 -0.147095
v 0.143327 0.479884 -0.131517
v 0.156616 0.432063 -0.162309
v 0.166172 0.439516 -0.175848
v 0.173971 0.453020 -0.183587
v 0.051548 0.507603 -0.158764
v 0.049172 0.523622 -0.206480
v 0.054889 0.521063 -0.170784
v 0.040636 0.509760 -0.221568
v 0.031511 0.490438 -0.225998
v 0.023550 0.471219 -0.218886
v 0.019060 0.457497 -0.205147
v 0.044696 0.489101 -0.153754
v 0.054781 0.527147 -0.188317
v 0.034970 0.470046 -0.157268
v 0.025564 0.457043 -0.169417
v 0.020517 0.452152 -0.187429
v 0.176453 0.444566 -0.106985
v 0.216986 0.440683 -0.076055
v 0.254927 0.435893 -0.046888
v 0.186802 0.488073 -0.108340
v 0.226068 0.480859 -0.078527
v 0.260505 0.473042 -0.047887
v 0.175203 0.459573 -0.101575
v 0.215550 0.454456 -0.071012
v 0.252750 0.448169 -0.041948
v 0.196738 0.493868 -0.119864
v 0.235667 0.485688 -0.089900
v 0.269670 0.478479 -0.058723
v 0.205975 0.490949 -0.133445
v 0.244409 0.482289 -0.102305
v 0.278503 0.475522 -0.070542
v 0.211707 0.480112 -0.145085
v 0.249843 0.472238 -0.112082
v 0.284037 0.466159 -0.079322
v 0.212708 0.464640 -0.151482
v 0.250987 0.458362 -0.117113
v 0.285577 0.452819 -0.083696
v 0.260559 0.427400 -0.055726
v 0.222562 0.430924 -0.085667
v 0.182292 0.433690 -0.117597
v 0.254520 0.461715 -0.042048
v 0.218705 0.469155 -0.071724
v 0.178826 0.475547 -0.101948
v 0.268778 0.424949 -0.066887
v 0.231098 0.427742 -0.097803
v 0.191358 0.430659 -0.131057
v 0.276949 0.429586 -0.076751
v 0.240256 0.432427 -0.109020
v 0.200952 0.436144 -0.143429
v 0.282937 0.439620 -0.082732
v 0.247517 0.443694 -0.116094
v 0.208749 0.448558 -0.151067
v 0.303913 0.414223 -0.026532
v 0.310820 0.388442 0.038466
v 0.323029 0.419085 -0.026593
v 0.331232 0.394456 0.043371
v 0.287266 0.458744 -0.018263
v 0.288888 0.448004 0.067379
v 0.316278 0.465356 -0.017720
v 0.307529 0.455235 0.071720
v 0.303366 0.397129 0.008590
v 0.328795 0.405696 0.012220
v 0.308378 0.467385 0.034669
v 0.276967 0.455454 0.031643
v 0.323469 0.454131 -0.018854
v 0.327363 0.438888 -0.021919
v 0.326738 0.426735 -0.024988
v 0.328143 0.405120 0.056548
v 0.321159 0.421305 0.070793
v 0.313631 0.439260 0.074509
v 0.296665 0.421048 -0.024812
v 0.287335 0.437800 -0.021295
v 0.292940 0.433065 0.069213
v 0.299547 0.415695 0.065067
v 0.306336 0.399377 0.050638
v 0.278651 0.437944 0.026487
v 0.285260 0.424381 0.017316
v 0.294946 0.408924 0.012591
v 0.329338 0.419124 0.017729
v 0.325027 0.434465 0.023723
v 0.319431 0.450110 0.028448
v 0.311961 0.374046 0.058449
v 0.325922 0.379053 0.063337
v 0.308262 0.381037 0.064138
v 0.322306 0.385485 0.069079
v 0.307993 0.366700 0.068366
v 0.320516 0.371366 0.073135
v 0.304444 0.374273 0.072800
v 0.316917 0.378162 0.077528
v 0.299859 0.357015 0.084327
v 0.310125 0.360309 0.088856
v 0.297607 0.362582 0.086816
v 0.307631 0.365546 0.091433
v 0.312481 0.393016 0.087285
v 0.311192 0.403213 0.091563
v 0.296927 0.400270 0.088593
v 0.298415 0.390124 0.084097
v 0.307061 0.386164 0.103969
v 0.305283 0.396061 0.107100
v 0.293094 0.393908 0.104472
v 0.294977 0.383987 0.101211
v 0.295129 0.380696 0.127540
v 0.293493 0.387537 0.129442
v 0.284018 0.386200 0.126331
v 0.285674 0.379258 0.124366
v 0.310708 0.414645 0.103238
v 0.305325 0.425840 0.103957
v 0.289208 0.422358 0.099734
v 0.294399 0.411048 0.099268
v 0.303015 0.409954 0.121635
v 0.300285 0.420498 0.122546
v 0.285961 0.417779 0.119330
v 0.288633 0.407110 0.118656
v 0.291453 0.405325 0.144017
v 0.289751 0.412728 0.145072
v 0.277689 0.411202 0.141831
v 0.279221 0.403676 0.140871
v 0.303803 0.441452 0.100210
v 0.301485 0.452449 0.100138
v 0.286597 0.449223 0.096326
v 0.288698 0.438271 0.096328
v 0.297584 0.439796 0.115171
v 0.295986 0.450274 0.115613
v 0.282953 0.448387 0.110404
v 0.284459 0.437869 0.109955
v 0.287082 0.437512 0.134694
v 0.286081 0.445154 0.135180
v 0.275024 0.443893 0.129242
v 0.275982 0.436251 0.128751
v 0.316749 0.366035 0.080173
v 0.313025 0.373346 0.084174
v 0.304026 0.361441 0.075053
v 0.300513 0.369542 0.079011
v 0.291227 0.380805 0.111184
v 0.303116 0.382814 0.114334
v 0.288952 0.390991 0.114180
v 0.300891 0.392912 0.117206
v 0.298566 0.407024 0.132230
v 0.296382 0.417810 0.133416
v 0.283299 0.404129 0.130481
v 0.281226 0.415132 0.131470
v 0.280377 0.436574 0.118611
v 0.293146 0.438111 0.124782
v 0.291742 0.448647 0.125414
v 0.279045 0.447121 0.119248
v 0.313205 0.382430 0.046995
v 0.329862 0.387726 0.052082
v 0.326643 0.394720 0.059353
v 0.309883 0.389665 0.053670
v 0.320083 0.401196 0.071250
v 0.316752 0.410898 0.077596
v 0.303633 0.397275 0.067128
v 0.300185 0.407010 0.073728
v 0.310860 0.431538 0.085860
v 0.293047 0.427022 0.081359
v 0.316413 0.419902 0.084690
v 0.298171 0.415270 0.080304
v 0.291504 0.437973 0.080823
v 0.308589 0.442457 0.084708
v 0.288986 0.449051 0.080478
v 0.305513 0.454133 0.084082
v 0.302427 0.478889 0.018759
v 0.308632 0.470320 -0.018429
v 0.278580 0.467632 0.014660
v 0.297812 0.475333 0.053403
v 0.279307 0.467262 0.048888
v 0.295545 0.483524 0.046913
v 0.276147 0.476178 0.039875
v 0.286409 0.488407 0.073187
v 0.275990 0.482760 0.072076
v 0.284010 0.494750 0.072923
v 0.272514 0.489719 0.070289
v 0.272880 0.451692 0.011358
v 0.278599 0.452510 -0.013460
v 0.279955 0.443981 -0.014841
v 0.282381 0.437962 -0.014734
v 0.274507 0.440844 0.010826
v 0.278291 0.432799 0.007996
v 0.275124 0.459633 0.006190
v 0.279169 0.457788 -0.012095
v 0.314008 0.413935 -0.027270
v 0.322425 0.387479 0.038062
v 0.328889 0.423085 -0.004054
v 0.296690 0.455580 0.069546
v 0.293391 0.463466 0.044529
v 0.317347 0.396879 0.008633
v 0.301960 0.435155 0.077239
v 0.309520 0.415934 0.074521
v 0.316882 0.399467 0.057319
v 0.303495 0.403510 -0.010292
v 0.314225 0.465922 0.004575
v 0.327679 0.411436 -0.007683
v 0.320560 0.373306 0.058622
v 0.314190 0.385387 0.068218
v 0.315674 0.365604 0.068921
v 0.309508 0.378435 0.076394
v 0.304892 0.356010 0.087141
v 0.301525 0.363936 0.090720
v 0.303637 0.405029 0.091577
v 0.306021 0.388424 0.084344
v 0.298606 0.398164 0.106862
v 0.301639 0.381913 0.101520
v 0.287468 0.387584 0.130219
v 0.289738 0.378195 0.127547
v 0.295879 0.427761 0.102137
v 0.304227 0.409247 0.101107
v 0.292236 0.422523 0.121398
v 0.296597 0.405057 0.120130
v 0.282556 0.412872 0.145496
v 0.284801 0.402663 0.144083
v 0.293363 0.454379 0.098229
v 0.297059 0.436341 0.098330
v 0.288974 0.452704 0.113148
v 0.291545 0.435454 0.112463
v 0.279596 0.445687 0.133803
v 0.280952 0.435127 0.133158
v 0.305554 0.373770 0.082764
v 0.311801 0.360062 0.075986
v 0.294194 0.395098 0.116743
v 0.297843 0.378600 0.111854
v 0.287819 0.419715 0.133552
v 0.291291 0.401924 0.131847
v 0.284920 0.451176 0.122587
v 0.287161 0.434011 0.121619
v 0.317256 0.394209 0.058579
v 0.323120 0.381559 0.047069
v 0.307448 0.411790 0.078195
v 0.312815 0.396233 0.067585
v 0.308910 0.413815 0.082670
v 0.300426 0.432823 0.084362
v 0.296215 0.455258 0.082162
v 0.300814 0.436623 0.083234
v 0.298084 0.468675 -0.018555
v 0.289970 0.477020 0.012751
v 0.291586 0.468781 0.055538
v 0.283642 0.483037 0.039679
v 0.281058 0.485759 0.074116
v 0.276444 0.495064 0.072699
v 0.325628 0.437089 0.000722
v 0.320669 0.452048 0.004364
v 0.286825 0.426509 -0.005305
v 0.295359 0.413857 -0.007989
v 0.307569 0.474982 -0.002173
v 0.283969 0.465986 -0.004618
v 0.274758 0.451289 -0.002589
v 0.275702 0.442718 -0.003292
v 0.279685 0.434622 -0.004389
v 0.277064 0.459037 -0.003928
v 0.295027 0.472992 -0.005200
v 0.316692 0.403482 -0.010380
v 0.306569 0.393209 0.024864
v 0.330232 0.400671 0.029085
v 0.308387 0.459121 0.053955
v 0.283874 0.449891 0.049911
v 0.286399 0.435488 0.046669
v 0.293094 0.420495 0.040898
v 0.299861 0.405097 0.031797
v 0.329935 0.413843 0.037869
v 0.324102 0.429341 0.046989
v 0.317484 0.445682 0.051662
v 0.295210 0.458757 0.054032
v 0.319808 0.392533 0.024585
v 0.278720 0.473067 0.059677
v 0.293921 0.480428 0.063211
v 0.291352 0.488927 0.060318
v 0.274164 0.482459 0.053591
v 0.280400 0.489001 0.054294
v 0.288853 0.474033 0.064049
v 0.236034 0.400435 0.120338
v 0.252373 0.410975 0.161333
v 0.241397 0.383158 0.133156
v 0.238284 0.427586 0.128630
v 0.248979 0.386986 0.152090
v 0.247410 0.431426 0.150460
v 0.237801 0.389780 0.124532
v 0.236051 0.414949 0.121344
v 0.245593 0.382328 0.143408
v 0.251452 0.397024 0.158749
v 0.250985 0.423516 0.158237
v 0.242495 0.433251 0.139440
v -0.000891 0.407053 0.190024
v -0.003211 0.390121 0.196617
v 0.011340 0.446049 0.216417
v 0.007507 0.438541 0.202823
v 0.002067 0.424614 0.193067
v 0.010848 0.449197 0.230924
v -0.008944 0.380892 0.211485
v 0.001086 0.445446 0.243289
v -0.018331 0.385796 0.227462
v -0.020099 0.398553 0.241505
v -0.010041 0.432045 0.249185
v -0.018247 0.415014 0.248525
v 0.055519 0.410016 0.168891
v 0.068499 0.446063 0.195507
v 0.057913 0.426393 0.172880
v 0.073703 0.445340 0.211176
v 0.076585 0.435387 0.225322
v 0.075646 0.418386 0.231577
v 0.071834 0.400935 0.229408
v 0.055666 0.393289 0.173770
v 0.062437 0.439389 0.182494
v 0.058219 0.383119 0.188140
v 0.061781 0.381430 0.205371
v 0.066516 0.387737 0.220431
v -0.035029 0.424424 0.156962
v -0.026097 0.472052 0.177957
v -0.025504 0.441208 0.157154
v -0.037608 0.478139 0.195496
v -0.053036 0.473091 0.210177
v -0.068574 0.459080 0.217470
v -0.079832 0.441485 0.217398
v -0.049310 0.410769 0.164583
v -0.021533 0.458489 0.164977
v -0.065665 0.404701 0.178582
v -0.078076 0.410260 0.194796
v -0.082711 0.423576 0.209675
v 0.101651 0.410681 0.155395
v 0.151279 0.409180 0.141759
v 0.197456 0.406879 0.128509
v 0.113826 0.445051 0.180983
v 0.161630 0.440681 0.166320
v 0.205019 0.437296 0.149240
v 0.103947 0.426236 0.157908
v 0.153192 0.423634 0.143905
v 0.198537 0.420187 0.129763
v 0.118435 0.442679 0.196344
v 0.165906 0.437609 0.181053
v 0.209177 0.435090 0.163690
v 0.120842 0.432087 0.208915
v 0.168323 0.427178 0.192333
v 0.211958 0.425262 0.174742
v 0.120298 0.416372 0.214935
v 0.168329 0.412933 0.197152
v 0.212527 0.412002 0.179125
v 0.117319 0.400057 0.212919
v 0.166149 0.398473 0.194849
v 0.211024 0.398173 0.176684
v 0.198159 0.394325 0.133394
v 0.151505 0.395220 0.146635
v 0.101627 0.395330 0.160586
v 0.201168 0.431458 0.137021
v 0.156908 0.435284 0.152679
v 0.108294 0.438946 0.167153
v 0.200701 0.385375 0.143955
v 0.153866 0.385145 0.157734
v 0.103929 0.384730 0.172937
v 0.204306 0.383140 0.156901
v 0.157798 0.382129 0.172124
v 0.107847 0.381809 0.188720
v 0.207998 0.387794 0.168606
v 0.162279 0.387062 0.185737
v 0.112652 0.387342 0.203474
v 0.246450 0.382756 0.119571
v 0.266992 0.383309 0.052620
v 0.264797 0.382127 0.125585
v 0.288612 0.385412 0.054862
v 0.239521 0.429611 0.128983
v 0.263006 0.452857 0.049179
v 0.267405 0.428219 0.137187
v 0.282967 0.456264 0.052111
v 0.252822 0.381283 0.081232
v 0.279219 0.383891 0.086676
v 0.275171 0.452434 0.090134
v 0.242776 0.448581 0.081539
v 0.272278 0.416028 0.134514
v 0.272913 0.400356 0.131172
v 0.269746 0.388565 0.128337
v 0.290934 0.400760 0.047383
v 0.290669 0.422397 0.040643
v 0.287197 0.441651 0.043820
v 0.241155 0.391316 0.119692
v 0.235754 0.409876 0.122275
v 0.265176 0.439306 0.041788
v 0.267740 0.420636 0.039069
v 0.267749 0.398858 0.045875
v 0.240365 0.430632 0.078702
v 0.242080 0.413385 0.082066
v 0.247682 0.395411 0.081285
v 0.283243 0.397798 0.087836
v 0.283080 0.414811 0.088482
v 0.281384 0.431923 0.090130
v 0.271564 0.378021 0.028976
v 0.286912 0.380847 0.029556
v 0.270672 0.387358 0.026342
v 0.286032 0.389688 0.026646
v 0.269503 0.376357 0.016286
v 0.283403 0.379197 0.016546
v 0.268486 0.385686 0.015037
v 0.282214 0.387832 0.014983
v 0.264839 0.376016 -0.003534
v 0.276329 0.378112 -0.004098
v 0.264215 0.382484 -0.003708
v 0.275452 0.384384 -0.004540
v 0.282914 0.405905 0.012087
v 0.284383 0.416931 0.012560
v 0.269586 0.416757 0.011145
v 0.268253 0.405641 0.010923
v 0.281442 0.407674 -0.006605
v 0.282082 0.418111 -0.005350
v 0.269467 0.418247 -0.006322
v 0.268886 0.407712 -0.007454
v 0.275925 0.414982 -0.031982
v 0.275907 0.422196 -0.030963
v 0.265851 0.422185 -0.030633
v 0.265855 0.414852 -0.031638
v 0.288868 0.431722 0.007235
v 0.285602 0.443279 0.010487
v 0.268619 0.442606 0.009580
v 0.271757 0.431092 0.006019
v 0.286037 0.436643 -0.012447
v 0.285246 0.447030 -0.009142
v 0.270358 0.446973 -0.010255
v 0.271141 0.436582 -0.013834
v 0.280660 0.444139 -0.036342
v 0.280425 0.451540 -0.034345
v 0.267850 0.451962 -0.034479
v 0.267932 0.444531 -0.036646
v 0.285394 0.456047 0.020337
v 0.284785 0.466351 0.024783
v 0.269121 0.465756 0.023863
v 0.269511 0.455519 0.019457
v 0.283443 0.461954 0.005285
v 0.283585 0.471816 0.009190
v 0.269485 0.471398 0.010439
v 0.269248 0.461521 0.006506
v 0.278615 0.470151 -0.014867
v 0.278920 0.477367 -0.012132
v 0.266582 0.476725 -0.009589
v 0.266234 0.469518 -0.012329
v 0.281019 0.378151 0.007306
v 0.279678 0.387123 0.006289
v 0.266842 0.375290 0.007348
v 0.265804 0.384892 0.006756
v 0.267657 0.409707 -0.018323
v 0.280113 0.409722 -0.017930
v 0.267830 0.420473 -0.016919
v 0.280285 0.420348 -0.016446
v 0.284355 0.439279 -0.023886
v 0.284195 0.449850 -0.020612
v 0.268958 0.439873 -0.026545
v 0.268879 0.450532 -0.022981
v 0.267611 0.464761 -0.002444
v 0.281679 0.465308 -0.004741
v 0.282067 0.475248 -0.000941
v 0.268070 0.474693 0.001372
v 0.270764 0.380692 0.042949
v 0.288767 0.383173 0.043998
v 0.288774 0.393007 0.040068
v 0.270541 0.390534 0.039630
v 0.286831 0.405018 0.031210
v 0.286870 0.416921 0.029260
v 0.269496 0.404079 0.029958
v 0.269500 0.416139 0.027776
v 0.286618 0.439910 0.029935
v 0.267796 0.438639 0.028493
v 0.289855 0.427744 0.026919
v 0.270641 0.426523 0.025242
v 0.267786 0.448527 0.033475
v 0.285740 0.449715 0.035304
v 0.266922 0.458847 0.038158
v 0.284356 0.460595 0.040389
v 0.266753 0.457949 0.108029
v 0.260749 0.434280 0.138576
v 0.241331 0.452377 0.102101
v 0.271613 0.469408 0.075436
v 0.251633 0.465164 0.072202
v 0.268827 0.474719 0.084242
v 0.247375 0.470359 0.083332
v 0.268454 0.491554 0.062292
v 0.257559 0.488763 0.058816
v 0.267021 0.497677 0.064833
v 0.254750 0.495109 0.062701
v 0.232665 0.438397 0.096913
v 0.231653 0.428117 0.120311
v 0.231312 0.419683 0.117996
v 0.232749 0.413775 0.115716
v 0.232471 0.428163 0.092930
v 0.234090 0.418980 0.092608
v 0.234584 0.442876 0.105444
v 0.233346 0.433180 0.121586
v 0.255551 0.379626 0.122081
v 0.277747 0.379380 0.054773
v 0.277282 0.392956 0.108703
v 0.272124 0.458453 0.052096
v 0.263141 0.456558 0.076887
v 0.266062 0.377562 0.083762
v 0.276288 0.442008 0.037386
v 0.279885 0.422011 0.032784
v 0.279639 0.398880 0.042068
v 0.248742 0.379602 0.100698
v 0.272050 0.437966 0.117172
v 0.273435 0.381528 0.106561
v 0.279662 0.375269 0.030146
v 0.278076 0.391308 0.025805
v 0.276785 0.373669 0.016788
v 0.274907 0.389497 0.014679
v 0.270255 0.374952 -0.005482
v 0.269224 0.384216 -0.005790
v 0.277485 0.420447 0.011898
v 0.275289 0.402317 0.011417
v 0.275989 0.421562 -0.005497
v 0.274990 0.404317 -0.007359
v 0.270416 0.424054 -0.032778
v 0.270446 0.414122 -0.034119
v 0.276412 0.446651 0.011119
v 0.281332 0.427739 0.005496
v 0.277585 0.450404 -0.008786
v 0.278810 0.433331 -0.014504
v 0.273739 0.453641 -0.036032
v 0.273978 0.443478 -0.038842
v 0.276828 0.469364 0.025751
v 0.277721 0.452482 0.018453
v 0.276598 0.474777 0.011078
v 0.276319 0.458572 0.004601
v 0.272460 0.478936 -0.011931
v 0.272020 0.468983 -0.015739
v 0.272257 0.388830 0.006282
v 0.274277 0.372474 0.007413
v 0.274122 0.423791 -0.016362
v 0.273798 0.406349 -0.018612
v 0.276388 0.453746 -0.021535
v 0.276599 0.436439 -0.027181
v 0.275173 0.478107 0.001345
v 0.274514 0.461950 -0.004910
v 0.279577 0.394614 0.038726
v 0.280063 0.377455 0.044401
v 0.278342 0.420285 0.027344
v 0.278183 0.401023 0.030857
v 0.281279 0.423450 0.024584
v 0.276488 0.443092 0.029816
v 0.275161 0.463186 0.040788
v 0.277096 0.445925 0.032548
v 0.250777 0.435492 0.135865
v 0.253001 0.457093 0.110167
v 0.265424 0.466001 0.069655
v 0.255437 0.474477 0.087994
v 0.263339 0.490927 0.059374
v 0.259892 0.499784 0.063724
v 0.277590 0.408053 0.109942
v 0.276096 0.423976 0.112360
v 0.237585 0.406100 0.103184
v 0.243157 0.391710 0.101655
v 0.265147 0.445036 0.125989
v 0.241005 0.442103 0.119588
v 0.230670 0.432182 0.109465
v 0.230071 0.424067 0.106459
v 0.232306 0.415454 0.104598
v 0.233660 0.437957 0.114541
v 0.252236 0.445277 0.125367
v 0.261176 0.376210 0.103314
v 0.259846 0.383322 0.065838
v 0.284570 0.385625 0.069939
v 0.279372 0.452594 0.069577
v 0.253632 0.449007 0.064382
v 0.253010 0.434345 0.061390
v 0.255549 0.417128 0.061158
v 0.257165 0.398241 0.063685
v 0.288679 0.400789 0.067953
v 0.287969 0.419537 0.065631
v 0.285392 0.437502 0.067434
v 0.266840 0.455616 0.066826
v 0.272229 0.379285 0.068322
v 0.255119 0.474661 0.065585
v 0.271514 0.478711 0.068710
v 0.269485 0.485766 0.074432
v 0.250417 0.481765 0.074056
v 0.257448 0.486259 0.077536
v 0.266103 0.474656 0.064325
v -0.233629 0.585482 -0.075644
v -0.128895 0.593915 -0.039700
v -0.144834 0.609949 -0.091398
v -0.215569 0.595085 -0.108803
v -0.177808 0.618570 -0.108142
v -0.133010 0.604824 -0.075092
v -0.225517 0.589412 -0.092894
v -0.119316 0.576255 -0.107992
v -0.106231 0.552631 -0.043166
v -0.160890 0.616884 -0.102356
v -0.195950 0.613726 -0.110533
v -0.171675 0.627662 -0.100181
v -0.145301 0.621602 -0.084883
v -0.138906 0.615704 -0.034450
v -0.194332 0.625373 -0.098792
v -0.214893 0.623558 -0.082872
v -0.109303 0.569293 -0.087060
v -0.205194 0.623095 -0.092868
v -0.183781 0.627855 -0.100561
v -0.157889 0.625657 -0.095170
v -0.134122 0.617230 -0.052058
v -0.140823 0.599105 -0.106499
v -0.162655 0.611844 -0.115196
v -0.126511 0.599633 -0.057400
v -0.136900 0.619081 -0.069547
v -0.102383 0.042658 -0.185167
v -0.071321 0.167516 -0.191655
v -0.046259 0.196014 -0.052956
v -0.102095 0.029240 -0.052257
v -0.084260 0.099575 -0.216512
v -0.066383 0.190526 -0.160940
v -0.115971 0.027046 -0.118819
v -0.111474 0.551252 -0.145729
v -0.238259 0.518246 -0.152058
v -0.251785 0.508655 -0.067382
v -0.091892 0.531858 -0.042108
v -0.100653 0.558103 -0.111120
v -0.246086 0.518551 -0.112573
v -0.222932 0.447367 -0.111396
v -0.198663 0.368423 -0.109323
v -0.211046 0.364779 -0.065549
v -0.236263 0.438439 -0.069813
v -0.081853 0.481256 -0.173742
v -0.063562 0.378688 -0.163708
v -0.122847 0.375498 -0.170605
v -0.142780 0.450613 -0.180652
v -0.169348 0.373704 -0.147090
v -0.193672 0.464093 -0.155557
v -0.038341 0.377327 -0.142647
v -0.037505 0.450070 -0.039382
v -0.020765 0.368280 -0.048667
v -0.152570 0.593266 -0.149018
v -0.234453 0.572872 -0.153032
v -0.197946 0.607862 -0.152516
v -0.146618 0.089755 -0.167841
v -0.098312 0.169085 -0.184433
v -0.046609 0.181150 -0.052857
v -0.152970 0.084294 -0.052383
v -0.047925 0.193068 -0.090408
v -0.076966 0.134272 -0.212236
v -0.111088 0.029908 -0.153067
v -0.092818 0.067654 -0.207020
v -0.125973 0.121611 -0.201196
v -0.069189 0.178396 -0.158606
v -0.193109 0.289640 -0.080268
v -0.111609 0.027592 -0.086112
v -0.158945 0.082643 -0.111787
v -0.242204 0.518191 -0.133231
v -0.091951 0.549213 -0.088764
v -0.111910 0.563665 -0.128469
v -0.249774 0.514617 -0.089137
v -0.191208 0.170141 -0.107351
v -0.244377 0.473607 -0.064787
v -0.083921 0.206574 -0.175409
v -0.219790 0.493636 -0.150999
v -0.050042 0.211079 -0.153329
v -0.236282 0.483764 -0.110380
v -0.212735 0.406655 -0.112652
v -0.189684 0.330388 -0.104068
v -0.193708 0.226796 -0.104468
v -0.190812 0.171461 -0.052599
v -0.199058 0.233197 -0.053586
v -0.198266 0.328363 -0.059294
v -0.225062 0.401356 -0.069033
v -0.094756 0.522476 -0.157925
v -0.063895 0.426730 -0.170784
v -0.070165 0.333851 -0.159828
v -0.083809 0.241356 -0.166077
v -0.139317 0.184935 -0.187043
v -0.137488 0.230028 -0.175865
v -0.123740 0.334190 -0.168921
v -0.129185 0.416260 -0.174938
v -0.174359 0.166974 -0.157026
v -0.175803 0.223052 -0.150112
v -0.166061 0.332977 -0.143848
v -0.181257 0.415449 -0.151572
v -0.046309 0.332166 -0.141092
v -0.053181 0.245311 -0.147340
v -0.055110 0.482533 -0.039212
v -0.025235 0.412431 -0.041616
v -0.025362 0.322330 -0.052029
v -0.110409 0.279501 -0.167608
v -0.154226 0.280771 -0.161486
v -0.019106 0.370934 -0.082747
v -0.083684 0.282509 -0.157596
v -0.181454 0.286250 -0.124991
v -0.186752 0.371007 -0.129133
v -0.209819 0.454556 -0.132374
v -0.057359 0.284796 -0.141125
v -0.170308 0.283442 -0.145719
v -0.147664 0.374691 -0.161518
v -0.167909 0.453781 -0.171283
v -0.133719 0.279091 -0.169295
v -0.094285 0.377055 -0.171532
v -0.112921 0.460101 -0.183893
v -0.195597 0.288770 -0.056559
v -0.188680 0.288779 -0.103006
v -0.206463 0.366162 -0.087861
v -0.231391 0.441955 -0.089984
v -0.230082 0.576749 -0.135535
v -0.173443 0.606089 -0.151109
v -0.219899 0.596119 -0.153497
v -0.146699 0.597852 -0.129817
v -0.132961 0.576667 -0.148117
v -0.241405 0.546026 -0.152646
v -0.239181 0.560331 -0.113655
v -0.248914 0.546987 -0.070641
v -0.190386 0.610178 -0.134986
v -0.202089 0.606497 -0.170899
v -0.234609 0.570906 -0.172097
v -0.157670 0.592034 -0.166803
v -0.153972 0.482044 -0.180212
v -0.118299 0.509499 -0.177869
v -0.194822 0.493365 -0.169870
v -0.233913 0.522203 -0.168693
v -0.132077 0.553989 -0.167505
v -0.154632 0.084427 -0.140890
v -0.114178 0.146272 -0.201013
v -0.047659 0.178808 -0.089653
v -0.136527 0.101837 -0.189067
v -0.156167 0.080487 -0.082737
v -0.241584 0.479434 -0.088072
v -0.133172 0.488093 -0.182309
v -0.220866 0.592318 -0.172195
v -0.227551 0.488279 -0.131547
v -0.025073 0.325408 -0.085308
v -0.184566 0.166680 -0.133380
v -0.187016 0.223932 -0.128310
v -0.180242 0.331686 -0.124320
v -0.200047 0.410962 -0.133140
v -0.159635 0.173258 -0.175750
v -0.159298 0.225244 -0.166822
v -0.147075 0.333737 -0.159454
v -0.156227 0.415420 -0.164913
v -0.114587 0.196418 -0.187619
v -0.112305 0.235718 -0.175851
v -0.097129 0.334309 -0.169028
v -0.098344 0.420400 -0.178799
v -0.194878 0.173891 -0.080514
v -0.197994 0.230634 -0.079751
v -0.195280 0.329167 -0.082534
v -0.220307 0.403417 -0.090487
v -0.126537 0.580360 -0.128379
v -0.240771 0.549745 -0.133972
v -0.244353 0.553787 -0.091644
v -0.176588 0.605754 -0.168542
v -0.175018 0.485741 -0.175699
v -0.214540 0.599178 -0.136710
v -0.168367 0.609015 -0.133654
v -0.217804 0.504795 -0.168364
v -0.122764 0.534105 -0.170747
v -0.239499 0.545494 -0.170695
v -0.143709 0.573558 -0.167096
v -0.224015 0.584289 -0.120282
v -0.206740 0.604710 -0.122509
v -0.183574 0.613679 -0.119842
v -0.074223 0.509661 -0.040601
v -0.089680 0.539182 -0.065386
v -0.103637 0.560642 -0.064673
v -0.114842 0.581432 -0.063775
v -0.115665 0.574000 -0.043406
v -0.123204 0.589393 -0.084860
v -0.029020 0.240327 -0.086633
v -0.030753 0.206406 -0.087915
v -0.025756 0.282386 -0.085438
v -0.023546 0.280867 -0.052857
v -0.034209 0.204645 -0.052857
v -0.028002 0.237807 -0.052857
v -0.052471 0.183662 -0.126714
v -0.039294 0.284018 -0.115872
v -0.023207 0.374753 -0.113690
v -0.044680 0.172003 -0.125399
v -0.023984 0.208574 -0.122274
v -0.032178 0.244467 -0.119338
v -0.031178 0.329461 -0.115175
v -0.085961 0.538705 -0.120565
v -0.066337 0.511041 -0.130710
v -0.046912 0.473231 -0.141462
v -0.035233 0.426117 -0.144720
v -0.073490 0.526960 -0.093668
v -0.052311 0.499445 -0.099277
v -0.032016 0.464807 -0.105759
v -0.020387 0.422174 -0.110780
v -0.071542 0.516464 -0.067131
v -0.051057 0.489314 -0.068867
v -0.031989 0.456240 -0.072092
v -0.019575 0.416762 -0.076356
v -0.044176 0.020982 -0.195667
v -0.022972 0.166690 -0.199456
v -0.015258 0.214654 -0.053259
v -0.041225 0.001969 -0.052374
v -0.030936 0.091382 -0.226567
v -0.018724 0.191124 -0.166180
v -0.051189 -0.003394 -0.124289
v -0.014026 0.208779 -0.091755
v -0.027394 0.131202 -0.221250
v -0.049535 0.002659 -0.161686
v -0.036770 0.052837 -0.217481
v -0.049436 -0.003658 -0.088565
v -0.014694 0.206281 -0.129643
v 0.018222 0.020540 -0.197255
v 0.030346 0.164617 -0.204543
v 0.022077 0.225556 -0.053584
v 0.014363 0.004876 -0.052544
v 0.025383 0.088189 -0.236990
v 0.032445 0.189596 -0.170931
v 0.012727 -0.003322 -0.128532
v 0.030715 0.217370 -0.096861
v 0.028198 0.127950 -0.229189
v 0.014643 0.002494 -0.164743
v 0.022275 0.050788 -0.222890
v 0.011766 -0.002302 -0.092415
v 0.035116 0.204591 -0.134528
v 0.061505 0.020184 -0.199729
v 0.071227 0.161173 -0.207991
v 0.046742 0.229362 -0.053655
v 0.058641 0.010744 -0.052329
v 0.066476 0.085635 -0.241177
v 0.071892 0.186347 -0.174308
v 0.057217 -0.002605 -0.131961
v 0.063070 0.216324 -0.099865
v 0.069166 0.124761 -0.232872
v 0.059277 0.003008 -0.167489
v 0.063862 0.049036 -0.226237
v 0.055293 -0.001344 -0.096370
v 0.071614 0.201602 -0.137805
v -0.169202 0.606572 -0.001503
v -0.244684 0.593715 -0.041350
v -0.210047 0.615656 -0.006384
v -0.151554 0.602508 -0.009486
v -0.240162 0.589002 -0.058215
v -0.139229 0.568862 0.016663
v -0.189869 0.613291 -0.000135
v -0.229484 0.611923 -0.020932
v -0.204268 0.626068 -0.012258
v -0.173316 0.620000 -0.006745
v -0.224299 0.626812 -0.050041
v -0.123085 0.564177 -0.000782
v -0.222127 0.624195 -0.068493
v -0.217779 0.627921 -0.027940
v -0.188553 0.623584 -0.006117
v -0.149143 0.617312 -0.020562
v -0.160583 0.592292 0.011420
v -0.191008 0.605851 0.012200
v -0.136212 0.598326 -0.022028
v -0.160637 0.618540 -0.012353
v -0.028477 0.052055 0.083681
v -0.078275 0.141363 0.084666
v -0.041915 0.093648 0.112832
v -0.078339 0.173815 0.054013
v -0.078154 0.031357 0.015231
v -0.143033 0.539534 0.051834
v -0.269779 0.499439 0.038147
v -0.122128 0.550130 0.023317
v -0.270909 0.504465 -0.016935
v -0.240025 0.437567 -0.019730
v -0.208770 0.364671 -0.020492
v -0.122284 0.466246 0.079389
v -0.090740 0.368562 0.063425
v -0.149371 0.365513 0.054754
v -0.181750 0.436161 0.063429
v -0.189498 0.366208 0.021572
v -0.228029 0.447944 0.031457
v -0.060128 0.369236 0.048570
v -0.183886 0.581639 0.047023
v -0.276514 0.557058 0.028575
v -0.230420 0.598433 0.035664
v -0.095413 0.072672 0.064321
v -0.098393 0.133581 0.077681
v -0.051698 0.183621 -0.015786
v -0.060558 0.117481 0.106807
v -0.047506 0.038475 0.050997
v -0.026402 0.071894 0.104974
v -0.087569 0.092353 0.096574
v -0.088964 0.174324 0.052304
v -0.194445 0.289144 -0.032340
v -0.094277 0.028477 -0.018257
v -0.130536 0.077982 0.007427
v -0.271600 0.499306 0.014858
v -0.106753 0.543717 0.003899
v -0.138316 0.553861 0.036837
v -0.261602 0.507540 -0.046822
v -0.174063 0.162812 0.001979
v -0.087940 0.181972 0.069198
v -0.249393 0.475883 0.037690
v -0.049242 0.198151 0.047214
v -0.257061 0.468569 -0.011498
v -0.225500 0.401916 -0.023939
v -0.194813 0.328484 -0.013966
v -0.184319 0.220175 -0.003551
v -0.130401 0.509242 0.065216
v -0.101992 0.412593 0.075715
v -0.081394 0.329574 0.054865
v -0.078440 0.229900 0.059879
v -0.123235 0.152735 0.080870
v -0.129820 0.211155 0.068398
v -0.136161 0.328935 0.056291
v -0.164579 0.403181 0.058759
v -0.150451 0.145246 0.051071
v -0.163181 0.210760 0.041908
v -0.176221 0.328964 0.026744
v -0.207279 0.405796 0.021698
v -0.054688 0.329050 0.038543
v -0.051454 0.238638 0.041663
v -0.111576 0.269878 0.059878
v -0.151836 0.269920 0.050485
v -0.023690 0.369232 -0.012781
v -0.086404 0.277055 0.051610
v -0.180804 0.281045 0.012893
v -0.201841 0.365403 0.001111
v -0.235440 0.441487 0.004540
v -0.060188 0.283778 0.036148
v -0.168105 0.274940 0.033935
v -0.171782 0.365672 0.039995
v -0.204563 0.438338 0.048761
v -0.132926 0.267778 0.059717
v -0.121971 0.366637 0.062964
v -0.154546 0.444661 0.076855
v -0.189675 0.286636 -0.009199
v -0.211501 0.364292 -0.042844
v -0.239398 0.437445 -0.046543
v -0.267987 0.566923 0.001738
v -0.204383 0.594526 0.043982
v -0.258860 0.587802 0.025771
v -0.172428 0.588300 0.031249
v -0.164664 0.564896 0.050347
v -0.279142 0.528253 0.031192
v -0.265101 0.552533 -0.026873
v -0.222809 0.603116 0.018773
v -0.238247 0.594728 0.053217
v -0.279351 0.555976 0.048982
v -0.194232 0.578459 0.062080
v -0.194180 0.464953 0.064251
v -0.158730 0.494488 0.075231
v -0.234604 0.475827 0.051951
v -0.269118 0.505786 0.053932
v -0.169425 0.540122 0.066303
v -0.112622 0.072971 0.037050
v -0.093261 0.109555 0.095239
v -0.041461 0.173745 -0.016061
v -0.088039 0.080137 0.085244
v -0.142839 0.079040 -0.021966
v -0.252973 0.469280 -0.039800
v -0.173849 0.472990 0.072336
v -0.264921 0.582654 0.044906
v -0.253366 0.471120 0.014333
v -0.026480 0.324885 -0.018034
v -0.162456 0.154156 0.027659
v -0.175427 0.214754 0.020253
v -0.187823 0.328834 0.006902
v -0.219414 0.403772 -0.000941
v -0.137391 0.145834 0.069670
v -0.147881 0.209079 0.058804
v -0.158820 0.328856 0.043924
v -0.187501 0.403837 0.041294
v -0.108765 0.164576 0.081375
v -0.106440 0.219645 0.068994
v -0.109533 0.329231 0.060182
v -0.136438 0.406301 0.072103
v -0.183473 0.169349 -0.024702
v -0.192423 0.227065 -0.027824
v -0.197923 0.328185 -0.036004
v -0.226464 0.401131 -0.047137
v -0.152497 0.570722 0.034135
v -0.275433 0.536836 0.003145
v -0.256806 0.549145 -0.051506
v -0.212833 0.592274 0.059417
v -0.215245 0.467770 0.056808
v -0.250039 0.593198 0.007233
v -0.195933 0.599683 0.028988
v -0.252199 0.488474 0.054559
v -0.161215 0.519829 0.069961
v -0.279547 0.529076 0.051076
v -0.180714 0.559819 0.064562
v -0.257033 0.579156 -0.021714
v -0.240374 0.600759 -0.008657
v -0.215919 0.608804 0.004560
v -0.097151 0.536407 -0.018612
v -0.110590 0.558061 -0.021144
v -0.121344 0.579018 -0.023074
v -0.136079 0.584660 -0.004778
v -0.030114 0.240182 -0.019081
v -0.030828 0.206415 -0.017799
v -0.025990 0.282299 -0.019977
v -0.072929 0.168972 0.019351
v -0.040660 0.283511 0.010987
v -0.036636 0.369767 0.021849
v -0.035146 0.162407 0.019565
v -0.025955 0.206559 0.016484
v -0.034452 0.243983 0.013715
v -0.035870 0.327718 0.013134
v -0.110741 0.529505 0.034555
v -0.094730 0.500499 0.047032
v -0.078910 0.461350 0.058848
v -0.066573 0.414480 0.059525
v -0.090321 0.520712 0.011692
v -0.071426 0.492348 0.020388
v -0.053512 0.456826 0.028813
v -0.041153 0.414463 0.030435
v -0.080036 0.513310 -0.013953
v -0.060607 0.485768 -0.009084
v -0.042049 0.452505 -0.005426
v -0.028917 0.413293 -0.005285
v 0.030771 0.070517 0.095649
v -0.051618 0.174812 0.092502
v 0.003259 0.129105 0.123976
v -0.067613 0.191096 0.057869
v -0.013451 0.018844 0.021364
v -0.031487 0.208827 -0.015349
v -0.027655 0.152599 0.116263
v 0.017727 0.043409 0.060952
v 0.025459 0.100956 0.116739
v -0.033318 0.005564 -0.015969
v -0.073886 0.201888 0.020634
v 0.075687 0.108981 0.097656
v -0.024546 0.219858 0.097828
v 0.035811 0.176235 0.134880
v -0.041785 0.233279 0.062788
v 0.044095 0.033572 0.025762
v -0.012104 0.233215 -0.011177
v 0.004041 0.199388 0.124667
v 0.070980 0.074323 0.064509
v 0.063368 0.145927 0.122654
v 0.025168 0.012911 -0.012060
v -0.044148 0.239501 0.025814
v 0.103258 0.138077 0.100315
v -0.000206 0.252841 0.101659
v 0.059469 0.209890 0.139394
v -0.016613 0.263347 0.066561
v 0.090375 0.063212 0.030288
v 0.008357 0.248931 -0.008133
v 0.028197 0.232587 0.128718
v 0.104186 0.101927 0.067586
v 0.087832 0.176877 0.126224
v 0.070055 0.026706 -0.007589
v -0.016520 0.262828 0.029532
v 0.071431 0.498998 -0.161619
v 0.089726 0.485226 -0.167692
v 0.068852 0.516216 -0.209096
v 0.089175 0.508170 -0.209362
v 0.073962 0.512645 -0.173786
v 0.091260 0.499948 -0.177453
v 0.060682 0.503766 -0.224425
v 0.082742 0.498396 -0.225622
v 0.051623 0.485373 -0.229473
v 0.074686 0.481654 -0.232232
v 0.044125 0.466473 -0.222618
v 0.068031 0.463091 -0.226610
v 0.040044 0.452469 -0.208840
v 0.064512 0.448552 -0.213718
v 0.086366 0.468128 -0.165178
v 0.065460 0.480708 -0.156856
v 0.092165 0.507786 -0.192739
v 0.073939 0.518736 -0.191374
v 0.079053 0.453519 -0.168108
v 0.055914 0.462660 -0.160317
v 0.069842 0.444004 -0.178911
v 0.046448 0.450622 -0.173188
v 0.066380 0.441684 -0.197224
v 0.041877 0.446639 -0.191518
v 0.136722 0.503252 -0.178321
v 0.119121 0.483475 -0.153976
v 0.148036 0.484610 -0.206672
v 0.147922 0.467073 -0.211186
v 0.115632 0.448256 -0.157739
v 0.114259 0.465866 -0.152946
v 0.122460 0.435563 -0.169343
v 0.131426 0.433086 -0.185303
v 0.138565 0.439264 -0.199512
v 0.145032 0.451337 -0.208469
v 0.127132 0.496617 -0.162624
v 0.144373 0.499016 -0.195243
v 0.010744 0.205676 -0.132077
v 0.007269 0.190576 -0.168655
v 0.007470 0.217171 -0.094299
v -0.002350 0.089615 -0.232020
v -0.005388 0.051267 -0.220474
v -0.015687 0.000724 -0.163465
v -0.015743 -0.005732 -0.126495
v -0.013722 -0.005612 -0.090405
v -0.009625 0.000665 -0.052516
v 0.004141 0.222979 -0.053441
v -0.010640 0.019304 -0.196795
v 0.000784 0.129570 -0.225453
v 0.004061 0.165788 -0.202202
v -0.060151 0.221556 0.023148
v -0.056680 0.212903 0.060318
v -0.019322 0.221761 -0.013337
v 0.020130 0.153068 0.129697
v 0.047260 0.123990 0.120075
v 0.046788 0.056937 0.063016
v 0.016749 0.021718 0.023459
v 0.000383 0.005932 -0.014160
v 0.056739 0.089053 0.097075
v -0.011620 0.176866 0.120718
v -0.039096 0.197940 0.095310
v 0.037418 0.003017 -0.166105
v 0.040475 0.020546 -0.198405
v 0.046728 0.086895 -0.239403
v 0.049452 0.126352 -0.231241
v 0.051436 0.162956 -0.206336
v 0.052774 0.188043 -0.172684
v 0.043832 0.049956 -0.224646
v 0.054045 0.203142 -0.136257
v 0.047689 0.216937 -0.098480
v 0.035380 -0.002663 -0.130282
v 0.037006 0.008034 -0.052433
v 0.033925 -0.001504 -0.094396
v 0.034521 0.227722 -0.053652
v 0.088482 0.089287 0.066091
v 0.089890 0.124308 0.098909
v 0.048059 0.193740 0.137461
v 0.016517 0.216645 0.126906
v -0.012088 0.236935 0.099811
v -0.028687 0.248769 0.064748
v 0.076024 0.162294 0.124533
v -0.029693 0.251811 0.027782
v -0.002677 0.241865 -0.009596
v 0.070433 0.051359 0.028301
v 0.048023 0.019384 -0.009846
v -0.080734 0.008884 -0.087280
v -0.071664 0.012521 -0.052276
v -0.074258 0.029565 -0.191174
v -0.080662 0.012957 -0.157816
v -0.052474 0.132855 -0.216869
v -0.058386 0.094520 -0.221745
v -0.066610 0.059051 -0.212839
v -0.047795 0.167000 -0.195642
v -0.083904 0.008022 -0.121691
v -0.031390 0.199440 -0.090771
v -0.038953 0.205333 -0.128000
v -0.043134 0.190513 -0.163432
v -0.033309 0.206645 -0.053112
v -0.063421 0.014275 -0.017044
v 0.003609 0.058824 0.090603
v -0.014191 0.036456 0.056419
v -0.043327 0.133109 0.111650
v -0.017492 0.108371 0.118681
v -0.000317 0.083843 0.111504
v -0.064584 0.156313 0.088667
v -0.044342 0.021947 0.018558
v -0.043871 0.194279 -0.015793
v -0.084586 0.183619 0.019111
v -0.075535 0.173856 0.055421
v -0.126254 0.063301 -0.176473
v -0.089192 0.167134 -0.188043
v -0.048910 0.185709 -0.052857
v -0.128300 0.052701 -0.052305
v -0.106704 0.107396 -0.209008
v -0.086568 0.194190 -0.159744
v -0.139258 0.052339 -0.115238
v -0.134746 0.054519 -0.146897
v -0.098244 0.137842 -0.206771
v -0.054204 0.186571 -0.090073
v -0.116053 0.081379 -0.198138
v -0.135184 0.051481 -0.084417
v -0.048921 0.168851 -0.126064
v -0.060973 0.057885 0.074027
v -0.090146 0.132186 0.081082
v -0.064241 0.087198 0.104854
v -0.086568 0.194190 0.054030
v -0.105674 0.050150 0.011215
v -0.079045 0.052039 0.044041
v -0.077490 0.108313 0.101146
v -0.051247 0.177523 -0.015829
v -0.058795 0.070085 0.095070
v -0.119388 0.049751 -0.020111
v -0.046887 0.150737 0.019755
v -0.179815 0.125164 -0.109567
v -0.093187 0.181142 -0.180459
v -0.056985 0.187920 -0.156407
v -0.040201 0.186685 -0.052857
v -0.138415 0.145177 -0.194420
v -0.164745 0.125536 -0.162143
v -0.039173 0.186017 -0.088866
v -0.173865 0.123605 -0.136961
v -0.152579 0.132420 -0.182301
v -0.120274 0.164461 -0.194909
v -0.180289 0.125104 -0.081615
v -0.174895 0.123185 -0.052459
v -0.028719 0.182252 -0.124037
v -0.156728 0.118806 0.004860
v -0.096955 0.149421 0.074041
v -0.072226 0.175024 0.050132
v -0.108610 0.112900 0.089389
v -0.127838 0.102338 0.057813
v -0.035114 0.184377 -0.016848
v -0.141856 0.107532 0.032524
v -0.116955 0.105721 0.077780
v -0.104959 0.127533 0.089080
v -0.167994 0.122010 -0.023327
v -0.031674 0.179912 0.018187
v 0.481548 -0.017190 -0.116518
v 0.441525 -0.044566 -0.114756
v 0.496894 0.012420 -0.194369
v 0.440189 -0.018782 -0.221229
v 0.412659 -0.058885 -0.145815
v 0.420854 -0.034205 -0.213909
v 0.482932 0.007747 -0.211444
v 0.409919 -0.047147 -0.195645
v 0.505336 0.010954 -0.169040
v 0.461812 -0.030270 -0.112533
v 0.424238 -0.055025 -0.125800
v 0.464182 -0.003522 -0.218425
v 0.407531 -0.055921 -0.170977
v 0.504997 0.005417 -0.149307
v 0.495586 -0.005839 -0.128216
v 0.527716 -0.040959 -0.181975
v 0.495017 -0.074539 -0.134938
v 0.462214 -0.096431 -0.144267
v 0.494277 -0.053284 -0.223146
v 0.441181 -0.101480 -0.184213
v 0.527724 -0.045505 -0.165809
v 0.520457 -0.054792 -0.148493
v 0.509629 -0.064243 -0.138715
v 0.479090 -0.085995 -0.136004
v 0.520560 -0.039804 -0.202571
v 0.475279 -0.064589 -0.226700
v 0.448210 -0.102646 -0.160983
v 0.457337 -0.078338 -0.222217
v 0.509173 -0.043886 -0.216661
v 0.444622 -0.092123 -0.207170
v 0.277690 0.375719 -0.021047
v 0.236474 0.357494 -0.039035
v 0.278863 0.375192 0.063637
v 0.214933 0.346805 0.067852
v 0.200365 0.338803 -0.020336
v 0.196190 0.338078 0.052431
v 0.261179 0.367573 0.075367
v 0.188196 0.333846 0.029218
v 0.292342 0.380725 0.041216
v 0.258074 0.368144 -0.032637
v 0.216281 0.347025 -0.035457
v 0.240354 0.357925 0.074675
v 0.190290 0.334166 0.003014
v 0.295690 0.382098 0.021040
v 0.289948 0.380107 -0.003923
v 0.306213 0.324482 0.038470
v 0.281193 0.314106 -0.022157
v 0.245160 0.296147 -0.026793
v 0.263693 0.305091 0.066418
v 0.215675 0.281860 0.004673
v 0.309233 0.325550 0.021986
v 0.304961 0.323797 0.001550
v 0.295599 0.320013 -0.012599
v 0.264357 0.305752 -0.027887
v 0.294965 0.319997 0.056639
v 0.243355 0.296574 0.062518
v 0.227361 0.287219 -0.015945
v 0.225523 0.288241 0.050533
v 0.280482 0.313479 0.066262
v 0.215029 0.282467 0.029686
v -0.019968 0.416037 0.169814
v -0.007619 0.408470 0.183486
v -0.012053 0.462180 0.191207
v 0.000995 0.452538 0.204942
v -0.011552 0.432872 0.170340
v -0.000605 0.425408 0.184534
v -0.022386 0.468557 0.207239
v -0.007122 0.458694 0.219661
v -0.036749 0.464478 0.220793
v -0.019722 0.455209 0.232306
v -0.051217 0.450848 0.227656
v -0.032754 0.441878 0.238552
v -0.061647 0.433506 0.227463
v -0.042235 0.424774 0.238147
v -0.017709 0.394354 0.190162
v -0.032892 0.402436 0.177028
v 0.003237 0.441075 0.193261
v -0.007986 0.449438 0.178749
v -0.030609 0.388494 0.202354
v -0.048308 0.396808 0.190106
v -0.041807 0.394560 0.216945
v -0.060297 0.402574 0.205831
v -0.044501 0.407753 0.231223
v -0.064137 0.415940 0.220310
v 0.039856 0.445413 0.226268
v 0.030923 0.438949 0.194378
v 0.036497 0.419952 0.248245
v 0.031555 0.402214 0.246735
v 0.023281 0.408614 0.180703
v 0.025645 0.425771 0.184395
v 0.022885 0.391227 0.186843
v 0.022991 0.380403 0.203182
v 0.023391 0.379803 0.222452
v 0.027242 0.388072 0.237860
v 0.036121 0.445549 0.208580
v 0.039947 0.436572 0.241517
v 0.576375 -0.196362 -0.180384
v 0.587084 -0.188752 -0.180577
v 0.570881 -0.180610 -0.246439
v 0.561420 -0.192220 -0.244700
v 0.582131 -0.171798 -0.244565
v 0.553745 -0.203079 -0.237847
v 0.599055 -0.181818 -0.185379
v 0.608171 -0.165469 -0.224608
v 0.549996 -0.213151 -0.208107
v 0.596471 -0.166634 -0.238667
v 0.611248 -0.167120 -0.208052
v 0.549016 -0.210119 -0.224246
v 0.608212 -0.173733 -0.195283
v 0.556257 -0.211560 -0.194496
v 0.565839 -0.205076 -0.185061
v 0.575027 -0.161637 -0.175167
v 0.554176 -0.176154 -0.174555
v 0.585162 -0.143561 -0.225687
v 0.549596 -0.162582 -0.240564
v 0.534743 -0.189386 -0.194400
v 0.540057 -0.174806 -0.236221
v 0.572661 -0.145985 -0.235465
v 0.532809 -0.184005 -0.225208
v 0.522535 -0.028053 -0.178865
v 0.489436 -0.030028 -0.122464
v 0.487745 -0.064605 -0.129877
v 0.451603 -0.055732 -0.120555
v 0.453009 -0.086413 -0.139958
v 0.502862 -0.000432 -0.196537
v 0.448503 -0.029560 -0.222569
v 0.486581 -0.039686 -0.222439
v 0.421507 -0.069582 -0.149677
v 0.432499 -0.089428 -0.180807
v 0.429477 -0.044553 -0.215908
v 0.489240 -0.004696 -0.212853
v 0.522655 -0.033170 -0.161830
v 0.418150 -0.057621 -0.198388
v 0.514999 -0.043400 -0.143669
v 0.436293 -0.079122 -0.143503
v 0.470646 -0.060357 -0.124512
v 0.503516 -0.036970 -0.132250
v 0.513932 -0.025740 -0.147917
v 0.424099 -0.073818 -0.189804
v 0.431480 -0.062203 -0.210799
v 0.518340 -0.017223 -0.166454
v 0.488003 -0.021388 -0.218561
v 0.502655 -0.014663 -0.207722
v 0.446969 -0.048070 -0.222247
v 0.426155 -0.079957 -0.165068
v 0.468229 -0.033368 -0.223433
v 0.452147 -0.071876 -0.129687
v 0.488833 -0.047970 -0.125724
v 0.513793 -0.013702 -0.187129
v 0.499289 0.024011 -0.165670
v 0.452388 -0.017966 -0.106342
v 0.414429 -0.044309 -0.120847
v 0.456846 0.007656 -0.216728
v 0.399413 -0.045254 -0.167774
v 0.498647 0.018580 -0.145021
v 0.488540 0.007324 -0.122879
v 0.454765 0.001964 -0.101493
v 0.412131 -0.028738 -0.108171
v 0.490037 0.038152 -0.176053
v 0.436569 0.010862 -0.217585
v 0.392436 -0.036821 -0.151124
v 0.412492 -0.005708 -0.215959
v 0.478377 0.036379 -0.201142
v 0.460813 0.026393 -0.212576
v 0.494107 0.035119 -0.151212
v 0.397463 -0.020537 -0.201111
v 0.391583 -0.031049 -0.177795
v 0.487768 0.026525 -0.128776
v 0.474328 0.014658 -0.109592
v 0.431620 -0.014031 -0.100539
v 0.398956 -0.036505 -0.126082
v 0.516193 -0.075451 -0.143992
v 0.488184 -0.096060 -0.141018
v 0.526919 -0.053636 -0.204684
v 0.484974 -0.077329 -0.228186
v 0.457755 -0.114246 -0.164948
v 0.467503 -0.090648 -0.224392
v 0.516455 -0.057839 -0.218038
v 0.454413 -0.104631 -0.210215
v 0.556580 -0.093486 -0.195689
v 0.528216 -0.119584 -0.154647
v 0.502413 -0.139165 -0.163753
v 0.527976 -0.106009 -0.229894
v 0.484376 -0.146600 -0.197684
v 0.556292 -0.096804 -0.181362
v 0.549644 -0.103847 -0.166630
v 0.477272 -0.125012 -0.161726
v 0.506731 -0.104242 -0.146254
v 0.530912 -0.086306 -0.153851
v 0.539312 -0.078163 -0.166858
v 0.464696 -0.125032 -0.203314
v 0.473526 -0.113160 -0.221194
v 0.543082 -0.072459 -0.182081
v 0.520170 -0.079518 -0.223668
v 0.531774 -0.072139 -0.215356
v 0.488786 -0.099310 -0.229650
v 0.466364 -0.129502 -0.180798
v 0.505401 -0.088770 -0.228541
v 0.492450 -0.115200 -0.150271
v 0.519589 -0.094593 -0.147813
v 0.539901 -0.070569 -0.198735
v 0.568447 -0.284918 -0.230742
v 0.540089 -0.111467 -0.158060
v 0.516310 -0.129167 -0.156084
v 0.550586 -0.093369 -0.213095
v 0.513559 -0.114872 -0.233103
v 0.490280 -0.146227 -0.178248
v 0.498848 -0.126919 -0.229098
v 0.540730 -0.097445 -0.224864
v 0.487749 -0.139014 -0.216673
v 0.592291 -0.144390 -0.209066
v 0.564150 -0.168465 -0.172515
v 0.543522 -0.184732 -0.182080
v 0.560673 -0.153029 -0.239775
v 0.530737 -0.189251 -0.209747
v 0.592001 -0.148201 -0.195311
v 0.585312 -0.155295 -0.182641
v 0.517475 -0.164814 -0.179527
v 0.540715 -0.147850 -0.164033
v 0.562495 -0.132869 -0.169939
v 0.571037 -0.125677 -0.181291
v 0.508500 -0.164897 -0.212499
v 0.514597 -0.156320 -0.227125
v 0.574874 -0.120293 -0.195267
v 0.550936 -0.125657 -0.232904
v 0.562688 -0.119942 -0.225691
v 0.525591 -0.144728 -0.235302
v 0.509624 -0.168009 -0.195087
v 0.538304 -0.134102 -0.236193
v 0.567635 -0.261336 -0.219144
v 0.529226 -0.156941 -0.168795
v 0.551717 -0.139934 -0.164678
v 0.571632 -0.118517 -0.211026
v 0.756359 -0.323103 -0.229358
v 0.739983 -0.268726 -0.216811
v 0.605948 -0.294134 -0.203094
v 0.611299 -0.321543 -0.212773
v 0.621472 -0.349862 -0.225439
v 0.585466 -0.256725 -0.273283
v 0.607158 -0.295835 -0.293938
v 0.629868 -0.314310 -0.304398
v 0.754007 -0.269731 -0.326113
v 0.721605 -0.236653 -0.215140
v 0.727660 -0.255984 -0.311421
v 0.699523 -0.298878 -0.221225
v 0.709616 -0.251817 -0.212035
v 0.722855 -0.277606 -0.316917
v 0.676547 -0.239196 -0.289858
v 0.685157 -0.225910 -0.281786
v 0.698044 -0.258550 -0.304403
v 0.701834 -0.273245 -0.214937
v 0.776354 -0.282141 -0.223089
v 0.732247 -0.239847 -0.304921
v 0.778347 -0.299022 -0.336876
v 0.732312 -0.293586 -0.218552
v 0.780325 -0.261675 -0.217281
v 0.740918 -0.229811 -0.297038
v 0.754637 -0.251630 -0.316071
v 0.639888 -0.271643 -0.198721
v 0.655759 -0.293096 -0.304883
v 0.651407 -0.328205 -0.217684
v 0.616236 -0.256546 -0.287755
v 0.635247 -0.272756 -0.297202
v 0.614614 -0.234753 -0.276844
v 0.645085 -0.299960 -0.206854
v 0.610870 -0.340259 -0.275726
v 0.713455 -0.217854 -0.267674
v 0.680623 -0.206108 -0.235532
v 0.748677 -0.214632 -0.255642
v 0.730015 -0.216343 -0.261997
v 0.664182 -0.200523 -0.237845
v 0.750439 -0.313216 -0.306908
v 0.588339 -0.321310 -0.259455
v 0.680853 -0.305562 -0.219393
v 0.651190 -0.240547 -0.285237
v 0.678103 -0.252113 -0.207839
v 0.693390 -0.280280 -0.308966
v 0.656089 -0.221083 -0.273315
v 0.677168 -0.276820 -0.211857
v 0.672002 -0.259407 -0.296805
v 0.646905 -0.190908 -0.220786
v 0.609830 -0.347866 -0.257130
v 0.613447 -0.351244 -0.239692
v 0.714895 -0.213265 -0.247258
v 0.716260 -0.217751 -0.228460
v 0.685719 -0.234380 -0.209411
v 0.680464 -0.211898 -0.218635
v 0.758974 -0.235583 -0.218810
v 0.752845 -0.218760 -0.235572
v 0.657782 -0.232926 -0.201872
v 0.647086 -0.199558 -0.206550
v 0.599407 -0.326185 -0.223669
v 0.591059 -0.326278 -0.240091
v 0.732906 -0.215349 -0.241925
v 0.736240 -0.226353 -0.223865
v 0.663684 -0.200973 -0.219921
v 0.666015 -0.217293 -0.207453
v 0.753724 -0.318011 -0.266989
v 0.754030 -0.320546 -0.249414
v 0.565866 -0.255547 -0.242713
v 0.681327 -0.210717 -0.256368
v 0.743340 -0.219376 -0.275829
v 0.617788 -0.327721 -0.294669
v 0.714427 -0.229382 -0.290572
v 0.646889 -0.194576 -0.241505
v 0.632275 -0.205388 -0.259983
v 0.753039 -0.316254 -0.285562
v 0.666289 -0.210917 -0.262626
v 0.727342 -0.223746 -0.282811
v 0.598511 -0.224618 -0.264949
v 0.594602 -0.310050 -0.279939
v 0.635442 -0.218420 -0.195070
v 0.603816 -0.242941 -0.190253
v 0.847389 -0.213514 -0.221297
v 0.822383 -0.235568 -0.310616
v 0.798560 -0.234644 -0.314752
v 0.852279 -0.227517 -0.215865
v 0.778778 -0.262553 -0.324482
v 0.627079 -0.347515 -0.219280
v 0.847191 -0.248693 -0.217875
v 0.829728 -0.226630 -0.213441
v 0.770835 -0.212827 -0.248002
v 0.775896 -0.221963 -0.228235
v 0.794699 -0.213618 -0.291315
v 0.756860 -0.236632 -0.309179
v 0.808863 -0.204396 -0.271957
v 0.802173 -0.220088 -0.303189
v 0.868665 -0.219196 -0.251525
v 0.866278 -0.229418 -0.228589
v 0.850654 -0.220312 -0.288993
v 0.846895 -0.201883 -0.242814
v 0.824027 -0.205855 -0.283045
v 0.864072 -0.216153 -0.270245
v 0.838222 -0.200192 -0.263382
v 0.566353 -0.281936 -0.243798
v 0.573223 -0.268421 -0.263024
v 0.577167 -0.281568 -0.213427
v 0.575274 -0.294212 -0.262800
v 0.591052 -0.301116 -0.210830
v 0.580206 -0.303643 -0.224978
v 0.573016 -0.303852 -0.242791
v 0.586644 -0.280647 -0.280319
v 0.588303 -0.277968 -0.202075
v 0.575723 -0.259480 -0.203903
v 0.573477 -0.244940 -0.257766
v 0.656101 -0.258094 -0.202668
v 0.671302 -0.284192 -0.304086
v 0.666000 -0.316312 -0.217782
v 0.631086 -0.246698 -0.286913
v 0.659368 -0.322513 -0.215438
v 0.643487 -0.335208 -0.216231
v 0.636138 -0.308273 -0.306907
v 0.612801 -0.213911 -0.264410
v 0.618700 -0.230836 -0.189693
v 0.631754 -0.225974 -0.274412
v 0.775437 -0.317049 -0.241008
v 0.797367 -0.276601 -0.220792
v 0.649091 -0.297494 -0.307428
v 0.662672 -0.287878 -0.306178
v 0.650758 -0.264566 -0.295389
v 0.871795 -0.268058 -0.252855
v 0.659366 -0.287081 -0.208505
v 0.624270 -0.284037 -0.199156
v 0.643109 -0.303159 -0.305297
v 0.635055 -0.341125 -0.218919
v 0.601610 -0.268096 -0.286578
v 0.866273 -0.264172 -0.273861
v 0.853016 -0.286256 -0.241652
v 0.585027 -0.235468 -0.262966
v 0.669031 -0.400315 -0.236570
v 0.587923 -0.253655 -0.195250
v 0.605045 -0.269102 -0.196097
v 0.622235 -0.257650 -0.192824
v 0.699073 -0.376316 -0.235027
v 0.600263 -0.246280 -0.275740
v 0.615664 -0.352582 -0.231021
v 0.609553 -0.351371 -0.248105
v 0.637446 -0.243896 -0.195271
v 0.608073 -0.345782 -0.266818
v 0.686054 -0.387621 -0.233203
v 0.621701 -0.283796 -0.296646
v 0.628262 -0.311168 -0.208685
v 0.624938 -0.195550 -0.195423
v 0.628969 -0.183883 -0.207307
v 0.628970 -0.180844 -0.222496
v 0.623592 -0.184427 -0.242410
v 0.570039 -0.220578 -0.250542
v 0.562547 -0.229227 -0.240919
v 0.559650 -0.236717 -0.223367
v 0.564305 -0.237101 -0.206328
v 0.572662 -0.233977 -0.194798
v 0.606224 -0.190070 -0.251423
v 0.592033 -0.198823 -0.254662
v 0.580247 -0.209525 -0.253854
v 0.610929 -0.205705 -0.187765
v 0.597733 -0.215340 -0.185230
v 0.584944 -0.225300 -0.188002
v 0.828333 -0.216939 -0.295706
v 0.847278 -0.207379 -0.276157
v 0.858183 -0.205964 -0.256548
v 0.861177 -0.212186 -0.235836
v 0.680914 -0.351515 -0.233295
v 0.816292 -0.285576 -0.326548
v 0.795850 -0.252394 -0.323577
v 0.768430 -0.313593 -0.278623
v 0.767829 -0.266214 -0.325707
v 0.815096 -0.268673 -0.221722
v 0.786448 -0.242788 -0.214914
v 0.820414 -0.202124 -0.250994
v 0.825731 -0.208966 -0.230362
v 0.756067 -0.222212 -0.288641
v 0.782136 -0.230074 -0.311062
v 0.763648 -0.214217 -0.268657
v 0.763364 -0.307069 -0.321784
v 0.776222 -0.244932 -0.318120
v 0.688991 -0.320135 -0.307154
v 0.769197 -0.225000 -0.300749
v 0.779045 -0.213593 -0.280402
v 0.802176 -0.224437 -0.219814
v 0.818036 -0.247137 -0.214942
v 0.672917 -0.331018 -0.307698
v 0.859978 -0.215828 -0.280352
v 0.868731 -0.215580 -0.261338
v 0.789645 -0.208050 -0.260244
v 0.797208 -0.210550 -0.239521
v 0.771023 -0.315005 -0.260839
v 0.738953 -0.316819 -0.293204
v 0.793066 -0.303131 -0.302606
v 0.673415 -0.338684 -0.285562
v 0.653226 -0.388338 -0.306678
v 0.781325 -0.308947 -0.290707
v 0.728604 -0.318566 -0.281324
v 0.697743 -0.211247 -0.232521
v 0.705947 -0.322732 -0.278636
v 0.716194 -0.317592 -0.288856
v 0.740075 -0.319312 -0.273770
v 0.738574 -0.322135 -0.256274
v 0.798994 -0.303406 -0.283251
v 0.806483 -0.303666 -0.265263
v 0.674627 -0.344111 -0.267995
v 0.676450 -0.348724 -0.251122
v 0.765711 -0.312175 -0.298406
v 0.718315 -0.321173 -0.271001
v 0.716684 -0.325269 -0.253855
v 0.705274 -0.331709 -0.244393
v 0.706648 -0.326972 -0.261389
v 0.697809 -0.212236 -0.251818
v 0.699534 -0.223533 -0.216871
v 0.725441 -0.325552 -0.246274
v 0.728258 -0.321582 -0.263372
v 0.792259 -0.310696 -0.253620
v 0.785796 -0.309646 -0.272233
v 0.664056 -0.373138 -0.324143
v 0.692228 -0.363900 -0.284755
v 0.750503 -0.288227 -0.329213
v 0.701991 -0.318361 -0.296934
v 0.656846 -0.405718 -0.249120
v 0.777833 -0.306772 -0.311869
v 0.724916 -0.314897 -0.301009
v 0.698080 -0.220050 -0.274003
v 0.804999 -0.295077 -0.314386
v 0.683662 -0.334550 -0.277091
v 0.686515 -0.343847 -0.243015
v 0.685003 -0.339446 -0.259981
v 0.681724 -0.328996 -0.295814
v 0.692933 -0.325768 -0.286519
v 0.695231 -0.335204 -0.252196
v 0.694982 -0.330385 -0.269091
v 0.691143 -0.348668 -0.328967
v 0.691369 -0.357632 -0.303814
v 0.650374 -0.404513 -0.266999
v 0.820056 -0.294738 -0.275144
v 0.812302 -0.294908 -0.293484
v 0.829768 -0.295347 -0.255589
v 0.826900 -0.283507 -0.303522
v 0.836758 -0.281809 -0.284060
v 0.845261 -0.282194 -0.265591
v 0.704641 -0.240353 -0.298286
v 0.619792 -0.352203 -0.222775
v 0.628453 -0.314081 -0.308213
v 0.700180 -0.299799 -0.217213
v 0.721989 -0.276873 -0.320883
v 0.776719 -0.283301 -0.219096
v 0.731836 -0.292517 -0.222556
v 0.655326 -0.291997 -0.308883
v 0.652029 -0.329153 -0.213675
v 0.607692 -0.342273 -0.277335
v 0.681733 -0.306300 -0.215382
v 0.692512 -0.279546 -0.312963
v 0.606593 -0.350359 -0.257550
v 0.610578 -0.353946 -0.238709
v 0.615273 -0.328723 -0.297570
v 0.823245 -0.233596 -0.314103
v 0.778584 -0.261280 -0.328422
v 0.718417 -0.293653 -0.322612
v 0.848752 -0.249598 -0.212358
v 0.871874 -0.216753 -0.251054
v 0.869295 -0.228604 -0.224475
v 0.852564 -0.217808 -0.291586
v 0.866843 -0.213453 -0.271441
v 0.670815 -0.283138 -0.308082
v 0.666871 -0.317058 -0.213770
v 0.692690 -0.295181 -0.314912
v 0.702303 -0.317033 -0.221706
v 0.686036 -0.326219 -0.219908
v 0.873215 -0.229238 -0.286733
v 0.779868 -0.280254 -0.333049
v 0.766299 -0.303436 -0.224329
v 0.620044 -0.367426 -0.253384
v 0.618713 -0.361926 -0.272828
v 0.622893 -0.351246 -0.293081
v 0.642372 -0.302304 -0.309310
v 0.634899 -0.342626 -0.215139
v 0.874059 -0.252530 -0.220966
v 0.844118 -0.275353 -0.221184
v 0.738675 -0.274023 -0.321846
v 0.882312 -0.228994 -0.266937
v 0.883730 -0.236015 -0.244483
v 0.633719 -0.336039 -0.310576
v 0.809578 -0.291932 -0.224239
v 0.725634 -0.312171 -0.223392
v 0.799559 -0.271235 -0.333841
v 0.819207 -0.258165 -0.328622
v 0.851987 -0.238867 -0.307999
v 0.795892 -0.250948 -0.327462
v 0.647958 -0.323008 -0.314404
v 0.638696 -0.363219 -0.222992
v 0.815445 -0.269893 -0.217673
v 0.626514 -0.368628 -0.235518
v 0.671838 -0.337649 -0.218793
v 0.655715 -0.350517 -0.219657
v 0.660888 -0.311778 -0.314905
v 0.674517 -0.302058 -0.313575
v 0.747695 -0.250444 -0.214647
v 0.643893 -0.381675 -0.233575
v 0.654634 -0.346096 -0.319931
v 0.724202 -0.329337 -0.228012
v 0.746264 -0.306203 -0.331683
v 0.800797 -0.312790 -0.229925
v 0.754436 -0.270811 -0.322176
v 0.679416 -0.321450 -0.319762
v 0.676191 -0.358596 -0.224420
v 0.633870 -0.374284 -0.289069
v 0.705787 -0.335810 -0.226184
v 0.716553 -0.309065 -0.323769
v 0.630955 -0.380149 -0.268466
v 0.634680 -0.383419 -0.249508
v 0.641452 -0.360736 -0.309297
v 0.847349 -0.263065 -0.324905
v 0.802872 -0.290618 -0.339173
v 0.872605 -0.278416 -0.225450
v 0.895963 -0.246197 -0.261950
v 0.893130 -0.257460 -0.237411
v 0.876665 -0.247279 -0.302390
v 0.890944 -0.242925 -0.282244
v 0.694796 -0.312709 -0.318882
v 0.691031 -0.346502 -0.224515
v 0.668375 -0.334089 -0.321010
v 0.659000 -0.372098 -0.225940
v 0.820063 -0.280370 -0.338243
v 0.839548 -0.299302 -0.228746
v 0.841514 -0.270419 -0.314079
v 0.857299 -0.264580 -0.292940
v 0.839238 -0.225265 -0.301047
v 0.806953 -0.244276 -0.321350
v 0.709422 -0.312854 -0.309108
v 0.754061 -0.288124 -0.220922
v 0.696503 -0.339337 -0.234613
v 0.787515 -0.257202 -0.326492
v 0.612057 -0.335392 -0.286452
v 0.714631 -0.329723 -0.236311
v 0.622391 -0.320814 -0.303322
v 0.831751 -0.260172 -0.217563
v 0.860947 -0.238092 -0.216921
v 0.734069 -0.311849 -0.315739
v 0.681064 -0.280826 -0.307510
v 0.673529 -0.311128 -0.216511
v 0.816350 -0.305203 -0.243016
v 0.689904 -0.301853 -0.218312
v 0.713339 -0.296905 -0.219997
v 0.649043 -0.399013 -0.286442
v 0.693735 -0.368893 -0.267639
v 0.696432 -0.372830 -0.250610
v 0.706803 -0.279286 -0.315217
v 0.737462 -0.325439 -0.238373
v 0.870123 -0.222323 -0.239661
v 0.791034 -0.298973 -0.325654
v 0.682403 -0.401938 -0.312877
v 0.679742 -0.411175 -0.293446
v 0.700233 -0.410128 -0.250218
v 0.717012 -0.396502 -0.249978
v 0.709498 -0.375763 -0.323955
v 0.709997 -0.383430 -0.301818
v 0.701447 -0.393762 -0.292608
v 0.711209 -0.388857 -0.284252
v 0.713032 -0.393470 -0.267378
v 0.706055 -0.402191 -0.258985
v 0.702771 -0.398821 -0.275716
v 0.701609 -0.386753 -0.311470
v 0.691724 -0.398405 -0.301643
v 0.694236 -0.408830 -0.267302
v 0.691719 -0.404796 -0.284080
v 0.680458 -0.426388 -0.249957
v 0.689130 -0.388286 -0.335318
v 0.712286 -0.403579 -0.241117
v 0.668354 -0.416451 -0.304548
v 0.667253 -0.424531 -0.284783
v 0.671240 -0.428122 -0.265929
v 0.675942 -0.402913 -0.324734
v 0.703047 -0.376496 -0.336453
v 0.695573 -0.416827 -0.242261
v 0.681085 -0.416619 -0.275440
v 0.686257 -0.418625 -0.258277
v 0.694342 -0.388389 -0.323307
v 0.678297 -0.360113 -0.327946
v 0.338543 0.172381 -0.009906
v 0.349658 0.177614 -0.005248
v 0.320621 0.166298 0.055542
v 0.310654 0.157645 0.048253
v 0.332823 0.173236 0.058814
v 0.303593 0.151069 0.036823
v 0.360948 0.180497 0.003622
v 0.363023 0.181330 0.047030
v 0.305321 0.152071 0.005264
v 0.348530 0.177586 0.057605
v 0.369394 0.184708 0.031724
v 0.301214 0.149765 0.021026
v 0.368524 0.183247 0.017125
v 0.314474 0.156969 -0.005654
v 0.326444 0.164497 -0.010444
v 0.341768 0.206609 -0.002636
v 0.320205 0.196778 -0.011816
v 0.342588 0.205179 0.051944
v 0.302967 0.188531 0.052970
v 0.295770 0.181201 -0.001479
v 0.293421 0.180173 0.043055
v 0.328108 0.201801 0.058000
v 0.287828 0.176433 0.028455
v 0.303114 0.338366 0.039314
v 0.282820 0.360518 -0.018806
v 0.276185 0.326213 -0.024509
v 0.243929 0.343533 -0.035972
v 0.238122 0.308407 -0.028745
v 0.282933 0.361536 0.062077
v 0.221665 0.334959 0.066655
v 0.257703 0.319250 0.069299
v 0.207084 0.326116 -0.019095
v 0.209153 0.295629 0.004358
v 0.203124 0.326364 0.052044
v 0.265784 0.354490 0.073310
v 0.306372 0.339169 0.021846
v 0.194577 0.321836 0.029407
v 0.301810 0.336880 0.000234
v 0.221836 0.316807 -0.025689
v 0.261134 0.334766 -0.030793
v 0.293726 0.348514 -0.009911
v 0.301603 0.352090 0.010219
v 0.200601 0.308595 0.016764
v 0.204426 0.311289 0.041428
v 0.302759 0.353203 0.031029
v 0.261717 0.337301 0.072446
v 0.278938 0.344670 0.067295
v 0.218421 0.318106 0.059549
v 0.207287 0.310650 -0.007829
v 0.240277 0.327853 0.069391
v 0.240913 0.325436 -0.033193
v 0.279770 0.342864 -0.022260
v 0.294263 0.350459 0.050543
v 0.288472 0.394978 0.041731
v 0.251451 0.383183 -0.035548
v 0.208862 0.360245 -0.037856
v 0.234688 0.370097 0.075848
v 0.184135 0.346487 0.002490
v 0.291732 0.396800 0.020699
v 0.285538 0.395269 -0.005349
v 0.256761 0.402912 -0.032558
v 0.210874 0.379263 -0.044391
v 0.278651 0.406266 0.054750
v 0.215113 0.376171 0.074392
v 0.181748 0.360946 -0.011009
v 0.190430 0.365300 0.063014
v 0.261776 0.398336 0.075266
v 0.241277 0.388224 0.079323
v 0.287622 0.410908 0.031494
v 0.177541 0.358874 0.041593
v 0.175780 0.357716 0.015435
v 0.285417 0.411322 0.006748
v 0.275291 0.408809 -0.017348
v 0.232896 0.392200 -0.042957
v 0.193473 0.368362 -0.032855
v 0.299746 0.306768 -0.010617
v 0.271131 0.293236 -0.025321
v 0.299332 0.305383 0.054747
v 0.251205 0.282625 0.060991
v 0.234647 0.273543 -0.014813
v 0.233726 0.274388 0.049871
v 0.285891 0.298839 0.063802
v 0.222661 0.268207 0.029692
v 0.326159 0.266335 0.037304
v 0.304805 0.260232 -0.014434
v 0.275852 0.243329 -0.017289
v 0.289808 0.248239 0.059578
v 0.250329 0.228297 0.008296
v 0.328618 0.267992 0.022898
v 0.324616 0.267376 0.005738
v 0.253244 0.261339 -0.018335
v 0.287230 0.280825 -0.020307
v 0.310872 0.290993 -0.002934
v 0.317054 0.292907 0.013319
v 0.232123 0.249785 0.017832
v 0.238047 0.253498 0.039961
v 0.318023 0.292596 0.029976
v 0.286162 0.276214 0.061927
v 0.299945 0.283870 0.058825
v 0.252432 0.261069 0.055191
v 0.238121 0.252729 -0.004193
v 0.269855 0.268470 0.060673
v 0.271413 0.271693 -0.022872
v 0.300343 0.287149 -0.013313
v 0.311554 0.289425 0.045440
v 0.311343 0.074839 0.003759
v 0.316413 0.264687 -0.006439
v 0.291982 0.252829 -0.018490
v 0.316621 0.261737 0.052363
v 0.274237 0.241343 0.056989
v 0.260263 0.234030 -0.008474
v 0.259611 0.233899 0.046585
v 0.304123 0.255730 0.060107
v 0.250292 0.228568 0.029018
v 0.352991 0.208669 0.037544
v 0.331092 0.202938 -0.009307
v 0.307396 0.188107 -0.009705
v 0.314841 0.195831 0.057473
v 0.288606 0.176965 0.012024
v 0.355277 0.209680 0.023488
v 0.350789 0.208347 0.008202
v 0.284589 0.211800 -0.009344
v 0.312160 0.228789 -0.013721
v 0.333539 0.237163 0.000650
v 0.340121 0.238710 0.015067
v 0.268804 0.202412 0.019472
v 0.272444 0.204582 0.036985
v 0.341390 0.238499 0.030475
v 0.309543 0.225159 0.059218
v 0.323071 0.230883 0.056564
v 0.282521 0.210853 0.050447
v 0.273316 0.205037 0.002535
v 0.295731 0.218329 0.057149
v 0.315358 0.100707 0.001300
v 0.299081 0.220685 -0.014473
v 0.323494 0.234109 -0.008491
v 0.335042 0.235526 0.045064
v 0.490506 0.008518 0.020295
v 0.482629 0.065925 0.025271
v 0.352797 0.069089 -0.018695
v 0.353228 0.039537 -0.018601
v 0.357617 0.007357 -0.015276
v 0.321558 0.084287 0.055726
v 0.334369 0.037537 0.064502
v 0.352383 0.013148 0.071372
v 0.472773 0.026839 0.127837
v 0.468283 0.099358 0.032026
v 0.451665 0.048822 0.114792
v 0.439394 0.043168 0.011912
v 0.455803 0.088268 0.021801
v 0.443690 0.027712 0.111392
v 0.408255 0.080004 0.092371
v 0.419659 0.093573 0.091083
v 0.424130 0.053662 0.102488
v 0.445509 0.068683 0.015586
v 0.515313 0.045341 0.032363
v 0.459102 0.065196 0.115289
v 0.491241 -0.007979 0.131429
v 0.472353 0.043511 0.016793
v 0.522429 0.065617 0.034927
v 0.470204 0.075671 0.113034
v 0.477316 0.046860 0.125110
v 0.388933 0.085793 -0.009097
v 0.379531 0.028411 0.083647
v 0.390502 0.025058 -0.009753
v 0.348383 0.074592 0.074237
v 0.363242 0.053258 0.080361
v 0.351287 0.098706 0.071643
v 0.389456 0.055927 -0.010772
v 0.337499 0.001572 0.032632
v 0.450974 0.100982 0.085667
v 0.427099 0.127901 0.054773
v 0.488096 0.102062 0.081608
v 0.468431 0.101493 0.083738
v 0.411175 0.135073 0.056139
v 0.469133 -0.006716 0.094172
v 0.320949 0.028275 0.020613
v 0.420983 0.040658 0.004746
v 0.384468 0.084481 0.083413
v 0.426045 0.094610 0.012581
v 0.416491 0.032732 0.098216
v 0.393696 0.105674 0.080151
v 0.421844 0.070471 0.007374
v 0.400362 0.059687 0.090850
v 0.398981 0.152479 0.040964
v 0.339718 0.000765 0.012653
v 0.346631 0.002735 -0.003987
v 0.457193 0.111700 0.068745
v 0.462100 0.113462 0.050085
v 0.434856 0.109320 0.021576
v 0.429989 0.128080 0.037147
v 0.503921 0.092934 0.042012
v 0.496035 0.104106 0.062372
v 0.409462 0.117791 0.010495
v 0.401351 0.149070 0.024831
v 0.338883 0.033627 -0.012200
v 0.327246 0.029548 0.001488
v 0.475633 0.108514 0.066102
v 0.481654 0.103644 0.046142
v 0.414483 0.140611 0.039402
v 0.417809 0.129131 0.022538
v 0.480394 0.001360 0.056288
v 0.484202 0.004711 0.039268
v 0.309165 0.098661 0.024744
v 0.422871 0.116670 0.072433
v 0.478123 0.091923 0.097615
v 0.341404 0.005874 0.055658
v 0.445884 0.082596 0.102819
v 0.394171 0.142281 0.058729
v 0.374950 0.128602 0.069469
v 0.475928 -0.002978 0.073887
v 0.406898 0.116935 0.075615
v 0.460651 0.088232 0.099826
v 0.339180 0.114708 0.061600
v 0.323762 0.030993 0.044493
v 0.390634 0.137227 0.005647
v 0.358514 0.121262 -0.012741
v 0.591490 0.097934 0.066856
v 0.545905 0.052315 0.137073
v 0.521958 0.055781 0.137233
v 0.596026 0.085878 0.057715
v 0.497903 0.029928 0.133008
v 0.364615 0.010624 -0.019177
v 0.588566 0.066372 0.051218
v 0.574715 0.091249 0.052039
v 0.511443 0.102558 0.078910
v 0.519692 0.099697 0.058330
v 0.525291 0.083658 0.122467
v 0.482428 0.062696 0.124450
v 0.544106 0.096222 0.110280
v 0.529377 0.072507 0.132349
v 0.605141 0.079204 0.096208
v 0.606722 0.077611 0.071085
v 0.579509 0.068885 0.127290
v 0.587551 0.101782 0.090692
v 0.556328 0.088709 0.122496
v 0.596971 0.076664 0.113747
v 0.574888 0.098058 0.108773
v 0.306809 0.073682 0.016480
v 0.310702 0.078808 0.040102
v 0.323852 0.082178 -0.009535
v 0.310204 0.054554 0.031107
v 0.335978 0.062539 -0.016531
v 0.322161 0.057357 -0.006216
v 0.311341 0.052522 0.008904
v 0.318841 0.059538 0.053928
v 0.337459 0.087393 -0.016850
v 0.326662 0.106082 -0.010720
v 0.314386 0.102326 0.043620
v 0.405180 0.094403 0.002036
v 0.395683 0.034368 0.088658
v 0.405834 0.033659 -0.003019
v 0.363965 0.081556 0.079425
v 0.399279 0.029764 -0.008477
v 0.382426 0.020340 -0.014890
v 0.358534 0.016898 0.076865
v 0.354237 0.122464 0.067278
v 0.374291 0.130228 -0.006489
v 0.369329 0.104816 0.075370
v 0.507150 0.007156 0.036340
v 0.536772 0.047750 0.035714
v 0.372072 0.024597 0.083320
v 0.386486 0.031690 0.087839
v 0.379510 0.058888 0.084179
v 0.603086 0.032805 0.080654
v 0.404250 0.064988 -0.002312
v 0.372441 0.076722 -0.015689
v 0.366157 0.021022 0.078356
v 0.373073 0.015358 -0.015918
v 0.333283 0.066669 0.066626
v 0.593609 0.030455 0.100439
v 0.585441 0.022676 0.060769
v 0.325431 0.107510 0.053685
v 0.396489 -0.051126 -0.014968
v 0.340944 0.112305 -0.014586
v 0.355882 0.094813 -0.016421
v 0.374416 0.103675 -0.012513
v 0.428378 -0.033299 -0.002881
v 0.336440 0.090734 0.064152
v 0.350510 0.003964 -0.012071
v 0.341035 0.000508 0.003061
v 0.390030 0.113135 -0.002854
v 0.336143 -0.000180 0.022014
v 0.415003 -0.041049 -0.010733
v 0.349109 0.045426 0.073682
v 0.371611 0.047702 -0.015861
v 0.382601 0.160129 0.012318
v 0.385126 0.166414 0.028057
v 0.382175 0.164262 0.043111
v 0.372335 0.155299 0.059272
v 0.314989 0.127923 0.045026
v 0.308915 0.124279 0.031859
v 0.309118 0.123547 0.012572
v 0.317250 0.127999 -0.002468
v 0.328146 0.133293 -0.010579
v 0.352972 0.149987 0.062671
v 0.337626 0.143146 0.060187
v 0.325290 0.135419 0.053689
v 0.369625 0.155525 -0.000661
v 0.356394 0.149589 -0.008605
v 0.342391 0.141546 -0.011713
v 0.556712 0.073535 0.130940
v 0.580249 0.085681 0.119494
v 0.595181 0.091608 0.103769
v 0.601910 0.092111 0.083004
v 0.413543 -0.006645 0.001279
v 0.531652 0.001598 0.133012
v 0.515688 0.036832 0.138618
v 0.492633 -0.000791 0.071010
v 0.486639 0.027943 0.131013
v 0.554584 0.051868 0.042333
v 0.530746 0.082939 0.040456
v 0.560041 0.103283 0.093720
v 0.568950 0.102796 0.073197
v 0.487472 0.082969 0.110523
v 0.507236 0.063973 0.132718
v 0.499902 0.095692 0.096228
v 0.479117 -0.008024 0.112194
v 0.498515 0.048827 0.132967
v 0.408679 -0.003009 0.081704
v 0.497367 0.074225 0.122867
v 0.512415 0.089862 0.109824
v 0.546790 0.095784 0.054086
v 0.561012 0.073630 0.044209
v 0.391869 -0.010633 0.075672
v 0.590861 0.074335 0.122481
v 0.603461 0.079340 0.106530
v 0.527575 0.099859 0.095004
v 0.539114 0.103067 0.076309
v 0.498819 0.003293 0.054577
v 0.460548 -0.003664 0.078371
v 0.512474 -0.003018 0.100891
v 0.396335 -0.010592 0.052669
v 0.367307 -0.060331 0.051154
v 0.503037 -0.002575 0.085925
v 0.452859 0.000326 0.065094
v 0.443875 0.121261 0.053037
v 0.431004 0.001102 0.057368
v 0.439282 0.000828 0.070301
v 0.465550 0.000198 0.059791
v 0.467557 0.003556 0.042441
v 0.522349 0.002082 0.083971
v 0.533451 0.006489 0.068575
v 0.400737 -0.010084 0.034785
v 0.405665 -0.009149 0.017928
v 0.485897 -0.005502 0.089263
v 0.444812 0.002995 0.052956
v 0.446492 0.005076 0.035456
v 0.436793 0.004086 0.022566
v 0.434958 0.002693 0.040113
v 0.439713 0.114006 0.070456
v 0.447755 0.114665 0.034585
v 0.456596 0.005840 0.029839
v 0.456068 0.003461 0.047449
v 0.521426 0.006133 0.053000
v 0.511266 0.002085 0.069423
v 0.375591 -0.053721 0.074414
v 0.412308 -0.036909 0.046135
v 0.466883 0.009205 0.123557
v 0.423675 -0.000172 0.075095
v 0.381429 -0.058236 -0.007363
v 0.495329 -0.006906 0.105587
v 0.445425 -0.002100 0.083893
v 0.434460 0.099424 0.088150
v 0.522344 -0.001373 0.116573
v 0.408513 -0.005676 0.048047
v 0.417661 -0.003630 0.013873
v 0.412995 -0.004845 0.030792
v 0.403170 -0.006324 0.066919
v 0.416371 -0.002141 0.061378
v 0.425019 -0.000051 0.026834
v 0.421637 -0.001064 0.044046
v 0.403295 -0.037051 0.092033
v 0.408013 -0.037182 0.065750
v 0.371433 -0.061897 0.008437
v 0.545407 0.009296 0.083092
v 0.533931 0.004418 0.098616
v 0.558970 0.013522 0.066500
v 0.547093 0.009303 0.114323
v 0.561005 0.015620 0.098659
v 0.573182 0.019900 0.082945
v 0.433642 0.071493 0.104401
v 0.356323 0.006332 -0.018836
v 0.350214 0.012347 0.074728
v 0.440800 0.043517 0.008003
v 0.442071 0.027238 0.115157
v 0.516408 0.045510 0.028338
v 0.471139 0.043271 0.020776
v 0.378362 0.028195 0.087645
v 0.391870 0.025387 -0.013675
v 0.333867 -0.000300 0.032870
v 0.422623 0.041140 0.000941
v 0.414854 0.032251 0.102008
v 0.336237 -0.001153 0.011617
v 0.343788 0.001022 -0.006326
v 0.338240 0.004410 0.057553
v 0.546191 0.052862 0.141123
v 0.496996 0.029853 0.137052
v 0.436578 0.011659 0.110212
v 0.591175 0.067078 0.046082
v 0.608600 0.081097 0.097175
v 0.610614 0.079214 0.068090
v 0.581057 0.070046 0.130881
v 0.599674 0.078322 0.116265
v 0.394459 0.034119 0.092627
v 0.407466 0.034136 -0.006830
v 0.413071 0.017042 0.098295
v 0.440205 0.025663 0.006389
v 0.423876 0.020416 -0.001230
v 0.601041 0.057571 0.125811
v 0.495386 0.010477 0.134805
v 0.503178 0.026803 0.024288
v 0.348520 -0.017898 0.003983
v 0.343608 -0.018934 0.023602
v 0.344389 -0.016334 0.046718
v 0.364666 0.020625 0.082229
v 0.373582 0.015227 -0.019954
v 0.613639 0.057320 0.057184
v 0.582247 0.041004 0.044311
v 0.458363 0.026797 0.119835
v 0.614141 0.062772 0.109197
v 0.619632 0.063364 0.086284
v 0.352664 -0.009725 0.070007
v 0.546392 0.030330 0.035494
v 0.462998 0.025751 0.013553
v 0.515242 0.015329 0.142011
v 0.536740 0.025926 0.145112
v 0.574912 0.045179 0.138432
v 0.515040 0.036897 0.142713
v 0.366966 -0.001229 0.080518
v 0.373565 -0.007129 -0.019385
v 0.555668 0.052002 0.038233
v 0.358512 -0.014238 -0.011804
v 0.409190 0.012513 -0.008670
v 0.392069 0.002945 -0.015120
v 0.380531 0.006899 0.087110
v 0.395019 0.014108 0.091600
v 0.492387 0.082354 0.031039
v 0.374534 -0.028627 -0.015315
v 0.369998 -0.025624 0.078542
v 0.458927 0.008511 0.011487
v 0.460464 -0.007618 0.118759
v 0.534588 0.010530 0.031877
v 0.473925 0.027053 0.123903
v 0.396547 -0.006770 0.091244
v 0.410154 -0.009536 -0.010183
v 0.353647 -0.038271 0.036699
v 0.440784 0.006154 0.004443
v 0.433001 -0.002743 0.105509
v 0.354644 -0.036488 0.015176
v 0.361999 -0.033937 -0.002806
v 0.358022 -0.033561 0.061375
v 0.564404 0.017905 0.144649
v 0.515412 -0.004995 0.140607
v 0.608718 0.032018 0.051902
v 0.626782 0.046135 0.100793
v 0.628169 0.044173 0.073751
v 0.599267 0.035087 0.134406
v 0.617883 0.043363 0.119790
v 0.412543 -0.000911 0.096094
v 0.425747 -0.000789 -0.003339
v 0.384304 -0.017096 0.086077
v 0.391793 -0.019731 -0.016431
v 0.533327 0.001980 0.146246
v 0.573829 0.017014 0.042028
v 0.560325 0.015585 0.131110
v 0.580764 0.025316 0.116355
v 0.565348 0.062227 0.134725
v 0.527755 0.043266 0.141294
v 0.428834 -0.000276 0.089487
v 0.493521 0.044196 0.024533
v 0.429610 0.001655 0.009402
v 0.506491 0.032792 0.138209
v 0.336837 0.002386 0.044424
v 0.447812 0.007025 0.017392
v 0.344706 0.008696 0.066833
v 0.572497 0.058367 0.044292
v 0.603183 0.074254 0.056387
v 0.451468 -0.005615 0.100054
v 0.404769 0.034752 0.094628
v 0.413934 0.037645 -0.001098
v 0.547649 0.010708 0.049203
v 0.430376 0.042956 0.006574
v 0.453279 0.043107 0.013783
v 0.366521 -0.062933 0.028055
v 0.416944 -0.036194 0.028867
v 0.422821 -0.034724 0.012253
v 0.428287 0.029377 0.106557
v 0.469981 0.006534 0.024613
v 0.608788 0.079941 0.084426
v 0.505977 -0.006366 0.123234
v 0.392998 -0.079866 0.056908
v 0.393659 -0.081646 0.035312
v 0.422927 -0.069915 -0.000681
v 0.440626 -0.059956 0.006721
v 0.419538 -0.063661 0.080887
v 0.424004 -0.063619 0.057885
v 0.416648 -0.068788 0.044326
v 0.428406 -0.063111 0.040000
v 0.433334 -0.062176 0.023143
v 0.427490 -0.066375 0.011169
v 0.421051 -0.068178 0.027211
v 0.413460 -0.068478 0.064191
v 0.404808 -0.074449 0.049374
v 0.413570 -0.073309 0.014501
v 0.407932 -0.074637 0.030949
v 0.402163 -0.081663 -0.009975
v 0.396078 -0.075642 0.083514
v 0.437233 -0.062848 -0.004728
v 0.379697 -0.088296 0.041763
v 0.382061 -0.089151 0.020529
v 0.389616 -0.086975 0.002572
v 0.384085 -0.083583 0.066397
v 0.410522 -0.067364 0.091054
v 0.419441 -0.072763 -0.011151
v 0.398281 -0.081032 0.017039
v 0.406783 -0.078134 0.001397
v 0.403703 -0.072669 0.073294
v 0.389902 -0.045223 0.084899
v 0.291272 0.424851 -0.029788
v 0.286403 0.435146 -0.023419
v 0.315810 0.453284 -0.051550
v 0.306379 0.422610 -0.045754
v 0.298301 0.420750 -0.037672
v 0.311776 0.465205 -0.045742
v 0.304733 0.471332 -0.037895
v 0.312583 0.429411 -0.051298
v 0.315884 0.439872 -0.053412
v 0.288427 0.462998 -0.022926
v 0.296077 0.470554 -0.029616
v 0.284870 0.449830 -0.020449
v 0.274060 0.432909 -0.035414
v 0.278433 0.469763 -0.035669
v 0.271253 0.445149 -0.030495
v 0.287373 0.474921 -0.045022
v 0.295959 0.472211 -0.055191
v 0.301579 0.463070 -0.063143
v 0.303427 0.449878 -0.067284
v 0.093314 0.470525 -0.174050
v 0.097467 0.504035 -0.202510
v 0.093238 0.486230 -0.178346
v 0.094959 0.497153 -0.223168
v 0.088101 0.481403 -0.231974
v 0.082228 0.463014 -0.228044
v 0.079222 0.448135 -0.216626
v 0.095985 0.442848 -0.211898
v 0.096025 0.454760 -0.223851
v 0.100182 0.472144 -0.230458
v 0.097928 0.438376 -0.197429
v 0.102671 0.439959 -0.187529
v 0.105869 0.489746 -0.225723
v 0.104754 0.442930 -0.183467
v 0.097203 0.482397 -0.174470
v 0.108742 0.501285 -0.204328
v 0.095382 0.465472 -0.173241
v 0.103043 0.496409 -0.182765
v 0.099494 0.450570 -0.177343
v 0.163240 0.433912 -0.133124
v 0.159844 0.477935 -0.117466
v 0.172835 0.431619 -0.147398
v 0.182404 0.438070 -0.160303
v 0.190139 0.450971 -0.168049
v 0.176661 0.461136 -0.184353
v 0.178702 0.478434 -0.180319
v 0.175572 0.493811 -0.170006
v 0.170388 0.445697 -0.180653
v 0.161569 0.434855 -0.169586
v 0.167143 0.501016 -0.155549
v 0.151421 0.431513 -0.154543
v 0.140769 0.471739 -0.130693
v 0.156437 0.497525 -0.142030
v 0.139130 0.454399 -0.132742
v 0.146983 0.486946 -0.133605
v 0.142756 0.438934 -0.140747
v 0.148753 0.501848 -0.164396
v 0.109507 0.486327 -0.166854
v 0.162715 0.485632 -0.192891
v 0.162835 0.468338 -0.198879
v 0.054963 0.484941 -0.155402
v 0.064254 0.522965 -0.189965
v 0.045322 0.466389 -0.158857
v 0.035893 0.453863 -0.171373
v 0.031078 0.449424 -0.189536
v 0.048579 0.498816 -0.155218
v 0.052569 0.526716 -0.197526
v 0.053632 0.515170 -0.163888
v 0.045114 0.517764 -0.214916
v 0.055442 0.525196 -0.179115
v 0.040029 0.479223 -0.154238
v 0.036039 0.500434 -0.225360
v 0.029921 0.462636 -0.162342
v 0.022565 0.453410 -0.178155
v 0.027305 0.480466 -0.223629
v 0.020672 0.463482 -0.212672
v 0.019192 0.453604 -0.196624
v 0.157140 0.445612 -0.122225
v 0.196786 0.442821 -0.091432
v 0.236245 0.438457 -0.061133
v 0.167941 0.490690 -0.123313
v 0.206719 0.484704 -0.093502
v 0.243678 0.476911 -0.063044
v 0.156100 0.461517 -0.117105
v 0.195456 0.457204 -0.086124
v 0.234508 0.451403 -0.056217
v 0.178053 0.497390 -0.134581
v 0.216478 0.489791 -0.105032
v 0.253126 0.482036 -0.074239
v 0.187819 0.495143 -0.148764
v 0.225344 0.486482 -0.117949
v 0.261967 0.478786 -0.086419
v 0.193633 0.483653 -0.161091
v 0.230910 0.476094 -0.128639
v 0.267415 0.469081 -0.095612
v 0.194335 0.467375 -0.167979
v 0.232015 0.461504 -0.134342
v 0.268711 0.455560 -0.100221
v 0.279969 0.425122 -0.043475
v 0.241833 0.429291 -0.070334
v 0.202444 0.432551 -0.101570
v 0.272637 0.458799 -0.030472
v 0.236996 0.465406 -0.056677
v 0.198948 0.472595 -0.086715
v 0.288157 0.423245 -0.053293
v 0.250237 0.426400 -0.082007
v 0.211166 0.429253 -0.114304
v 0.295985 0.427891 -0.061750
v 0.258943 0.431019 -0.092582
v 0.220628 0.434173 -0.126120
v 0.301327 0.437272 -0.066655
v 0.265616 0.441669 -0.099161
v 0.228280 0.446040 -0.133545
v 0.211306 0.456402 -0.152196
v 0.249803 0.450872 -0.117397
v 0.284743 0.445982 -0.083885
v 0.212836 0.472713 -0.149063
v 0.250988 0.465606 -0.115289
v 0.285330 0.459742 -0.082130
v 0.209387 0.486347 -0.139746
v 0.247623 0.477924 -0.107682
v 0.281755 0.471506 -0.075431
v 0.205212 0.441657 -0.148045
v 0.244260 0.437402 -0.113231
v 0.280299 0.434064 -0.080317
v 0.196245 0.432400 -0.137620
v 0.235763 0.429131 -0.103747
v 0.273028 0.426449 -0.072181
v 0.201635 0.493512 -0.126645
v 0.240327 0.484966 -0.096225
v 0.274357 0.477980 -0.064806
v 0.186581 0.431083 -0.124205
v 0.226589 0.428386 -0.091619
v 0.264491 0.425303 -0.061225
v 0.176406 0.467707 -0.101016
v 0.216552 0.461919 -0.070600
v 0.253113 0.454986 -0.041310
v 0.191687 0.491976 -0.113615
v 0.230775 0.484284 -0.083836
v 0.264880 0.476728 -0.052883
v 0.175223 0.451748 -0.103573
v 0.215710 0.447247 -0.072876
v 0.253377 0.441702 -0.043858
v 0.182395 0.482477 -0.104406
v 0.221950 0.475651 -0.074413
v 0.257001 0.467886 -0.044238
v 0.178852 0.438359 -0.111744
v 0.219308 0.435128 -0.080389
v 0.257337 0.431025 -0.050884
v 0.127177 0.447131 -0.147623
v 0.126108 0.464476 -0.142855
v 0.112478 0.439741 -0.177210
v 0.118654 0.436376 -0.188746
v 0.119784 0.438233 -0.199634
v 0.122225 0.445049 -0.211380
v 0.308687 0.413336 -0.027039
v 0.308745 0.390962 0.032285
v 0.327910 0.390214 0.040019
v 0.325554 0.415217 -0.017926
v 0.325432 0.422524 -0.025910
v 0.311414 0.449106 0.072517
v 0.315691 0.465345 -0.007576
v 0.278849 0.433294 0.002780
v 0.291707 0.452641 0.068295
v 0.282482 0.454275 -0.016490
v 0.292721 0.465024 -0.018595
v 0.307665 0.392977 0.042451
v 0.303310 0.399753 -0.000793
v 0.329438 0.403274 0.020904
v 0.308762 0.462021 0.044547
v 0.280844 0.451694 0.040773
v 0.298716 0.402050 0.010216
v 0.285064 0.459912 0.041264
v 0.315151 0.458373 0.030915
v 0.324154 0.400473 0.010088
v 0.320026 0.460498 -0.018038
v 0.326016 0.446573 -0.020319
v 0.327478 0.432181 -0.023592
v 0.331388 0.399700 0.048502
v 0.325552 0.413893 0.062717
v 0.318554 0.430967 0.071782
v 0.300193 0.416578 -0.025836
v 0.292378 0.428131 -0.023396
v 0.286327 0.463751 -0.011465
v 0.289396 0.441394 0.067264
v 0.295164 0.424459 0.065803
v 0.301820 0.407767 0.056487
v 0.276715 0.445629 0.028731
v 0.281542 0.431071 0.023365
v 0.290747 0.416278 0.015208
v 0.330220 0.412024 0.014810
v 0.327396 0.426705 0.020820
v 0.322525 0.442201 0.026171
v 0.327918 0.424654 -0.015398
v 0.326659 0.437645 -0.011492
v 0.322282 0.452866 -0.008165
v 0.324167 0.430379 -0.038193
v 0.288253 0.430360 -0.014148
v 0.296804 0.417173 -0.017269
v 0.296991 0.433841 0.074990
v 0.304194 0.415014 0.071941
v 0.311482 0.398478 0.055178
v 0.274755 0.441862 0.003691
v 0.273619 0.451280 0.004189
v 0.281813 0.467268 0.003232
v 0.282389 0.436689 0.036114
v 0.289220 0.422152 0.029631
v 0.297001 0.407044 0.022356
v 0.329653 0.416722 0.027955
v 0.324612 0.432199 0.035349
v 0.318544 0.448214 0.040171
v 0.324167 0.375635 0.060543
v 0.308996 0.377327 0.061008
v 0.325099 0.382763 0.066660
v 0.310349 0.383722 0.066522
v 0.313055 0.378378 0.052418
v 0.330878 0.391263 0.047917
v 0.324770 0.390110 0.063901
v 0.309267 0.393833 0.050871
v 0.318949 0.367892 0.070727
v 0.305250 0.370317 0.070302
v 0.319623 0.375236 0.075762
v 0.306162 0.376941 0.074831
v 0.319466 0.381359 0.073726
v 0.306455 0.377255 0.069013
v 0.310086 0.370043 0.063980
v 0.323079 0.374842 0.068748
v 0.308019 0.357749 0.088491
v 0.298020 0.359274 0.086125
v 0.308765 0.362560 0.091016
v 0.298701 0.363095 0.088958
v 0.313338 0.362506 0.085178
v 0.315092 0.375946 0.080632
v 0.301465 0.358471 0.080169
v 0.302539 0.372079 0.075685
v 0.312881 0.398315 0.089636
v 0.296590 0.394961 0.086095
v 0.299600 0.403549 0.090435
v 0.301856 0.388174 0.083658
v 0.316225 0.397209 0.078737
v 0.319299 0.414882 0.073399
v 0.301037 0.393821 0.075147
v 0.298705 0.403719 0.080486
v 0.307078 0.391273 0.105736
v 0.293120 0.388783 0.102639
v 0.295205 0.396939 0.105899
v 0.298047 0.381886 0.100933
v 0.308028 0.399218 0.099914
v 0.294983 0.396733 0.097197
v 0.309344 0.389157 0.096311
v 0.296458 0.386696 0.093429
v 0.294028 0.383855 0.129692
v 0.284013 0.382406 0.126293
v 0.284836 0.387032 0.128740
v 0.286978 0.378138 0.126217
v 0.287938 0.379421 0.118529
v 0.305481 0.384307 0.109074
v 0.285790 0.388672 0.121181
v 0.296798 0.390314 0.124419
v 0.309197 0.420500 0.103887
v 0.290552 0.416430 0.099175
v 0.291460 0.426058 0.100828
v 0.299216 0.408892 0.100006
v 0.308274 0.428860 0.094135
v 0.294181 0.428990 0.074957
v 0.314011 0.417355 0.093252
v 0.296600 0.413192 0.089107
v 0.302740 0.415446 0.122267
v 0.286235 0.412247 0.118705
v 0.288294 0.421105 0.120331
v 0.292329 0.404910 0.119249
v 0.302533 0.422841 0.114081
v 0.287605 0.419854 0.110195
v 0.306625 0.412077 0.113319
v 0.291588 0.408988 0.109686
v 0.290526 0.408819 0.145601
v 0.277691 0.407219 0.141982
v 0.279147 0.412254 0.143928
v 0.281177 0.402597 0.142633
v 0.294899 0.405581 0.139059
v 0.298628 0.419165 0.128146
v 0.280647 0.403273 0.136510
v 0.278688 0.413288 0.137628
v 0.303752 0.447188 0.100455
v 0.289225 0.452766 0.097138
v 0.286507 0.443504 0.096031
v 0.292526 0.436104 0.097187
v 0.290292 0.438311 0.088233
v 0.310419 0.441990 0.079361
v 0.287997 0.449340 0.088102
v 0.306733 0.454527 0.078038
v 0.297762 0.445179 0.115778
v 0.285329 0.451518 0.111626
v 0.282722 0.442986 0.109783
v 0.287659 0.435546 0.110973
v 0.284817 0.448853 0.104090
v 0.286613 0.438140 0.103872
v 0.300575 0.440626 0.108361
v 0.298658 0.451302 0.108560
v 0.286552 0.441218 0.135975
v 0.276370 0.445045 0.131602
v 0.274707 0.439876 0.129574
v 0.277625 0.435118 0.130979
v 0.277622 0.435848 0.124333
v 0.295413 0.439001 0.120043
v 0.288649 0.447153 0.131302
v 0.281196 0.447898 0.114851
v 0.318797 0.368781 0.076464
v 0.309990 0.369281 0.088672
v 0.306124 0.364077 0.071512
v 0.298411 0.365821 0.083567
v 0.301298 0.365345 0.076703
v 0.302222 0.372291 0.081066
v 0.315150 0.362393 0.077836
v 0.315809 0.370175 0.082616
v 0.293491 0.382220 0.106188
v 0.298912 0.381185 0.121868
v 0.291316 0.392362 0.109276
v 0.303376 0.394390 0.112037
v 0.302904 0.388018 0.115984
v 0.290897 0.393974 0.115660
v 0.289203 0.385758 0.112433
v 0.301139 0.379786 0.112937
v 0.300813 0.408425 0.127096
v 0.292749 0.415404 0.140329
v 0.285948 0.405486 0.125027
v 0.283818 0.416406 0.125856
v 0.283713 0.418389 0.132628
v 0.281200 0.409472 0.130637
v 0.295680 0.403498 0.132085
v 0.298693 0.412677 0.132762
v 0.282569 0.437352 0.114268
v 0.289950 0.437275 0.130681
v 0.293959 0.449522 0.120621
v 0.276384 0.445729 0.124959
v 0.293408 0.443499 0.125539
v 0.278766 0.441738 0.118445
v 0.281372 0.450129 0.120758
v 0.290768 0.435078 0.123383
v 0.312397 0.385706 0.042853
v 0.328223 0.383528 0.057432
v 0.327843 0.399075 0.056599
v 0.309467 0.385318 0.058545
v 0.329433 0.391799 0.056172
v 0.310219 0.385847 0.049979
v 0.312627 0.392413 0.056535
v 0.327486 0.384024 0.049004
v 0.323719 0.404348 0.064719
v 0.314086 0.407124 0.083813
v 0.305437 0.399806 0.059871
v 0.301052 0.410399 0.068729
v 0.302855 0.410194 0.076534
v 0.300679 0.401871 0.070012
v 0.317381 0.397906 0.069008
v 0.319663 0.406360 0.074606
v 0.312666 0.434000 0.079773
v 0.291157 0.424839 0.089775
v 0.318260 0.421830 0.078142
v 0.299155 0.416868 0.073254
v 0.294246 0.420832 0.080383
v 0.313902 0.415875 0.083788
v 0.314978 0.426091 0.085493
v 0.295588 0.430899 0.082846
v 0.292463 0.436805 0.074961
v 0.306489 0.442154 0.091919
v 0.289478 0.448374 0.074033
v 0.303792 0.453445 0.091612
v 0.291729 0.453049 0.081169
v 0.308345 0.448645 0.084632
v 0.289018 0.443144 0.080325
v 0.305645 0.438543 0.084218
v 0.308712 0.472362 -0.010751
v 0.303535 0.470384 -0.018601
v 0.319646 0.422734 -0.037374
v 0.283853 0.473340 0.013161
v 0.311504 0.418079 -0.034422
v 0.275996 0.462097 0.023481
v 0.312684 0.468635 -0.017994
v 0.306115 0.474909 0.025598
v 0.285143 0.466833 0.053235
v 0.278807 0.480289 0.038477
v 0.276364 0.471075 0.043827
v 0.298079 0.479932 0.050483
v 0.301738 0.472579 0.044483
v 0.298892 0.481149 0.033512
v 0.277710 0.472198 0.028824
v 0.278829 0.463077 0.040477
v 0.277911 0.483901 0.073764
v 0.273406 0.492881 0.071926
v 0.273521 0.486678 0.072436
v 0.284984 0.492319 0.074186
v 0.276974 0.477976 0.066935
v 0.295892 0.477540 0.058848
v 0.293653 0.485879 0.054611
v 0.275304 0.479161 0.046833
v 0.276322 0.451652 -0.008589
v 0.279179 0.448321 -0.014270
v 0.281119 0.440401 -0.015008
v 0.273256 0.446289 0.011839
v 0.276422 0.435955 0.009425
v 0.277584 0.443642 -0.009588
v 0.281278 0.436437 -0.010889
v 0.278062 0.458378 -0.008947
v 0.278358 0.455698 -0.012639
v 0.273785 0.456504 0.008793
v 0.280595 0.429766 0.011450
v 0.275967 0.439441 0.018254
v 0.276272 0.462404 0.008928
v 0.284651 0.437289 -0.016909
v 0.273931 0.452788 0.019410
v 0.282382 0.458884 -0.013836
v 0.319044 0.416048 -0.027083
v 0.316176 0.386695 0.037287
v 0.305822 0.477075 0.006935
v 0.302334 0.456964 0.070748
v 0.300855 0.466066 0.043552
v 0.309912 0.395520 0.008079
v 0.307641 0.436845 0.077800
v 0.315333 0.417832 0.074901
v 0.322606 0.401364 0.058368
v 0.294791 0.411162 0.002287
v 0.286112 0.424351 0.005126
v 0.320060 0.451310 0.016365
v 0.316152 0.372672 0.057740
v 0.318437 0.386196 0.069370
v 0.311741 0.365092 0.067979
v 0.313327 0.379061 0.077543
v 0.301701 0.355737 0.085692
v 0.304800 0.364864 0.091841
v 0.307832 0.405248 0.092111
v 0.309915 0.389829 0.085524
v 0.302230 0.398173 0.107391
v 0.304980 0.383142 0.102538
v 0.290627 0.387817 0.130703
v 0.292754 0.379015 0.128228
v 0.300699 0.428043 0.103294
v 0.308623 0.410978 0.102251
v 0.296521 0.422650 0.122215
v 0.300608 0.406564 0.120927
v 0.286473 0.413104 0.146133
v 0.288664 0.403544 0.144763
v 0.297753 0.454627 0.099320
v 0.301244 0.437926 0.099429
v 0.292809 0.452597 0.114620
v 0.295220 0.436659 0.113973
v 0.283231 0.445824 0.135334
v 0.284523 0.435896 0.134715
v 0.309385 0.374360 0.084041
v 0.307803 0.359633 0.074898
v 0.297769 0.395065 0.117381
v 0.294310 0.378618 0.111107
v 0.292412 0.419897 0.133776
v 0.286885 0.401801 0.131109
v 0.288662 0.451004 0.124303
v 0.283415 0.434192 0.119834
v 0.322279 0.395284 0.059892
v 0.317924 0.380943 0.046168
v 0.312398 0.412425 0.078720
v 0.307940 0.395646 0.066601
v 0.303348 0.413195 0.081284
v 0.305766 0.433478 0.085452
v 0.301148 0.456061 0.083199
v 0.295738 0.436054 0.081942
v 0.302690 0.418759 -0.030261
v 0.296584 0.479253 0.014450
v 0.295633 0.471587 0.055393
v 0.290000 0.484394 0.042924
v 0.284110 0.487423 0.074086
v 0.280382 0.495870 0.073463
v 0.277794 0.493123 0.063998
v 0.277530 0.491950 0.075933
v 0.292516 0.466232 0.048800
v 0.286859 0.479966 0.026691
v 0.285130 0.479229 0.069335
v 0.325333 0.436135 0.012118
v 0.297246 0.470763 -0.012153
v 0.301689 0.436034 0.078696
v 0.296765 0.455244 0.075824
v 0.301621 0.434218 0.079182
v 0.309645 0.415521 0.077085
v 0.315335 0.398814 0.061265
v 0.308733 0.414484 0.074936
v 0.323116 0.384749 0.042681
v 0.317525 0.397713 0.056479
v 0.289445 0.434794 0.117031
v 0.287110 0.452075 0.117928
v 0.293858 0.403327 0.126343
v 0.290321 0.421138 0.127823
v 0.300167 0.380025 0.106613
v 0.296667 0.396594 0.111687
v 0.313897 0.362803 0.072246
v 0.307592 0.376354 0.079338
v 0.281958 0.449338 0.128640
v 0.279283 0.440032 0.135424
v 0.291168 0.453525 0.106391
v 0.294251 0.435948 0.106094
v 0.283997 0.433522 0.127702
v 0.295078 0.454993 0.089811
v 0.284736 0.417109 0.140209
v 0.288026 0.401210 0.138342
v 0.282694 0.407262 0.146791
v 0.300351 0.407044 0.111367
v 0.307135 0.411591 0.091060
v 0.293942 0.424854 0.112432
v 0.290468 0.392117 0.124044
v 0.287284 0.382192 0.131453
v 0.303441 0.384763 0.093688
v 0.293871 0.377438 0.119795
v 0.305775 0.408606 0.084009
v 0.309423 0.392496 0.075424
v 0.301053 0.401210 0.099796
v 0.303075 0.369396 0.087321
v 0.308495 0.357081 0.081528
v 0.302262 0.358774 0.090587
v 0.318089 0.369162 0.064316
v 0.316089 0.389855 0.063001
v 0.311825 0.381445 0.072772
v 0.329398 0.421301 0.006794
v 0.304239 0.408732 -0.019131
v 0.312684 0.466728 0.017481
v 0.298272 0.430579 0.092350
v 0.299284 0.436654 0.090230
v 0.315679 0.408678 -0.019554
v 0.322284 0.377615 0.052560
v 0.328694 0.408347 0.002323
v 0.294503 0.460991 0.046969
v 0.318415 0.394684 0.016910
v 0.276041 0.459563 0.001587
v 0.292986 0.474913 0.002436
v 0.317235 0.399655 -0.000845
v 0.309660 0.402184 -0.010679
v 0.301605 0.475158 -0.004378
v 0.282973 0.430946 -0.004707
v 0.277274 0.438524 -0.003911
v 0.274891 0.447036 -0.002705
v 0.275425 0.455310 -0.003166
v 0.311394 0.471579 0.001464
v 0.288984 0.469659 -0.005069
v 0.291228 0.420537 -0.006477
v 0.323453 0.444582 0.002677
v 0.327537 0.429865 -0.001709
v 0.329291 0.416915 -0.005959
v 0.323139 0.406775 -0.009253
v 0.317479 0.459266 0.005260
v 0.279930 0.462501 -0.004332
v 0.299032 0.407737 -0.009344
v 0.304688 0.395137 0.017028
v 0.330931 0.397658 0.036882
v 0.308008 0.456824 0.063425
v 0.286786 0.448587 0.059131
v 0.289881 0.434151 0.057516
v 0.296421 0.418427 0.052314
v 0.302804 0.402694 0.041130
v 0.329822 0.410227 0.047462
v 0.323393 0.425874 0.058638
v 0.316263 0.442687 0.063050
v 0.296036 0.456832 0.062082
v 0.321236 0.390101 0.031870
v 0.312697 0.391456 0.023962
v 0.302195 0.460527 0.054504
v 0.320910 0.437451 0.049833
v 0.327286 0.421420 0.042783
v 0.331267 0.406819 0.033096
v 0.296631 0.412756 0.036496
v 0.289650 0.428004 0.044302
v 0.283778 0.443054 0.048268
v 0.302693 0.398137 0.027657
v 0.288310 0.455152 0.052161
v 0.313422 0.453585 0.052985
v 0.326116 0.395767 0.026271
v 0.279446 0.469973 0.054420
v 0.289941 0.484688 0.069013
v 0.287121 0.492779 0.067777
v 0.272540 0.486932 0.063218
v 0.282071 0.485771 0.047519
v 0.290574 0.470929 0.060170
v 0.292171 0.476704 0.064066
v 0.276113 0.486494 0.052904
v 0.275310 0.477181 0.056237
v 0.286209 0.490071 0.057271
v 0.293892 0.485129 0.062139
v 0.283707 0.472333 0.062547
v 0.286247 0.448830 -0.021632
v 0.283126 0.442809 -0.018569
v 0.325799 0.442342 -0.036858
v 0.322874 0.456768 -0.033459
v 0.316058 0.466807 -0.029519
v 0.307864 0.470283 -0.026039
v 0.298349 0.467489 -0.022311
v 0.291017 0.457254 -0.020180
v 0.290337 0.440189 -0.021905
v 0.296083 0.425277 -0.026232
v 0.138670 0.494679 -0.150793
v 0.157899 0.499007 -0.180558
v 0.236681 0.394571 0.121830
v 0.235788 0.407469 0.120120
v 0.252197 0.403822 0.160688
v 0.243524 0.382003 0.138324
v 0.239420 0.385871 0.128408
v 0.251989 0.417688 0.160457
v 0.249433 0.428152 0.154868
v 0.247397 0.383988 0.147990
v 0.250369 0.391348 0.155761
v 0.240201 0.431409 0.133778
v 0.244992 0.433200 0.145152
v 0.236879 0.421899 0.124331
v 0.219518 0.403910 0.124432
v 0.226426 0.434737 0.143895
v 0.220038 0.417350 0.125481
v 0.231021 0.432977 0.156790
v 0.234282 0.424116 0.166440
v 0.235256 0.411362 0.170256
v 0.234110 0.397668 0.167817
v -0.005530 0.406798 0.189625
v 0.004864 0.448369 0.213379
v -0.000696 0.424074 0.191791
v 0.000932 0.453579 0.226233
v -0.010155 0.450164 0.238272
v -0.022179 0.436855 0.244199
v -0.030989 0.419780 0.243693
v -0.019654 0.406466 0.245968
v -0.014736 0.423600 0.249653
v -0.004480 0.439583 0.247156
v -0.019804 0.391427 0.235098
v -0.013680 0.381662 0.219663
v 0.006586 0.448496 0.237865
v -0.005238 0.383880 0.203506
v 0.004851 0.432218 0.197331
v 0.012726 0.447882 0.223884
v 0.000351 0.416015 0.190495
v 0.009976 0.442948 0.209164
v -0.001759 0.398065 0.192106
v 0.077324 0.394422 0.167387
v 0.084039 0.439452 0.175025
v 0.079831 0.384059 0.180781
v 0.083603 0.381753 0.197289
v 0.088307 0.387641 0.212241
v 0.069229 0.393604 0.225750
v 0.074022 0.409364 0.231431
v 0.076570 0.427379 0.229584
v 0.064002 0.383632 0.213463
v 0.059882 0.381230 0.196762
v 0.075554 0.441502 0.218890
v 0.056737 0.387154 0.180117
v 0.059916 0.433511 0.177166
v 0.071309 0.446759 0.203174
v 0.056428 0.418498 0.169978
v 0.065417 0.443593 0.188605
v 0.055252 0.401260 0.170046
v 0.055632 0.445233 0.219694
v 0.018490 0.438182 0.199870
v 0.054949 0.418849 0.241422
v 0.050500 0.401202 0.239589
v -0.041132 0.406562 0.170942
v -0.014811 0.453922 0.172026
v -0.057004 0.400725 0.184440
v -0.069198 0.406384 0.200411
v -0.073431 0.419728 0.215080
v -0.041631 0.416988 0.159786
v -0.022782 0.465959 0.170840
v -0.029611 0.432589 0.155979
v -0.031186 0.476293 0.186638
v -0.022581 0.450039 0.160241
v -0.057570 0.406443 0.170936
v -0.045068 0.476993 0.203633
v -0.072685 0.406178 0.186603
v -0.081355 0.416128 0.202851
v -0.061028 0.466836 0.214819
v -0.075060 0.450500 0.218393
v -0.082298 0.432259 0.214556
v 0.077258 0.410527 0.162357
v 0.126689 0.410112 0.148524
v 0.174784 0.408239 0.135038
v 0.089957 0.445913 0.188394
v 0.138106 0.443017 0.173859
v 0.183743 0.438917 0.157759
v 0.079619 0.426522 0.165608
v 0.128852 0.425169 0.150788
v 0.176306 0.422002 0.136784
v 0.094925 0.444415 0.203878
v 0.142483 0.440062 0.188889
v 0.187982 0.436214 0.172442
v 0.097609 0.434106 0.217310
v 0.144804 0.429470 0.200660
v 0.190595 0.425981 0.183646
v 0.096850 0.417662 0.223542
v 0.144522 0.414528 0.206095
v 0.190886 0.412275 0.188166
v 0.093395 0.400659 0.221449
v 0.141971 0.399186 0.203975
v 0.189049 0.398257 0.185746
v 0.220865 0.392221 0.129084
v 0.175241 0.394962 0.139875
v 0.126729 0.395475 0.153598
v 0.222440 0.428880 0.132536
v 0.179470 0.433329 0.144795
v 0.132974 0.437372 0.159909
v 0.224012 0.384344 0.138732
v 0.177700 0.385366 0.150698
v 0.128999 0.385007 0.165178
v 0.227931 0.382804 0.150318
v 0.181489 0.382679 0.164387
v 0.132975 0.381865 0.180258
v 0.231462 0.387516 0.160532
v 0.185598 0.387437 0.177103
v 0.137707 0.387068 0.194570
v 0.115105 0.392994 0.209035
v 0.164366 0.392155 0.191042
v 0.209649 0.392368 0.173233
v 0.119077 0.408018 0.214926
v 0.167489 0.405530 0.196899
v 0.212008 0.404910 0.178703
v 0.120922 0.424594 0.212888
v 0.168622 0.420296 0.195624
v 0.212524 0.418874 0.177822
v 0.110188 0.383548 0.196520
v 0.160041 0.383644 0.179279
v 0.206189 0.384665 0.163075
v 0.105733 0.382221 0.180674
v 0.155694 0.382646 0.164765
v 0.202435 0.383352 0.150377
v 0.119981 0.438269 0.203248
v 0.167402 0.433116 0.187363
v 0.210817 0.430884 0.169923
v 0.102522 0.389202 0.166053
v 0.152442 0.389471 0.151550
v 0.199234 0.389173 0.138126
v 0.105890 0.433186 0.161803
v 0.154861 0.430030 0.147535
v 0.199674 0.426286 0.132684
v 0.116343 0.444961 0.188729
v 0.163923 0.440205 0.173842
v 0.207165 0.437265 0.156526
v 0.102526 0.418633 0.155726
v 0.151982 0.416548 0.141958
v 0.197788 0.413602 0.128369
v 0.111040 0.442990 0.173660
v 0.159224 0.438955 0.159091
v 0.202978 0.435257 0.142618
v 0.101340 0.402705 0.157005
v 0.151116 0.401932 0.143332
v 0.197568 0.400345 0.130172
v 0.038136 0.409193 0.175306
v 0.040524 0.426001 0.179248
v 0.009047 0.390000 0.193378
v 0.005985 0.379556 0.210153
v 0.001383 0.381345 0.228902
v 0.002570 0.391874 0.243782
v 0.250608 0.380551 0.120559
v 0.263661 0.383665 0.058754
v 0.283900 0.381184 0.055306
v 0.269097 0.381432 0.116857
v 0.267692 0.384818 0.127003
v 0.285978 0.450163 0.049465
v 0.269850 0.432333 0.128109
v 0.233282 0.417262 0.097545
v 0.266616 0.456615 0.050949
v 0.234844 0.427548 0.124505
v 0.245327 0.433634 0.133167
v 0.265779 0.389671 0.050507
v 0.250612 0.379993 0.090668
v 0.281906 0.384955 0.078112
v 0.277517 0.451418 0.079181
v 0.248462 0.447819 0.072615
v 0.249586 0.387446 0.081075
v 0.253806 0.454233 0.076600
v 0.279225 0.441283 0.090770
v 0.273453 0.379601 0.085366
v 0.270156 0.422849 0.136000
v 0.273182 0.408122 0.132932
v 0.271596 0.393739 0.129684
v 0.290965 0.392014 0.052689
v 0.291489 0.411585 0.045321
v 0.289889 0.432002 0.043516
v 0.243523 0.386062 0.119282
v 0.238531 0.399224 0.120779
v 0.241128 0.436892 0.125134
v 0.262488 0.446824 0.046476
v 0.265071 0.429793 0.041430
v 0.266332 0.409703 0.043557
v 0.240282 0.438804 0.079735
v 0.241226 0.422600 0.078980
v 0.245508 0.404003 0.081411
v 0.282223 0.390149 0.087452
v 0.283377 0.406208 0.088079
v 0.282524 0.423249 0.089250
v 0.273355 0.390167 0.119281
v 0.275141 0.403515 0.121312
v 0.274136 0.419396 0.124279
v 0.263310 0.387154 0.140863
v 0.237327 0.405778 0.112990
v 0.242660 0.390732 0.111542
v 0.270752 0.441219 0.037832
v 0.273974 0.421532 0.033625
v 0.273771 0.398530 0.042479
v 0.230935 0.426246 0.099744
v 0.231398 0.435077 0.103249
v 0.241260 0.446817 0.112764
v 0.246424 0.432318 0.070416
v 0.248960 0.415195 0.071035
v 0.252092 0.397019 0.072280
v 0.286056 0.399561 0.077865
v 0.285610 0.417421 0.077202
v 0.283550 0.435018 0.078836
v 0.283964 0.377172 0.030172
v 0.269948 0.382668 0.027602
v 0.287605 0.385633 0.028110
v 0.273714 0.390139 0.025828
v 0.271548 0.379244 0.036381
v 0.289082 0.384435 0.049402
v 0.287596 0.391157 0.033694
v 0.269782 0.393297 0.043798
v 0.280733 0.375575 0.016835
v 0.267972 0.381006 0.015649
v 0.283858 0.383873 0.015767
v 0.271076 0.388408 0.014755
v 0.284035 0.388549 0.020212
v 0.269771 0.386353 0.020056
v 0.270749 0.377092 0.022005
v 0.285114 0.379930 0.022413
v 0.273855 0.376231 -0.005305
v 0.263928 0.379179 -0.004474
v 0.275974 0.381290 -0.005267
v 0.265928 0.383496 -0.005152
v 0.278669 0.377824 0.000710
v 0.281027 0.387533 0.010936
v 0.265411 0.375288 0.001063
v 0.267166 0.385340 0.011177
v 0.284728 0.411416 0.012425
v 0.267789 0.411164 0.010942
v 0.273118 0.419706 0.011478
v 0.271109 0.402877 0.011111
v 0.284685 0.405362 0.022149
v 0.288694 0.418183 0.035180
v 0.268774 0.404784 0.020905
v 0.269507 0.416219 0.020116
v 0.282701 0.412885 -0.005910
v 0.268228 0.412985 -0.006957
v 0.272313 0.420958 -0.005840
v 0.271414 0.404969 -0.007543
v 0.283135 0.417429 0.002869
v 0.269635 0.417451 0.001667
v 0.281902 0.406779 0.001869
v 0.268508 0.406719 0.000852
v 0.275946 0.418895 -0.032696
v 0.265280 0.418809 -0.032266
v 0.267424 0.423654 -0.032226
v 0.267447 0.414249 -0.033505
v 0.266391 0.412160 -0.026008
v 0.281102 0.408407 -0.012204
v 0.266452 0.421931 -0.024688
v 0.278042 0.421876 -0.024701
v 0.288474 0.437544 0.008947
v 0.268869 0.436795 0.007726
v 0.271604 0.445744 0.010674
v 0.276218 0.428256 0.005347
v 0.286091 0.441401 0.021000
v 0.267367 0.437612 0.035195
v 0.289602 0.429416 0.017824
v 0.271313 0.428494 0.016302
v 0.286758 0.441826 -0.010644
v 0.269632 0.441758 -0.012082
v 0.273338 0.449724 -0.009227
v 0.274492 0.433931 -0.014613
v 0.285351 0.445255 -0.000251
v 0.269662 0.444852 -0.001010
v 0.287443 0.434387 -0.003524
v 0.271707 0.434019 -0.004570
v 0.280736 0.448085 -0.036376
v 0.267312 0.448489 -0.036359
v 0.269975 0.453342 -0.035579
v 0.270124 0.443767 -0.038292
v 0.282578 0.441574 -0.031216
v 0.285047 0.448441 -0.014960
v 0.268005 0.442122 -0.032722
v 0.267925 0.451928 -0.029682
v 0.286255 0.461240 0.022630
v 0.272360 0.468551 0.025208
v 0.268115 0.460594 0.021595
v 0.273065 0.452968 0.018485
v 0.268761 0.452010 0.026886
v 0.285909 0.446764 0.040143
v 0.268162 0.462314 0.031402
v 0.283878 0.458291 0.046101
v 0.284571 0.466916 0.007149
v 0.272540 0.474051 0.011196
v 0.268301 0.466427 0.008569
v 0.272229 0.459052 0.005205
v 0.269553 0.468891 0.016544
v 0.269627 0.458857 0.012377
v 0.284495 0.459292 0.012201
v 0.284295 0.469316 0.016345
v 0.279014 0.474068 -0.014466
v 0.268688 0.478324 -0.010898
v 0.265786 0.473372 -0.011705
v 0.268252 0.468966 -0.014468
v 0.266493 0.467033 -0.008313
v 0.282632 0.463687 0.000243
v 0.280563 0.476988 -0.007357
v 0.268992 0.473134 0.005984
v 0.282326 0.378630 0.012159
v 0.277464 0.386030 -0.000025
v 0.268226 0.375724 0.012015
v 0.264541 0.383892 0.000721
v 0.265288 0.380078 0.007090
v 0.268404 0.387698 0.006486
v 0.278315 0.374417 0.007453
v 0.281418 0.383006 0.006798
v 0.268612 0.408453 -0.012883
v 0.277997 0.412261 -0.026064
v 0.268899 0.419189 -0.011559
v 0.281411 0.419027 -0.010783
v 0.281136 0.415029 -0.017135
v 0.270526 0.423203 -0.016536
v 0.266812 0.415092 -0.017633
v 0.277403 0.406992 -0.018411
v 0.285254 0.437961 -0.018334
v 0.282332 0.451317 -0.028432
v 0.270141 0.438292 -0.020654
v 0.269951 0.448829 -0.016997
v 0.272040 0.453244 -0.022092
v 0.267792 0.445198 -0.024739
v 0.281060 0.436822 -0.025859
v 0.285452 0.444465 -0.021847
v 0.268588 0.463213 0.002130
v 0.280176 0.467662 -0.010899
v 0.282955 0.473604 0.004075
v 0.266941 0.476347 -0.004763
v 0.282929 0.470313 -0.002991
v 0.266791 0.469679 -0.000340
v 0.271141 0.477361 0.001812
v 0.278587 0.462674 -0.005300
v 0.269316 0.382190 0.047869
v 0.288096 0.381942 0.037144
v 0.289778 0.395496 0.044627
v 0.270876 0.388678 0.033362
v 0.290102 0.388480 0.042113
v 0.269266 0.385631 0.041258
v 0.274349 0.393392 0.038846
v 0.285109 0.379293 0.044621
v 0.288913 0.404361 0.039023
v 0.285530 0.416661 0.021634
v 0.269546 0.403051 0.037785
v 0.269418 0.416984 0.033818
v 0.273285 0.419381 0.027221
v 0.268175 0.410016 0.028877
v 0.283159 0.401910 0.031216
v 0.288130 0.411005 0.030450
v 0.286986 0.439275 0.036705
v 0.268041 0.440448 0.019785
v 0.290054 0.426446 0.033867
v 0.269833 0.424954 0.032321
v 0.267753 0.432471 0.026863
v 0.286630 0.424455 0.025462
v 0.289624 0.433904 0.028656
v 0.271191 0.442014 0.029376
v 0.266882 0.444974 0.038292
v 0.285723 0.452774 0.028438
v 0.265485 0.455621 0.043612
v 0.284731 0.463343 0.033147
v 0.270303 0.461970 0.039831
v 0.286393 0.455232 0.038040
v 0.266045 0.453543 0.035705
v 0.282236 0.446794 0.033452
v 0.263369 0.439070 0.132743
v 0.256004 0.435579 0.137748
v 0.258743 0.381976 0.135573
v 0.246769 0.455529 0.106975
v 0.252019 0.381237 0.129036
v 0.240541 0.451545 0.091434
v 0.264413 0.431924 0.138217
v 0.271585 0.456150 0.100977
v 0.258363 0.465005 0.069448
v 0.250112 0.472791 0.086893
v 0.247962 0.467318 0.077706
v 0.271709 0.472283 0.080045
v 0.272400 0.462516 0.082653
v 0.267875 0.466569 0.095483
v 0.245159 0.462145 0.091539
v 0.248171 0.458305 0.077561
v 0.260011 0.489942 0.058238
v 0.256503 0.498320 0.062845
v 0.255884 0.492996 0.059721
v 0.267952 0.495768 0.062862
v 0.256286 0.482274 0.061224
v 0.271685 0.473961 0.071447
v 0.269573 0.480271 0.078343
v 0.249037 0.475924 0.078550
v 0.230646 0.429803 0.115224
v 0.231368 0.423946 0.119270
v 0.231842 0.416151 0.116785
v 0.232365 0.433699 0.094191
v 0.233180 0.422803 0.092381
v 0.230373 0.421995 0.112791
v 0.232420 0.414167 0.111451
v 0.233188 0.435189 0.118864
v 0.232125 0.431323 0.120968
v 0.233550 0.441445 0.101492
v 0.236800 0.417054 0.088686
v 0.235731 0.429438 0.086073
v 0.236807 0.446101 0.104441
v 0.234309 0.411788 0.117759
v 0.236078 0.442231 0.090526
v 0.236160 0.432683 0.124260
v 0.260553 0.380273 0.123863
v 0.271487 0.379956 0.053913
v 0.266382 0.450881 0.118466
v 0.278018 0.458726 0.052729
v 0.270329 0.456606 0.080315
v 0.258654 0.378011 0.082228
v 0.282083 0.442294 0.038724
v 0.285784 0.422379 0.034396
v 0.285641 0.399529 0.043076
v 0.245047 0.393444 0.091333
v 0.239494 0.408414 0.092937
v 0.278772 0.428136 0.101384
v 0.275141 0.375473 0.029798
v 0.282547 0.391404 0.025961
v 0.272714 0.373839 0.016638
v 0.278944 0.389538 0.014676
v 0.266782 0.374950 -0.004940
v 0.272781 0.384649 -0.005739
v 0.281647 0.419793 0.012329
v 0.279519 0.403042 0.011743
v 0.279576 0.420864 -0.005263
v 0.278625 0.404962 -0.007073
v 0.273583 0.423654 -0.032496
v 0.273618 0.414356 -0.033780
v 0.281350 0.446138 0.011150
v 0.286076 0.428612 0.006093
v 0.281898 0.449757 -0.008627
v 0.283058 0.433967 -0.013774
v 0.277668 0.453109 -0.035739
v 0.277962 0.443551 -0.038313
v 0.281334 0.468904 0.025743
v 0.282231 0.453262 0.018985
v 0.280633 0.474290 0.010473
v 0.280405 0.459302 0.004508
v 0.276358 0.478738 -0.012518
v 0.275956 0.469371 -0.016084
v 0.276336 0.388886 0.006154
v 0.270117 0.372677 0.007413
v 0.277688 0.423111 -0.016252
v 0.270240 0.406963 -0.018625
v 0.280834 0.452839 -0.020772
v 0.272194 0.437150 -0.027431
v 0.279178 0.477680 0.000480
v 0.270487 0.462360 -0.003981
v 0.284868 0.394813 0.039007
v 0.274791 0.377865 0.043927
v 0.283278 0.419807 0.028109
v 0.273197 0.401347 0.030531
v 0.275523 0.423761 0.024463
v 0.281955 0.442753 0.030170
v 0.280249 0.463060 0.041174
v 0.271834 0.446195 0.032461
v 0.245692 0.385839 0.123814
v 0.260062 0.458067 0.110890
v 0.269588 0.467410 0.071713
v 0.262576 0.475339 0.087008
v 0.266421 0.491615 0.060679
v 0.263924 0.499797 0.064166
v 0.258369 0.494341 0.070538
v 0.261400 0.498008 0.059797
v 0.263973 0.460889 0.074389
v 0.254395 0.465902 0.098648
v 0.264860 0.482254 0.061366
v 0.280363 0.411707 0.099462
v 0.252088 0.440040 0.131033
v 0.276568 0.443421 0.036441
v 0.273905 0.460575 0.046451
v 0.276374 0.442017 0.035205
v 0.280661 0.422609 0.030376
v 0.279182 0.400223 0.038021
v 0.279043 0.421084 0.031633
v 0.279298 0.378580 0.049653
v 0.279757 0.396837 0.042159
v 0.275511 0.460288 -0.000101
v 0.276076 0.476544 0.006249
v 0.277697 0.434899 -0.021243
v 0.277365 0.452153 -0.015402
v 0.274744 0.404992 -0.012941
v 0.275271 0.422532 -0.010793
v 0.275620 0.372924 0.012300
v 0.273609 0.389278 0.010814
v 0.273789 0.479573 -0.005343
v 0.271789 0.474631 -0.015895
v 0.276907 0.472329 0.017791
v 0.277175 0.455856 0.010927
v 0.273145 0.464675 -0.011071
v 0.276187 0.466208 0.033739
v 0.274946 0.454796 -0.029113
v 0.275217 0.439149 -0.033822
v 0.273412 0.449136 -0.039605
v 0.280207 0.430745 -0.005220
v 0.281619 0.425183 0.015902
v 0.277033 0.448560 0.000434
v 0.272196 0.424921 -0.024793
v 0.269797 0.419801 -0.036264
v 0.274923 0.403349 0.001113
v 0.272084 0.409402 -0.026854
v 0.277917 0.420141 0.020522
v 0.276614 0.401608 0.021686
v 0.276777 0.420903 0.002512
v 0.270541 0.387346 -0.000113
v 0.272258 0.372815 0.000605
v 0.269130 0.379402 -0.007797
v 0.278307 0.374428 0.022856
v 0.279071 0.392765 0.032709
v 0.276532 0.390176 0.019624
v 0.280554 0.395463 0.098468
v 0.247921 0.380651 0.110873
v 0.274341 0.444087 0.105853
v 0.276353 0.444747 0.021406
v 0.277608 0.449054 0.026128
v 0.258495 0.377528 0.113450
v 0.280230 0.376301 0.037690
v 0.276751 0.382422 0.096587
v 0.264517 0.455032 0.073872
v 0.269072 0.378561 0.075737
v 0.234239 0.440809 0.109701
v 0.252704 0.450459 0.119035
v 0.263765 0.376378 0.093353
v 0.254267 0.376721 0.101644
v 0.258944 0.445846 0.126857
v 0.234772 0.411239 0.103881
v 0.230750 0.419709 0.105445
v 0.230122 0.428331 0.107705
v 0.231757 0.435359 0.111893
v 0.269301 0.442475 0.121954
v 0.246122 0.443910 0.122589
v 0.240601 0.399251 0.102455
v 0.277172 0.416002 0.111097
v 0.277653 0.400220 0.109322
v 0.276232 0.386646 0.107755
v 0.268041 0.377935 0.105015
v 0.274366 0.431519 0.114202
v 0.236767 0.440147 0.116996
v 0.245385 0.384838 0.100863
v 0.256149 0.382461 0.073204
v 0.286977 0.385806 0.061906
v 0.281330 0.454331 0.060183
v 0.258786 0.450699 0.056273
v 0.259157 0.436496 0.051948
v 0.261601 0.418891 0.050865
v 0.262220 0.398994 0.055001
v 0.290729 0.401337 0.057922
v 0.290053 0.421165 0.053747
v 0.286986 0.439577 0.055887
v 0.269597 0.456828 0.059072
v 0.275269 0.379599 0.061132
v 0.265150 0.379877 0.067034
v 0.273857 0.455612 0.068527
v 0.286925 0.428634 0.066083
v 0.288652 0.410080 0.066457
v 0.287577 0.392373 0.069314
v 0.256538 0.407668 0.062303
v 0.254335 0.425972 0.060806
v 0.252079 0.442332 0.062805
v 0.257673 0.389750 0.064807
v 0.259241 0.453429 0.065566
v 0.283067 0.446044 0.068963
v 0.279159 0.381220 0.069469
v 0.253793 0.469687 0.068762
v 0.270038 0.485744 0.064864
v 0.268183 0.493144 0.068926
v 0.252307 0.489882 0.067469
v 0.256598 0.480342 0.082186
v 0.266132 0.469961 0.066513
v 0.269591 0.476188 0.066058
v 0.252647 0.484581 0.076813
v 0.251504 0.477829 0.069691
v 0.263932 0.486896 0.076564
v 0.271853 0.482466 0.071685
v 0.260558 0.473867 0.063806
v 0.236210 0.419789 0.127236
v 0.233186 0.416417 0.121329
v 0.266540 0.397755 0.145663
v 0.266690 0.412551 0.148812
v 0.263059 0.424741 0.148587
v 0.257335 0.431357 0.145373
v 0.249867 0.432928 0.138718
v 0.242981 0.426751 0.130475
v 0.239908 0.411263 0.123880
v 0.241921 0.394926 0.121919
v 0.051089 0.445650 0.202772
v 0.057172 0.435787 0.234801
v -0.138294 0.607079 -0.083703
v -0.126902 0.595998 -0.048568
v -0.143548 0.605072 -0.097420
v -0.229921 0.586707 -0.084287
v -0.221253 0.592047 -0.100860
v -0.111132 0.563425 -0.043309
v -0.169169 0.618439 -0.105752
v -0.152440 0.613597 -0.097490
v -0.205606 0.606585 -0.110235
v -0.186800 0.617266 -0.109831
v -0.174824 0.622730 -0.103879
v -0.145400 0.615548 -0.087669
v -0.134595 0.604593 -0.036788
v -0.205080 0.610982 -0.103360
v -0.225116 0.604284 -0.078133
v -0.116634 0.579599 -0.086240
v -0.114322 0.572905 -0.097698
v -0.200106 0.623995 -0.096250
v -0.210391 0.623165 -0.088216
v -0.215851 0.606307 -0.092590
v -0.177661 0.627985 -0.100757
v -0.189261 0.626864 -0.099896
v -0.190057 0.620222 -0.105511
v -0.151080 0.623623 -0.090576
v -0.164553 0.626874 -0.098258
v -0.159616 0.620960 -0.098365
v -0.130735 0.593576 -0.094945
v -0.161622 0.613913 -0.107906
v -0.152893 0.607358 -0.111666
v -0.129274 0.587027 -0.107153
v -0.140402 0.620092 -0.077570
v -0.134652 0.618196 -0.061056
v -0.135517 0.611974 -0.071933
v -0.115387 0.052605 -0.181072
v -0.081059 0.166981 -0.189814
v -0.048231 0.182423 -0.052857
v -0.116303 0.040633 -0.052280
v -0.050424 0.189501 -0.108782
v -0.046557 0.195193 -0.071771
v -0.080398 0.116756 -0.216351
v -0.073929 0.151473 -0.203739
v -0.113951 0.027507 -0.135793
v -0.107016 0.034704 -0.169937
v -0.097571 0.053902 -0.197614
v -0.088383 0.083066 -0.213341
v -0.096002 0.103170 -0.212973
v -0.076763 0.192016 -0.160221
v -0.114150 0.026888 -0.102392
v -0.128934 0.039453 -0.117095
v -0.244336 0.518676 -0.123228
v -0.240026 0.517781 -0.142889
v -0.095520 0.553967 -0.100118
v -0.090365 0.534416 -0.053748
v -0.111349 0.559062 -0.134960
v -0.106819 0.561314 -0.121370
v -0.250200 0.511112 -0.077647
v -0.248682 0.517000 -0.100704
v -0.193572 0.196799 -0.106048
v -0.170142 0.102982 -0.110562
v -0.240200 0.456532 -0.067344
v -0.248873 0.490996 -0.066233
v -0.050983 0.227214 -0.150679
v -0.096705 0.173207 -0.182480
v -0.208743 0.480472 -0.152786
v -0.230548 0.505614 -0.151354
v -0.059604 0.180004 -0.157606
v -0.162900 0.281999 -0.154450
v -0.037513 0.194229 -0.052857
v -0.242751 0.500735 -0.111495
v -0.229349 0.466068 -0.110715
v -0.217352 0.427569 -0.111847
v -0.205592 0.387419 -0.110903
v -0.193282 0.349442 -0.106561
v -0.196231 0.200027 -0.053116
v -0.191908 0.256811 -0.103602
v -0.029910 0.222001 -0.087319
v -0.176237 0.193053 -0.153604
v -0.138940 0.206038 -0.181528
v -0.195732 0.308712 -0.057958
v -0.203865 0.346649 -0.062356
v -0.218388 0.382978 -0.067295
v -0.230874 0.419871 -0.069452
v -0.102847 0.536852 -0.151644
v -0.086900 0.504922 -0.165341
v -0.070296 0.452349 -0.173218
v -0.062694 0.401997 -0.167364
v -0.066900 0.355909 -0.161590
v -0.083394 0.222897 -0.171226
v -0.113501 0.214762 -0.182018
v -0.140074 0.163118 -0.191209
v -0.160470 0.197443 -0.171269
v -0.047328 0.284719 -0.129473
v -0.129407 0.305776 -0.168752
v -0.122885 0.354716 -0.169582
v -0.125412 0.396117 -0.172262
v -0.135718 0.434349 -0.178004
v -0.170415 0.144871 -0.159852
v -0.024336 0.281157 -0.069259
v -0.186958 0.193401 -0.130977
v -0.185548 0.287438 -0.114066
v -0.167966 0.307981 -0.144572
v -0.166877 0.353155 -0.145086
v -0.174572 0.394440 -0.148743
v -0.185649 0.439761 -0.152472
v -0.042588 0.354260 -0.141766
v -0.176497 0.284758 -0.135689
v -0.055486 0.264681 -0.143712
v -0.197601 0.200588 -0.080245
v -0.064699 0.496799 -0.039869
v -0.045848 0.466920 -0.039166
v -0.030553 0.432036 -0.040364
v -0.022924 0.344951 -0.050551
v -0.070010 0.283914 -0.150337
v -0.020085 0.372883 -0.098486
v -0.019627 0.369241 -0.065815
v -0.193326 0.369667 -0.119448
v -0.178706 0.372476 -0.138436
v -0.216912 0.450746 -0.121940
v -0.202444 0.458504 -0.143303
v -0.158975 0.374345 -0.154807
v -0.135673 0.375028 -0.166940
v -0.179719 0.458030 -0.164518
v -0.155455 0.451414 -0.176387
v -0.109041 0.376165 -0.172075
v -0.078800 0.378081 -0.169074
v -0.128135 0.454044 -0.183153
v -0.097289 0.468841 -0.181612
v -0.209218 0.365353 -0.076797
v -0.202975 0.367224 -0.098766
v -0.233835 0.439972 -0.079679
v -0.227767 0.444456 -0.100657
v -0.226909 0.580035 -0.127397
v -0.232313 0.574408 -0.144170
v -0.185346 0.608578 -0.151860
v -0.162654 0.600434 -0.150033
v -0.228471 0.585628 -0.153325
v -0.209768 0.603886 -0.153048
v -0.149593 0.595591 -0.139673
v -0.123560 0.565357 -0.147607
v -0.083332 0.521195 -0.041373
v -0.239203 0.559694 -0.152729
v -0.241592 0.531940 -0.152508
v -0.244972 0.538060 -0.113642
v -0.251672 0.527838 -0.069696
v -0.186847 0.611759 -0.127098
v -0.194156 0.608858 -0.143496
v -0.200043 0.607131 -0.161565
v -0.234734 0.571722 -0.162445
v -0.155230 0.592220 -0.158002
v -0.148299 0.467182 -0.180713
v -0.102149 0.497658 -0.177425
v -0.194276 0.480467 -0.163718
v -0.236032 0.519854 -0.160572
v -0.122220 0.552403 -0.158142
v -0.145169 0.069385 -0.143699
v -0.150930 0.086246 -0.154856
v -0.144339 0.279859 -0.166523
v -0.157145 0.083089 -0.126385
v -0.107014 0.141307 -0.203924
v -0.106485 0.158218 -0.194394
v -0.122165 0.279288 -0.169618
v -0.120408 0.133957 -0.203057
v -0.051464 0.181214 -0.089897
v -0.046637 0.180131 -0.071335
v -0.068039 0.243881 -0.157902
v -0.047939 0.176766 -0.107681
v -0.126938 0.091239 -0.193386
v -0.131300 0.111004 -0.196414
v -0.194722 0.289166 -0.068507
v -0.141704 0.094825 -0.179401
v -0.191205 0.289204 -0.091789
v -0.146018 0.065756 -0.083528
v -0.157721 0.081315 -0.097307
v -0.196076 0.259593 -0.079997
v -0.239666 0.481528 -0.099136
v -0.246839 0.496759 -0.088559
v -0.242458 0.476401 -0.076154
v -0.236295 0.461066 -0.088858
v -0.123613 0.497747 -0.180690
v -0.143314 0.483645 -0.181722
v -0.122749 0.475158 -0.183679
v -0.228976 0.582496 -0.172330
v -0.212350 0.600989 -0.171576
v -0.220597 0.594301 -0.162711
v -0.223050 0.490474 -0.141511
v -0.236484 0.502941 -0.132385
v -0.232353 0.485986 -0.121253
v -0.218503 0.472291 -0.132011
v -0.032062 0.205057 -0.070418
v -0.111723 0.256967 -0.170625
v -0.027649 0.207439 -0.105260
v -0.035315 0.194741 -0.088417
v -0.157521 0.251975 -0.163741
v -0.029839 0.242393 -0.103269
v -0.024892 0.323346 -0.068889
v -0.022184 0.347846 -0.084258
v -0.027068 0.327559 -0.100674
v -0.026366 0.303573 -0.085244
v -0.179978 0.166453 -0.145646
v -0.188253 0.168090 -0.120530
v -0.180057 0.143717 -0.135395
v -0.182021 0.223270 -0.139649
v -0.185065 0.254008 -0.126496
v -0.190802 0.225184 -0.116506
v -0.173775 0.332365 -0.134342
v -0.182601 0.351297 -0.126434
v -0.185503 0.331035 -0.114283
v -0.180229 0.308917 -0.124378
v -0.191511 0.413571 -0.142838
v -0.204085 0.433773 -0.132581
v -0.207100 0.408633 -0.123124
v -0.193069 0.390764 -0.130924
v -0.027859 0.260645 -0.085871
v -0.088236 0.177771 -0.172499
v -0.068793 0.180320 -0.177059
v -0.025486 0.301296 -0.052495
v -0.066825 0.209785 -0.165572
v -0.097070 0.281148 -0.163451
v -0.150119 0.179009 -0.182507
v -0.053121 0.307807 -0.140318
v -0.167596 0.169822 -0.167146
v -0.157096 0.151153 -0.179364
v -0.148865 0.227613 -0.172397
v -0.173947 0.252037 -0.147696
v -0.168180 0.224004 -0.159280
v -0.135915 0.333997 -0.165182
v -0.146767 0.354050 -0.160250
v -0.157177 0.333406 -0.152253
v -0.150859 0.306771 -0.160220
v -0.142982 0.415490 -0.170414
v -0.162048 0.435683 -0.167648
v -0.169263 0.415761 -0.158769
v -0.151253 0.395232 -0.162524
v -0.099777 0.202112 -0.182943
v -0.136069 0.253798 -0.171748
v -0.127386 0.190923 -0.188888
v -0.118163 0.178757 -0.191756
v -0.098230 0.238829 -0.172117
v -0.035772 0.401288 -0.144253
v -0.125140 0.232999 -0.177063
v -0.083561 0.334188 -0.165617
v -0.095472 0.355524 -0.170023
v -0.110701 0.334288 -0.170178
v -0.104828 0.305800 -0.167704
v -0.081104 0.423934 -0.176896
v -0.104737 0.441333 -0.182141
v -0.114373 0.417818 -0.177909
v -0.095594 0.398548 -0.174813
v -0.193243 0.171915 -0.094052
v -0.197660 0.260775 -0.055229
v -0.193183 0.172477 -0.066646
v -0.188519 0.147481 -0.081115
v -0.196071 0.228672 -0.092250
v -0.188285 0.309684 -0.103401
v -0.198989 0.231785 -0.066811
v -0.192856 0.329751 -0.093526
v -0.200059 0.347712 -0.085182
v -0.197144 0.328691 -0.071055
v -0.193081 0.309556 -0.081362
v -0.216987 0.404924 -0.101639
v -0.225755 0.422853 -0.090167
v -0.223059 0.402182 -0.079695
v -0.213543 0.384682 -0.089138
v -0.129423 0.579043 -0.138355
v -0.117970 0.570757 -0.128552
v -0.241110 0.547321 -0.143421
v -0.236565 0.563870 -0.134635
v -0.240178 0.553861 -0.124577
v -0.243139 0.534242 -0.133658
v -0.242207 0.556859 -0.102128
v -0.246538 0.549486 -0.080710
v -0.248724 0.534205 -0.091002
v -0.189057 0.608056 -0.169758
v -0.166316 0.599923 -0.167499
v -0.175119 0.605644 -0.159758
v -0.164555 0.483133 -0.178174
v -0.185012 0.489148 -0.172680
v -0.171727 0.470599 -0.173582
v -0.223415 0.589082 -0.136213
v -0.217353 0.597558 -0.144779
v -0.203318 0.606583 -0.136064
v -0.210618 0.601663 -0.129254
v -0.170901 0.607328 -0.142392
v -0.157257 0.604446 -0.131681
v -0.179187 0.610787 -0.134460
v -0.206685 0.498227 -0.168850
v -0.226975 0.512717 -0.168318
v -0.218240 0.498683 -0.159840
v -0.127245 0.544455 -0.168551
v -0.118839 0.522105 -0.174189
v -0.109107 0.528258 -0.165663
v -0.238139 0.533261 -0.169643
v -0.238543 0.558327 -0.171510
v -0.240553 0.545432 -0.161699
v -0.150299 0.583103 -0.166822
v -0.137598 0.563726 -0.167200
v -0.137903 0.574863 -0.157666
v -0.183730 0.145130 -0.052528
v -0.216403 0.595520 -0.121556
v -0.195666 0.610853 -0.121733
v -0.232066 0.573519 -0.118198
v -0.090092 0.544249 -0.077117
v -0.097157 0.549949 -0.064956
v -0.228770 0.577642 -0.110186
v -0.241652 0.566160 -0.073903
v -0.235208 0.571881 -0.093010
v -0.219118 0.589420 -0.115083
v -0.201697 0.608550 -0.116294
v -0.180695 0.615709 -0.113497
v -0.173008 0.613848 -0.117962
v -0.104393 0.555510 -0.053880
v -0.109383 0.571258 -0.064274
v -0.117785 0.585604 -0.074329
v -0.135575 0.616197 -0.043205
v -0.109478 0.566821 -0.108895
v -0.123341 0.579141 -0.118228
v -0.100901 0.559266 -0.087651
v -0.164874 0.610309 -0.124021
v -0.143980 0.598712 -0.119041
v -0.099719 0.542186 -0.042745
v -0.121105 0.590739 -0.060110
v -0.122652 0.583987 -0.041211
v -0.128741 0.597501 -0.079511
v -0.114448 0.576704 -0.053529
v -0.142635 0.585649 -0.148448
v -0.128815 0.602569 -0.066349
v -0.136264 0.589654 -0.128656
v -0.031555 0.219301 -0.052857
v -0.026643 0.258598 -0.052857
v -0.028077 0.238606 -0.069777
v -0.060448 0.190074 -0.144105
v -0.106409 0.028519 -0.069327
v -0.031485 0.283310 -0.101055
v -0.029475 0.376130 -0.128829
v -0.054624 0.175618 -0.142649
v -0.035738 0.210394 -0.138609
v -0.041546 0.245280 -0.134270
v -0.037592 0.330948 -0.128835
v -0.035766 0.264119 -0.117361
v -0.027500 0.351671 -0.114578
v -0.027699 0.225827 -0.120970
v -0.036482 0.306200 -0.115083
v -0.051843 0.173869 -0.126329
v -0.025734 0.194124 -0.123241
v -0.154486 0.082173 -0.067691
v -0.093388 0.549079 -0.115377
v -0.096909 0.543959 -0.133412
v -0.082949 0.538582 -0.090938
v -0.078171 0.532932 -0.107173
v -0.081072 0.528175 -0.066185
v -0.071584 0.521478 -0.080343
v -0.072484 0.512050 -0.053901
v -0.076692 0.526099 -0.125528
v -0.079661 0.516784 -0.145735
v -0.063146 0.513995 -0.096383
v -0.057276 0.505162 -0.114979
v -0.061405 0.503576 -0.067981
v -0.050571 0.494190 -0.083914
v -0.052805 0.484957 -0.054044
v -0.056148 0.493463 -0.136500
v -0.061456 0.477239 -0.158479
v -0.041641 0.483108 -0.102564
v -0.037236 0.469059 -0.123651
v -0.041067 0.473533 -0.070377
v -0.030718 0.460488 -0.088677
v -0.034670 0.452334 -0.055694
v -0.039682 0.450349 -0.144316
v -0.048271 0.427217 -0.159595
v -0.024756 0.444330 -0.108856
v -0.025969 0.424338 -0.128199
v -0.024650 0.437349 -0.074364
v -0.018583 0.419559 -0.093530
v -0.022358 0.414104 -0.058988
v -0.020533 0.398503 -0.112790
v -0.017942 0.394259 -0.079890
v -0.021642 0.391033 -0.045213
v -0.130856 0.608431 -0.054301
v -0.105420 0.565315 -0.075887
v -0.049979 0.378277 -0.154696
v -0.084092 0.261316 -0.160851
v -0.057491 0.333138 -0.151574
v -0.078246 0.307175 -0.157762
v -0.014450 0.207533 -0.110850
v -0.014590 0.212854 -0.072559
v -0.029276 0.111433 -0.225921
v -0.025234 0.149993 -0.212257
v -0.050592 -0.001590 -0.142924
v -0.047027 0.009927 -0.179738
v -0.040413 0.035556 -0.208237
v -0.033698 0.071619 -0.223649
v -0.050445 -0.004105 -0.106272
v -0.020799 0.180347 -0.183674
v -0.016706 0.199518 -0.148113
v -0.045193 -0.000529 -0.070517
v -0.065498 0.001784 -0.087854
v -0.087859 0.020478 -0.052265
v -0.059575 0.024599 -0.193736
v -0.096935 0.020941 -0.155575
v -0.040225 0.132026 -0.219076
v -0.071767 0.096799 -0.219341
v -0.052192 0.055478 -0.215315
v -0.035590 0.166900 -0.197649
v -0.067845 0.001410 -0.123027
v -0.023013 0.203519 -0.091109
v -0.048230 0.196020 -0.127297
v -0.031077 0.190927 -0.164831
v -0.024528 0.210383 -0.053187
v 0.033153 0.211470 -0.116205
v 0.026380 0.222602 -0.075780
v 0.026842 0.108028 -0.235774
v 0.029337 0.147290 -0.218445
v 0.013486 -0.001612 -0.146748
v 0.016266 0.009839 -0.181714
v 0.020313 0.034412 -0.211066
v 0.023916 0.068920 -0.232156
v 0.012227 -0.003493 -0.110668
v 0.031351 0.178664 -0.188418
v 0.033698 0.197982 -0.152837
v 0.012952 0.001740 -0.072844
v 0.023440 0.205168 -0.133370
v -0.005876 0.190958 -0.167443
v 0.019690 0.217335 -0.095668
v 0.012115 0.088889 -0.234745
v -0.021438 0.051639 -0.219133
v -0.000282 0.001670 -0.164096
v -0.033712 -0.005557 -0.125429
v -0.000684 -0.003723 -0.091412
v -0.025781 0.000449 -0.052441
v 0.013808 0.224133 -0.053515
v 0.004198 0.019994 -0.196960
v 0.015069 0.128758 -0.227479
v -0.009663 0.166294 -0.200929
v 0.067537 0.209555 -0.119564
v 0.054779 0.223889 -0.077583
v 0.067845 0.105137 -0.239791
v 0.070339 0.143911 -0.221946
v 0.058229 -0.000954 -0.149749
v 0.060374 0.010024 -0.184228
v 0.062659 0.033340 -0.213862
v 0.065137 0.066705 -0.236059
v 0.056230 -0.002693 -0.114705
v 0.071725 0.175278 -0.191844
v 0.071825 0.194893 -0.156121
v 0.056832 0.005278 -0.075153
v 0.026374 0.002954 -0.165416
v 0.050990 0.020365 -0.199067
v 0.036654 0.087530 -0.238436
v 0.059309 0.125557 -0.232057
v 0.041378 0.163833 -0.205491
v 0.062333 0.187195 -0.173496
v 0.053847 0.049496 -0.225442
v 0.062830 0.202372 -0.137031
v 0.055379 0.216637 -0.099172
v 0.024359 -0.002767 -0.129434
v 0.025980 0.006681 -0.052488
v 0.044609 -0.001424 -0.095383
v 0.040644 0.228511 -0.053654
v -0.160110 0.604207 -0.004903
v -0.131770 0.595310 -0.030463
v -0.165581 0.600232 0.003597
v -0.237103 0.586434 -0.067106
v -0.242740 0.591161 -0.049988
v -0.200162 0.615137 -0.002395
v -0.179488 0.610051 0.000057
v -0.237700 0.605120 -0.030476
v -0.220279 0.614877 -0.012757
v -0.207149 0.620522 -0.009738
v -0.171456 0.613118 -0.004592
v -0.234118 0.610996 -0.046088
v -0.130039 0.574647 -0.002596
v -0.131225 0.566630 0.008114
v -0.224155 0.625363 -0.059487
v -0.219085 0.623753 -0.075954
v -0.231716 0.606571 -0.061972
v -0.211702 0.627253 -0.019225
v -0.222212 0.627760 -0.038700
v -0.223830 0.619388 -0.024916
v -0.180875 0.621766 -0.005784
v -0.196663 0.625011 -0.008400
v -0.189296 0.618183 -0.003639
v -0.146824 0.587850 0.003046
v -0.190175 0.609249 0.005235
v -0.177221 0.600816 0.013103
v -0.149136 0.579921 0.014229
v -0.166834 0.619064 -0.009191
v -0.154727 0.618038 -0.015998
v -0.156595 0.610589 -0.011149
v -0.045557 0.054019 0.079094
v -0.084487 0.135662 0.082832
v -0.058316 0.178868 0.002303
v -0.048111 0.191633 -0.034244
v -0.051067 0.105422 0.111795
v -0.069957 0.129709 0.097480
v -0.062287 0.034104 0.033021
v -0.036760 0.044248 0.068258
v -0.025989 0.061496 0.095952
v -0.033586 0.082382 0.110504
v -0.053304 0.089548 0.109048
v -0.084324 0.177047 0.053587
v -0.086515 0.029493 -0.001580
v -0.093079 0.040248 0.013286
v -0.272143 0.501732 -0.000383
v -0.270741 0.498786 0.026943
v -0.113758 0.547196 0.014051
v -0.094102 0.533028 -0.030355
v -0.139714 0.548530 0.042608
v -0.131230 0.552251 0.031446
v -0.255844 0.507633 -0.057523
v -0.267071 0.506290 -0.032346
v -0.180259 0.189480 -0.000745
v -0.144367 0.097102 0.006022
v -0.049693 0.217435 0.044774
v -0.098349 0.139135 0.075889
v -0.240037 0.464236 0.033022
v -0.260700 0.487620 0.037817
v -0.078557 0.171579 0.051322
v -0.160572 0.272305 0.042962
v -0.265660 0.486111 -0.014288
v -0.248291 0.453713 -0.016086
v -0.232452 0.420101 -0.021967
v -0.216990 0.383187 -0.022179
v -0.200916 0.346608 -0.017317
v -0.187512 0.251904 -0.006625
v -0.030445 0.221993 -0.018395
v -0.158140 0.174356 0.046521
v -0.127607 0.178741 0.074689
v -0.136405 0.524392 0.058435
v -0.124913 0.490808 0.072628
v -0.109949 0.437634 0.079061
v -0.095209 0.389919 0.069727
v -0.085856 0.348793 0.058474
v -0.083496 0.203503 0.064978
v -0.108506 0.189012 0.075427
v -0.116653 0.130524 0.085567
v -0.143961 0.173715 0.064231
v -0.049371 0.283970 0.024626
v -0.134787 0.296920 0.057437
v -0.142293 0.347113 0.055008
v -0.156207 0.384698 0.056413
v -0.173004 0.420555 0.061558
v -0.139775 0.121430 0.054690
v -0.024397 0.281134 -0.036306
v -0.170059 0.181833 0.024024
v -0.185666 0.283796 0.001931
v -0.171848 0.301312 0.029870
v -0.181992 0.347431 0.023670
v -0.197475 0.385952 0.021317
v -0.215850 0.426026 0.026241
v -0.057436 0.348743 0.042840
v -0.175038 0.277942 0.023744
v -0.055837 0.260765 0.038356
v -0.189049 0.196261 -0.026230
v -0.072931 0.280620 0.044963
v -0.028589 0.369725 0.005123
v -0.021731 0.368460 -0.030584
v -0.205940 0.364983 -0.009596
v -0.196365 0.365914 0.011529
v -0.238261 0.439291 -0.007638
v -0.232260 0.443920 0.017196
v -0.181223 0.366051 0.031136
v -0.161175 0.365458 0.048057
v -0.215471 0.441924 0.041071
v -0.193258 0.436349 0.056188
v -0.136296 0.365892 0.059652
v -0.106582 0.367677 0.064681
v -0.168663 0.439014 0.070728
v -0.139154 0.453306 0.080578
v -0.211740 0.364417 -0.054219
v -0.210554 0.364409 -0.031600
v -0.237837 0.437678 -0.058440
v -0.240394 0.437180 -0.033313
v -0.262876 0.572429 -0.010777
v -0.273033 0.561290 0.014872
v -0.217030 0.597795 0.040348
v -0.193803 0.588796 0.045673
v -0.269635 0.573840 0.025931
v -0.245527 0.595085 0.030386
v -0.178198 0.584971 0.039394
v -0.155362 0.553550 0.051481
v -0.279090 0.542840 0.029447
v -0.276245 0.513651 0.034315
v -0.270426 0.527500 -0.023729
v -0.219292 0.605853 0.011276
v -0.226724 0.600622 0.026816
v -0.234483 0.596524 0.044229
v -0.278274 0.556268 0.038639
v -0.189184 0.579614 0.054555
v -0.188088 0.451106 0.064254
v -0.143023 0.482482 0.078460
v -0.231808 0.463253 0.042925
v -0.269407 0.502252 0.046248
v -0.157121 0.539445 0.060346
v -0.096515 0.062061 0.040319
v -0.103232 0.072076 0.051236
v -0.142760 0.268729 0.056158
v -0.121098 0.074867 0.022324
v -0.085702 0.107574 0.098215
v -0.096227 0.121229 0.088080
v -0.122443 0.268781 0.060962
v -0.090430 0.100751 0.097870
v -0.046487 0.173701 -0.015906
v -0.044115 0.177975 -0.034379
v -0.064655 0.234576 0.052006
v -0.041045 0.170718 0.001936
v -0.073940 0.074224 0.089920
v -0.087229 0.085957 0.092240
v -0.195414 0.288909 -0.044379
v -0.091083 0.075864 0.075785
v -0.192376 0.287885 -0.020634
v -0.131391 0.063846 -0.021090
v -0.136729 0.078343 -0.007216
v -0.193901 0.257255 -0.030284
v -0.255893 0.468562 -0.025712
v -0.258473 0.488329 -0.043898
v -0.248153 0.471305 -0.052862
v -0.245983 0.454054 -0.043694
v -0.164439 0.482589 0.074889
v -0.183764 0.467383 0.068381
v -0.164126 0.459797 0.075369
v -0.274047 0.570433 0.045959
v -0.252567 0.590357 0.048663
v -0.262246 0.585273 0.035115
v -0.250818 0.472744 0.026651
v -0.263681 0.485117 0.014842
v -0.255773 0.469535 0.001993
v -0.244074 0.457485 0.009036
v -0.032096 0.205062 -0.035295
v -0.109203 0.243709 0.063295
v -0.028539 0.206590 -0.000489
v -0.033010 0.194165 -0.017297
v -0.150464 0.237705 0.054188
v -0.031480 0.242116 -0.002396
v -0.025500 0.323121 -0.034808
v -0.025164 0.346739 -0.015636
v -0.029910 0.326503 -0.001893
v -0.027182 0.303270 -0.019264
v -0.156475 0.149062 0.039809
v -0.168349 0.158138 0.014982
v -0.152917 0.128478 0.030305
v -0.169775 0.212590 0.031503
v -0.178748 0.246253 0.016300
v -0.180220 0.217319 0.008468
v -0.182673 0.328942 0.017039
v -0.193912 0.347081 0.003734
v -0.191864 0.328668 -0.003449
v -0.183627 0.304656 0.009491
v -0.214280 0.405121 0.010608
v -0.226813 0.423130 0.002017
v -0.223169 0.402667 -0.012444
v -0.210203 0.384405 0.000040
v -0.028599 0.260456 -0.019711
v -0.097671 0.150025 0.065613
v -0.082433 0.154962 0.069742
v -0.070295 0.190840 0.059387
v -0.099186 0.273555 0.056653
v -0.130557 0.149230 0.076391
v -0.058630 0.305784 0.036320
v -0.144074 0.145238 0.061132
v -0.127788 0.123403 0.074038
v -0.139208 0.210035 0.064639
v -0.166297 0.241022 0.037626
v -0.155991 0.209771 0.051131
v -0.148090 0.328864 0.050964
v -0.164701 0.347119 0.041434
v -0.168216 0.328923 0.035800
v -0.155290 0.298358 0.046689
v -0.176438 0.403117 0.050351
v -0.195960 0.421970 0.044850
v -0.198042 0.405091 0.031867
v -0.178742 0.385048 0.040204
v -0.099308 0.173514 0.076712
v -0.131850 0.237880 0.063199
v -0.116406 0.158758 0.082688
v -0.107460 0.143812 0.085686
v -0.092991 0.225067 0.065599
v -0.062330 0.391427 0.054525
v -0.118596 0.215597 0.069906
v -0.095497 0.329474 0.058812
v -0.115337 0.347819 0.060954
v -0.123172 0.329060 0.059364
v -0.111171 0.298030 0.059207
v -0.119829 0.409580 0.075918
v -0.144917 0.426455 0.075671
v -0.151357 0.404147 0.066146
v -0.128298 0.386396 0.067292
v -0.178842 0.165993 -0.011241
v -0.187445 0.170248 -0.038558
v -0.176649 0.143663 -0.023963
v -0.188482 0.223578 -0.015558
v -0.191357 0.307586 -0.011850
v -0.196101 0.229995 -0.040573
v -0.196764 0.328300 -0.024805
v -0.203926 0.346276 -0.039325
v -0.198471 0.328199 -0.047554
v -0.195086 0.308811 -0.034330
v -0.226427 0.401419 -0.035615
v -0.232876 0.419393 -0.046871
v -0.226096 0.401054 -0.058270
v -0.219134 0.382607 -0.044987
v -0.158313 0.568318 0.042504
v -0.144232 0.561007 0.035851
v -0.277991 0.531673 0.017292
v -0.272685 0.552553 0.001713
v -0.271491 0.543212 -0.011624
v -0.275682 0.518364 0.007868
v -0.261093 0.550554 -0.039875
v -0.252492 0.547142 -0.061306
v -0.260739 0.528646 -0.050360
v -0.225166 0.595158 0.056563
v -0.202724 0.586362 0.060959
v -0.208682 0.593133 0.051572
v -0.204722 0.465420 0.060438
v -0.224907 0.471267 0.053914
v -0.210379 0.453531 0.052973
v -0.260321 0.581424 0.003801
v -0.254792 0.590406 0.015988
v -0.237209 0.599965 0.012874
v -0.245313 0.596671 -0.001270
v -0.200208 0.596891 0.036433
v -0.183921 0.594984 0.030393
v -0.209391 0.602443 0.024754
v -0.243536 0.481694 0.052638
v -0.261432 0.496600 0.054074
v -0.250282 0.481557 0.046383
v -0.164983 0.530444 0.067692
v -0.158332 0.507442 0.073044
v -0.146549 0.514356 0.068730
v -0.275578 0.516883 0.052145
v -0.280933 0.542620 0.049825
v -0.279572 0.528268 0.041171
v -0.187068 0.569451 0.063357
v -0.174758 0.549930 0.065423
v -0.172293 0.562094 0.057616
v -0.249742 0.591172 -0.015595
v -0.228882 0.606310 -0.001575
v -0.261812 0.567103 -0.023541
v -0.101279 0.540096 -0.007086
v -0.104323 0.547289 -0.020098
v -0.255389 0.573198 -0.037260
v -0.248833 0.569607 -0.055770
v -0.251249 0.586272 -0.031496
v -0.235214 0.605652 -0.015444
v -0.212924 0.611901 -0.001521
v -0.203668 0.608333 0.009357
v -0.107864 0.554222 -0.032154
v -0.116123 0.568755 -0.022080
v -0.127533 0.582002 -0.013500
v -0.143511 0.616269 -0.026876
v -0.129985 0.559207 0.019482
v -0.146286 0.570623 0.025406
v -0.115099 0.553995 0.001228
v -0.193150 0.602775 0.020254
v -0.167066 0.590450 0.022077
v -0.129258 0.588913 -0.022345
v -0.144719 0.594061 -0.007022
v -0.117702 0.575496 -0.033164
v -0.174126 0.573957 0.048691
v -0.143082 0.600717 -0.015099
v -0.161999 0.580100 0.032447
v -0.028614 0.238544 -0.035936
v -0.077318 0.176045 0.036964
v -0.097751 0.029023 -0.035105
v -0.032176 0.283053 -0.004049
v -0.047072 0.369596 0.036303
v -0.065564 0.172500 0.036513
v -0.036652 0.202900 0.032638
v -0.041821 0.241583 0.028667
v -0.044062 0.328545 0.026725
v -0.037682 0.263488 0.012078
v -0.036387 0.348372 0.016937
v -0.029760 0.224593 0.015264
v -0.039479 0.305089 0.011415
v -0.064400 0.158139 0.019402
v -0.028102 0.191983 0.017427
v -0.147870 0.081494 -0.037040
v -0.116379 0.540543 0.028550
v -0.125231 0.533444 0.043888
v -0.098677 0.532743 0.007519
v -0.099072 0.525171 0.023670
v -0.089016 0.525226 -0.016454
v -0.084271 0.516767 -0.000922
v -0.076743 0.510468 -0.027238
v -0.103239 0.516242 0.040663
v -0.112164 0.504716 0.057739
v -0.081093 0.507331 0.015970
v -0.081126 0.496307 0.034321
v -0.070429 0.500225 -0.011489
v -0.064906 0.488868 0.005826
v -0.057568 0.483189 -0.024168
v -0.086520 0.482186 0.053632
v -0.098089 0.463637 0.070856
v -0.062006 0.475547 0.024919
v -0.064107 0.459082 0.044565
v -0.050897 0.469883 -0.007099
v -0.046336 0.454689 0.011882
v -0.039623 0.450495 -0.022503
v -0.071808 0.438421 0.060829
v -0.083625 0.414091 0.069883
v -0.046164 0.436381 0.030683
v -0.052145 0.414619 0.046041
v -0.034464 0.433704 -0.004842
v -0.033414 0.414053 0.013004
v -0.026920 0.412410 -0.023474
v -0.037719 0.392122 0.026640
v -0.024940 0.391661 -0.008847
v -0.143129 0.607822 -0.021096
v -0.115852 0.561442 -0.010577
v -0.074838 0.369039 0.057859
v -0.082429 0.252804 0.054715
v -0.067406 0.329432 0.048035
v -0.084896 0.302175 0.052056
v -0.048522 0.205139 0.003008
v -0.022103 0.212783 -0.034235
v -0.012751 0.140757 0.122101
v -0.040853 0.164180 0.106205
v 0.003340 0.030409 0.041188
v 0.026015 0.055885 0.079493
v 0.029998 0.085248 0.107983
v 0.015443 0.115038 0.122049
v -0.023385 0.011587 0.002548
v -0.060612 0.183867 0.075968
v -0.071743 0.196915 0.039386
v -0.037248 0.004022 -0.034128
v -0.048758 0.009208 -0.016564
v 0.017239 0.063919 0.093461
v -0.031577 0.036533 0.053841
v -0.035470 0.142226 0.113968
v -0.029911 0.099953 0.115953
v 0.012451 0.091565 0.114284
v -0.058089 0.165121 0.090679
v -0.029073 0.019598 0.020009
v -0.038334 0.201308 -0.015746
v -0.080592 0.173085 0.019050
v -0.071506 0.181745 0.056653
v -0.028200 0.236004 0.007806
v 0.005265 0.229964 -0.031856
v 0.019842 0.187911 0.132455
v -0.011157 0.210255 0.112762
v 0.058451 0.052966 0.045313
v 0.075016 0.090669 0.081920
v 0.071386 0.127009 0.111271
v 0.050603 0.161159 0.131054
v 0.035002 0.022743 0.007073
v -0.034612 0.227348 0.080887
v -0.044168 0.236805 0.044333
v 0.019535 0.009180 -0.031949
v -0.051867 0.231017 0.024553
v -0.062175 0.201606 0.059108
v -0.015206 0.227129 -0.012187
v 0.028296 0.165137 0.132531
v 0.036392 0.111825 0.118574
v 0.059025 0.065663 0.063749
v 0.001552 0.019433 0.022460
v 0.013067 0.009620 -0.013109
v 0.066410 0.099269 0.097296
v -0.003491 0.188620 0.122853
v -0.045242 0.185760 0.094000
v -0.004517 0.255610 0.011386
v 0.027157 0.239459 -0.030109
v 0.043747 0.221306 0.136821
v 0.013189 0.243376 0.116642
v 0.098205 0.081710 0.049021
v 0.105294 0.119186 0.084681
v 0.097264 0.156928 0.114266
v 0.074677 0.193327 0.135238
v 0.080494 0.044181 0.011904
v -0.009777 0.258976 0.084701
v -0.017623 0.263511 0.048034
v 0.064007 0.018951 -0.029165
v 0.079928 0.082035 0.065286
v 0.096572 0.131195 0.099612
v 0.042249 0.185496 0.136413
v 0.022357 0.224616 0.127812
v -0.018101 0.228836 0.098870
v -0.022658 0.256077 0.065655
v 0.081917 0.169606 0.125379
v -0.023122 0.257379 0.028658
v 0.002851 0.245365 -0.008865
v 0.057697 0.042377 0.027054
v 0.059114 0.022919 -0.008718
v 0.061379 0.503336 -0.160287
v 0.080535 0.492107 -0.165222
v 0.058913 0.519945 -0.207914
v 0.078933 0.512228 -0.209704
v 0.064318 0.516885 -0.172373
v 0.082544 0.506290 -0.176154
v 0.050558 0.506794 -0.223076
v 0.071612 0.501130 -0.225381
v 0.041461 0.487935 -0.227786
v 0.063043 0.483547 -0.231166
v 0.033729 0.468874 -0.220804
v 0.055949 0.464798 -0.224897
v 0.029435 0.455013 -0.207041
v 0.052130 0.450507 -0.211533
v 0.094353 0.456027 -0.175886
v 0.075865 0.474406 -0.161550
v 0.095978 0.498141 -0.187904
v 0.082977 0.513261 -0.192610
v 0.091788 0.446974 -0.178435
v 0.067380 0.458078 -0.164560
v 0.083952 0.441096 -0.185358
v 0.057987 0.447302 -0.176241
v 0.081199 0.440498 -0.201713
v 0.053967 0.444142 -0.194601
v 0.068963 0.490245 -0.158142
v 0.088520 0.476840 -0.165359
v 0.071979 0.518697 -0.200331
v 0.091252 0.509145 -0.200947
v 0.073020 0.506649 -0.166808
v 0.090570 0.493268 -0.171632
v 0.065041 0.511109 -0.217526
v 0.086370 0.504550 -0.218038
v 0.074449 0.516708 -0.182253
v 0.092002 0.504763 -0.184758
v 0.061009 0.471302 -0.157339
v 0.083302 0.460446 -0.165676
v 0.056130 0.495005 -0.228541
v 0.078756 0.490654 -0.230464
v 0.050770 0.455716 -0.165744
v 0.074204 0.448020 -0.172641
v 0.043692 0.447481 -0.182139
v 0.067677 0.441753 -0.187952
v 0.047625 0.475654 -0.227284
v 0.071146 0.472272 -0.230714
v 0.041456 0.458646 -0.216364
v 0.065699 0.455090 -0.220809
v 0.040463 0.448385 -0.200543
v 0.065102 0.444034 -0.205897
v 0.123186 0.499263 -0.202484
v 0.130488 0.481692 -0.143659
v 0.123925 0.473453 -0.222211
v 0.122740 0.457150 -0.219610
v 0.106249 0.452203 -0.167653
v 0.104774 0.469487 -0.164484
v 0.133854 0.434402 -0.159152
v 0.143593 0.432493 -0.175114
v 0.152073 0.439409 -0.189381
v 0.159135 0.452181 -0.197804
v 0.116594 0.498360 -0.178280
v 0.124488 0.489745 -0.217286
v 0.118578 0.440941 -0.162734
v 0.122899 0.490721 -0.157449
v 0.114189 0.456818 -0.154609
v 0.131949 0.501031 -0.169904
v 0.116175 0.475038 -0.152763
v 0.127040 0.433078 -0.177135
v 0.141002 0.502694 -0.187006
v 0.135210 0.435324 -0.192961
v 0.142092 0.444742 -0.204783
v 0.146769 0.492767 -0.201713
v 0.148395 0.475889 -0.209815
v 0.146967 0.458897 -0.210668
v -0.002085 0.206124 -0.130786
v 0.020311 0.190139 -0.169842
v -0.003692 0.213018 -0.092881
v -0.016921 0.090384 -0.229234
v 0.009016 0.051061 -0.221744
v -0.032865 0.000791 -0.162771
v -0.001261 -0.004390 -0.127540
v -0.031844 -0.005655 -0.089419
v 0.002610 0.003046 -0.052531
v -0.005799 0.218499 -0.053353
v -0.027757 0.019397 -0.196547
v -0.013595 0.130384 -0.223368
v 0.017690 0.165249 -0.203424
v -0.067276 0.211647 0.021802
v -0.049059 0.223562 0.061602
v -0.025831 0.214866 -0.014525
v 0.011691 0.140697 0.126783
v 0.055624 0.135400 0.121427
v 0.032393 0.049285 0.062202
v 0.030700 0.027678 0.024635
v -0.016730 0.004807 -0.015125
v 0.043864 0.078982 0.096700
v -0.019645 0.164177 0.118503
v -0.031591 0.209310 0.096619
v -0.026361 0.187984 0.109694
v 0.053909 0.106071 0.110041
v -0.049187 0.206242 0.078495
v 0.004101 0.165049 0.127549
v 0.053584 0.071925 0.081080
v 0.008831 0.013299 0.004672
v -0.006888 0.223164 -0.033114
v -0.004684 0.003637 -0.033159
v 0.032819 0.038495 0.043351
v 0.034609 0.138659 0.126867
v -0.038902 0.221183 0.005234
v -0.059706 0.217658 0.041807
v 0.002426 0.148712 -0.215577
v -0.007956 0.033986 -0.209973
v 0.005657 0.179690 -0.186202
v -0.000816 0.109642 -0.231082
v -0.013305 0.008176 -0.181034
v -0.014787 -0.006315 -0.108450
v 0.005749 0.221194 -0.074162
v -0.011722 -0.002100 -0.071644
v -0.015925 -0.003726 -0.145013
v -0.003826 0.070010 -0.228162
v 0.009473 0.211862 -0.113491
v 0.008958 0.198980 -0.150520
v 0.048348 0.003013 -0.166797
v 0.029807 0.020681 -0.197765
v 0.056602 0.086265 -0.240290
v 0.039402 0.127149 -0.230373
v 0.061331 0.162065 -0.207164
v 0.043064 0.188873 -0.171856
v 0.033626 0.050406 -0.223830
v 0.045091 0.203901 -0.135460
v 0.039793 0.217211 -0.097759
v 0.046298 -0.002634 -0.131122
v 0.047853 0.009344 -0.052381
v 0.023142 -0.001663 -0.093408
v 0.028947 0.226650 -0.053618
v 0.096349 0.095580 0.066838
v 0.082998 0.117019 0.098213
v 0.053764 0.201815 0.138427
v 0.010577 0.208510 0.125947
v -0.006147 0.244888 0.100735
v -0.035058 0.241484 0.063816
v 0.069986 0.154587 0.123656
v -0.036652 0.246152 0.026869
v -0.006913 0.237693 -0.010300
v 0.080479 0.057153 0.029294
v 0.036935 0.016328 -0.010950
v 0.059500 0.034638 0.009612
v 0.015796 0.235248 -0.030958
v 0.042237 0.013992 -0.030569
v 0.080338 0.069391 0.047339
v 0.063061 0.178029 0.133380
v -0.016560 0.246579 0.009686
v -0.030320 0.250712 0.046272
v 0.001361 0.227440 0.114827
v 0.084750 0.142797 0.112745
v -0.021827 0.243666 0.082852
v 0.032214 0.205282 0.134940
v 0.090782 0.105887 0.083267
v 0.034633 -0.002785 -0.112709
v 0.041089 0.223420 -0.076769
v 0.035348 0.003792 -0.073993
v 0.036279 -0.000996 -0.148275
v 0.045319 0.067815 -0.234334
v 0.051077 0.210582 -0.117998
v 0.053392 0.196498 -0.154554
v 0.050550 0.145630 -0.220320
v 0.042184 0.033988 -0.212430
v 0.052150 0.177045 -0.190187
v 0.048139 0.106564 -0.238080
v 0.038845 0.010166 -0.182907
v -0.097362 0.017850 -0.086750
v -0.056916 0.006463 -0.052320
v -0.089100 0.035693 -0.188422
v -0.065390 0.006988 -0.159947
v -0.065052 0.133334 -0.214630
v -0.045108 0.092701 -0.224097
v -0.080260 0.063090 -0.210217
v -0.059838 0.167126 -0.193613
v -0.101151 0.017035 -0.120321
v -0.040288 0.195278 -0.090587
v -0.026934 0.205953 -0.128747
v -0.055046 0.190178 -0.162065
v -0.040556 0.200461 -0.053035
v -0.079996 0.020965 -0.017595
v -0.012924 0.054405 0.087386
v 0.001772 0.039003 0.058893
v -0.051976 0.124579 0.109304
v -0.007210 0.117915 0.121269
v -0.013619 0.077011 0.108520
v -0.071366 0.148222 0.086633
v -0.062393 0.025960 0.016956
v -0.048524 0.187760 -0.015795
v -0.079624 0.192440 0.019768
v -0.078003 0.169550 0.054417
v -0.037179 0.202336 -0.034357
v -0.028127 0.028427 0.037452
v -0.079715 0.179642 0.037514
v -0.007859 0.095933 0.116734
v -0.071367 0.165817 0.072757
v -0.057418 0.189804 0.002275
v -0.054198 0.017515 0.000617
v -0.055004 0.145247 0.101959
v 0.003291 0.070895 0.102822
v -0.030748 0.120470 0.117092
v -0.003911 0.046552 0.074595
v -0.067348 0.013636 -0.034579
v -0.032306 0.204274 -0.072001
v -0.082610 0.009356 -0.139628
v -0.041026 0.198701 -0.145943
v -0.062259 0.076200 -0.218877
v -0.045410 0.180119 -0.180344
v -0.034678 0.199901 -0.109554
v -0.082582 0.007928 -0.104350
v -0.050186 0.150949 -0.208126
v -0.070437 0.043064 -0.203659
v -0.055278 0.113613 -0.221268
v -0.077695 0.019495 -0.175468
v -0.075822 0.010950 -0.069856
v -0.137029 0.076401 -0.171882
v -0.095032 0.167519 -0.186272
v -0.048672 0.189993 -0.052907
v -0.141233 0.068117 -0.052346
v -0.117044 0.113934 -0.205004
v -0.064937 0.172538 -0.159275
v -0.149473 0.067351 -0.113397
v -0.124165 0.041871 -0.150115
v -0.088080 0.135713 -0.209581
v -0.051884 0.188906 -0.090238
v -0.105215 0.074174 -0.202866
v -0.124630 0.039333 -0.085320
v -0.045947 0.168307 -0.125797
v -0.079055 0.064735 0.068856
v -0.094698 0.131154 0.079383
v -0.076278 0.088581 0.100605
v -0.087110 0.180395 0.053195
v -0.118441 0.063551 0.009199
v -0.064235 0.044427 0.047649
v -0.069140 0.112046 0.104051
v -0.052229 0.179304 -0.015807
v -0.043368 0.069869 0.100276
v -0.107943 0.038739 -0.019128
v -0.039445 0.154776 0.019780
v -0.123484 0.051151 -0.036053
v -0.068643 0.178403 0.037397
v -0.112636 0.049678 -0.004449
v -0.094157 0.148308 0.067516
v -0.060655 0.078330 0.101453
v -0.058806 0.063190 0.085852
v -0.049559 0.182642 -0.034235
v -0.052058 0.171582 0.002288
v -0.084242 0.120430 0.092807
v -0.070714 0.097481 0.104989
v -0.069020 0.054137 0.059759
v -0.092108 0.050546 0.027607
v -0.131460 0.052000 -0.068508
v -0.054015 0.168080 -0.143363
v -0.137484 0.051584 -0.099815
v -0.085531 0.179555 -0.174747
v -0.111245 0.093637 -0.205010
v -0.121140 0.071148 -0.188539
v -0.050797 0.186389 -0.071553
v -0.054775 0.182055 -0.108263
v -0.093575 0.152993 -0.199141
v -0.102503 0.122423 -0.209872
v -0.130798 0.057707 -0.162329
v -0.137412 0.052740 -0.131006
v -0.186394 0.146035 -0.108635
v -0.088062 0.192386 -0.178319
v -0.052294 0.197986 -0.155097
v -0.044106 0.182547 -0.052857
v -0.133276 0.132212 -0.197711
v -0.156556 0.106927 -0.164717
v -0.043876 0.180660 -0.089294
v -0.165029 0.103328 -0.138731
v -0.145532 0.116195 -0.185468
v -0.118660 0.153928 -0.197993
v -0.168987 0.101504 -0.082127
v -0.164541 0.102604 -0.052422
v -0.035222 0.174008 -0.124783
v -0.166202 0.139021 0.003587
v -0.092455 0.163850 0.071999
v -0.059780 0.184300 0.048915
v -0.098487 0.100580 0.092878
v -0.112183 0.086092 0.060776
v -0.038370 0.177391 -0.016420
v -0.127866 0.089040 0.034581
v -0.103001 0.091245 0.081285
v -0.099701 0.116151 0.092181
v -0.156189 0.099191 -0.022699
v -0.032403 0.169574 0.018940
v -0.171594 0.122391 -0.037790
v -0.034348 0.182863 0.000832
v -0.148997 0.112485 0.018833
v -0.162455 0.120318 -0.009143
v -0.087258 0.162232 0.063061
v -0.112530 0.109191 0.084812
v -0.037436 0.185373 -0.034796
v -0.122187 0.103599 0.068649
v -0.102002 0.138424 0.083085
v -0.052441 0.178984 0.034849
v -0.134522 0.104221 0.045648
v -0.107006 0.120233 0.091037
v -0.177711 0.123884 -0.067136
v -0.036117 0.184704 -0.106596
v -0.177173 0.124041 -0.123381
v -0.180246 0.124984 -0.095676
v -0.076437 0.186375 -0.169536
v -0.145663 0.138294 -0.189551
v -0.039215 0.186160 -0.070918
v -0.158988 0.128302 -0.173037
v -0.107885 0.173671 -0.189259
v -0.041450 0.186004 -0.140952
v -0.169713 0.123998 -0.149997
v -0.129877 0.155080 -0.196464
v 0.473582 -0.004253 -0.110536
v 0.431384 -0.033327 -0.108914
v 0.490922 0.025253 -0.192191
v 0.431918 -0.008065 -0.219892
v 0.403815 -0.048210 -0.141946
v 0.412277 -0.023918 -0.211917
v 0.476646 0.020148 -0.210026
v 0.401729 -0.036743 -0.192913
v 0.511345 -0.002096 -0.172398
v 0.471142 -0.042470 -0.118674
v 0.434021 -0.065710 -0.130725
v 0.471534 -0.014805 -0.220078
v 0.415674 -0.066648 -0.174189
v 0.511291 -0.007709 -0.153579
v 0.502563 -0.018924 -0.133530
v 0.501102 0.000164 -0.138414
v 0.472156 -0.023418 -0.113784
v 0.432312 -0.050520 -0.119078
v 0.452291 -0.010896 -0.220605
v 0.409236 -0.058212 -0.158087
v 0.429544 -0.026669 -0.219064
v 0.490462 0.010958 -0.204454
v 0.474333 0.002823 -0.215691
v 0.506415 0.008868 -0.158879
v 0.414297 -0.041098 -0.205919
v 0.407706 -0.052161 -0.183749
v 0.489213 -0.011515 -0.121035
v 0.451462 -0.037561 -0.112721
v 0.417666 -0.057830 -0.134861
v 0.502006 0.012255 -0.181641
v 0.533396 -0.054412 -0.185252
v 0.502663 -0.084992 -0.140138
v 0.471900 -0.106927 -0.148818
v 0.502416 -0.067456 -0.224001
v 0.450576 -0.113940 -0.187759
v 0.533278 -0.058379 -0.169923
v 0.526367 -0.066708 -0.153445
v 0.503477 -0.053555 -0.133563
v 0.470386 -0.076446 -0.131178
v 0.514695 -0.026544 -0.200638
v 0.466047 -0.052463 -0.225304
v 0.439282 -0.091462 -0.157261
v 0.447718 -0.066620 -0.220062
v 0.502361 -0.030512 -0.215461
v 0.435502 -0.080109 -0.204151
v 0.502655 -0.069206 -0.136257
v 0.470590 -0.091530 -0.139108
v 0.485032 -0.058694 -0.225494
v 0.443549 -0.103123 -0.172128
v 0.465885 -0.071227 -0.225742
v 0.515278 -0.041081 -0.210815
v 0.502273 -0.048159 -0.220449
v 0.528731 -0.042671 -0.173666
v 0.450059 -0.085488 -0.215963
v 0.441568 -0.097655 -0.196259
v 0.515486 -0.059551 -0.142547
v 0.487198 -0.080221 -0.134742
v 0.454590 -0.100282 -0.151596
v 0.524849 -0.039904 -0.192224
v 0.524743 -0.049820 -0.156873
v 0.272502 0.391036 -0.023300
v 0.228975 0.371548 -0.042122
v 0.274788 0.388834 0.065180
v 0.208236 0.358586 0.069037
v 0.193649 0.351470 -0.021591
v 0.189293 0.349724 0.052810
v 0.256595 0.380617 0.077405
v 0.181845 0.345779 0.029023
v 0.296179 0.366487 0.040688
v 0.264626 0.353232 -0.029749
v 0.223682 0.333846 -0.033077
v 0.246034 0.345667 0.073428
v 0.196460 0.321782 0.003529
v 0.299600 0.367443 0.021373
v 0.294303 0.365035 -0.002502
v 0.293718 0.381430 0.008507
v 0.268534 0.372385 -0.027334
v 0.226010 0.352074 -0.038702
v 0.227605 0.352331 0.072088
v 0.194479 0.335976 -0.009375
v 0.204274 0.341951 0.061292
v 0.270310 0.371597 0.071327
v 0.251429 0.363032 0.076098
v 0.295359 0.381935 0.031307
v 0.190848 0.335376 0.041545
v 0.188097 0.333448 0.016127
v 0.284732 0.378241 -0.013603
v 0.247257 0.363023 -0.036770
v 0.207678 0.342540 -0.029208
v 0.286538 0.378359 0.052718
v 0.309708 0.309951 0.037669
v 0.286482 0.301408 -0.019798
v 0.252566 0.283283 -0.024706
v 0.270025 0.290276 0.063544
v 0.222819 0.267547 0.005091
v 0.312483 0.311305 0.022139
v 0.308472 0.310109 0.002873
v 0.291774 0.332665 -0.014582
v 0.257870 0.317662 -0.030398
v 0.290985 0.333939 0.058578
v 0.235876 0.309844 0.063988
v 0.220582 0.300325 -0.016899
v 0.217790 0.301445 0.051095
v 0.275436 0.327443 0.068757
v 0.207993 0.296147 0.029641
v 0.288858 0.317363 -0.017782
v 0.254887 0.301001 -0.028408
v 0.253673 0.300828 0.065122
v 0.220400 0.283898 -0.006635
v 0.233777 0.292277 0.057720
v 0.287942 0.316987 0.062893
v 0.272545 0.309411 0.067084
v 0.308809 0.325444 0.030387
v 0.219085 0.284852 0.041033
v 0.213850 0.281406 0.017177
v 0.300933 0.322147 -0.006435
v 0.273076 0.310187 -0.025653
v 0.235804 0.291432 -0.022683
v 0.301338 0.322582 0.047797
v 0.307823 0.324962 0.011737
v -0.027534 0.420194 0.163523
v -0.013980 0.412064 0.177345
v -0.019122 0.467069 0.184757
v -0.005666 0.457214 0.198602
v -0.018566 0.437008 0.163870
v -0.006271 0.428977 0.178068
v -0.030018 0.473314 0.201478
v -0.014826 0.463512 0.213823
v -0.044903 0.468760 0.215558
v -0.028273 0.459743 0.226853
v -0.059901 0.454938 0.222637
v -0.042005 0.446268 0.233373
v -0.070744 0.437471 0.222500
v -0.051956 0.429049 0.233057
v -0.011572 0.391341 0.195965
v -0.025451 0.398201 0.184261
v 0.003973 0.438845 0.201085
v -0.002568 0.445094 0.186636
v -0.020741 0.384041 0.208517
v -0.039539 0.392513 0.196677
v -0.030929 0.389858 0.222891
v -0.051086 0.398485 0.211638
v -0.033009 0.402977 0.236869
v -0.054341 0.411759 0.226018
v -0.025870 0.408575 0.172471
v -0.012147 0.400747 0.185858
v -0.009058 0.456436 0.184436
v 0.002998 0.447373 0.198648
v -0.015202 0.424275 0.169007
v -0.003773 0.416857 0.182950
v -0.016548 0.466421 0.199118
v -0.002343 0.456497 0.212203
v -0.008958 0.441429 0.173802
v 0.001924 0.433632 0.188234
v -0.040574 0.398299 0.182970
v -0.023905 0.390021 0.195708
v -0.029299 0.467889 0.214765
v -0.013102 0.458294 0.226702
v -0.055155 0.398415 0.197849
v -0.036922 0.390177 0.209565
v -0.063131 0.408523 0.213674
v -0.043997 0.400467 0.224678
v -0.044194 0.458481 0.225170
v -0.026387 0.449405 0.236337
v -0.057252 0.442372 0.228442
v -0.038239 0.433479 0.239167
v -0.063777 0.424462 0.224892
v -0.044078 0.416001 0.235671
v 0.024121 0.445934 0.232470
v 0.045358 0.439056 0.189105
v 0.011980 0.424543 0.253055
v 0.005537 0.407127 0.251953
v 0.010446 0.407244 0.186693
v 0.013073 0.424638 0.190029
v 0.038049 0.391989 0.180880
v 0.039485 0.381525 0.196699
v 0.041438 0.380360 0.215376
v 0.045596 0.387584 0.230678
v 0.022826 0.445086 0.214214
v 0.019225 0.439578 0.246661
v 0.022953 0.399507 0.182441
v 0.033668 0.443045 0.201015
v 0.024123 0.417477 0.181581
v 0.038323 0.446419 0.217282
v 0.028130 0.433017 0.188856
v 0.022966 0.384629 0.194168
v 0.040446 0.442149 0.234637
v 0.022971 0.378818 0.212916
v 0.025107 0.383024 0.230789
v 0.038607 0.428861 0.245983
v 0.034076 0.410840 0.248424
v 0.029416 0.394528 0.243164
v 0.519527 -0.037951 -0.152446
v 0.589631 -0.143645 -0.217589
v 0.507968 -0.000701 -0.184422
v 0.569495 -0.164949 -0.173292
v 0.548847 -0.180620 -0.177642
v 0.554999 -0.157430 -0.240665
v 0.532024 -0.189953 -0.201838
v 0.544616 -0.168692 -0.239180
v 0.579183 -0.144227 -0.231559
v 0.566499 -0.149069 -0.238093
v 0.593054 -0.145826 -0.201845
v 0.535976 -0.179919 -0.231492
v 0.531011 -0.187191 -0.217748
v 0.580424 -0.158552 -0.178183
v 0.559166 -0.172127 -0.172887
v 0.538688 -0.187673 -0.187734
v 0.427010 -0.068488 -0.139233
v 0.461301 -0.049234 -0.118763
v 0.496583 -0.024512 -0.126728
v 0.553535 -0.100039 -0.173716
v 0.415802 -0.062786 -0.186739
v 0.422758 -0.051447 -0.208333
v 0.512521 -0.004238 -0.162701
v 0.481112 -0.009043 -0.217218
v 0.496519 -0.001778 -0.206104
v 0.438117 -0.037205 -0.220626
v 0.417651 -0.068951 -0.161570
v 0.460179 -0.021864 -0.222090
v 0.442360 -0.061357 -0.124494
v 0.480762 -0.036005 -0.119886
v 0.530808 -0.053585 -0.194912
v 0.589303 -0.151607 -0.188653
v 0.464256 -0.111295 -0.155845
v 0.495600 -0.090397 -0.139870
v 0.521685 -0.071094 -0.147735
v 0.494435 0.013344 -0.133595
v 0.451110 -0.110220 -0.199600
v 0.460091 -0.097882 -0.218580
v 0.534278 -0.055878 -0.177389
v 0.509917 -0.062358 -0.221468
v 0.522113 -0.054945 -0.212526
v 0.475981 -0.083586 -0.227571
v 0.452968 -0.115242 -0.175867
v 0.493961 -0.072219 -0.226576
v 0.480109 -0.101700 -0.143925
v 0.509687 -0.080032 -0.141519
v 0.554211 -0.093016 -0.204416
v 0.495827 -0.143316 -0.170196
v 0.522397 -0.124203 -0.154677
v 0.545188 -0.107663 -0.161492
v 0.484911 -0.143652 -0.207670
v 0.492565 -0.133256 -0.223893
v 0.557322 -0.094670 -0.188339
v 0.534641 -0.101487 -0.227803
v 0.546063 -0.094756 -0.220027
v 0.506038 -0.120566 -0.232198
v 0.486292 -0.147421 -0.187623
v 0.520920 -0.110256 -0.231965
v 0.509479 -0.134291 -0.159068
v 0.534259 -0.115382 -0.155801
v 0.619375 -0.316758 -0.210178
v 0.600361 -0.302911 -0.288332
v 0.779359 -0.231254 -0.219599
v 0.759594 -0.217575 -0.278566
v 0.670822 -0.232802 -0.205801
v 0.684440 -0.258795 -0.300205
v 0.719715 -0.271263 -0.216021
v 0.765920 -0.248577 -0.317378
v 0.740059 -0.237012 -0.217286
v 0.741806 -0.254041 -0.314067
v 0.628516 -0.278064 -0.297114
v 0.652194 -0.293601 -0.207286
v 0.728392 -0.219335 -0.272165
v 0.664689 -0.203929 -0.249373
v 0.767527 -0.212460 -0.258381
v 0.588711 -0.324645 -0.249482
v 0.688042 -0.274622 -0.213515
v 0.660677 -0.261435 -0.295297
v 0.604763 -0.324603 -0.217327
v 0.594768 -0.326730 -0.231381
v 0.629161 -0.314196 -0.306305
v 0.609281 -0.341266 -0.276530
v 0.731558 -0.214730 -0.251889
v 0.734223 -0.219125 -0.232388
v 0.663826 -0.199280 -0.228193
v 0.664096 -0.206761 -0.212668
v 0.773432 -0.215858 -0.237912
v 0.754239 -0.228156 -0.299233
v 0.816092 -0.294736 -0.284141
v 0.643019 -0.222570 -0.273076
v 0.815271 -0.269283 -0.219697
v 0.670480 -0.223036 -0.276883
v 0.727919 -0.230087 -0.294130
v 0.607414 -0.240438 -0.276563
v 0.620632 -0.351032 -0.224107
v 0.590415 -0.316337 -0.269923
v 0.823845 -0.204164 -0.240765
v 0.815151 -0.202322 -0.261589
v 0.822814 -0.234582 -0.312359
v 0.837324 -0.237220 -0.213584
v 0.826893 -0.216796 -0.219953
v 0.802275 -0.208113 -0.281572
v 0.786305 -0.221031 -0.301760
v 0.634977 -0.341876 -0.217029
v 0.786515 -0.240625 -0.318001
v 0.651718 -0.328679 -0.215679
v 0.568733 -0.274833 -0.253426
v 0.572347 -0.282651 -0.221641
v 0.566984 -0.289301 -0.238420
v 0.582227 -0.280290 -0.206909
v 0.578885 -0.262350 -0.269605
v 0.622478 -0.229991 -0.275952
v 0.776537 -0.282721 -0.221092
v 0.850360 -0.266798 -0.303081
v 0.642740 -0.302731 -0.307303
v 0.803413 -0.293313 -0.326454
v 0.642446 -0.268300 -0.296368
v 0.655543 -0.292547 -0.306883
v 0.667666 -0.281161 -0.210116
v 0.596156 -0.274069 -0.198667
v 0.613949 -0.263664 -0.193952
v 0.629696 -0.250922 -0.193342
v 0.592788 -0.251562 -0.274939
v 0.646696 -0.237305 -0.198204
v 0.612012 -0.352595 -0.239201
v 0.608212 -0.349112 -0.257340
v 0.614456 -0.289578 -0.296156
v 0.637034 -0.305679 -0.207468
v 0.627918 -0.189102 -0.200995
v 0.629311 -0.181256 -0.214180
v 0.627569 -0.182044 -0.232744
v 0.565889 -0.225102 -0.246805
v 0.560233 -0.233377 -0.232722
v 0.561270 -0.237494 -0.214237
v 0.568023 -0.236130 -0.199887
v 0.615351 -0.186936 -0.248190
v 0.598551 -0.194100 -0.253559
v 0.585976 -0.203999 -0.254626
v 0.574882 -0.215238 -0.252664
v 0.618417 -0.200938 -0.190945
v 0.604097 -0.210473 -0.185829
v 0.591389 -0.220298 -0.186035
v 0.578490 -0.230137 -0.190893
v 0.813394 -0.225819 -0.306461
v 0.839389 -0.210846 -0.285656
v 0.853582 -0.205795 -0.266422
v 0.860672 -0.207976 -0.246626
v 0.859355 -0.218859 -0.224218
v 0.760510 -0.265804 -0.217317
v 0.698062 -0.215418 -0.223898
v 0.712746 -0.257582 -0.308208
v 0.703056 -0.235729 -0.212518
v 0.753571 -0.317094 -0.275997
v 0.865458 -0.214803 -0.270843
v 0.697671 -0.215160 -0.262443
v 0.697795 -0.210596 -0.241873
v 0.680595 -0.325406 -0.307302
v 0.650333 -0.394415 -0.296458
v 0.754992 -0.321845 -0.239648
v 0.698802 -0.374089 -0.241778
v 0.662176 -0.404032 -0.241766
v 0.783446 -0.309296 -0.281245
v 0.728884 -0.320003 -0.272182
v 0.824731 -0.294758 -0.266036
v 0.706691 -0.324785 -0.269958
v 0.688479 -0.345338 -0.233921
v 0.721116 -0.312174 -0.312119
v 0.705937 -0.329351 -0.252963
v 0.808275 -0.295332 -0.303455
v 0.777703 -0.303417 -0.324051
v 0.726871 -0.323501 -0.254861
v 0.778681 -0.261917 -0.326452
v 0.788714 -0.310064 -0.263349
v 0.694077 -0.381168 -0.232910
v 0.657918 -0.380872 -0.316668
v 0.704415 -0.320665 -0.287444
v 0.691706 -0.361057 -0.293690
v 0.779237 -0.308391 -0.300813
v 0.727368 -0.316965 -0.290825
v 0.790728 -0.275949 -0.333798
v 0.872759 -0.272619 -0.239564
v 0.869502 -0.265402 -0.264064
v 0.796373 -0.311648 -0.242267
v 0.698650 -0.315656 -0.307566
v 0.862393 -0.263818 -0.283318
v 0.682755 -0.331972 -0.285949
v 0.685513 -0.341811 -0.251606
v 0.652960 -0.405770 -0.257718
v 0.691208 -0.353390 -0.315827
v 0.684418 -0.337015 -0.268470
v 0.705303 -0.333835 -0.235417
v 0.649018 -0.402234 -0.276585
v 0.694741 -0.371097 -0.259250
v 0.724617 -0.327489 -0.237276
v 0.751991 -0.315148 -0.295793
v 0.748465 -0.310069 -0.319014
v 0.753726 -0.319208 -0.258345
v 0.704532 -0.294306 -0.318366
v 0.678931 -0.331789 -0.219162
v 0.766177 -0.284377 -0.331495
v 0.682805 -0.297924 -0.313482
v 0.834710 -0.297001 -0.242856
v 0.860679 -0.264007 -0.218904
v 0.878893 -0.228189 -0.276843
v 0.712191 -0.314568 -0.222612
v 0.693760 -0.321055 -0.220783
v 0.627584 -0.343777 -0.303086
v 0.622629 -0.368682 -0.244109
v 0.827496 -0.284598 -0.223209
v 0.864614 -0.232544 -0.296988
v 0.734126 -0.291538 -0.326283
v 0.618688 -0.365148 -0.262969
v 0.620002 -0.357327 -0.282851
v 0.881213 -0.243032 -0.230943
v 0.788758 -0.298045 -0.224510
v 0.883919 -0.231475 -0.256502
v 0.640764 -0.329135 -0.313728
v 0.744336 -0.308344 -0.223955
v 0.646950 -0.357362 -0.220540
v 0.807977 -0.265659 -0.332853
v 0.835297 -0.248331 -0.319504
v 0.654638 -0.317300 -0.314819
v 0.631842 -0.366939 -0.228175
v 0.664090 -0.343884 -0.219067
v 0.667373 -0.306731 -0.314297
v 0.847972 -0.249145 -0.215117
v 0.671059 -0.283665 -0.306084
v 0.666435 -0.316685 -0.215776
v 0.699852 -0.299338 -0.219219
v 0.754221 -0.270271 -0.324144
v 0.681293 -0.305931 -0.217388
v 0.795871 -0.251671 -0.325519
v 0.831067 -0.275169 -0.326029
v 0.870270 -0.217975 -0.251289
v 0.867787 -0.229011 -0.226532
v 0.616530 -0.328222 -0.296120
v 0.692951 -0.279913 -0.310964
v 0.851609 -0.219060 -0.290289
v 0.699997 -0.228037 -0.286443
v 0.732074 -0.293051 -0.220554
v 0.722422 -0.277239 -0.318900
v 0.679953 -0.414308 -0.284349
v 0.690549 -0.418082 -0.250111
v 0.701930 -0.396471 -0.284084
v 0.680517 -0.407140 -0.302807
v 0.704028 -0.400781 -0.267462
v 0.701338 -0.390630 -0.301441
v 0.702232 -0.381907 -0.323395
v 0.709032 -0.402991 -0.250067
v 0.685427 -0.395450 -0.323931
v 0.683132 -0.418107 -0.266737
v 0.684974 -0.354389 -0.328416
v 0.671102 -0.366238 -0.327281
v 0.692918 -0.366484 -0.276123
v 0.677287 -0.394463 -0.234101
v 0.799114 -0.255472 -0.216460
v 0.304869 0.338318 0.010996
v 0.348656 0.207011 0.045208
v 0.290461 0.364407 0.051684
v 0.336467 0.205064 -0.006457
v 0.313926 0.192500 -0.011445
v 0.308704 0.192391 0.055789
v 0.291480 0.178690 0.004712
v 0.297821 0.184130 0.048703
v 0.335455 0.203630 0.056115
v 0.321254 0.199096 0.058299
v 0.355136 0.209572 0.030518
v 0.289964 0.177646 0.036212
v 0.287363 0.176213 0.020162
v 0.346672 0.207592 0.002131
v 0.325808 0.200240 -0.011093
v 0.301199 0.184323 -0.006348
v 0.214775 0.329640 -0.027400
v 0.254377 0.348550 -0.033703
v 0.289396 0.363062 -0.011737
v 0.327256 0.267948 0.014256
v 0.194279 0.321241 0.016466
v 0.197536 0.323553 0.041513
v 0.299185 0.367478 0.031202
v 0.256522 0.350369 0.074432
v 0.274589 0.358205 0.069346
v 0.211234 0.330214 0.060429
v 0.200854 0.323447 -0.008569
v 0.233873 0.340331 0.070886
v 0.233549 0.338548 -0.035880
v 0.274353 0.357248 -0.024741
v 0.305207 0.307985 0.046420
v 0.353745 0.209143 0.015706
v 0.243204 0.278188 -0.021060
v 0.279142 0.297644 -0.023136
v 0.304711 0.308680 -0.004714
v 0.289567 0.396376 0.007628
v 0.221172 0.267038 0.017393
v 0.227053 0.270798 0.040725
v 0.312103 0.311019 0.030061
v 0.278358 0.294600 0.064268
v 0.292854 0.302395 0.060698
v 0.241981 0.278504 0.056710
v 0.227561 0.269836 -0.005915
v 0.260787 0.286410 0.062817
v 0.262106 0.288382 -0.025989
v 0.293500 0.304400 -0.015600
v 0.322036 0.264306 0.045107
v 0.267663 0.238454 -0.013928
v 0.298688 0.256894 -0.017012
v 0.321009 0.266251 -0.001084
v 0.249003 0.227677 0.018618
v 0.253995 0.230756 0.038504
v 0.328337 0.267519 0.030245
v 0.297178 0.252021 0.060366
v 0.310605 0.258928 0.057498
v 0.266561 0.237595 0.052886
v 0.254263 0.230512 -0.000934
v 0.282089 0.244784 0.058804
v 0.284201 0.248223 -0.018697
v 0.310845 0.262756 -0.010877
v 0.362104 0.043493 -0.017948
v 0.328266 0.033924 0.055705
v 0.523990 0.093310 0.047670
v 0.493511 0.089996 0.103482
v 0.421306 0.114449 0.016328
v 0.411783 0.057074 0.096269
v 0.462850 0.067196 0.020267
v 0.488303 0.047393 0.129275
v 0.485724 0.095251 0.036950
v 0.465037 0.047408 0.120273
v 0.356196 0.049470 0.077278
v 0.396898 0.060518 -0.006938
v 0.464384 0.095649 0.091765
v 0.408866 0.128043 0.065625
v 0.506043 0.100048 0.088040
v 0.323116 0.028380 0.010316
v 0.432274 0.070163 0.011491
v 0.389479 0.060180 0.086856
v 0.345600 0.036286 -0.016583
v 0.332670 0.031365 -0.006070
v 0.351299 0.012748 0.073050
v 0.335683 0.000636 0.032751
v 0.472252 0.106049 0.075266
v 0.478582 0.107909 0.056208
v 0.413017 0.139451 0.047638
v 0.415864 0.137536 0.030747
v 0.515828 0.102614 0.068985
v 0.482843 0.074275 0.117861
v 0.539630 0.007009 0.090711
v 0.380898 0.106544 0.077224
v 0.555126 0.051935 0.040283
v 0.406727 0.100295 0.085142
v 0.458165 0.078530 0.108092
v 0.343790 0.094708 0.068170
v 0.356970 0.006844 -0.017056
v 0.321217 0.029125 0.032352
v 0.565364 0.104167 0.084157
v 0.552639 0.100502 0.102522
v 0.546048 0.052588 0.139098
v 0.581024 0.080089 0.049687
v 0.571535 0.098732 0.061040
v 0.535280 0.090710 0.116714
v 0.514168 0.074738 0.128055
v 0.373327 0.015293 -0.017936
v 0.508968 0.051159 0.136098
v 0.391186 0.025223 -0.011714
v 0.307761 0.076737 0.028251
v 0.317304 0.079281 -0.003164
v 0.307847 0.068490 0.009028
v 0.330291 0.084661 -0.014237
v 0.315394 0.081356 0.049253
v 0.359590 0.102118 0.073819
v 0.515860 0.045425 0.030351
v 0.571632 0.021084 0.123746
v 0.365412 0.020824 0.080292
v 0.518395 -0.003424 0.128039
v 0.370855 0.056477 0.082371
v 0.378946 0.028303 0.085646
v 0.412554 0.068585 0.002651
v 0.346204 0.090830 -0.017297
v 0.365530 0.099092 -0.014986
v 0.382219 0.108522 -0.008409
v 0.328827 0.087328 0.060299
v 0.399041 0.116764 0.003721
v 0.345210 0.001878 -0.005157
v 0.337978 -0.000194 0.012135
v 0.341603 0.041414 0.069976
v 0.380937 0.051747 -0.013575
v 0.384940 0.163804 0.020225
v 0.384246 0.166548 0.035369
v 0.378503 0.160022 0.051883
v 0.311310 0.125631 0.039293
v 0.308012 0.123491 0.022460
v 0.312569 0.125547 0.004164
v 0.322337 0.130394 -0.007431
v 0.362843 0.152443 0.062328
v 0.344661 0.146816 0.061931
v 0.331237 0.139352 0.057312
v 0.319768 0.131388 0.049676
v 0.376692 0.157669 0.005202
v 0.362930 0.152861 -0.005269
v 0.349569 0.145770 -0.010677
v 0.335024 0.137174 -0.011841
v 0.539018 0.064238 0.135202
v 0.570207 0.080656 0.125693
v 0.588614 0.089296 0.112148
v 0.599525 0.092574 0.094340
v 0.601968 0.090015 0.069647
v 0.502758 0.065062 0.030194
v 0.445620 0.120154 0.043679
v 0.437700 0.050869 0.108783
v 0.450909 0.104163 0.026847
v 0.478409 -0.000714 0.064876
v 0.598323 0.077493 0.115006
v 0.437018 0.107828 0.079175
v 0.441989 0.118793 0.061883
v 0.399969 -0.006562 0.078574
v 0.366084 -0.062154 0.039115
v 0.487099 0.006542 0.029982
v 0.426890 -0.033395 0.004075
v 0.388349 -0.055145 -0.012645
v 0.507088 -0.000151 0.077447
v 0.454946 0.001938 0.056219
v 0.551897 0.011485 0.075482
v 0.433383 0.001912 0.048779
v 0.421369 -0.002364 0.005304
v 0.439623 -0.002576 0.094447
v 0.435836 0.003360 0.031398
v 0.527842 0.001427 0.106970
v 0.492927 -0.007756 0.117963
v 0.456352 0.004696 0.038706
v 0.497450 0.029891 0.135030
v 0.515961 0.004123 0.061586
v 0.423498 -0.036287 -0.007380
v 0.370464 -0.057443 0.063773
v 0.427835 0.000392 0.065950
v 0.410170 -0.037105 0.055277
v 0.498900 -0.005022 0.095073
v 0.449783 -0.001094 0.074198
v 0.506204 0.012429 0.138830
v 0.606418 0.032759 0.066968
v 0.598721 0.031984 0.091527
v 0.527760 0.008283 0.042901
v 0.418419 -0.000584 0.085279
v 0.587848 0.028330 0.108621
v 0.405991 -0.006030 0.056960
v 0.415050 -0.004386 0.022332
v 0.375807 -0.060456 -0.000117
v 0.405704 -0.037147 0.078280
v 0.410850 -0.005269 0.039367
v 0.438533 0.005045 0.013557
v 0.368287 -0.062694 0.017840
v 0.419500 -0.035662 0.020536
v 0.457530 0.007124 0.020736
v 0.472829 -0.005128 0.083519
v 0.464933 -0.007428 0.106098
v 0.482127 0.003079 0.047910
v 0.423928 0.014754 0.103758
v 0.416582 0.016662 -0.005073
v 0.482007 0.009430 0.129633
v 0.403501 0.016604 0.094360
v 0.566334 0.015335 0.055021
v 0.599946 0.049548 0.048992
v 0.608778 0.060843 0.118028
v 0.449864 0.026014 0.009745
v 0.431704 0.023647 0.002692
v 0.347542 -0.013446 0.059351
v 0.352894 -0.016458 -0.004566
v 0.564749 0.034508 0.040130
v 0.590162 0.052567 0.132644
v 0.451268 0.009810 0.116958
v 0.345376 -0.018695 0.013384
v 0.343169 -0.018155 0.034669
v 0.619392 0.061694 0.070921
v 0.525498 0.028020 0.030108
v 0.617691 0.063616 0.098984
v 0.359516 -0.005509 0.076526
v 0.481430 0.026014 0.018544
v 0.382688 -0.002252 -0.018192
v 0.524184 0.019438 0.144480
v 0.555297 0.035383 0.142886
v 0.373932 0.002832 0.084033
v 0.365429 -0.011148 -0.017076
v 0.400988 0.007913 -0.011918
v 0.387461 0.010714 0.089419
v 0.589870 0.066725 0.048650
v 0.395071 0.034243 0.090643
v 0.406650 0.033898 -0.004924
v 0.440097 0.043343 0.009957
v 0.473349 0.026946 0.125870
v 0.421803 0.040899 0.002844
v 0.515364 0.036865 0.140665
v 0.547147 0.008989 0.138683
v 0.606870 0.080151 0.096691
v 0.608668 0.078413 0.069588
v 0.339822 0.005142 0.056605
v 0.415673 0.032491 0.100112
v 0.580283 0.069465 0.129085
v 0.432876 0.087600 0.097089
v 0.471746 0.043391 0.018784
v 0.442881 0.027475 0.113275
v 0.395502 -0.081614 0.025867
v 0.412755 -0.075667 -0.005210
v 0.418675 -0.068594 0.035603
v 0.392807 -0.081090 0.045484
v 0.423845 -0.067505 0.019130
v 0.414960 -0.068751 0.053545
v 0.411991 -0.067982 0.076986
v 0.432213 -0.064692 0.003175
v 0.394210 -0.077958 0.069882
v 0.401986 -0.079905 0.008845
v 0.396853 -0.041164 0.088471
v 0.382448 -0.049504 0.080919
v 0.414572 -0.036598 0.037392
v 0.405617 -0.046247 -0.013791
v 0.541477 0.068529 0.039500
v 0.276657 0.428349 -0.039124
v 0.275006 0.464827 -0.032427
v 0.272216 0.438628 -0.032471
v 0.282695 0.473250 -0.039998
v 0.271387 0.452058 -0.029828
v 0.283913 0.423365 -0.048334
v 0.291905 0.474505 -0.050221
v 0.292276 0.424839 -0.057868
v 0.299021 0.432090 -0.064705
v 0.299223 0.468332 -0.059560
v 0.303024 0.456700 -0.065767
v 0.302844 0.443285 -0.067549
v 0.080007 0.443354 -0.209606
v 0.080230 0.454931 -0.222997
v 0.085035 0.472254 -0.231325
v 0.082291 0.439873 -0.193477
v 0.088069 0.443658 -0.181347
v 0.091777 0.490184 -0.229058
v 0.094007 0.451187 -0.176747
v 0.094571 0.492858 -0.182609
v 0.097339 0.502676 -0.213082
v 0.092975 0.478666 -0.175365
v 0.097145 0.502192 -0.194682
v 0.094113 0.463079 -0.174088
v 0.161480 0.459983 -0.199246
v 0.163317 0.477105 -0.196716
v 0.160945 0.493331 -0.187376
v 0.155901 0.445246 -0.194464
v 0.148051 0.435078 -0.182783
v 0.153698 0.501911 -0.172508
v 0.138681 0.432112 -0.166955
v 0.127753 0.473415 -0.142625
v 0.143632 0.499232 -0.156961
v 0.125939 0.455586 -0.144495
v 0.134252 0.488805 -0.146470
v 0.129934 0.439742 -0.152597
v 0.192784 0.458945 -0.168973
v 0.230724 0.453607 -0.134806
v 0.267683 0.448426 -0.100421
v 0.194631 0.475797 -0.165318
v 0.232064 0.469136 -0.132233
v 0.268609 0.462598 -0.098568
v 0.191344 0.490333 -0.155435
v 0.228634 0.482007 -0.123769
v 0.265189 0.474582 -0.091522
v 0.186603 0.443885 -0.165044
v 0.224830 0.439408 -0.130563
v 0.262645 0.435745 -0.096494
v 0.177764 0.433888 -0.154280
v 0.215967 0.430715 -0.120557
v 0.254714 0.427817 -0.087642
v 0.183215 0.497503 -0.141592
v 0.221194 0.489152 -0.111553
v 0.257836 0.481389 -0.080491
v 0.167824 0.431528 -0.140126
v 0.206551 0.429903 -0.107817
v 0.245823 0.426935 -0.076068
v 0.157376 0.469932 -0.116617
v 0.196600 0.465027 -0.085640
v 0.235210 0.458476 -0.055723
v 0.172875 0.494981 -0.128363
v 0.211530 0.488270 -0.098859
v 0.248246 0.480471 -0.068237
v 0.155994 0.453296 -0.118937
v 0.195534 0.449677 -0.088091
v 0.234866 0.444618 -0.058064
v 0.163475 0.484936 -0.119680
v 0.202414 0.479328 -0.089380
v 0.239859 0.471723 -0.059137
v 0.159598 0.438863 -0.127032
v 0.199132 0.436980 -0.096007
v 0.238595 0.433237 -0.065278
v 0.327181 0.393073 0.033716
v 0.312539 0.450993 0.063466
v 0.290228 0.453544 0.060578
v 0.305253 0.395806 0.035794
v 0.324914 0.445297 -0.009705
v 0.317514 0.376989 0.051662
v 0.298606 0.404517 0.000478
v 0.278332 0.463295 0.002167
v 0.316468 0.459130 0.017973
v 0.324016 0.403230 0.000466
v 0.330165 0.414463 0.004444
v 0.327595 0.428613 0.009469
v 0.322982 0.443678 0.014320
v 0.278306 0.433630 0.015802
v 0.281000 0.456642 -0.014955
v 0.290612 0.418072 0.004200
v 0.294406 0.436253 0.089111
v 0.303375 0.431009 0.093517
v 0.316280 0.402401 0.081492
v 0.292613 0.423990 -0.015847
v 0.291469 0.467460 -0.012118
v 0.312572 0.469786 -0.009018
v 0.287142 0.441866 0.058299
v 0.293034 0.426317 0.055556
v 0.299724 0.410466 0.046972
v 0.331570 0.403471 0.041606
v 0.326887 0.417859 0.053458
v 0.319906 0.434226 0.061521
v 0.315787 0.382150 0.073886
v 0.320688 0.390773 0.064269
v 0.310042 0.381625 0.055166
v 0.327562 0.387341 0.061129
v 0.312459 0.366280 0.087392
v 0.307249 0.373458 0.066222
v 0.322201 0.378577 0.071673
v 0.313996 0.368581 0.063420
v 0.299356 0.358311 0.088894
v 0.304790 0.356747 0.080330
v 0.306640 0.370048 0.088575
v 0.299031 0.361992 0.081596
v 0.304905 0.401307 0.100316
v 0.304906 0.392067 0.074636
v 0.298703 0.398495 0.077515
v 0.310312 0.408980 0.084555
v 0.290638 0.377438 0.118838
v 0.309648 0.394364 0.098315
v 0.299625 0.384650 0.093074
v 0.294737 0.391521 0.095095
v 0.284709 0.381942 0.129895
v 0.286030 0.383909 0.119672
v 0.293831 0.392139 0.124691
v 0.298615 0.385858 0.123445
v 0.298405 0.425027 0.113495
v 0.312389 0.423409 0.093978
v 0.301759 0.411081 0.089884
v 0.292536 0.418703 0.089087
v 0.294874 0.410671 0.139810
v 0.305688 0.417685 0.113962
v 0.295797 0.406820 0.110355
v 0.288459 0.414191 0.109639
v 0.279299 0.406998 0.145084
v 0.283897 0.401143 0.137336
v 0.278666 0.408146 0.136779
v 0.289031 0.417252 0.140652
v 0.284662 0.443310 0.103640
v 0.287935 0.443525 0.087885
v 0.306331 0.448095 0.092022
v 0.299751 0.455500 0.090813
v 0.280397 0.433653 0.125760
v 0.300649 0.446147 0.108791
v 0.290090 0.435889 0.104797
v 0.295243 0.453564 0.107663
v 0.276043 0.439727 0.133102
v 0.285642 0.449252 0.130353
v 0.276085 0.440678 0.124216
v 0.290178 0.442312 0.131494
v 0.303359 0.367917 0.073298
v 0.311444 0.376944 0.080557
v 0.309912 0.362328 0.071235
v 0.317864 0.372846 0.078990
v 0.305330 0.389505 0.110765
v 0.300267 0.396563 0.112261
v 0.291501 0.387139 0.107519
v 0.296596 0.380038 0.105980
v 0.294786 0.421298 0.128247
v 0.283823 0.410767 0.125140
v 0.289528 0.403192 0.125602
v 0.300886 0.414043 0.127646
v 0.295648 0.444386 0.120757
v 0.280924 0.442505 0.114118
v 0.290866 0.451899 0.119550
v 0.285660 0.434965 0.115382
v 0.330702 0.395806 0.052527
v 0.309430 0.389597 0.046334
v 0.323031 0.399100 0.057642
v 0.317408 0.384077 0.041827
v 0.314220 0.415620 0.075364
v 0.301971 0.404951 0.063568
v 0.310097 0.398111 0.059843
v 0.322893 0.410117 0.069003
v 0.295371 0.422705 0.073328
v 0.304102 0.414842 0.075166
v 0.316928 0.428427 0.078876
v 0.307216 0.435275 0.080049
v 0.301987 0.456359 0.076998
v 0.309969 0.448744 0.078803
v 0.289758 0.442221 0.073994
v 0.296620 0.435210 0.076958
v 0.286805 0.471358 0.002853
v 0.274415 0.455641 0.002754
v 0.309717 0.473216 0.012577
v 0.301856 0.477449 0.039011
v 0.280942 0.477502 0.068587
v 0.276648 0.466875 0.034161
v 0.293274 0.481768 0.029186
v 0.285082 0.463601 0.046004
v 0.274668 0.489882 0.075471
v 0.289552 0.489146 0.068795
v 0.282687 0.494040 0.065982
v 0.273801 0.481958 0.065022
v 0.276599 0.455262 -0.008461
v 0.273814 0.446595 0.004394
v 0.276428 0.437380 0.002914
v 0.284459 0.433847 -0.012261
v 0.274753 0.458581 0.015174
v 0.282924 0.448652 -0.018047
v 0.274392 0.446053 0.019847
v 0.282986 0.440019 -0.017827
v 0.274072 0.490790 0.062993
v 0.280919 0.493055 0.076071
v 0.298233 0.469078 0.048222
v 0.281393 0.476734 0.026469
v 0.288242 0.481531 0.069370
v 0.276683 0.447704 -0.009025
v 0.299739 0.477273 0.003551
v 0.306930 0.438014 0.079516
v 0.292153 0.452676 0.074743
v 0.296766 0.432436 0.077306
v 0.315064 0.417660 0.077954
v 0.320497 0.400699 0.062641
v 0.303830 0.413080 0.072731
v 0.328039 0.387320 0.044645
v 0.312469 0.396164 0.054280
v 0.293057 0.435917 0.118703
v 0.283538 0.450969 0.116233
v 0.298084 0.404908 0.126759
v 0.286278 0.419738 0.126897
v 0.303480 0.381247 0.107658
v 0.293323 0.395405 0.110692
v 0.317218 0.365158 0.074084
v 0.304244 0.374846 0.077714
v 0.278523 0.448426 0.126660
v 0.282945 0.440501 0.136913
v 0.287303 0.452161 0.105096
v 0.298137 0.437324 0.107381
v 0.287572 0.434482 0.129457
v 0.290729 0.453100 0.088821
v 0.280910 0.416064 0.139031
v 0.292191 0.402499 0.138823
v 0.286524 0.407769 0.147532
v 0.304459 0.408612 0.112407
v 0.311814 0.413497 0.092235
v 0.289838 0.423324 0.111223
v 0.287443 0.391209 0.122818
v 0.290371 0.382730 0.131942
v 0.307012 0.386061 0.094756
v 0.296997 0.378478 0.120799
v 0.301438 0.407020 0.082681
v 0.313611 0.394013 0.076739
v 0.297381 0.399875 0.098778
v 0.299970 0.368128 0.085592
v 0.311723 0.359167 0.083226
v 0.305448 0.360129 0.091746
v 0.321464 0.371445 0.066170
v 0.311868 0.388071 0.061137
v 0.308304 0.379895 0.071185
v 0.279132 0.439745 -0.010112
v 0.282108 0.429255 0.004003
v 0.303245 0.472579 -0.011782
v 0.293577 0.428718 0.090978
v 0.303780 0.438423 0.091257
v 0.309825 0.398245 -0.001256
v 0.326215 0.380004 0.054494
v 0.309591 0.407693 -0.019570
v 0.302307 0.458404 0.063022
v 0.314499 0.389180 0.031178
v 0.327631 0.430689 -0.013544
v 0.327498 0.419580 -0.016770
v 0.321356 0.411398 -0.018923
v 0.319066 0.459641 -0.007402
v 0.281574 0.461013 -0.010052
v 0.300299 0.411928 -0.018372
v 0.311087 0.393449 0.016335
v 0.302077 0.463092 0.046785
v 0.321806 0.440131 0.038006
v 0.327371 0.424340 0.031864
v 0.330719 0.409591 0.024170
v 0.293252 0.414586 0.025965
v 0.285567 0.429379 0.033257
v 0.280107 0.444397 0.038268
v 0.300365 0.400087 0.019183
v 0.286552 0.457170 0.044492
v 0.314274 0.456204 0.042285
v 0.325016 0.398143 0.018459
v 0.294054 0.473711 0.060157
v 0.277510 0.483195 0.045951
v 0.276143 0.473992 0.050099
v 0.288254 0.486921 0.050948
v 0.296087 0.482200 0.057125
v 0.284880 0.469229 0.058157
v 0.306909 0.417734 -0.032365
v 0.315920 0.419902 -0.036142
v 0.322326 0.426138 -0.038042
v 0.325428 0.435799 -0.037806
v 0.324935 0.449678 -0.035364
v 0.319758 0.462586 -0.031471
v 0.312140 0.469340 -0.027773
v 0.303104 0.469721 -0.024157
v 0.294131 0.463387 -0.020891
v 0.289680 0.449101 -0.020653
v 0.292864 0.431880 -0.023950
v 0.299225 0.421068 -0.028295
v 0.219949 0.397713 0.126063
v 0.224267 0.432691 0.137792
v 0.219549 0.410599 0.124230
v 0.228756 0.434847 0.150434
v 0.221013 0.423609 0.128343
v 0.222257 0.387631 0.133425
v 0.232897 0.429253 0.162235
v 0.225953 0.382741 0.144518
v 0.229777 0.384427 0.155708
v 0.235071 0.418058 0.169145
v 0.234941 0.404344 0.169761
v 0.232943 0.391976 0.164651
v -0.032579 0.411092 0.241260
v -0.027257 0.428431 0.244746
v -0.016240 0.444366 0.242140
v -0.032681 0.395702 0.230488
v -0.026225 0.385421 0.215746
v -0.004143 0.453132 0.232992
v -0.015595 0.386170 0.201702
v 0.001967 0.431988 0.195794
v 0.004088 0.451526 0.219868
v -0.003073 0.415488 0.189643
v 0.005136 0.444212 0.206783
v -0.008134 0.398473 0.191718
v 0.048068 0.393715 0.235970
v 0.052900 0.409744 0.241433
v 0.056490 0.427870 0.239249
v 0.043331 0.383050 0.223631
v 0.040320 0.379796 0.206108
v 0.056889 0.441676 0.227933
v 0.038680 0.385619 0.187936
v 0.042723 0.433166 0.183677
v 0.053636 0.446437 0.211051
v 0.039022 0.417900 0.176348
v 0.048255 0.443173 0.195516
v 0.037841 0.400175 0.176754
v 0.090925 0.393419 0.217682
v 0.139985 0.392472 0.200080
v 0.187470 0.392242 0.182096
v 0.095406 0.408914 0.223471
v 0.143505 0.406683 0.205999
v 0.190209 0.405091 0.187800
v 0.097639 0.426318 0.221483
v 0.144977 0.422293 0.204279
v 0.191029 0.419349 0.186797
v 0.085844 0.383703 0.205257
v 0.135318 0.383456 0.187790
v 0.183564 0.384182 0.171079
v 0.081597 0.381867 0.188961
v 0.130826 0.382407 0.172535
v 0.179490 0.383069 0.157430
v 0.096647 0.440283 0.211213
v 0.143954 0.435548 0.195412
v 0.189559 0.431805 0.178748
v 0.078342 0.388294 0.173312
v 0.127606 0.389490 0.158722
v 0.176249 0.389471 0.144691
v 0.081575 0.433590 0.169696
v 0.130706 0.431864 0.154580
v 0.177708 0.428172 0.140059
v 0.092660 0.446248 0.196075
v 0.140485 0.442616 0.181518
v 0.185971 0.438642 0.165207
v 0.078164 0.418760 0.163068
v 0.127502 0.417790 0.148743
v 0.175316 0.415238 0.135096
v 0.086955 0.443614 0.181311
v 0.135520 0.441198 0.166486
v 0.181523 0.437042 0.150808
v 0.076962 0.402124 0.163734
v 0.126425 0.402513 0.150158
v 0.174752 0.401353 0.136631
v 0.281862 0.381455 0.061954
v 0.284786 0.448039 0.058455
v 0.263184 0.454790 0.057837
v 0.262039 0.390200 0.057131
v 0.275096 0.411428 0.122792
v 0.275362 0.376598 0.037289
v 0.247198 0.385893 0.090738
v 0.237102 0.443763 0.111277
v 0.276958 0.436594 0.102763
v 0.271062 0.378344 0.095073
v 0.279626 0.388296 0.097685
v 0.280664 0.403439 0.098955
v 0.279854 0.419841 0.100389
v 0.236413 0.422745 0.086122
v 0.234182 0.430607 0.123934
v 0.242609 0.401360 0.091874
v 0.272609 0.449492 0.026000
v 0.281584 0.444297 0.021547
v 0.286270 0.411020 0.022020
v 0.240066 0.398378 0.112504
v 0.246261 0.438609 0.128372
v 0.267123 0.436488 0.130792
v 0.257907 0.444328 0.054122
v 0.260451 0.427996 0.050833
v 0.262072 0.408928 0.052694
v 0.289758 0.392633 0.060433
v 0.290743 0.411169 0.055445
v 0.288775 0.430566 0.054214
v 0.280706 0.390238 0.019714
v 0.283923 0.392915 0.032880
v 0.269934 0.383947 0.034817
v 0.289063 0.386924 0.035447
v 0.279008 0.382251 0.000254
v 0.269186 0.381703 0.020992
v 0.285648 0.384598 0.021316
v 0.274087 0.374595 0.022604
v 0.265831 0.379065 -0.007071
v 0.268358 0.372986 0.000801
v 0.274370 0.387514 -0.000245
v 0.264017 0.379575 0.000889
v 0.280591 0.420222 0.002836
v 0.272045 0.402057 0.021325
v 0.267907 0.410433 0.020431
v 0.282429 0.419543 0.021075
v 0.268750 0.409843 -0.026633
v 0.283513 0.412097 0.002453
v 0.271114 0.403970 0.000871
v 0.268049 0.412076 0.001176
v 0.266882 0.419622 -0.035498
v 0.265559 0.417062 -0.025407
v 0.275571 0.424346 -0.024707
v 0.278841 0.417090 -0.025454
v 0.281590 0.448003 0.000432
v 0.289153 0.435472 0.019533
v 0.276115 0.425627 0.015681
v 0.268258 0.434394 0.017959
v 0.283510 0.446384 -0.029647
v 0.287556 0.439844 -0.001806
v 0.275570 0.431299 -0.005303
v 0.269487 0.439401 -0.002844
v 0.269673 0.449094 -0.038872
v 0.271008 0.439737 -0.033759
v 0.266914 0.447045 -0.031198
v 0.279166 0.454015 -0.028617
v 0.268468 0.463841 0.014476
v 0.267190 0.457089 0.029029
v 0.286472 0.458121 0.030925
v 0.280975 0.465871 0.033977
v 0.269204 0.464943 -0.009998
v 0.285493 0.464336 0.014261
v 0.272855 0.456346 0.011243
v 0.281135 0.471832 0.017471
v 0.268020 0.474274 -0.014611
v 0.277751 0.479236 -0.006179
v 0.265709 0.471656 -0.006385
v 0.281358 0.472386 -0.009358
v 0.266666 0.380518 0.011604
v 0.277692 0.389306 0.010741
v 0.271487 0.373113 0.012216
v 0.282743 0.383449 0.011548
v 0.282194 0.413711 -0.011436
v 0.278843 0.421822 -0.010621
v 0.267818 0.413830 -0.012273
v 0.271181 0.405656 -0.013063
v 0.281743 0.451337 -0.014848
v 0.268930 0.443551 -0.018842
v 0.273363 0.435580 -0.021481
v 0.286300 0.443138 -0.016337
v 0.283844 0.468679 0.002026
v 0.267739 0.468136 0.004208
v 0.280069 0.476074 0.005467
v 0.271482 0.460752 0.000697
v 0.290871 0.390298 0.047315
v 0.268046 0.387739 0.045952
v 0.285509 0.397134 0.042801
v 0.273544 0.379087 0.049015
v 0.284534 0.420877 0.032806
v 0.268046 0.409919 0.036134
v 0.273710 0.400365 0.037958
v 0.290174 0.411347 0.037637
v 0.267118 0.431109 0.034094
v 0.274766 0.422655 0.030701
v 0.289963 0.432914 0.035863
v 0.282080 0.441883 0.035979
v 0.279351 0.460705 0.046910
v 0.286315 0.452647 0.043511
v 0.264837 0.450080 0.041000
v 0.271151 0.443290 0.036635
v 0.246471 0.449035 0.115885
v 0.232424 0.438191 0.106610
v 0.271095 0.448674 0.112512
v 0.271686 0.464678 0.089609
v 0.260441 0.481494 0.060395
v 0.244879 0.459767 0.084332
v 0.261431 0.466852 0.098476
v 0.255747 0.459344 0.074199
v 0.258280 0.496722 0.058725
v 0.270243 0.489708 0.066926
v 0.263676 0.494687 0.070173
v 0.253310 0.485859 0.063990
v 0.231484 0.432985 0.116771
v 0.230945 0.430953 0.101038
v 0.231635 0.421548 0.098768
v 0.234726 0.410548 0.112139
v 0.236540 0.445517 0.096970
v 0.233996 0.421848 0.123430
v 0.235652 0.436314 0.087275
v 0.232830 0.414262 0.119426
v 0.254242 0.492826 0.069663
v 0.264774 0.498182 0.060791
v 0.269626 0.461748 0.077205
v 0.248670 0.464326 0.096338
v 0.268106 0.483518 0.062894
v 0.230282 0.426043 0.113925
v 0.259718 0.451277 0.120370
v 0.282061 0.444176 0.037594
v 0.268850 0.459038 0.045390
v 0.270981 0.440929 0.035140
v 0.286359 0.423480 0.031590
v 0.284740 0.401130 0.038629
v 0.273567 0.420216 0.032013
v 0.284894 0.380384 0.049999
v 0.274117 0.395882 0.042441
v 0.279569 0.461025 -0.000385
v 0.272052 0.475804 0.006568
v 0.282055 0.435399 -0.020104
v 0.273065 0.451569 -0.015977
v 0.278359 0.405648 -0.012688
v 0.271645 0.421933 -0.011082
v 0.279630 0.374891 0.012357
v 0.269757 0.388153 0.010937
v 0.269842 0.478860 -0.004663
v 0.275749 0.474704 -0.016295
v 0.272678 0.471589 0.017589
v 0.281423 0.456598 0.011145
v 0.277168 0.465309 -0.011506
v 0.271506 0.465239 0.032944
v 0.270834 0.454374 -0.029270
v 0.279492 0.439431 -0.032881
v 0.277327 0.448910 -0.039298
v 0.284625 0.431505 -0.004658
v 0.286667 0.426152 0.016603
v 0.272576 0.447766 0.000039
v 0.268850 0.424400 -0.024695
v 0.272942 0.419691 -0.035865
v 0.278799 0.404017 0.001429
v 0.275485 0.409928 -0.026680
v 0.273198 0.419309 0.020161
v 0.281177 0.402410 0.021999
v 0.272812 0.420247 0.002116
v 0.266926 0.386331 0.000254
v 0.276101 0.374512 0.000649
v 0.272675 0.380252 -0.007610
v 0.282362 0.376323 0.022876
v 0.274283 0.391522 0.032754
v 0.272519 0.389071 0.019663
v 0.231108 0.417945 0.111824
v 0.236112 0.413335 0.095316
v 0.258013 0.440256 0.132678
v 0.271242 0.443745 0.020895
v 0.282421 0.449891 0.026864
v 0.256432 0.376836 0.091665
v 0.284852 0.378182 0.037793
v 0.252660 0.378199 0.111838
v 0.276040 0.457010 0.060139
v 0.268548 0.380207 0.060046
v 0.274472 0.396307 0.120251
v 0.271856 0.385248 0.118155
v 0.264355 0.378733 0.115215
v 0.272275 0.426500 0.126038
v 0.236634 0.436216 0.121722
v 0.244891 0.384775 0.110861
v 0.261777 0.379086 0.074297
v 0.271959 0.454918 0.076406
v 0.284854 0.426191 0.077814
v 0.286101 0.408407 0.077340
v 0.284962 0.391501 0.078263
v 0.250651 0.406050 0.071705
v 0.247569 0.423930 0.070324
v 0.245991 0.440563 0.071471
v 0.253375 0.388773 0.072656
v 0.255721 0.452682 0.072847
v 0.281261 0.443996 0.079669
v 0.276275 0.380569 0.077160
v 0.269787 0.471541 0.068344
v 0.251466 0.478601 0.081533
v 0.250018 0.472402 0.073626
v 0.263583 0.481134 0.080922
v 0.272052 0.477372 0.075019
v 0.259911 0.469110 0.066318
v 0.248607 0.382978 0.126082
v 0.255548 0.380974 0.132356
v 0.261264 0.383982 0.138338
v 0.265162 0.391731 0.143343
v 0.267091 0.405019 0.147606
v 0.265227 0.419276 0.149123
v 0.260442 0.428700 0.147388
v 0.253693 0.432882 0.142418
v 0.246170 0.431020 0.134636
v 0.240737 0.419762 0.126787
v 0.240555 0.402486 0.122327
v 0.243544 0.389573 0.122429
v -0.109581 0.566261 -0.053726
v -0.123050 0.583477 -0.096710
v -0.232020 0.574942 -0.102179
v -0.238584 0.568114 -0.083235
v -0.211300 0.600134 -0.115702
v -0.191378 0.613571 -0.115455
v -0.211038 0.608214 -0.098555
v -0.220886 0.604803 -0.085572
v -0.182323 0.622190 -0.105125
v -0.197927 0.616004 -0.105105
v -0.152026 0.618323 -0.093580
v -0.167010 0.622312 -0.101658
v -0.131866 0.605961 -0.045533
v -0.152410 0.609951 -0.103389
v -0.171025 0.615752 -0.111189
v -0.227066 0.580103 -0.114387
v -0.132279 0.610443 -0.063291
v -0.123804 0.594381 -0.069842
v -0.139816 0.613485 -0.080206
v -0.147705 0.067817 -0.128544
v -0.141403 0.071892 -0.158347
v -0.129637 0.171224 -0.193181
v -0.175702 0.143830 -0.148065
v -0.112224 0.127507 -0.206444
v -0.100911 0.154828 -0.196804
v -0.037704 0.196756 -0.139931
v -0.104036 0.186365 -0.186550
v -0.051503 0.177632 -0.108019
v -0.049225 0.182048 -0.071462
v -0.164223 0.147531 -0.170385
v -0.035961 0.194142 -0.070680
v -0.132045 0.082740 -0.183710
v -0.121951 0.101830 -0.200549
v -0.148999 0.156847 -0.186440
v -0.087972 0.177688 -0.173690
v -0.070621 0.196512 -0.167864
v -0.147947 0.066270 -0.098480
v -0.187661 0.146640 -0.094978
v -0.233499 0.463383 -0.099723
v -0.245595 0.498879 -0.099913
v -0.247236 0.493561 -0.076902
v -0.237998 0.458599 -0.077800
v -0.110079 0.484862 -0.181717
v -0.135586 0.469740 -0.182897
v -0.228959 0.584044 -0.162691
v -0.211181 0.602494 -0.162171
v -0.212853 0.475581 -0.142595
v -0.233118 0.503876 -0.142102
v -0.239973 0.501950 -0.122274
v -0.224402 0.469032 -0.121512
v -0.043749 0.307242 -0.128532
v -0.066837 0.225794 -0.162181
v -0.038136 0.226976 -0.136686
v -0.168971 0.195043 -0.163208
v -0.126566 0.210588 -0.183141
v -0.022201 0.345956 -0.067588
v -0.033849 0.353059 -0.128837
v -0.184757 0.309270 -0.113955
v -0.150281 0.201706 -0.177463
v -0.190668 0.194844 -0.118661
v -0.197345 0.200152 -0.066802
v -0.174713 0.308419 -0.134762
v -0.098780 0.219284 -0.177942
v -0.175358 0.352294 -0.136030
v -0.188512 0.350358 -0.116649
v -0.182160 0.192931 -0.142738
v -0.184559 0.392807 -0.140240
v -0.195853 0.437232 -0.142939
v -0.211355 0.430443 -0.122332
v -0.200012 0.388978 -0.121169
v -0.195791 0.198629 -0.093280
v -0.069310 0.263387 -0.153357
v -0.053903 0.355262 -0.152984
v -0.160041 0.307350 -0.153134
v -0.044568 0.264761 -0.131526
v -0.140561 0.306270 -0.165560
v -0.188944 0.255280 -0.115137
v -0.135301 0.354370 -0.165876
v -0.157353 0.353686 -0.153207
v -0.025619 0.301923 -0.069050
v -0.138695 0.395522 -0.168070
v -0.149073 0.434422 -0.173257
v -0.174457 0.438141 -0.160843
v -0.163362 0.395072 -0.156097
v -0.117275 0.305809 -0.169441
v -0.098012 0.259352 -0.166682
v -0.180124 0.252862 -0.137491
v -0.166368 0.251885 -0.156579
v -0.081073 0.355885 -0.167118
v -0.109539 0.355103 -0.170903
v -0.065075 0.307687 -0.150030
v -0.079056 0.400502 -0.172836
v -0.087666 0.447357 -0.180069
v -0.120741 0.436922 -0.181075
v -0.111086 0.397077 -0.174543
v -0.194755 0.309080 -0.069774
v -0.124055 0.255449 -0.172333
v -0.191030 0.309603 -0.092577
v -0.194247 0.258186 -0.091937
v -0.147199 0.252861 -0.168848
v -0.197285 0.260120 -0.067730
v -0.197065 0.348529 -0.096085
v -0.202383 0.347090 -0.073903
v -0.091502 0.306602 -0.163719
v -0.209998 0.385967 -0.100142
v -0.222083 0.425037 -0.101021
v -0.228538 0.421135 -0.079670
v -0.216420 0.383670 -0.078233
v -0.114158 0.569732 -0.118999
v -0.133305 0.589207 -0.118018
v -0.139266 0.587994 -0.138761
v -0.120342 0.568560 -0.137890
v -0.104850 0.563256 -0.098473
v -0.242310 0.532580 -0.143283
v -0.237925 0.561257 -0.143691
v -0.234441 0.567919 -0.125868
v -0.244055 0.536592 -0.123996
v -0.247305 0.536853 -0.102136
v -0.249811 0.530288 -0.079776
v -0.187239 0.608159 -0.160689
v -0.164636 0.599774 -0.158782
v -0.160075 0.468057 -0.177488
v -0.182914 0.474605 -0.168580
v -0.226051 0.587134 -0.144531
v -0.206612 0.605145 -0.144227
v -0.182240 0.609459 -0.143022
v -0.159960 0.602285 -0.141025
v -0.154376 0.605808 -0.121328
v -0.175738 0.612182 -0.125876
v -0.206851 0.488866 -0.161160
v -0.228496 0.508747 -0.159995
v -0.115481 0.540868 -0.161029
v -0.103290 0.513272 -0.171537
v -0.239915 0.532249 -0.161213
v -0.239028 0.558739 -0.162056
v -0.129864 0.564040 -0.157520
v -0.183571 0.144547 -0.122163
v -0.219801 0.591935 -0.128483
v -0.199447 0.608493 -0.128566
v -0.097982 0.544936 -0.053834
v -0.098184 0.554858 -0.076348
v -0.121061 0.586441 -0.050624
v -0.146367 0.584080 -0.157743
v -0.135349 0.600876 -0.088913
v -0.111812 0.575700 -0.075254
v -0.030283 0.220162 -0.070114
v -0.026886 0.259172 -0.069424
v -0.030822 0.262423 -0.101964
v -0.023797 0.349855 -0.099788
v -0.028475 0.223861 -0.104360
v -0.030355 0.305010 -0.100594
v -0.053022 0.170027 -0.143098
v -0.031719 0.194545 -0.105975
v -0.143444 0.066768 -0.068078
v -0.101931 0.553335 -0.126676
v -0.086969 0.544079 -0.103276
v -0.081223 0.533251 -0.078562
v -0.081791 0.523628 -0.053801
v -0.089012 0.531734 -0.139494
v -0.068083 0.520021 -0.110969
v -0.061244 0.508539 -0.082077
v -0.062699 0.499198 -0.053952
v -0.070264 0.498741 -0.152705
v -0.046702 0.488234 -0.119506
v -0.040163 0.478203 -0.086247
v -0.043281 0.469307 -0.054745
v -0.053577 0.452574 -0.160545
v -0.030133 0.447479 -0.126815
v -0.023329 0.440883 -0.091438
v -0.027586 0.434031 -0.057334
v -0.048091 0.402093 -0.157529
v -0.026607 0.400047 -0.129135
v -0.017976 0.396450 -0.096469
v -0.019610 0.392265 -0.062593
v -0.166782 0.101800 -0.067391
v -0.060951 0.004410 -0.070134
v -0.062683 0.013947 -0.177882
v -0.042650 0.112402 -0.223547
v -0.055858 0.038742 -0.206215
v -0.037964 0.150501 -0.210267
v -0.066864 0.001043 -0.105278
v -0.025017 0.203733 -0.110075
v -0.033277 0.180316 -0.182084
v -0.048454 0.073561 -0.221287
v -0.028993 0.199236 -0.147005
v -0.066890 0.003011 -0.141389
v -0.023714 0.208185 -0.072181
v 0.021801 0.198527 -0.151735
v 0.021863 0.211709 -0.114934
v 0.010639 0.069466 -0.230329
v -0.000984 -0.002567 -0.145900
v 0.000880 0.000078 -0.072242
v 0.016673 0.221881 -0.075030
v -0.001005 -0.004720 -0.109576
v 0.001797 0.009081 -0.181326
v 0.013609 0.108821 -0.233651
v 0.018963 0.179233 -0.187351
v 0.006674 0.034251 -0.210494
v 0.016416 0.148023 -0.217104
v 0.049609 0.010095 -0.183568
v 0.057992 0.105851 -0.238936
v 0.061938 0.176162 -0.191015
v 0.052421 0.033664 -0.213146
v 0.060444 0.144771 -0.221133
v 0.062608 0.195696 -0.155337
v 0.059306 0.210072 -0.118781
v 0.055228 0.067260 -0.235197
v 0.047254 -0.000975 -0.149012
v 0.046105 0.004511 -0.074573
v 0.047936 0.223647 -0.077176
v 0.045432 -0.002739 -0.113707
v -0.112944 0.565012 -0.032671
v -0.139661 0.577439 0.005851
v -0.252377 0.571595 -0.046007
v -0.245173 0.566936 -0.065022
v -0.244155 0.597249 -0.023885
v -0.224682 0.610132 -0.007751
v -0.233746 0.608378 -0.054106
v -0.228839 0.604914 -0.070241
v -0.216048 0.620669 -0.016406
v -0.230310 0.615725 -0.035201
v -0.180302 0.615681 -0.003378
v -0.198440 0.619780 -0.005871
v -0.138212 0.605651 -0.028418
v -0.178040 0.605095 0.005576
v -0.201766 0.611450 0.002789
v -0.256483 0.575466 -0.031388
v -0.149380 0.609461 -0.015550
v -0.135956 0.591712 -0.014132
v -0.163842 0.611589 -0.007425
v -0.107080 0.062292 0.024797
v -0.086921 0.062641 0.055214
v -0.112387 0.137247 0.087328
v -0.146191 0.124284 0.042957
v -0.080915 0.097801 0.101399
v -0.090507 0.119328 0.090465
v -0.043457 0.189050 0.033906
v -0.101071 0.153936 0.080324
v -0.046305 0.169000 0.002168
v -0.047218 0.178916 -0.034288
v -0.133760 0.122051 0.065162
v -0.034928 0.193845 -0.035033
v -0.075628 0.068810 0.080527
v -0.074374 0.081087 0.096669
v -0.122239 0.126873 0.080979
v -0.096428 0.147765 0.066609
v -0.078349 0.174570 0.061543
v -0.124977 0.063487 -0.005918
v -0.171508 0.141260 -0.010080
v -0.247920 0.453513 -0.030041
v -0.263007 0.487124 -0.029393
v -0.252903 0.489377 -0.055544
v -0.242851 0.455066 -0.055864
v -0.151655 0.469426 0.078572
v -0.176278 0.453909 0.070138
v -0.272225 0.572054 0.035744
v -0.249299 0.592757 0.039308
v -0.241357 0.459855 0.021526
v -0.261952 0.485766 0.026856
v -0.265426 0.485336 0.000994
v -0.246702 0.455312 -0.003288
v -0.047949 0.305693 0.024832
v -0.067093 0.211033 0.056114
v -0.038659 0.221385 0.030899
v -0.151357 0.173818 0.056134
v -0.118518 0.184027 0.076432
v -0.023553 0.345455 -0.032891
v -0.045668 0.348670 0.030855
v -0.187974 0.306118 -0.001102
v -0.136115 0.176173 0.070524
v -0.175384 0.185407 0.011783
v -0.192985 0.198004 -0.039554
v -0.178351 0.302977 0.019945
v -0.096789 0.196537 0.071521
v -0.188603 0.347324 0.013891
v -0.197996 0.346835 -0.006698
v -0.164343 0.177697 0.035711
v -0.204633 0.385363 0.010892
v -0.222399 0.425048 0.014313
v -0.230264 0.421384 -0.010029
v -0.214295 0.383675 -0.010999
v -0.184739 0.192812 -0.013359
v -0.068805 0.257030 0.047684
v -0.071036 0.348882 0.052241
v -0.164233 0.299777 0.038891
v -0.045677 0.262431 0.026274
v -0.145516 0.297575 0.053031
v -0.183515 0.248981 0.004934
v -0.154117 0.347035 0.049005
v -0.173977 0.347325 0.032939
v -0.025952 0.301800 -0.035697
v -0.167993 0.384666 0.048803
v -0.184725 0.420601 0.053388
v -0.206641 0.424336 0.036012
v -0.188668 0.385696 0.031088
v -0.123210 0.297443 0.059500
v -0.096188 0.248440 0.059982
v -0.173055 0.243521 0.027347
v -0.158913 0.239227 0.046699
v -0.100711 0.348392 0.061099
v -0.129283 0.347378 0.058944
v -0.071284 0.304151 0.045337
v -0.112138 0.388209 0.070233
v -0.128309 0.432290 0.079621
v -0.159722 0.422499 0.069284
v -0.143026 0.385219 0.062587
v -0.195770 0.308704 -0.046062
v -0.120843 0.240886 0.064398
v -0.193583 0.308179 -0.022925
v -0.190917 0.254568 -0.018326
v -0.141517 0.237705 0.059753
v -0.196184 0.258952 -0.042655
v -0.202831 0.346388 -0.028182
v -0.204326 0.346368 -0.050784
v -0.098139 0.300179 0.056698
v -0.218487 0.382815 -0.033584
v -0.233208 0.419524 -0.034536
v -0.232071 0.419390 -0.058378
v -0.219198 0.382638 -0.056252
v -0.137624 0.561020 0.027900
v -0.156161 0.580876 0.023349
v -0.167959 0.577342 0.040863
v -0.149346 0.557793 0.043677
v -0.122285 0.556783 0.010674
v -0.276391 0.515233 0.021451
v -0.276661 0.546867 0.015497
v -0.267833 0.558832 -0.011848
v -0.273887 0.523005 -0.007557
v -0.265980 0.528723 -0.037456
v -0.255537 0.527505 -0.060328
v -0.221175 0.596319 0.048284
v -0.198406 0.587178 0.053238
v -0.199266 0.451335 0.058630
v -0.220901 0.457297 0.047549
v -0.265551 0.577268 0.014427
v -0.241586 0.597442 0.021137
v -0.213265 0.599908 0.032317
v -0.188945 0.591723 0.038151
v -0.180039 0.597888 0.021545
v -0.206357 0.605343 0.016711
v -0.241131 0.472188 0.043425
v -0.260824 0.491660 0.046152
v -0.151401 0.527532 0.063832
v -0.142568 0.498688 0.074351
v -0.276027 0.514890 0.043388
v -0.280296 0.542380 0.039568
v -0.164408 0.551215 0.058727
v -0.159460 0.133231 0.017105
v -0.255244 0.585865 -0.006530
v -0.233083 0.602934 0.005166
v -0.101561 0.543607 -0.031426
v -0.108926 0.550869 -0.009102
v -0.125135 0.585509 -0.031546
v -0.180530 0.571395 0.056124
v -0.154616 0.596686 -0.001038
v -0.121943 0.571948 -0.011935
v -0.030536 0.220164 -0.035600
v -0.027226 0.259092 -0.036224
v -0.032076 0.262054 -0.003448
v -0.029399 0.347775 0.001242
v -0.029698 0.223319 -0.001348
v -0.032107 0.304360 -0.003408
v -0.066086 0.172652 0.037029
v -0.031177 0.193394 0.000219
v -0.136108 0.065828 -0.036572
v -0.128085 0.543625 0.037052
v -0.106429 0.536854 0.018546
v -0.093095 0.528843 -0.004237
v -0.085771 0.522151 -0.028886
v -0.119390 0.520455 0.050671
v -0.090425 0.511726 0.028895
v -0.074744 0.503527 0.002434
v -0.067214 0.497521 -0.025657
v -0.105065 0.485820 0.065153
v -0.072169 0.478778 0.039925
v -0.055179 0.472627 0.009068
v -0.048151 0.467499 -0.023203
v -0.090102 0.439014 0.072217
v -0.057020 0.437495 0.046654
v -0.038742 0.435161 0.013213
v -0.032395 0.432245 -0.022685
v -0.078135 0.390936 0.064219
v -0.048548 0.391901 0.041698
v -0.029704 0.392095 0.009421
v -0.022961 0.391020 -0.026969
v -0.160419 0.100693 -0.037440
v -0.052731 0.008083 -0.034395
v 0.011099 0.050364 0.077339
v -0.021791 0.129880 0.119546
v 0.016609 0.077289 0.105683
v -0.047915 0.154182 0.104153
v -0.039073 0.013786 0.001560
v -0.053742 0.197087 0.002465
v -0.065922 0.174292 0.074428
v 0.003677 0.104661 0.119418
v -0.075893 0.187645 0.038400
v -0.012466 0.028565 0.039445
v -0.029987 0.207217 -0.034403
v -0.051726 0.227719 0.043127
v -0.033221 0.228611 0.006594
v 0.042934 0.150374 0.129132
v 0.045832 0.045766 0.044347
v 0.007689 0.006654 -0.032557
v -0.000156 0.226290 -0.032438
v 0.022203 0.018133 0.005887
v 0.064462 0.081433 0.081446
v 0.012292 0.176974 0.130228
v -0.041712 0.217230 0.079732
v 0.062905 0.116884 0.110628
v -0.018493 0.199573 0.111322
v 0.098045 0.112525 0.083974
v 0.037981 0.213294 0.135881
v -0.015806 0.251332 0.083777
v 0.091001 0.149874 0.113506
v 0.007275 0.235408 0.115735
v -0.023988 0.257156 0.047154
v -0.010540 0.251101 0.010536
v 0.068864 0.185689 0.134309
v 0.089317 0.075471 0.048180
v 0.053174 0.016388 -0.029867
v 0.021489 0.237317 -0.030534
v 0.070072 0.039281 0.010757
v 0.058658 0.494568 -0.156776
v 0.078698 0.483537 -0.162298
v 0.062170 0.522731 -0.199051
v 0.081537 0.513941 -0.201153
v 0.063218 0.510942 -0.165440
v 0.081740 0.499953 -0.169767
v 0.054979 0.514466 -0.216324
v 0.075617 0.507875 -0.218197
v 0.064838 0.520978 -0.180787
v 0.083152 0.510729 -0.184048
v 0.050401 0.475299 -0.155869
v 0.072081 0.465863 -0.161947
v 0.045982 0.497749 -0.227016
v 0.067338 0.492871 -0.229839
v 0.040229 0.459209 -0.164110
v 0.062357 0.451856 -0.169459
v 0.033013 0.450475 -0.180214
v 0.055524 0.444599 -0.185256
v 0.037359 0.478088 -0.225508
v 0.059266 0.473987 -0.229299
v 0.030951 0.461093 -0.214568
v 0.053439 0.456873 -0.218856
v 0.029709 0.451024 -0.198638
v 0.052626 0.446196 -0.203464
v 0.109161 0.445204 -0.171666
v 0.113062 0.493198 -0.171665
v 0.104794 0.460667 -0.165347
v 0.120765 0.500753 -0.190056
v 0.106715 0.478333 -0.164970
v 0.116223 0.437300 -0.182905
v 0.124302 0.495892 -0.210705
v 0.119633 0.436832 -0.194413
v 0.121099 0.440995 -0.205910
v 0.124455 0.482164 -0.220787
v 0.123343 0.465050 -0.221712
v 0.122709 0.450553 -0.216106
v -0.033565 0.175489 0.108020
v 0.042024 0.094938 0.109297
v -0.054845 0.194557 0.077298
v -0.004342 0.152420 0.124777
v 0.039940 0.063055 0.080588
v -0.007439 0.011542 0.003588
v -0.014758 0.217564 -0.033787
v -0.021279 0.002921 -0.033688
v 0.018110 0.033605 0.042401
v 0.025035 0.126333 0.124491
v -0.044341 0.212765 0.003943
v -0.065918 0.207063 0.040559
v -0.011658 0.149383 -0.213993
v -0.024544 0.034190 -0.209371
v -0.007744 0.180102 -0.185013
v -0.015342 0.110485 -0.228454
v -0.030463 0.008211 -0.180664
v -0.032865 -0.006216 -0.107330
v -0.004747 0.216850 -0.073266
v -0.028778 -0.002259 -0.071030
v -0.033501 -0.003614 -0.144082
v -0.019084 0.070561 -0.225930
v -0.002782 0.209984 -0.112043
v -0.004000 0.199376 -0.149294
v 0.047645 0.028759 0.008358
v 0.011110 0.232682 -0.031353
v 0.031201 0.011790 -0.031260
v 0.069700 0.061244 0.046339
v 0.057145 0.170089 0.132389
v -0.022021 0.241605 0.008831
v -0.037037 0.244239 0.045360
v -0.004639 0.219315 0.113889
v 0.078323 0.135327 0.111981
v -0.028035 0.235951 0.081910
v 0.026343 0.197102 0.133924
v 0.083093 0.098576 0.082539
v 0.023733 -0.002908 -0.111705
v 0.034349 0.223054 -0.076331
v 0.024441 0.002998 -0.073417
v 0.025198 -0.001089 -0.147531
v 0.035212 0.068369 -0.233415
v 0.042664 0.211071 -0.117188
v 0.044018 0.197286 -0.153751
v 0.040478 0.146482 -0.219476
v 0.031772 0.034284 -0.211723
v 0.042209 0.177910 -0.189344
v 0.038087 0.107282 -0.237151
v 0.027950 0.010178 -0.182263
v -0.043398 0.196002 -0.034299
v -0.046152 0.030412 0.035322
v -0.080190 0.174004 0.036956
v -0.020972 0.088207 0.113868
v -0.076791 0.158956 0.071138
v -0.058705 0.182527 0.002244
v -0.071521 0.022958 -0.000422
v -0.062462 0.136829 0.099739
v -0.011713 0.065241 0.099664
v -0.040980 0.112087 0.114583
v -0.020943 0.044418 0.071618
v -0.083597 0.020946 -0.034808
v -0.040105 0.198782 -0.071888
v -0.099432 0.017929 -0.137800
v -0.052235 0.195758 -0.144921
v -0.075810 0.079389 -0.216371
v -0.057388 0.179976 -0.178610
v -0.043533 0.193798 -0.109145
v -0.099590 0.016962 -0.103432
v -0.062368 0.151053 -0.205952
v -0.084666 0.048142 -0.200921
v -0.068199 0.114946 -0.218956
v -0.093281 0.026631 -0.172897
v -0.092178 0.019346 -0.069624
v -0.111705 0.039734 -0.035546
v -0.077834 0.174253 0.036844
v -0.100729 0.039155 -0.002954
v -0.088742 0.150459 0.068520
v -0.047542 0.079350 0.106224
v -0.043208 0.061313 0.091163
v -0.049804 0.186100 -0.034237
v -0.056389 0.173689 0.002266
v -0.077270 0.124098 0.095159
v -0.061032 0.100592 0.108534
v -0.053793 0.048303 0.064196
v -0.078276 0.041646 0.030399
v -0.120084 0.039989 -0.068950
v -0.062687 0.181780 -0.143632
v -0.127110 0.039021 -0.101165
v -0.078162 0.179774 -0.175811
v -0.100452 0.088020 -0.209437
v -0.110278 0.062160 -0.193361
v -0.049623 0.189883 -0.071665
v -0.053539 0.184654 -0.108499
v -0.084362 0.151874 -0.201460
v -0.091923 0.119246 -0.213258
v -0.120078 0.045843 -0.166327
v -0.126981 0.039832 -0.133488
v -0.180415 0.144208 -0.038157
v -0.037260 0.174887 0.001430
v -0.135720 0.092445 0.020418
v -0.150338 0.098018 -0.008265
v -0.092385 0.154020 0.064419
v -0.100310 0.095695 0.088356
v -0.041205 0.180128 -0.034569
v -0.107171 0.088182 0.071943
v -0.099835 0.127447 0.085607
v -0.056913 0.172924 0.035779
v -0.119473 0.086849 0.048183
v -0.099206 0.108281 0.094424
v -0.186354 0.146066 -0.066907
v -0.041998 0.178473 -0.107186
v -0.167926 0.102779 -0.124731
v -0.169739 0.102042 -0.096411
v -0.081580 0.179591 -0.171085
v -0.139504 0.123566 -0.192820
v -0.043529 0.181597 -0.071145
v -0.151273 0.110735 -0.175959
v -0.108574 0.164377 -0.191863
v -0.045751 0.177796 -0.141893
v -0.161146 0.104433 -0.152181
v -0.126392 0.143226 -0.199740
v 0.507706 -0.012959 -0.143217
v 0.463460 -0.010727 -0.107638
v 0.422222 -0.039629 -0.113624
v 0.444430 -0.000017 -0.219095
v 0.400836 -0.047517 -0.154606
v 0.421018 -0.016188 -0.217511
v 0.484420 0.023669 -0.202798
v 0.467573 0.014608 -0.214133
v 0.500261 0.021993 -0.155045
v 0.405880 -0.030818 -0.203515
v 0.399645 -0.041606 -0.180772
v 0.481771 0.001572 -0.115313
v 0.441541 -0.025796 -0.106630
v 0.408311 -0.047167 -0.130472
v 0.496022 0.025204 -0.178847
v 0.496012 -0.058899 -0.131122
v 0.461499 -0.081863 -0.134509
v 0.476550 -0.045763 -0.224535
v 0.434807 -0.091407 -0.168591
v 0.456287 -0.059484 -0.223965
v 0.508926 -0.027797 -0.209285
v 0.495082 -0.034534 -0.219597
v 0.523679 -0.030007 -0.170095
v 0.440639 -0.073641 -0.213354
v 0.432733 -0.085532 -0.192994
v 0.509719 -0.048530 -0.137484
v 0.479169 -0.070564 -0.129773
v 0.445473 -0.089714 -0.147601
v 0.519389 -0.026780 -0.189714
v 0.530429 -0.062222 -0.161428
v 0.297816 0.366553 0.009381
v 0.262647 0.387649 -0.029946
v 0.218442 0.365669 -0.041546
v 0.221359 0.364251 0.073240
v 0.188113 0.348461 -0.010192
v 0.197352 0.353625 0.062153
v 0.266043 0.384967 0.073296
v 0.246353 0.375628 0.077711
v 0.291491 0.396421 0.031400
v 0.184195 0.347125 0.041569
v 0.181938 0.345582 0.015781
v 0.280012 0.393525 -0.015476
v 0.240077 0.377611 -0.039864
v 0.200576 0.355451 -0.031031
v 0.282595 0.392312 0.053734
v 0.284515 0.329736 -0.019965
v 0.247987 0.313012 -0.030733
v 0.246907 0.314580 0.067403
v 0.213815 0.297408 -0.007199
v 0.225986 0.305377 0.058643
v 0.283405 0.330899 0.065129
v 0.267080 0.323559 0.069925
v 0.305910 0.339232 0.030742
v 0.211654 0.298291 0.041256
v 0.207156 0.295220 0.016991
v 0.297497 0.335015 -0.008153
v 0.267286 0.322132 -0.028144
v 0.228838 0.304086 -0.024137
v 0.297861 0.336518 0.049224
v 0.311153 0.310989 0.012486
v -0.033784 0.412743 0.166265
v -0.019178 0.404469 0.179848
v -0.015971 0.461154 0.177807
v -0.003198 0.451751 0.192123
v -0.022444 0.428398 0.162621
v -0.009678 0.420391 0.176638
v -0.023900 0.471316 0.193021
v -0.009549 0.461329 0.206111
v -0.015815 0.445698 0.167163
v -0.003713 0.437370 0.181647
v -0.049096 0.402336 0.177070
v -0.032353 0.393992 0.189897
v -0.037198 0.472412 0.209291
v -0.021254 0.462984 0.221070
v -0.063935 0.402266 0.192322
v -0.046093 0.394186 0.204053
v -0.072252 0.412294 0.208355
v -0.053591 0.404411 0.219425
v -0.052619 0.462633 0.220068
v -0.035318 0.453844 0.231039
v -0.066161 0.446411 0.223489
v -0.047761 0.437832 0.234065
v -0.073043 0.428333 0.219803
v -0.053945 0.420142 0.230534
v 0.009840 0.398157 0.188757
v 0.021016 0.442358 0.206568
v 0.011459 0.416173 0.187351
v 0.024433 0.446111 0.223369
v 0.015742 0.432064 0.194376
v 0.007951 0.383380 0.201057
v 0.022258 0.443919 0.240326
v 0.003521 0.378954 0.219682
v 0.001589 0.385779 0.236968
v 0.015781 0.432790 0.250864
v 0.008478 0.415745 0.253382
v 0.003848 0.399040 0.248769
vn 0.7852 0.1288 0.6057
vn 0.8553 0.2076 0.4747
vn 0.7817 0.1243 0.6111
vn 0.9047 0.2788 0.3222
vn 0.8566 0.2111 0.4708
vn 0.9044 0.2758 0.3254
vn 0.8462 0.2210 0.4848
vn 0.7720 0.1351 0.6211
vn 0.6860 0.7261 -0.0460
vn 0.7180 0.6390 -0.2758
vn 0.7758 0.6269 -0.0711
vn 0.5114 0.6914 -0.5104
vn 0.6281 0.7363 -0.2516
vn 0.6143 0.6109 -0.4994
vn 0.7522 0.5969 -0.2791
vn 0.8046 0.5871 -0.0894
vn 0.8961 0.4308 -0.1067
vn 0.8558 0.4483 -0.2583
vn 0.8939 0.4375 -0.0971
vn 0.8581 0.4329 -0.2763
vn 0.8547 0.4440 -0.2688
vn 0.7836 0.4275 -0.4507
vn 0.7836 0.4355 -0.4431
vn 0.7892 0.4364 -0.4322
vn 0.1729 -0.1942 0.9656
vn 0.3179 -0.1064 0.9422
vn 0.2038 -0.2018 0.9580
vn 0.1363 -0.1668 0.9765
vn 0.2920 -0.0979 0.9514
vn 0.2558 -0.0706 0.9641
vn 0.4058 0.0037 0.9140
vn 0.4392 -0.0000 0.8984
vn -0.3002 -0.5792 0.7579
vn -0.2246 -0.4630 0.8575
vn -0.1729 -0.4920 0.8532
vn -0.3680 -0.5420 0.7555
vn -0.2670 -0.3963 0.8784
vn -0.1296 -0.3358 0.9330
vn -0.0959 -0.3855 0.9177
vn -0.0510 -0.4029 0.9138
vn 0.0327 0.2552 -0.9663
vn 0.0043 0.1939 -0.9810
vn 0.0784 0.2577 -0.9630
vn -0.0545 0.2732 -0.9604
vn -0.0698 0.1661 -0.9836
vn -0.1703 0.1759 -0.9696
vn -0.1945 0.0547 -0.9794
vn -0.1188 0.0718 -0.9903
vn -0.6878 -0.7209 -0.0853
vn -0.7084 -0.6824 0.1804
vn -0.6387 -0.7471 0.1842
vn -0.7526 -0.6553 -0.0645
vn -0.8127 -0.5475 0.1994
vn -0.7308 -0.5488 0.4058
vn -0.6259 -0.6666 0.4048
vn -0.5475 -0.7220 0.4230
vn -0.2709 -0.0797 -0.9593
vn -0.2798 0.0872 -0.9561
vn -0.3352 -0.0680 -0.9397
vn -0.4063 -0.0008 -0.9137
vn -0.4835 -0.2058 -0.8508
vn -0.4130 -0.2272 -0.8819
vn 0.6671 0.5756 -0.4729
vn 0.4526 0.5257 -0.7203
vn 0.5208 0.5082 -0.6859
vn 0.3430 0.5754 -0.7425
vn 0.1899 0.4566 -0.8692
vn 0.2830 0.4189 -0.8628
vn 0.3278 0.4049 -0.8536
vn 0.1415 0.3303 -0.9332
vn 0.1642 0.3117 -0.9359
vn 0.0704 0.3663 -0.9278
vn 0.7679 0.4812 0.4229
vn 0.8288 0.5383 0.1528
vn 0.8037 0.4519 0.3870
vn 0.6856 0.5682 0.4552
vn 0.7983 0.5744 0.1810
vn 0.7102 0.6743 0.2024
vn -0.5407 -0.3818 -0.7496
vn -0.5626 -0.1114 -0.8192
vn -0.6180 -0.3535 -0.7022
vn -0.8080 -0.3523 -0.4723
vn -0.7072 -0.4839 -0.5155
vn -0.6321 -0.5230 -0.5718
vn -0.7513 -0.5869 -0.3017
vn -0.6842 -0.6420 -0.3462
vn -0.8560 -0.4413 -0.2695
vn -0.8602 -0.5087 -0.0367
vn 0.5695 0.1281 0.8120
vn 0.3569 0.0263 0.9338
vn 0.5254 0.1276 0.8412
vn 0.4568 0.1476 0.8772
vn 0.6350 0.2642 0.7259
vn 0.6811 0.2582 0.6852
vn 0.0376 -0.2953 0.9547
vn 0.0775 -0.3041 0.9495
vn 0.0001 -0.2616 0.9652
vn -0.5109 -0.6158 0.5998
vn -0.4301 -0.6607 0.6153
vn -0.6103 -0.5173 0.5999
vn -0.4396 -0.4604 0.7713
vn -0.6919 -0.6711 0.2664
vn -0.5479 -0.6734 0.4963
vn -0.5643 -0.6845 0.4614
vn -0.6788 -0.6690 0.3029
vn -0.5247 -0.6654 0.5310
vn -0.3637 -0.6349 0.6816
vn -0.3874 -0.6495 0.6543
vn 0.0155 -0.4469 0.8944
vn 0.1472 -0.3538 0.9237
vn 0.0072 -0.4529 0.8916
vn 0.0228 -0.4380 0.8987
vn 0.1497 -0.3514 0.9242
vn 0.1546 -0.3471 0.9250
vn 0.2454 -0.2810 0.9278
vn 0.2413 -0.2829 0.9283
vn 0.4709 -0.1190 0.8741
vn 0.6288 0.0174 0.7774
vn 0.4640 -0.1204 0.8776
vn 0.4822 -0.1210 0.8676
vn 0.6334 0.0158 0.7736
vn 0.6427 0.0091 0.7661
vn 0.7639 0.1458 0.6287
vn 0.7603 0.1498 0.6320
vn 0.7757 0.3567 0.5206
vn 0.7089 0.2599 0.6557
vn 0.7532 0.3619 0.5493
vn 0.8211 0.4388 0.3650
vn 0.8495 0.3957 0.3490
vn 0.8052 0.3204 0.4990
vn 0.7394 0.2300 0.6327
vn -0.7450 -0.4584 -0.4845
vn -0.7991 -0.5364 -0.2717
vn -0.7498 -0.4760 -0.4595
vn -0.7388 -0.4422 -0.5085
vn -0.7999 -0.5295 -0.2826
vn -0.8021 -0.5194 -0.2949
vn -0.8073 -0.5841 -0.0840
vn -0.8038 -0.5883 -0.0884
vn -0.4897 -0.2456 -0.8366
vn -0.6395 -0.3644 -0.6769
vn -0.6494 -0.3831 -0.6570
vn -0.4710 -0.2271 -0.8524
vn -0.6241 -0.3444 -0.7013
vn 0.8881 0.3050 0.3439
vn 0.9124 0.3893 0.1262
vn 0.8837 0.3109 0.3499
vn 0.9231 0.3689 0.1086
vn 0.9162 0.3830 0.1182
vn 0.9011 0.4179 -0.1158
vn 0.4442 0.3220 -0.8361
vn 0.2136 0.2442 -0.9459
vn 0.4254 0.3167 -0.8478
vn 0.4598 0.3206 -0.8281
vn 0.2453 0.2506 -0.9365
vn 0.2740 0.2412 -0.9310
vn 0.1135 0.1985 -0.9735
vn 0.0964 0.2036 -0.9743
vn 0.6473 0.3939 -0.6526
vn 0.6490 0.3939 -0.6508
vn 0.6471 0.3902 -0.6549
vn -0.1021 0.0489 -0.9936
vn -0.2756 -0.0795 -0.9580
vn -0.2902 -0.0924 -0.9525
vn -0.1001 0.0493 -0.9938
vn -0.2593 -0.0654 -0.9636
vn -0.4503 -0.2073 -0.8685
vn -0.7662 -0.6327 0.1127
vn -0.7688 -0.6337 0.0857
vn -0.8108 -0.5800 -0.0789
vn -0.6658 -0.6623 0.3435
vn 0.0199 0.1402 -0.9899
vn 0.0205 0.1499 -0.9885
vn 0.0373 0.1271 -0.9912
vn -0.0915 0.0517 -0.9945
vn -0.1796 -0.5611 0.8080
vn -0.3332 -0.6196 0.7107
vn -0.1596 -0.5520 0.8185
vn -0.1437 -0.5370 0.8313
vn 0.3322 -0.2175 0.9178
vn 0.2531 -0.2787 0.9264
vn 0.3391 -0.2150 0.9158
vn 0.3501 -0.2142 0.9119
vn 0.8872 0.4488 -0.1074
vn 0.8645 0.4212 -0.2743
vn 0.9076 0.4023 -0.1196
vn 0.8489 0.5203 -0.0932
vn 0.8457 0.4649 -0.2619
vn 0.8075 0.5332 -0.2522
vn 0.7756 0.4632 -0.4288
vn 0.7912 0.4219 -0.4428
vn 0.5546 0.3007 0.7758
vn 0.7118 0.3803 0.5905
vn 0.6299 0.4449 0.6367
vn -0.6247 -0.6520 0.4297
vn -0.4153 -0.6371 0.6494
vn -0.4588 -0.6407 0.6156
vn -0.5785 -0.6748 0.4583
vn -0.3757 -0.6539 0.6567
vn -0.2268 -0.5725 0.7879
vn -0.2466 -0.5752 0.7799
vn -0.2755 -0.5881 0.7604
vn 0.0538 -0.3981 0.9158
vn 0.1751 -0.3283 0.9282
vn 0.0462 -0.4138 0.9092
vn 0.1622 -0.2867 0.9442
vn 0.1790 -0.3079 0.9344
vn 0.2809 -0.2358 0.9303
vn 0.2779 -0.2623 0.9241
vn 0.5039 -0.0757 0.8605
vn 0.6612 0.0100 0.7501
vn 0.5072 -0.1123 0.8545
vn 0.4858 -0.0259 0.8737
vn 0.6518 0.0492 0.7568
vn 0.6261 0.1042 0.7728
vn 0.7707 0.1701 0.6140
vn 0.8326 0.2382 0.5000
vn 0.7593 0.1496 0.6334
vn 0.8337 0.2384 0.4981
vn 0.8825 0.3105 0.3533
vn 0.8808 0.3086 0.3591
vn 0.8306 0.2362 0.5043
vn 0.7555 0.1459 0.6387
vn -0.6757 -0.4302 -0.5986
vn -0.7966 -0.5075 -0.3285
vn -0.7145 -0.4121 -0.5654
vn -0.6210 -0.4771 -0.6218
vn -0.7606 -0.5435 -0.3551
vn -0.7104 -0.6987 -0.0848
vn -0.7738 -0.6296 -0.0702
vn -0.8099 -0.5831 -0.0632
vn -0.3747 -0.1635 -0.9126
vn -0.5761 -0.3037 -0.7589
vn -0.4019 -0.1732 -0.8992
vn -0.4950 -0.3304 -0.8036
vn -0.5397 -0.2983 -0.7872
vn 0.8857 0.3245 0.3319
vn 0.9302 0.3531 0.1000
vn 0.9097 0.4001 0.1112
vn 0.8716 0.4733 0.1277
vn 0.4217 0.3312 -0.8441
vn 0.2756 0.2129 -0.9374
vn 0.4535 0.3096 -0.8358
vn 0.3761 0.3707 -0.8492
vn 0.2422 0.2329 -0.9419
vn 0.1977 0.2720 -0.9418
vn 0.1852 0.2005 -0.9620
vn 0.1874 0.1669 -0.9680
vn 0.6518 0.3906 -0.6501
vn 0.7402 0.5249 -0.4202
vn 0.6360 0.4264 -0.6433
vn 0.5999 0.4772 -0.6422
vn -0.0421 0.0800 -0.9959
vn -0.1940 -0.0245 -0.9807
vn -0.2182 -0.0331 -0.9753
vn -0.0130 0.1030 -0.9946
vn -0.1855 -0.0307 -0.9822
vn -0.3463 -0.1806 -0.9206
vn -0.7069 -0.6742 0.2142
vn -0.7481 -0.6332 0.1985
vn -0.6456 -0.7335 0.2126
vn -0.5241 -0.7136 0.4649
vn 0.1294 0.1805 -0.9750
vn 0.1009 0.1433 -0.9845
vn 0.1282 0.2184 -0.9674
vn -0.0071 0.1172 -0.9931
vn -0.1048 -0.5038 0.8574
vn -0.0893 -0.4816 0.8718
vn -0.0858 -0.4916 0.8666
vn 0.3774 -0.2008 0.9040
vn 0.2667 -0.2036 0.9420
vn 0.3783 -0.1685 0.9102
vn 0.3644 -0.1269 0.9226
vn 0.8193 0.5663 -0.0901
vn 0.7750 0.5749 -0.2623
vn 0.7050 0.5575 -0.4383
vn -0.3788 -0.6676 0.6409
vn -0.5089 -0.7343 0.4492
vn -0.2458 -0.5818 0.7753
vn 0.0399 -0.3845 0.9223
vn 0.1248 -0.2915 0.9484
vn 0.0018 -0.3933 0.9194
vn 0.2382 -0.1954 0.9514
vn 0.4631 -0.0006 0.8863
vn 0.5979 0.1310 0.7908
vn -0.6662 -0.6444 -0.3755
vn -0.6994 -0.6067 -0.3779
vn -0.6002 -0.5139 -0.6129
vn -0.6736 -0.7334 -0.0919
vn -0.4965 -0.3604 -0.7897
vn -0.3675 -0.2020 -0.9078
vn 0.8430 0.5197 0.1386
vn 0.3470 0.3965 -0.8499
vn 0.1717 0.3003 -0.9383
vn 0.1185 0.2627 -0.9576
vn 0.1587 0.2454 -0.9563
vn 0.5639 0.5015 -0.6561
vn -0.2207 -0.0487 -0.9741
vn -0.0490 0.1066 -0.9931
vn -0.6156 -0.7624 0.1996
vn 0.0807 0.2190 -0.9724
vn -0.1199 -0.4897 0.8636
vn 0.3418 -0.1072 0.9336
vn 0.1344 -0.2803 0.9505
vn -0.0244 -0.3341 0.9422
vn 0.0405 -0.3028 0.9522
vn 0.0581 -0.3222 0.9449
vn -0.1174 -0.3144 0.9420
vn -0.2991 -0.3680 0.8804
vn -0.2224 -0.4119 0.8837
vn -0.1920 -0.4155 0.8891
vn -0.7132 -0.3282 -0.6194
vn -0.6553 -0.3129 -0.6875
vn -0.7048 -0.4416 -0.5551
vn -0.7826 -0.1322 -0.6083
vn -0.6321 -0.1792 -0.7538
vn -0.6654 0.0146 -0.7463
vn -0.4799 0.0130 -0.8772
vn -0.5214 -0.1095 -0.8463
vn -0.0004 0.0702 0.9975
vn -0.1059 0.4946 0.8626
vn -0.0096 0.4405 0.8977
vn -0.0511 0.1039 0.9933
vn -0.1760 0.5585 0.8106
vn -0.1929 0.7850 0.5886
vn -0.1173 0.7428 0.6592
vn 0.0003 0.7066 0.7076
vn -0.0989 0.9740 -0.2039
vn -0.1873 0.9345 -0.3028
vn -0.1159 0.9395 -0.3224
vn -0.1770 0.9680 -0.1777
vn -0.2250 0.9322 -0.2835
vn -0.2247 0.8930 -0.3900
vn -0.1953 0.8926 -0.4064
vn -0.1341 0.8943 -0.4269
vn 0.3059 0.0532 0.9506
vn 0.3783 0.3311 0.8644
vn 0.4038 0.2497 0.8801
vn 0.2586 -0.0924 0.9615
vn 0.2768 0.1017 0.9555
vn 0.2000 -0.0843 0.9762
vn 0.2235 0.1589 0.9616
vn 0.3177 0.4270 0.8466
vn -0.2532 0.2667 -0.9299
vn -0.2744 0.3129 -0.9093
vn -0.2909 0.2563 -0.9218
vn -0.2223 0.3244 -0.9194
vn -0.2199 0.4811 -0.8486
vn -0.2261 0.5023 -0.8346
vn -0.2708 0.3220 -0.9072
vn -0.2704 0.2679 -0.9247
vn 0.0617 -0.2025 0.9773
vn 0.0755 -0.2547 0.9641
vn 0.0698 -0.2643 0.9619
vn 0.0761 0.0091 0.9971
vn 0.0754 -0.2056 0.9757
vn 0.1015 -0.0343 0.9942
vn 0.1033 -0.2081 0.9726
vn 0.0899 -0.2489 0.9643
vn -0.2208 0.5826 -0.7822
vn -0.2064 0.3652 -0.9077
vn -0.2112 0.5719 -0.7927
vn -0.2182 0.6008 -0.7690
vn -0.2000 0.3738 -0.9057
vn -0.1789 0.3946 -0.9013
vn -0.1776 0.3094 -0.9342
vn -0.1900 0.3028 -0.9339
vn 0.1319 0.3171 0.9392
vn 0.1153 0.6629 0.7398
vn 0.1882 0.6027 0.7754
vn 0.0781 0.3869 0.9188
vn 0.0454 0.0451 0.9979
vn -0.2166 0.2912 -0.9318
vn -0.2135 0.3593 -0.9085
vn -0.2021 0.2971 -0.9332
vn -0.2249 0.3516 -0.9087
vn -0.2021 0.5641 -0.8006
vn -0.2441 0.2205 -0.9443
vn -0.2030 0.1962 -0.9593
vn -0.2198 0.1851 -0.9578
vn -0.3248 0.3206 -0.8898
vn -0.2275 0.2305 -0.9461
vn -0.3107 0.3272 -0.8924
vn -0.1489 0.2802 -0.9483
vn -0.1527 0.2261 -0.9620
vn 0.2839 -0.2397 0.9284
vn 0.2979 -0.2167 0.9297
vn 0.2812 -0.2601 0.9237
vn 0.3182 -0.1846 0.9299
vn 0.2778 -0.1553 0.9480
vn 0.1552 -0.2309 0.9605
vn 0.2087 -0.2800 0.9370
vn 0.2316 -0.2883 0.9291
vn -0.0314 0.8906 -0.4537
vn -0.0425 0.9430 -0.3301
vn -0.0751 0.8949 -0.4400
vn 0.0202 0.9435 -0.3306
vn -0.0158 0.9758 -0.2179
vn 0.1580 0.7595 -0.6310
vn 0.2563 0.8986 -0.3560
vn 0.0990 0.8200 -0.5637
vn 0.3621 0.8629 -0.3525
vn 0.3503 0.9189 -0.1815
vn 0.2418 0.9492 -0.2014
vn 0.1699 0.9246 -0.3408
vn 0.0508 0.8569 -0.5130
vn -0.0288 0.9787 0.2032
vn -0.1594 0.9872 -0.0108
vn -0.0686 0.9970 -0.0356
vn -0.1412 0.9691 0.2023
vn -0.2093 0.9778 0.0076
vn -0.2197 0.9638 -0.1512
vn -0.7532 -0.6321 0.1822
vn -0.7637 -0.6353 -0.1149
vn -0.7673 -0.6391 0.0529
vn -0.7947 -0.5107 0.3280
vn -0.7800 -0.6244 -0.0409
vn -0.8604 -0.5083 0.0372
vn -0.7839 -0.5526 -0.2831
vn -0.7499 -0.5998 -0.2789
vn 0.1241 -0.2416 0.9624
vn 0.1420 -0.0681 0.9875
vn 0.1555 -0.2022 0.9669
vn 0.2233 -0.1895 0.9561
vn 0.1805 -0.2295 0.9564
vn -0.1027 0.2949 -0.9500
vn -0.1406 0.3419 -0.9292
vn -0.1734 0.2899 -0.9412
vn -0.0729 0.3549 -0.9321
vn -0.1093 0.4656 -0.8782
vn -0.1741 0.4715 -0.8645
vn -0.4665 -0.5079 0.7242
vn -0.4731 -0.5459 0.6915
vn -0.5207 -0.4274 0.7391
vn -0.6675 -0.4571 0.5877
vn -0.6303 -0.5700 0.5272
vn -0.6656 -0.6064 0.4351
vn -0.7452 -0.6252 0.2319
vn -0.7070 -0.6080 0.3612
vn -0.7419 -0.4769 0.4714
vn -0.6093 0.7453 0.2708
vn -0.6093 0.7453 0.2707
vn 0.0552 0.9738 -0.2206
vn 0.0262 0.9982 -0.0543
vn 0.1035 0.9929 -0.0594
vn 0.0806 0.9760 0.2025
vn 0.1677 0.9627 0.2125
vn 0.1196 0.8562 0.5026
vn 0.2064 0.8212 0.5321
vn -0.0016 0.8792 0.4765
vn 0.4371 0.8879 -0.1436
vn 0.4237 0.9049 0.0405
vn 0.4943 0.8631 0.1035
vn 0.4719 0.7991 0.3724
vn 0.3775 0.8774 0.2961
vn 0.3091 0.9509 -0.0128
vn 0.4930 0.5179 0.6991
vn 0.5239 0.7329 0.4340
vn 0.4489 0.5839 0.6765
vn 0.3831 0.6757 0.6298
vn -0.1260 0.8891 0.4400
vn -0.1896 0.8986 0.3957
vn -0.1992 0.9612 0.1907
vn -0.1732 0.7900 -0.5881
vn -0.2269 0.8047 -0.5486
vn -0.2112 0.7939 -0.5701
vn 0.4853 -0.8578 -0.1695
vn 0.3878 -0.9102 -0.1457
vn 0.3940 -0.9095 -0.1324
vn 0.5460 -0.8120 -0.2062
vn 0.4782 -0.8566 -0.1936
vn 0.5402 -0.8089 -0.2323
vn 0.4695 -0.8541 -0.2239
vn 0.3777 -0.9102 -0.1699
vn -0.0648 0.4606 -0.8853
vn -0.0616 0.5796 -0.8126
vn -0.0730 0.5395 -0.8388
vn 0.0505 0.6128 -0.7886
vn -0.0714 0.6358 -0.7685
vn -0.5282 0.7994 0.2863
vn -0.4349 0.8512 0.2938
vn -0.5305 0.7979 0.2863
vn -0.4340 0.8517 0.2938
vn -0.3254 0.8980 0.2962
vn -0.3257 0.8978 0.2963
vn -0.4363 0.8505 0.2937
vn -0.5336 0.7958 0.2862
vn -0.0889 0.6808 -0.7271
vn -0.1023 0.7167 -0.6898
vn -0.2023 0.5508 -0.8097
vn -0.1381 0.7846 -0.6044
vn -0.1184 0.7717 -0.6248
vn -0.3921 0.3906 -0.8329
vn -0.3886 0.3201 -0.8640
vn -0.3778 0.3902 -0.8397
vn -0.3543 0.3300 -0.8750
vn -0.2735 0.4464 -0.8520
vn -0.2093 0.3862 -0.8984
vn -0.6093 0.7452 0.2708
vn -0.7310 -0.5324 -0.4269
vn -0.8886 -0.3684 -0.2732
vn -0.7600 -0.4459 -0.4729
vn -0.8556 -0.2456 -0.4556
vn -0.1446 0.9782 0.1492
vn -0.1333 0.9308 0.3405
vn -0.1327 0.8474 0.5141
vn 0.1979 0.9479 0.2498
vn 0.1505 0.9882 0.0294
vn -0.1692 0.9702 -0.1737
vn -0.1575 0.9873 -0.0197
vn 0.0980 0.9831 -0.1547
vn 0.0585 0.9487 -0.3107
vn -0.6061 0.7474 0.2720
vn -0.6092 0.7453 0.2708
vn -0.6060 0.7475 0.2721
vn -0.6059 0.7475 0.2722
vn 0.0238 -0.1936 0.9808
vn -0.0712 0.2613 0.9626
vn -0.0894 0.1652 0.9822
vn 0.0722 -0.2961 0.9524
vn 0.0959 -0.1157 0.9886
vn 0.1734 -0.2191 0.9602
vn 0.4050 0.1401 0.9035
vn 0.1575 0.3856 0.9091
vn -0.1406 0.6588 0.7390
vn 0.2093 0.6978 0.6850
vn 0.2146 0.8665 0.4507
vn -0.1713 0.8859 -0.4310
vn -0.1747 0.9325 -0.3161
vn 0.0285 0.8878 -0.4594
vn 0.0087 0.8157 -0.5784
vn -0.1555 0.6290 -0.7617
vn -0.1693 0.8123 -0.5581
vn 0.0023 0.7410 -0.6715
vn -0.0168 0.6391 -0.7689
vn -0.1460 0.3302 -0.9325
vn -0.0916 0.4450 -0.8908
vn -0.0437 0.3948 -0.9177
vn 0.0703 0.5178 -0.8526
vn 0.1040 0.4759 -0.8734
vn -0.6070 0.7471 0.2707
vn -0.8538 0.0403 -0.5191
vn -0.9864 -0.0935 -0.1351
vn -0.9405 -0.0401 -0.3375
vn -0.9854 -0.1578 0.0638
vn -0.9666 -0.0745 -0.2452
vn -0.8868 0.0183 -0.4618
vn -0.9140 -0.2286 0.3352
vn -0.8410 -0.2875 0.4583
vn -0.7575 -0.3325 0.5618
vn -0.9034 -0.2752 0.3289
vn -0.9647 -0.2390 0.1109
vn -0.8179 -0.3147 0.4817
vn -0.6152 -0.3416 0.7105
vn -0.6833 -0.3266 0.6530
vn -0.3908 -0.3101 0.8667
vn -0.4592 -0.3025 0.8352
vn -0.5005 0.1824 -0.8463
vn -0.7216 0.1679 -0.6716
vn -0.5435 0.3090 -0.7805
vn -0.7497 0.1354 -0.6478
vn -0.5701 0.2588 -0.7798
vn -0.0914 0.4434 -0.8917
vn -0.2547 0.3904 -0.8847
vn -0.1433 0.5059 -0.8506
vn -0.0352 0.5327 -0.8456
vn -0.3253 0.8981 0.2960
vn -0.2476 0.9241 0.2912
vn -0.2477 0.9241 0.2910
vn -0.2136 0.9348 0.2839
vn -0.2133 0.9348 0.2841
vn -0.2476 0.9240 0.2913
vn 0.5814 -0.7879 -0.2029
vn 0.5491 -0.8144 -0.1879
vn 0.5481 -0.8170 -0.1792
vn 0.5860 -0.7799 -0.2197
vn 0.5779 -0.7872 -0.2152
vn 0.5821 -0.7793 -0.2321
vn 0.5738 -0.7855 -0.2318
vn -0.6047 0.7489 0.2710
vn 0.3188 -0.9142 -0.2503
vn 0.4391 -0.8765 -0.1973
vn 0.3344 -0.9099 -0.2457
vn 0.5136 -0.8388 -0.1809
vn 0.4073 -0.8898 -0.2059
vn 0.5401 -0.8232 -0.1751
vn 0.4692 -0.8648 -0.1789
vn 0.3623 -0.9105 -0.1993
vn -0.0974 0.2680 -0.9585
vn -0.0686 0.3379 -0.9387
vn -0.5731 0.7723 0.2743
vn -0.5729 0.7724 0.2744
vn -0.4903 0.8246 0.2823
vn -0.4895 0.8252 0.2820
vn -0.5733 0.7721 0.2742
vn 0.2487 -0.2248 0.9421
vn 0.2897 -0.1780 0.9404
vn 0.3227 -0.1160 0.9394
vn -0.0372 -0.3025 0.9524
vn -0.1996 -0.2697 0.9420
vn -0.1084 -0.2523 0.9616
vn -0.2539 -0.2644 0.9304
vn -0.1427 -0.2396 0.9603
vn -0.0322 -0.2276 0.9732
vn -0.0524 -0.2044 0.9775
vn 0.0298 -0.2894 0.9567
vn 0.0993 -0.1654 0.9812
vn 0.0774 -0.1341 0.9879
vn 0.2340 -0.0904 0.9680
vn 0.3020 -0.0421 0.9524
vn 0.2091 -0.0484 0.9767
vn -0.3593 0.2975 -0.8845
vn -0.4147 0.3889 -0.8226
vn -0.4338 0.3184 -0.8429
vn 0.3114 -0.0994 0.9451
vn 0.3241 0.0035 0.9460
vn 0.2899 0.0222 0.9568
vn -0.3214 0.0981 -0.9419
vn -0.3085 0.1708 -0.9358
vn 0.1125 -0.3227 0.9398
vn 0.1751 -0.2949 0.9393
vn 0.4609 0.3120 0.8308
vn 0.5310 0.5092 0.6773
vn 0.5818 0.6706 0.4603
vn 0.5853 0.7927 0.1706
vn 0.5479 0.8330 -0.0773
vn 0.4894 0.8261 -0.2795
vn 0.3529 0.7518 -0.5570
vn -0.7561 -0.0380 -0.6533
vn -0.5921 0.0670 -0.8031
vn -0.8772 -0.1513 -0.4557
vn -0.7091 -0.2356 -0.6646
vn -0.9486 -0.3163 -0.0052
vn -0.9365 -0.2403 -0.2555
vn -0.8916 -0.3812 0.2445
vn -0.8085 -0.4044 0.4275
vn -0.6823 -0.3980 0.6133
vn -0.4786 -0.3628 0.7995
vn 0.1983 0.6115 -0.7660
vn 0.0667 0.4940 -0.8669
vn -0.0376 0.4055 -0.9133
vn -0.1293 0.4680 -0.8742
vn -0.1634 0.3097 -0.9367
vn -0.2707 0.2274 -0.9354
vn -0.3463 0.1789 -0.9209
vn -0.4400 0.1399 -0.8870
vn 0.3884 0.1491 0.9094
vn 0.3106 0.0426 0.9496
vn 0.3491 0.0986 0.9319
vn 0.2193 -0.0442 0.9747
vn 0.0951 -0.1399 0.9856
vn -0.0352 -0.2241 0.9739
vn -0.1468 -0.2761 0.9498
vn -0.2788 -0.3159 0.9069
vn 0.2009 0.5374 -0.8190
vn 0.2035 0.6699 -0.7140
vn 0.2721 0.5962 -0.7553
vn 0.1567 0.5976 -0.7863
vn 0.3705 0.6640 -0.6495
vn 0.3524 0.8134 -0.4628
vn 0.4893 0.7155 -0.4987
vn 0.2715 0.7479 -0.6057
vn 0.6275 0.7123 -0.3144
vn 0.5739 0.8140 -0.0895
vn 0.7515 0.6545 -0.0831
vn 0.4487 0.8425 -0.2980
vn 0.8473 0.4569 0.2710
vn 0.6601 0.7406 0.1257
vn 0.6848 0.6451 0.3390
vn 0.8166 0.5699 0.0916
vn 0.6380 0.4629 0.6154
vn 0.7776 0.2966 0.5545
vn 0.0392 -0.2120 0.9765
vn 0.0669 -0.2790 0.9580
vn 0.0646 -0.2944 0.9535
vn 0.0511 -0.2048 0.9775
vn 0.2837 0.7652 0.5780
vn 0.2556 0.9360 0.2419
vn 0.2445 0.5228 0.8166
vn -0.2441 0.3393 -0.9084
vn -0.2383 0.2823 -0.9293
vn -0.2122 0.5292 -0.8215
vn 0.1710 0.2348 0.9569
vn 0.0916 -0.9876 -0.1272
vn 0.1837 -0.9756 -0.1202
vn 0.1106 -0.9823 -0.1512
vn 0.0673 -0.9891 -0.1307
vn 0.1766 -0.9791 -0.1010
vn 0.1625 -0.9805 -0.1105
vn 0.2346 -0.9675 -0.0942
vn 0.2329 -0.9661 -0.1119
vn -0.6092 0.7454 0.2709
vn -0.6092 0.7453 0.2710
vn 0.0850 0.9394 -0.3322
vn 0.0059 0.8791 -0.4767
vn 0.1333 0.9676 -0.2146
vn 0.1877 0.9811 -0.0479
vn 0.5713 -0.7697 -0.2847
vn 0.5261 -0.7970 -0.2968
vn 0.5571 -0.7798 -0.2855
vn 0.5897 -0.7546 -0.2877
vn 0.5448 -0.7820 -0.3027
vn 0.4798 -0.8174 -0.3189
vn 0.4510 -0.8299 -0.3283
vn 0.4342 -0.8447 -0.3130
vn -0.7740 -0.4826 -0.4098
vn -0.7918 -0.5499 -0.2658
vn -0.7918 -0.5500 -0.2657
vn -0.7368 -0.4037 -0.5424
vn -0.7740 -0.4825 -0.4100
vn -0.7367 -0.4035 -0.5426
vn -0.7739 -0.4824 -0.4103
vn -0.7918 -0.5498 -0.2661
vn 0.2302 -0.9614 -0.1508
vn 0.2010 -0.9683 -0.1482
vn 0.1956 -0.9688 -0.1520
vn 0.2275 -0.9614 -0.1548
vn 0.2036 -0.9678 -0.1480
vn 0.1615 -0.9734 -0.1623
vn 0.1438 -0.9742 -0.1738
vn 0.7600 0.6446 -0.0829
vn 0.7837 0.6206 0.0242
vn 0.7611 0.6453 -0.0653
vn 0.7677 0.6188 -0.1667
vn 0.7133 0.3182 0.6244
vn 0.6993 0.3347 0.6317
vn 0.7834 0.6195 0.0505
vn 0.7617 0.6450 -0.0614
vn -0.4303 -0.5991 0.6752
vn -0.1671 -0.4562 0.8741
vn -0.1659 -0.4556 0.8746
vn -0.6154 -0.6608 0.4298
vn -0.4309 -0.5995 0.6745
vn -0.6156 -0.6609 0.4293
vn -0.4315 -0.5999 0.6737
vn -0.1680 -0.4570 0.8734
vn 0.2985 -0.9482 -0.1084
vn 0.2908 -0.9483 -0.1273
vn 0.2292 -0.9680 -0.1023
vn 0.1781 -0.9631 -0.2019
vn 0.0920 -0.9779 -0.1878
vn 0.2088 -0.9553 -0.2091
vn 0.1496 -0.9670 -0.2063
vn 0.0631 -0.9844 -0.1643
vn 0.0309 -0.9863 -0.1620
vn 0.3692 -0.9081 -0.1978
vn 0.5343 -0.8036 -0.2622
vn 0.4629 -0.8491 -0.2544
vn 0.5312 -0.7965 -0.2889
vn 0.4559 -0.8461 -0.2760
vn 0.3594 -0.9067 -0.2206
vn 0.4541 -0.8525 -0.2589
vn 0.3653 -0.9031 -0.2256
vn 0.4742 -0.8454 -0.2460
vn 0.4384 -0.8555 -0.2755
vn 0.3381 -0.9112 -0.2355
vn 0.3106 -0.9171 -0.2499
vn 0.5381 -0.8099 -0.2333
vn 0.5722 -0.7800 -0.2532
vn 0.5186 -0.8232 -0.2309
vn 0.5910 -0.7669 -0.2502
vn 0.5836 -0.7711 -0.2547
vn 0.6020 -0.7542 -0.2622
vn 0.5943 -0.7600 -0.2630
vn 0.5867 -0.7647 -0.2667
vn 0.0977 -0.9613 -0.2577
vn -0.0224 -0.9699 -0.2426
vn -0.0179 -0.9765 -0.2149
vn 0.0956 -0.9556 -0.2786
vn -0.0144 -0.9681 -0.2500
vn 0.0094 -0.9616 -0.2745
vn 0.0053 -0.9658 -0.2594
vn 0.0150 -0.9765 -0.2149
vn 0.4970 -0.8351 -0.2358
vn 0.4205 -0.8823 -0.2116
vn 0.3938 -0.8930 -0.2176
vn 0.2384 -0.9473 -0.2140
vn 0.2665 -0.9411 -0.2083
vn 0.3849 -0.9110 -0.1481
vn 0.4846 -0.8598 -0.1612
vn 0.1661 -0.9422 -0.2909
vn 0.2618 -0.9406 -0.2164
vn 0.1855 -0.9567 -0.2241
vn 0.1630 -0.9354 -0.3137
vn 0.2362 -0.9304 -0.2804
vn 0.2277 -0.9270 -0.2980
vn 0.1436 -0.9689 -0.2017
vn 0.1179 -0.9713 -0.2066
vn 0.1266 -0.9764 -0.1750
vn -0.3869 0.8719 0.3003
vn -0.2878 0.9091 0.3010
vn -0.2832 0.9107 0.3006
vn -0.4980 0.8171 0.2905
vn -0.3916 0.8698 0.3002
vn -0.5012 0.8152 0.2902
vn -0.3963 0.8677 0.3000
vn -0.2923 0.9076 0.3015
vn 0.2839 -0.9467 -0.1519
vn 0.2767 -0.9456 -0.1712
vn 0.2307 -0.9634 -0.1364
vn 0.1482 -0.2552 0.9555
vn 0.4269 -0.0542 0.9027
vn 0.1188 -0.2557 0.9594
vn 0.2813 -0.1270 0.9512
vn 0.1283 -0.2457 0.9608
vn 0.2946 -0.1072 0.9496
vn -0.6696 -0.2986 -0.6800
vn -0.5224 -0.1183 -0.8445
vn -0.6693 -0.2983 -0.6804
vn -0.5217 -0.1180 -0.8449
vn -0.6689 -0.2980 -0.6810
vn -0.7365 -0.4033 -0.5431
vn 0.4301 -0.8534 -0.2946
vn 0.2822 -0.9092 -0.3062
vn 0.2890 -0.9158 -0.2789
vn 0.1200 -0.9662 -0.2283
vn 0.7918 0.5901 0.1574
vn 0.7926 0.5817 0.1825
vn 0.7927 0.5817 0.1826
vn 0.7903 0.5988 0.1302
vn 0.7918 0.5902 0.1574
vn 0.7927 0.5817 0.1825
vn 0.2116 -0.9663 -0.1466
vn 0.2994 -0.9479 -0.1085
vn 0.2863 -0.9471 -0.1453
vn 0.0028 -0.9839 -0.1790
vn 0.0395 -0.9859 -0.1628
vn -0.1460 0.2316 -0.9618
vn -0.1638 0.2171 -0.9623
vn -0.1660 0.2154 -0.9623
vn -0.1076 0.2624 -0.9589
vn -0.1444 0.2329 -0.9617
vn -0.1057 0.2641 -0.9587
vn -0.1428 0.2343 -0.9616
vn -0.1616 0.2189 -0.9623
vn 0.5918 -0.7500 -0.2953
vn 0.5776 -0.7582 -0.3025
vn 0.5870 -0.7558 -0.2902
vn 0.5761 -0.7577 -0.3065
vn 0.5293 -0.7900 -0.3095
vn 0.5735 -0.7624 -0.2996
vn 0.5812 -0.7625 -0.2843
vn 0.5672 -0.7769 -0.2733
vn 0.5778 -0.7706 -0.2688
vn 0.5687 -0.7698 -0.2899
vn 0.5300 -0.7915 -0.3043
vn 0.2668 -0.9467 -0.1806
vn 0.3456 -0.9093 -0.2316
vn 0.2648 -0.9458 -0.1881
vn 0.2255 -0.9614 -0.1578
vn 0.2904 -0.9000 -0.3252
vn 0.3187 -0.8893 -0.3281
vn 0.1121 -0.9512 -0.2875
vn 0.5790 -0.7776 -0.2451
vn 0.5699 -0.7822 -0.2518
vn 0.5773 -0.7748 -0.2577
vn 0.5513 -0.7847 -0.2834
vn 0.5223 -0.8054 -0.2802
vn 0.5521 -0.7856 -0.2793
vn 0.5202 -0.8032 -0.2901
vn 0.5789 -0.7708 -0.2660
vn 0.5676 -0.7778 -0.2700
vn 0.5571 -0.7907 -0.2540
vn 0.5423 -0.7987 -0.2608
vn -0.7155 -0.6644 0.2160
vn -0.7660 -0.6415 0.0409
vn -0.7155 -0.6644 0.2158
vn -0.7660 -0.6415 0.0408
vn -0.7156 -0.6644 0.2154
vn -0.6159 -0.6610 0.4287
vn 0.7929 0.5763 0.1980
vn 0.7929 0.5746 0.2026
vn 0.5580 -0.7831 -0.2745
vn 0.5302 -0.8038 -0.2698
vn 0.2899 -0.9356 -0.2018
vn 0.3152 -0.9267 -0.2047
vn 0.4422 -0.8720 -0.2098
vn 0.4617 -0.8604 -0.2157
vn -0.7892 -0.6033 -0.1148
vn -0.7892 -0.6033 -0.1149
vn -0.7892 -0.6032 -0.1150
vn -0.7661 -0.6415 0.0406
vn 0.7860 0.6127 0.0824
vn 0.7780 0.6278 0.0226
vn 0.7860 0.6127 0.0825
vn 0.7780 0.6279 0.0226
vn 0.7780 0.6278 0.0227
vn 0.1714 -0.9718 -0.1616
vn 0.1686 -0.9673 -0.1893
vn 0.1871 -0.9636 -0.1908
vn 0.1388 -0.9782 -0.1543
vn 0.1125 -0.9680 -0.2245
vn 0.0980 -0.9537 -0.2842
vn 0.0984 -0.9466 -0.3071
vn 0.1891 -0.9712 -0.1450
vn -0.2892 0.1127 -0.9506
vn -0.2401 0.1553 -0.9583
vn -0.2229 0.1699 -0.9599
vn -0.2806 0.1198 -0.9523
vn -0.2908 0.1110 -0.9503
vn -0.2699 0.1289 -0.9542
vn -0.2921 0.1095 -0.9501
vn -0.2547 0.1427 -0.9564
vn 0.2256 -0.1671 0.9598
vn 0.2156 -0.1691 0.9617
vn 0.2260 -0.1664 0.9598
vn 0.2142 -0.1756 0.9609
vn 0.1695 -0.2035 0.9643
vn 0.2347 -0.1574 0.9592
vn 0.2280 -0.1654 0.9595
vn -0.1831 0.2017 -0.9622
vn -0.1985 0.1891 -0.9617
vn -0.2021 0.1864 -0.9615
vn -0.1805 0.2037 -0.9623
vn -0.1778 0.2057 -0.9623
vn -0.1949 0.1919 -0.9619
vn -0.1470 0.2321 -0.9615
vn -0.1016 0.2687 -0.9579
vn -0.1012 0.2687 -0.9579
vn -0.1551 0.2256 -0.9618
vn -0.1623 0.2198 -0.9620
vn -0.0999 0.2691 -0.9579
vn 0.3464 -0.9061 -0.2430
vn 0.4458 -0.8484 -0.2854
vn 0.4478 -0.8445 -0.2937
vn 0.5312 -0.7872 -0.3133
vn 0.5116 0.0172 0.8591
vn 0.2030 -0.2585 0.9445
vn 0.5176 0.0236 0.8553
vn 0.1806 -0.2682 0.9463
vn 0.0748 -0.3215 0.9439
vn 0.0951 -0.3149 0.9444
vn 0.2251 -0.2488 0.9420
vn 0.5225 0.0289 0.8522
vn 0.5571 0.6466 -0.5211
vn 0.6759 0.6674 -0.3128
vn 0.5570 0.6466 -0.5213
vn 0.6759 0.6674 -0.3126
vn 0.7561 0.6491 -0.0839
vn 0.7560 0.6491 -0.0841
vn 0.6758 0.6674 -0.3129
vn 0.5569 0.6465 -0.5214
vn 0.0971 -0.2712 0.9576
vn 0.1247 -0.2497 0.9603
vn 0.0946 -0.2732 0.9573
vn 0.1313 -0.2445 0.9607
vn 0.1706 -0.2131 0.9620
vn 0.1653 -0.2173 0.9620
vn 0.1183 -0.2547 0.9598
vn 0.0920 -0.2752 0.9570
vn 0.1764 -0.2083 0.9620
vn 0.2087 -0.1816 0.9610
vn 0.2104 -0.1802 0.9609
vn 0.2071 -0.1830 0.9611
vn -0.6699 -0.2987 -0.6797
vn -0.7368 -0.4038 -0.5423
vn -0.7368 -0.4039 -0.5422
vn -0.5229 -0.1183 -0.8441
vn -0.6698 -0.2986 -0.6799
vn -0.5227 -0.1183 -0.8442
vn -0.7155 -0.6643 0.2162
vn -0.6154 -0.6607 0.4298
vn -0.6153 -0.6607 0.4299
vn -0.7660 -0.6415 0.0410
vn -0.7155 -0.6643 0.2160
vn -0.7661 -0.6415 0.0409
vn 0.0551 -0.3280 0.9431
vn 0.0625 -0.3086 0.9491
vn 0.0552 -0.3101 0.9491
vn 0.0699 -0.2954 0.9528
vn 0.0717 -0.2952 0.9527
vn 0.0711 -0.3064 0.9492
vn 0.3152 0.5431 -0.7783
vn 0.4269 0.5978 -0.6785
vn 0.4270 0.5979 -0.6784
vn 0.3151 0.5430 -0.7783
vn -0.2330 0.1606 -0.9591
vn -0.2264 0.1660 -0.9598
vn -0.2196 0.1716 -0.9604
vn -0.2588 0.1383 -0.9560
vn -0.7917 -0.5501 -0.2657
vn -0.7917 -0.5500 -0.2658
vn -0.7740 -0.4828 -0.4097
vn -0.7740 -0.4827 -0.4098
vn 0.7936 0.5257 0.3063
vn 0.7443 0.3627 0.5607
vn 0.7919 0.5244 0.3128
vn 0.7489 0.3638 0.5539
vn 0.7393 0.3613 0.5683
vn 0.7899 0.5232 0.3198
vn 0.0687 -0.2952 0.9530
vn 0.0748 -0.2895 0.9542
vn 0.0748 -0.2892 0.9543
vn 0.0783 -0.2862 0.9550
vn 0.0780 -0.2865 0.9549
vn 0.0749 -0.2898 0.9542
vn 0.7561 0.6491 -0.0836
vn 0.7906 0.5987 0.1285
vn 0.7908 0.5988 0.1271
vn 0.7905 0.5986 0.1299
vn -0.3216 0.0826 -0.9433
vn -0.2206 0.1717 -0.9601
vn -0.3214 0.0825 -0.9433
vn -0.2212 0.1711 -0.9601
vn -0.3209 0.0824 -0.9435
vn 0.0786 -0.2859 0.9550
vn 0.0830 -0.2823 0.9557
vn 0.0837 -0.2816 0.9559
vn 0.0822 -0.2830 0.9556
vn 0.0435 -0.3123 0.9490
vn 0.1184 -0.2549 0.9597
vn 0.1187 -0.2547 0.9597
vn -0.1655 -0.4559 0.8745
vn -0.1656 -0.4559 0.8745
vn 0.0430 -0.3118 0.9492
vn -0.0016 0.3428 -0.9394
vn 0.1372 0.4380 -0.8884
vn 0.0003 0.3442 -0.9389
vn 0.1374 0.4381 -0.8883
vn 0.0022 0.3456 -0.9384
vn -0.1035 0.2659 -0.9584
vn 0.2320 0.4964 -0.8365
vn 0.1376 0.4383 -0.8882
vn -0.2074 0.1903 -0.9596
vn -0.1992 0.1911 -0.9611
vn -0.1599 0.2403 -0.9574
vn -0.1832 0.2099 -0.9604
vn -0.2260 0.1660 -0.9599
vn -0.2224 0.1688 -0.9602
vn -0.4301 -0.5992 0.6753
vn -0.4302 -0.5992 0.6752
vn 0.1757 -0.2071 0.9624
vn 0.1385 -0.2374 0.9615
vn 0.1405 -0.2370 0.9613
vn -0.1027 0.2690 -0.9577
vn -0.1523 0.2312 -0.9609
vn -0.1003 0.2772 -0.9556
vn -0.0738 0.2918 -0.9536
vn -0.5928 0.7504 0.2925
vn -0.5822 0.7597 0.2894
vn -0.5931 0.7500 0.2929
vn -0.5815 0.7604 0.2892
vn -0.5835 0.7586 0.2898
vn -0.5933 0.7497 0.2932
vn -0.3374 0.8992 0.2787
vn -0.4912 0.8240 0.2825
vn -0.1306 0.9627 0.2372
vn -0.3329 0.9012 0.2776
vn -0.1227 0.9644 0.2343
vn -0.3284 0.9032 0.2764
vn -0.5907 0.7605 0.2695
vn -0.5468 0.7942 0.2649
vn -0.5468 0.7942 0.2650
vn -0.5908 0.7604 0.2695
vn -0.5909 0.7603 0.2696
vn -0.1723 0.9499 0.2608
vn -0.1869 0.9504 0.2487
vn -0.1717 0.9499 0.2612
vn -0.1891 0.9501 0.2481
vn -0.3059 0.9191 0.2486
vn -0.3035 0.9197 0.2491
vn -0.1847 0.9507 0.2492
vn -0.1712 0.9498 0.2618
vn -0.2123 0.9366 0.2786
vn -0.1694 0.9550 0.2436
vn -0.1670 0.9558 0.2421
vn -0.2157 0.9355 0.2799
vn -0.2189 0.9343 0.2812
vn -0.1718 0.9541 0.2452
vn -0.3082 0.9184 0.2481
vn -0.4558 0.8522 0.2570
vn -0.4566 0.8518 0.2569
vn -0.4550 0.8525 0.2572
vn -0.5775 0.7673 0.2790
vn -0.5779 0.7670 0.2790
vn -0.5783 0.7667 0.2790
vn -0.5044 0.8133 0.2899
vn 0.5945 -0.7772 -0.2063
vn 0.5830 -0.7888 -0.1947
vn 0.5700 -0.8013 -0.1818
vn 0.5905 -0.7791 -0.2106
vn -0.6091 0.7454 0.2708
vn -0.6079 0.7464 0.2708
vn -0.6013 0.7510 0.2729
vn -0.6081 0.7465 0.2703
vn -0.6010 0.7508 0.2741
vn -0.6077 0.7464 0.2713
vn -0.5909 0.7555 0.2831
vn -0.5916 0.7543 0.2846
vn -0.5923 0.7533 0.2859
vn -0.6008 0.7505 0.2752
vn -0.0073 0.9829 0.1840
vn -0.0373 0.9838 0.1751
vn -0.0047 0.9832 0.1822
vn -0.0384 0.9838 0.1753
vn -0.0023 0.9836 0.1804
vn -0.1149 0.9660 0.2315
vn -0.1100 0.7487 -0.6538
vn -0.2138 0.9348 0.2837
vn -0.1958 0.9415 0.2744
vn -0.1962 0.9415 0.2741
vn -0.1955 0.9414 0.2747
vn -0.1149 0.9722 0.2041
vn -0.1166 0.9717 0.2053
vn -0.1182 0.9713 0.2065
vn -0.0397 0.9837 0.1756
vn 0.6087 -0.7458 -0.2706
vn 0.6091 -0.7454 -0.2708
vn 0.6086 -0.7458 -0.2709
vn 0.6092 -0.7453 -0.2708
vn 0.6093 -0.7453 -0.2708
vn 0.6091 -0.7454 -0.2709
vn 0.6086 -0.7457 -0.2712
vn 0.6093 -0.7453 -0.2707
vn 0.6092 -0.7454 -0.2707
vn 0.6091 -0.7456 -0.2704
vn 0.6092 -0.7454 -0.2706
vn 0.6082 -0.7463 -0.2702
vn 0.6080 -0.7462 -0.2711
vn 0.6080 -0.7460 -0.2717
vn 0.6077 -0.7464 -0.2712
vn 0.6080 -0.7467 -0.2699
vn 0.6092 -0.7453 -0.2709
vn 0.6088 -0.7455 -0.2712
vn 0.6091 -0.7453 -0.2711
vn 0.6086 -0.7461 -0.2699
vn 0.6090 -0.7458 -0.2699
vn 0.6089 -0.7457 -0.2704
vn 0.6086 -0.7464 -0.2693
vn 0.6092 -0.7459 -0.2694
vn 0.6084 -0.7456 -0.2719
vn 0.6089 -0.7454 -0.2715
vn 0.6083 -0.7455 -0.2724
vn 0.6078 -0.7459 -0.2722
vn 0.6092 -0.7453 -0.2710
vn 0.6089 -0.7453 -0.2717
vn 0.6092 -0.7455 -0.2703
vn 0.6093 -0.7454 -0.2705
vn 0.6093 -0.7455 -0.2701
vn -0.2245 0.1660 -0.9602
vn -0.2219 0.1684 -0.9604
vn -0.2332 0.1585 -0.9594
vn -0.2323 0.1589 -0.9596
vn -0.2239 0.1663 -0.9603
vn -0.2211 0.1688 -0.9605
vn -0.3199 0.0827 -0.9438
vn -0.3189 0.0832 -0.9441
vn -0.5210 -0.1175 -0.8455
vn 0.7885 0.6057 0.1071
vn 0.0416 -0.3123 0.9491
vn 0.0406 -0.3133 0.9488
vn 0.1297 -0.2442 0.9610
vn 0.0271 -0.2134 0.9766
vn 0.0622 -0.3043 0.9505
vn 0.9054 0.1877 -0.3808
vn 0.9533 0.2063 -0.2208
vn 0.9540 0.2081 -0.2157
vn 0.9027 0.1858 -0.3880
vn 0.9479 0.2236 -0.2268
vn 0.9758 0.2127 -0.0510
vn 0.9756 0.2143 -0.0470
vn 0.7284 0.5461 0.4138
vn 0.7017 0.3845 0.5998
vn 0.6291 0.4978 0.5970
vn 0.8206 0.3829 0.4243
vn 0.8005 0.4307 0.4167
vn 0.7301 0.3386 0.5936
vn 0.5503 0.3023 0.7783
vn 0.4559 0.3907 0.7997
vn 0.8206 0.1899 0.5391
vn 0.8905 0.2166 0.4001
vn 0.8911 0.2264 0.3933
vn 0.7096 0.1294 0.6926
vn 0.8169 0.1826 0.5471
vn 0.7073 0.1196 0.6968
vn 0.8174 0.1693 0.5506
vn 0.8921 0.2008 0.4048
vn 0.5000 0.1570 -0.8517
vn 0.3555 0.1071 -0.9285
vn 0.3832 0.0923 -0.9191
vn 0.6190 0.2213 -0.7535
vn 0.4777 0.1722 -0.8615
vn 0.5903 0.2354 -0.7721
vn 0.4480 0.2078 -0.8696
vn 0.3250 0.1422 -0.9350
vn -0.1866 -0.2403 -0.9526
vn -0.0804 -0.1122 -0.9904
vn -0.2494 -0.1953 -0.9485
vn -0.0339 -0.1493 -0.9882
vn 0.0653 -0.0418 -0.9970
vn 0.0406 0.0150 -0.9991
vn -0.1105 -0.0363 -0.9932
vn -0.3075 -0.1023 -0.9460
vn -0.1867 -0.1419 0.9721
vn -0.1498 -0.0848 0.9851
vn -0.1045 -0.0890 0.9905
vn -0.3203 -0.2380 0.9169
vn -0.2620 -0.1563 0.9523
vn -0.3932 -0.2377 0.8882
vn -0.3556 -0.1258 0.9261
vn -0.2316 -0.0516 0.9715
vn -0.7576 -0.5840 -0.2914
vn -0.7170 -0.4577 -0.5258
vn -0.8098 -0.5053 -0.2981
vn -0.6549 -0.5281 -0.5405
vn -0.5873 -0.3832 -0.7129
vn -0.6775 -0.2558 -0.6896
vn -0.8011 -0.3086 -0.5129
vn -0.8939 -0.3420 -0.2897
vn -0.4764 -0.3434 0.8094
vn -0.6125 -0.4316 0.6623
vn -0.5335 -0.3154 0.7848
vn -0.6722 -0.3898 0.6295
vn -0.5905 -0.2326 0.7728
vn -0.4679 -0.1856 0.8641
vn 0.6038 0.2694 0.7502
vn 0.3375 0.1776 0.9244
vn 0.4095 0.1613 0.8980
vn 0.1316 0.0597 0.9895
vn 0.0436 0.1082 0.9932
vn 0.2311 0.2347 0.9442
vn 0.1758 0.0423 0.9835
vn -0.0296 -0.0221 0.9993
vn -0.0100 -0.0441 0.9990
vn -0.0940 0.0249 0.9953
vn 0.8912 0.4128 0.1882
vn 0.8841 0.4583 -0.0907
vn 0.9084 0.4134 -0.0621
vn 0.8711 0.4608 0.1699
vn 0.7999 0.5752 0.1709
vn 0.8196 0.5635 -0.1034
vn -0.7234 -0.5108 0.4645
vn -0.8452 -0.5013 0.1851
vn -0.7857 -0.4561 0.4180
vn -0.9210 -0.3480 0.1752
vn -0.8545 -0.3190 0.4099
vn -0.7330 -0.2785 0.6206
vn -0.7881 -0.5686 0.2357
vn -0.8525 -0.5197 -0.0554
vn -0.8022 -0.5967 -0.0228
vn -0.9330 -0.3563 -0.0510
vn 0.7398 0.2904 -0.6069
vn 0.8339 0.3514 -0.4256
vn 0.7032 0.3069 -0.6413
vn 0.7985 0.3780 -0.4686
vn 0.6462 0.3488 -0.6789
vn 0.5492 0.2711 -0.7905
vn 0.1063 -0.0668 -0.9921
vn 0.2117 0.0320 -0.9768
vn 0.2486 0.0154 -0.9685
vn 0.1809 0.0729 -0.9808
vn -0.5127 -0.4418 -0.7362
vn -0.4288 -0.2912 -0.8552
vn -0.3514 -0.3413 -0.8718
vn -0.5158 -0.1830 -0.8370
vn -0.6815 -0.4217 -0.5981
vn -0.4926 -0.3725 -0.7865
vn -0.6607 -0.4100 -0.6288
vn -0.5171 -0.3915 -0.7611
vn -0.2702 -0.3066 -0.9127
vn -0.4618 -0.3575 -0.8117
vn -0.6388 -0.3926 -0.6616
vn 0.3059 -0.0508 -0.9507
vn 0.1624 -0.1251 -0.9788
vn 0.1532 -0.1302 -0.9796
vn 0.4053 0.0009 -0.9142
vn 0.3087 -0.0489 -0.9499
vn 0.4093 0.0019 -0.9124
vn 0.3140 -0.0454 -0.9483
vn 0.1713 -0.1166 -0.9783
vn 0.7792 0.1663 -0.6044
vn 0.6330 0.0974 -0.7680
vn 0.6268 0.0985 -0.7729
vn 0.8889 0.2199 -0.4018
vn 0.7827 0.1628 -0.6007
vn 0.8913 0.2145 -0.3995
vn 0.7894 0.1526 -0.5946
vn 0.6424 0.0916 -0.7609
vn 0.9004 0.3733 -0.2234
vn 0.8851 0.3913 -0.2518
vn 0.8548 0.3386 -0.3932
vn 0.9209 0.3275 -0.2115
vn 0.9392 0.3411 -0.0394
vn 0.9193 0.3911 -0.0436
vn -0.8875 -0.4549 -0.0731
vn -0.8729 -0.4612 0.1594
vn -0.8739 -0.4685 0.1293
vn -0.8580 -0.4424 -0.2609
vn -0.8900 -0.4519 -0.0608
vn -0.8601 -0.4364 -0.2642
vn -0.8937 -0.4462 -0.0463
vn -0.8704 -0.4550 0.1882
vn -0.6791 -0.4211 0.6013
vn -0.8022 -0.4543 0.3873
vn -0.6625 -0.4122 0.6255
vn -0.8094 -0.4635 0.3607
vn -0.7906 -0.4462 0.4194
vn -0.6439 -0.4025 0.6507
vn 0.9521 0.2517 0.1738
vn 0.9667 0.2486 -0.0604
vn 0.9643 0.2568 -0.0646
vn 0.9534 0.2425 0.1796
vn 0.9567 0.2251 0.1846
vn 0.9712 0.2316 -0.0556
vn 0.0292 -0.1183 0.9925
vn 0.2845 -0.0484 0.9575
vn 0.2632 -0.0540 0.9632
vn -0.0947 -0.1459 0.9848
vn 0.0627 -0.1146 0.9914
vn -0.0785 -0.1533 0.9851
vn 0.0908 -0.1263 0.9878
vn 0.3012 -0.0497 0.9523
vn 0.7175 0.1329 0.6838
vn 0.5282 0.0448 0.8479
vn 0.5303 0.0451 0.8466
vn 0.5272 0.0406 0.8488
vn -0.3070 -0.2631 0.9146
vn -0.4806 -0.3420 0.8075
vn -0.3051 -0.2632 0.9152
vn -0.4949 -0.3498 0.7954
vn -0.4646 -0.3334 0.8203
vn -0.2966 -0.2625 0.9182
vn -0.7828 -0.4240 -0.4555
vn -0.7912 -0.4334 -0.4314
vn -0.7729 -0.4129 -0.4817
vn -0.8620 -0.4304 -0.2679
vn -0.1786 -0.1973 0.9639
vn -0.1768 -0.1880 0.9661
vn -0.1633 -0.2128 0.9634
vn -0.0552 -0.1779 0.9825
vn -0.0569 -0.2272 -0.9722
vn -0.3004 -0.3252 -0.8967
vn -0.0344 -0.2186 -0.9752
vn -0.0147 -0.2031 -0.9791
vn -0.2327 -0.2879 -0.9290
vn 0.4978 0.0432 -0.8662
vn 0.5043 0.0437 -0.8624
vn 0.5142 0.0414 -0.8566
vn 0.4167 0.0023 -0.9090
vn 0.8229 0.1580 0.5457
vn 0.8834 0.2346 0.4057
vn 0.8961 0.1840 0.4039
vn 0.7076 0.1612 0.6880
vn 0.8117 0.2058 0.5467
vn 0.7833 0.2789 0.5555
vn 0.8563 0.3121 0.4116
vn 0.8556 0.4288 -0.2900
vn 0.7922 0.5176 -0.3234
vn 0.7347 0.4417 -0.5150
vn -0.5793 -0.3617 -0.7304
vn -0.3274 -0.3106 -0.8924
vn -0.5306 -0.3811 -0.7571
vn -0.3773 -0.3178 -0.8698
vn -0.1294 -0.2384 -0.9625
vn -0.1082 -0.2365 -0.9656
vn -0.2890 -0.3305 -0.8985
vn -0.4802 -0.4241 -0.7678
vn 0.3364 -0.0303 -0.9412
vn 0.2091 -0.0791 -0.9747
vn 0.1987 -0.0945 -0.9755
vn 0.4420 0.0127 -0.8969
vn 0.3436 -0.0099 -0.9391
vn 0.4489 0.0388 -0.8928
vn 0.3314 0.0158 -0.9434
vn 0.1983 -0.0620 -0.9782
vn 0.8041 0.1451 -0.5765
vn 0.6663 0.1277 -0.7346
vn 0.6647 0.0911 -0.7415
vn 0.8002 0.1853 -0.5704
vn 0.8972 0.2312 -0.3763
vn 0.7840 0.2460 -0.5699
vn 0.6565 0.1814 -0.7322
vn 0.9396 0.2469 -0.2370
vn 0.9403 0.2462 -0.2350
vn 0.8881 0.2204 -0.4033
vn 0.9384 0.2467 -0.2420
vn 0.9632 0.2582 -0.0744
vn 0.9638 0.2578 -0.0680
vn -0.8944 -0.4471 -0.0102
vn -0.8272 -0.4838 0.2859
vn -0.8559 -0.4497 0.2553
vn -0.8581 -0.4283 -0.2834
vn -0.8687 -0.4953 0.0075
vn -0.7773 -0.5594 -0.2878
vn -0.8203 -0.5717 0.0163
vn -0.7836 -0.5442 0.2997
vn -0.7522 -0.4353 0.4948
vn -0.5755 -0.3888 0.7194
vn -0.6000 -0.3889 0.6991
vn -0.7223 -0.4456 0.5288
vn -0.6855 -0.4883 0.5400
vn -0.5513 -0.4120 0.7255
vn 0.9602 0.2064 0.1881
vn 0.9638 0.2632 -0.0428
vn 0.9473 0.2572 0.1910
vn 0.9210 0.3371 0.1954
vn 0.0883 -0.1550 0.9840
vn 0.2618 -0.0388 0.9643
vn 0.2924 -0.0614 0.9543
vn -0.0086 -0.1932 0.9811
vn 0.0568 -0.1324 0.9896
vn -0.0061 -0.1596 0.9872
vn 0.0174 -0.0886 0.9959
vn 0.2204 0.0040 0.9754
vn 0.5328 0.0418 0.8452
vn 0.7157 0.1156 0.6887
vn 0.5224 0.0799 0.8489
vn 0.4926 0.1336 0.8599
vn 0.6812 0.2273 0.6959
vn -0.2462 -0.2449 0.9378
vn -0.4008 -0.3118 0.8615
vn -0.2153 -0.2280 0.9496
vn -0.4241 -0.3141 0.8494
vn -0.3934 -0.3195 0.8621
vn -0.2079 -0.2152 0.9542
vn -0.7075 -0.4392 -0.5536
vn -0.8290 -0.4798 -0.2874
vn -0.7469 -0.3994 -0.5316
vn -0.6541 -0.5051 -0.5630
vn -0.0651 -0.1731 0.9827
vn -0.0985 -0.2062 0.9735
vn -0.0609 -0.1352 0.9889
vn -0.0263 -0.1115 0.9934
vn 0.0320 -0.1701 -0.9849
vn -0.1630 -0.2520 -0.9539
vn 0.0536 -0.1590 -0.9858
vn 0.0524 -0.1474 -0.9877
vn 0.5404 0.0467 -0.8401
vn 0.5458 0.0786 -0.8342
vn 0.5390 0.1237 -0.8332
vn 0.4407 0.0750 -0.8945
vn 0.8327 0.3608 0.4200
vn 0.7537 0.3198 0.5741
vn -0.2968 -0.3479 -0.8893
vn -0.4708 -0.4511 -0.7582
vn -0.1303 -0.2462 -0.9604
vn 0.2955 0.0189 -0.9551
vn 0.1597 -0.0647 -0.9850
vn 0.4158 0.0904 -0.9050
vn 0.6396 0.2128 -0.7386
vn 0.8767 0.2982 -0.3775
vn 0.7632 0.2815 -0.5816
vn -0.7912 -0.6115 0.0063
vn -0.7651 -0.5789 0.2820
vn -0.7465 -0.6001 -0.2874
vn -0.6869 -0.5113 0.5164
vn -0.5713 -0.4242 0.7026
vn 0.9002 0.3885 0.1970
vn 0.1944 0.0325 0.9804
vn -0.0043 -0.0568 0.9984
vn -0.0639 -0.0892 0.9940
vn 0.6463 0.2576 0.7183
vn 0.4570 0.1576 0.8754
vn -0.4277 -0.3278 0.8424
vn -0.2496 -0.2181 0.9434
vn -0.6306 -0.5412 -0.5562
vn -0.1080 -0.1284 0.9858
vn 0.0200 -0.1525 -0.9881
vn 0.5214 0.1494 -0.8401
vn 0.3064 0.0285 -0.9515
vn 0.1450 0.0020 -0.9894
vn 0.2270 0.0003 -0.9739
vn 0.2133 0.0237 -0.9767
vn -0.0677 -0.0564 -0.9961
vn -0.1385 -0.0039 -0.9904
vn 0.0565 0.0358 -0.9978
vn 0.1379 0.0370 -0.9898
vn -0.8148 -0.4073 0.4127
vn -0.8580 -0.3895 0.3348
vn -0.8473 -0.4754 0.2370
vn -0.6986 -0.2924 0.6531
vn -0.7933 -0.3085 0.5249
vn -0.6528 -0.1956 0.7318
vn -0.8049 -0.1202 0.5810
vn -0.9038 -0.1921 0.3825
vn 0.2199 0.3922 -0.8932
vn 0.1304 0.7603 -0.6363
vn 0.1731 0.4307 -0.8858
vn 0.2261 0.7055 -0.6717
vn 0.1002 0.9263 -0.3632
vn 0.0158 0.9551 -0.2959
vn 0.0573 0.8143 -0.5776
vn 0.1395 0.4904 -0.8603
vn -0.0438 0.8554 0.5160
vn -0.1548 0.8010 0.5783
vn -0.1147 0.8715 0.4768
vn -0.0891 0.7873 0.6100
vn -0.1889 0.7294 0.6575
vn -0.2139 0.7400 0.6376
vn -0.1876 0.8115 0.5534
vn -0.1510 0.8833 0.4438
vn 0.5853 0.5282 -0.6152
vn 0.5059 0.3101 -0.8049
vn 0.6053 0.4535 -0.6542
vn 0.5319 0.6217 -0.5749
vn 0.4835 0.3617 -0.7971
vn 0.4387 0.4258 -0.7914
vn 0.3950 0.2082 -0.8948
vn 0.4480 0.1862 -0.8744
vn -0.4188 -0.0146 0.9080
vn -0.4304 0.0387 0.9018
vn -0.3809 0.0374 0.9239
vn -0.4547 -0.0153 0.8905
vn -0.4256 0.0472 0.9037
vn -0.3489 0.2312 0.9082
vn -0.3479 0.2059 0.9146
vn -0.3077 0.1842 0.9335
vn 0.2545 0.0665 -0.9648
vn 0.2492 0.1217 -0.9608
vn 0.2476 0.0578 -0.9671
vn 0.2692 0.0696 -0.9606
vn 0.2618 0.1160 -0.9581
vn 0.2880 0.1080 -0.9515
vn 0.3080 0.2770 -0.9102
vn 0.2882 0.3226 -0.9016
vn -0.3589 0.0765 0.9302
vn -0.3246 0.3222 0.8893
vn -0.3186 0.3072 0.8967
vn -0.3547 0.0072 0.9350
vn -0.3513 0.0841 0.9325
vn -0.3421 0.0111 0.9396
vn -0.3279 0.1014 0.9393
vn -0.3175 0.3431 0.8840
vn 0.3356 0.8398 -0.4268
vn 0.3604 0.5808 -0.7300
vn 0.4081 0.7834 -0.4688
vn 0.2213 0.8890 -0.4009
vn 0.3106 0.6479 -0.6955
vn 0.2621 0.3615 -0.8948
vn -0.3812 0.0015 0.9245
vn -0.3665 0.0720 0.9276
vn -0.3784 0.0667 0.9233
vn -0.3668 0.0042 0.9303
vn -0.3122 0.2959 0.9028
vn -0.3156 0.2806 0.9065
vn -0.3832 -0.0981 0.9184
vn -0.4176 -0.0637 0.9064
vn -0.4003 -0.1052 0.9103
vn -0.3320 -0.0795 0.9399
vn -0.4009 -0.0579 0.9143
vn -0.3200 -0.0254 0.9471
vn -0.4607 0.0635 0.8853
vn -0.4744 0.0606 0.8782
vn 0.4510 0.0341 -0.8919
vn 0.4671 0.0536 -0.8826
vn 0.4901 0.0801 -0.8680
vn 0.4453 0.0140 -0.8953
vn 0.3757 0.0119 -0.9267
vn 0.3336 0.0742 -0.9398
vn 0.4575 0.1200 -0.8811
vn 0.5032 0.1463 -0.8517
vn -0.0399 0.6848 0.7276
vn -0.0191 0.7759 0.6305
vn 0.0418 0.7658 0.6417
vn -0.0790 0.7006 0.7092
vn 0.0341 0.8388 0.5434
vn 0.1023 0.8242 0.5570
vn 0.0933 0.4733 0.8760
vn 0.2614 0.6764 0.6885
vn 0.3614 0.6268 0.6903
vn 0.0563 0.5614 0.8256
vn 0.1832 0.7200 0.6694
vn 0.2853 0.7765 0.5618
vn 0.3921 0.7368 0.5508
vn 0.4815 0.7060 0.5194
vn 0.1118 0.9816 0.1548
vn -0.0600 0.9410 0.3329
vn 0.0015 0.9911 0.1334
vn 0.0239 0.9270 0.3744
vn -0.1055 0.9467 0.3043
vn -0.0581 0.9896 0.1316
vn -0.8293 -0.5014 -0.2465
vn -0.7552 -0.4028 -0.5170
vn -0.7973 -0.4493 -0.4029
vn -0.8476 -0.5245 -0.0807
vn -0.8283 -0.4644 -0.3135
vn -0.8768 -0.4763 -0.0659
vn -0.8783 -0.3174 -0.3577
vn -0.7525 -0.2353 -0.6152
vn 0.3027 0.0700 -0.9505
vn 0.3575 0.0700 -0.9313
vn 0.3381 0.1029 -0.9354
vn 0.4029 0.0999 -0.9098
vn 0.3426 0.2366 -0.9092
vn -0.2740 -0.0200 0.9615
vn -0.3018 0.0369 0.9527
vn -0.2353 0.0368 0.9712
vn -0.3414 -0.0099 0.9399
vn -0.2483 0.1634 0.9548
vn -0.2070 0.1490 0.9669
vn -0.0373 -0.0631 -0.9973
vn -0.3485 -0.1574 -0.9240
vn -0.3656 -0.2024 -0.9085
vn -0.5559 -0.2525 -0.7920
vn -0.5680 -0.1215 -0.8140
vn -0.3900 -0.0687 -0.9183
vn -0.7362 -0.3815 -0.5590
vn -0.6135 -0.3106 -0.7261
vn -0.6697 -0.3294 -0.6656
vn -0.6671 -0.1656 -0.7263
vn -0.4608 0.8832 -0.0869
vn -0.4609 0.8832 -0.0868
vn 0.1122 0.9062 0.4078
vn 0.1856 0.8867 0.4235
vn 0.2178 0.9606 0.1727
vn 0.3033 0.9370 0.1733
vn 0.3081 0.9411 -0.1394
vn 0.3953 0.9037 -0.1645
vn 0.1870 0.9741 -0.1274
vn 0.5095 0.7844 0.3537
vn 0.5875 0.7544 0.2927
vn 0.3913 0.8288 0.4000
vn 0.5166 0.8502 0.1011
vn 0.6170 0.7867 0.0189
vn 0.6742 0.7367 -0.0525
vn 0.6797 0.6287 -0.3778
vn 0.5737 0.7710 -0.2765
vn 0.6385 0.6900 -0.3410
vn 0.0593 0.9920 -0.1110
vn -0.0111 0.9969 -0.0775
vn -0.2164 0.5708 0.7921
vn -0.1336 0.7141 0.6872
vn -0.2491 0.5867 0.7705
vn -0.2586 0.6064 0.7519
vn 0.2561 -0.9587 -0.1235
vn 0.3509 -0.9340 -0.0668
vn 0.2650 -0.9548 -0.1345
vn 0.2411 -0.9650 -0.1030
vn 0.3390 -0.9397 -0.0454
vn 0.3243 -0.9458 -0.0181
vn 0.3956 -0.9182 0.0174
vn 0.4066 -0.9136 -0.0067
vn -0.1767 0.2830 0.9427
vn -0.1973 0.2390 0.9508
vn -0.1712 0.3514 0.9205
vn -0.0593 0.3031 0.9511
vn -0.1627 0.2242 0.9609
vn -0.3734 0.9252 -0.0685
vn -0.2760 0.9603 -0.0414
vn -0.2751 0.9605 -0.0412
vn -0.3757 0.9241 -0.0694
vn -0.2775 0.9598 -0.0418
vn -0.1647 0.9863 -0.0091
vn -0.1645 0.9863 -0.0089
vn -0.1643 0.9864 -0.0087
vn -0.1749 0.4096 0.8953
vn -0.1764 0.4576 0.8715
vn 0.0239 0.6204 0.7839
vn -0.1863 0.5546 0.8110
vn -0.1728 0.5327 0.8285
vn -0.5208 0.1556 0.8394
vn -0.3576 0.0996 0.9286
vn -0.5084 0.1506 0.8478
vn -0.4042 0.1815 0.8965
vn -0.4990 0.0792 0.8630
vn -0.5310 0.0792 0.8437
vn -0.8542 -0.5134 0.0825
vn -0.8837 -0.4432 0.1506
vn -0.9532 -0.2353 0.1897
vn -0.9583 -0.2844 -0.0272
vn -0.0123 0.9827 0.1850
vn 0.2499 0.9036 0.3479
vn 0.0349 0.9994 -0.0060
vn 0.3391 0.9305 0.1387
vn 0.0645 0.9786 -0.1952
vn -0.1061 0.8735 0.4752
vn 0.0837 0.7708 0.6316
vn -0.0600 0.9380 0.3414
vn 0.1589 0.8473 0.5068
vn -0.4573 0.8851 -0.0868
vn -0.4607 0.8833 -0.0869
vn -0.4572 0.8851 -0.0867
vn -0.4608 0.8832 -0.0868
vn 0.1625 0.5703 -0.8052
vn 0.2139 0.1374 -0.9671
vn 0.3855 0.6303 -0.6738
vn 0.2933 0.2004 -0.9348
vn 0.6007 0.3590 -0.7144
vn 0.3524 0.0820 -0.9323
vn 0.2448 0.0247 -0.9692
vn 0.0863 0.8783 -0.4702
vn 0.4187 0.8387 -0.3484
vn -0.1715 0.7112 0.6818
vn -0.0350 0.5676 0.8226
vn -0.1456 0.7927 0.5919
vn 0.0168 0.6704 0.7418
vn -0.2522 0.3613 0.8977
vn -0.1179 0.3452 0.9311
vn -0.2039 0.6008 0.7730
vn -0.0685 0.4687 0.8807
vn -0.3089 0.0258 0.9507
vn -0.2358 0.1371 0.9621
vn -0.2000 0.0737 0.9770
vn -0.0631 0.1904 0.9797
vn -0.4585 0.8846 -0.0858
vn -0.9368 0.0094 0.3496
vn -0.9589 0.0132 0.2836
vn -0.9902 0.0086 0.1396
vn -0.9596 0.0381 -0.2789
vn -0.9968 0.0329 -0.0732
vn -0.8391 0.0493 -0.5418
vn -0.7476 0.0227 -0.6637
vn -0.8347 0.0021 -0.5508
vn -0.6487 0.0009 -0.7610
vn -0.9373 -0.0254 -0.3475
vn -0.7228 0.0013 -0.6911
vn -0.4795 0.0175 -0.8774
vn -0.5565 0.0239 -0.8305
vn -0.2249 0.0606 -0.9725
vn -0.6495 -0.0244 0.7600
vn -0.8285 0.0561 0.5572
vn -0.6648 0.1220 0.7370
vn -0.8539 0.0384 0.5190
vn -0.2359 0.1354 0.9623
vn -0.2714 0.2156 0.9380
vn -0.2667 0.1703 0.9486
vn -0.3984 0.1156 0.9099
vn -0.0874 0.9960 0.0179
vn -0.0874 0.9960 0.0181
vn -0.0873 0.9960 0.0178
vn -0.0545 0.9979 0.0340
vn -0.0548 0.9979 0.0341
vn -0.0551 0.9979 0.0343
vn 0.4133 -0.9103 -0.0239
vn 0.4440 -0.8960 0.0046
vn 0.4139 -0.9097 -0.0330
vn 0.4381 -0.8988 0.0156
vn 0.4308 -0.9019 0.0309
vn 0.4393 -0.8977 0.0347
vn 0.4457 -0.8948 0.0238
vn -0.4560 0.8859 -0.0850
vn -0.4559 0.8859 -0.0851
vn 0.1662 -0.9853 -0.0403
vn 0.2983 -0.9529 -0.0556
vn 0.2642 -0.9627 -0.0577
vn 0.1828 -0.9823 -0.0403
vn 0.3326 -0.9410 -0.0634
vn 0.4064 -0.9128 -0.0403
vn 0.3778 -0.9248 -0.0448
vn -0.2734 -0.0487 0.9607
vn -0.2343 0.0180 0.9720
vn -0.4222 0.9034 -0.0745
vn -0.4220 0.9035 -0.0745
vn -0.4224 0.9033 -0.0745
vn -0.3341 0.9413 -0.0489
vn -0.3349 0.9409 -0.0495
vn -0.3358 0.9406 -0.0501
vn 0.4212 0.0583 -0.9051
vn 0.4652 0.0945 -0.8801
vn 0.4951 0.1654 -0.8530
vn -0.0190 0.0911 -0.9957
vn 0.0755 0.0985 -0.9923
vn -0.2974 0.0687 -0.9523
vn -0.0738 0.1013 -0.9921
vn 0.0432 0.1156 -0.9924
vn 0.1546 0.1126 -0.9815
vn 0.1381 0.1389 -0.9806
vn 0.2902 0.1511 -0.9450
vn 0.2052 0.0394 -0.9779
vn 0.4257 0.1942 -0.8838
vn 0.4931 0.2227 -0.8410
vn 0.2734 0.1861 -0.9437
vn 0.4074 0.2403 -0.8811
vn 0.4886 0.2860 -0.8243
vn -0.5092 0.0466 0.8594
vn -0.5408 0.1612 0.8256
vn -0.5706 0.0921 0.8161
vn -0.6954 0.0800 0.7141
vn 0.5178 0.2593 -0.8153
vn 0.5484 0.3390 -0.7644
vn -0.5042 -0.1640 0.8479
vn -0.4832 -0.0965 0.8702
vn 0.3955 -0.0022 -0.9185
vn 0.2787 -0.0108 -0.9603
vn 0.3421 0.0044 -0.9396
vn 0.6564 0.4857 -0.5772
vn 0.7111 0.6072 -0.3545
vn 0.7299 0.6777 -0.0891
vn 0.6833 0.6958 0.2213
vn 0.5980 0.6582 0.4574
vn 0.4971 0.5953 0.6312
vn 0.2978 0.4580 0.8376
vn -0.8784 -0.1237 0.4617
vn -0.7407 -0.1023 0.6640
vn -0.9649 -0.1442 0.2195
vn -0.9992 0.0112 0.0381
vn -0.9885 -0.1514 -0.0060
vn -0.9542 -0.1381 -0.2653
vn -0.8517 -0.1261 -0.5086
vn -0.7341 -0.1015 -0.6714
vn -0.5711 -0.0556 -0.8190
vn -0.3298 0.0042 -0.9440
vn 0.0891 0.2847 0.9545
vn -0.0720 0.1642 0.9838
vn -0.1921 0.0841 0.9778
vn -0.3288 0.0083 0.9444
vn -0.4409 -0.0500 0.8962
vn -0.5160 -0.0777 0.8530
vn -0.6037 -0.0874 0.7924
vn 0.5867 0.3720 -0.7193
vn 0.5092 0.2992 -0.8070
vn 0.4173 0.2418 -0.8760
vn 0.2895 0.1770 -0.9406
vn 0.1521 0.1166 -0.9815
vn 0.0333 0.0789 -0.9963
vn -0.1080 0.0498 -0.9929
vn 0.1109 0.3552 0.9282
vn 0.0730 0.1980 0.9775
vn 0.1615 0.2617 0.9515
vn 0.0429 0.2721 0.9613
vn -0.0390 0.1391 0.9895
vn 0.3235 0.5462 0.7726
vn 0.2865 0.3431 0.8945
vn 0.4393 0.4206 0.7938
vn 0.2079 0.4519 0.8675
vn 0.6187 0.6323 0.4663
vn 0.6127 0.4551 0.6461
vn 0.7770 0.4564 0.4335
vn 0.4553 0.6113 0.6474
vn 0.9264 0.3728 0.0537
vn 0.7413 0.6202 0.2566
vn 0.8693 0.4242 0.2537
vn 0.8015 0.5972 0.0307
vn 0.3903 0.9179 -0.0721
vn 0.7973 0.5260 -0.2960
vn 0.9035 0.3281 -0.2756
vn 0.2425 0.0433 -0.9692
vn 0.2261 0.1163 -0.9671
vn 0.2378 0.0279 -0.9709
vn 0.2386 0.1213 -0.9635
vn 0.4747 0.8538 -0.2136
vn 0.3924 0.9073 0.1514
vn 0.4639 0.7131 -0.5256
vn -0.4343 -0.0089 0.9007
vn -0.3982 0.0585 0.9154
vn -0.4026 -0.0024 0.9154
vn -0.3299 0.2583 0.9080
vn 0.3941 0.5035 -0.7689
vn 0.0568 -0.9773 -0.2042
vn -0.0355 -0.9755 -0.2173
vn -0.0216 -0.9815 -0.1902
vn 0.1073 -0.9738 -0.2003
vn 0.0536 -0.9731 -0.2242
vn 0.1126 -0.9697 -0.2168
vn 0.0378 -0.9751 -0.2184
vn -0.0600 -0.9739 -0.2188
vn -0.4607 0.8833 -0.0870
vn -0.4607 0.8833 -0.0868
vn 0.1040 0.7506 0.6525
vn -0.0097 0.6604 0.7509
vn 0.1789 0.8074 0.5623
vn 0.2688 0.8655 0.4228
vn 0.3693 -0.9260 0.0786
vn 0.4186 -0.9042 0.0847
vn 0.4035 -0.9115 0.0795
vn 0.2718 -0.9604 0.0613
vn 0.3877 -0.9171 0.0925
vn 0.3176 -0.9445 0.0841
vn 0.4164 -0.9039 0.0977
vn 0.4373 -0.8942 0.0959
vn -0.8805 -0.4668 -0.0821
vn -0.8874 -0.4544 0.0772
vn -0.8805 -0.4669 -0.0822
vn -0.8806 -0.4668 -0.0818
vn -0.8875 -0.4543 0.0774
vn -0.8874 -0.4543 0.0778
vn -0.8718 -0.4305 0.2337
vn -0.8719 -0.4306 0.2333
vn 0.0968 -0.9818 -0.1633
vn 0.0683 -0.9826 -0.1730
vn 0.0933 -0.9827 -0.1600
vn 0.0067 -0.9869 -0.1610
vn 0.0622 -0.9834 -0.1706
vn 0.0263 -0.9854 -0.1684
vn 0.0709 -0.9824 -0.1726
vn 0.0907 -0.9833 -0.1576
vn 0.7844 0.4459 0.4313
vn 0.8280 0.4548 0.3282
vn 0.7713 0.3931 0.5005
vn 0.7893 0.4521 0.4155
vn 0.8332 0.4623 0.3035
vn 0.8477 0.4019 -0.3462
vn 0.8582 0.3819 -0.3430
vn 0.6027 0.1743 -0.7787
vn -0.0203 -0.1101 -0.9937
vn -0.3327 -0.2644 -0.9052
vn -0.0189 -0.1096 -0.9938
vn -0.0214 -0.1109 -0.9936
vn -0.3335 -0.2648 -0.9048
vn -0.3343 -0.2653 -0.9043
vn -0.5715 -0.3716 -0.7317
vn -0.5712 -0.3713 -0.7321
vn 0.1736 -0.9671 -0.1862
vn 0.1620 -0.9720 -0.1701
vn 0.1744 -0.9670 -0.1859
vn 0.1055 -0.9719 -0.2104
vn -0.0470 -0.9863 -0.1581
vn 0.0350 -0.9915 -0.1255
vn 0.0641 -0.9917 -0.1110
vn -0.0708 -0.9798 -0.1869
vn -0.1018 -0.9755 -0.1950
vn 0.0061 -0.9918 -0.1276
vn 0.2270 -0.9708 -0.0779
vn 0.2128 -0.9754 -0.0581
vn 0.3118 -0.9501 0.0107
vn 0.3007 -0.9532 0.0304
vn 0.3760 -0.9238 0.0724
vn 0.3840 -0.9222 0.0459
vn 0.2179 -0.9746 -0.0513
vn 0.3020 -0.9532 0.0121
vn 0.3250 -0.9457 0.0061
vn 0.1885 -0.9808 -0.0495
vn 0.1581 -0.9865 -0.0430
vn 0.2829 -0.9589 0.0237
vn 0.4252 -0.9036 0.0522
vn 0.3933 -0.9192 0.0177
vn 0.3735 -0.9276 0.0075
vn 0.4464 -0.8919 0.0720
vn 0.4367 -0.8977 0.0587
vn 0.4548 -0.8875 0.0746
vn 0.4453 -0.8936 0.0573
vn 0.4106 -0.9115 0.0244
vn -0.0548 -0.9947 -0.0869
vn -0.1692 -0.9778 -0.1239
vn -0.0608 -0.9960 -0.0661
vn -0.1595 -0.9756 -0.1510
vn -0.1454 -0.9841 -0.1024
vn -0.1443 -0.9858 -0.0863
vn -0.1628 -0.9799 -0.1151
vn -0.0462 -0.9975 -0.0536
vn 0.2765 -0.9598 -0.0476
vn 0.3503 -0.9366 0.0042
vn 0.1217 -0.9878 -0.0971
vn 0.2482 -0.9674 -0.0503
vn 0.0926 -0.9908 -0.0987
vn 0.2527 -0.9598 -0.1221
vn 0.2198 -0.9724 -0.0786
vn 0.3518 -0.9331 -0.0753
vn 0.1156 -0.9892 -0.0903
vn 0.0064 -0.9992 -0.0382
vn 0.0381 -0.9941 -0.1016
vn 0.0779 -0.9964 -0.0320
vn 0.0662 -0.9977 -0.0160
vn -0.0008 -0.9999 -0.0154
vn 0.0010 -0.9910 -0.1335
vn -0.0252 -0.9906 -0.1342
vn -0.0106 -0.9865 -0.1635
vn -0.1258 0.9921 -0.0031
vn -0.2259 0.9736 -0.0322
vn -0.1213 0.9926 -0.0013
vn -0.1302 0.9915 -0.0049
vn -0.2307 0.9724 -0.0335
vn -0.2356 0.9712 -0.0349
vn -0.3447 0.9367 -0.0620
vn -0.3414 0.9379 -0.0610
vn 0.1502 -0.9775 -0.1481
vn 0.1002 -0.9791 -0.1771
vn 0.1392 -0.9815 -0.1312
vn 0.3233 0.0511 -0.9449
vn 0.4644 0.1468 -0.8734
vn 0.4789 0.1624 -0.8627
vn 0.3061 0.0650 -0.9498
vn 0.2956 0.0568 -0.9536
vn -0.8257 -0.3891 0.4084
vn -0.8717 -0.4305 0.2342
vn -0.8255 -0.3891 0.4089
vn -0.8252 -0.3890 0.4096
vn -0.6995 -0.2998 0.6488
vn -0.7000 -0.2998 0.6481
vn 0.2709 -0.9617 0.0407
vn -0.0274 -0.9933 -0.1120
vn 0.1310 -0.9912 -0.0195
vn 0.1192 -0.9928 0.0069
vn 0.8667 0.4689 0.1701
vn 0.8613 0.4687 0.1961
vn 0.8613 0.4687 0.1962
vn 0.8548 0.4681 0.2240
vn 0.8548 0.4681 0.2239
vn 0.0791 -0.9819 -0.1719
vn 0.1539 -0.9760 -0.1539
vn -0.1324 -0.9741 -0.1832
vn -0.0935 -0.9768 -0.1927
vn -0.3437 -0.0862 0.9351
vn -0.3249 -0.0755 0.9427
vn -0.3460 -0.0874 0.9342
vn -0.3414 -0.0849 0.9361
vn -0.3232 -0.0745 0.9434
vn -0.3215 -0.0734 0.9441
vn -0.2818 -0.0510 0.9581
vn -0.2839 -0.0523 0.9574
vn 0.4381 -0.8928 0.1049
vn 0.4220 -0.9004 0.1062
vn 0.4197 -0.9010 0.1098
vn 0.4339 -0.8957 0.0973
vn 0.4182 -0.9027 0.1014
vn 0.3704 -0.9242 0.0933
vn 0.3718 -0.9231 0.0982
vn 0.4162 -0.9065 0.0710
vn 0.3721 -0.9240 0.0882
vn 0.4149 -0.9055 0.0890
vn 0.4290 -0.8990 0.0886
vn 0.4281 -0.9003 0.0786
vn 0.4282 -0.9009 0.0709
vn 0.1275 -0.9840 -0.1245
vn 0.1968 -0.9791 -0.0512
vn 0.1240 -0.9853 -0.1176
vn 0.1954 -0.9799 -0.0394
vn 0.1240 -0.9919 0.0290
vn 0.2864 -0.9545 0.0834
vn 0.1519 -0.9876 0.0402
vn 0.4229 -0.9048 0.0497
vn 0.4297 -0.9011 0.0590
vn 0.4337 -0.8998 0.0467
vn 0.3683 -0.9278 0.0597
vn 0.3979 -0.9144 0.0749
vn 0.3995 -0.9140 0.0709
vn 0.3644 -0.9286 0.0693
vn 0.4298 -0.9003 0.0684
vn 0.4378 -0.8961 0.0725
vn 0.4092 -0.9113 0.0466
vn 0.3926 -0.9185 0.0476
vn 0.4173 -0.9063 0.0677
vn -0.7146 -0.4280 -0.5533
vn -0.5719 -0.3718 -0.7312
vn -0.7146 -0.4282 -0.5531
vn -0.7148 -0.4283 -0.5528
vn -0.7989 -0.4558 -0.3924
vn -0.7989 -0.4557 -0.3925
vn 0.8706 0.4689 0.1492
vn 0.8697 0.4689 0.1540
vn 0.4065 -0.9111 0.0684
vn 0.3784 -0.9242 0.0520
vn 0.1464 -0.9844 -0.0972
vn 0.2991 -0.9533 -0.0420
vn 0.3179 -0.9477 -0.0291
vn 0.1712 -0.9814 -0.0872
vn -0.8510 -0.4674 -0.2395
vn -0.7990 -0.4558 -0.3922
vn -0.8510 -0.4674 -0.2393
vn 0.8419 0.4660 0.2721
vn 0.8228 0.4619 0.3312
vn 0.8228 0.4619 0.3313
vn 0.7906 0.4530 0.4119
vn 0.0281 -0.9897 -0.1402
vn 0.0462 -0.9899 -0.1344
vn 0.0363 -0.9853 -0.1668
vn 0.0056 -0.9834 -0.1812
vn -0.0341 -0.9925 -0.1174
vn -0.1276 -0.9811 -0.1455
vn -0.0594 -0.9964 -0.0598
vn -0.0632 -0.9973 -0.0362
vn 0.0571 -0.9822 -0.1789
vn -0.4230 -0.1296 0.8968
vn -0.4733 -0.1586 0.8665
vn -0.4052 -0.1194 0.9064
vn -0.4381 -0.1383 0.8882
vn -0.4750 -0.1598 0.8654
vn -0.4764 -0.1609 0.8644
vn -0.4538 -0.1479 0.8788
vn -0.4646 -0.1540 0.8720
vn 0.4082 0.1216 -0.9048
vn 0.3987 0.1220 -0.9089
vn 0.3965 0.1160 -0.9107
vn 0.4086 0.1222 -0.9045
vn 0.4178 0.1289 -0.8993
vn 0.3510 0.0985 -0.9312
vn 0.3563 0.0935 -0.9297
vn -0.3801 -0.1062 0.9188
vn -0.3639 -0.0973 0.9263
vn -0.3837 -0.1081 0.9171
vn -0.3763 -0.1043 0.9206
vn -0.3612 -0.0959 0.9275
vn -0.3585 -0.0945 0.9288
vn -0.2772 -0.0471 0.9597
vn -0.3257 -0.0748 0.9425
vn -0.2768 -0.0472 0.9598
vn -0.2755 -0.0470 0.9601
vn -0.3343 -0.0796 0.9391
vn -0.3419 -0.0838 0.9360
vn 0.2887 -0.9567 0.0366
vn 0.2892 -0.9562 0.0459
vn 0.6827 0.2124 -0.6992
vn 0.3739 0.0354 -0.9268
vn 0.3516 0.0306 -0.9357
vn 0.6884 0.2161 -0.6924
vn 0.3958 0.0399 -0.9175
vn 0.2634 0.0008 -0.9647
vn 0.2430 -0.0021 -0.9700
vn 0.2231 -0.0052 -0.9748
vn 0.4935 0.3379 0.8014
vn 0.6556 0.4057 0.6368
vn 0.6557 0.4058 0.6367
vn 0.4934 0.3379 0.8015
vn 0.6555 0.4057 0.6370
vn 0.7807 0.4503 0.4333
vn 0.7808 0.4504 0.4331
vn 0.7809 0.4504 0.4328
vn 0.2726 0.0455 -0.9611
vn 0.3020 0.0617 -0.9513
vn 0.3091 0.0656 -0.9488
vn 0.2698 0.0439 -0.9619
vn 0.2953 0.0579 -0.9537
vn 0.3451 0.0857 -0.9346
vn 0.3506 0.0887 -0.9323
vn 0.3568 0.0922 -0.9296
vn 0.3905 0.1113 -0.9138
vn 0.3923 0.1123 -0.9129
vn 0.3889 0.1103 -0.9147
vn 0.4106 0.1227 -0.9035
vn -0.8719 -0.4307 0.2332
vn -0.8259 -0.3891 0.4081
vn -0.8719 -0.4307 0.2331
vn -0.8258 -0.3891 0.4082
vn -0.7003 -0.2997 0.6479
vn -0.7005 -0.2997 0.6477
vn -0.7145 -0.4280 -0.5534
vn -0.5711 -0.3712 -0.7322
vn -0.7989 -0.4557 -0.3926
vn 0.2334 0.0136 -0.9723
vn 0.2262 0.0134 -0.9740
vn 0.2420 0.0143 -0.9702
vn 0.2445 0.0257 -0.9693
vn 0.2427 0.0259 -0.9697
vn 0.2416 0.0263 -0.9700
vn 0.1933 0.1976 0.9610
vn 0.3286 0.2627 0.9072
vn 0.3287 0.2627 0.9072
vn 0.1932 0.1976 0.9611
vn 0.3285 0.2626 0.9073
vn 0.4933 0.3378 0.8016
vn -0.4158 -0.1262 0.9007
vn -0.4424 -0.1416 0.8856
vn -0.4091 -0.1224 0.9043
vn -0.4020 -0.1186 0.9079
vn -0.8509 -0.4674 -0.2396
vn -0.8805 -0.4669 -0.0823
vn -0.8874 -0.4545 0.0770
vn -0.8874 -0.4545 0.0771
vn 0.8886 0.4572 0.0366
vn 0.8791 0.3972 -0.2635
vn 0.8822 0.3953 -0.2560
vn 0.8882 0.4585 0.0298
vn 0.8756 0.3993 -0.2717
vn 0.6929 0.2192 -0.6869
vn 0.2483 0.0310 -0.9682
vn 0.2484 0.0313 -0.9681
vn 0.2484 0.0307 -0.9682
vn 0.2520 0.0335 -0.9672
vn 0.2522 0.0337 -0.9671
vn 0.2526 0.0340 -0.9670
vn 0.8548 0.4674 0.2256
vn 0.8547 0.4670 0.2268
vn 0.8549 0.4677 0.2242
vn 0.8876 0.4600 0.0227
vn -0.5063 -0.1788 0.8436
vn -0.5061 -0.1789 0.8437
vn -0.5056 -0.1792 0.8439
vn -0.4036 -0.1187 0.9072
vn -0.4029 -0.1183 0.9076
vn 0.2573 0.0368 -0.9656
vn 0.2582 0.0374 -0.9654
vn 0.2565 0.0363 -0.9659
vn 0.2671 0.0423 -0.9627
vn 0.2953 0.0578 -0.9537
vn 0.2145 0.0133 -0.9766
vn 0.2956 0.0579 -0.9536
vn 0.2146 0.0133 -0.9766
vn 0.2142 0.0139 -0.9767
vn -0.0187 -0.1099 -0.9938
vn -0.1688 0.0112 0.9856
vn -0.2795 -0.0496 0.9589
vn -0.1668 0.0124 0.9859
vn -0.1646 0.0136 0.9863
vn -0.0134 0.0935 0.9955
vn -0.0136 0.0934 0.9955
vn 0.0953 0.1490 0.9842
vn 0.0953 0.1489 0.9842
vn 0.0954 0.1490 0.9842
vn -0.3882 -0.1029 0.9158
vn -0.3805 -0.1040 0.9189
vn -0.4087 -0.1225 0.9044
vn -0.3629 -0.0890 0.9276
vn -0.3366 -0.0637 0.9395
vn -0.3308 -0.0745 0.9408
vn -0.3325 -0.2644 -0.9053
vn -0.3326 -0.2644 -0.9052
vn 0.3169 0.0712 -0.9458
vn 0.3189 0.0712 -0.9451
vn -0.2782 -0.0466 0.9594
vn -0.2747 -0.0387 0.9608
vn -0.2471 -0.0288 0.9686
vn -0.4396 0.8923 -0.1023
vn -0.4291 0.8983 -0.0945
vn -0.4284 0.8987 -0.0939
vn -0.4399 0.8922 -0.1028
vn -0.4304 0.8976 -0.0954
vn -0.3790 0.9227 -0.0705
vn -0.1797 0.9837 0.0056
vn -0.1754 0.9845 0.0081
vn -0.1711 0.9852 0.0107
vn 0.0258 0.9941 0.1054
vn 0.0187 0.9947 0.1009
vn -0.3966 0.9164 -0.0538
vn -0.4416 0.8939 -0.0772
vn -0.3966 0.9164 -0.0537
vn -0.4417 0.8938 -0.0773
vn -0.4417 0.8938 -0.0774
vn -0.0181 0.9975 0.0676
vn -0.0349 0.9965 0.0765
vn -0.0372 0.9964 0.0766
vn -0.0174 0.9976 0.0673
vn -0.0326 0.9965 0.0764
vn -0.1511 0.9875 0.0459
vn -0.1536 0.9871 0.0457
vn -0.1560 0.9867 0.0455
vn -0.0185 0.9962 0.0857
vn -0.0545 0.9977 0.0399
vn -0.0164 0.9960 0.0878
vn -0.0206 0.9963 0.0836
vn -0.0576 0.9976 0.0377
vn -0.0606 0.9975 0.0356
vn -0.3041 0.9526 -0.0108
vn -0.3049 0.9523 -0.0109
vn -0.3033 0.9528 -0.0107
vn -0.4260 0.9011 -0.0814
vn -0.3481 0.9353 -0.0629
vn -0.4264 0.9009 -0.0816
vn -0.4571 0.8852 -0.0867
vn 0.4571 -0.8893 0.0138
vn 0.4473 -0.8944 -0.0029
vn 0.4521 -0.8918 0.0164
vn 0.4361 -0.8996 -0.0214
vn -0.4594 0.8841 -0.0863
vn -0.4597 0.8839 -0.0858
vn -0.4591 0.8842 -0.0867
vn -0.4515 0.8880 -0.0866
vn -0.4520 0.8879 -0.0855
vn -0.4393 0.8937 -0.0915
vn -0.4511 0.8881 -0.0877
vn -0.4398 0.8932 -0.0934
vn -0.4403 0.8928 -0.0951
vn 0.1291 0.9756 0.1775
vn 0.0330 0.9934 0.1099
vn 0.1312 0.9749 0.1797
vn 0.1332 0.9743 0.1818
vn 0.0971 0.9788 0.1806
vn 0.0981 0.9786 0.1810
vn -0.1730 0.5003 0.8484
vn -0.0389 0.9981 0.0481
vn -0.0393 0.9981 0.0484
vn -0.0385 0.9981 0.0479
vn -0.0168 0.9976 0.0669
vn 0.0278 0.9902 0.1372
vn 0.0959 0.9790 0.1801
vn 0.0263 0.9904 0.1357
vn 0.0249 0.9906 0.1342
vn 0.4603 -0.8836 0.0864
vn 0.4606 -0.8833 0.0868
vn 0.4601 -0.8836 0.0867
vn 0.4606 -0.8833 0.0869
vn 0.4608 -0.8832 0.0869
vn 0.4608 -0.8833 0.0869
vn 0.4608 -0.8833 0.0868
vn 0.4608 -0.8832 0.0868
vn 0.4608 -0.8833 0.0866
vn 0.4607 -0.8833 0.0864
vn 0.4608 -0.8833 0.0867
vn 0.4598 -0.8839 0.0858
vn 0.4596 -0.8840 0.0854
vn 0.4594 -0.8840 0.0866
vn 0.4591 -0.8842 0.0866
vn 0.4593 -0.8840 0.0873
vn 0.4601 -0.8836 0.0870
vn 0.4607 -0.8833 0.0869
vn 0.4603 -0.8835 0.0871
vn 0.4603 -0.8836 0.0857
vn 0.4605 -0.8834 0.0864
vn 0.4607 -0.8834 0.0858
vn 0.4603 -0.8837 0.0850
vn 0.4590 -0.8841 0.0877
vn 0.4597 -0.8838 0.0876
vn 0.4595 -0.8838 0.0881
vn 0.4603 -0.8835 0.0874
vn 0.4606 -0.8833 0.0871
vn 0.4602 -0.8835 0.0876
vn 0.4607 -0.8833 0.0870
vn 0.4607 -0.8833 0.0871
vn 0.4609 -0.8833 0.0854
vn 0.4609 -0.8833 0.0864
vn 0.4609 -0.8832 0.0861
vn 0.4608 -0.8832 0.0867
vn 0.4609 -0.8832 0.0867
vn 0.4608 -0.8832 0.0866
vn 0.4609 -0.8832 0.0869
vn 0.4607 -0.8833 0.0867
vn -0.4050 -0.1207 0.9063
vn -0.4073 -0.1229 0.9050
vn -0.4046 -0.1212 0.9064
vn -0.4067 -0.1228 0.9053
vn -0.4155 -0.1280 0.9006
vn -0.4163 -0.1282 0.9001
vn -0.6988 -0.2996 0.6496
vn -0.5047 -0.1792 0.8445
vn -0.5038 -0.1790 0.8451
vn 0.8488 0.4672 0.2473
vn 0.3076 0.0662 -0.9492
vn 0.2127 0.0136 -0.9770
vn 0.2117 0.0128 -0.9773
vn 0.2143 0.1171 -0.9697
vn 0.2339 0.0181 -0.9721
vn -0.3098 -0.9042 0.2941
vn -0.4259 -0.7855 0.4489
vn -0.4279 -0.7692 0.4746
vn -0.3131 -0.9160 0.2507
vn -0.4310 -0.7783 0.4566
vn -0.3955 -0.5915 0.7027
vn -0.4991 -0.6126 0.6129
vn -0.5101 -0.5950 0.6211
vn -0.4976 0.3094 0.8103
vn -0.4153 0.5754 0.7045
vn -0.5138 0.3329 0.7907
vn -0.3418 0.2350 0.9099
vn -0.4080 0.5581 0.7226
vn -0.3583 0.5167 0.7776
vn -0.2751 0.7700 0.5757
vn -0.2759 0.7805 0.5610
vn -0.5400 -0.4184 0.7303
vn -0.5610 -0.3911 0.7296
vn -0.3299 -0.4057 0.8524
vn -0.2893 -0.2165 0.9324
vn -0.5575 -0.1933 0.8074
vn -0.5819 -0.1635 0.7967
vn -0.1106 0.9198 0.3764
vn -0.2835 0.7674 0.5751
vn -0.1145 0.9138 0.3897
vn -0.1292 0.9237 0.3607
vn 0.0685 0.9823 0.1744
vn 0.0698 0.9841 0.1630
vn -0.5450 0.0539 0.8367
vn -0.5681 0.0798 0.8190
vn -0.2866 0.0116 0.9580
vn -0.0061 -0.9942 -0.1074
vn -0.1695 -0.9845 0.0442
vn -0.1670 -0.9812 0.0970
vn -0.0030 -0.9867 -0.1625
vn -0.2222 -0.9725 -0.0698
vn -0.3708 -0.9137 0.1663
vn 0.2481 0.9671 -0.0559
vn 0.0718 0.9856 0.1533
vn 0.2578 0.9651 -0.0473
vn 0.5068 0.8350 -0.2143
vn 0.4290 0.8691 -0.2463
vn 0.4066 0.8772 -0.2554
vn 0.3233 -0.8174 -0.4769
vn 0.1761 -0.9184 -0.3542
vn 0.1631 -0.9381 -0.3056
vn 0.3855 -0.7529 -0.5334
vn 0.3421 -0.7890 -0.5104
vn -0.0266 -0.9646 -0.2624
vn 0.6023 -0.3827 -0.7005
vn 0.4675 -0.6400 -0.6098
vn 0.5811 -0.4252 -0.6939
vn 0.6943 -0.3461 -0.6309
vn 0.4887 -0.6013 -0.6322
vn 0.5621 -0.5660 -0.6031
vn 0.5685 0.7096 -0.4163
vn 0.5402 0.7224 -0.4316
vn 0.6621 0.6676 -0.3404
vn 0.7604 0.4745 -0.4434
vn 0.6624 0.5112 -0.5477
vn 0.6349 0.5203 -0.5711
vn 0.7095 0.2990 -0.6382
vn 0.6851 0.2975 -0.6649
vn 0.8083 0.2769 -0.5195
vn 0.7146 0.0805 -0.6949
vn 0.6934 0.0605 -0.7180
vn 0.6577 -0.1868 -0.7297
vn 0.8125 0.0805 -0.5774
vn 0.6792 -0.1500 -0.7184
vn 0.7762 -0.1288 -0.6172
vn -0.1886 -0.7881 -0.5859
vn -0.1153 -0.8870 -0.4471
vn -0.1854 -0.9145 -0.3597
vn 0.0254 -0.7152 -0.6985
vn -0.1080 -0.7575 -0.6439
vn -0.0141 -0.9552 -0.2957
vn -0.1138 -0.9739 -0.1963
vn -0.1666 -0.9807 -0.1019
vn -0.1447 -0.4600 -0.8761
vn -0.0885 -0.5956 -0.7984
vn -0.1725 -0.6302 -0.7570
vn -0.0502 -0.4239 -0.9043
vn 0.0818 -0.5543 -0.8283
vn -0.0371 0.0265 -0.9990
vn 0.0048 -0.2058 -0.9786
vn -0.1018 -0.2516 -0.9625
vn 0.0760 0.0912 -0.9929
vn 0.2154 -0.1624 -0.9629
vn 0.1433 -0.3826 -0.9127
vn -0.0961 -0.9942 0.0482
vn -0.1387 -0.9788 0.1508
vn -0.0367 -0.9972 -0.0656
vn -0.0094 -0.9672 0.2537
vn -0.0255 -0.9377 0.3465
vn -0.0768 -0.8997 0.4298
vn 0.0329 -0.7575 0.6520
vn 0.0836 -0.8072 0.5843
vn -0.0219 -0.8999 0.4356
vn 0.1983 -0.6304 0.7505
vn 0.1758 -0.5628 0.8077
vn 0.1636 0.6004 -0.7828
vn 0.1663 0.4244 -0.8901
vn 0.0569 0.3400 -0.9387
vn 0.2569 0.6917 -0.6749
vn 0.3149 0.4934 -0.8108
vn 0.2793 0.1400 -0.9499
vn 0.3808 -0.3492 0.8562
vn 0.3530 -0.3307 0.8752
vn -0.2818 -0.8204 0.4975
vn -0.5060 -0.7816 0.3648
vn 0.3512 -0.2460 0.9034
vn 0.4835 -0.1618 0.8603
vn 0.7685 0.4281 0.4756
vn 0.4069 0.5469 0.7316
vn 0.7417 0.5707 0.3523
vn 0.4964 0.3966 0.7722
vn -0.5542 0.3381 0.7606
vn -0.4660 0.5718 0.6752
vn 0.3964 0.7133 0.5779
vn 0.6709 0.7181 0.1850
vn 0.4240 0.8486 -0.3163
vn 0.3543 0.8667 -0.3511
vn 0.2872 0.7725 -0.5664
vn 0.4176 0.9086 0.0071
vn 0.1999 0.9679 -0.1527
vn 0.2977 0.7802 -0.5501
vn 0.7213 0.1709 0.6712
vn 0.5407 0.2619 0.7994
vn 0.7670 0.2947 0.5700
vn 0.5395 0.1242 0.8327
vn -0.7191 -0.1510 0.6783
vn -0.6413 0.0952 0.7613
vn 0.3941 0.8569 0.3323
vn 0.5634 0.8239 -0.0616
vn -0.2765 0.7977 0.5359
vn -0.0373 0.9620 0.2705
vn 0.5035 -0.0736 0.8608
vn 0.6196 0.0138 0.7848
vn -0.5848 -0.5951 0.5512
vn -0.8133 -0.3915 0.4304
vn 0.5064 -0.0065 -0.8623
vn 0.6561 -0.2000 -0.7277
vn 0.4783 -0.2334 -0.8466
vn 0.6752 0.0314 -0.7370
vn 0.6877 -0.1588 -0.7084
vn 0.6271 -0.4094 -0.6626
vn 0.5974 -0.4414 -0.6696
vn 0.4239 -0.4659 -0.7767
vn 0.5124 0.4048 -0.7573
vn 0.6650 0.2446 -0.7056
vn 0.5208 0.2033 -0.8291
vn 0.6258 0.4518 -0.6359
vn 0.6852 0.3033 -0.6622
vn 0.7034 0.0813 -0.7062
vn 0.3191 0.8379 -0.4429
vn 0.5408 0.6663 -0.5134
vn 0.4574 0.6217 -0.6358
vn 0.3817 0.8667 -0.3212
vn 0.5347 0.7256 -0.4330
vn 0.6338 0.5174 -0.5749
vn 0.5019 -0.6517 -0.5686
vn 0.3407 -0.6680 -0.6616
vn 0.5239 -0.6305 -0.5728
vn 0.3879 -0.8057 -0.4477
vn 0.2343 -0.8212 -0.5204
vn 0.1130 -0.9272 -0.3572
vn 0.4011 -0.7940 -0.4568
vn 0.2507 -0.9195 -0.3028
vn 0.2604 -0.9128 -0.3145
vn 0.0837 -0.9868 -0.1389
vn -0.0386 -0.9850 -0.1680
vn -0.0798 0.9959 0.0433
vn 0.1633 0.9830 -0.0838
vn 0.1120 0.9747 -0.1933
vn -0.0504 0.9895 0.1355
vn 0.1533 0.9882 0.0038
vn 0.3662 0.9024 -0.2269
vn -0.2206 -0.9751 0.0222
vn 0.0999 -0.9844 -0.1451
vn -0.1104 -0.9927 0.0493
vn -0.0853 -0.9945 0.0609
vn -0.3265 -0.9031 0.2790
vn -0.4089 -0.8825 0.2322
vn -0.6583 -0.0107 0.7527
vn -0.6766 0.2280 0.7002
vn -0.7096 0.0033 0.7046
vn -0.6541 -0.0275 0.7559
vn -0.6388 0.1987 0.7433
vn -0.6408 0.1718 0.7483
vn -0.5809 0.4194 0.6976
vn -0.6102 0.4495 0.6523
vn -0.3745 0.8256 0.4221
vn -0.2277 0.9208 0.3166
vn -0.2289 0.9420 0.2454
vn -0.3725 0.7999 0.4705
vn -0.2369 0.8932 0.3822
vn -0.0554 0.9758 0.2115
vn -0.6057 -0.4774 0.6366
vn -0.7093 -0.2361 0.6642
vn -0.6656 -0.4783 0.5729
vn -0.5830 -0.4769 0.6578
vn -0.6522 -0.2389 0.7194
vn -0.6386 -0.2431 0.7302
vn -0.4889 0.6322 0.6011
vn -0.5018 0.6670 0.5507
vn -0.5927 0.3841 0.7080
vn -0.3856 0.7605 0.5224
vn -0.5701 -0.6997 0.4305
vn -0.2958 -0.9046 0.3070
vn -0.5026 -0.7123 0.4899
vn -0.4733 -0.7104 0.5210
vn 0.6593 -0.1667 -0.7332
vn 0.6828 0.0807 -0.7261
vn 0.6446 -0.1779 -0.7436
vn 0.5738 -0.4315 -0.6960
vn 0.5914 -0.4201 -0.6883
vn 0.6716 0.0780 -0.7368
vn 0.6422 -0.1925 -0.7420
vn 0.6726 0.0650 -0.7372
vn 0.6508 -0.2036 -0.7315
vn 0.5764 -0.4481 -0.6833
vn 0.5693 -0.4422 -0.6931
vn 0.6839 0.0506 -0.7278
vn 0.6630 -0.2028 -0.7206
vn 0.6973 0.0486 -0.7151
vn 0.5876 -0.4431 -0.6770
vn 0.6707 0.3124 -0.6727
vn 0.6252 0.5304 -0.5725
vn 0.6597 0.3224 -0.6788
vn 0.6116 0.5455 -0.5731
vn 0.6616 0.3155 -0.6802
vn 0.6117 0.5410 -0.5771
vn 0.6744 0.3001 -0.6747
vn 0.6238 0.5257 -0.5783
vn 0.6889 0.2928 -0.6631
vn 0.6380 0.5173 -0.5704
vn 0.5384 0.7293 -0.4223
vn 0.3971 0.8904 -0.2225
vn 0.5262 0.7364 -0.4253
vn 0.4007 0.8835 -0.2425
vn 0.5266 0.7297 -0.4362
vn 0.4085 0.8741 -0.2627
vn 0.5366 0.7180 -0.4434
vn 0.4157 0.8678 -0.2723
vn 0.5462 0.7156 -0.4354
vn 0.4177 0.8696 -0.2633
vn 0.4834 -0.6441 -0.5929
vn 0.4623 -0.6565 -0.5961
vn 0.3563 -0.8116 -0.4630
vn 0.4563 -0.6643 -0.5920
vn 0.4635 -0.6655 -0.5851
vn 0.3151 -0.8365 -0.4484
vn 0.3263 -0.8280 -0.4560
vn 0.4741 -0.6578 -0.5852
vn 0.3308 -0.8302 -0.4487
vn 0.3205 -0.8369 -0.4437
vn 0.2171 -0.9276 -0.3039
vn 0.1756 -0.9428 -0.2834
vn 0.0676 -0.9907 -0.1180
vn 0.1562 -0.9498 -0.2712
vn 0.1582 -0.9502 -0.2685
vn -0.0103 -0.9973 -0.0720
vn 0.0176 -0.9961 -0.0867
vn 0.1672 -0.9462 -0.2770
vn -0.0061 -0.9966 -0.0818
vn -0.0126 -0.9974 -0.0714
vn 0.2132 0.9770 -0.0034
vn 0.0170 0.9787 0.2045
vn 0.2415 0.9696 -0.0398
vn 0.0619 0.9844 0.1648
vn 0.2623 0.9627 -0.0659
vn 0.0987 0.9850 0.1418
vn 0.2676 0.9604 -0.0775
vn 0.0990 0.9868 0.1283
vn 0.2619 0.9626 -0.0698
vn 0.0835 0.9870 0.1375
vn -0.0974 -0.9905 0.0974
vn -0.1436 -0.9817 0.1251
vn -0.2804 -0.9001 0.3335
vn -0.1733 -0.9757 0.1340
vn -0.1783 -0.9753 0.1304
vn -0.3229 -0.8869 0.3303
vn -0.3036 -0.8915 0.3363
vn -0.1736 -0.9777 0.1179
vn -0.3246 -0.8945 0.3075
vn -0.3279 -0.8883 0.3216
vn -0.6374 -0.0553 0.7685
vn -0.6223 -0.0791 0.7787
vn -0.6210 0.1589 0.7676
vn -0.6004 0.1545 0.7847
vn -0.5643 0.3806 0.7327
vn -0.6080 -0.0848 0.7894
vn -0.6144 -0.0892 0.7839
vn -0.5800 0.1614 0.7985
vn -0.5887 0.1630 0.7918
vn -0.5089 0.4050 0.7596
vn -0.5358 0.3899 0.7489
vn -0.6052 0.1321 0.7851
vn -0.6259 -0.1171 0.7710
vn -0.5419 0.3816 0.7488
vn -0.5178 0.4104 0.7506
vn -0.3331 0.7737 0.5389
vn -0.2865 0.7951 0.5346
vn -0.1671 0.9078 0.3846
vn -0.2478 0.8124 0.5279
vn -0.1189 0.9248 0.3615
vn -0.0796 0.9402 0.3311
vn -0.0768 0.9343 0.3480
vn -0.2527 0.8201 0.5134
vn -0.1032 0.9343 0.3413
vn -0.2802 0.8067 0.5204
vn -0.5525 -0.5059 0.6624
vn -0.5426 -0.5367 0.6462
vn -0.6163 -0.2770 0.7372
vn -0.6033 -0.3127 0.7337
vn -0.5401 -0.5489 0.6379
vn -0.5445 -0.5531 0.6306
vn -0.5942 -0.3258 0.7353
vn -0.5985 -0.3305 0.7298
vn -0.5466 -0.5691 0.6143
vn -0.6065 -0.3522 0.7128
vn -0.5063 0.5868 0.6319
vn -0.4653 0.5954 0.6550
vn -0.4287 0.6118 0.6648
vn -0.3965 0.6290 0.6687
vn -0.4041 0.6360 0.6575
vn -0.4321 0.6145 0.6600
vn -0.4417 -0.7222 0.5323
vn -0.4420 -0.7345 0.5150
vn -0.4485 -0.7398 0.5015
vn -0.4530 -0.7434 0.4922
vn -0.4518 -0.7531 0.4781
vn 0.6679 -0.6742 -0.3152
vn 0.3415 -0.8557 -0.3888
vn 0.3388 -0.8802 -0.3324
vn 0.9285 -0.3149 -0.1966
vn 0.6866 -0.6392 -0.3464
vn 0.9452 -0.2716 -0.1815
vn 0.7126 -0.5958 -0.3705
vn 0.3548 -0.8092 -0.4682
vn 0.9064 0.3826 0.1789
vn 0.8459 0.4959 0.1965
vn 0.9046 0.3619 0.2253
vn 0.8246 0.5313 0.1944
vn 0.5403 0.8157 0.2066
vn 0.5916 0.7863 0.1784
vn 0.8860 0.3929 0.2463
vn 0.8124 0.2892 0.5063
vn -0.3863 0.8771 0.2855
vn -0.6945 0.6739 0.2521
vn -0.3996 0.8903 0.2185
vn -0.6641 0.6791 0.3128
vn -0.9340 0.2159 0.2846
vn -0.9626 0.2160 0.1635
vn -0.7113 0.6909 0.1295
vn -0.3925 0.9124 0.1162
vn -0.8705 -0.4636 0.1650
vn -0.8473 -0.5211 0.1030
vn -0.8792 -0.4481 0.1617
vn -0.8308 -0.5465 0.1056
vn -0.5909 -0.8012 -0.0946
vn -0.6247 -0.7617 -0.1719
vn -0.8762 -0.4729 0.0931
vn -0.8093 -0.5500 0.2060
vn 0.9714 0.2330 0.0469
vn 0.9830 0.1655 0.0798
vn 0.9944 0.1040 -0.0196
vn 0.9196 0.3823 0.0907
vn 0.9598 0.2522 0.1234
vn 0.9220 0.3624 0.1363
vn 0.9515 0.2926 0.0950
vn 0.9668 0.2454 0.0715
vn 0.4257 -0.7788 -0.4607
vn -0.0610 -0.8121 -0.5804
vn 0.4068 -0.7577 -0.5102
vn 0.4420 -0.7968 -0.4121
vn -0.0512 -0.8102 -0.5839
vn -0.0482 -0.8080 -0.5873
vn -0.5974 -0.6137 -0.5163
vn -0.6060 -0.6565 -0.4492
vn -0.7737 -0.5610 -0.2943
vn -0.8686 -0.4766 -0.1354
vn -0.8498 -0.4695 -0.2395
vn -0.4678 -0.7876 -0.4010
vn -0.8044 -0.5648 -0.1842
vn -0.5207 -0.8362 -0.1720
vn -0.8180 -0.5723 -0.0580
vn -0.8737 -0.4865 -0.0031
vn -0.6875 0.6627 -0.2970
vn -0.6789 0.6880 -0.2564
vn -0.5959 0.7213 -0.3530
vn -0.8473 0.4814 -0.2243
vn -0.7607 0.6179 -0.1988
vn -0.9027 0.4115 -0.1253
vn -0.8623 0.4970 -0.0975
vn -0.8474 0.5029 -0.1700
vn 0.9005 0.4248 0.0924
vn 0.9254 0.3710 0.0778
vn 0.9263 0.3630 0.1013
vn 0.8682 0.4796 0.1275
vn 0.8985 0.4289 0.0931
vn 0.8638 0.4811 0.1497
vn 0.9178 0.3810 0.1113
vn 0.6052 -0.7043 -0.3712
vn 0.3447 -0.8840 -0.3158
vn 0.3237 -0.8421 -0.4314
vn 0.8637 -0.4270 -0.2679
vn 0.6318 -0.7281 -0.2659
vn 0.8920 -0.4200 -0.1671
vn 0.6390 -0.7304 -0.2412
vn 0.3404 -0.9001 -0.2721
vn 0.9883 -0.0741 -0.1331
vn 0.9904 0.1339 -0.0354
vn 0.9975 -0.0466 -0.0523
vn 0.9857 0.1680 0.0137
vn 0.9988 -0.0295 -0.0392
vn 0.9018 -0.4054 -0.1500
vn 0.9772 0.2103 0.0288
vn 0.9681 0.2466 0.0436
vn 0.9601 0.2737 0.0582
vn 0.9656 0.2542 0.0543
vn 0.9835 0.1794 0.0244
vn 0.9481 0.3106 0.0685
vn 0.9454 0.3127 0.0915
vn 0.9574 0.2790 0.0739
vn -0.9198 -0.3487 0.1799
vn -0.8306 -0.5192 0.2014
vn -0.8868 -0.3863 0.2537
vn -0.9007 -0.4344 0.0010
vn -0.8552 -0.5002 0.1357
vn -0.8171 -0.5733 -0.0607
vn -0.7803 -0.6255 0.0016
vn -0.8064 -0.5873 0.0688
vn -0.6104 0.2386 -0.7553
vn -0.5092 0.6113 -0.6058
vn -0.5103 0.4269 -0.7466
vn -0.7938 0.0439 -0.6066
vn -0.4640 0.4069 -0.7868
vn -0.6792 0.5591 -0.4754
vn -0.8138 0.2416 -0.5285
vn -0.8289 -0.5068 -0.2367
vn -0.7844 -0.6080 -0.1229
vn -0.7768 -0.5722 -0.2631
vn -0.8422 -0.5246 -0.1242
vn -0.8462 -0.5325 0.0188
vn 0.2166 -0.9699 0.1115
vn -0.1834 -0.9824 -0.0351
vn -0.1727 -0.9828 0.0660
vn 0.2047 -0.9786 0.0219
vn 0.2202 -0.9748 0.0363
vn -0.7160 -0.6735 -0.1839
vn -0.7040 -0.7011 -0.1131
vn -0.7021 -0.7116 -0.0275
vn -0.2833 0.9398 0.1913
vn 0.0996 0.9440 0.3147
vn 0.0691 0.9455 0.3183
vn -0.2719 0.9415 0.1993
vn 0.1228 0.9430 0.3093
vn 0.5734 0.7258 0.3799
vn 0.5538 0.7325 0.3960
vn 0.5413 0.7298 0.4175
vn 0.6467 0.3982 0.6506
vn 0.9136 -0.0033 0.4066
vn 0.8813 -0.0192 0.4722
vn 0.7037 0.4618 0.5399
vn 0.9339 -0.0201 0.3569
vn 0.8800 -0.4362 0.1882
vn 0.8667 -0.4383 0.2383
vn -0.7824 -0.2886 -0.5519
vn -0.7893 -0.5048 -0.3497
vn -0.5850 -0.2124 -0.7828
vn -0.7981 -0.4392 -0.4126
vn -0.8336 -0.4800 -0.2732
vn -0.8298 -0.4834 -0.2790
vn -0.4300 0.8306 -0.3539
vn -0.5194 0.7597 -0.3913
vn -0.3586 0.8633 -0.3552
vn -0.5582 0.5911 -0.5822
vn -0.5655 0.6854 -0.4587
vn -0.5178 0.7716 -0.3694
vn -0.3601 0.8629 -0.3547
vn 0.7528 0.6571 0.0395
vn 0.7139 0.6983 -0.0527
vn 0.8461 0.5298 0.0584
vn 0.5553 0.8288 -0.0694
vn 0.3519 0.9106 -0.2167
vn 0.4222 0.8925 -0.1588
vn 0.7881 0.6153 0.0149
vn 0.8847 0.4595 0.0780
vn -0.9110 0.2414 0.3344
vn -0.9422 -0.2195 0.2530
vn -0.8801 -0.4006 0.2551
vn -0.9316 -0.2125 0.2951
vn -0.9059 -0.3669 0.2117
vn -0.9578 -0.2337 0.1671
vn -0.8909 -0.4260 0.1578
vn -0.8574 -0.4651 0.2204
vn -0.8842 -0.4453 0.1411
vn -0.9209 -0.3828 0.0732
vn -0.9234 -0.2989 0.2408
vn -0.8506 -0.4897 0.1918
vn -0.8763 -0.4652 0.1250
vn -0.8571 -0.4849 0.1740
vn -0.9118 -0.4105 0.0025
vn -0.9068 -0.3953 0.1464
vn 0.9984 0.0419 -0.0375
vn 0.9728 0.2227 0.0643
vn 0.9978 0.0632 0.0209
vn 0.9659 0.1975 0.1674
vn 0.9834 0.0563 0.1726
vn 0.9608 -0.2445 -0.1308
vn 0.9506 0.2898 0.1115
vn 0.9401 0.3122 0.1368
vn 0.9515 0.2427 0.1888
vn 0.9350 0.2889 0.2059
vn 0.9410 0.1034 0.3222
vn 0.8907 -0.0562 0.4511
vn 0.9289 0.3336 0.1610
vn 0.9196 0.3375 0.2013
vn 0.8939 0.3192 0.3147
vn 0.8976 0.0874 0.4321
vn -0.4031 0.7725 0.4906
vn -0.0539 0.7693 0.6366
vn -0.0552 0.7567 0.6515
vn -0.3992 0.7991 0.4495
vn -0.0499 0.8065 0.5892
vn 0.4769 0.5246 0.7052
vn 0.4835 0.4873 0.7272
vn 0.5069 0.4920 0.7078
vn -0.4095 0.5988 0.6883
vn -0.0659 0.7314 0.6788
vn -0.0679 0.6123 0.7877
vn -0.4109 0.7297 0.5465
vn 0.5285 0.4878 0.6948
vn 0.5524 0.3954 0.7338
vn -0.9433 -0.2890 -0.1635
vn -0.5943 -0.5705 -0.5669
vn -0.9316 -0.2280 -0.2830
vn -0.9126 -0.1754 -0.3694
vn -0.9698 0.2387 0.0493
vn -0.9686 0.1324 0.2106
vn 0.9011 0.0660 0.4286
vn 0.9254 0.0344 0.3775
vn 0.8672 0.0634 0.4939
vn 0.9332 -0.3049 0.1900
vn 0.9501 -0.2945 0.1023
vn 0.9555 -0.2942 0.0206
vn 0.4579 0.5287 0.7147
vn 0.7515 0.0451 0.6582
vn 0.8052 0.1016 0.5842
vn 0.2829 0.2520 0.9254
vn 0.4033 0.4534 0.7949
vn 0.6935 -0.4335 0.5755
vn 0.8396 -0.3479 0.4172
vn 0.8950 -0.2950 0.3346
vn -0.5898 -0.5137 -0.6231
vn -0.5728 -0.4621 -0.6770
vn -0.8814 -0.1194 -0.4571
vn -0.8395 -0.0773 -0.5378
vn -0.9311 0.3226 -0.1703
vn -0.9559 0.2871 -0.0612
vn 0.8332 0.0565 0.5500
vn 0.8256 0.0888 0.5571
vn 0.9151 -0.2938 0.2760
vn 0.9130 -0.3145 0.2600
vn 0.4487 -0.8057 -0.3866
vn 0.4543 -0.7958 -0.4003
vn -0.0532 -0.7927 -0.6073
vn -0.0551 -0.7636 -0.6433
vn -0.7480 0.1867 0.6369
vn -0.2532 -0.4985 0.8291
vn -0.4764 0.2488 0.8433
vn -0.9347 -0.3553 0.0072
vn -0.6308 -0.5185 0.5773
vn -0.6716 -0.7005 -0.2414
vn -0.2662 -0.9603 0.0835
vn 0.1352 -0.9410 0.3102
vn 0.3551 -0.9266 -0.1239
vn -0.0735 -0.8256 -0.5595
vn 0.4257 -0.8540 -0.2991
vn -0.1011 -0.9163 -0.3874
vn -0.6064 -0.5867 -0.5367
vn -0.5762 -0.5058 -0.6420
vn -0.4166 0.7970 0.4373
vn -0.1315 0.6724 0.7285
vn -0.0661 0.7845 0.6166
vn -0.4606 0.6678 0.5847
vn -0.1598 0.2695 0.9497
vn -0.8458 -0.1064 -0.5228
vn -0.8916 -0.1702 -0.4196
vn -0.9826 0.0640 0.1745
vn -0.9584 0.2659 -0.1034
vn -0.9188 0.3208 -0.2299
vn -0.2508 0.9026 0.3499
vn 0.2377 0.8464 0.4764
vn 0.2161 0.8467 0.4862
vn -0.2361 0.9131 0.3325
vn 0.2562 0.8642 0.4331
vn 0.7443 0.4766 0.4679
vn 0.7495 0.4514 0.4843
vn 0.7446 0.4497 0.4933
vn 0.2777 -0.9099 -0.3081
vn -0.0914 -0.9139 -0.3954
vn 0.2938 -0.9147 -0.2775
vn 0.2550 -0.9185 -0.3023
vn -0.1388 -0.8889 -0.4365
vn -0.1999 -0.8894 -0.4112
vn -0.6992 -0.5563 -0.4491
vn -0.6637 -0.6099 -0.4330
vn -0.9464 -0.1421 -0.2901
vn -0.7538 -0.5282 -0.3909
vn -0.9564 -0.0826 -0.2800
vn -0.9708 -0.0505 -0.2345
vn -0.9307 0.3634 -0.0424
vn -0.9507 0.3096 -0.0196
vn -0.2987 0.8329 0.4658
vn 0.1727 0.8396 0.5150
vn 0.1149 0.7687 0.6292
vn -0.2700 0.8862 0.3764
vn 0.1426 -0.9888 0.0433
vn -0.2593 -0.9135 -0.3135
vn 0.1946 -0.9741 -0.1155
vn -0.0215 -0.9003 0.4346
vn -0.2730 -0.9472 -0.1682
vn -0.7908 -0.5982 -0.1294
vn -0.7409 -0.5606 -0.3699
vn -0.7285 -0.5192 -0.4468
vn 0.9416 0.0006 0.3369
vn 0.9384 0.0480 0.3421
vn 0.9091 -0.3937 0.1362
vn 0.8884 -0.4332 0.1521
vn 0.2404 -0.9274 -0.2866
vn 0.2361 -0.9310 -0.2782
vn -0.2389 -0.8956 -0.3752
vn -0.2474 -0.8918 -0.3789
vn -0.7765 -0.5270 -0.3454
vn -0.7630 -0.5259 -0.3758
vn -0.9700 -0.0676 -0.2335
vn -0.9241 0.3471 -0.1600
vn -0.9256 0.3698 -0.0815
vn -0.9232 0.3817 -0.0458
vn -0.7444 0.4600 0.4841
vn -0.2993 -0.2946 0.9076
vn -0.3409 0.5619 0.7537
vn -0.9735 -0.2271 -0.0289
vn -0.7507 -0.3166 0.5799
vn -0.4346 -0.8735 0.2192
vn -0.9004 -0.0768 -0.4282
vn -0.9213 -0.1077 -0.3736
vn -0.9723 0.2328 0.0219
vn -0.9114 0.3455 -0.2236
vn -0.8834 0.3612 -0.2985
vn -0.2075 0.9512 0.2282
vn 0.1823 0.8236 0.5371
vn 0.2445 0.8723 0.4235
vn -0.2441 0.8934 0.3771
vn 0.1023 0.5250 0.8449
vn 0.5442 0.3613 0.7572
vn 0.6543 0.4579 0.6019
vn 0.7041 0.4822 0.5213
vn 0.8345 0.0410 0.5495
vn 0.8793 0.0591 0.4726
vn 0.6905 -0.4167 0.5913
vn 0.8111 -0.3934 0.4329
vn 0.8641 -0.3701 0.3410
vn -0.2452 0.9463 0.2107
vn -0.2619 0.9419 0.2101
vn -0.2174 0.9595 0.1789
vn 0.1565 0.9398 0.3038
vn 0.1994 0.9359 0.2905
vn 0.6196 0.6920 0.3704
vn 0.8555 0.3577 0.3743
vn 0.8470 0.3773 0.3745
vn 0.8483 0.3668 0.3820
vn 0.9561 -0.1714 0.2375
vn 0.9584 -0.2028 0.2009
vn 0.2910 -0.9327 -0.2130
vn -0.0959 -0.9646 -0.2456
vn -0.0686 -0.9628 -0.2615
vn 0.2527 -0.9589 -0.1288
vn 0.2738 -0.9470 -0.1680
vn -0.5899 -0.7509 -0.2971
vn -0.5699 -0.7704 -0.2857
vn -0.5707 -0.7727 -0.2779
vn -0.8838 -0.3874 -0.2624
vn -0.8975 -0.3623 -0.2513
vn -0.8879 -0.3834 -0.2543
vn -0.9763 0.1766 -0.1248
vn -0.9698 0.1913 -0.1512
vn -0.9657 0.2207 -0.1368
vn 0.6648 0.5716 0.4809
vn 0.8273 0.1065 0.5516
vn 0.8798 0.1279 0.4579
vn 0.4871 0.4159 0.7680
vn 0.6131 0.5322 0.5839
vn 0.6544 -0.3805 0.6534
vn 0.8143 -0.3767 0.4416
vn 0.8709 -0.3610 0.3336
vn 0.6721 0.6432 0.3669
vn 0.8736 0.2962 0.3862
vn 0.9037 0.2038 0.3766
vn 0.9176 -0.2456 0.3126
vn 0.9402 -0.1833 0.2871
vn 0.2336 -0.9652 -0.1173
vn -0.1226 -0.9635 -0.2379
vn 0.2242 -0.9636 -0.1458
vn -0.1535 -0.9560 -0.2500
vn -0.1795 -0.9376 -0.2977
vn -0.6359 -0.6990 -0.3273
vn -0.9107 -0.3144 -0.2680
vn -0.9175 -0.2116 -0.3367
vn -0.9377 0.2969 -0.1808
vn -0.9690 0.2186 -0.1149
vn -0.3125 0.5375 0.7832
vn -0.6551 -0.2257 0.7211
vn -0.2991 -0.1935 0.9344
vn -0.9528 0.2511 0.1703
vn -0.6485 0.4680 0.6004
vn -0.7834 -0.6194 0.0514
vn -0.4146 -0.8130 0.4088
vn -0.0700 -0.8125 0.5787
vn 0.1292 -0.9833 0.1280
vn -0.2109 -0.9408 -0.2654
vn 0.1955 -0.9769 -0.0859
vn -0.2546 -0.9654 -0.0570
vn -0.7199 -0.6307 -0.2899
vn -0.6795 -0.5972 -0.4262
vn -0.8947 -0.1305 -0.4272
vn -0.9373 -0.1475 -0.3157
vn -0.9167 0.3688 -0.1539
vn -0.8836 0.3721 -0.2842
vn -0.1961 0.9568 0.2148
vn 0.1551 0.8381 0.5229
vn 0.2044 0.9039 0.3759
vn -0.2212 0.8850 0.4097
vn 0.0635 0.5309 0.8451
vn -0.7323 -0.6334 -0.2502
vn -0.9615 -0.1817 -0.2063
vn -0.7325 -0.5938 -0.3329
vn -0.9501 -0.1513 -0.2727
vn -0.9317 -0.1175 -0.3436
vn -0.9079 0.3584 -0.2174
vn -0.9242 0.3397 -0.1746
vn -0.9696 -0.2229 -0.1011
vn -0.9680 -0.2008 -0.1502
vn -0.9344 0.3268 -0.1418
vn -0.9454 0.3045 -0.1157
vn 0.6758 0.6967 0.2404
vn 0.9294 0.2587 0.2634
vn 0.6523 0.7319 0.1971
vn 0.6936 0.6580 0.2931
vn 0.9296 0.2302 0.2877
vn 0.9224 0.1955 0.3331
vn 0.9168 -0.3041 0.2590
vn 0.9154 -0.2868 0.2824
vn -0.2574 0.9663 0.0088
vn 0.1141 0.9903 0.0790
vn -0.2994 0.9540 -0.0184
vn -0.2178 0.9751 0.0409
vn 0.1581 0.9800 0.1208
vn 0.1952 0.9662 0.1685
vn 0.0482 -0.9914 0.1221
vn -0.2424 -0.9381 -0.2472
vn 0.1430 -0.9883 -0.0540
vn -0.5211 -0.7701 0.3680
vn -0.2975 -0.9514 -0.0793
vn -0.8267 -0.5625 -0.0082
vn -0.7376 -0.5921 -0.3247
vn -0.6988 -0.5707 -0.4313
vn 0.7055 0.6214 0.3407
vn 0.7152 0.5927 0.3703
vn 0.9123 0.1569 0.3782
vn 0.9081 0.1239 0.4001
vn 0.8790 -0.3478 0.3263
vn 0.9013 -0.3209 0.2909
vn 0.1776 -0.9841 0.0078
vn -0.2075 -0.9747 -0.0836
vn 0.1630 -0.9860 -0.0355
vn -0.2378 -0.9635 -0.1230
vn -0.2529 -0.9482 -0.1922
vn 0.2274 0.9533 0.1989
vn -0.1661 0.9839 0.0666
vn -0.1853 0.9812 0.0536
vn 0.2503 0.9411 0.2272
vn -0.7067 0.5207 0.4790
vn -0.4666 -0.1253 0.8756
vn -0.4371 0.5883 0.6803
vn -0.9479 0.3096 0.0751
vn -0.7576 -0.1461 0.6361
vn -0.2214 -0.7891 0.5730
vn -0.1893 0.9711 0.1456
vn 0.1060 0.8826 0.4580
vn 0.2137 0.9225 0.3215
vn -0.2705 0.9106 0.3125
vn -0.1001 0.5884 0.8024
vn 0.4160 0.4503 0.7900
vn 0.6088 0.5580 0.5639
vn 0.6798 0.5693 0.4625
vn -0.9291 -0.0950 -0.3575
vn -0.8915 -0.0859 -0.4447
vn -0.8880 0.4057 -0.2165
vn -0.8545 0.4094 -0.3197
vn 0.8813 0.0914 0.4636
vn 0.8265 0.0744 0.5580
vn 0.5613 -0.4252 0.7100
vn 0.7728 -0.4352 0.4619
vn 0.8391 -0.4065 0.3615
vn -0.5608 -0.4561 -0.6910
vn -0.8227 -0.0733 -0.5638
vn -0.8897 0.3518 -0.2909
vn -0.8967 0.3519 -0.2686
vn -0.3930 0.8336 0.3883
vn -0.0461 0.8243 0.5643
vn -0.3937 0.8419 0.3691
vn 0.4779 0.5562 0.6799
vn 0.4514 -0.8044 -0.3862
vn -0.0567 -0.7682 -0.6377
vn 0.8268 0.1184 0.5498
vn 0.9187 -0.2755 0.2829
vn 0.9184 0.0672 0.3900
vn 0.7349 0.4887 0.4702
vn 0.9098 -0.3478 0.2266
vn 0.9252 -0.3486 0.1500
vn -0.2177 0.9370 0.2732
vn 0.2666 0.8802 0.3927
vn -0.2014 0.9573 0.2075
vn -0.7347 -0.5155 -0.4410
vn -0.9526 -0.0933 -0.2894
vn -0.9159 -0.0788 -0.3936
vn -0.8941 0.3542 -0.2741
vn 0.2255 -0.9486 -0.2219
vn -0.2442 -0.8952 -0.3729
vn 0.2188 0.9283 0.3005
vn -0.1970 0.9684 0.1531
vn 0.6886 0.6048 0.4001
vn -0.6690 -0.6300 -0.3945
vn -0.8950 -0.1472 -0.4210
vn -0.6685 -0.5912 -0.4512
vn -0.8937 0.3509 -0.2795
vn 0.2155 -0.9634 -0.1595
vn -0.1920 -0.9256 -0.3263
vn 0.9057 0.1517 0.3958
vn 0.8944 -0.3471 0.2821
vn 0.9034 -0.3138 0.2923
vn 0.7092 0.5761 0.4064
vn 0.9007 0.1044 0.4217
vn 0.8604 -0.3881 0.3302
vn 0.8669 -0.3728 0.3309
vn -0.9002 -0.0930 -0.4254
vn -0.7079 -0.5695 -0.4178
vn -0.8588 0.4003 -0.3198
vn -0.8850 0.3807 -0.2679
vn -0.1631 0.9825 0.0897
vn 0.2493 0.9323 0.2620
vn 0.1631 -0.9836 -0.0768
vn -0.2420 -0.9358 -0.2564
vn 0.6724 0.1430 0.7262
vn 0.9519 0.0673 0.2990
vn 0.9617 -0.2693 -0.0511
vn -0.9358 -0.3524 -0.0074
vn -0.6281 -0.7069 -0.3252
vn -0.8987 -0.1892 0.3956
vn 0.0797 -0.8673 0.4913
vn 0.0314 0.0869 0.9957
vn 0.3976 -0.6428 0.6548
vn -0.3141 0.0153 0.9493
vn -0.0810 -0.8427 -0.5322
vn -0.0981 -0.9049 -0.4142
vn 0.3821 -0.7629 -0.5215
vn 0.0012 -0.6428 0.7661
vn 0.1080 0.4345 0.8942
vn 0.5940 -0.4739 0.6500
vn -0.3360 0.6308 0.6995
vn 0.6590 0.1784 0.7306
vn -0.6614 -0.7114 -0.2376
vn -0.9464 -0.2682 -0.1801
vn -0.9805 0.1051 0.1658
vn 0.2852 -0.9470 -0.1477
vn -0.2841 -0.8584 0.4270
vn -0.0841 -0.9687 -0.2336
vn 0.8930 -0.0345 0.4487
vn 0.8508 -0.4191 0.3171
vn -0.6305 -0.7679 -0.1130
vn -0.9220 -0.3583 -0.1469
vn -0.9854 0.1571 0.0663
vn -0.0603 -0.9838 -0.1688
vn -0.6804 -0.5324 0.5035
vn 0.2811 -0.9409 -0.1889
vn 0.5458 0.6532 0.5248
vn 0.8694 0.3463 0.3523
vn 0.9367 -0.2252 0.2681
vn -0.2858 0.0265 0.9579
vn 0.0010 0.8917 0.4526
vn 0.3177 0.1321 0.9389
vn -0.3163 0.9069 0.2784
vn -0.3486 0.9372 0.0093
vn 0.0191 0.9899 0.1408
vn 0.0696 0.9945 0.0785
vn 0.6305 0.7569 0.1719
vn 0.9262 0.2855 0.2463
vn 0.8755 -0.1882 0.4451
vn -0.7403 -0.6484 0.1777
vn -0.9668 -0.2554 0.0105
vn -0.9662 0.2573 -0.0152
vn -0.2334 -0.9114 0.3389
vn -0.7467 -0.1157 0.6550
vn 0.1514 -0.9216 0.3574
vn -0.3777 0.8766 -0.2982
vn -0.5519 0.7747 -0.3086
vn -0.6222 0.7287 -0.2861
vn -0.3827 0.8804 -0.2801
vn -0.9655 0.2575 -0.0393
vn -0.9903 0.0420 -0.1326
vn -0.9981 0.0584 0.0202
vn -0.9611 0.2246 -0.1605
vn -0.8775 0.4406 -0.1895
vn -0.9499 0.2371 -0.2038
vn -0.9771 0.0506 -0.2066
vn 0.7811 0.6191 0.0814
vn 0.4319 0.8989 -0.0739
vn 0.4258 0.9044 -0.0262
vn 0.7773 0.6156 0.1298
vn 0.8071 0.5146 0.2893
vn 0.4823 0.8757 -0.0231
vn 0.5610 0.8259 -0.0556
vn 0.8216 0.5395 0.1842
vn 0.9005 0.3926 0.1873
vn 0.8920 0.0446 0.4499
vn 0.2649 -0.6537 0.7088
vn -0.1049 -0.7198 0.6862
vn -0.1559 -0.8063 0.5705
vn 0.2409 -0.5560 0.7955
vn -0.1319 -0.4805 0.8670
vn -0.5499 -0.5780 0.6029
vn -0.6035 -0.6829 0.4118
vn -0.6273 -0.7044 0.3321
vn -0.9468 -0.0341 0.3201
vn -0.9980 -0.0395 0.0492
vn -0.9835 0.1784 0.0299
vn -0.7397 -0.5274 0.4181
vn -0.9655 -0.2463 0.0851
vn -0.9620 0.2024 -0.1833
vn -0.9230 0.3350 -0.1893
vn -0.3326 0.9006 -0.2798
vn -0.0567 0.9797 -0.1923
vn -0.2434 0.9174 -0.3149
vn 0.0144 0.9839 -0.1782
vn 0.1031 0.9698 -0.2213
vn -0.0622 -0.1630 0.9847
vn -0.1281 -0.8511 0.5092
vn -0.5914 -0.2049 0.7799
vn 0.2932 -0.8293 0.4757
vn -0.1128 -0.9030 0.4147
vn -0.6536 -0.6771 0.3381
vn 0.1531 -0.3685 0.9169
vn -0.5470 -0.0009 0.8371
vn -0.2229 0.2285 0.9477
vn -0.8019 0.5626 0.2009
vn -0.9921 0.0751 0.1002
vn -0.8252 -0.3353 0.4546
vn 0.6272 0.7731 -0.0939
vn 0.8419 0.3630 0.3994
vn 0.8928 0.3558 0.2762
vn 0.6034 0.7974 0.0116
vn 0.6375 0.2888 0.7143
vn 0.6239 -0.0781 0.7776
vn 0.7631 -0.0865 0.6405
vn 0.8474 -0.0647 0.5270
vn -0.2465 0.9076 -0.3399
vn 0.2083 0.9118 -0.3539
vn -0.1509 0.8869 -0.4367
vn -0.4213 0.8747 0.2397
vn 0.1377 0.9518 -0.2740
vn 0.5158 0.8015 0.3025
vn -0.9179 -0.3898 0.0737
vn -0.9084 -0.3963 0.1335
vn -0.9906 0.0629 -0.1217
vn -0.9770 0.0781 -0.1986
vn -0.9441 0.0199 -0.3291
vn -0.9322 0.2220 -0.2860
vn -0.7858 0.5335 -0.3128
vn -0.9723 -0.0949 -0.2135
vn -0.9606 -0.2532 -0.1149
vn -0.9861 -0.1191 -0.1155
vn -0.9550 -0.2953 0.0261
vn -0.9879 -0.1502 0.0379
vn -0.9446 -0.2328 -0.2314
vn -0.9008 -0.4110 -0.1404
vn -0.7855 -0.5568 -0.2702
vn -0.8810 -0.3987 -0.2548
vn -0.6976 -0.5895 -0.4072
vn -0.7325 -0.6201 -0.2808
vn -0.7537 -0.5342 -0.3828
vn -0.7212 -0.5287 -0.4476
vn -0.6701 -0.5672 -0.4788
vn -0.9545 0.2955 0.0403
vn -0.9849 0.0588 0.1626
vn -0.7190 -0.0802 -0.6903
vn -0.3101 0.1168 -0.9435
vn -0.8323 -0.1411 -0.5361
vn -0.7290 0.0753 -0.6804
vn -0.8094 -0.0207 -0.5869
vn -0.9431 -0.1853 0.2762
vn -0.9667 -0.1650 0.1955
vn -0.7464 -0.3201 -0.5835
vn -0.8225 -0.3303 -0.4629
vn -0.6440 0.6398 -0.4194
vn -0.7072 0.6347 -0.3115
vn 0.3213 -0.2820 0.9040
vn 0.1263 0.2972 0.9464
vn 0.0081 0.9504 0.3109
vn 0.5216 0.2463 0.8169
vn 0.9214 -0.0914 0.3776
vn 0.6492 -0.5331 0.5425
vn 0.7158 -0.5411 0.4413
vn -0.6521 0.6938 -0.3055
vn -0.6603 0.6712 -0.3367
vn 0.5038 -0.3844 0.7735
vn 0.6198 -0.3861 0.6832
vn -0.9275 -0.0972 -0.3611
vn -0.9036 -0.2188 -0.3682
vn -0.0736 0.9695 -0.2340
vn -0.0701 0.9501 -0.3041
vn 0.5035 -0.7368 0.4512
vn 0.5780 -0.7928 0.1934
vn -0.6823 0.7307 -0.0233
vn -0.6393 0.7643 -0.0845
vn -0.6572 0.7239 0.2099
vn -0.6419 0.7645 0.0596
vn 0.6318 -0.7744 -0.0335
vn 0.6582 -0.7493 -0.0722
vn 0.5507 -0.8341 0.0324
vn 0.5944 -0.7996 -0.0855
vn -0.7068 0.5335 0.4646
vn 0.7372 -0.5788 -0.3486
vn 0.7563 -0.5820 -0.2989
vn -0.6815 0.4765 0.5554
vn -0.5561 -0.0789 0.8273
vn 0.5417 -0.8292 0.1381
vn 0.5371 -0.8359 0.1135
vn 0.5086 -0.8498 0.1386
vn -0.5457 0.8324 -0.0965
vn -0.5407 0.8390 -0.0615
vn -0.5318 0.8410 -0.0990
vn 0.6000 -0.7982 0.0536
vn 0.5889 -0.8073 0.0377
vn 0.5661 -0.8181 0.1009
vn -0.5749 0.8176 -0.0334
vn -0.6101 0.7916 0.0347
vn -0.5683 0.8228 -0.0023
vn 0.6377 -0.7631 -0.1053
vn 0.6280 -0.7779 -0.0224
vn 0.5819 -0.8071 0.0995
vn -0.5995 0.8002 -0.0166
vn -0.6177 0.7829 0.0746
vn -0.5974 0.8018 -0.0155
vn 0.7844 -0.6162 -0.0713
vn 0.7860 -0.6153 -0.0605
vn 0.7588 -0.6513 0.0112
vn -0.6870 0.7192 0.1035
vn -0.6833 0.7190 0.1272
vn -0.7114 0.6795 0.1792
vn -0.5821 0.8070 0.0992
vn -0.0938 -0.0835 0.9921
vn 0.5157 0.0131 0.8566
vn 0.1139 -0.7067 0.6983
vn -0.5902 0.8038 -0.0751
vn -0.5691 0.8182 -0.0815
vn 0.5800 -0.8011 0.1481
vn 0.5558 -0.8158 0.1596
vn 0.3996 -0.8723 0.2818
vn -0.6119 0.7871 -0.0782
vn -0.5833 0.7888 0.1940
vn 0.4896 -0.8312 0.2636
vn 0.2964 -0.6848 0.6658
vn 0.5985 0.0172 0.8009
vn 0.1136 -0.1230 0.9859
vn 0.6473 -0.7607 0.0494
vn 0.6184 -0.7820 0.0781
vn 0.6639 -0.7477 -0.0110
vn -0.6462 0.7583 0.0860
vn -0.6595 0.7477 0.0776
vn -0.6215 0.7734 0.1251
vn 0.6498 -0.0553 0.7581
vn 0.1728 -0.2053 0.9633
vn 0.3512 -0.7445 0.5678
vn 0.6022 -0.7884 -0.1255
vn 0.6185 -0.7761 -0.1227
vn 0.5055 -0.8326 0.2264
vn -0.6519 0.7039 0.2821
vn -0.6161 0.7655 0.1854
vn -0.6262 0.7496 0.2144
vn 0.5994 -0.7921 -0.1153
vn -0.6191 0.7700 0.1543
vn -0.7327 0.5851 0.3477
vn 0.6807 -0.7204 0.1333
vn 0.4524 -0.7532 0.4775
vn 0.5182 -0.1337 0.8448
vn 0.0856 -0.3707 0.9248
vn 0.7775 -0.6142 -0.1348
vn 0.7759 -0.6262 -0.0765
vn -0.6889 0.6135 0.3860
vn -0.6890 0.6616 0.2960
vn -0.6893 0.6917 0.2155
vn -0.8529 -0.3726 -0.3656
vn -0.7452 -0.6488 -0.1543
vn -0.7982 -0.5776 -0.1712
vn 0.2118 0.9639 -0.1611
vn -0.0799 0.9448 -0.3177
vn -0.1521 0.9606 -0.2326
vn -0.6517 0.7564 0.0562
vn 0.5911 -0.7945 0.1394
vn -0.0198 -0.8909 -0.4537
vn -0.4955 -0.8219 -0.2812
vn -0.0227 -0.9436 -0.3302
vn -0.0401 -0.9659 -0.2557
vn 0.7722 -0.5972 -0.2169
vn -0.0878 -0.8095 -0.5805
vn -0.4183 -0.7571 -0.5019
vn -0.3964 -0.7296 -0.5572
vn 0.2160 -0.7927 -0.5701
vn -0.0316 -0.8330 -0.5524
vn 0.5158 0.8202 0.2476
vn -0.0110 0.9766 0.2148
vn -0.0100 0.9595 0.2814
vn -0.0698 -0.9636 -0.2580
vn -0.5594 -0.8256 -0.0736
vn -0.0890 -0.9454 -0.3135
vn 0.9934 -0.0224 -0.1125
vn 0.9949 0.0066 -0.1005
vn 0.9625 -0.1525 -0.2243
vn 0.9956 0.0937 0.0024
vn 0.7003 -0.5642 -0.4372
vn 0.9476 -0.1949 -0.2529
vn 0.7937 -0.4637 -0.3936
vn 0.8692 -0.3643 -0.3344
vn 0.4541 -0.7184 -0.5270
vn 0.2755 -0.8006 -0.5322
vn 0.5416 -0.6904 -0.4796
vn 0.8419 0.5311 0.0959
vn 0.8769 0.4672 0.1131
vn -0.5775 0.6979 -0.4236
vn -0.6624 -0.5849 -0.4681
vn -0.7198 -0.5857 -0.3726
vn -0.5349 -0.8396 -0.0944
vn -0.0517 -0.9703 -0.2363
vn 0.3400 -0.8934 -0.2936
vn 0.5598 0.7567 0.3377
vn -0.3557 0.7674 0.5335
vn 0.0559 0.8689 0.4919
vn 0.9494 0.2969 0.1021
vn 0.9389 0.3203 0.1262
vn 0.9101 0.3862 0.1501
vn 0.9780 0.2070 0.0254
vn 0.9578 0.2781 0.0721
vn 0.9142 -0.3601 -0.1857
vn 0.9983 0.0087 -0.0574
vn -0.8436 -0.5144 0.1541
vn -0.8251 -0.5308 0.1934
vn -0.8658 -0.4843 0.1262
vn -0.8333 -0.4956 0.2452
vn -0.8713 -0.4037 0.2790
vn -0.9269 -0.1967 0.3196
vn -0.8865 0.1925 0.4207
vn -0.8202 -0.5690 0.0597
vn -0.6488 0.5602 0.5150
vn 0.8331 0.5177 0.1947
vn 0.6528 -0.7037 -0.2805
vn 0.9044 -0.0956 0.4159
vn 0.6948 -0.4606 0.5524
vn 0.3045 -0.7642 0.5686
vn 0.3390 -0.8432 0.4172
vn -0.9738 0.1277 -0.1883
vn -0.6447 0.6568 -0.3911
vn -0.1624 0.9030 -0.3977
vn -0.9369 -0.3372 0.0919
vn -0.6347 -0.7001 0.3273
vn 0.1944 0.9280 -0.3177
vn 0.6339 0.7651 -0.1130
vn 0.9237 0.3283 0.1972
vn -0.1444 -0.8670 0.4770
vn -0.2244 -0.8771 -0.4248
vn -0.4769 -0.8114 -0.3378
vn 0.0835 -0.8871 -0.4540
vn 0.1823 -0.8882 -0.4218
vn 0.3315 -0.8219 -0.4632
vn 0.5563 -0.6734 -0.4868
vn 0.7410 -0.4771 -0.4725
vn 0.8652 -0.2712 -0.4219
vn 0.9294 -0.0919 -0.3575
vn 0.9529 0.0801 -0.2926
vn 0.9413 0.2413 -0.2359
vn 0.8917 0.4161 -0.1781
vn 0.7964 0.5923 -0.1217
vn 0.6508 0.7563 -0.0665
vn 0.4175 0.9087 -0.0013
vn 0.2940 0.9546 -0.0475
vn 0.1191 0.9908 0.0637
vn -0.1732 0.9766 0.1272
vn -0.4498 0.8787 0.1599
vn -0.6966 0.7109 0.0967
vn -0.7623 0.6467 0.0283
vn 0.9789 0.1129 0.1705
vn -0.6430 -0.7637 -0.0582
vn -0.8392 -0.5434 0.0213
vn -0.7833 -0.6211 0.0268
vn -0.6809 -0.7165 -0.1518
vn -0.2228 -0.5820 -0.7821
vn -0.2503 -0.3815 -0.8898
vn -0.2447 -0.6069 -0.7562
vn -0.2420 -0.3584 -0.9016
vn -0.2319 -0.1441 -0.9620
vn 0.0138 -0.1005 -0.9948
vn -0.1786 -0.3544 -0.9179
vn -0.3136 -0.6159 -0.7227
vn -0.0326 0.9029 -0.4286
vn -0.0793 0.7351 -0.6733
vn -0.1025 0.7537 -0.6492
vn 0.0472 0.9850 -0.1659
vn -0.0193 0.8917 -0.4523
vn 0.0529 0.9814 -0.1846
vn 0.0782 0.8476 -0.5249
vn 0.1673 0.6376 -0.7520
vn -0.2404 -0.1244 -0.9627
vn -0.2034 0.0831 -0.9756
vn -0.2247 0.1112 -0.9681
vn -0.1694 0.3145 -0.9340
vn 0.2266 0.2526 -0.9407
vn 0.1561 0.0884 -0.9838
vn 0.1285 0.9859 0.1069
vn 0.2065 0.9053 0.3711
vn 0.1304 0.9872 0.0920
vn 0.2118 0.9075 0.3627
vn 0.1081 0.9875 0.1145
vn 0.0508 0.9786 -0.1993
vn -0.1980 0.3425 -0.9184
vn -0.1280 0.5371 -0.8337
vn -0.1581 0.5596 -0.8135
vn 0.2418 0.4538 -0.8577
vn -0.1269 -0.9078 -0.3998
vn -0.2099 -0.7911 -0.5745
vn -0.1481 -0.9244 -0.3515
vn -0.1841 -0.7687 -0.6125
vn -0.3103 -0.8104 -0.4970
vn -0.2194 -0.9391 -0.2645
vn 0.2750 0.7518 0.5993
vn 0.3552 0.5355 0.7662
vn 0.2902 0.7478 0.5971
vn 0.4558 0.4932 0.7410
vn 0.3377 0.7248 0.6006
vn 0.2152 0.8985 0.3825
vn 0.0278 -0.9951 0.0950
vn -0.0653 -0.9926 -0.1028
vn 0.0321 -0.9885 0.1475
vn -0.0540 -0.9863 -0.1557
vn -0.0849 -0.9960 -0.0290
vn 0.0740 -0.9771 0.1997
vn 0.1988 -0.8116 0.5493
vn 0.1335 -0.9150 0.3808
vn 0.2268 -0.7804 0.5827
vn 0.1133 -0.9350 0.3360
vn 0.2230 -0.8885 0.4010
vn 0.3534 -0.7421 0.5696
vn 0.3284 0.5485 0.7690
vn 0.3983 0.2897 0.8703
vn 0.3636 0.3051 0.8801
vn 0.4129 0.0393 0.9099
vn 0.5614 0.0233 0.8272
vn 0.5314 0.2562 0.8075
vn 0.3753 0.0462 0.9258
vn 0.4012 -0.1936 0.8953
vn 0.3305 -0.4302 0.8401
vn 0.3639 -0.1999 0.9097
vn 0.3647 -0.4071 0.8374
vn 0.5569 -0.1892 0.8088
vn 0.2739 -0.6406 0.7174
vn 0.3045 -0.6072 0.7339
vn 0.4530 -0.5691 0.6862
vn 0.5201 -0.3820 0.7639
vn -0.5211 -0.2612 0.8125
vn -0.4189 -0.0545 0.9064
vn -0.4620 -0.0231 0.8866
vn -0.5485 -0.4829 0.6826
vn -0.4686 -0.2854 0.8360
vn -0.4933 -0.4964 0.7143
vn -0.3287 -0.3391 0.8815
vn -0.2917 -0.1180 0.9492
vn -0.2993 0.3779 0.8761
vn -0.3517 0.1511 0.9238
vn -0.2771 0.3376 0.8996
vn -0.3848 0.1903 0.9032
vn -0.2379 0.0743 0.9684
vn -0.1779 0.2603 0.9490
vn -0.0180 0.7485 0.6628
vn -0.1746 0.5285 0.8308
vn -0.0149 0.7317 0.6815
vn -0.1877 0.5623 0.8054
vn -0.0907 0.4620 0.8822
vn 0.0396 0.6928 0.7200
vn -0.5470 -0.6626 0.5116
vn -0.5128 -0.8026 0.3047
vn -0.4954 -0.6699 0.5530
vn -0.4704 -0.8086 0.3534
vn -0.3501 -0.7139 0.6065
vn -0.3488 -0.5433 0.7636
vn -0.4255 -0.9036 0.0492
vn -0.2679 -0.9328 -0.2410
vn -0.3835 -0.9181 0.1005
vn -0.2392 -0.9473 -0.2131
vn -0.2474 -0.9572 0.1502
vn -0.3269 -0.8497 0.4138
vn 0.4219 0.8861 0.1919
vn 0.1902 0.8778 0.4396
vn 0.3948 0.9087 0.1357
vn 0.1987 0.8742 0.4430
vn 0.1911 0.8770 0.4408
vn 0.2948 0.9499 0.1037
vn -0.0494 -0.8704 -0.4899
vn 0.0889 -0.6951 -0.7134
vn -0.0691 -0.8545 -0.5149
vn -0.1116 -0.8389 -0.5327
vn -0.1586 -0.9671 -0.1988
vn 0.9351 -0.0352 -0.3526
vn 0.8273 -0.0378 -0.5604
vn 0.8953 -0.1672 -0.4130
vn 0.9391 0.1465 -0.3108
vn 0.8408 0.0885 -0.5341
vn 0.8104 0.2956 -0.5059
vn 0.1057 0.5535 -0.8261
vn 0.0765 0.3713 -0.9253
vn 0.6191 0.7851 -0.0184
vn 0.6517 0.7016 -0.2882
vn 0.7694 0.6217 -0.1468
vn 0.5404 0.8303 -0.1363
vn 0.2832 0.9487 -0.1408
vn 0.2571 0.9024 -0.3459
vn 0.6826 -0.4374 -0.5854
vn 0.7074 -0.1664 -0.6870
vn 0.5126 -0.3120 -0.7999
vn 0.8102 -0.3136 -0.4952
vn -0.0123 0.1655 -0.9861
vn -0.0845 -0.0916 -0.9922
vn 0.8861 0.3882 -0.2534
vn 0.7452 0.5306 -0.4039
vn 0.2027 0.8436 -0.4973
vn 0.1444 0.7069 -0.6924
vn 0.1936 -0.7519 -0.6303
vn 0.2823 -0.5074 -0.8141
vn 0.4564 -0.5957 -0.6609
vn -0.1120 -0.3618 -0.9255
vn -0.1125 -0.6234 -0.7738
vn 0.2203 -0.3571 0.9077
vn 0.3060 -0.5963 0.7422
vn 0.3481 -0.3968 0.8493
vn 0.1879 -0.5617 0.8057
vn 0.2496 -0.7722 0.5843
vn 0.2410 -0.7997 0.5499
vn 0.3047 -0.6192 0.7237
vn 0.3500 -0.4132 0.8407
vn 0.2804 0.0523 0.9585
vn 0.3753 -0.1912 0.9070
vn 0.3901 0.0316 0.9202
vn 0.2506 -0.1573 0.9552
vn 0.3784 -0.1971 0.9044
vn 0.3931 0.0387 0.9187
vn 0.2971 0.5905 0.7504
vn 0.3869 0.2913 0.8749
vn 0.3409 0.5884 0.7332
vn 0.3042 0.2974 0.9050
vn 0.3868 0.3037 0.8707
vn 0.3390 0.5893 0.7334
vn 0.1024 -0.8833 0.4575
vn 0.1449 -0.7429 0.6536
vn 0.0668 -0.9703 0.2324
vn 0.1833 -0.9053 0.3831
vn 0.1147 -0.9792 0.1676
vn 0.1646 -0.9270 0.3371
vn 0.0198 -0.9995 -0.0256
vn -0.0628 -0.9534 -0.2950
vn 0.0355 -0.9974 -0.0634
vn -0.0586 -0.9522 -0.2999
vn 0.0081 -0.9947 -0.1021
vn 0.0870 -0.9890 0.1193
vn 0.1056 0.9689 0.2240
vn 0.2400 0.8320 0.5002
vn 0.1165 0.9608 0.2517
vn 0.2254 0.8416 0.4907
vn 0.2448 0.8195 0.5181
vn 0.1305 0.9523 0.2757
vn -0.1733 -0.8209 -0.5442
vn -0.2854 -0.5899 -0.7554
vn -0.1638 -0.8287 -0.5351
vn -0.2657 -0.5955 -0.7581
vn -0.1551 -0.8148 -0.5587
vn -0.0720 -0.9424 -0.3267
vn -0.3034 0.6489 -0.6978
vn -0.3048 0.4726 -0.8269
vn -0.3466 0.4705 -0.8115
vn -0.2460 0.8000 -0.5472
vn -0.2716 0.6430 -0.7161
vn -0.2232 0.7950 -0.5641
vn -0.2698 0.6323 -0.7262
vn -0.2975 0.4670 -0.8327
vn -0.0972 0.9784 -0.1823
vn 0.0039 0.9997 0.0256
vn -0.0856 0.9802 -0.1787
vn -0.0072 0.9999 0.0089
vn 0.0184 0.9991 0.0393
vn -0.0784 0.9797 -0.1843
vn -0.3759 0.2463 -0.8933
vn -0.3442 0.0036 -0.9389
vn -0.3824 -0.0135 -0.9239
vn -0.3325 0.2596 -0.9067
vn -0.3138 0.2657 -0.9116
vn -0.3148 0.0180 -0.9490
vn -0.1766 0.9144 -0.3644
vn -0.1595 0.9131 -0.3754
vn -0.1578 0.9065 -0.3916
vn -0.2231 0.7842 -0.5790
vn -0.3575 -0.3018 -0.8838
vn -0.3281 -0.2914 -0.8986
vn -0.2927 -0.2706 -0.9171
vn -0.2372 -0.5766 -0.7818
vn 0.2608 -0.6243 0.7364
vn 0.3050 -0.4112 0.8590
vn 0.1975 -0.8086 0.5541
vn 0.1856 -0.8172 0.5457
vn 0.2499 -0.6349 0.7311
vn 0.2976 -0.4162 0.8592
vn 0.2514 -0.6464 0.7204
vn 0.3014 -0.4284 0.8519
vn 0.1863 -0.8240 0.5351
vn 0.1980 -0.8270 0.5262
vn 0.2643 -0.6541 0.7088
vn 0.3159 -0.4402 0.8405
vn 0.2803 -0.6522 0.7043
vn 0.3335 -0.4404 0.8336
vn 0.2114 -0.8230 0.5272
vn 0.3346 -0.1829 0.9245
vn 0.3518 0.0615 0.9341
vn 0.3304 -0.1757 0.9273
vn 0.3484 0.0755 0.9343
vn 0.3351 -0.1838 0.9241
vn 0.3511 0.0686 0.9338
vn 0.3494 -0.1986 0.9157
vn 0.3621 0.0511 0.9307
vn 0.3670 -0.2041 0.9075
vn 0.3779 0.0432 0.9249
vn 0.3507 0.3199 0.8802
vn 0.3185 0.5795 0.7502
vn 0.3476 0.3256 0.8793
vn 0.3220 0.5624 0.7616
vn 0.3481 0.3138 0.8834
vn 0.3255 0.5429 0.7742
vn 0.3551 0.2976 0.8862
vn 0.3296 0.5311 0.7806
vn 0.3673 0.2962 0.8817
vn 0.3357 0.5358 0.7748
vn 0.1215 -0.9356 0.3315
vn 0.0466 -0.9938 0.1007
vn 0.1086 -0.9418 0.3183
vn 0.0303 -0.9967 0.0757
vn 0.1089 -0.9452 0.3078
vn 0.0279 -0.9978 0.0609
vn 0.1200 -0.9453 0.3035
vn 0.0366 -0.9976 0.0582
vn 0.1304 -0.9415 0.3108
vn 0.0446 -0.9966 0.0690
vn -0.0235 -0.9909 -0.1323
vn -0.0872 -0.9278 -0.3627
vn -0.0435 -0.9844 -0.1703
vn -0.1089 -0.9066 -0.4077
vn -0.0506 -0.9804 -0.1904
vn -0.1214 -0.8947 -0.4298
vn -0.0454 -0.9803 -0.1924
vn -0.1207 -0.8940 -0.4315
vn -0.0403 -0.9827 -0.1807
vn -0.1188 -0.8994 -0.4207
vn 0.2510 0.7936 0.5543
vn 0.1613 0.9331 0.3213
vn 0.2699 0.7634 0.5869
vn 0.1946 0.9089 0.3688
vn 0.2829 0.7405 0.6097
vn 0.2241 0.8895 0.3981
vn 0.2850 0.7320 0.6189
vn 0.2212 0.8852 0.4093
vn 0.2836 0.7385 0.6117
vn 0.2114 0.8933 0.3967
vn -0.1473 -0.7936 -0.5903
vn -0.2070 -0.5676 -0.7969
vn -0.1653 -0.7629 -0.6250
vn -0.2145 -0.5541 -0.8044
vn -0.1806 -0.7469 -0.6399
vn -0.2265 -0.5483 -0.8050
vn -0.1839 -0.7469 -0.6390
vn -0.2318 -0.5520 -0.8009
vn -0.1848 -0.7555 -0.6285
vn -0.2350 -0.5642 -0.7915
vn -0.2755 0.4434 -0.8530
vn -0.2436 0.6242 -0.7423
vn -0.1898 0.7859 -0.5885
vn -0.2103 0.6210 -0.7551
vn -0.2512 0.4214 -0.8714
vn -0.2278 0.4160 -0.8804
vn -0.1485 0.7932 -0.5906
vn -0.1792 0.6264 -0.7586
vn -0.1121 0.8032 -0.5851
vn -0.1867 0.6271 -0.7563
vn -0.2332 0.4112 -0.8812
vn -0.2065 0.6018 -0.7715
vn -0.2509 0.3847 -0.8883
vn -0.1448 0.7869 -0.5998
vn -0.0310 0.9856 -0.1663
vn 0.0650 0.9947 0.0791
vn 0.1088 0.9867 0.1204
vn 0.0194 0.9902 -0.1384
vn 0.0591 0.9918 -0.1131
vn 0.1479 0.9778 0.1485
vn 0.1413 0.9764 0.1634
vn 0.0520 0.9936 -0.1000
vn 0.1242 0.9817 0.1443
vn 0.0293 0.9922 -0.1214
vn -0.2816 -0.0152 -0.9594
vn -0.2882 0.2318 -0.9291
vn -0.2717 0.1942 -0.9426
vn -0.2718 -0.0531 -0.9609
vn -0.2669 -0.0688 -0.9613
vn -0.2571 0.1802 -0.9494
vn -0.2607 0.1746 -0.9495
vn -0.2712 -0.0746 -0.9596
vn -0.2809 -0.0947 -0.9551
vn -0.2764 0.1508 -0.9491
vn -0.1162 0.9134 -0.3902
vn -0.0694 0.9225 -0.3798
vn -0.0308 0.9303 -0.3655
vn -0.0389 0.9336 -0.3563
vn -0.1204 0.8063 -0.5792
vn -0.0644 0.9235 -0.3783
vn -0.2546 -0.2869 -0.9235
vn -0.2520 -0.3064 -0.9179
vn -0.2565 -0.3158 -0.9135
vn -0.2618 -0.3219 -0.9099
vn -0.2670 -0.3365 -0.9030
vn 0.0897 -0.9955 0.0312
vn 0.4466 -0.8881 0.1087
vn 0.0994 -0.9946 -0.0296
vn 0.0870 -0.9885 0.1238
vn 0.4608 -0.8739 0.1550
vn 0.4850 -0.8513 0.2002
vn 0.8061 -0.5489 0.2211
vn 0.7797 -0.5890 0.2122
vn 0.9661 0.1807 0.1844
vn 0.9301 0.3032 0.2072
vn 0.9145 0.3392 0.2204
vn 0.9743 0.1809 0.1343
vn 0.9671 0.2212 0.1259
vn 0.7264 0.6176 0.3017
vn 0.6899 0.6675 0.2801
vn 0.6788 0.6935 0.2414
vn -0.1581 0.9856 0.0604
vn -0.4895 0.8700 -0.0585
vn -0.4430 0.8905 -0.1037
vn -0.1875 0.9746 0.1224
vn -0.5374 0.8417 0.0533
vn -0.8358 0.4971 -0.2331
vn -0.7748 0.5369 -0.3339
vn -0.7352 0.5730 -0.3620
vn -0.8476 -0.1280 -0.5150
vn -0.8513 -0.2089 -0.4814
vn -0.8386 -0.2345 -0.4916
vn -0.8545 -0.1133 -0.5070
vn -0.8744 -0.1627 -0.4571
vn -0.7524 -0.5849 -0.3030
vn -0.7044 -0.5984 -0.3817
vn -0.6723 -0.6198 -0.4048
vn 0.9774 -0.0702 0.1994
vn 0.9576 -0.0271 0.2867
vn 0.9422 -0.1697 0.2891
vn 0.9727 0.0023 0.2321
vn 0.9803 0.0285 0.1953
vn 0.9717 0.0566 0.2292
vn 0.9643 0.1401 0.2247
vn 0.9435 0.1319 0.3041
vn -0.3394 -0.9300 0.1414
vn 0.1608 -0.9764 0.1442
vn 0.1321 -0.9722 0.1932
vn -0.8012 -0.5943 0.0695
vn -0.3308 -0.9322 0.1471
vn -0.3286 -0.9322 0.1517
vn 0.1872 -0.9776 0.0967
vn -0.9326 -0.2598 -0.2504
vn -0.8993 -0.4195 -0.1233
vn -0.9427 -0.3009 -0.1443
vn -0.8775 -0.3248 -0.3528
vn -0.8986 -0.3720 -0.2326
vn -0.6667 -0.6762 -0.3135
vn -0.6717 -0.7131 -0.2008
vn -0.6734 -0.7355 -0.0745
vn -0.6171 0.6794 0.3970
vn -0.6419 0.6401 0.4221
vn -0.5636 0.6487 0.5114
vn -0.7741 0.6170 0.1416
vn -0.6890 0.6582 0.3033
vn -0.8336 0.5378 0.1260
vn -0.8225 0.5327 0.1993
vn -0.7984 0.5465 0.2528
vn 0.9542 0.1258 0.2716
vn 0.9450 0.1824 0.2716
vn 0.9600 0.1273 0.2495
vn 0.9578 0.1501 0.2451
vn 0.9417 0.1895 0.2780
vn 0.9320 0.2673 0.2447
vn 0.9300 0.2558 0.2640
vn 0.9283 0.2208 0.2993
vn 0.1090 -0.9931 -0.0442
vn 0.3679 -0.9204 0.1322
vn 0.0613 -0.9955 0.0720
vn 0.1145 -0.9893 -0.0907
vn 0.4192 -0.9072 0.0343
vn 0.4317 -0.9019 0.0131
vn 0.7390 -0.6605 0.1324
vn 0.6833 -0.6983 0.2131
vn 0.8900 -0.3642 0.2742
vn 0.7542 -0.6444 0.1257
vn 0.9254 -0.3115 0.2159
vn 0.9325 -0.2925 0.2121
vn 0.9638 -0.0928 0.2501
vn 0.9491 -0.1430 0.2807
vn 0.9656 -0.0474 0.2558
vn 0.9663 -0.0787 0.2452
vn 0.9669 -0.0071 0.2552
vn 0.9686 0.0037 0.2487
vn 0.9672 0.0241 0.2529
vn 0.9699 0.0353 0.2409
vn 0.9641 0.0635 0.2577
vn 0.9684 0.0749 0.2379
vn -0.8076 -0.1731 -0.5637
vn -0.8733 -0.0079 -0.4872
vn -0.8268 -0.0209 -0.5621
vn -0.8320 -0.2916 -0.4719
vn -0.8466 -0.1757 -0.5024
vn -0.8776 -0.3283 -0.3493
vn -0.9199 -0.1585 -0.3587
vn -0.9441 -0.0125 -0.3295
vn -0.5699 0.4217 0.7052
vn -0.7525 0.0616 0.6557
vn -0.6130 0.1272 0.7798
vn -0.6971 0.4706 0.5410
vn -0.6023 0.1616 0.7817
vn -0.9126 0.0023 0.4089
vn -0.8858 0.2018 0.4180
vn -0.8960 -0.4169 -0.1527
vn -0.9103 -0.3056 -0.2792
vn -0.9269 -0.3404 -0.1582
vn -0.8679 -0.3905 -0.3070
vn -0.8762 -0.2526 -0.4104
vn -0.9022 -0.2135 -0.3748
vn 0.0947 -0.8710 -0.4821
vn -0.3277 -0.8384 -0.4355
vn 0.0764 -0.9054 -0.4176
vn -0.2893 -0.8022 -0.5224
vn -0.8023 -0.4884 -0.3432
vn -0.8294 -0.4884 -0.2713
vn -0.3630 -0.8443 -0.3941
vn 0.0570 -0.9105 -0.4096
vn -0.0776 0.9787 0.1903
vn 0.3208 0.9340 0.1571
vn -0.0642 0.9804 0.1861
vn 0.2932 0.9444 0.1488
vn 0.7436 0.6638 0.0799
vn 0.7567 0.6468 0.0949
vn 0.3413 0.9252 0.1659
vn -0.0516 0.9825 0.1788
vn 0.8541 0.4431 -0.2725
vn 0.9802 -0.0748 -0.1834
vn 0.8865 0.4421 -0.1365
vn 0.9656 -0.0553 -0.2543
vn 0.8237 -0.5349 -0.1882
vn 0.9831 -0.1141 -0.1433
vn 0.9104 0.4030 -0.0932
vn -0.9216 -0.3864 -0.0379
vn -0.8486 -0.2839 0.4464
vn -0.7203 -0.3836 0.5779
vn -0.9393 -0.3264 -0.1062
vn -0.9378 -0.3310 -0.1050
vn -0.9164 -0.3342 0.2202
vn -0.4066 0.6968 0.5909
vn -0.5012 0.6479 0.5737
vn -0.6262 0.3792 0.6812
vn -0.3178 0.7211 0.6156
vn -0.3195 0.7192 0.6170
vn -0.4874 0.6697 0.5603
vn -0.5745 0.5625 0.5946
vn 0.8152 0.3896 0.4286
vn 0.7665 0.4128 0.4920
vn 0.6291 0.5476 0.5517
vn 0.8918 0.2769 0.3579
vn 0.8439 0.3504 0.4063
vn 0.4905 0.6246 0.6077
vn 0.4108 0.6324 0.6568
vn 0.3030 0.7282 0.6147
vn -0.8552 0.1406 -0.4989
vn -0.8322 0.1605 -0.5307
vn -0.8961 0.0986 -0.4327
vn -0.8538 -0.0152 -0.5203
vn -0.8221 -0.0347 -0.5682
vn -0.8633 -0.0923 -0.4961
vn -0.8198 -0.1111 -0.5618
vn -0.9092 -0.0793 -0.4086
vn -0.8645 -0.1176 -0.4886
vn -0.8249 -0.1457 -0.5462
vn -0.8645 -0.1435 -0.4817
vn -0.8354 -0.1468 -0.5297
vn -0.9245 -0.1337 -0.3570
vn -0.7907 -0.2041 -0.5772
vn 0.9429 -0.2285 0.2425
vn 0.8391 -0.5092 0.1915
vn 0.9617 -0.1868 0.2005
vn 0.9896 -0.1304 0.0615
vn 0.9922 -0.0029 0.1247
vn 0.9735 -0.0222 0.2275
vn 0.9755 0.0611 0.2113
vn 0.9632 -0.0987 -0.2501
vn 0.9912 0.0492 0.1230
vn 0.9982 -0.0199 -0.0572
vn 0.9870 0.1009 0.1251
vn 0.9760 0.0934 0.1969
vn 0.9752 0.1247 0.1830
vn 0.9830 0.1804 0.0350
vn 0.9782 0.1461 0.1475
vn -0.1318 0.9768 -0.1688
vn 0.2399 0.9428 -0.2315
vn -0.1358 0.9834 -0.1203
vn 0.2409 0.9377 -0.2504
vn 0.7338 0.5928 -0.3319
vn 0.7268 0.6190 -0.2975
vn 0.2359 0.9563 -0.1728
vn -0.1420 0.9886 -0.0502
vn -0.1080 0.9011 -0.4199
vn 0.2348 0.9286 -0.2875
vn -0.1299 0.9625 -0.2382
vn 0.2460 0.8658 -0.4357
vn 0.7675 0.5693 -0.2947
vn 0.7512 0.5836 -0.3084
vn -0.9830 -0.0825 -0.1639
vn -0.7969 -0.6040 -0.0099
vn -0.8405 0.4427 -0.3122
vn -0.9965 -0.0777 -0.0300
vn -0.8713 0.4747 -0.1242
vn -0.9949 -0.0694 0.0726
vn -0.8062 -0.5764 0.1335
vn 0.7876 0.4966 -0.3648
vn 0.9846 -0.0017 -0.1747
vn 0.9887 -0.0557 -0.1391
vn 0.8870 -0.4604 -0.0371
vn 0.8940 -0.4313 -0.1219
vn 0.9704 0.0299 -0.2397
vn 0.7121 0.6311 -0.3077
vn 0.9040 0.1065 -0.4141
vn 0.6717 0.6092 -0.4216
vn 0.8997 -0.3566 -0.2518
vn 0.9425 0.1144 -0.3141
vn 0.7557 -0.3352 -0.5627
vn 0.7087 0.0792 -0.7011
vn 0.5646 0.5117 -0.6476
vn -0.8093 -0.5491 0.2086
vn -0.8820 0.4712 -0.0033
vn -0.9817 -0.0617 0.1801
vn -0.8838 0.4540 0.1128
vn -0.9585 -0.0662 0.2774
vn -0.8008 -0.5285 0.2819
vn 0.9529 0.0542 -0.2985
vn 0.8929 -0.4074 -0.1915
vn 0.9025 -0.3834 -0.1960
vn 0.9524 0.0875 -0.2920
vn 0.1994 -0.9773 0.0717
vn -0.3367 -0.9252 0.1750
vn -0.3443 -0.9129 0.2190
vn 0.2023 -0.9753 0.0891
vn -0.0810 -0.0562 -0.9951
vn -0.5038 0.6010 -0.6204
vn -0.1793 0.6679 -0.7224
vn -0.3698 -0.7520 -0.5457
vn -0.5126 -0.0768 -0.8552
vn -0.8073 -0.5459 -0.2241
vn -0.9368 -0.0771 -0.3413
vn -0.8739 0.3716 -0.3133
vn -0.3474 -0.9307 0.1148
vn 0.1664 -0.9589 -0.2299
vn 0.1950 -0.9803 -0.0307
vn -0.8005 -0.5528 0.2313
vn -0.3386 -0.9374 -0.0814
vn 0.0774 -0.7478 -0.6594
vn -0.1561 0.9812 -0.1139
vn 0.1777 0.9120 -0.3696
vn -0.1754 0.9350 -0.3084
vn 0.2249 0.9516 -0.2096
vn 0.1539 0.6479 -0.7460
vn -0.9645 -0.0847 0.2503
vn -0.8116 -0.5761 0.0975
vn -0.8993 0.4366 0.0240
vn -0.9884 -0.0896 0.1229
vn -0.0077 0.9991 0.0410
vn 0.4830 0.8756 -0.0012
vn 0.0028 0.9980 0.0636
vn 0.4652 0.8851 -0.0139
vn 0.9128 0.3998 -0.0835
vn 0.9070 0.4170 -0.0590
vn 0.4909 0.8699 0.0482
vn 0.0072 0.9915 0.1297
vn -0.3313 -0.9408 -0.0715
vn 0.0439 -0.9962 -0.0757
vn 0.0670 -0.9926 -0.1016
vn -0.8403 -0.5419 -0.0146
vn -0.3842 -0.9227 -0.0336
vn -0.8706 -0.4917 0.0162
vn -0.4350 -0.8979 -0.0677
vn 0.0228 -0.9958 -0.0889
vn -0.9999 -0.0006 0.0111
vn -0.8621 0.5060 -0.0290
vn -0.9979 0.0586 0.0264
vn -0.8416 0.5398 0.0185
vn -0.9941 0.1083 -0.0022
vn -0.9020 -0.4304 -0.0330
vn -0.0310 0.9944 -0.1006
vn 0.4311 0.9009 -0.0505
vn -0.0209 0.9998 0.0068
vn 0.3978 0.8969 -0.1929
vn -0.4676 -0.8664 -0.1754
vn 0.0026 -0.8957 -0.4447
vn 0.0097 -0.9573 -0.2889
vn -0.8924 -0.4506 0.0249
vn -0.4448 -0.8364 -0.3204
vn -0.8741 -0.3817 -0.3004
vn -0.4788 -0.5799 -0.6591
vn -0.0305 -0.6240 -0.7809
vn 0.9877 -0.1055 -0.1152
vn 0.8220 -0.5484 -0.1535
vn 0.8430 -0.5247 -0.1183
vn 0.9932 -0.0607 -0.0996
vn 0.0120 -0.9939 -0.1094
vn -0.4629 -0.8796 -0.1095
vn -0.9106 -0.4061 -0.0768
vn -0.4714 -0.8755 -0.1062
vn 0.0097 -0.9928 -0.1192
vn -0.8328 0.5528 0.0309
vn -0.9956 0.0933 -0.0104
vn -0.8707 0.4780 0.1158
vn -0.9985 0.0445 0.0307
vn -0.9062 -0.4203 -0.0470
vn -0.0728 0.1666 -0.9833
vn -0.5032 0.7830 -0.3656
vn -0.0300 0.8766 -0.4803
vn -0.5961 0.1333 -0.7918
vn -0.9649 0.0323 -0.2607
vn -0.8822 0.4594 -0.1032
vn -0.9855 -0.0080 0.1698
vn -0.8886 -0.4543 -0.0631
vn -0.8689 0.4265 0.2514
vn -0.9945 -0.0088 0.1043
vn 0.0063 0.9841 0.1774
vn 0.4440 0.8929 -0.0751
vn 0.0049 0.9999 0.0143
vn 0.4783 0.8763 0.0579
vn 0.8564 0.4751 -0.2021
vn 0.7813 0.4775 -0.4019
vn 0.4107 0.7678 -0.4917
vn 0.8846 0.4529 -0.1112
vn 0.9516 0.0399 -0.3046
vn 0.9753 0.0147 -0.2206
vn 0.8332 -0.3846 -0.3974
vn 0.7597 -0.3134 -0.5697
vn 0.8208 0.0820 -0.5653
vn -0.0350 0.9824 0.1834
vn 0.3712 0.9118 0.1758
vn 0.7930 0.6015 0.0972
vn 0.4076 0.8923 0.1939
vn -0.0157 0.9748 0.2225
vn 0.9689 0.2474 -0.0078
vn 0.7374 0.6730 0.0575
vn 0.9358 -0.3428 -0.0819
vn 0.9637 0.2669 -0.0010
vn 0.9485 -0.3002 -0.1006
vn 0.9655 0.2602 -0.0119
vn 0.0798 -0.9828 -0.1667
vn -0.3010 -0.9264 -0.2262
vn 0.0740 -0.9736 -0.2157
vn -0.2793 -0.9378 -0.2061
vn -0.7336 -0.6506 -0.1964
vn -0.7528 -0.6327 -0.1817
vn -0.3241 -0.9157 -0.2375
vn 0.0632 -0.9637 -0.2594
vn -0.7325 -0.6494 -0.2045
vn -0.9687 -0.2231 -0.1089
vn -0.9750 -0.1931 -0.1102
vn -0.9344 0.3548 0.0310
vn -0.9354 0.3537 0.0002
vn -0.9697 -0.2154 -0.1151
vn 0.8492 0.5263 -0.0440
vn 0.9550 0.1006 -0.2791
vn 0.8231 0.5443 -0.1616
vn 0.8668 -0.4095 -0.2845
vn 0.9817 0.0699 -0.1773
vn 0.7482 -0.2481 -0.6153
vn 0.7947 0.1757 -0.5810
vn 0.7381 0.5445 -0.3984
vn 0.9456 -0.2875 -0.1525
vn 0.9803 0.1928 -0.0417
vn 0.9222 -0.3270 -0.2065
vn 0.9927 0.0996 -0.0681
vn 0.8346 0.5437 0.0889
vn 0.0474 -0.9600 -0.2760
vn -0.3557 -0.9060 -0.2295
vn -0.7973 -0.5868 -0.1412
vn -0.3910 -0.9017 -0.1846
vn 0.0308 -0.9672 -0.2520
vn -0.9851 -0.1537 -0.0771
vn -0.9195 0.3929 0.0113
vn -0.8968 0.4288 0.1094
vn -0.9958 -0.0876 0.0270
vn -0.8374 -0.5434 -0.0583
vn 0.0016 0.8593 -0.5115
vn -0.4525 0.2448 -0.8575
vn -0.3785 0.8112 -0.4458
vn -0.0503 0.2666 -0.9625
vn -0.3979 -0.4577 -0.7951
vn -0.8195 -0.3321 -0.4670
vn -0.9074 0.1126 -0.4048
vn -0.8195 0.5284 -0.2218
vn -0.4122 -0.8840 -0.2203
vn 0.0145 -0.8545 -0.5192
vn 0.0184 -0.9486 -0.3160
vn -0.8515 -0.5240 -0.0181
vn -0.3988 -0.8140 -0.4224
vn -0.0232 -0.4780 -0.8781
vn -0.9876 -0.0566 0.1464
vn -0.8565 -0.4906 -0.1602
vn -0.8588 0.4977 0.1215
vn -0.9993 -0.0176 0.0330
vn 0.0143 0.9809 0.1938
vn 0.4163 0.9071 -0.0615
vn 0.0345 0.9993 -0.0136
vn 0.4316 0.8958 0.1059
vn 0.3748 0.7828 -0.4967
vn -0.9966 0.0006 -0.0828
vn -0.8576 -0.4745 -0.1985
vn -0.8760 0.4658 0.1254
vn -1.0000 -0.0011 -0.0089
vn -0.8698 0.4617 0.1743
vn -0.9974 -0.0033 0.0716
vn -0.8752 -0.4715 -0.1087
vn -0.9808 0.0070 -0.1948
vn -0.7780 -0.4649 -0.4226
vn -0.8848 0.4628 0.0542
vn -0.9899 0.0071 -0.1416
vn -0.8783 0.4697 0.0890
vn 0.9934 0.0979 0.0603
vn 0.8106 0.5411 0.2241
vn 0.7812 0.5613 0.2731
vn 0.9056 -0.3748 -0.1985
vn 0.9963 0.0820 0.0265
vn 0.8978 -0.3996 -0.1853
vn 0.9970 0.0707 -0.0300
vn 0.8365 0.5227 0.1643
vn 0.2754 0.8799 0.3872
vn -0.1002 0.9248 0.3671
vn -0.1495 0.9138 0.3775
vn 0.3273 0.8759 0.3544
vn 0.3739 0.8729 0.3135
vn -0.0524 0.9352 0.3503
vn -0.4366 -0.8667 -0.2411
vn -0.0652 -0.8436 -0.5330
vn -0.0242 -0.9330 -0.3590
vn -0.8774 -0.4655 -0.1160
vn -0.4438 -0.7994 -0.4050
vn -0.8690 -0.2939 -0.3980
vn -0.5040 -0.4087 -0.7609
vn -0.1651 -0.4213 -0.8918
vn 0.8558 0.5058 0.1088
vn 0.8896 -0.3982 -0.2236
vn 0.9945 0.0566 -0.0885
vn 0.8744 -0.4027 -0.2708
vn 0.9917 0.0369 -0.1229
vn 0.8691 0.4894 0.0720
vn 0.0265 -0.9141 -0.4047
vn -0.4012 -0.8421 -0.3605
vn -0.4326 -0.8516 -0.2959
vn 0.0003 -0.9289 -0.3704
vn 0.4111 0.8651 0.2873
vn -0.0170 0.9373 0.3481
vn 0.4390 0.8596 0.2615
vn 0.0051 0.9398 0.3416
vn -0.2157 0.3464 -0.9130
vn -0.4600 0.8254 -0.3273
vn -0.1380 0.8957 -0.4227
vn -0.5620 0.3081 -0.7676
vn -0.9383 0.1589 -0.3072
vn -0.8329 0.5420 -0.1116
vn 0.0034 0.9650 0.2622
vn 0.3581 0.9337 0.0056
vn -0.0358 0.9967 0.0735
vn 0.8578 0.5133 -0.0260
vn 0.4279 0.8889 0.1635
vn 0.6820 0.6014 -0.4163
vn 0.2160 0.8584 -0.4653
vn -0.8674 -0.4977 -0.0056
vn -0.9955 0.0107 0.0942
vn -0.9830 -0.0246 0.1820
vn -0.8437 0.4989 0.1981
vn 0.9794 0.0394 -0.1981
vn 0.8173 0.5606 -0.1336
vn 0.8378 -0.4310 -0.3351
vn 0.9513 0.0748 -0.2989
vn 0.6691 -0.2424 -0.7025
vn 0.7312 0.2146 -0.6475
vn -0.7925 -0.5316 0.2990
vn -0.8741 0.4226 0.2394
vn -0.9492 -0.0770 0.3052
vn -0.8891 0.4262 0.1667
vn 0.2351 0.9615 -0.1425
vn -0.1469 0.9887 -0.0299
vn 0.7253 0.6369 -0.2613
vn 0.2023 -0.9766 0.0725
vn -0.3449 -0.9144 0.2118
vn 0.9558 0.1105 -0.2724
vn 0.9105 -0.3654 -0.1934
vn 0.9904 -0.0200 -0.1370
vn 0.9005 0.4311 -0.0576
vn 0.8687 -0.4835 -0.1075
vn 0.8612 -0.4131 -0.2963
vn 0.4918 0.8657 0.0927
vn 0.0073 0.9799 0.1994
vn -0.8961 -0.4435 0.0202
vn -0.9907 0.0076 0.1355
vn -0.8732 0.4325 0.2249
vn 0.0129 -0.9839 -0.1784
vn -0.4672 -0.8770 -0.1123
vn 0.4277 0.8847 0.1855
vn -0.0022 0.9675 0.2529
vn 0.8539 0.5183 0.0461
vn -0.9886 -0.0689 0.1336
vn -0.8472 -0.5312 0.0086
vn -0.8748 0.4274 0.2282
vn -0.8634 0.4417 0.2436
vn 0.0187 -0.9702 -0.2415
vn -0.4091 -0.8990 -0.1565
vn 0.8930 -0.3919 -0.2213
vn 0.9924 0.0604 -0.1075
vn 0.8767 -0.4231 -0.2287
vn 0.8711 0.4902 0.0319
vn 0.8606 -0.4200 -0.2881
vn 0.9880 0.0298 -0.1519
vn 0.8520 -0.4322 -0.2955
vn -0.9868 -0.0212 0.1603
vn -0.8720 -0.4891 -0.0187
vn -0.8457 0.4467 0.2920
vn -0.8403 0.4537 0.2967
vn 0.0143 0.9469 0.3212
vn 0.4464 0.8655 0.2270
vn -0.0109 -0.9428 -0.3331
vn -0.4385 -0.8683 -0.2320
vn 0.8623 0.2397 -0.4461
vn 0.8586 -0.5005 0.1108
vn 0.9967 -0.0636 -0.0507
vn 0.8692 -0.4931 0.0358
vn -0.9415 -0.0800 -0.3273
vn -0.7905 -0.5950 -0.1450
vn -0.7695 0.2120 -0.6024
vn 0.0862 -0.5982 -0.7967
vn 0.3214 0.4559 -0.8300
vn -0.0298 0.4613 -0.8868
vn 0.4665 -0.4156 -0.7808
vn -0.3493 -0.9334 0.0819
vn 0.1047 -0.9750 0.1962
vn -0.3416 -0.9384 -0.0523
vn 0.1217 -0.2726 -0.9544
vn 0.4166 0.7053 -0.5736
vn -0.0304 0.9153 -0.4015
vn 0.6763 -0.3171 -0.6649
vn 0.8561 0.2762 -0.4369
vn -0.7982 -0.5566 -0.2303
vn -0.8772 -0.0655 -0.4757
vn -0.9876 -0.0697 -0.1409
vn -0.8684 0.4042 -0.2872
vn -0.2757 -0.5237 -0.8061
vn 0.0905 -0.9687 -0.2313
vn -0.2871 -0.9283 -0.2362
vn 0.9854 0.0196 -0.1691
vn 0.9679 -0.0809 -0.2380
vn 0.8346 -0.4624 -0.2994
vn 0.8248 -0.5140 -0.2357
vn -0.7423 -0.5661 -0.3586
vn -0.8933 0.4129 -0.1779
vn -0.9683 -0.1428 -0.2048
vn -0.9222 0.3855 0.0320
vn -0.2486 -0.9225 -0.2952
vn 0.0760 -0.9782 -0.1933
vn -0.5824 -0.1053 -0.8060
vn 0.7605 0.6456 -0.0695
vn 0.9550 0.2486 -0.1620
vn 0.9308 -0.3312 -0.1549
vn 0.9743 0.2252 0.0092
vn 0.0011 0.4674 -0.8841
vn 0.2583 0.9660 -0.0057
vn -0.0893 0.9916 0.0931
vn 0.5838 0.4018 -0.7055
vn 0.2025 0.9274 0.3145
vn -0.1909 0.9222 0.3364
vn -0.2062 0.9527 0.2233
vn 0.2337 0.8946 0.3809
vn 0.7572 0.5792 0.3020
vn 0.9277 -0.2142 -0.3058
vn 0.9895 0.1158 0.0865
vn -0.7475 -0.3196 -0.5823
vn -0.8524 0.0608 -0.5194
vn -0.9517 0.0208 -0.3064
vn -0.8832 0.4653 -0.0588
vn -0.2600 -0.6177 -0.7422
vn 0.1089 -0.7163 -0.6893
vn -0.5418 0.3396 -0.7688
vn -0.3145 0.7596 0.5693
vn -0.3130 0.7698 0.5563
vn -0.4995 0.7064 0.5016
vn -0.5656 0.6911 0.4499
vn -0.9720 0.2313 -0.0421
vn -0.8910 0.4531 -0.0292
vn -0.9344 0.3092 -0.1769
vn -0.9786 0.2029 0.0338
vn -0.9249 0.3743 0.0669
vn -0.9241 0.3649 0.1136
vn 0.8550 0.3844 0.3482
vn 0.8645 0.3995 0.3049
vn 0.5305 0.6847 0.4997
vn 0.5223 0.6617 0.5379
vn 0.5804 0.6430 0.4997
vn 0.9224 0.3652 0.1258
vn 0.9107 0.3400 0.2346
vn 0.9789 -0.0084 -0.2040
vn 0.9643 0.1889 0.1856
vn 0.6372 0.5624 0.5270
vn 0.3576 -0.3533 -0.8645
vn 0.0009 -0.3283 -0.9446
vn 0.3749 -0.2289 -0.8984
vn -0.0911 -0.4318 -0.8973
vn -0.5434 -0.2778 -0.7922
vn -0.4233 -0.1284 -0.8968
vn 0.0570 -0.0486 -0.9972
vn 0.3542 -0.0081 -0.9351
vn -0.8128 0.3342 -0.4772
vn -0.9375 0.2376 -0.2541
vn -0.6602 -0.1090 -0.7432
vn -0.8983 0.4177 -0.1365
vn -0.8796 0.4559 0.1355
vn -0.9342 0.3515 0.0605
vn -0.9240 0.0656 -0.3768
vn -0.6164 -0.2891 -0.7324
vn 0.0377 0.8102 0.5850
vn -0.2632 0.7727 0.5777
vn 0.1087 0.7979 0.5929
vn 0.1756 0.7418 0.6472
vn -0.1875 0.7474 0.6374
vn 0.1892 0.2678 -0.9447
vn -0.1005 -0.5082 -0.8554
vn 0.2929 -0.6069 -0.7388
vn -0.3725 0.2813 -0.8844
vn -0.1126 -0.5933 -0.7970
vn 0.3190 -0.6565 -0.6836
vn -0.2760 0.4608 -0.8435
vn 0.0916 0.6249 -0.7753
vn -0.6960 0.0889 -0.7125
vn -0.9001 0.3520 -0.2566
vn -0.6216 0.7786 -0.0857
vn -0.2043 0.9741 0.0965
vn 0.6787 0.4797 0.5561
vn 0.9646 0.2629 -0.0220
vn 0.6912 0.5504 0.4683
vn 0.9764 0.1939 0.0955
vn 0.8907 -0.0169 -0.4544
vn 0.7985 0.0794 -0.5968
vn 0.8500 0.3713 -0.3736
vn 0.6926 0.6940 0.1965
vn 0.2287 0.6039 0.7635
vn -0.1994 0.7258 0.6584
vn -0.1378 0.6421 0.7542
vn 0.1902 0.6914 0.6970
vn 0.2351 0.9599 0.1529
vn -0.9039 -0.0744 -0.4213
vn -0.5936 -0.3172 -0.7396
vn -0.9719 0.2349 0.0121
vn -0.8734 -0.0598 -0.4833
vn -0.9628 0.2608 -0.0713
vn -0.9835 0.1225 0.1329
vn -0.9336 0.3057 0.1868
vn -0.7584 0.5397 0.3655
vn -0.9968 0.0778 -0.0205
vn -0.9873 0.0951 -0.1275
vn -0.9828 -0.0272 -0.1825
vn -0.9963 -0.0577 -0.0635
vn -0.9567 -0.1913 -0.2195
vn -0.9680 -0.2289 -0.1030
vn -0.8919 -0.3780 -0.2481
vn -0.9058 -0.3991 -0.1420
vn -0.8603 -0.5097 -0.0037
vn -0.8674 -0.4743 -0.1506
vn -0.8475 -0.5270 0.0633
vn -0.8816 -0.4693 0.0503
vn -0.9007 -0.4341 -0.0147
vn -0.7787 0.5920 0.2077
vn -0.8514 0.5175 -0.0860
vn -0.8804 0.3635 -0.3047
vn -0.4649 -0.1843 0.8660
vn -0.8791 -0.1663 0.4467
vn -0.8648 -0.0214 0.5017
vn -0.9297 -0.0492 0.3650
vn -0.9550 -0.1301 0.2667
vn -0.8444 0.1802 -0.5044
vn -0.8865 0.1728 -0.4292
vn -0.9506 0.1279 -0.2829
vn -0.9103 -0.3330 0.2459
vn -0.9544 -0.2711 0.1249
vn -0.6365 0.5606 0.5298
vn -0.6686 0.6157 0.4170
vn 0.5111 0.0179 -0.8593
vn 0.4305 0.5976 -0.6765
vn 0.7564 0.4101 -0.5096
vn 0.6914 -0.4145 -0.5918
vn 0.7226 -0.4820 -0.4955
vn 0.9668 -0.1658 -0.1945
vn -0.6041 0.6594 0.4475
vn -0.6251 0.6276 0.4641
vn 0.9431 -0.0632 -0.3264
vn 0.6314 -0.1577 -0.7593
vn 0.7210 -0.2243 -0.6556
vn -0.9936 0.0075 0.1124
vn -0.9909 -0.1120 0.0751
vn 0.0080 0.7914 0.6113
vn -0.0113 0.7472 0.6645
vn 0.4962 -0.6046 -0.6231
vn 0.4865 -0.7731 -0.4071
vn -0.5468 0.8103 0.2105
vn -0.5182 0.8056 0.2872
vn -0.4586 0.8886 0.0076
vn -0.4803 0.8623 0.1603
vn 0.4767 -0.8584 -0.1894
vn 0.4945 -0.8579 -0.1395
vn 0.4094 -0.8653 -0.2891
vn 0.4229 -0.8916 -0.1621
vn -0.4623 0.8311 -0.3091
vn -0.4363 0.8975 -0.0635
vn 0.5170 -0.8339 0.1932
vn 0.5485 -0.8222 0.1518
vn -0.3074 0.3913 -0.8674
vn -0.4212 0.8096 -0.4089
vn 0.4311 -0.8177 -0.3815
vn 0.4189 -0.8320 -0.3637
vn 0.3969 -0.8274 -0.3972
vn -0.4228 0.8377 0.3456
vn -0.8590 0.4561 0.2328
vn -0.4092 0.8409 0.3542
vn -0.4073 0.8559 0.3187
vn 0.4674 -0.8377 -0.2824
vn 0.4511 -0.8492 -0.2746
vn 0.4455 -0.8285 -0.3392
vn -0.4350 0.8564 0.2780
vn -0.4532 0.8687 0.2001
vn -0.4194 0.8715 0.2543
vn 0.4638 -0.8777 -0.1204
vn 0.8757 -0.4492 -0.1774
vn 0.4757 -0.8562 -0.2015
vn 0.4618 -0.8233 -0.3302
vn -0.4562 0.8537 0.2510
vn -0.4504 0.8784 0.1599
vn -0.4536 0.8551 0.2511
vn 0.6340 -0.7712 -0.0577
vn 0.6387 -0.7666 -0.0664
vn 0.6276 -0.7639 -0.1503
vn -0.8744 0.4332 0.2185
vn -0.5175 0.8506 0.0933
vn -0.5073 0.8586 0.0730
vn -0.5252 0.8509 0.0046
vn -0.4063 0.9004 0.1557
vn 0.1768 0.3349 -0.9255
vn 0.2002 -0.3840 -0.9014
vn -0.4633 0.8318 0.3057
vn -0.4429 0.8369 0.3217
vn 0.4744 -0.7985 -0.3705
vn 0.4525 -0.8011 -0.3918
vn 0.7989 -0.4007 -0.4486
vn 0.3303 -0.7643 -0.5538
vn -0.4872 0.8213 0.2969
vn -0.3835 0.9213 0.0642
vn 0.8411 -0.3673 -0.3970
vn 0.4166 -0.7576 -0.5025
vn 0.3675 -0.4231 -0.8282
vn 0.3660 0.2453 -0.8977
vn 0.5165 -0.8180 -0.2532
vn 0.4940 -0.8185 -0.2933
vn 0.5173 -0.8341 -0.1914
vn -0.4779 0.8682 0.1336
vn -0.4945 0.8588 0.1338
vn -0.4413 0.8905 0.1106
vn -0.8767 0.4487 0.1734
vn 0.3833 -0.5278 -0.7580
vn 0.4037 0.1487 -0.9027
vn 0.4207 -0.8992 -0.1205
vn 0.4388 -0.8913 -0.1145
vn 0.4211 -0.7773 -0.4674
vn -0.4243 0.9053 0.0208
vn -0.4205 0.9056 0.0552
vn 0.4204 -0.8977 -0.1317
vn -0.4314 0.8983 0.0839
vn -0.8468 0.5289 0.0566
vn -0.5120 0.8380 -0.1887
vn 0.8625 -0.3575 -0.3582
vn 0.5776 -0.7581 -0.3028
vn 0.4527 -0.5961 -0.6632
vn 0.2860 0.0090 -0.9582
vn 0.6099 -0.7925 -0.0023
vn 0.6230 -0.7800 -0.0591
vn -0.4556 0.8671 -0.2015
vn -0.4739 0.8747 -0.1014
vn -0.4923 0.8703 -0.0175
vn -0.9658 -0.2585 0.0187
vn -0.8315 -0.3593 -0.4238
vn -0.8464 -0.4485 -0.2871
vn -0.0257 0.7374 0.6750
vn -0.0698 0.8002 0.5957
vn -0.4917 0.8563 0.1578
vn 0.4835 -0.7989 -0.3578
vn -0.2791 -0.9602 0.0075
vn -0.2506 -0.9458 -0.2065
vn -0.2525 -0.9597 -0.1237
vn 0.5844 -0.8079 0.0762
vn -0.6532 -0.7561 0.0403
vn -0.3690 -0.9056 0.2089
vn -0.6598 -0.7358 0.1528
vn -0.3130 -0.9423 0.1184
vn -0.0094 -0.9854 0.1701
vn -0.1122 -0.9692 0.2195
vn 0.1928 0.9520 0.2380
vn 0.2098 0.9624 0.1722
vn -0.2796 -0.9369 -0.2098
vn -0.3107 -0.9375 -0.1568
vn 0.9152 -0.2818 0.2879
vn 0.8971 -0.3142 0.3106
vn 0.8191 -0.4619 0.3402
vn 0.9571 -0.1662 0.2373
vn 0.4565 -0.8438 0.2824
vn 0.7998 -0.5064 0.3224
vn 0.6729 -0.6672 0.3194
vn 0.5761 -0.7617 0.2966
vn 0.1700 -0.9552 0.2423
vn 0.2778 -0.9344 0.2230
vn 0.8943 0.2816 0.3476
vn 0.9314 0.2258 0.2854
vn -0.5703 0.5907 0.5709
vn -0.8514 -0.5051 0.1412
vn -0.8750 -0.4815 -0.0500
vn -0.6569 -0.6465 -0.3881
vn -0.2573 -0.9390 -0.2283
vn 0.1095 -0.9916 -0.0693
vn 0.7365 0.6612 0.1428
vn 0.3181 0.9472 -0.0397
vn -0.0756 0.9769 -0.1996
vn 0.9728 0.0641 0.2225
vn 0.9730 0.0968 0.2096
vn 0.9621 0.1718 0.2120
vn 0.9653 -0.0526 0.2558
vn 0.9696 0.0336 0.2422
vn 0.7626 -0.6213 0.1801
vn 0.9323 -0.2657 0.2454
vn -0.8325 -0.1841 -0.5226
vn -0.8064 -0.1879 -0.5608
vn -0.8569 -0.1625 -0.4891
vn -0.7944 -0.1345 -0.5923
vn -0.8076 -0.0304 -0.5890
vn -0.8186 0.1829 -0.5444
vn -0.6950 0.5570 -0.4546
vn -0.8447 -0.2750 -0.4592
vn -0.3893 0.8598 -0.3305
vn 0.9207 0.3251 0.2158
vn 0.4377 -0.8969 0.0624
vn 0.9610 -0.1495 -0.2325
vn 0.3394 -0.5142 -0.7876
vn 0.7444 -0.3595 -0.5626
vn -0.9563 0.2916 0.0201
vn -0.6272 0.5873 0.5116
vn -0.1350 0.6750 0.7254
vn -0.9061 -0.0033 -0.4230
vn -0.6022 -0.3090 -0.7361
vn 0.2292 0.6360 0.7368
vn 0.6798 0.4611 0.5703
vn 0.9792 0.1281 0.1571
vn -0.1172 -0.5226 -0.8445
vn -0.4407 -0.8942 -0.0793
vn -0.6886 -0.7124 -0.1353
vn -0.1998 -0.9795 -0.0259
vn 0.0499 -0.9934 0.1037
vn 0.2740 -0.9270 0.2561
vn 0.4737 -0.7927 0.3839
vn 0.6266 -0.6228 0.4684
vn 0.7252 -0.4592 0.5130
vn 0.7863 -0.2939 0.5435
vn 0.8079 0.0482 0.5873
vn 0.8124 -0.1334 0.5676
vn 0.7630 0.2430 0.5989
vn 0.6731 0.4428 0.5923
vn 0.5048 0.6670 0.5480
vn 0.2635 0.8527 0.4511
vn 0.0107 0.9514 0.3076
vn -0.2467 0.9554 0.1621
vn -0.5076 0.8536 0.1170
vn -0.5723 0.8128 0.1085
vn 0.9509 0.0269 0.3082
vn 0.8876 -0.3558 0.2925
vn 0.5186 -0.8500 0.0926
vn -0.7949 -0.4836 -0.3665
vn -0.7954 -0.5458 -0.2637
vn 0.8470 0.4579 0.2700
vn 0.8987 0.4052 0.1676
vn 0.8667 0.4702 0.1663
vn 0.8537 0.4879 0.1821
vn 0.8786 0.4165 0.2337
vn 0.8759 0.4682 0.1169
vn 0.8620 0.4611 0.2105
vn 0.8715 0.4586 0.1735
vn 0.7338 0.6653 -0.1375
vn 0.7921 0.5761 -0.2017
vn 0.7810 0.6163 -0.1015
vn 0.7142 0.6894 -0.1208
vn 0.7461 0.6245 -0.2311
vn 0.7168 0.6741 -0.1783
vn 0.7072 0.6527 -0.2718
vn 0.7572 0.6088 -0.2367
vn -0.9182 0.3843 -0.0963
vn -0.8480 0.5081 -0.1505
vn -0.8206 0.5666 -0.0750
vn -0.9256 0.3600 -0.1168
vn -0.8787 0.4543 -0.1464
vn -0.8348 0.4702 -0.2863
vn -0.7900 0.5357 -0.2980
vn -0.7762 0.5933 -0.2133
vn -0.9411 0.3277 -0.0833
vn -0.9022 0.3922 -0.1793
vn -0.9559 0.2669 -0.1224
vn -0.8984 0.3278 -0.2923
vn -0.8704 0.3461 -0.3502
vn -0.8629 0.4035 -0.3045
vn -0.7315 0.6816 0.0192
vn -0.7970 0.6020 0.0490
vn -0.6732 0.6959 -0.2499
vn -0.5439 0.8275 -0.1392
vn -0.5942 0.8042 -0.0136
vn -0.7607 0.6400 0.1087
vn -0.8070 0.5876 0.0588
vn -0.4302 0.7986 -0.4210
vn -0.2626 0.9142 -0.3085
vn -0.1359 0.8105 -0.5698
vn -0.0078 0.9205 -0.3907
vn -0.0777 0.9659 -0.2470
vn -0.3377 0.9284 -0.1548
vn -0.7063 0.5312 -0.4679
vn -0.6359 0.6108 -0.4718
vn -0.7638 0.4543 -0.4584
vn -0.5969 0.4453 -0.6674
vn -0.5051 0.5312 -0.6802
vn -0.3950 0.5965 -0.6987
vn -0.8047 0.3831 -0.4536
vn -0.8381 0.3362 -0.4297
vn -0.7664 0.3166 -0.5589
vn -0.6768 0.3581 -0.6432
vn 0.0934 0.7750 -0.6250
vn -0.0207 0.6496 -0.7600
vn 0.1676 0.5865 -0.7924
vn -0.2688 0.6883 -0.6738
vn -0.1076 0.6259 -0.7724
vn 0.0592 0.5736 -0.8170
vn 0.2162 0.4981 -0.8397
vn -0.5048 0.6733 -0.5403
vn -0.2717 0.6349 -0.7233
vn 0.7027 0.5449 -0.4575
vn 0.6443 0.3755 -0.6662
vn 0.7507 0.3491 -0.5609
vn 0.6175 0.5824 -0.5287
vn 0.5095 0.4340 -0.7430
vn 0.5331 0.3380 -0.7756
vn 0.6608 0.2863 -0.6938
vn 0.7745 0.2642 -0.5748
vn 0.4777 0.6498 -0.5913
vn 0.3431 0.5135 -0.7865
vn 0.2876 0.7245 -0.6263
vn 0.3833 0.4146 -0.8253
vn 0.8580 0.4531 0.2419
vn 0.9072 0.3299 0.2611
vn 0.8820 0.3494 0.3164
vn 0.8720 0.4225 0.2472
vn 0.9271 0.3672 0.0754
vn 0.9412 0.3239 0.0962
vn 0.9194 0.2799 0.2764
vn 0.8679 0.2975 0.3979
vn 0.4198 0.8198 -0.3894
vn 0.5483 0.8002 -0.2429
vn 0.3708 0.8879 -0.2724
vn 0.5763 0.7359 -0.3555
vn 0.6527 0.6811 -0.3319
vn 0.6554 0.7200 -0.2281
vn 0.1435 0.9503 -0.2762
vn 0.2044 0.8903 -0.4069
vn -0.8507 0.5256 -0.0074
vn -0.7800 0.6242 0.0444
vn 0.9334 0.3374 -0.1221
vn 0.8493 0.5065 -0.1485
vn 0.9122 0.3802 -0.1527
vn 0.8740 0.3625 -0.3235
vn 0.9058 0.2999 -0.2992
vn 0.8832 0.4629 0.0757
vn 0.8084 0.5781 -0.1108
vn 0.8511 0.5154 0.1000
vn 0.8189 0.5629 -0.1119
vn 0.7464 0.6212 -0.2387
vn 0.8024 0.5180 -0.2964
vn 0.7607 0.5252 -0.3815
vn 0.8279 0.3450 -0.4422
vn 0.8586 0.2675 -0.4372
vn -0.8052 -0.5924 -0.0264
vn -0.8387 -0.5226 -0.1532
vn -0.8052 -0.5731 -0.1526
vn -0.8393 -0.5423 -0.0378
vn -0.8608 -0.4843 -0.1563
vn -0.8522 -0.4665 -0.2371
vn -0.8291 -0.5035 -0.2429
vn -0.7946 -0.5517 -0.2534
vn -0.8057 -0.4770 -0.3511
vn -0.7684 -0.5195 -0.3736
vn -0.8317 -0.4426 -0.3352
vn -0.7984 -0.4071 -0.4436
vn -0.7667 -0.4374 -0.4700
vn -0.7242 -0.4687 -0.5058
vn 0.0925 0.2411 -0.9661
vn -0.1738 0.2078 -0.9626
vn 0.1355 0.1877 -0.9728
vn -0.2403 0.1906 -0.9518
vn -0.4320 0.1506 -0.8892
vn -0.3660 0.2139 -0.9057
vn -0.1335 0.2490 -0.9592
vn 0.1143 0.2344 -0.9654
vn -0.8915 -0.2919 -0.3465
vn -0.8698 -0.1516 -0.4695
vn -0.8569 -0.2540 -0.4486
vn -0.9132 -0.3169 -0.2562
vn -0.9109 -0.1851 -0.3688
vn -0.9365 -0.2124 -0.2792
vn -0.9145 -0.0808 -0.3964
vn -0.8672 -0.0450 -0.4959
vn -0.4126 -0.0575 -0.9091
vn -0.2686 0.1345 -0.9538
vn -0.3764 -0.0481 -0.9252
vn -0.4532 -0.0501 -0.8900
vn -0.2821 0.1302 -0.9505
vn -0.2952 0.1368 -0.9456
vn -0.1450 0.3619 -0.9209
vn -0.1698 0.3579 -0.9182
vn -0.1237 0.5612 -0.8184
vn -0.0932 0.3526 -0.9311
vn -0.0685 0.5674 -0.8206
vn 0.0913 0.5102 -0.8552
vn -0.0832 0.7329 -0.6753
vn -0.1530 0.7098 -0.6876
vn 0.8967 -0.4288 -0.1098
vn 0.7536 -0.1144 -0.6473
vn 0.9669 -0.2045 -0.1523
vn 0.7190 -0.2632 -0.6432
vn 0.6471 -0.1003 -0.7558
vn 0.6555 0.0760 -0.7514
vn 0.7747 0.0703 -0.6285
vn 0.9767 0.0363 -0.2116
vn 0.5483 -0.0629 -0.8339
vn 0.3713 0.0913 -0.9240
vn 0.4931 -0.0171 -0.8698
vn 0.3958 0.1439 -0.9070
vn 0.3106 0.1847 -0.9324
vn 0.4369 0.1317 -0.8898
vn -0.4946 -0.8459 0.1995
vn -0.5546 -0.8079 0.1994
vn -0.9964 -0.0638 -0.0553
vn 0.6285 -0.7778 0.0031
vn 0.5459 -0.8328 0.0919
vn -0.0248 -0.9785 0.2049
vn -0.7372 -0.6625 0.1326
vn -0.9771 0.1914 0.0934
vn -0.9949 -0.0096 0.1000
vn -0.0788 -0.9904 0.1140
vn -0.7993 -0.5938 0.0917
vn -0.0917 -0.9936 0.0655
vn -0.8530 -0.5216 -0.0197
vn -0.9969 -0.0784 0.0118
vn -0.7316 -0.1321 -0.6688
vn -0.8105 -0.0950 -0.5780
vn -0.7231 -0.0187 -0.6905
vn -0.8090 -0.2039 -0.5513
vn -0.7893 0.0123 -0.6139
vn -0.6858 0.0766 -0.7238
vn 0.8547 -0.5163 -0.0541
vn 0.9346 -0.3519 0.0525
vn 0.9472 -0.3192 -0.0298
vn 0.8387 -0.5434 0.0365
vn 0.9180 -0.3821 0.1061
vn 0.9680 -0.2401 0.0725
vn 0.9705 -0.2411 -0.0097
vn -0.7062 -0.3814 -0.5965
vn -0.6569 -0.3977 -0.6405
vn -0.7471 -0.3568 -0.5608
vn -0.6697 -0.2836 -0.6864
vn -0.6202 -0.2978 -0.7257
vn -0.5683 -0.2987 -0.7667
vn -0.4773 -0.1911 -0.8577
vn -0.5246 -0.1963 -0.8284
vn -0.5725 -0.1850 -0.7988
vn -0.4807 0.0698 -0.8741
vn -0.6026 0.0673 -0.7952
vn -0.6288 -0.0398 -0.7765
vn -0.5462 0.1499 -0.8241
vn -0.3876 0.9156 -0.1071
vn -0.5241 0.8350 -0.1680
vn 0.2923 0.5043 -0.8125
vn 0.9976 -0.0577 -0.0379
vn -0.0760 -0.5714 -0.8171
vn -0.7391 0.6351 0.2243
vn 0.6351 -0.1615 -0.7553
vn 0.5434 -0.0850 -0.8352
vn 0.5440 -0.1798 -0.8196
vn 0.5293 0.0930 -0.8434
vn -0.8017 -0.5831 0.1313
vn -0.7849 -0.6137 0.0847
vn -0.7614 -0.6300 0.1529
vn -0.8317 -0.5438 0.1120
vn -0.8220 -0.5659 0.0642
vn -0.8498 -0.5255 0.0421
vn -0.9303 -0.3665 -0.0150
vn -0.9621 -0.2433 -0.1232
vn -0.9349 -0.3425 -0.0930
vn -0.9203 -0.3867 0.0590
vn -0.9615 -0.2681 -0.0600
vn -0.9577 -0.2861 0.0312
vn -0.9819 -0.1535 -0.1111
vn -0.9775 -0.1358 -0.1614
vn -0.8379 -0.2395 -0.4904
vn -0.8983 -0.2726 -0.3446
vn -0.8489 -0.3016 -0.4340
vn -0.8844 -0.2399 -0.4003
vn -0.9384 -0.2433 -0.2452
vn -0.9421 -0.2820 -0.1813
vn -0.9093 -0.3124 -0.2750
vn -0.8667 -0.3463 -0.3590
vn -0.9435 -0.2528 -0.2141
vn -0.9178 -0.2837 -0.2777
vn -0.9638 -0.2337 -0.1286
vn -0.9941 -0.0641 -0.0872
vn -0.9839 -0.0616 -0.1678
vn -0.9771 -0.0848 -0.1952
vn -0.9621 -0.2262 -0.1522
vn -0.9499 -0.2522 -0.1846
vn -0.9298 -0.2243 -0.2919
vn -0.9520 -0.1055 -0.2873
vn -0.9888 -0.0862 -0.1215
vn -0.9216 -0.2355 -0.3085
vn -0.9528 -0.2083 -0.2209
vn -0.9380 -0.2233 -0.2650
vn -0.9514 -0.1991 -0.2349
vn -0.9290 -0.2431 -0.2791
vn 0.4835 0.2731 -0.8317
vn 0.1570 0.1542 -0.9755
vn 0.3180 0.2717 -0.9083
vn 0.0542 -0.0190 -0.9983
vn 0.2348 0.1029 -0.9666
vn 0.0062 0.0591 -0.9982
vn 0.1006 0.1661 -0.9810
vn 0.2447 0.2575 -0.9348
vn -0.0850 -0.1011 -0.9912
vn -0.2337 -0.1757 -0.9563
vn -0.1134 -0.0096 -0.9935
vn -0.2198 -0.0692 -0.9731
vn -0.1182 0.0095 -0.9929
vn -0.0239 0.0856 -0.9960
vn -0.9187 0.3910 0.0563
vn -0.8452 0.5304 -0.0656
vn -0.9267 0.3741 -0.0368
vn -0.8453 0.5324 0.0442
vn -0.7233 0.6847 -0.0899
vn -0.7412 0.6614 -0.1149
vn -0.8465 0.5265 -0.0788
vn -0.9277 0.3701 -0.0482
vn -0.7048 0.7094 0.0078
vn -0.5296 0.8466 -0.0532
vn -0.4810 0.8767 -0.0007
vn -0.2288 0.9731 -0.0259
vn -0.3005 0.9533 -0.0308
vn -0.5924 0.8017 -0.0792
vn -0.6985 -0.3442 -0.6274
vn -0.6470 -0.4707 -0.5998
vn -0.6128 -0.3596 -0.7037
vn -0.7493 -0.2852 -0.5976
vn -0.7334 -0.4303 -0.5263
vn -0.7535 -0.3944 -0.5260
vn -0.7282 -0.5132 -0.4544
vn -0.6796 -0.5755 -0.4549
vn -0.7908 -0.5050 -0.3458
vn -0.7469 -0.5681 -0.3455
vn -0.7778 -0.4488 -0.4400
vn -0.8383 -0.4424 -0.3185
vn -0.9247 -0.3159 -0.2124
vn -0.8851 -0.3904 -0.2533
vn -0.8868 -0.3581 -0.2921
vn -0.8260 -0.3865 -0.4104
vn -0.9761 -0.1343 -0.1708
vn -0.9570 -0.2081 -0.2021
vn -0.7947 -0.3491 -0.4966
vn -0.7857 -0.2469 -0.5671
vn 0.8732 0.0414 -0.4856
vn 0.8184 -0.1646 -0.5506
vn 0.8916 -0.1356 -0.4321
vn 0.8127 0.0277 -0.5820
vn 0.7001 -0.1643 -0.6948
vn 0.7326 -0.1820 -0.6559
vn 0.8421 -0.1780 -0.5091
vn 0.9169 -0.1720 -0.3601
vn 0.6456 0.1921 -0.7391
vn 0.4863 0.2291 -0.8432
vn 0.6433 0.2166 -0.7344
vn 0.5020 0.2070 -0.8397
vn 0.3925 0.2329 -0.8898
vn 0.3801 0.2445 -0.8921
vn 0.9168 0.2026 -0.3441
vn 0.7781 0.2038 -0.5942
vn 0.7838 0.2142 -0.5830
vn 0.9407 0.2075 -0.2683
vn -0.6370 0.1359 -0.7588
vn -0.7166 0.1164 -0.6877
vn -0.5794 0.1465 -0.8017
vn -0.7557 0.0860 -0.6492
vn -0.8467 0.0408 -0.5305
vn -0.8196 0.0890 -0.5660
vn 0.0928 0.2745 -0.9571
vn -0.0513 0.2338 -0.9709
vn 0.1230 0.2489 -0.9607
vn -0.1100 0.2704 -0.9565
vn -0.3121 0.2392 -0.9195
vn -0.2377 0.2097 -0.9484
vn 0.9970 -0.0778 -0.0015
vn 0.9940 -0.1036 0.0350
vn 0.9980 -0.0620 0.0157
vn 0.9900 -0.1040 -0.0956
vn 0.9932 -0.1163 0.0100
vn 0.9899 -0.1255 -0.0657
vn 0.9966 -0.0694 0.0435
vn 0.9972 -0.0399 0.0625
vn 0.9303 -0.1535 -0.3332
vn 0.7536 -0.1549 -0.6388
vn 0.8582 -0.1567 -0.4887
vn 0.7727 -0.1390 -0.6194
vn 0.8751 -0.1308 -0.4660
vn 0.9465 -0.1238 -0.2979
vn -0.9440 0.0761 -0.3211
vn -0.8996 0.0195 -0.4363
vn -0.9135 0.0927 -0.3961
vn -0.9653 0.0574 -0.2547
vn -0.9331 -0.0112 -0.3594
vn -0.9301 -0.1459 -0.3371
vn -0.8986 -0.1133 -0.4239
vn -0.8596 -0.0774 -0.5051
vn -0.4136 0.1784 -0.8928
vn -0.4865 0.1904 -0.8527
vn -0.9326 0.0543 -0.3567
vn -0.9670 -0.0276 -0.2532
vn -0.9605 0.0436 -0.2747
vn -0.9431 -0.0137 -0.3323
vn -0.9653 -0.1235 -0.2300
vn -0.9808 -0.0369 -0.1916
vn -0.9757 0.0349 -0.2163
vn -0.9937 0.0191 -0.1102
vn -0.9952 -0.0850 0.0496
vn -0.9993 -0.0022 -0.0363
vn -0.9856 -0.1693 -0.0056
vn -0.9969 -0.0525 -0.0578
vn -0.9718 -0.2029 0.1205
vn -0.9822 -0.1188 0.1458
vn -0.9950 -0.0150 0.0986
vn -0.8683 0.1082 -0.4842
vn -0.7747 0.0801 -0.6272
vn -0.7940 0.1187 -0.5962
vn -0.8515 0.0521 -0.5218
vn -0.8071 -0.0374 -0.5893
vn -0.7315 -0.0007 -0.6819
vn 0.2706 0.2520 -0.9291
vn 0.2657 0.2569 -0.9292
vn -0.7473 -0.1573 -0.6456
vn -0.6790 -0.1148 -0.7251
vn -0.8028 -0.1993 -0.5619
vn -0.7475 -0.2625 -0.6102
vn -0.6829 -0.2177 -0.6973
vn -0.6186 -0.1696 -0.7672
vn -0.8479 -0.2335 -0.4760
vn -0.8830 -0.2611 -0.3900
vn -0.8452 -0.3184 -0.4294
vn -0.8026 -0.2950 -0.5184
vn -0.9037 0.0096 -0.4281
vn -0.8869 0.0685 -0.4569
vn -0.9462 -0.1080 -0.3051
vn -0.5637 -0.2471 -0.7882
vn -0.7142 -0.2980 -0.6333
vn -0.6387 -0.2751 -0.7186
vn -0.7379 -0.2190 -0.6384
vn -0.6629 -0.2092 -0.7189
vn -0.5688 -0.2143 -0.7941
vn -0.6968 -0.1774 -0.6950
vn -0.6331 -0.2156 -0.7435
vn -0.7601 -0.1642 -0.6287
vn -0.8062 -0.1723 -0.5661
vn -0.8009 -0.2401 -0.5486
vn -0.8553 -0.1982 -0.4786
vn -0.7786 -0.3234 -0.5378
vn -0.8308 -0.3408 -0.4401
vn -0.8549 -0.2671 -0.4447
vn -0.9880 -0.0472 -0.1473
vn -0.9843 0.0285 -0.1743
vn 0.6492 0.1817 -0.7386
vn 0.5274 0.0185 -0.8494
vn 0.6754 0.0233 -0.7371
vn 0.4926 0.1815 -0.8511
vn 0.3939 0.1826 -0.9009
vn 0.4305 0.0163 -0.9025
vn 0.6156 -0.1533 -0.7730
vn 0.5982 -0.1803 -0.7808
vn 0.4500 -0.1384 -0.8822
vn 0.4459 -0.1488 -0.8826
vn 0.6309 -0.1469 -0.7618
vn -0.6835 0.1226 -0.7196
vn -0.5302 0.0991 -0.8420
vn -0.5335 0.1178 -0.8376
vn -0.6667 0.0980 -0.7388
vn -0.6330 0.0240 -0.7738
vn -0.5162 0.0319 -0.8559
vn 0.8903 0.1739 -0.4209
vn 0.7910 0.1873 -0.5825
vn -0.1448 0.0828 -0.9860
vn -0.3647 0.0781 -0.9278
vn -0.1665 0.0371 -0.9853
vn -0.3493 0.1031 -0.9313
vn -0.3711 0.0229 -0.9283
vn -0.1878 -0.0014 -0.9822
vn -0.9221 0.1008 -0.3737
vn -0.9509 0.0918 -0.2956
vn -0.9688 0.0848 -0.2329
vn -0.3603 -0.0401 -0.9320
vn -0.1896 -0.0374 -0.9811
vn -0.4929 -0.0540 -0.8684
vn -0.4575 -0.0943 -0.8842
vn -0.3418 -0.0799 -0.9364
vn -0.1882 -0.0814 -0.9788
vn -0.5951 -0.0793 -0.7997
vn -0.5442 -0.1262 -0.8294
vn 0.9995 0.0141 -0.0272
vn 0.9993 0.0376 0.0081
vn 0.9979 -0.0200 -0.0614
vn 0.9807 -0.0062 -0.1952
vn 0.9871 -0.0224 -0.1586
vn -0.2201 -0.1382 -0.9656
vn -0.3460 -0.1442 -0.9271
vn -0.4298 -0.1671 -0.8873
vn -0.3380 -0.2196 -0.9152
vn -0.2292 -0.2031 -0.9520
vn -0.2329 -0.2366 -0.9433
vn -0.4031 -0.2289 -0.8861
vn -0.3601 -0.2689 -0.8933
vn -0.4463 -0.2671 -0.8541
vn -0.3602 -0.2236 -0.9057
vn -0.4694 -0.2298 -0.8526
vn -0.5515 -0.2412 -0.7986
vn -0.5688 -0.2837 -0.7720
vn -0.4691 -0.2562 -0.8452
vn -0.4937 -0.2053 -0.8451
vn 0.2231 0.0423 -0.9739
vn 0.0389 -0.0163 -0.9991
vn 0.2112 -0.0707 -0.9749
vn 0.0610 0.0594 -0.9964
vn 0.0027 -0.0368 -0.9993
vn 0.1702 -0.0798 -0.9822
vn 0.3423 0.0230 -0.9393
vn 0.3028 0.1818 -0.9356
vn 0.1787 0.1762 -0.9680
vn -0.8042 0.1160 -0.5829
vn -0.8765 0.1080 -0.4692
vn -0.6943 0.1255 -0.7086
vn -0.5441 0.1337 -0.8283
vn 0.4589 -0.1649 -0.8730
vn 0.2808 -0.1050 -0.9540
vn 0.3179 -0.1272 -0.9395
vn 0.1343 -0.0692 -0.9885
vn 0.1095 -0.1141 -0.9874
vn 0.2530 -0.1348 -0.9580
vn -0.0146 -0.0463 -0.9988
vn -0.0293 -0.0960 -0.9950
vn 0.5632 -0.1597 -0.8108
vn 0.4528 -0.1481 -0.8792
vn 0.2354 -0.1534 -0.9597
vn 0.4522 -0.1256 -0.8830
vn 0.0757 -0.1564 -0.9848
vn 0.0632 -0.1486 -0.9869
vn 0.2473 -0.0945 -0.9643
vn 0.4756 -0.0243 -0.8793
vn 0.4876 0.1114 -0.8659
vn 0.2532 -0.0102 -0.9674
vn 0.0629 -0.1005 -0.9930
vn -0.0932 -0.1784 -0.9795
vn -0.0906 -0.1725 -0.9808
vn -0.0719 -0.1453 -0.9868
vn -0.9878 0.0426 -0.1498
vn -0.9909 -0.0688 -0.1155
vn -0.9846 -0.0644 -0.1628
vn -0.9940 0.0400 -0.1016
vn -0.9965 -0.0706 -0.0445
vn -0.9739 -0.2188 -0.0596
vn -0.9682 -0.2121 -0.1330
vn -0.9612 -0.1970 -0.1932
vn 0.0190 0.1622 -0.9866
vn -0.1718 0.1508 -0.9735
vn -0.9579 -0.0357 -0.2848
vn -0.9505 -0.1738 -0.2577
vn -0.9755 -0.0504 -0.2143
vn -0.9799 0.0470 -0.1938
vn -0.9796 0.0811 -0.1837
vn -0.9883 0.0772 -0.1314
vn -0.3620 0.1407 -0.9215
vn -0.9954 0.0671 -0.0678
vn -0.9991 0.0336 -0.0274
vn -0.9065 -0.2865 -0.3102
vn -0.9196 -0.3109 -0.2402
vn -0.8924 -0.3524 -0.2820
vn -0.8742 -0.3357 -0.3508
vn -0.9283 -0.3309 -0.1697
vn -0.9356 -0.3419 -0.0881
vn -0.9177 -0.3797 -0.1169
vn -0.9059 -0.3692 -0.2077
vn 0.3466 -0.1183 -0.9305
vn -0.8668 -0.3471 -0.3580
vn -0.8887 -0.3502 -0.2959
vn -0.9074 -0.3023 -0.2919
vn -0.8898 -0.2902 -0.3522
vn -0.8918 -0.2289 -0.3903
vn -0.9149 -0.2520 -0.3154
vn -0.9268 -0.2643 -0.2667
vn -0.9198 -0.3118 -0.2381
vn -0.9409 -0.2866 -0.1803
vn -0.9513 -0.2275 -0.2078
vn -0.9058 -0.3574 -0.2276
vn -0.9212 -0.3656 -0.1333
vn -0.9336 -0.3251 -0.1506
vn 0.7117 0.6602 -0.2400
vn 0.6945 0.7114 -0.1072
vn 0.7098 0.6886 -0.1486
vn 0.7160 0.6251 -0.3108
vn 0.7080 0.6857 -0.1690
vn 0.7192 0.6426 -0.2644
vn 0.7137 0.6887 -0.1273
vn 0.7057 0.6728 -0.2221
vn 0.6895 0.7093 -0.1464
vn 0.6504 0.7225 -0.2344
vn 0.6205 0.7597 -0.1943
vn 0.6826 0.6430 -0.3472
vn 0.6688 0.6063 -0.4303
vn 0.6127 0.7101 -0.3469
vn 0.6136 0.6911 -0.3820
vn 0.5583 0.7514 -0.3516
vn 0.5798 0.7667 -0.2757
vn 0.7145 0.5899 -0.3761
vn 0.7061 0.5894 -0.3925
vn 0.6985 0.5419 -0.4673
vn 0.7356 0.6768 -0.0290
vn 0.7606 0.6491 0.0125
vn 0.7657 0.6383 0.0793
vn 0.7141 0.6980 -0.0527
vn -0.9816 -0.1139 -0.1536
vn -0.9959 -0.0351 -0.0833
vn -0.9940 0.0438 -0.1007
vn -0.9884 0.1521 0.0008
vn -0.9955 0.0788 -0.0522
vn -0.9669 0.2546 0.0174
vn -0.9756 0.2174 -0.0306
vn -0.9489 0.3091 0.0645
vn -0.9269 0.3739 0.0323
vn -0.8971 0.4248 0.1212
vn -0.9572 0.2827 -0.0624
vn -0.8932 0.4488 -0.0261
vn -0.8452 0.5310 0.0601
vn -0.8734 0.4745 0.1098
vn -0.9880 0.1114 -0.1070
vn -0.9788 0.1506 -0.1391
vn -0.9788 0.1470 -0.1429
vn -0.9888 0.1259 -0.0799
vn -0.9901 0.0849 -0.1115
vn -0.9613 0.0496 -0.2710
vn -0.9407 0.2095 -0.2669
vn -0.1923 0.9808 -0.0318
vn 0.0650 0.9970 -0.0430
vn 0.0752 0.9928 -0.0937
vn 0.3556 0.9309 -0.0835
vn 0.3282 0.9433 -0.0499
vn 0.0206 0.9994 -0.0281
vn 0.3430 0.9234 -0.1723
vn 0.5670 0.8102 -0.1487
vn 0.5258 0.8118 -0.2540
vn 0.6476 0.7204 -0.2482
vn 0.6945 0.6945 -0.1882
vn 0.5750 0.8126 -0.0950
vn -0.3080 -0.1396 -0.9411
vn -0.4122 -0.2166 -0.8850
vn -0.2633 -0.1472 -0.9534
vn -0.1909 -0.0619 -0.9796
vn -0.4967 -0.3023 -0.8136
vn -0.4977 -0.3994 -0.7699
vn -0.4216 -0.3379 -0.8415
vn -0.3599 -0.2408 -0.9014
vn -0.8277 0.5461 0.1294
vn -0.8090 0.5706 0.1414
vn -0.6785 0.7296 0.0860
vn -0.6568 0.7490 0.0876
vn -0.4399 0.8977 0.0257
vn -0.4147 0.9099 -0.0056
vn -0.1645 0.9844 -0.0621
vn -0.1503 0.9822 -0.1122
vn 0.0771 0.9847 -0.1560
vn 0.0709 0.9793 -0.1897
vn 0.3189 0.9142 -0.2503
vn 0.2988 0.9195 -0.2556
vn 0.4883 0.8109 -0.3226
vn 0.4803 0.8278 -0.2900
vn 0.5843 0.7443 -0.3234
vn 0.3273 0.9130 -0.2434
vn 0.5124 0.8273 -0.2303
vn -0.1230 0.9773 -0.1727
vn 0.0988 0.9706 -0.2194
vn -0.5141 -0.5303 -0.6742
vn -0.5877 -0.6345 -0.5019
vn -0.4267 -0.6088 -0.6688
vn -0.3926 -0.4597 -0.7966
vn -0.6963 -0.5967 -0.3989
vn -0.8500 -0.4208 -0.3169
vn -0.6852 -0.6058 -0.4044
vn -0.5411 -0.6792 -0.4959
vn 0.6714 0.5642 -0.4806
vn 0.5855 0.5129 -0.6278
vn 0.6548 0.4867 -0.5783
vn 0.6215 0.5819 -0.5245
vn 0.5141 0.4945 -0.7008
vn 0.5124 0.4299 -0.7434
vn 0.6066 0.4329 -0.6668
vn 0.6716 0.4264 -0.6059
vn 0.3961 0.3772 -0.8372
vn 0.5967 0.5479 -0.5863
vn 0.4345 0.4135 -0.8001
vn 0.5709 0.4469 -0.6887
vn -0.9607 -0.1824 -0.2090
vn -0.9932 0.0165 -0.1154
vn -0.9557 -0.2115 -0.2047
vn -0.8411 -0.4339 -0.3229
vn -0.9759 0.2099 -0.0601
vn -0.9809 0.1858 -0.0584
vn -0.9946 -0.0071 -0.1038
vn 0.6868 0.4888 -0.5379
vn 0.6794 0.5581 -0.4764
vn 0.7006 0.4526 -0.5517
vn 0.7117 0.5196 -0.4728
vn -0.9251 -0.3331 -0.1823
vn -0.9514 -0.2294 -0.2055
vn -0.6263 0.7787 0.0373
vn -0.7875 0.6075 0.1044
vn -0.3798 0.9219 -0.0762
vn 0.7818 0.5693 0.2544
vn 0.7998 0.5331 0.2759
vn 0.7682 0.5862 0.2574
vn 0.8143 0.5306 0.2353
vn 0.8116 0.5611 0.1629
vn 0.7757 0.6105 0.1601
vn 0.8053 0.5825 0.1101
vn 0.8334 0.5525 0.0102
vn 0.7852 0.5938 0.1756
vn 0.8417 0.4860 0.2352
vn 0.8307 0.5218 0.1940
vn 0.8581 0.5070 0.0818
vn 0.7210 0.6047 -0.3384
vn 0.6628 0.6487 -0.3739
vn 0.7007 0.6442 -0.3066
vn 0.8472 0.5259 -0.0754
vn 0.9965 -0.0797 -0.0271
vn 0.9974 -0.0500 0.0511
vn 0.9986 -0.0345 -0.0397
vn 0.9941 -0.1079 0.0135
vn 0.9920 -0.1203 0.0371
vn 0.9859 -0.1675 0.0053
vn 0.9705 -0.2152 0.1087
vn 0.9998 -0.0179 0.0031
vn 0.9950 -0.0886 -0.0449
vn 0.9949 -0.1000 0.0112
vn 0.9917 -0.0602 -0.1134
vn 0.9941 0.0738 -0.0793
vn 0.9700 0.0517 -0.2376
vn 0.9284 0.0247 -0.3707
vn 0.9627 -0.1469 -0.2271
vn 0.9722 -0.1396 -0.1882
vn 0.9835 -0.1108 -0.1429
vn 0.9952 -0.0931 -0.0309
vn 0.9951 0.0620 0.0775
vn 0.9728 -0.1268 0.1941
vn 0.9458 -0.0778 -0.3152
vn 0.7980 -0.1241 -0.5897
vn -0.0312 -0.8867 -0.4613
vn 0.7016 -0.4339 -0.5652
vn 0.8336 -0.5436 0.0981
vn 0.8988 -0.3628 0.2461
vn 0.7993 -0.5301 0.2830
vn -0.7798 -0.6045 0.1628
vn -0.7374 -0.6493 0.1861
vn -0.7308 -0.6627 0.1637
vn -0.8197 -0.5516 0.1544
vn -0.7848 -0.5966 0.1675
vn 0.7098 0.6297 -0.3156
vn 0.7280 0.6524 -0.2106
vn 0.6842 0.6210 -0.3824
vn 0.7638 0.6432 -0.0543
vn 0.7789 0.6212 0.0864
vn 0.7712 0.6314 -0.0816
vn 0.7271 0.6389 -0.2511
vn 0.7763 0.6007 0.1910
vn 0.7650 0.5936 0.2499
vn 0.7772 0.6026 0.1810
vn 0.7844 0.6162 0.0709
vn 0.7583 0.6060 0.2401
vn 0.7680 0.6203 0.1595
vn 0.7666 0.5988 0.2319
vn 0.7664 0.5962 0.2390
vn 0.6678 0.6142 -0.4205
vn 0.7313 0.6221 -0.2795
vn 0.6735 0.5708 -0.4696
vn 0.7802 0.6165 -0.1056
vn 0.7966 0.6024 0.0512
vn 0.8032 0.5781 -0.1437
vn 0.7480 0.5802 -0.3222
vn 0.7918 0.5876 0.1666
vn 0.7837 0.5763 0.2315
vn 0.8217 0.5501 0.1493
vn 0.8234 0.5670 0.0219
vn 0.7794 0.6057 0.1604
vn 0.7873 0.5716 0.2310
vn 0.8021 0.5748 0.1621
vn 0.8186 0.5254 0.2320
vn 0.8151 0.5335 0.2255
vn 0.6798 0.4821 -0.5527
vn 0.7716 0.5055 -0.3861
vn 0.6782 0.3522 -0.6449
vn 0.8360 0.5111 -0.1997
vn 0.8627 0.5053 -0.0183
vn 0.8750 0.4037 -0.2672
vn 0.7979 0.3879 -0.4613
vn 0.8632 0.4883 0.1283
vn 0.8551 0.4710 0.2167
vn 0.9134 0.3953 0.0974
vn 0.9113 0.4057 -0.0697
vn 0.8322 0.5301 0.1623
vn 0.8557 0.4638 0.2295
vn 0.8679 0.4704 0.1598
vn 0.8972 0.3820 0.2214
vn 0.9012 0.3843 0.2004
vn 0.6797 0.1961 -0.7068
vn 0.8155 0.2392 -0.5270
vn 0.6750 0.0308 -0.7372
vn 0.9053 0.2626 -0.3338
vn 0.9526 0.2746 -0.1308
vn 0.9177 0.0893 -0.3872
vn 0.8191 0.0662 -0.5698
vn 0.9597 0.2766 0.0505
vn 0.9458 0.2766 0.1702
vn 0.9927 0.1207 -0.0055
vn 0.9758 0.1078 -0.1903
vn 0.9431 0.2986 0.1466
vn 0.9373 0.2834 0.2028
vn 0.9713 0.1974 0.1324
vn 0.9699 0.1712 0.1735
vn 0.9824 0.1436 0.1191
vn 0.6487 -0.0958 -0.7550
vn 0.7947 -0.0746 -0.6024
vn 0.8979 -0.0569 -0.4366
vn 0.9661 -0.0390 -0.2553
vn 0.9966 -0.0212 -0.0802
vn 0.9994 0.0065 0.0350
vn 0.9929 0.0418 0.1113
vn 0.9917 0.0807 0.1001
vn -0.8762 -0.4744 0.0847
vn -0.9052 -0.4008 0.1414
vn -0.8620 -0.4853 0.1464
vn -0.8180 -0.5519 0.1620
vn -0.8597 -0.4839 0.1638
vn -0.8990 -0.4045 0.1676
vn -0.4036 -0.9001 0.1640
vn -0.3397 -0.9184 0.2027
vn -0.3228 -0.9311 0.1697
vn -0.4183 -0.8858 0.2008
vn -0.3606 -0.9219 0.1418
vn -0.2132 -0.9692 0.1232
vn -0.1918 -0.9626 0.1912
vn -0.1824 -0.9703 0.1591
vn -0.3997 -0.7889 -0.4667
vn -0.3327 -0.8926 -0.3042
vn -0.4172 -0.8589 -0.2970
vn -0.3652 -0.6674 -0.6491
vn -0.3204 -0.8169 -0.4796
vn -0.2935 -0.6848 -0.6670
vn -0.1938 -0.8509 -0.4883
vn -0.2050 -0.9287 -0.3091
vn -0.1615 0.1481 -0.9757
vn -0.1760 -0.0333 -0.9838
vn -0.1806 -0.0303 -0.9831
vn -0.1490 0.3461 -0.9263
vn -0.1628 0.1433 -0.9762
vn -0.1404 0.3409 -0.9296
vn -0.1629 0.1470 -0.9756
vn -0.1795 -0.0404 -0.9829
vn -0.3131 -0.5094 -0.8016
vn -0.2589 -0.3500 -0.9003
vn -0.2526 -0.5157 -0.8187
vn -0.2147 -0.3512 -0.9113
vn -0.1588 -0.5369 -0.8286
vn -0.1769 -0.7127 -0.6788
vn -0.1182 0.5309 -0.8391
vn -0.1353 0.5350 -0.8340
vn -0.1008 0.6928 -0.7140
vn -0.0753 0.6900 -0.7199
vn -0.0969 0.5291 -0.8430
vn -0.1275 0.3431 -0.9306
vn -0.4350 -0.8868 0.1560
vn -0.3514 -0.9355 0.0367
vn -0.4303 -0.9006 0.0606
vn -0.3385 -0.9397 -0.0495
vn -0.2089 -0.9779 0.0098
vn -0.4213 0.8898 0.1752
vn -0.1005 0.9892 -0.1064
vn -0.3800 0.9249 0.0122
vn -0.4376 0.8966 -0.0686
vn -0.3514 0.9305 0.1038
vn -0.4579 0.8824 -0.1082
vn -0.2765 0.9607 -0.0260
vn -0.0460 0.9729 -0.2266
vn -0.0942 0.8105 -0.5782
vn -0.1119 0.6952 -0.7100
vn -0.0972 0.8904 -0.4447
vn -0.0859 0.8096 -0.5807
vn -0.0742 0.8817 -0.4660
vn -0.0605 0.8084 -0.5855
vn -0.2131 -0.1927 -0.9578
vn -0.1907 -0.1942 -0.9623
vn -0.1690 -0.2081 -0.9634
vn -0.1558 -0.3684 -0.9165
vn -0.2235 0.9291 -0.2947
vn -0.0647 0.9239 -0.3770
vn -0.0400 0.9246 -0.3788
vn -0.0496 0.8818 -0.4691
vn -0.4229 -0.8924 -0.1577
vn -0.4257 -0.9043 -0.0331
vn -0.3336 -0.9288 -0.1612
vn -0.2052 -0.9648 -0.1643
vn -0.2051 -0.9766 -0.0647
vn -0.4965 0.8505 -0.1736
vn -0.4208 0.9043 -0.0715
vn -0.4347 0.8850 -0.1666
vn -0.4088 0.9067 -0.1035
vn -0.4176 0.8964 -0.1486
vn -0.4444 0.8863 -0.1298
vn -0.0155 0.8808 -0.4732
vn 0.0019 0.9247 -0.3806
vn -0.0082 0.8802 -0.4746
vn -0.0054 0.9247 -0.3806
vn 0.0050 0.9401 -0.3408
vn 0.0203 0.9372 -0.3482
vn 0.0178 0.9242 -0.3814
vn 0.0076 0.8792 -0.4763
vn -0.0014 0.9432 -0.3322
vn -0.0181 0.9512 -0.3079
vn -0.0829 0.9566 -0.2794
vn -0.0384 0.9660 -0.2557
vn -0.0229 0.9617 -0.2730
vn -0.0033 0.9471 -0.3208
vn -0.1488 -0.2760 -0.9496
vn -0.0859 -0.4809 -0.8726
vn -0.0850 -0.4422 -0.8929
vn -0.1842 -0.0644 -0.9808
vn -0.1460 -0.3114 -0.9390
vn -0.1749 -0.0746 -0.9818
vn -0.1317 -0.3381 -0.9318
vn -0.0887 -0.5106 -0.8552
vn 0.0274 -0.9853 -0.1688
vn 0.0801 -0.9951 -0.0584
vn 0.0389 -0.9969 -0.0680
vn 0.0161 -0.9507 -0.3098
vn 0.0609 -0.9849 -0.1618
vn 0.0442 -0.9506 -0.3073
vn 0.0442 -0.9867 -0.1565
vn 0.0575 -0.9971 -0.0502
vn 0.1000 -0.9868 0.1276
vn 0.1588 -0.9748 0.1567
vn 0.1752 -0.9763 0.1271
vn 0.0932 -0.9834 0.1556
vn 0.1357 -0.9845 0.1115
vn 0.0949 -0.9873 0.1276
vn 0.1265 -0.9771 0.1712
vn 0.1529 -0.9767 0.1503
vn -0.1899 0.9554 -0.2263
vn -0.0823 0.9814 -0.1732
vn -0.2347 0.9594 -0.1566
vn -0.1564 0.9678 -0.1972
vn -0.1607 0.9542 -0.2522
vn -0.0781 0.9764 -0.2012
vn 0.0572 -0.9984 0.0029
vn 0.0776 -0.9916 0.1038
vn 0.1045 -0.9944 0.0161
vn 0.0727 -0.9969 0.0283
vn 0.0148 -0.8747 -0.4845
vn 0.0053 -0.7471 -0.6647
vn 0.0368 -0.8747 -0.4832
vn 0.0186 -0.7572 -0.6530
vn 0.0176 -0.8754 -0.4831
vn 0.0303 -0.9509 -0.3079
vn -0.1619 0.1754 -0.9711
vn -0.1030 0.3896 -0.9152
vn -0.1512 0.1894 -0.9702
vn -0.0824 0.4029 -0.9115
vn -0.1238 0.1984 -0.9723
vn -0.1484 -0.0826 -0.9855
vn -0.0406 0.6897 -0.7229
vn -0.0189 0.8047 -0.5933
vn -0.0343 0.6915 -0.7216
vn -0.0257 0.8057 -0.5917
vn -0.0047 0.8038 -0.5949
vn -0.0216 0.6929 -0.7207
vn -0.0281 -0.5927 -0.8049
vn -0.0241 -0.6196 -0.7845
vn -0.0410 -0.6410 -0.7664
vn -0.0037 -0.7659 -0.6429
vn -0.1121 0.3719 -0.9215
vn -0.0612 0.5508 -0.8324
vn -0.0681 0.5417 -0.8378
vn -0.0467 0.5578 -0.8287
vn -0.0326 -0.8774 -0.4787
vn -0.0201 -0.9516 -0.3067
vn -0.0172 -0.9511 -0.3083
vn -0.0508 -0.7751 -0.6298
vn -0.0353 -0.8792 -0.4751
vn -0.0531 -0.7793 -0.6244
vn -0.0368 -0.8773 -0.4785
vn -0.0210 -0.9499 -0.3120
vn -0.0970 -0.0887 -0.9913
vn -0.0697 0.2055 -0.9762
vn -0.0941 -0.0893 -0.9915
vn -0.0727 0.2032 -0.9764
vn -0.0419 0.4153 -0.9087
vn -0.0428 0.4141 -0.9092
vn -0.0704 0.2053 -0.9762
vn -0.0947 -0.0878 -0.9916
vn 0.0009 0.6933 -0.7206
vn 0.0217 0.8017 -0.5974
vn 0.0021 0.6934 -0.7206
vn 0.0205 0.8020 -0.5970
vn 0.0370 0.8767 -0.4796
vn 0.0367 0.8744 -0.4839
vn 0.0212 0.7984 -0.6018
vn 0.0015 0.6898 -0.7240
vn -0.0716 -0.6603 -0.7476
vn -0.0909 -0.5359 -0.8394
vn -0.0730 -0.6665 -0.7420
vn -0.0909 -0.5420 -0.8355
vn -0.0755 -0.6670 -0.7412
vn -0.0552 -0.7785 -0.6252
vn -0.0442 0.4131 -0.9096
vn -0.0191 0.5637 -0.8258
vn -0.0206 0.5628 -0.8263
vn -0.0197 0.5612 -0.8275
vn 0.0357 0.8771 -0.4789
vn 0.0478 0.9222 -0.3837
vn 0.0463 0.9225 -0.3832
vn 0.0478 0.9301 -0.3643
vn 0.0496 0.9304 -0.3632
vn 0.0475 0.9208 -0.3871
vn 0.0469 0.9321 -0.3590
vn 0.0261 0.9372 -0.3479
vn 0.0248 0.9405 -0.3390
vn 0.0083 0.9501 -0.3118
vn 0.0126 0.9483 -0.3170
vn 0.0281 0.9326 -0.3598
vn -0.1022 -0.3609 -0.9270
vn -0.1005 -0.3651 -0.9255
vn -0.1017 -0.3639 -0.9259
vn -0.0930 -0.5425 -0.8349
vn -0.0056 -0.9876 -0.1568
vn -0.0010 -0.9988 -0.0491
vn 0.0024 -0.9988 -0.0494
vn -0.0088 -0.9876 -0.1566
vn -0.0092 -0.9869 -0.1613
vn -0.0014 -0.9986 -0.0525
vn 0.1191 -0.9714 0.2055
vn 0.0791 -0.9680 0.2381
vn 0.1223 -0.9651 0.2315
vn 0.0789 -0.9730 0.2167
vn 0.0261 -0.9854 0.1683
vn 0.0296 -0.9848 0.1712
vn 0.0887 -0.9642 0.2501
vn 0.1348 -0.9586 0.2508
vn 0.0067 0.9541 -0.2993
vn -0.0493 0.9620 -0.2687
vn -0.0567 0.9668 -0.2490
vn -0.1262 0.9286 -0.3491
vn -0.1228 0.9382 -0.3237
vn -0.0449 0.9564 -0.2885
vn 0.0109 -0.9994 0.0320
vn 0.0288 -0.9874 0.1556
vn 0.0075 -0.9994 0.0333
vn 0.0068 -0.9995 0.0306
vn 0.8804 0.4703 0.0610
vn 0.8999 0.4244 0.1003
vn 0.8599 0.4975 0.1139
vn 0.8600 0.4624 0.2157
vn 0.8589 0.4898 0.1495
vn 0.6781 0.5352 0.5038
vn 0.6415 0.6326 0.4340
vn 0.6992 0.5862 0.4092
vn 0.6249 0.5802 0.5224
vn 0.6206 0.5837 0.5235
vn 0.5588 0.6317 0.5372
vn 0.6073 0.6437 0.4657
vn 0.6259 0.6612 0.4137
vn -0.8845 0.3308 -0.3288
vn -0.9148 0.2157 -0.3415
vn -0.9287 0.2223 -0.2969
vn -0.8559 0.4720 -0.2115
vn -0.8764 0.3139 -0.3653
vn -0.8655 0.3764 -0.3305
vn -0.8688 0.2939 -0.3985
vn -0.8958 0.2063 -0.3937
vn -0.8975 0.1890 -0.3984
vn -0.8620 0.3248 -0.3893
vn -0.8731 0.2848 -0.3957
vn -0.7675 0.6403 -0.0309
vn -0.7884 0.6132 0.0498
vn -0.8495 0.4945 -0.1837
vn -0.7692 0.6349 -0.0728
vn -0.6133 0.7870 0.0679
vn -0.6266 0.7657 0.1450
vn -0.6536 0.7115 0.2581
vn -0.4351 0.8434 0.3152
vn -0.4798 0.7568 0.4439
vn -0.4122 0.8824 0.2266
vn -0.2095 0.9194 0.3329
vn -0.2387 0.8726 0.4261
vn -0.3060 0.7575 0.5766
vn -0.8593 0.5039 -0.0878
vn -0.8555 0.5174 -0.0187
vn -0.8770 0.4135 -0.2447
vn -0.8849 0.4267 -0.1868
vn -0.8726 0.3543 -0.3363
vn -0.8624 0.3421 -0.3732
vn -0.8756 0.3571 -0.3251
vn -0.8597 0.3257 -0.3934
vn -0.8376 0.3186 -0.4438
vn -0.5329 0.6513 0.5402
vn -0.3806 0.6113 0.6939
vn -0.5593 0.6029 0.5690
vn -0.6806 0.6213 0.3883
vn -0.6781 0.6458 0.3508
vn -0.7921 0.5933 0.1437
vn -0.7831 0.5923 0.1894
vn 0.3248 0.4351 0.8398
vn 0.2565 0.6494 0.7158
vn 0.3734 0.6131 0.6962
vn 0.2800 0.3630 0.8887
vn 0.1774 0.4570 0.8716
vn 0.1248 0.3831 0.9153
vn -0.0056 0.5025 0.8646
vn 0.0815 0.6928 0.7165
vn -0.1279 0.7348 0.6661
vn -0.0542 0.4309 0.9008
vn -0.2097 0.5611 0.8007
vn -0.4185 0.5418 0.7289
vn 0.8358 0.5035 0.2191
vn 0.8354 0.4095 0.3667
vn 0.7792 0.3728 0.5039
vn 0.7286 0.4404 0.5246
vn 0.7612 0.5286 0.3757
vn 0.1868 0.8870 0.4224
vn 0.3201 0.7929 0.5185
vn 0.1581 0.8351 0.5270
vn 0.3660 0.8251 0.4303
vn 0.4233 0.7320 0.5339
vn -0.0492 0.8674 0.4953
vn -0.0116 0.9168 0.3991
vn -0.9094 0.3241 -0.2605
vn -0.8647 0.4725 -0.1701
vn -0.8874 0.3773 -0.2647
vn 0.6589 0.4094 0.6311
vn 0.5907 0.4291 0.6833
vn 0.5489 0.3876 0.7406
vn 0.4936 0.4195 0.7619
vn 0.5152 0.5390 0.6664
vn 0.6255 0.5237 0.5783
vn 0.6603 0.5914 0.4628
vn 0.7679 0.5830 0.2653
vn 0.5530 0.6230 0.5532
vn 0.7260 0.5513 0.4111
vn 0.8159 0.5336 0.2225
vn 0.4274 0.4265 0.7971
vn 0.4517 0.5759 0.6814
vn 0.4759 0.3696 0.7980
vn 0.4073 0.3657 0.8369
vn -0.6443 -0.6484 0.4055
vn -0.6272 -0.6606 0.4127
vn -0.7091 -0.6034 0.3648
vn -0.5599 -0.6732 0.4829
vn -0.5536 -0.7354 0.3909
vn -0.6496 -0.6763 0.3474
vn -0.7088 -0.6181 0.3399
vn -0.7576 -0.5664 0.3246
vn -0.5030 -0.7393 0.4477
vn -0.5025 -0.7752 0.3829
vn -0.4525 -0.7806 0.4311
vn -0.4622 -0.7866 0.4095
vn -0.5583 -0.7291 0.3958
vn -0.5963 -0.7126 0.3695
vn 0.2918 0.3016 0.9077
vn -0.2128 0.1416 0.9668
vn -0.2910 0.0932 0.9522
vn 0.2823 0.2009 0.9381
vn -0.1868 0.1874 0.9644
vn -0.4580 0.0916 0.8842
vn -0.5323 -0.0178 0.8463
vn -0.5785 -0.1712 0.7975
vn -0.8245 -0.3700 0.4282
vn -0.7897 -0.5106 0.3401
vn -0.7567 -0.5176 0.3993
vn -0.8578 -0.2320 0.4586
vn -0.8556 -0.3764 0.3554
vn -0.8944 -0.2467 0.3730
vn -0.8748 -0.3634 0.3203
vn -0.8213 -0.4864 0.2982
vn -0.3388 -0.0726 0.9381
vn -0.3835 -0.3897 0.8373
vn -0.3156 -0.3432 0.8846
vn -0.3765 0.2257 0.8985
vn -0.3618 -0.0810 0.9287
vn -0.3192 0.2785 0.9058
vn -0.4037 -0.0767 0.9117
vn -0.4777 -0.4015 0.7814
vn -0.4268 0.4304 0.7953
vn -0.4516 0.5089 0.7328
vn -0.2785 0.5138 0.8115
vn -0.1666 0.6099 0.7748
vn 0.1043 0.5772 0.8099
vn -0.1862 0.3420 0.9211
vn 0.9347 -0.2052 0.2901
vn 0.6836 -0.3853 0.6199
vn 0.5983 -0.4045 0.6917
vn 0.9493 -0.2204 0.2242
vn 0.7876 -0.0611 0.6131
vn 0.6600 -0.1406 0.7380
vn 0.6045 -0.4868 0.6306
vn 0.5704 -0.7034 0.4242
vn 0.8710 -0.0922 0.4826
vn 0.6151 0.0798 0.7844
vn 0.7316 0.1935 0.6536
vn 0.7190 -0.1098 0.6863
vn 0.4135 0.1322 0.9009
vn 0.1570 0.2068 0.9657
vn 0.0865 -0.9909 0.1029
vn -0.0077 -0.8690 -0.4947
vn 0.6753 -0.7153 0.1796
vn -0.3750 -0.7777 -0.5045
vn -0.3010 -0.9252 -0.2310
vn 0.4980 -0.7995 -0.3360
vn 0.8591 -0.4562 0.2318
vn -0.7359 -0.6252 -0.2600
vn -0.5967 -0.7833 -0.1744
vn -0.9465 -0.2981 -0.1235
vn -0.0982 -0.9929 -0.0670
vn 0.1757 -0.9591 -0.2220
vn 0.4140 -0.8859 -0.2094
vn -0.7404 -0.2582 0.6206
vn -0.7321 -0.4800 0.4833
vn -0.7054 -0.4195 0.5714
vn -0.7304 -0.1156 0.6732
vn -0.7876 -0.3235 0.5244
vn -0.8013 -0.1781 0.5712
vn 0.9544 -0.2734 -0.1198
vn 0.8891 -0.4339 -0.1459
vn 0.9804 -0.1777 -0.0848
vn 0.9718 -0.2097 -0.1078
vn 0.9333 -0.3362 -0.1258
vn -0.3966 -0.8005 0.4494
vn -0.4453 -0.7692 0.4584
vn -0.3518 -0.7864 0.5078
vn -0.4271 -0.6959 0.5773
vn -0.5303 -0.6606 0.5315
vn -0.5447 -0.7103 0.4459
vn -0.3094 -0.5450 0.7793
vn -0.3213 -0.6865 0.6523
vn -0.4026 -0.5797 0.7084
vn -0.5121 -0.5659 0.6461
vn -0.6689 -0.1537 0.7272
vn -0.6693 -0.3223 0.6695
vn -0.6254 -0.0161 0.7801
vn -0.3937 0.5078 0.7662
vn -0.8166 0.1358 -0.5610
vn -0.0390 0.5398 0.8409
vn 0.7918 -0.4019 0.4599
vn 0.6362 0.4468 0.6289
vn 0.6886 -0.3487 0.6358
vn 0.8126 -0.4645 0.3521
vn 0.5301 -0.0721 0.8449
vn 0.5120 0.0292 0.8585
vn -0.7185 -0.6624 0.2119
vn -0.7415 -0.5948 0.3105
vn -0.7643 -0.6038 0.2263
vn -0.6894 -0.6539 0.3115
vn -0.7754 -0.5531 0.3046
vn -0.7966 -0.5570 0.2348
vn -0.8944 -0.3312 0.3005
vn -0.8629 -0.4088 0.2972
vn -0.8570 -0.4248 0.2917
vn -0.9248 -0.2313 0.3022
vn -0.9038 -0.3153 0.2895
vn -0.9348 -0.2195 0.2793
vn -0.9190 -0.3004 0.2554
vn -0.8825 -0.3991 0.2487
vn -0.8942 -0.4344 0.1080
vn -0.9023 -0.4229 -0.0843
vn -0.9207 -0.3895 -0.0266
vn -0.8685 -0.4907 0.0704
vn -0.8925 -0.4301 -0.1358
vn -0.8911 -0.3558 -0.2816
vn -0.9173 -0.3374 -0.2115
vn -0.9367 -0.3312 -0.1136
vn -0.9231 -0.3717 -0.0990
vn -0.8654 -0.5003 0.0266
vn -0.9679 -0.1727 -0.1824
vn -0.9181 -0.3116 -0.2451
vn -0.9428 -0.1334 -0.3056
vn -0.8891 -0.2664 -0.3721
vn -0.8927 -0.2831 -0.3506
vn -0.9030 -0.1168 -0.4134
vn -0.8829 -0.2386 -0.4043
vn -0.8960 -0.1162 -0.4287
vn -0.9354 -0.2498 -0.2502
vn -0.9531 -0.2677 -0.1410
vn 0.1955 0.1666 0.9664
vn -0.1564 0.0371 0.9870
vn -0.0788 -0.0165 0.9968
vn 0.0153 0.1591 0.9871
vn -0.2119 0.0499 0.9760
vn -0.2979 -0.0559 0.9530
vn -0.2569 -0.1410 0.9561
vn -0.3794 -0.2268 0.8970
vn -0.3162 -0.0237 0.9484
vn -0.3833 -0.1324 0.9141
vn -0.3577 -0.1027 0.9282
vn -0.4254 -0.2119 0.8799
vn -0.4662 -0.3044 0.8306
vn -0.9539 0.2617 -0.1467
vn -0.8745 0.4721 -0.1111
vn -0.8611 0.4888 -0.1400
vn -0.9640 0.2382 -0.1180
vn -0.8936 0.4410 -0.0838
vn -0.7034 0.7108 0.0002
vn -0.6735 0.7389 -0.0210
vn -0.6504 0.7581 -0.0472
vn -0.4036 0.9117 0.0770
vn -0.3772 0.9231 0.0749
vn -0.4349 0.8962 0.0881
vn -0.1934 0.9727 0.1281
vn -0.1603 0.9780 0.1337
vn -0.1424 0.9762 0.1634
vn -0.7062 -0.5314 0.4678
vn -0.7510 -0.5887 0.2992
vn -0.7895 -0.5099 0.3415
vn -0.6809 -0.6233 0.3845
vn -0.7215 -0.6402 0.2639
vn -0.7593 -0.6094 0.2282
vn -0.7819 -0.5622 0.2694
vn -0.8248 -0.4831 0.2939
vn -0.6629 -0.6689 0.3363
vn -0.7806 -0.5966 0.1865
vn -0.7328 -0.6357 0.2426
vn -0.8875 -0.4534 0.0821
vn -0.8339 -0.5374 0.1255
vn -0.8101 -0.5612 0.1697
vn -0.9320 -0.3622 0.0163
vn -0.8913 -0.4513 0.0435
vn -0.9651 -0.2547 -0.0611
vn -0.8171 -0.5359 0.2124
vn -0.8552 -0.4623 0.2342
vn 0.8680 -0.1079 0.4847
vn 0.7873 0.0604 0.6136
vn 0.8613 0.0593 0.5046
vn 0.8849 -0.1233 0.4492
vn 0.7867 -0.1206 0.6055
vn 0.6683 -0.1280 0.7328
vn 0.6587 -0.1192 0.7429
vn 0.6470 0.0587 0.7602
vn 0.4938 0.1911 0.8483
vn 0.6470 0.1305 0.7512
vn 0.6653 0.2085 0.7169
vn 0.3762 0.1846 0.9080
vn 0.4769 0.0889 0.8745
vn 0.4114 0.1018 0.9058
vn 0.8082 0.2138 0.5487
vn 0.9477 0.1868 0.2587
vn 0.9204 0.1975 0.3373
vn 0.7941 0.1695 0.5836
vn 0.9796 0.0345 0.1981
vn -0.6272 0.0565 0.7768
vn -0.7801 -0.0520 0.6234
vn -0.6895 0.0028 0.7243
vn -0.7399 0.0123 0.6726
vn -0.8499 -0.1024 0.5168
vn -0.0943 0.1985 0.9756
vn 0.0982 0.2081 0.9732
vn 0.0918 0.2094 0.9735
vn -0.2978 0.1675 0.9398
vn -0.1499 0.2056 0.9671
vn -0.3831 0.1534 0.9109
vn 0.9972 -0.0612 0.0420
vn 0.9940 -0.0870 0.0665
vn 0.9963 -0.0243 0.0822
vn 0.9821 -0.0796 0.1709
vn 0.9855 -0.0734 0.1528
vn 0.8732 -0.0816 0.4806
vn 0.7953 -0.1255 0.5931
vn 0.8597 -0.0798 0.5045
vn 0.7736 -0.0886 0.6275
vn 0.7507 -0.1084 0.6516
vn 0.6403 -0.1033 0.7611
vn -0.9099 -0.0779 0.4074
vn -0.9315 -0.0404 0.3614
vn -0.9028 -0.0323 0.4288
vn -0.8975 -0.1681 0.4076
vn -0.9396 -0.0858 0.3314
vn -0.9292 -0.1899 0.3170
vn -0.9662 -0.0901 0.2415
vn -0.9597 -0.0409 0.2781
vn -0.4802 0.1136 0.8698
vn -0.5638 0.0762 0.8224
vn -0.9132 -0.0722 0.4010
vn -0.9290 -0.1503 0.3381
vn -0.9138 -0.1480 0.3781
vn -0.9386 -0.0796 0.3356
vn -0.9410 -0.1434 0.3064
vn -0.9113 -0.2449 0.3309
vn -0.9052 -0.2473 0.3455
vn -0.9599 -0.0620 0.2733
vn -0.9619 -0.1349 0.2378
vn -0.9525 -0.1350 0.2729
vn -0.9712 -0.0442 0.2341
vn -0.9596 -0.2171 0.1790
vn -0.9481 -0.2171 0.2325
vn -0.9415 -0.2121 0.2619
vn -0.8027 -0.0367 0.5953
vn -0.8587 -0.0182 0.5122
vn -0.7976 0.0012 0.6032
vn -0.7884 -0.1032 0.6065
vn -0.8676 -0.0611 0.4936
vn -0.8541 -0.1378 0.5016
vn 0.2443 0.1988 0.9491
vn 0.3029 0.1561 0.9402
vn -0.7788 -0.1958 0.5959
vn -0.7618 -0.2692 0.5892
vn -0.8331 -0.2341 0.5011
vn -0.8117 -0.3027 0.4996
vn -0.8736 -0.2696 0.4051
vn -0.8540 -0.3326 0.4001
vn -0.9038 -0.2979 0.3072
vn -0.8863 -0.3565 0.2956
vn -0.9235 -0.3184 0.2139
vn -0.9526 -0.2055 0.2245
vn -0.8204 -0.0253 0.5713
vn -0.8927 -0.1331 0.4306
vn -0.8735 -0.0536 0.4838
vn -0.7374 -0.3358 0.5860
vn -0.7342 -0.3975 0.5504
vn -0.7927 -0.3553 0.4953
vn -0.8008 -0.3871 0.4570
vn -0.8414 -0.3690 0.3948
vn -0.7988 -0.4395 0.4108
vn -0.7266 -0.4651 0.5057
vn -0.8465 -0.4120 0.3371
vn -0.8509 -0.3785 0.3644
vn -0.8814 -0.3969 0.2563
vn -0.8874 -0.3790 0.2625
vn -0.9133 -0.3838 0.1361
vn -0.9148 -0.3761 0.1470
vn -0.8785 -0.3817 0.2873
vn -0.9030 -0.3891 0.1822
vn -0.9068 -0.3717 0.1990
vn -0.9486 -0.0806 0.3061
vn -0.9469 -0.1394 0.2898
vn -0.9526 -0.0748 0.2947
vn 0.4913 0.0653 0.8685
vn 0.6417 0.2104 0.7375
vn 0.3835 0.0719 0.9207
vn 0.4675 0.2123 0.8582
vn 0.3483 0.2136 0.9127
vn 0.5191 -0.1317 0.8445
vn 0.6105 -0.1387 0.7798
vn 0.4792 -0.1235 0.8690
vn 0.4359 -0.1715 0.8835
vn 0.2865 -0.1351 0.9485
vn 0.3577 -0.1263 0.9253
vn -0.6013 0.0186 0.7988
vn -0.7080 0.0259 0.7058
vn -0.5866 0.0499 0.8083
vn -0.6028 -0.0469 0.7965
vn -0.7140 -0.0077 0.7001
vn -0.7029 -0.0712 0.7078
vn 0.7958 0.1918 0.5744
vn 0.8910 0.1473 0.4295
vn -0.2744 0.0404 0.9608
vn -0.4321 0.0675 0.8993
vn -0.2310 0.0846 0.9693
vn -0.3143 -0.0195 0.9491
vn -0.4636 0.0348 0.8854
vn -0.4789 -0.0286 0.8774
vn -0.9087 -0.0284 0.4165
vn -0.9365 -0.0422 0.3480
vn -0.9540 -0.0468 0.2962
vn -0.3709 -0.0970 0.9236
vn -0.4176 -0.1907 0.8884
vn -0.5156 -0.1174 0.8488
vn -0.5441 -0.1990 0.8151
vn -0.6250 -0.1378 0.7684
vn -0.6364 -0.2127 0.7415
vn -0.7092 -0.1623 0.6861
vn -0.7043 -0.2364 0.6693
vn 0.9984 0.0255 0.0502
vn 0.9812 -0.0039 0.1929
vn 0.9775 -0.0117 0.2105
vn 0.9972 -0.0243 0.0709
vn -0.4607 -0.2772 0.8432
vn -0.4883 -0.3381 0.8045
vn -0.5649 -0.2788 0.7766
vn -0.5713 -0.3573 0.7389
vn -0.6331 -0.2886 0.7182
vn -0.4799 -0.3574 0.8012
vn -0.5523 -0.4039 0.7293
vn -0.5247 -0.3735 0.7650
vn -0.6003 -0.4367 0.6701
vn -0.6218 -0.3742 0.6880
vn -0.6681 -0.3911 0.6330
vn -0.5749 -0.4329 0.6944
vn -0.6535 -0.4573 0.6032
vn -0.6321 -0.4777 0.6101
vn -0.6837 -0.3097 0.6608
vn 0.1493 0.0929 0.9844
vn -0.0773 0.0258 0.9967
vn -0.0244 0.0923 0.9954
vn 0.1065 -0.0046 0.9943
vn -0.1410 -0.0289 0.9896
vn 0.2795 0.0809 0.9567
vn 0.2348 0.2041 0.9504
vn 0.1109 0.1914 0.9752
vn -0.8064 0.0100 0.5913
vn -0.8648 -0.0107 0.5020
vn -0.5965 0.0677 0.7997
vn -0.7192 0.0365 0.6939
vn 0.1885 -0.0997 0.9770
vn 0.2173 -0.2023 0.9549
vn 0.0874 -0.1254 0.9882
vn 0.0028 -0.2146 0.9767
vn -0.0743 -0.1011 0.9921
vn 0.0228 -0.0592 0.9980
vn -0.1513 -0.2045 0.9671
vn -0.2158 -0.0876 0.9725
vn -0.2788 -0.1915 0.9411
vn 0.5176 -0.1062 0.8490
vn 0.3903 -0.0838 0.9168
vn 0.1911 -0.2136 0.9580
vn 0.1799 -0.1314 0.9749
vn -0.0360 -0.2632 0.9641
vn -0.0565 -0.2207 0.9737
vn -0.2000 -0.2824 0.9382
vn 0.1955 0.0046 0.9807
vn -0.0551 -0.1294 0.9901
vn -0.2391 -0.2256 0.9444
vn -0.2336 -0.2817 0.9306
vn -0.3733 -0.3149 0.8726
vn -0.3765 -0.2978 0.8773
vn -0.3324 -0.2810 0.9003
vn -0.9924 -0.0808 0.0925
vn -0.9985 0.0143 0.0531
vn -0.9915 -0.0108 0.1293
vn -0.9726 -0.2199 0.0759
vn -0.9968 -0.0747 0.0283
vn -0.9752 -0.2211 0.0140
vn -0.0530 0.1666 0.9846
vn -0.2509 0.1376 0.9582
vn -0.9830 -0.0865 0.1616
vn -0.9661 -0.2155 0.1423
vn -0.9792 -0.0303 0.2005
vn -0.9664 -0.0366 0.2544
vn -0.9772 -0.0129 0.2118
vn -0.4373 0.1003 0.8937
vn -0.9878 0.0231 0.1538
vn -0.9978 0.0548 0.0376
vn -0.9338 -0.3323 0.1324
vn -0.9182 -0.3784 0.1169
vn -0.9382 -0.3402 0.0630
vn -0.9237 -0.3802 0.0470
vn -0.9391 -0.3437 -0.0068
vn -0.9240 -0.3814 -0.0266
vn 0.2622 -0.0467 0.9639
vn -0.9177 -0.3859 0.0941
vn -0.9309 -0.3619 0.0495
vn -0.9259 -0.3768 0.0287
vn -0.9324 -0.3607 0.0214
vn -0.9423 -0.3314 -0.0468
vn -0.9392 -0.3432 -0.0097
vn -0.9479 -0.3065 -0.0865
vn -0.9415 -0.3311 -0.0636
vn -0.9280 -0.3704 -0.0394
vn 0.6137 0.6814 0.3987
vn 0.5898 0.6150 0.5234
vn 0.6158 0.6537 0.4399
vn 0.6079 0.6485 0.4582
vn 0.6241 0.6603 0.4177
vn 0.5897 0.5945 0.5467
vn 0.5726 0.5719 0.5875
vn 0.5070 0.7209 0.4725
vn 0.5952 0.6824 0.4244
vn 0.4932 0.7508 0.4393
vn 0.5338 0.6815 0.5007
vn 0.5893 0.6310 0.5045
vn 0.5292 0.5861 0.6135
vn 0.4447 0.7350 0.5119
vn 0.4616 0.6541 0.5993
vn 0.4033 0.7005 0.5888
vn 0.4519 0.6311 0.6305
vn 0.4909 0.5403 0.6834
vn 0.5515 0.5294 0.6446
vn 0.5385 0.5271 0.6574
vn 0.5089 0.4715 0.7202
vn 0.4786 0.4926 0.7268
vn 0.7148 0.6321 0.2992
vn 0.6776 0.6553 0.3338
vn 0.7406 0.6290 0.2365
vn 0.6495 0.6740 0.3519
vn -0.9532 -0.3013 0.0249
vn -0.8407 -0.5173 0.1600
vn -0.9921 -0.1059 -0.0677
vn -0.9736 -0.2216 -0.0555
vn -0.9908 -0.0236 -0.1330
vn -0.9857 -0.1256 -0.1126
vn -0.9892 0.0806 -0.1226
vn -0.9742 0.1522 -0.1669
vn -0.9306 0.3217 -0.1747
vn -0.9515 0.2267 -0.2081
vn -0.9800 0.0669 -0.1876
vn -0.9587 0.1528 -0.2398
vn -0.9012 0.3877 -0.1935
vn -0.9297 0.2818 -0.2371
vn -0.8815 0.4328 -0.1889
vn -0.9849 -0.0244 -0.1714
vn -0.9639 0.0527 -0.2609
vn -0.9381 0.0721 -0.3387
vn -0.9067 0.0557 -0.4181
vn -0.9055 0.0330 -0.4230
vn 0.0755 0.9771 0.1988
vn 0.0686 0.9658 0.2502
vn 0.0523 0.9828 0.1769
vn 0.2966 0.9183 0.2622
vn 0.3067 0.9033 0.3002
vn 0.2696 0.8890 0.3701
vn 0.4812 0.7742 0.4112
vn 0.4110 0.7693 0.4892
vn 0.5061 0.7822 0.3635
vn 0.5901 0.6538 0.4737
vn 0.5261 0.6740 0.5186
vn 0.4412 0.6928 0.5704
vn -0.3640 -0.1939 0.9110
vn -0.4590 -0.3021 0.8355
vn -0.3900 -0.3011 0.8702
vn -0.5054 -0.3931 0.7681
vn -0.4276 -0.4116 0.8049
vn -0.5502 -0.4818 0.6820
vn -0.4507 -0.5193 0.7261
vn -0.5735 -0.5708 0.5876
vn -0.8315 0.5315 -0.1612
vn -0.8001 0.5799 -0.1534
vn -0.6274 0.7758 -0.0673
vn -0.6120 0.7898 -0.0413
vn -0.3735 0.9242 0.0799
vn -0.3827 0.9167 0.1152
vn -0.1585 0.9674 0.1977
vn -0.1806 0.9541 0.2389
vn 0.0295 0.9529 0.3018
vn 0.2089 0.8801 0.4263
vn 0.0038 0.9430 0.3327
vn 0.3453 0.7695 0.5372
vn 0.3441 0.8039 0.4851
vn 0.1896 0.8891 0.4166
vn 0.1859 0.9025 0.3885
vn 0.3629 0.8314 0.4207
vn -0.0060 0.9353 0.3539
vn -0.2003 0.9383 0.2818
vn -0.4407 -0.6241 0.6452
vn -0.5480 -0.6562 0.5187
vn -0.4592 -0.6941 0.5545
vn -0.5844 -0.6840 0.4365
vn -0.5844 -0.6877 0.4307
vn -0.6953 -0.6405 0.3261
vn -0.6946 -0.6345 0.3389
vn -0.8180 -0.5194 0.2471
vn 0.3522 0.4262 0.8332
vn 0.4172 0.5061 0.7549
vn 0.4338 0.4047 0.8050
vn 0.3616 0.3419 0.8674
vn 0.2483 0.3319 0.9101
vn 0.2619 0.4009 0.8779
vn 0.3751 0.4656 0.8016
vn 0.1096 0.2708 0.9564
vn -0.0624 0.1434 0.9877
vn 0.1569 0.3105 0.9375
vn 0.3207 0.3539 0.8786
vn -0.9335 -0.3401 0.1133
vn -0.8234 -0.5114 0.2460
vn -0.9221 -0.3701 0.1128
vn -0.9868 -0.1617 -0.0033
vn -0.9955 0.0419 -0.0854
vn -0.9987 0.0162 -0.0483
vn -0.9724 0.2163 -0.0872
vn 0.4768 0.4108 0.7771
vn 0.4876 0.4868 0.7248
vn 0.4862 0.3730 0.7903
vn 0.4423 0.3413 0.8294
vn -0.8449 -0.4570 0.2782
vn -0.8853 -0.3517 0.3043
vn -0.6127 0.7902 0.0107
vn -0.7826 0.6116 -0.1158
vn -0.4009 0.9007 0.1677
vn 0.8115 0.5804 0.0683
vn 0.8360 0.5465 0.0494
vn 0.8372 0.5391 0.0920
vn 0.7992 0.5977 0.0632
vn 0.7888 0.5764 0.2133
vn 0.7850 0.5347 0.3128
vn 0.7899 0.5955 0.1465
vn 0.8146 0.5646 0.1327
vn 0.5690 0.5483 0.6128
vn 0.5200 0.4485 0.7269
vn 0.5020 0.5890 0.6333
vn 0.4906 0.6735 0.5529
vn 0.7716 0.4984 0.3952
vn 0.9994 -0.0336 -0.0097
vn 0.9958 -0.0730 0.0551
vn 0.9971 -0.0270 0.0716
vn 0.9922 -0.0990 -0.0756
vn 0.9941 -0.1058 -0.0230
vn 0.9929 -0.0986 0.0663
vn 0.9871 -0.0789 0.1393
vn 0.9903 0.0739 0.1175
vn 0.9622 0.0282 0.2710
vn 0.9152 0.0278 0.4020
vn 0.9465 -0.1041 0.3055
vn 0.9824 -0.0296 0.1842
vn 0.9420 -0.0793 0.3262
vn 0.9373 -0.0519 0.3447
vn 0.9983 0.0552 -0.0206
vn 0.9916 -0.0481 -0.1198
vn 0.9266 -0.0618 0.3708
vn -0.3510 -0.9363 -0.0126
vn -0.1842 0.9701 0.1578
vn -0.5515 0.3318 -0.7654
vn 0.6443 -0.4999 0.5788
vn -0.7692 -0.0284 -0.6383
vn 0.9624 -0.2349 -0.1367
vn 0.9350 -0.3257 -0.1402
vn -0.7726 -0.6141 0.1610
vn -0.7252 -0.6736 0.1424
vn -0.8091 -0.5613 0.1740
vn 0.5651 0.5760 0.5906
vn 0.5202 0.5601 0.6447
vn 0.6145 0.6103 0.4999
vn 0.6014 0.5922 0.5363
vn 0.6972 0.6185 0.3625
vn 0.6960 0.6035 0.3892
vn 0.7557 0.6125 0.2320
vn 0.7562 0.6057 0.2476
vn 0.7861 0.6043 0.1300
vn 0.7838 0.6050 0.1400
vn 0.7937 0.6043 0.0702
vn 0.7917 0.6055 0.0811
vn 0.7841 0.6156 0.0787
vn 0.7894 0.6075 0.0882
vn 0.4929 0.5492 0.6748
vn 0.4839 0.5004 0.7179
vn 0.5969 0.5722 0.5624
vn 0.6003 0.5253 0.6031
vn 0.6974 0.5857 0.4130
vn 0.7082 0.5428 0.4516
vn 0.7619 0.5895 0.2684
vn 0.7790 0.5505 0.3003
vn 0.7935 0.5882 0.1564
vn 0.8148 0.5518 0.1780
vn 0.8061 0.5847 0.0915
vn 0.8305 0.5479 0.1009
vn 0.8093 0.5801 0.0925
vn 0.8366 0.5398 0.0935
vn 0.4658 0.4025 0.7880
vn 0.4373 0.2664 0.8590
vn 0.6042 0.4433 0.6621
vn 0.6070 0.3227 0.7263
vn 0.7231 0.4692 0.5069
vn 0.7383 0.3625 0.5688
vn 0.8029 0.4850 0.3465
vn 0.8284 0.3918 0.4004
vn 0.8448 0.4929 0.2083
vn 0.8786 0.4099 0.2452
vn 0.8636 0.4915 0.1122
vn 0.9010 0.4146 0.1277
vn 0.8711 0.4822 0.0926
vn 0.9088 0.4069 0.0923
vn 0.4267 0.1079 0.8980
vn 0.4174 -0.0461 0.9076
vn 0.6093 0.1724 0.7740
vn 0.6046 0.0165 0.7963
vn 0.7513 0.2230 0.6211
vn 0.7523 0.0703 0.6550
vn 0.8531 0.2648 0.4496
vn 0.8637 0.1208 0.4893
vn 0.9130 0.2956 0.2813
vn 0.9334 0.1668 0.3177
vn 0.9392 0.3116 0.1442
vn 0.9654 0.2008 0.1664
vn 0.9460 0.3110 0.0917
vn 0.9726 0.2120 0.0948
vn 0.9065 0.3928 0.1550
vn 0.4228 -0.1539 0.8930
vn 0.6062 -0.1031 0.7886
vn 0.7516 -0.0553 0.6573
vn 0.8645 -0.0064 0.5027
vn 0.9406 0.0438 0.3368
vn 0.9802 0.0853 0.1789
vn 0.9908 0.1000 0.0908
vn -0.8517 -0.4903 0.1851
vn -0.8387 -0.4878 0.2423
vn -0.8932 -0.4040 0.1973
vn -0.3790 -0.9159 0.1322
vn -0.3028 -0.9427 0.1404
vn -0.1636 -0.9776 0.1326
vn -0.2748 -0.9318 0.2370
vn -0.3439 -0.9135 0.2173
vn 0.1261 -0.8856 0.4470
vn 0.0789 -0.8555 0.5117
vn 0.0062 -0.8981 0.4398
vn 0.2400 -0.8603 0.4497
vn 0.1763 -0.8341 0.5227
vn 0.2956 -0.8016 0.5196
vn 0.1939 -0.7261 0.6597
vn 0.1196 -0.7624 0.6359
vn -0.1228 -0.1431 0.9821
vn -0.2557 -0.0118 0.9667
vn -0.2526 0.0022 0.9676
vn -0.1183 -0.1339 0.9839
vn -0.2580 -0.0209 0.9659
vn -0.4152 0.1134 0.9026
vn -0.4144 0.1223 0.9018
vn -0.4082 0.1454 0.9013
vn 0.1051 -0.6266 0.7722
vn 0.3047 -0.6795 0.6674
vn 0.1573 -0.5770 0.8014
vn 0.2501 -0.5223 0.8152
vn 0.0906 -0.4123 0.9065
vn 0.0591 -0.4604 0.8858
vn -0.5633 0.2459 0.7888
vn -0.5560 0.2710 0.7857
vn -0.5647 0.2353 0.7911
vn -0.6832 0.3427 0.6448
vn -0.6700 0.3757 0.6403
vn -0.2723 -0.9003 0.3396
vn -0.1431 -0.9612 0.2360
vn -0.1994 -0.9088 0.3666
vn -0.0844 -0.9263 0.3672
vn -0.1278 -0.8975 0.4220
vn -0.2043 -0.8941 0.3986
vn -0.8261 0.4867 -0.2839
vn -0.7057 0.2714 -0.6545
vn -0.9460 0.0900 -0.3116
vn -0.7974 0.5293 -0.2898
vn -0.6613 0.4205 -0.6212
vn -0.6399 0.4581 -0.6170
vn -0.7230 0.6382 -0.2645
vn -0.7788 0.5862 -0.2232
vn -0.7610 0.4377 0.4790
vn -0.6851 0.3186 0.6551
vn -0.7823 0.3790 0.4944
vn -0.7812 0.3481 0.5183
vn -0.8576 0.3501 0.3768
vn -0.8576 0.3860 0.3398
vn -0.0218 -0.2961 0.9549
vn 0.1534 -0.3660 0.9179
vn -0.0045 -0.2637 0.9646
vn 0.0232 -0.2433 0.9697
vn -0.9496 0.1962 0.2446
vn -0.8517 0.3528 0.3875
vn -0.8753 0.3750 0.3053
vn -0.8657 0.4183 0.2750
vn -0.1002 -0.8952 0.4343
vn -0.0326 -0.9002 0.4342
vn 0.0042 -0.8943 0.4475
vn 0.1024 -0.8775 0.4686
vn -0.6455 0.7626 0.0410
vn -0.6717 0.6622 -0.3321
vn -0.5701 0.8213 -0.0217
vn -0.5522 0.8256 -0.1157
vn -0.5255 0.8497 -0.0433
vn -0.8111 0.4530 0.3699
vn -0.7743 0.6036 0.1901
vn -0.8143 0.5408 0.2108
vn -0.7733 0.5260 0.3541
vn -0.7435 0.6496 0.1589
vn -0.6989 0.6568 -0.2831
vn -0.7363 0.6120 -0.2887
vn -0.5800 0.5255 -0.6225
vn -0.6636 0.6990 -0.2665
vn -0.5776 0.5329 -0.6184
vn -0.5572 0.5830 -0.5912
vn -0.6500 0.5403 -0.5344
vn -0.6222 0.6347 -0.4583
vn 0.2875 -0.3234 0.9015
vn 0.0860 -0.2471 0.9652
vn 0.2624 -0.3211 0.9100
vn 0.2973 -0.3324 0.8950
vn 0.1132 -0.2579 0.9595
vn 0.1392 -0.2584 0.9560
vn -0.0929 -0.1517 0.9841
vn -0.1043 -0.1544 0.9825
vn 0.3390 -0.8570 0.3882
vn 0.3390 -0.8208 0.4597
vn 0.2226 -0.8848 0.4094
vn 0.3986 -0.8234 0.4040
vn 0.4091 -0.7854 0.4645
vn 0.4581 -0.7565 0.4667
vn 0.5011 -0.7321 0.4615
vn 0.4597 -0.7726 0.4379
vn 0.1345 -0.9856 0.1027
vn 0.2167 -0.9707 0.1043
vn 0.2043 -0.9692 0.1375
vn 0.2539 -0.9499 0.1824
vn 0.1539 -0.9695 0.1905
vn -0.4686 0.8421 -0.2671
vn -0.5895 0.5814 -0.5608
vn -0.4275 0.8270 -0.3652
vn -0.3990 0.7981 -0.4514
vn -0.2586 0.9541 -0.1511
vn 0.1925 -0.9313 0.3092
vn 0.2465 -0.9431 0.2232
vn 0.2996 -0.9069 0.2963
vn 0.3303 -0.8839 0.3310
vn 0.5087 -0.6944 0.5090
vn 0.5264 -0.7000 0.4825
vn 0.5450 -0.6484 0.5316
vn 0.5442 -0.6203 0.5649
vn 0.5213 -0.5225 0.6747
vn 0.4970 -0.5618 0.6614
vn -0.2834 -0.0150 0.9589
vn -0.0730 -0.1328 0.9884
vn -0.2931 -0.0005 0.9561
vn -0.4344 0.1689 0.8847
vn -0.4346 0.1445 0.8889
vn -0.4294 0.1284 0.8939
vn -0.6725 0.3157 0.6694
vn -0.7215 0.4390 0.5354
vn -0.7539 0.3804 0.5357
vn -0.6496 0.3555 0.6721
vn -0.7141 0.4627 0.5253
vn -0.7596 0.5587 0.3330
vn 0.4031 -0.4271 0.8093
vn 0.5065 -0.5100 0.6952
vn 0.4254 -0.4086 0.8075
vn 0.4159 -0.4106 0.8115
vn -0.5466 0.2614 0.7955
vn -0.5583 0.2390 0.7945
vn -0.5432 0.2777 0.7924
vn -0.6453 0.3721 0.6672
vn 0.4800 -0.6636 0.5738
vn 0.4997 -0.6022 0.6226
vn 0.5009 -0.6723 0.5451
vn 0.4800 -0.6507 0.5884
vn 0.4816 -0.5951 0.6433
vn 0.4691 -0.5743 0.6708
vn 0.4394 -0.5040 0.7436
vn 0.4535 -0.5087 0.7318
vn -0.0419 -0.0930 0.9948
vn -0.2640 0.0774 0.9614
vn -0.2637 0.0736 0.9618
vn -0.0417 -0.0898 0.9951
vn -0.2642 0.0766 0.9614
vn -0.4228 0.2084 0.8819
vn -0.4233 0.2097 0.8814
vn -0.4228 0.2066 0.8824
vn -0.6379 0.4003 0.6579
vn -0.7115 0.5009 0.4928
vn -0.7059 0.4992 0.5025
vn -0.6396 0.4036 0.6543
vn -0.7127 0.4984 0.4936
vn -0.7616 0.5974 0.2510
vn -0.7571 0.6026 0.2523
vn -0.7464 0.6036 0.2803
vn 0.3800 -0.4190 0.8246
vn 0.4261 -0.4878 0.7619
vn 0.3698 -0.4176 0.8300
vn 0.3546 -0.4036 0.8434
vn 0.2896 -0.3390 0.8951
vn 0.2952 -0.3387 0.8934
vn -0.5325 0.3051 0.7896
vn -0.5326 0.3033 0.7902
vn -0.5308 0.3032 0.7914
vn -0.6382 0.4002 0.6577
vn -0.7119 0.7014 0.0340
vn -0.7069 0.7030 0.0776
vn -0.7173 0.6966 0.0104
vn -0.5858 0.7461 -0.3163
vn -0.5933 0.7492 -0.2944
vn -0.5992 0.7527 -0.2730
vn -0.4895 0.6815 -0.5441
vn -0.4543 0.7080 -0.5407
vn -0.4471 0.7083 -0.5463
vn -0.3973 0.7377 -0.5458
vn -0.4655 0.6923 -0.5514
vn 0.1673 -0.2437 0.9553
vn 0.2794 -0.3309 0.9013
vn 0.1663 -0.2425 0.9558
vn 0.1526 -0.2320 0.9607
vn 0.3904 -0.7506 0.5330
vn 0.4716 -0.7229 0.5049
vn 0.4381 -0.7639 0.4739
vn 0.4072 -0.7393 0.5362
vn 0.4413 -0.7143 0.5432
vn 0.4432 -0.6963 0.5645
vn 0.1872 -0.9601 0.2078
vn 0.2016 -0.9493 0.2414
vn 0.2208 -0.9410 0.2563
vn 0.2531 -0.8870 0.3862
vn 0.2418 -0.9100 0.3367
vn -0.3161 0.7936 -0.5198
vn -0.3873 0.7304 -0.5627
vn -0.2611 0.8094 -0.5260
vn -0.2542 0.8047 -0.5365
vn -0.1470 0.9341 -0.3254
vn 0.3405 -0.8159 0.4674
vn 0.2594 -0.8522 0.4545
vn 0.2998 -0.7875 0.5385
vn 0.3129 -0.7673 0.5598
vn 0.1416 -0.0132 0.9898
vn 0.2261 0.1799 0.9573
vn 0.1516 -0.0170 0.9883
vn 0.3288 0.1438 0.9334
vn 0.2154 0.1840 0.9590
vn 0.4088 0.3464 0.8443
vn 0.2932 0.3855 0.8749
vn 0.3025 0.3791 0.8745
vn 0.2443 -0.0590 0.9679
vn 0.3973 0.0882 0.9134
vn 0.3057 -0.1025 0.9466
vn 0.4840 0.2847 0.8275
vn 0.4030 0.9150 0.0187
vn 0.3380 0.9074 -0.2496
vn 0.3255 0.9061 -0.2703
vn 0.4031 0.9147 0.0299
vn 0.3751 0.8992 -0.2254
vn 0.2745 0.8393 -0.4693
vn 0.2471 0.8330 -0.4950
vn 0.2285 0.8267 -0.5142
vn 0.4558 0.8890 0.0434
vn 0.4340 0.8870 -0.1577
vn 0.5143 0.8508 0.1080
vn 0.3297 0.8492 -0.4125
vn 0.3631 0.5761 0.7323
vn 0.3716 0.5700 0.7328
vn 0.4671 0.5358 0.7034
vn 0.4982 0.7005 0.5109
vn 0.4120 0.7411 0.5301
vn 0.4160 0.7355 0.5347
vn 0.5437 0.4631 0.6999
vn 0.5713 0.6276 0.5290
vn 0.1454 0.7076 -0.6915
vn 0.1247 0.6966 -0.7066
vn 0.1657 0.7235 -0.6702
vn 0.0510 0.5421 -0.8387
vn 0.0350 0.5229 -0.8517
vn 0.0140 0.5066 -0.8621
vn 0.2144 0.7478 -0.6284
vn 0.0954 0.5728 -0.8142
vn 0.4326 0.8526 0.2932
vn 0.4968 0.8177 0.2909
vn 0.4281 0.8548 0.2933
vn 0.5601 0.7584 0.3334
vn -0.0252 -0.4495 0.8929
vn 0.0695 -0.2237 0.9722
vn -0.0156 -0.4529 0.8914
vn 0.0340 -0.4873 0.8726
vn 0.0636 -0.2160 0.9743
vn 0.1502 -0.2539 0.9555
vn 0.0837 -0.5201 0.8500
vn 0.2114 -0.2841 0.9352
vn -0.0767 0.2747 -0.9585
vn -0.0955 0.2549 -0.9622
vn -0.0619 0.2897 -0.9551
vn -0.1552 0.0010 -0.9879
vn -0.1695 -0.0023 -0.9855
vn -0.1831 -0.0201 -0.9829
vn -0.0186 0.3193 -0.9475
vn -0.1143 0.0198 -0.9933
vn -0.1621 -0.8351 0.5257
vn -0.0850 -0.6650 0.7420
vn -0.1466 -0.8311 0.5365
vn -0.1503 -0.8524 0.5009
vn -0.0998 -0.6663 0.7390
vn -0.0687 -0.6973 0.7135
vn -0.1269 -0.8748 0.4676
vn -0.0330 -0.7235 0.6895
vn -0.2502 -0.9677 0.0297
vn -0.2086 -0.9348 0.2875
vn -0.2012 -0.9305 0.3060
vn -0.2475 -0.9688 0.0102
vn -0.1981 -0.9459 0.2571
vn -0.2335 -0.9723 -0.0107
vn -0.1812 -0.9625 0.2018
vn -0.2114 -0.9757 -0.0567
vn -0.2282 -0.2524 -0.9403
vn -0.2372 -0.2654 -0.9345
vn -0.2133 -0.2578 -0.9424
vn -0.2446 -0.4619 -0.8525
vn -0.2594 -0.4542 -0.8523
vn -0.2655 -0.4640 -0.8451
vn -0.1749 -0.2501 -0.9523
vn -0.2095 -0.4575 -0.8642
vn -0.2768 -0.6337 -0.7223
vn -0.2820 -0.6437 -0.7115
vn -0.2619 -0.6388 -0.7234
vn -0.2692 -0.8028 -0.5321
vn -0.2853 -0.8011 -0.5261
vn -0.2897 -0.8081 -0.5129
vn -0.2298 -0.6316 -0.7404
vn -0.2395 -0.7931 -0.5600
vn -0.2748 -0.9232 -0.2687
vn -0.2799 -0.9251 -0.2567
vn -0.2605 -0.9236 -0.2811
vn -0.2327 -0.9176 -0.3222
vn -0.6337 -0.6446 0.4277
vn -0.5149 -0.8292 0.2175
vn -0.7023 -0.4370 0.5619
vn -0.4383 0.7417 0.5077
vn -0.5784 0.5230 0.6260
vn -0.2581 0.9150 0.3100
vn -0.7279 -0.1851 0.6603
vn -0.7121 0.0590 0.6996
vn -0.0459 0.9988 0.0140
vn 0.1166 0.9591 -0.2579
vn -0.6665 0.2871 0.6880
vn -0.1762 -0.7989 0.5751
vn -0.3866 -0.9205 0.0572
vn -0.2618 -0.9634 -0.0571
vn 0.2691 0.8116 -0.5186
vn 0.3921 0.5344 -0.7488
vn -0.0513 -0.9452 -0.3224
vn -0.1844 -0.9587 -0.2164
vn 0.0605 -0.8629 -0.5018
vn 0.1420 -0.7296 -0.6690
vn 0.4225 0.2476 -0.8719
vn 0.3844 0.0181 -0.9230
vn 0.3228 -0.1753 -0.9301
vn 0.2572 -0.3633 -0.8955
vn 0.2045 -0.5535 -0.8074
vn 0.0004 -0.8494 -0.5278
vn -0.4246 0.1106 0.8986
vn -0.5672 0.2270 0.7917
vn -0.6886 0.2937 0.6630
vn 0.4076 -0.6221 0.6684
vn 0.3346 -0.4681 0.8179
vn 0.2116 -0.3336 0.9187
vn -0.7774 0.3374 0.5309
vn -0.8397 0.3823 0.3857
vn -0.1140 -0.1395 0.9836
vn -0.2732 -0.0286 0.9615
vn -0.1129 -0.1496 0.9823
vn 0.3489 -0.8208 0.4523
vn 0.4086 -0.7535 0.5151
vn -0.0031 -0.9755 0.2201
vn 0.0259 -0.9358 0.3515
vn 0.0591 -0.8964 0.4393
vn -0.6321 0.6647 -0.3984
vn -0.5389 0.8175 -0.2031
vn -0.4049 0.9031 -0.1434
vn -0.0395 -0.9891 0.1419
vn -0.0168 -0.9926 0.1205
vn 0.1987 -0.8507 0.4867
vn 0.0534 -0.2379 0.9698
vn -0.7742 0.5603 -0.2946
vn -0.6177 0.4691 -0.6311
vn -0.8515 0.4656 0.2411
vn -0.0772 0.5332 -0.8424
vn -0.1180 0.3542 -0.9277
vn -0.0514 0.6889 -0.7230
vn -0.0611 -0.7343 -0.6761
vn -0.0718 -0.5644 -0.8224
vn -0.1055 -0.4013 -0.9098
vn -0.0369 0.8070 -0.5894
vn -0.1844 -0.0518 -0.9815
vn -0.1642 0.1598 -0.9734
vn -0.0718 -0.9477 -0.3109
vn -0.0649 -0.8702 -0.4884
vn -0.0513 -0.9925 0.1106
vn -0.0620 -0.9981 0.0012
vn -0.0702 -0.9952 -0.0675
vn -0.3877 0.9095 -0.1499
vn -0.3630 0.9173 -0.1640
vn -0.0415 -0.9846 0.1696
vn -0.0712 -0.9833 -0.1676
vn -0.1536 -0.2377 -0.9591
vn -0.1926 0.9643 -0.1815
vn -0.0231 0.9559 -0.2926
vn -0.0264 0.8813 -0.4717
vn -0.0160 0.9247 -0.3804
vn 0.2462 -0.9302 0.2724
vn 0.3735 -0.8465 0.3794
vn 0.4776 -0.7802 0.4040
vn -0.5087 0.6652 -0.5465
vn -0.3566 0.7921 -0.4954
vn -0.1700 0.9384 -0.3009
vn 0.1373 -0.9745 0.1774
vn 0.1945 -0.9657 0.1720
vn 0.5075 -0.7306 0.4569
vn 0.5356 -0.6779 0.5035
vn 0.2993 -0.3373 0.8926
vn 0.1596 -0.2499 0.9550
vn -0.0516 -0.1070 0.9929
vn -0.6119 0.7482 -0.2566
vn -0.5079 0.6620 -0.5511
vn -0.7116 0.6925 0.1186
vn -0.7426 0.5950 0.3074
vn -0.5362 0.2950 0.7909
vn -0.4271 0.1937 0.8832
vn -0.6384 0.3916 0.6626
vn 0.4811 -0.5078 0.7147
vn 0.3974 -0.4160 0.8179
vn -0.7034 0.4907 0.5142
vn -0.2865 0.0275 0.9577
vn -0.2715 0.0579 0.9607
vn 0.5321 -0.6049 0.5924
vn 0.0516 -0.9885 0.1421
vn 0.0339 -0.9989 0.0312
vn 0.0247 -0.9985 -0.0492
vn -0.0697 0.9713 -0.2275
vn -0.0040 0.9580 -0.2869
vn 0.0983 -0.9762 0.1935
vn 0.0155 -0.9876 -0.1564
vn 0.0026 -0.9511 -0.3090
vn -0.0905 -0.5272 -0.8449
vn -0.1127 -0.3536 -0.9286
vn -0.1147 -0.0870 -0.9896
vn 0.0153 0.9437 -0.3304
vn 0.0382 0.9345 -0.3539
vn 0.0366 0.9232 -0.3825
vn 0.0262 0.8780 -0.4779
vn -0.0296 0.5614 -0.8270
vn -0.0575 0.4099 -0.9103
vn -0.0067 0.6934 -0.7205
vn -0.0347 -0.7712 -0.6356
vn -0.0618 -0.6532 -0.7547
vn 0.0121 0.8027 -0.5962
vn -0.0901 0.2016 -0.9753
vn -0.0140 -0.8763 -0.4816
vn -0.8028 0.5774 -0.1487
vn -0.8387 0.5416 0.0565
vn -0.9202 0.3565 -0.1617
vn -0.6986 0.7110 0.0807
vn -0.6335 0.7735 -0.0177
vn -0.7819 0.6233 0.0082
vn -0.2897 -0.8781 0.3809
vn -0.3486 -0.8148 0.4632
vn -0.4284 -0.8099 0.4008
vn -0.2052 -0.8803 0.4278
vn -0.1212 -0.8952 0.4289
vn -0.2764 -0.8514 0.4459
vn 0.7703 0.5440 0.3326
vn -0.5181 -0.8436 0.1414
vn -0.5064 -0.8433 -0.1797
vn 0.1073 0.7186 0.6871
vn -0.7101 -0.6213 -0.3312
vn -0.6306 -0.6746 -0.3838
vn -0.0721 -0.5779 0.8129
vn -0.0541 -0.3441 0.9374
vn -0.1206 -0.4195 0.8997
vn 0.0151 -0.5144 0.8574
vn -0.1417 -0.1630 0.9764
vn -0.1951 -0.2136 0.9572
vn -0.6319 0.4160 0.6539
vn -0.5027 0.5685 0.6512
vn -0.5947 0.4330 0.6774
vn -0.6559 0.5555 0.5110
vn -0.7753 -0.0027 -0.6316
vn -0.8252 -0.1794 -0.5356
vn -0.4184 -0.8878 0.1918
vn -0.4812 -0.8220 0.3046
vn -0.5344 -0.8240 0.1880
vn -0.3523 -0.8840 0.3074
vn -0.4120 0.1872 0.8917
vn -0.5438 0.3006 0.7835
vn -0.5242 0.3328 0.7839
vn -0.4082 0.1715 0.8966
vn 0.0381 -0.8006 0.5980
vn -0.0779 -0.7253 0.6840
vn -0.1143 -0.8197 0.5612
vn 0.0465 -0.6791 0.7326
vn -0.2636 0.0110 0.9646
vn -0.2928 -0.0057 0.9562
vn -0.1974 -0.8572 0.4756
vn -0.0325 -0.8731 0.4864
vn -0.4758 -0.8658 0.1551
vn -0.5541 -0.8249 0.1120
vn -0.5694 -0.8072 0.1560
vn -0.4520 -0.8846 0.1150
vn -0.6913 0.7216 -0.0370
vn -0.3809 0.9232 -0.0516
vn -0.5395 0.8415 -0.0303
vn -0.5261 0.8410 -0.1261
vn -0.6276 -0.7636 -0.1518
vn -0.5155 -0.8565 -0.0240
vn -0.6313 -0.7753 -0.0188
vn -0.6162 -0.7370 -0.2778
vn -0.5106 -0.8461 -0.1533
vn -0.5006 -0.8165 -0.2878
vn -0.7112 0.6341 0.3035
vn -0.0878 0.9324 -0.3505
vn -0.0202 0.9881 -0.1526
vn -0.9562 0.1964 0.2172
vn -0.4534 0.8912 -0.0132
vn -0.7854 0.6100 0.1052
vn -0.3325 -0.1884 -0.9241
vn -0.3112 -0.3495 -0.8838
vn -0.3998 -0.3325 -0.8541
vn -0.2658 -0.0266 -0.9637
vn -0.2524 -0.1940 -0.9480
vn -0.2042 -0.0291 -0.9785
vn -0.1311 0.6873 -0.7144
vn -0.0745 0.8084 -0.5840
vn -0.1076 0.6929 -0.7130
vn -0.0901 0.8051 -0.5862
vn -0.7411 0.6714 -0.0030
vn -0.5384 0.8330 0.1275
vn -0.6016 -0.7799 0.1727
vn -0.5114 -0.8558 0.0779
vn -0.5066 -0.8463 0.1647
vn -0.6157 -0.7825 0.0922
vn -0.1497 0.5394 -0.8286
vn -0.1536 0.3525 -0.9231
vn -0.1660 0.3598 -0.9181
vn -0.1407 0.5354 -0.8328
vn -0.4722 -0.4732 -0.7437
vn -0.4338 -0.6464 -0.6276
vn -0.5400 -0.5962 -0.5940
vn -0.3739 -0.5016 -0.7801
vn -0.2071 0.1565 -0.9657
vn -0.1714 0.1538 -0.9731
vn -0.5880 -0.6857 -0.4290
vn -0.4763 -0.7549 -0.4509
vn -0.4869 -0.8505 0.1992
vn -0.5779 -0.7907 0.2019
vn -0.6527 -0.7473 0.1244
vn -0.6615 -0.7325 0.1610
vn -0.6424 -0.7402 0.1985
vn -0.8033 -0.5026 0.3196
vn 0.6476 0.3094 0.6963
vn -0.5211 -0.8500 -0.0768
vn -0.6036 -0.7347 0.3099
vn -0.5570 -0.7180 0.4174
vn -0.4306 0.5333 0.7281
vn -0.5433 0.4555 0.7052
vn -0.1954 -0.6415 0.7418
vn -0.2122 -0.4867 0.8474
vn -0.2566 -0.2745 0.9267
vn -0.2277 -0.7626 0.6054
vn -0.2900 -0.8093 0.5108
vn -0.9907 0.1203 -0.0629
vn -0.9470 -0.1957 -0.2547
vn -0.9708 0.2395 0.0144
vn -0.6104 -0.5493 -0.5707
vn -0.4100 0.2000 0.8899
vn -0.4959 0.3694 0.7859
vn -0.3222 -0.0357 0.9460
vn -0.3681 -0.8046 0.4660
vn -0.4324 -0.7718 0.4663
vn -0.4875 -0.7168 0.4985
vn -0.6691 -0.7161 0.1988
vn -0.6965 -0.6976 0.1683
vn -0.8888 -0.1033 0.4465
vn 0.1182 0.9926 0.0295
vn -0.9176 -0.3418 0.2032
vn -0.7196 -0.6881 0.0932
vn -0.7400 -0.6722 -0.0215
vn -0.1072 0.7802 -0.6163
vn -0.1541 0.6827 -0.7143
vn -0.4936 -0.3075 -0.8135
vn -0.4126 -0.1838 -0.8922
vn -0.3288 -0.0305 -0.9439
vn -0.5790 -0.4289 -0.6934
vn -0.6504 -0.5235 -0.5503
vn -0.9041 0.4245 0.0494
vn -0.7327 0.6804 0.0145
vn -0.8871 0.4464 -0.1174
vn -0.1477 0.5499 -0.8221
vn -0.1761 0.3625 -0.9152
vn -0.2461 0.1510 -0.9574
vn -0.6990 -0.5916 -0.4018
vn -0.7275 -0.6322 -0.2665
vn -0.7387 -0.6564 -0.1531
vn -0.9271 -0.3071 0.2148
vn -0.9346 -0.3099 0.1745
vn 0.8410 -0.4956 -0.2170
vn 0.8249 -0.5393 -0.1693
vn 0.9381 -0.2338 0.2556
vn -0.7432 -0.5898 0.3161
vn -0.7793 -0.5520 0.2965
vn -0.8069 -0.5070 0.3030
vn -0.8182 -0.4898 0.3011
vn 0.6520 -0.6366 -0.4118
vn 0.0956 -0.9228 -0.3733
vn 0.9677 0.0035 0.2520
vn -0.6178 -0.4757 0.6261
vn -0.5627 -0.3241 0.7605
vn -0.6363 -0.5622 0.5282
vn 0.6140 -0.7857 -0.0753
vn 0.6990 -0.6908 -0.1847
vn -0.6500 -0.6124 0.4499
vn -0.6670 -0.6340 0.3912
vn 0.5963 0.4412 0.6707
vn 0.0944 0.3926 0.9149
vn 0.3852 -0.6020 0.6994
vn -0.7008 -0.6189 0.3548
vn -0.3722 0.0110 0.9281
vn -0.9430 -0.3045 0.1342
vn 0.4741 -0.8421 0.2571
vn 0.5934 -0.7988 0.0989
vn 0.5754 -0.8138 -0.0815
vn -0.8801 -0.4084 -0.2420
vn -0.8631 -0.5024 -0.0510
vn -0.8900 -0.4247 -0.1661
vn -0.8963 -0.4377 -0.0719
vn -0.8894 -0.4569 0.0156
vn 0.5771 -0.3909 -0.7170
vn 0.4929 -0.6061 -0.6242
vn 0.5020 -0.5655 -0.6544
vn 0.6413 -0.0064 -0.7672
vn -0.6104 -0.1301 -0.7813
vn -0.4789 -0.0030 -0.8778
vn -0.7077 -0.2290 -0.6684
vn 0.5900 -0.8064 0.0396
vn -0.7804 -0.3009 -0.5481
vn -0.8282 -0.3493 -0.4381
vn 0.3101 0.3384 -0.8884
vn -0.0000 0.3197 -0.9475
vn 0.5442 -0.6395 -0.5430
vn -0.8600 -0.3852 -0.3346
vn -0.2807 0.1671 -0.9451
vn 0.8378 0.2334 0.4935
vn 0.8961 0.2913 0.3349
vn 0.2385 -0.2849 0.9284
vn 0.3206 -0.2246 0.9202
vn 0.2349 -0.2868 0.9287
vn 0.3274 -0.2209 0.9187
vn 0.4593 -0.1236 0.8797
vn 0.4505 -0.1292 0.8834
vn -0.4106 -0.6711 0.6172
vn -0.1936 -0.5748 0.7950
vn -0.1973 -0.5821 0.7888
vn -0.4067 -0.6613 0.6302
vn 0.0008 -0.4590 0.8884
vn -0.0005 -0.4624 0.8867
vn 0.0830 0.1941 -0.9775
vn 0.0268 0.1556 -0.9875
vn 0.0313 0.1562 -0.9872
vn 0.0868 0.2003 -0.9759
vn -0.1024 0.0486 -0.9936
vn -0.1066 0.0453 -0.9933
vn -0.8034 -0.5877 -0.0955
vn -0.7735 -0.6307 0.0630
vn -0.7726 -0.6330 0.0494
vn -0.8041 -0.5871 -0.0933
vn -0.7051 -0.6701 0.2320
vn -0.7061 -0.6757 0.2118
vn -0.3039 -0.1046 -0.9469
vn -0.3187 -0.1115 -0.9413
vn -0.5070 -0.2630 -0.8208
vn -0.5246 -0.2711 -0.8070
vn 0.7933 0.4404 -0.4204
vn 0.6541 0.3983 -0.6431
vn 0.7966 0.4434 -0.4108
vn 0.6499 0.3960 -0.6487
vn 0.4082 0.3093 -0.8589
vn 0.4076 0.3036 -0.8612
vn 0.1749 0.2174 -0.9603
vn 0.1859 0.2311 -0.9550
vn 0.9112 0.3872 0.1405
vn 0.9119 0.3888 0.1318
vn 0.8948 0.4373 -0.0897
vn 0.8956 0.4374 -0.0815
vn -0.6634 -0.3945 -0.6358
vn -0.6777 -0.4008 -0.6165
vn -0.7571 -0.4865 -0.4360
vn -0.7663 -0.4867 -0.4194
vn -0.7989 -0.5429 -0.2588
vn -0.8031 -0.5426 -0.2461
vn 0.6192 0.0101 0.7851
vn 0.6265 0.0160 0.7793
vn 0.1448 -0.3553 0.9235
vn 0.1431 -0.3571 0.9230
vn -0.5862 -0.6895 0.4255
vn -0.5894 -0.6985 0.4059
vn 0.8598 0.4511 -0.2392
vn 0.8582 0.4497 -0.2475
vn 0.2653 -0.2740 0.9244
vn 0.3646 -0.2120 0.9067
vn 0.4965 -0.1223 0.8594
vn -0.3065 -0.5999 0.7391
vn -0.1257 -0.5200 0.8448
vn 0.0332 -0.4267 0.9038
vn 0.1649 0.1647 -0.9725
vn 0.1398 0.1769 -0.9742
vn 0.0647 0.1297 -0.9894
vn -0.0714 0.0613 -0.9956
vn -0.8135 -0.5774 -0.0699
vn -0.7628 -0.6307 0.1426
vn -0.7588 -0.6284 0.1712
vn -0.6499 -0.6537 0.3877
vn -0.2404 -0.0494 -0.9694
vn -0.4277 -0.1863 -0.8845
vn 0.6497 0.3866 -0.6545
vn 0.7883 0.4194 -0.4502
vn 0.4641 0.3127 -0.8287
vn 0.2856 0.2221 -0.9323
vn 0.9305 0.3520 0.1009
vn 0.9076 0.4019 -0.1213
vn -0.6058 -0.3220 -0.7276
vn -0.7305 -0.4240 -0.5353
vn -0.8036 -0.5084 -0.3095
vn 0.6544 0.0028 0.7562
vn 0.1638 -0.3399 0.9261
vn -0.4988 -0.6501 0.5732
vn 0.8636 0.4198 -0.2792
vn 0.8393 0.2544 0.4804
vn 0.8965 0.2007 -0.3950
vn 0.9428 0.2394 -0.2318
vn 0.4863 0.0393 -0.8729
vn 0.4024 -0.0004 -0.9155
vn 0.3988 -0.0015 -0.9170
vn 0.6141 0.0944 -0.7836
vn 0.4930 0.0412 -0.8691
vn 0.6224 0.0969 -0.7767
vn -0.3331 -0.3536 -0.8741
vn -0.0747 -0.2419 -0.9674
vn -0.3255 -0.3409 -0.8819
vn -0.0802 -0.2501 -0.9649
vn 0.1457 -0.1359 -0.9800
vn -0.1094 -0.1536 0.9821
vn -0.1700 -0.1834 0.9682
vn -0.1048 -0.1480 0.9834
vn -0.1655 -0.1835 0.9690
vn -0.3074 -0.2634 0.9144
vn -0.8591 -0.4442 -0.2541
vn -0.8003 -0.4372 -0.4103
vn -0.8593 -0.4428 -0.2561
vn -0.8026 -0.4440 -0.3984
vn -0.7016 -0.4299 -0.5683
vn -0.3117 -0.2656 0.9123
vn -0.5083 -0.3570 0.7837
vn -0.5221 -0.3592 0.7735
vn -0.6943 -0.4292 0.5777
vn 0.5373 0.0508 0.8419
vn 0.7244 0.1398 0.6750
vn 0.7300 0.1452 0.6679
vn 0.2417 -0.0677 0.9680
vn 0.5318 0.0476 0.8455
vn 0.2434 -0.0617 0.9680
vn -0.0141 -0.1416 0.9898
vn -0.0009 -0.1290 0.9916
vn 0.9538 0.2546 0.1597
vn 0.8960 0.2311 0.3791
vn 0.9527 0.2530 0.1684
vn 0.8935 0.2284 0.3866
vn -0.7092 -0.4293 0.5592
vn -0.8196 -0.4649 0.3348
vn -0.8300 -0.4621 0.3124
vn -0.8770 -0.4693 0.1027
vn -0.8824 -0.4626 0.0859
vn -0.8853 -0.4568 -0.0872
vn -0.8866 -0.4517 -0.0996
vn 0.7708 0.1637 -0.6157
vn 0.8853 0.2193 -0.4102
vn 0.7772 0.1661 -0.6070
vn 0.1437 -0.1394 -0.9798
vn 0.3033 -0.0519 -0.9515
vn 0.3014 -0.0535 -0.9520
vn -0.7075 -0.4415 -0.5519
vn -0.5465 -0.4043 -0.7334
vn -0.5547 -0.4185 -0.7191
vn 0.8289 0.1981 0.5232
vn 0.8254 0.1943 0.5300
vn 0.4286 0.0039 -0.9035
vn 0.5275 0.0393 -0.8487
vn 0.6543 0.0853 -0.7514
vn -0.1988 -0.2647 -0.9436
vn 0.0074 -0.1859 -0.9825
vn 0.1837 -0.1062 -0.9772
vn -0.0316 -0.1929 0.9807
vn -0.2763 -0.2574 0.9260
vn -0.1361 -0.2144 0.9672
vn -0.8624 -0.4245 -0.2758
vn -0.6130 -0.3728 -0.6966
vn -0.7627 -0.4021 -0.5066
vn -0.4459 -0.3236 0.8345
vn -0.6233 -0.3920 0.6767
vn 0.5295 0.0370 0.8475
vn 0.7111 0.1114 0.6942
vn 0.3045 -0.0580 0.9507
vn 0.1000 -0.1464 0.9842
vn 0.9606 0.2056 0.1870
vn 0.8957 0.1830 0.4052
vn -0.7761 -0.4371 0.4545
vn -0.8663 -0.4482 0.2207
vn -0.8972 -0.4406 -0.0292
vn 0.7980 0.1415 -0.5858
vn 0.3239 -0.0399 -0.9453
vn -0.4261 -0.3338 -0.8408
vn 0.8209 0.1552 0.5495
vn 0.9436 0.2544 -0.2120
vn 0.2475 -0.6474 -0.7208
vn 0.0832 -0.7746 -0.6270
vn 0.0797 -0.7802 -0.6204
vn 0.4055 -0.4726 -0.7825
vn 0.2490 -0.6365 -0.7300
vn 0.4755 -0.4764 -0.7396
vn 0.3033 -0.6415 -0.7046
vn 0.1164 -0.7792 -0.6159
vn 0.3303 -0.6258 -0.7066
vn 0.1298 -0.7674 -0.6279
vn 0.5158 -0.4575 -0.7243
vn 0.7781 0.3591 -0.5154
vn 0.7411 0.5752 -0.3462
vn 0.7711 0.3698 -0.5184
vn 0.7473 0.5726 -0.3371
vn 0.6600 0.7352 -0.1547
vn 0.6836 0.7143 -0.1502
vn 0.7718 0.5478 -0.3229
vn 0.8131 0.3390 -0.4733
vn 0.8265 0.3191 -0.4638
vn 0.7819 0.5290 -0.3299
vn 0.6911 0.7032 -0.1667
vn 0.4066 -0.4902 -0.7710
vn 0.5515 -0.2804 -0.7856
vn 0.6627 -0.0827 -0.7443
vn 0.5481 -0.3000 -0.7808
vn 0.7290 -0.0826 -0.6796
vn 0.6217 -0.2854 -0.7294
vn 0.6636 -0.2766 -0.6951
vn 0.7649 -0.0866 -0.6383
vn 0.6598 0.7374 -0.1443
vn 0.5377 0.8424 0.0356
vn 0.5296 0.8469 0.0473
vn 0.3734 0.8943 0.2464
vn 0.3932 0.8903 0.2299
vn 0.5614 0.8271 0.0260
vn 0.5684 0.8228 0.0002
vn 0.7438 0.1310 -0.6555
vn 0.6672 -0.0659 -0.7419
vn 0.7430 0.1512 -0.6520
vn 0.7963 0.1275 -0.5913
vn 0.8197 0.1151 -0.5611
vn -0.0871 -0.8800 -0.4669
vn -0.2578 -0.9333 -0.2499
vn -0.2634 -0.9341 -0.2410
vn -0.0831 -0.8768 -0.4737
vn -0.0715 -0.8781 -0.4731
vn -0.2620 -0.9320 -0.2506
vn -0.2688 -0.9327 -0.2406
vn -0.0711 -0.8761 -0.4769
vn 0.3616 0.8963 0.2567
vn 0.1728 0.8673 0.4668
vn 0.1609 0.8656 0.4741
vn -0.0236 0.7569 0.6531
vn -0.0243 0.7607 0.6486
vn 0.1820 0.8717 0.4550
vn 0.1863 0.8727 0.4514
vn 0.3990 0.8918 0.2134
vn -0.0279 0.7561 0.6539
vn -0.4147 -0.9098 0.0175
vn -0.5104 -0.8224 0.2513
vn -0.5104 -0.8232 0.2484
vn -0.4104 -0.9118 0.0114
vn -0.4181 -0.9083 0.0149
vn -0.5161 -0.8157 0.2612
vn -0.5201 -0.8067 0.2806
vn -0.4278 -0.9033 0.0330
vn -0.5618 -0.6904 0.4558
vn -0.5769 -0.4923 0.6518
vn -0.5800 -0.4954 0.6467
vn -0.5619 -0.6855 0.4631
vn -0.5663 -0.6747 0.4734
vn -0.5793 -0.4839 0.6559
vn -0.5713 -0.4805 0.6654
vn -0.5627 -0.6662 0.4895
vn -0.0323 0.7533 0.6569
vn -0.1828 0.5972 0.7810
vn -0.1876 0.5947 0.7818
vn -0.2982 0.4269 0.8537
vn -0.3067 0.4209 0.8537
vn -0.1899 0.5954 0.7806
vn -0.1968 0.5822 0.7889
vn -0.3117 0.4037 0.8602
vn -0.3006 0.4265 0.8531
vn -0.3945 0.2357 0.8881
vn -0.3979 0.2346 0.8869
vn -0.4840 0.0046 0.8751
vn -0.4884 0.0044 0.8726
vn -0.4017 0.2301 0.8864
vn -0.4028 0.2145 0.8898
vn -0.4851 -0.0054 0.8744
vn -0.5552 -0.2507 0.7930
vn -0.4885 0.0034 0.8726
vn -0.5508 -0.2503 0.7962
vn -0.5536 -0.2462 0.7955
vn -0.5460 -0.2505 0.7994
vn -0.2535 -0.6031 -0.7564
vn -0.3240 -0.3251 -0.8884
vn -0.3528 -0.0425 -0.9347
vn -0.2096 0.7923 -0.5730
vn -0.0340 0.9734 -0.2266
vn -0.1286 0.9112 -0.3914
vn -0.3475 0.2252 -0.9102
vn -0.3182 0.4535 -0.8325
vn 0.1613 0.9719 0.1715
vn 0.0669 0.9973 -0.0318
vn -0.2757 0.6364 -0.7204
vn -0.0820 -0.9686 -0.2349
vn -0.1555 -0.8319 -0.5326
vn 0.2093 0.8507 0.4822
vn 0.1722 0.6114 0.7724
vn -0.0989 -0.9229 0.3722
vn -0.0677 -0.9934 0.0926
vn -0.0932 -0.6481 0.7559
vn -0.1061 -0.8040 0.5850
vn 0.1042 0.3433 0.9334
vn 0.0442 0.1244 0.9912
vn -0.0011 -0.0660 0.9978
vn -0.0405 -0.2518 0.9669
vn -0.0682 -0.4593 0.8857
vn 0.4928 0.0240 0.8698
vn 0.5713 -0.7651 -0.2970
vn 0.5548 -0.7986 -0.2333
vn 0.5789 -0.7673 -0.2757
vn 0.6093 -0.7453 -0.2706
vn 0.6674 0.2253 -0.7098
vn -0.0131 0.0936 0.9955
vn -0.4400 0.8920 -0.1033
vn -0.4268 0.9007 -0.0818
vn -0.4037 -0.1210 0.9068
vn -0.9668 -0.2107 0.1449
vn -0.9890 -0.1314 0.0685
vn -0.2495 0.4889 0.8359
vn -0.9784 -0.2058 0.0192
vn -0.0521 -0.0824 0.9952
vt 0.038232 0.950327
vt 0.038232 0.950327
vt 0.038232 0.950327
vt 0.038232 0.950327
vt 0.038232 0.950327
vt 0.038232 0.950327
vt 0.038232 0.950327
vt 0.038232 0.950327
vt 0.038232 0.950327
vt 0.038232 0.950327
vt 0.038232 0.950327
vt 0.038232 0.950327
vt 0.038232 0.950326
vt 0.038232 0.950327
vt 0.038232 0.950327
vt 0.038232 0.950327
vt 0.038232 0.950327
vt 0.038232 0.950326
vt 0.038232 0.950326
vt 0.038232 0.950327
vt 0.038232 0.950327
vt 0.038232 0.950327
vt 0.038232 0.950327
vt 0.038232 0.950327
vt 0.038232 0.950327
vt 0.038232 0.950326
vt 0.038232 0.950327
vt 0.352897 0.338659
vt 0.311190 0.359921
vt 0.311191 0.338659
vt 0.353089 0.359921
vt 0.311184 0.381184
vt 0.267174 0.381184
vt 0.269332 0.359921
vt 0.269529 0.338659
vt 0.230203 0.359921
vt 0.230198 0.338659
vt 0.230229 0.381184
vt 0.193284 0.381184
vt 0.190901 0.359921
vt 0.190684 0.338659
vt 1.000172 0.350327
vt 0.958357 0.330331
vt 1.000172 0.330331
vt 1.000172 0.370323
vt 0.958390 0.350327
vt 0.958553 0.370323
vt 0.915498 0.350327
vt 0.915367 0.330331
vt 0.870709 0.330331
vt 0.916935 0.370323
vt 0.870693 0.350327
vt 0.870613 0.370323
vt 0.826435 0.350327
vt 0.826630 0.330331
vt 0.663226 0.330331
vt 0.622589 0.350327
vt 0.622586 0.330331
vt 0.662824 0.370323
vt 0.663192 0.350327
vt 0.622603 0.370323
vt 0.581894 0.350327
vt 0.581849 0.330331
vt 0.540497 0.330331
vt 0.582382 0.370323
vt 0.540508 0.350327
vt 0.540564 0.370323
vt 0.498746 0.350327
vt 0.498746 0.330331
vt 0.148253 0.359921
vt 0.148195 0.338659
vt 0.148540 0.381184
vt 0.103796 0.381184
vt 0.103653 0.359921
vt 0.103640 0.338659
vt 0.058564 0.338659
vt 0.058568 0.359921
vt 0.058584 0.381184
vt 0.013372 0.359921
vt 0.013372 0.338659
vt 0.785155 0.350327
vt 0.785189 0.330331
vt 0.824291 0.370323
vt 0.784985 0.370323
vt 0.745030 0.350327
vt 0.744971 0.330331
vt 0.429628 0.359921
vt 0.392053 0.338659
vt 0.429646 0.338659
vt 0.429432 0.381184
vt 0.392096 0.359921
vt 0.392313 0.381184
vt 0.704219 0.350327
vt 0.704213 0.330331
vt 0.704251 0.370323
vt 0.504950 0.359921
vt 0.467218 0.338659
vt 0.504950 0.338659
vt 0.467191 0.381184
vt 0.467214 0.359921
vt 0.858813 0.925161
vt 0.850659 0.882267
vt 0.893150 0.902249
vt 0.782833 0.906216
vt 0.820823 0.915688
vt 0.806595 0.862003
vt 0.879625 0.842769
vt 0.927487 0.879337
vt 0.739317 0.886764
vt 0.695801 0.867313
vt 0.759257 0.839563
vt 0.709495 0.817055
vt 0.779025 0.788494
vt 0.831058 0.815012
vt 0.646594 0.847150
vt 0.597386 0.826986
vt 0.657888 0.796261
vt 0.605369 0.777141
vt 0.669074 0.742700
vt 0.724530 0.763927
vt 0.548335 0.808414
vt 0.499284 0.789841
vt 0.552428 0.760452
vt 0.499284 0.752425
vt 0.556285 0.708466
vt 0.612971 0.724137
vt 0.956693 0.824790
vt 0.906882 0.789820
vt 0.854583 0.758174
vt 0.935122 0.724294
vt 0.985898 0.770242
vt 0.779025 0.788494
vt 0.854583 0.758174
vt 0.831058 0.815012
vt 0.724530 0.763927
vt 0.798294 0.729834
vt 0.739478 0.705075
vt 0.818440 0.662682
vt 0.879066 0.690547
vt 0.669074 0.742700
vt 0.612971 0.724137
vt 0.679955 0.684150
vt 0.620054 0.666038
vt 0.691134 0.619534
vt 0.755110 0.639361
vt 0.556285 0.708466
vt 0.499284 0.701611
vt 0.559774 0.650810
vt 0.499284 0.644156
vt 0.563151 0.587281
vt 0.627092 0.602094
vt 1.024878 0.681810
vt 0.879066 0.690547
vt 0.967282 0.645177
vt 0.906747 0.612821
vt 1.001803 0.559392
vt 1.063859 0.593377
vt 0.818440 0.662682
vt 0.755110 0.639361
vt 0.840860 0.587492
vt 0.772235 0.566729
vt 0.864987 0.507447
vt 0.939748 0.525406
vt 0.691134 0.619534
vt 0.627092 0.602094
vt 0.703173 0.548756
vt 0.634458 0.532457
vt 0.715663 0.474454
vt 0.790226 0.489488
vt 0.563151 0.587281
vt 0.499284 0.580778
vt 0.566662 0.518188
vt 0.499284 0.511369
vt 0.570192 0.445364
vt 0.641099 0.459420
vt 0.504950 0.243539
vt 0.467218 0.217181
vt 0.504950 0.217181
vt 0.467218 0.243539
vt 0.429646 0.217181
vt 0.429646 0.190454
vt 0.467218 0.190454
vt 0.504950 0.190454
vt 0.230198 0.243539
vt 0.269529 0.217181
vt 0.269529 0.243539
vt 0.190684 0.243539
vt 0.230198 0.217181
vt 0.190684 0.217181
vt 0.230198 0.190454
vt 0.269529 0.190454
vt 0.958357 0.240877
vt 1.000172 0.216146
vt 1.000172 0.240877
vt 0.915367 0.240877
vt 0.958357 0.216098
vt 0.915367 0.216088
vt 0.958357 0.190992
vt 1.000172 0.191415
vt 0.148195 0.243539
vt 0.103640 0.243539
vt 0.148195 0.217181
vt 0.103640 0.217181
vt 0.148195 0.190454
vt 0.190684 0.190454
vt 0.915367 0.240877
vt 0.870709 0.216088
vt 0.915367 0.216088
vt 0.870709 0.240877
vt 0.826630 0.216088
vt 0.826630 0.190953
vt 0.870709 0.190953
vt 0.915367 0.190953
vt 0.429646 0.243539
vt 0.392053 0.217181
vt 0.392053 0.243539
vt 0.352897 0.217181
vt 0.392053 0.190454
vt 0.622586 0.240877
vt 0.663226 0.216088
vt 0.663226 0.240877
vt 0.581849 0.240877
vt 0.622586 0.216088
vt 0.581849 0.216088
vt 0.622586 0.190953
vt 0.663226 0.190953
vt 0.785189 0.240877
vt 0.826630 0.240877
vt 0.744971 0.240877
vt 0.785189 0.216088
vt 0.744971 0.216088
vt 0.785189 0.190953
vt 0.058564 0.243539
vt 0.103640 0.217181
vt 0.103640 0.243539
vt 0.013372 0.243539
vt 0.058564 0.217191
vt 0.013372 0.217242
vt 0.058564 0.190495
vt 0.103640 0.190454
vt 0.704213 0.240877
vt 0.704213 0.216088
vt 0.704213 0.190953
vt 0.744971 0.190953
vt 0.311191 0.243539
vt 0.352897 0.243539
vt 0.311191 0.217181
vt 0.311191 0.190454
vt 0.352897 0.190454
vt 0.540497 0.240877
vt 0.498746 0.216088
vt 0.540497 0.216088
vt 0.498746 0.190953
vt 0.540497 0.190953
vt 0.581849 0.190953
vt 0.744971 0.139183
vt 0.704213 0.113374
vt 0.744971 0.113374
vt 0.704213 0.139183
vt 0.663226 0.113374
vt 0.663226 0.089405
vt 0.704213 0.089405
vt 0.744971 0.089405
vt 0.663226 0.139183
vt 0.622586 0.113374
vt 0.622586 0.139183
vt 0.581849 0.113374
vt 0.581849 0.089405
vt 0.622586 0.089405
vt 0.058564 0.135405
vt 0.103640 0.107961
vt 0.103640 0.135405
vt 0.013372 0.135405
vt 0.058564 0.107907
vt 0.013372 0.107635
vt 0.058564 0.082257
vt 0.103640 0.082474
vt 0.311191 0.135405
vt 0.352897 0.107961
vt 0.352897 0.135405
vt 0.269529 0.135405
vt 0.311191 0.107961
vt 0.269529 0.107961
vt 0.311191 0.082474
vt 0.352897 0.082474
vt 0.504950 0.135405
vt 0.467218 0.107961
vt 0.504950 0.107961
vt 0.467218 0.135405
vt 0.429646 0.107961
vt 0.429646 0.082474
vt 0.467218 0.082474
vt 0.504950 0.082474
vt 0.581849 0.139183
vt 0.540497 0.113374
vt 0.540497 0.139184
vt 0.498746 0.113374
vt 0.498746 0.089405
vt 0.540497 0.089405
vt 0.392053 0.135405
vt 0.429646 0.135405
vt 0.392053 0.107961
vt 0.392053 0.082474
vt 0.230198 0.135405
vt 0.190684 0.135405
vt 0.230198 0.107961
vt 0.190684 0.107961
vt 0.230198 0.082474
vt 0.269529 0.082474
vt 0.958357 0.139183
vt 1.000172 0.113068
vt 1.000172 0.139183
vt 0.915367 0.113374
vt 0.958357 0.113323
vt 0.915367 0.089405
vt 0.958357 0.089201
vt 1.000172 0.086952
vt 0.826630 0.139183
vt 0.785189 0.113374
vt 0.826630 0.113374
vt 0.785189 0.139183
vt 0.785189 0.089405
vt 0.826630 0.089405
vt 0.148195 0.135405
vt 0.103640 0.135405
vt 0.148195 0.107961
vt 0.103640 0.107961
vt 0.148195 0.082474
vt 0.190684 0.082474
vt 0.915367 0.139183
vt 0.870709 0.113374
vt 0.915367 0.113374
vt 0.870709 0.139183
vt 0.870709 0.089405
vt 0.915367 0.089405
vt 0.230198 0.039978
vt 0.269332 0.020034
vt 0.269529 0.039978
vt 0.190684 0.039978
vt 0.230203 0.020034
vt 0.190901 0.020034
vt 0.230229 0.000090
vt 0.267174 0.000090
vt 1.000172 0.049440
vt 0.958390 0.030684
vt 1.000172 0.030684
vt 0.958357 0.049440
vt 0.915498 0.030684
vt 0.916935 0.011928
vt 0.958553 0.011928
vt 1.000172 0.011928
vt 0.826630 0.049440
vt 0.785155 0.030684
vt 0.826435 0.030684
vt 0.785189 0.049440
vt 0.745030 0.030684
vt 0.745678 0.011928
vt 0.784985 0.011928
vt 0.824291 0.011928
vt 0.148195 0.039978
vt 0.103640 0.039978
vt 0.148253 0.020034
vt 0.103653 0.020034
vt 0.148540 0.000090
vt 0.193284 0.000090
vt 0.915367 0.049440
vt 0.870693 0.030684
vt 0.870709 0.049440
vt 0.870613 0.011928
vt 0.744971 0.049440
vt 0.704219 0.030684
vt 0.704213 0.049440
vt 0.663192 0.030684
vt 0.662824 0.011928
vt 0.704251 0.011928
vt 0.663226 0.049440
vt 0.622589 0.030684
vt 0.622586 0.049440
vt 0.581894 0.030684
vt 0.582382 0.011928
vt 0.622603 0.011928
vt 0.058564 0.039978
vt 0.013372 0.039978
vt 0.058568 0.020034
vt 0.013372 0.020034
vt 0.058584 0.000090
vt 0.103796 0.000090
vt 0.311191 0.039978
vt 0.353089 0.020034
vt 0.352897 0.039978
vt 0.311190 0.020034
vt 0.311184 0.000090
vt 0.355194 0.000090
vt 0.504950 0.039978
vt 0.467214 0.020034
vt 0.504950 0.020034
vt 0.467218 0.039978
vt 0.429628 0.020034
vt 0.429432 0.000090
vt 0.467191 0.000090
vt 0.504950 0.000090
vt 0.581849 0.049440
vt 0.540508 0.030684
vt 0.540497 0.049440
vt 0.498746 0.030684
vt 0.498746 0.011928
vt 0.540564 0.011928
vt 0.392053 0.039978
vt 0.429646 0.039978
vt 0.392096 0.020034
vt 0.392313 0.000090
vt 0.657004 0.338659
vt 0.698711 0.359921
vt 0.656812 0.359921
vt 0.698710 0.338659
vt 0.740568 0.359921
vt 0.742727 0.381184
vt 0.698717 0.381184
vt 0.654706 0.381184
vt 0.740372 0.338659
vt 0.779698 0.359921
vt 0.779703 0.338659
vt 0.819000 0.359921
vt 0.816617 0.381184
vt 0.779672 0.381184
vt 0.039134 0.330331
vt -0.002680 0.350327
vt -0.002680 0.330331
vt 0.082124 0.330331
vt 0.039101 0.350327
vt 0.081994 0.350327
vt 0.038938 0.370323
vt -0.002680 0.370323
vt 0.126782 0.330331
vt 0.170862 0.330331
vt 0.126798 0.350327
vt 0.171057 0.350327
vt 0.126878 0.370323
vt 0.080557 0.370323
vt 0.334266 0.330331
vt 0.374902 0.350327
vt 0.334299 0.350327
vt 0.374905 0.330331
vt 0.415598 0.350327
vt 0.374889 0.370323
vt 0.334668 0.370323
vt 0.415642 0.330331
vt 0.456983 0.350327
vt 0.456994 0.330331
vt 0.498746 0.350327
vt 0.498746 0.370323
vt 0.456928 0.370323
vt 0.415110 0.370323
vt 0.819217 0.338659
vt 0.861648 0.359921
vt 0.861706 0.338659
vt 0.906248 0.359921
vt 0.906105 0.381184
vt 0.861361 0.381184
vt 0.951337 0.338659
vt 0.906261 0.338659
vt 0.996529 0.338659
vt 0.951334 0.359921
vt 0.996529 0.359921
vt 0.951317 0.381184
vt 0.212303 0.330331
vt 0.252461 0.350327
vt 0.212337 0.350327
vt 0.212507 0.370323
vt 0.173200 0.370323
vt 0.580255 0.338659
vt 0.617805 0.359921
vt 0.580273 0.359921
vt 0.617848 0.338659
vt 0.617588 0.381184
vt 0.580468 0.381184
vt 0.293279 0.330331
vt 0.252520 0.330331
vt 0.293272 0.350327
vt 0.293240 0.370323
vt 0.251813 0.370323
vt 0.504950 0.338659
vt 0.542687 0.359921
vt 0.504950 0.359921
vt 0.542683 0.338659
vt 0.542709 0.381184
vt 0.504950 0.381184
vt 0.139754 0.925161
vt 0.147908 0.882267
vt 0.177744 0.915688
vt 0.105417 0.902249
vt 0.118942 0.842769
vt 0.191972 0.862003
vt 0.215734 0.906216
vt 0.259250 0.886764
vt 0.167509 0.815012
vt 0.239310 0.839563
vt 0.219542 0.788494
vt 0.289073 0.817055
vt 0.302766 0.867313
vt 0.351974 0.847150
vt 0.274037 0.763927
vt 0.340679 0.796261
vt 0.329493 0.742700
vt 0.393198 0.777141
vt 0.401181 0.826986
vt 0.450232 0.808414
vt 0.385597 0.724137
vt 0.446139 0.760452
vt 0.442282 0.708466
vt 0.499284 0.752425
vt 0.041875 0.824790
vt 0.071080 0.879337
vt 0.012670 0.770242
vt 0.091686 0.789820
vt 0.063446 0.724294
vt 0.143984 0.758174
vt 0.143984 0.758174
vt 0.219542 0.788494
vt 0.119502 0.690547
vt 0.200273 0.729834
vt 0.180127 0.662682
vt 0.259089 0.705075
vt 0.274037 0.763927
vt 0.329493 0.742700
vt 0.243457 0.639361
vt 0.318612 0.684150
vt 0.307434 0.619534
vt 0.378513 0.666038
vt 0.385597 0.724137
vt 0.442282 0.708466
vt 0.371475 0.602094
vt 0.438793 0.650810
vt 0.435416 0.587281
vt 0.499284 0.701611
vt -0.026311 0.681810
vt -0.065291 0.593377
vt 0.031285 0.645177
vt -0.003236 0.559392
vt 0.091821 0.612821
vt 0.119502 0.690547
vt 0.058819 0.525406
vt 0.157708 0.587492
vt 0.133580 0.507447
vt 0.226333 0.566729
vt 0.243457 0.639361
vt 0.307434 0.619534
vt 0.208341 0.489488
vt 0.295395 0.548756
vt 0.282904 0.474454
vt 0.364110 0.532457
vt 0.371475 0.602094
vt 0.435416 0.587281
vt 0.357468 0.459420
vt 0.431905 0.518188
vt 0.428376 0.445364
vt 0.504950 0.217181
vt 0.542683 0.243539
vt 0.504950 0.243539
vt 0.504950 0.190454
vt 0.542683 0.217181
vt 0.542683 0.190454
vt 0.580255 0.217181
vt 0.580255 0.243539
vt 0.740372 0.217181
vt 0.779703 0.243539
vt 0.740372 0.243539
vt 0.740372 0.190454
vt 0.779703 0.217181
vt 0.779703 0.190454
vt 0.819217 0.217181
vt 0.819217 0.243539
vt -0.002680 0.240877
vt 0.039134 0.216098
vt 0.039134 0.240877
vt -0.002680 0.216146
vt 0.039134 0.190992
vt 0.082124 0.190954
vt 0.082124 0.216088
vt 0.082124 0.240877
vt 0.861706 0.243539
vt 0.819217 0.190454
vt 0.861706 0.217181
vt 0.861706 0.190454
vt 0.906261 0.217181
vt 0.906261 0.243539
vt 0.126782 0.216088
vt 0.126782 0.240877
vt 0.082124 0.216088
vt 0.126782 0.190954
vt 0.170862 0.216088
vt 0.170862 0.240877
vt 0.617848 0.243539
vt 0.580255 0.190454
vt 0.617848 0.217181
vt 0.617848 0.190454
vt 0.657004 0.217181
vt 0.657004 0.243539
vt 0.334266 0.216088
vt 0.374905 0.240877
vt 0.334266 0.240877
vt 0.334266 0.190954
vt 0.374905 0.216088
vt 0.374905 0.190954
vt 0.415642 0.216088
vt 0.415642 0.240877
vt 0.212303 0.240877
vt 0.170862 0.190954
vt 0.212303 0.216088
vt 0.212303 0.190954
vt 0.252520 0.216088
vt 0.252520 0.240877
vt 0.906261 0.217181
vt 0.951337 0.243539
vt 0.906261 0.243539
vt 0.906261 0.190454
vt 0.951337 0.217191
vt 0.951337 0.190495
vt 0.996529 0.217242
vt 0.996529 0.243539
vt 0.293279 0.240877
vt 0.252520 0.190954
vt 0.293278 0.216088
vt 0.293279 0.190954
vt 0.698710 0.243539
vt 0.657004 0.190454
vt 0.698710 0.217181
vt 0.698710 0.190454
vt 0.456994 0.240877
vt 0.415642 0.190954
vt 0.456994 0.216088
vt 0.456994 0.190954
vt 0.498746 0.216088
vt 0.498746 0.240877
vt 0.252520 0.139184
vt 0.293278 0.113374
vt 0.293279 0.139184
vt 0.252520 0.113374
vt 0.293279 0.089405
vt 0.334266 0.113374
vt 0.334266 0.139184
vt 0.374905 0.139184
vt 0.334266 0.089405
vt 0.374905 0.113374
vt 0.374905 0.089405
vt 0.415642 0.113374
vt 0.415642 0.139184
vt 0.906261 0.107961
vt 0.951337 0.135405
vt 0.906261 0.135405
vt 0.906261 0.082474
vt 0.951337 0.107907
vt 0.951337 0.082257
vt 0.996529 0.107635
vt 0.996529 0.135405
vt 0.657004 0.107961
vt 0.698710 0.135405
vt 0.657004 0.135405
vt 0.657004 0.082474
vt 0.698710 0.107961
vt 0.698710 0.082474
vt 0.740372 0.107961
vt 0.740372 0.135405
vt 0.504950 0.107961
vt 0.542683 0.135405
vt 0.542683 0.107961
vt 0.542683 0.082474
vt 0.580255 0.107961
vt 0.580255 0.135405
vt 0.456994 0.139184
vt 0.415642 0.089405
vt 0.456994 0.113374
vt 0.456994 0.089405
vt 0.498746 0.113374
vt 0.498746 0.139184
vt 0.617848 0.135405
vt 0.580255 0.082474
vt 0.617848 0.107961
vt 0.617848 0.082474
vt 0.779703 0.135405
vt 0.740372 0.082474
vt 0.779703 0.107961
vt 0.779703 0.082474
vt 0.819217 0.107961
vt 0.819217 0.135405
vt -0.002680 0.113068
vt 0.039134 0.139184
vt -0.002680 0.139184
vt -0.002680 0.086952
vt 0.039134 0.113323
vt 0.082124 0.089405
vt 0.082124 0.113374
vt 0.082124 0.139184
vt 0.170862 0.139184
vt 0.212303 0.113374
vt 0.212303 0.139184
vt 0.170862 0.113374
vt 0.212303 0.089405
vt 0.252520 0.089405
vt 0.861706 0.135405
vt 0.819217 0.082474
vt 0.861706 0.107961
vt 0.861706 0.082474
vt 0.906261 0.107961
vt 0.906261 0.135405
vt 0.082124 0.139184
vt 0.126782 0.113374
vt 0.126782 0.139184
vt 0.082124 0.113374
vt 0.126782 0.089405
vt 0.170862 0.089405
vt 0.740568 0.020034
vt 0.779703 0.039978
vt 0.740372 0.039978
vt 0.742727 0.000090
vt 0.779698 0.020034
vt 0.779672 0.000090
vt 0.819000 0.020034
vt 0.819217 0.039978
vt -0.002680 0.049440
vt 0.039101 0.030684
vt 0.039134 0.049440
vt -0.002680 0.030684
vt 0.038938 0.011928
vt 0.080557 0.011928
vt 0.081994 0.030684
vt 0.082124 0.049440
vt 0.170862 0.049440
vt 0.212337 0.030684
vt 0.212303 0.049440
vt 0.171057 0.030684
vt 0.212507 0.011928
vt 0.251813 0.011928
vt 0.252461 0.030684
vt 0.252520 0.049440
vt 0.861706 0.039978
vt 0.816617 0.000090
vt 0.861648 0.020034
vt 0.861361 0.000090
vt 0.906248 0.020034
vt 0.906261 0.039978
vt 0.126798 0.030684
vt 0.126782 0.049440
vt 0.126878 0.011928
vt 0.173200 0.011928
vt 0.293272 0.030684
vt 0.293279 0.049440
vt 0.293240 0.011928
vt 0.334668 0.011928
vt 0.334299 0.030684
vt 0.334266 0.049440
vt 0.374905 0.049440
vt 0.374902 0.030684
vt 0.374889 0.011928
vt 0.415598 0.030684
vt 0.415642 0.049440
vt 0.951337 0.039978
vt 0.906105 0.000090
vt 0.951334 0.020034
vt 0.951317 0.000090
vt 0.996529 0.020034
vt 0.996529 0.039978
vt 0.656812 0.020034
vt 0.698710 0.039978
vt 0.657004 0.039978
vt 0.654706 0.000090
vt 0.698711 0.020034
vt 0.698717 0.000090
vt 0.504950 0.020034
vt 0.542683 0.039978
vt 0.542687 0.020034
vt 0.542709 0.000090
vt 0.580273 0.020034
vt 0.580255 0.039978
vt 0.456994 0.049440
vt 0.415110 0.011928
vt 0.456983 0.030684
vt 0.456928 0.011928
vt 0.498746 0.049440
vt 0.617848 0.039978
vt 0.580468 0.000090
vt 0.617804 0.020034
vt 0.617587 0.000090
vt 0.082124 0.165242
vt 0.126782 0.165242
vt 0.170862 0.165242
vt 0.819217 0.163114
vt 0.861706 0.163114
vt 0.906261 0.163114
vt 0.906261 0.190454
vt 0.212303 0.165242
vt 0.252520 0.165242
vt -0.002680 0.191415
vt 0.039134 0.165251
vt -0.002680 0.165299
vt 0.082124 0.165242
vt 0.740372 0.163114
vt 0.779703 0.163114
vt 0.580255 0.163114
vt 0.617848 0.163114
vt 0.657004 0.163114
vt 0.415642 0.165242
vt 0.456994 0.165242
vt 0.498746 0.165242
vt 0.504950 0.163114
vt 0.542683 0.163114
vt 0.698710 0.163114
vt 0.906261 0.163114
vt 0.951337 0.163124
vt 0.996529 0.163175
vt 0.996529 0.190945
vt 0.334266 0.165242
vt 0.374905 0.165242
vt 0.293278 0.165242
vt 0.870709 0.165242
vt 0.915367 0.165242
vt 0.826630 0.165242
vt 0.190684 0.163114
vt 0.103640 0.190454
vt 0.148195 0.163114
vt 0.103640 0.163114
vt 0.785189 0.165242
vt 1.000172 0.165299
vt 0.915367 0.165242
vt 0.958357 0.165251
vt 0.915367 0.139183
vt 0.269529 0.163114
vt 0.230198 0.163114
vt 0.429646 0.163114
vt 0.392053 0.163114
vt 0.352897 0.163114
vt 0.540497 0.165242
vt 0.581849 0.165242
vt 0.498746 0.165242
vt 0.467218 0.163114
vt 0.504950 0.163114
vt 0.311191 0.163114
vt 0.103640 0.163114
vt 0.013372 0.190945
vt 0.058564 0.163124
vt 0.013372 0.163175
vt 0.622586 0.165242
vt 0.663226 0.165242
vt 0.744971 0.165242
vt 0.704213 0.165242
vt 0.580255 0.060248
vt 0.580255 0.039978
vt 0.617848 0.060248
vt 0.617848 0.039978
vt 0.657004 0.060248
vt 0.415642 0.068503
vt 0.415642 0.049440
vt 0.456994 0.068503
vt 0.456994 0.049440
vt 0.498746 0.068503
vt 0.498746 0.089405
vt 0.504950 0.060248
vt 0.542683 0.060248
vt 0.542683 0.039978
vt 0.657004 0.039978
vt 0.698710 0.060248
vt 0.698710 0.039978
vt 0.740372 0.060248
vt 0.906261 0.060248
vt 0.951337 0.060193
vt 0.996529 0.059922
vt 0.996529 0.079865
vt 0.334266 0.068503
vt 0.334266 0.049440
vt 0.374905 0.068503
vt 0.374905 0.049440
vt 0.293278 0.068503
vt 0.252520 0.068503
vt 0.293279 0.049440
vt 0.082124 0.089405
vt 0.126782 0.068503
vt 0.082124 0.068503
vt 0.126782 0.049440
vt 0.170862 0.068503
vt 0.819217 0.060248
vt 0.819217 0.039978
vt 0.861706 0.060248
vt 0.861706 0.039978
vt 0.906261 0.060248
vt 0.906261 0.082474
vt 0.212303 0.068503
vt 0.212303 0.049440
vt -0.002680 0.068196
vt 0.039134 0.089201
vt 0.039134 0.068451
vt 0.082124 0.068503
vt 0.779703 0.060248
vt 0.779703 0.039978
vt 0.429646 0.060248
vt 0.392053 0.060248
vt 0.352897 0.060248
vt 0.392053 0.039978
vt 0.429646 0.039978
vt 0.540497 0.068503
vt 0.581849 0.068503
vt 0.498746 0.068503
vt 0.498746 0.049440
vt 0.540497 0.049440
vt 0.581849 0.049440
vt 0.467218 0.060248
vt 0.504950 0.060248
vt 0.311191 0.060248
vt 0.269529 0.060248
vt 0.311191 0.039978
vt 0.103640 0.060248
vt 0.013372 0.079865
vt 0.058564 0.060193
vt 0.013372 0.059922
vt 0.622586 0.068503
vt 0.663226 0.068503
vt 0.622586 0.049440
vt 0.704213 0.068503
vt 0.744971 0.068503
vt 0.704213 0.049440
vt 0.744971 0.049440
vt 0.870709 0.068503
vt 0.915367 0.068503
vt 0.826630 0.068503
vt 0.826630 0.049440
vt 0.915367 0.049440
vt 0.190684 0.060248
vt 0.103640 0.082474
vt 0.148195 0.060248
vt 0.103640 0.060248
vt 0.148195 0.039978
vt 0.785189 0.068503
vt 1.000172 0.068196
vt 0.915367 0.068503
vt 0.958357 0.068451
vt 0.230198 0.060248
vt 0.230198 0.039978
vt 0.415642 0.265411
vt 0.456994 0.288761
vt 0.415642 0.288761
vt 0.456994 0.265411
vt 0.498746 0.265411
vt 0.498746 0.288761
vt 0.657004 0.269627
vt 0.698710 0.294456
vt 0.657004 0.294456
vt 0.698710 0.269627
vt 0.740372 0.269627
vt 0.740372 0.294456
vt 0.252520 0.288761
vt 0.293278 0.265411
vt 0.293279 0.288761
vt 0.252520 0.265411
vt 0.334266 0.265411
vt 0.334266 0.288761
vt 0.906261 0.294456
vt 0.951337 0.269662
vt 0.951337 0.294596
vt 0.906261 0.269627
vt 0.996529 0.269837
vt 0.996529 0.296134
vt 0.170862 0.265411
vt 0.212303 0.288761
vt 0.170862 0.288761
vt 0.212303 0.265411
vt 0.374905 0.265411
vt 0.374905 0.288761
vt 0.580255 0.269627
vt 0.617848 0.294456
vt 0.580255 0.294456
vt 0.617848 0.269627
vt 0.082124 0.288761
vt 0.126782 0.265411
vt 0.126782 0.288761
vt 0.082124 0.265411
vt 0.819217 0.269627
vt 0.861706 0.294456
vt 0.819217 0.294456
vt 0.861706 0.269627
vt 0.906261 0.269627
vt 0.906261 0.294456
vt -0.002680 0.290339
vt 0.039134 0.265444
vt 0.039134 0.288892
vt -0.002680 0.265608
vt 0.082124 0.288761
vt 0.779703 0.294456
vt 0.779703 0.269627
vt 0.504950 0.269627
vt 0.542683 0.294456
vt 0.504950 0.294456
vt 0.542683 0.269627
vt 0.540497 0.288761
vt 0.581849 0.265411
vt 0.581849 0.288761
vt 0.498746 0.288761
vt 0.540497 0.265411
vt 0.498746 0.265411
vt 0.311191 0.294456
vt 0.352897 0.269627
vt 0.352897 0.294456
vt 0.269529 0.294456
vt 0.311191 0.269627
vt 0.269529 0.269627
vt 0.704213 0.288760
vt 0.744971 0.265411
vt 0.744971 0.288760
vt 0.663226 0.288760
vt 0.704213 0.265411
vt 0.663226 0.265411
vt 0.058564 0.294596
vt 0.103640 0.269627
vt 0.103640 0.294456
vt 0.013372 0.296134
vt 0.058564 0.269662
vt 0.013372 0.269837
vt 0.826630 0.288760
vt 0.785189 0.265411
vt 0.826630 0.265411
vt 0.785189 0.288760
vt 0.622586 0.288761
vt 0.622586 0.265411
vt 0.429646 0.294456
vt 0.392053 0.269627
vt 0.429646 0.269627
vt 0.392053 0.294456
vt 0.870709 0.288760
vt 0.915367 0.265411
vt 0.915367 0.288760
vt 0.870709 0.265411
vt 0.148195 0.294456
vt 0.190684 0.269627
vt 0.190684 0.294456
vt 0.103640 0.294456
vt 0.148195 0.269627
vt 0.103640 0.269627
vt 0.958357 0.288892
vt 1.000172 0.265608
vt 1.000172 0.290339
vt 0.915367 0.288760
vt 0.958357 0.265443
vt 0.915367 0.265411
vt 0.230198 0.294456
vt 0.230198 0.269627
vt 0.467218 0.269627
vt 0.467218 0.294456
vt 0.504950 0.294456
vt 0.542683 0.317187
vt 0.504950 0.317187
vt 0.542683 0.294456
vt 0.580255 0.317187
vt 0.542683 0.338659
vt 0.252520 0.288761
vt 0.293279 0.310138
vt 0.252520 0.310138
vt 0.334266 0.288761
vt 0.334266 0.310138
vt 0.293279 0.330331
vt 0.252520 0.330331
vt 0.580255 0.294456
vt 0.617848 0.317187
vt 0.617848 0.294456
vt 0.657004 0.317187
vt 0.657004 0.338659
vt 0.617848 0.338659
vt 0.170862 0.288761
vt 0.212303 0.310138
vt 0.170862 0.310138
vt 0.212303 0.330331
vt 0.170862 0.330331
vt 0.951337 0.294596
vt 0.906261 0.317187
vt 0.906261 0.294456
vt 0.951337 0.317222
vt 0.996529 0.317396
vt 0.819217 0.294456
vt 0.861706 0.317187
vt 0.819217 0.317187
vt 0.861706 0.294456
vt 0.906261 0.317187
vt 0.906261 0.338659
vt 0.861706 0.338659
vt 0.819217 0.338659
vt 0.415642 0.288761
vt 0.456994 0.310138
vt 0.415642 0.310138
vt 0.456994 0.288761
vt 0.498746 0.310138
vt 0.498746 0.330331
vt 0.456994 0.330331
vt 0.415642 0.330331
vt 0.374905 0.310138
vt 0.374905 0.288761
vt 0.374905 0.330331
vt 0.334266 0.330331
vt 0.082124 0.310138
vt 0.082124 0.288761
vt 0.126782 0.310138
vt 0.126782 0.330331
vt 0.082124 0.330331
vt -0.002680 0.310335
vt 0.039134 0.310170
vt 0.082124 0.310138
vt 0.740372 0.294456
vt 0.779703 0.317187
vt 0.740372 0.317187
vt 0.779703 0.294456
vt 0.779703 0.338659
vt 0.657004 0.294456
vt 0.698710 0.317187
vt 0.698710 0.294456
vt 0.698710 0.338659
vt 0.504950 0.317187
vt 0.467218 0.294456
vt 0.467218 0.317187
vt 0.467218 0.338659
vt 0.429646 0.317187
vt 0.744971 0.288760
vt 0.704213 0.310138
vt 0.704213 0.288760
vt 0.744971 0.310138
vt 0.704213 0.330331
vt 0.663226 0.310138
vt 0.663226 0.288760
vt 0.429646 0.338659
vt 0.392053 0.317187
vt 0.392053 0.338659
vt 0.352897 0.317187
vt 0.785189 0.310138
vt 0.785189 0.288760
vt 0.826630 0.310138
vt 0.785189 0.330331
vt 0.103640 0.317187
vt 0.058564 0.294596
vt 0.103640 0.294456
vt 0.058564 0.317222
vt 0.013372 0.317396
vt 0.148195 0.317187
vt 0.190684 0.317187
vt 0.103640 0.338659
vt 0.103640 0.317187
vt 0.103640 0.294456
vt 0.581849 0.288761
vt 0.540497 0.310138
vt 0.540497 0.288761
vt 0.581849 0.310138
vt 0.540497 0.330331
vt 0.498746 0.310138
vt 0.498746 0.288761
vt 0.622586 0.310138
vt 0.622586 0.330331
vt 0.581849 0.330331
vt 0.870709 0.310138
vt 0.870710 0.288760
vt 0.915367 0.330331
vt 0.915367 0.310138
vt 0.826630 0.330331
vt 1.000172 0.310335
vt 0.958357 0.288892
vt 0.958357 0.310170
vt 0.230198 0.317187
vt 0.230198 0.294456
vt 0.269529 0.317187
vt 0.190684 0.338659
vt 0.311191 0.317187
vt 0.311191 0.294456
vt 0.269529 0.338659
vt 0.038232 0.950327
vt 0.038232 0.950327
vt 0.355194 0.381184
vt 0.013372 0.381184
vt 0.745678 0.370323
vt 0.499284 0.701611
vt 0.499284 0.431308
vt 0.915367 0.190953
vt 0.498746 0.240877
vt 0.013372 0.000090
vt 0.498746 0.049440
vt 0.498746 0.330331
vt 0.996529 0.381184
vt 0.499284 0.701611
vt 0.499284 0.580778
vt -0.002680 0.011928
vt 0.996529 0.000090
vt 0.498746 0.049440
vt 0.906261 0.039978
vt 0.906261 0.294456
vt 0.744971 0.330331
vt 0.663226 0.330331
vt 0.352897 0.338659
vt 0.870710 0.330331
s 1
f 1762/1/1 5445/2/2 1874/3/3
f 1761/1/4 5445/2/2 5312/4/5
f 1872/3/6 1878/4/7 5445/2/2
f 1874/3/3 1878/4/7 20/1/8
f 2/1/9 5446/2/10 1951/3/11
f 149/1/12 5446/2/10 1844/4/13
f 1854/3/14 1973/4/15 5446/2/10
f 5446/2/10 59/1/16 1951/3/11
f 5261/4/17 5282/3/18 1749/1/19
f 5261/4/17 1889/3/20 5447/2/21
f 5447/2/21 11/1/22 1865/4/23
f 5282/3/18 1865/4/23 1743/1/24
f 1952/4/25 1972/3/26 60/1/27
f 136/1/28 5448/2/29 1952/4/25
f 1838/3/30 1852/4/31 5448/2/29
f 5448/2/29 51/1/32 1972/3/26
f 61/1/33 5449/2/34 1971/3/35
f 1953/4/36 1851/3/37 5449/2/34
f 5449/2/34 135/1/38 1853/4/39
f 1971/3/35 1853/4/39 52/1/40
f 1954/4/41 1969/3/42 62/1/43
f 146/1/44 5450/2/45 1954/4/41
f 1839/3/46 1855/4/47 5450/2/45
f 5450/2/45 54/1/48 1969/3/42
f 63/1/49 5451/2/50 1968/3/51
f 1955/4/52 1845/3/53 5451/2/50
f 5451/2/50 5/1/54 1856/4/55
f 1968/3/51 1856/4/55 55/1/56
f 1855/4/47 1967/3/57 54/1/48
f 145/1/58 5452/2/59 1855/4/47
f 1840/3/60 1857/4/61 5452/2/59
f 5452/2/59 56/1/62 1967/3/57
f 53/1/63 5453/2/64 1966/3/65
f 1854/4/14 1846/3/66 5453/2/64
f 5453/2/64 148/1/67 1858/4/68
f 1966/3/65 1858/4/68 57/1/69
f 57/1/69 5454/2/70 1965/3/71
f 1858/4/68 1841/3/72 5454/2/70
f 1841/3/72 1954/4/41 5454/2/70
f 5454/2/70 62/1/43 1965/3/71
f 1956/4/73 1964/3/74 64/1/75
f 1/1/76 5455/2/77 1956/4/73
f 1847/3/78 1951/4/11 5455/2/77
f 1964/3/74 1951/4/11 59/1/16
f 1857/4/61 1963/3/79 56/1/62
f 147/1/80 5456/2/81 1857/4/61
f 5456/2/81 4/1/82 1859/4/83
f 1963/3/79 1859/4/83 58/1/84
f 58/1/84 5457/2/85 1962/3/86
f 1859/4/83 1848/3/87 5457/2/85
f 5457/2/85 3/1/88 1955/4/52
f 1962/3/86 1955/4/52 63/1/49
f 1852/4/31 1960/3/89 51/1/32
f 137/1/90 5458/2/91 1852/4/31
f 1843/3/92 1957/4/93 5458/2/91
f 5458/2/91 65/1/94 1960/3/89
f 52/1/40 5459/2/95 1959/3/96
f 1853/4/39 1837/3/97 5459/2/95
f 5459/2/95 136/1/28 1952/4/25
f 1959/3/96 1952/4/25 60/1/27
f 55/1/56 5460/2/98 1958/3/99
f 1856/4/55 1850/3/100 5460/2/98
f 5460/2/98 139/1/101 1953/4/36
f 1958/3/99 1953/4/36 61/1/33
f 1745/1/102 5461/2/103 5281/3/104
f 1868/4/105 1875/3/106 5461/2/103
f 1875/3/106 5263/4/107 5461/2/103
f 5281/3/104 5263/4/107 1751/1/108
f 1863/4/109 5280/3/110 1742/1/111
f 9/1/112 5462/2/113 1863/4/109
f 1876/3/114 5262/4/115 5462/2/113
f 5462/2/113 1750/1/116 5280/3/110
f 1861/4/117 5279/3/118 1741/1/119
f 7/1/120 5463/2/121 1861/4/117
f 1877/3/122 5267/4/123 5463/2/121
f 5463/2/121 1755/1/124 5279/3/118
f 65/1/94 5464/2/125 1926/3/126
f 1961/4/127 1925/3/128 5464/2/125
f 5464/2/125 49/1/129 1930/4/130
f 1926/3/126 1930/4/130 50/1/131
f 1873/4/132 5278/3/133 1748/1/134
f 19/1/135 5465/2/136 1873/4/132
f 1879/3/137 5265/4/138 5465/2/136
f 5465/2/136 1753/1/139 5278/3/133
f 1746/1/140 5466/2/141 5277/3/142
f 1870/4/143 1880/3/144 5466/2/141
f 1880/3/144 1873/4/132 5466/2/141
f 5466/2/141 1748/1/134 5277/3/142
f 5266/4/145 5276/3/146 1754/1/147
f 5266/4/145 1881/3/148 5467/2/149
f 5467/2/149 6/1/150 5261/4/17
f 5467/2/149 1749/1/19 5276/3/146
f 1871/4/151 5275/3/152 1747/1/153
f 17/1/154 5468/2/155 1871/4/151
f 1882/3/156 5264/4/157 5468/2/155
f 5468/2/155 1752/1/158 5275/3/152
f 1743/1/24 5469/2/159 5274/3/160
f 1865/4/23 1883/3/161 5469/2/159
f 1883/3/161 1871/4/151 5469/2/159
f 5469/2/159 1747/1/153 5274/3/160
f 1744/1/162 5470/2/163 5273/3/164
f 1866/4/165 1884/3/166 5470/2/163
f 5470/2/163 16/1/167 1870/4/143
f 5273/3/164 1870/4/143 1746/1/140
f 1753/1/139 5471/2/168 5272/3/169
f 15/1/170 5471/2/168 5265/4/138
f 5471/2/168 14/1/171 1868/4/105
f 5272/3/169 1868/4/105 1745/1/102
f 1752/1/158 5472/2/172 5271/3/173
f 5264/4/157 1886/3/174 5472/2/172
f 5472/2/172 12/1/175 1866/4/165
f 5271/3/173 1866/4/165 1744/1/162
f 5263/4/107 5270/3/176 1751/1/108
f 10/1/177 5473/2/178 5263/4/107
f 1887/3/179 1863/4/109 5473/2/178
f 5473/2/178 1742/1/111 5270/3/176
f 5262/4/115 5269/3/180 1750/1/116
f 8/1/181 5474/2/182 5262/4/115
f 1888/3/183 1861/4/117 5474/2/182
f 5474/2/182 1741/1/119 5269/3/180
f 5283/4/184 5311/3/185 1756/1/186
f 44/1/187 5475/2/188 5283/4/184
f 1941/3/189 1914/4/190 5475/2/188
f 5311/3/185 1914/4/190 1765/1/191
f 1957/4/93 1961/3/127 65/1/94
f 138/1/192 5476/2/193 1957/4/93
f 1849/3/194 1956/4/73 5476/2/193
f 5476/2/193 64/1/75 1961/3/127
f 1767/1/195 5477/2/196 5310/3/197
f 1916/4/198 1927/3/199 5477/2/196
f 5477/2/196 46/1/200 5285/4/201
f 5310/3/197 5285/4/201 1758/1/202
f 1913/4/203 5309/3/204 1764/1/205
f 1913/4/203 1928/3/206 5478/2/207
f 1928/3/206 5284/4/208 5478/2/207
f 5478/2/207 1757/1/209 5309/3/204
f 1912/4/210 5308/3/211 1763/1/212
f 36/1/213 5479/2/214 1912/4/210
f 1929/3/215 5289/4/216 5479/2/214
f 5479/2/214 1762/1/1 5308/3/211
f 1755/5/124 5480/1/217 1896/1/218
f 5268/6/219 1895/1/220 5480/1/217
f 5480/1/217 26/7/221 1908/5/222
f 1896/1/218 1908/5/222 27/7/223
f 1919/4/224 5307/3/225 1770/1/226
f 43/1/227 5481/2/228 1919/4/224
f 5481/2/228 48/1/229 5287/4/230
f 5481/2/228 1760/1/231 5307/3/225
f 1917/4/232 5306/3/233 1768/1/234
f 1917/4/232 1932/3/235 5482/2/236
f 1932/3/235 1919/4/224 5482/2/236
f 5482/2/236 1770/1/226 5306/3/233
f 5288/4/237 5305/3/238 1761/1/4
f 49/1/129 5483/2/239 5288/4/237
f 1933/3/240 5283/4/184 5483/2/239
f 5483/2/239 1756/1/186 5305/3/238
f 1918/4/241 5304/3/242 1769/1/243
f 42/1/244 5484/2/245 1918/4/241
f 1934/3/246 5286/4/247 5484/2/245
f 5484/2/245 1759/1/248 5304/3/242
f 1914/4/190 5303/3/249 1765/1/191
f 38/1/250 5485/2/251 1914/4/190
f 1935/3/252 1918/4/241 5485/2/251
f 5485/2/251 1769/1/243 5303/3/249
f 1766/1/253 5486/2/254 5302/3/255
f 1915/4/256 1936/3/257 5486/2/254
f 5486/2/254 41/1/258 1917/4/232
f 5302/3/255 1917/4/232 1768/1/234
f 1760/1/231 5487/2/259 5301/3/260
f 5287/4/230 1937/3/261 5487/2/259
f 5487/2/259 40/1/262 1916/4/198
f 5301/3/260 1916/4/198 1767/1/195
f 1759/1/248 5488/2/263 5300/3/264
f 5286/4/247 1938/3/265 5488/2/263
f 5488/2/263 39/1/266 1915/4/256
f 5300/3/264 1915/4/256 1766/1/253
f 5285/4/201 5299/3/267 1758/1/202
f 5285/4/201 1939/3/268 5489/2/269
f 1939/3/268 1913/4/203 5489/2/269
f 5489/2/269 1764/1/205 5299/3/267
f 5284/4/208 5298/3/270 1757/1/209
f 45/1/271 5490/2/272 5284/4/208
f 1940/3/273 1912/4/210 5490/2/272
f 5490/2/272 1763/1/212 5298/3/270
f 1920/4/274 1941/3/189 44/1/187
f 59/1/16 5491/2/275 1920/4/274
f 5491/2/275 53/1/63 1945/4/276
f 5491/2/275 38/1/250 1941/3/189
f 40/1/262 5492/2/277 1927/3/199
f 1947/4/278 1958/3/99 5492/2/277
f 5492/2/277 61/1/33 1922/4/279
f 1927/3/199 1922/4/279 46/1/200
f 37/1/280 5493/2/281 1928/3/206
f 1944/4/282 1959/3/96 5493/2/281
f 5493/2/281 60/1/27 1921/4/283
f 1928/3/206 1921/4/283 45/1/271
f 1943/4/284 1929/3/215 36/1/213
f 51/1/32 5494/2/285 1943/4/284
f 1960/3/89 1926/4/126 5494/2/285
f 5494/2/285 50/1/131 1929/3/215
f 43/1/227 5495/2/286 1931/3/287
f 1950/4/288 1962/3/86 5495/2/286
f 5495/2/286 63/1/49 1924/4/289
f 1931/3/287 1924/4/289 48/1/229
f 41/1/258 5496/2/290 1932/3/235
f 56/1/62 5496/2/290 1948/4/291
f 5496/2/290 58/1/84 1950/4/288
f 1932/3/235 1950/4/288 43/1/227
f 1925/4/128 1933/3/240 49/1/129
f 64/1/75 5497/2/292 1925/4/128
f 1964/3/74 1920/4/274 5497/2/292
f 5497/2/292 44/1/187 1933/3/240
f 1949/4/293 1934/3/246 42/1/244
f 57/1/69 5498/2/294 1949/4/293
f 1965/3/71 1923/4/295 5498/2/294
f 5498/2/294 47/1/296 1934/3/246
f 1945/4/276 1935/3/252 38/1/250
f 1945/4/276 1966/3/65 5499/2/297
f 5499/2/297 57/1/69 1949/4/293
f 5499/2/297 42/1/244 1935/3/252
f 39/1/266 5500/2/298 1936/3/257
f 54/1/48 5500/2/298 1946/4/299
f 1967/3/57 1948/4/291 5500/2/298
f 1936/3/257 1948/4/291 41/1/258
f 48/1/229 5501/2/300 1937/3/261
f 1924/4/289 1968/3/51 5501/2/300
f 5501/2/300 55/1/56 1947/4/278
f 1937/3/261 1947/4/278 40/1/262
f 47/1/296 5502/2/301 1938/3/265
f 1923/4/295 1969/3/42 5502/2/301
f 5502/2/301 54/1/48 1946/4/299
f 1938/3/265 1946/4/299 39/1/266
f 46/1/200 5503/2/302 1939/3/268
f 1922/4/279 1971/3/35 5503/2/302
f 5503/2/302 52/1/40 1944/4/282
f 1939/3/268 1944/4/282 37/1/280
f 1921/4/283 1940/3/273 45/1/271
f 60/1/27 5504/2/303 1921/4/283
f 1972/3/26 1943/4/284 5504/2/303
f 5504/2/303 36/1/213 1940/3/273
f 133/5/304 5505/8/305 2105/8/306
f 2122/2/307 1976/3/308 5505/8/305
f 5505/8/305 109/1/309 1977/2/310
f 2105/8/306 1977/2/310 68/5/311
f 2051/2/312 2043/8/313 106/5/314
f 125/1/315 5506/8/316 2051/2/312
f 2082/3/317 1980/2/318 5506/8/316
f 5506/8/316 71/5/319 2043/8/313
f 79/1/320 5507/2/321 2028/3/322
f 2148/4/323 2159/3/324 5507/2/321
f 5507/2/321 159/1/325 2063/4/326
f 2028/3/322 2063/4/326 100/1/327
f 88/1/328 5508/2/329 2042/3/330
f 2153/4/331 2158/3/332 5508/2/329
f 5508/2/329 160/1/333 2151/4/334
f 2042/3/330 2151/4/334 105/1/335
f 2030/6/336 2037/6/337 141/9/338
f 110/5/339 5509/5/340 2030/6/336
f 2016/6/341 2026/6/342 5509/5/340
f 5509/5/340 98/5/343 2037/6/337
f 91/5/344 5510/8/345 2017/8/346
f 2020/2/347 1988/3/348 5510/8/345
f 5510/8/345 76/1/349 1990/2/350
f 2017/8/346 1990/2/350 75/5/351
f 1975/2/352 2224/8/353 201/5/354
f 231/1/355 5511/8/356 1975/2/352
f 1986/3/357 1991/2/358 5511/8/356
f 5511/8/356 73/5/359 2224/8/353
f 2065/4/360 1998/5/361 78/1/362
f 161/1/363 5512/5/364 2065/4/360
f 2155/5/365 2058/8/366 5512/5/364
f 5512/5/364 80/5/367 1998/5/361
f 1983/4/368 2035/3/369 167/1/370
f 231/1/355 5513/2/371 1983/4/368
f 2274/3/372 2028/4/322 5513/2/371
f 5513/2/371 100/1/327 2035/3/369
f 225/5/373 5514/8/374 2280/8/375
f 1984/2/376 1993/3/377 5514/8/374
f 5514/8/374 78/1/362 1998/2/361
f 2280/8/375 1998/2/361 80/5/367
f 2121/2/378 2104/8/379 132/5/380
f 134/1/381 5515/8/382 2121/2/378
f 2002/3/383 2003/2/384 5515/8/382
f 5515/8/382 81/5/385 2104/8/379
f 129/5/386 5516/8/387 2088/8/388
f 2102/2/389 1999/3/390 5516/8/387
f 5516/8/387 108/1/391 2005/2/392
f 2088/8/388 2005/2/392 82/5/393
f 163/1/394 5517/2/395 2049/3/396
f 2007/4/397 2010/3/398 5517/2/395
f 5517/2/395 88/1/328 2042/4/330
f 2049/3/396 2042/4/330 105/1/335
f 151/9/399 5518/5/400 2048/6/401
f 2045/6/402 2011/6/403 5518/5/400
f 5518/5/400 87/5/404 2041/6/405
f 2048/6/401 2041/6/405 104/5/406
f 101/1/407 5519/2/408 2009/3/409
f 2062/4/410 2164/3/411 5519/2/408
f 5519/2/408 162/1/412 2153/4/331
f 2009/3/409 2153/4/331 88/1/328
f 2033/6/413 2022/5/414 93/5/415
f 124/1/416 5520/1/417 2033/6/413
f 2081/1/418 2013/6/419 5520/1/417
f 5520/1/417 84/5/420 2022/5/414
f 1991/2/358 1985/8/421 73/5/359
f 74/1/422 5521/8/423 1991/2/358
f 2016/3/341 2019/2/424 5521/8/423
f 5521/8/423 89/5/425 1985/8/421
f 128/5/426 5522/8/427 2087/8/428
f 2100/2/429 2015/3/430 5522/8/427
f 5522/8/427 90/1/431 2020/2/347
f 2087/8/428 2020/2/347 91/5/344
f 68/5/311 5523/8/432 1978/8/433
f 1977/2/310 2079/3/434 5523/8/432
f 5523/8/432 126/1/435 2032/2/436
f 1978/8/433 2032/2/436 94/5/437
f 2032/6/436 2023/5/438 94/5/437
f 126/5/435 5524/5/439 2032/6/436
f 2080/6/440 2033/6/413 5524/5/439
f 5524/5/439 93/5/415 2023/5/438
f 71/5/441 5525/8/441 2312/5/441
f 1981/8/441 2092/5/441 5525/8/441
f 5525/8/441 195/5/441 2220/8/441
f 2312/5/441 2220/8/441 196/5/441
f 84/5/441 5526/8/441 2119/5/441
f 106/5/441 5526/8/441 2006/8/441
f 5526/8/441 206/5/441 2227/8/442
f 2119/5/441 2227/8/442 207/5/441
f 182/1/443 5527/2/444 2010/3/398
f 2024/4/445 2034/3/446 5527/2/444
f 5527/2/444 101/1/407 2009/4/409
f 2010/3/398 2009/4/409 88/1/328
f 168/1/447 5528/2/448 2034/3/446
f 167/1/370 5528/2/448 2025/4/449
f 2035/3/369 2029/4/450 5528/2/448
f 2034/3/446 2029/4/450 101/1/407
f 92/1/451 5529/2/452 2011/3/403
f 2021/4/453 2036/3/454 5529/2/452
f 5529/2/452 99/1/455 2008/4/456
f 2011/3/403 2008/4/456 87/1/404
f 2031/10/457 2036/6/454 102/5/458
f 141/9/338 5530/5/459 2031/10/457
f 2037/6/337 2027/6/460 5530/5/459
f 2036/6/454 2027/6/460 99/5/455
f 100/1/327 5531/2/461 2029/3/450
f 2063/4/326 2165/3/462 5531/2/461
f 5531/2/461 158/1/463 2062/4/410
f 2029/3/450 2062/4/410 101/1/407
f 2151/4/334 1997/3/464 105/1/335
f 2151/4/334 2157/3/465 5532/2/466
f 2157/3/465 2065/4/360 5532/2/466
f 5532/2/466 78/1/362 1997/3/464
f 2213/4/467 2178/3/468 172/1/469
f 189/1/470 5533/2/471 2213/4/467
f 2216/3/472 2212/4/473 5533/2/471
f 5533/2/471 180/1/474 2178/3/468
f 130/5/475 5534/11/476 2015/6/430
f 2095/6/477 2046/12/478 5534/11/476
f 5534/11/476 151/9/399 2018/11/479
f 2015/6/430 2018/11/479 90/5/431
f 156/5/480 5535/8/481 2313/5/482
f 2147/8/483 2097/5/484 5535/8/481
f 5535/8/481 191/5/485 2268/8/486
f 2313/5/482 2268/8/486 215/5/487
f 90/5/431 5536/5/488 1988/6/348
f 2018/11/479 2048/6/401 5536/5/488
f 5536/5/488 104/5/406 1989/6/489
f 1988/6/348 1989/6/489 76/5/349
f 192/1/490 5537/2/491 1993/3/377
f 2044/4/492 2049/3/396 5537/2/491
f 5537/2/491 105/1/335 1997/4/464
f 1993/3/377 1997/4/464 78/1/362
f 2115/4/493 2002/3/383 134/1/381
f 152/1/494 5538/2/495 2115/4/493
f 2050/3/496 2004/4/497 5538/2/495
f 5538/2/495 83/1/498 2002/3/383
f 1978/8/441 2059/5/441 68/5/441
f 1978/8/441 2116/5/441 5539/8/441
f 5539/8/441 193/5/499 2219/8/441
f 5539/8/441 194/5/441 2059/5/441
f 2013/6/419 2006/5/500 84/5/420
f 123/1/501 5540/5/502 2013/6/419
f 2078/6/503 2051/6/312 5540/5/502
f 5540/5/502 106/5/314 2006/5/500
f 2165/4/462 2149/3/504 158/1/463
f 159/1/325 5541/2/505 2165/4/462
f 2150/3/506 2071/4/507 5541/2/505
f 5541/2/505 116/1/508 2149/3/504
f 2164/4/411 2066/3/509 162/1/412
f 158/1/463 5542/2/510 2164/4/411
f 2149/3/504 2074/4/511 5542/2/510
f 5542/2/510 117/1/512 2066/3/509
f 120/5/513 5543/8/514 2305/5/515
f 112/5/441 5543/8/514 2055/8/514
f 2304/5/441 2233/8/514 5543/8/514
f 2305/5/515 2233/8/514 212/5/516
f 2160/6/517 2061/1/518 157/5/519
f 156/5/520 5544/1/521 2160/6/517
f 2060/5/522 2057/1/523 5544/1/521
f 5544/1/521 121/7/524 2061/1/518
f 159/5/325 5545/6/525 2150/6/506
f 157/5/519 5545/6/525 2159/6/324
f 5545/6/525 121/7/524 2054/1/526
f 2150/6/506 2054/1/526 115/5/527
f 2158/4/332 2064/3/528 160/1/333
f 162/1/412 5546/2/529 2158/4/332
f 2066/3/509 2072/4/530 5546/2/529
f 5546/2/529 111/1/531 2064/3/528
f 2157/6/465 2152/1/532 161/5/363
f 160/5/333 5547/5/533 2157/6/465
f 2064/6/528 2067/6/534 5547/5/533
f 5547/5/533 119/7/535 2152/1/532
f 2105/8/441 2091/5/441 133/5/441
f 68/5/441 5548/8/442 2105/8/441
f 2059/5/441 2253/8/442 5548/8/442
f 5548/8/442 204/5/441 2091/5/441
f 155/5/536 5549/1/537 2144/5/538
f 2155/6/365 2152/1/532 5549/1/537
f 5549/1/537 119/7/535 2056/1/539
f 2144/5/538 2056/1/539 120/5/540
f 82/5/541 5550/8/441 2090/5/541
f 133/5/441 5550/8/441 2001/8/441
f 2091/5/441 2226/8/441 5550/8/441
f 2090/5/541 2226/8/441 205/5/541
f 2078/6/503 2076/6/542 125/5/315
f 2078/6/503 2075/13/543 5551/1/544
f 5551/1/544 85/14/545 2040/1/546
f 5551/1/544 103/5/547 2076/6/542
f 2080/6/440 1942/10/548 124/6/416
f 126/5/435 5552/5/549 2080/6/440
f 2077/6/550 1970/6/551 5552/5/549
f 5552/5/549 85/14/545 1942/10/548
f 123/6/501 5553/13/552 2075/13/543
f 124/1/416 5553/13/552 2081/11/418
f 2075/13/543 1942/10/548 85/14/545
f 97/1/553 5554/2/554 2084/3/555
f 2077/4/550 2079/3/434 5554/2/554
f 5554/2/554 109/1/309 2083/4/556
f 2084/3/555 2083/4/556 144/1/557
f 72/1/558 5555/2/559 1979/3/560
f 2082/4/317 2076/3/542 5555/2/559
f 5555/2/559 103/1/547 2085/4/561
f 1979/3/560 2085/4/561 154/1/562
f 2004/4/497 2089/3/563 83/1/498
f 153/1/564 5556/2/565 2004/4/497
f 5556/2/565 150/1/566 2095/4/477
f 5556/2/565 130/1/475 2089/3/563
f 77/5/567 5557/8/568 2097/5/484
f 1992/8/569 2307/5/570 5557/8/568
f 5557/8/568 69/5/571 2223/8/572
f 2097/5/484 2223/8/572 191/5/485
f 2302/5/573 2215/3/574 187/1/575
f 239/5/576 5558/8/577 2302/5/573
f 2294/8/578 2303/5/579 5558/8/577
f 5558/8/577 189/1/470 2215/3/574
f 132/5/441 5559/8/441 2092/5/441
f 81/5/580 5559/8/441 2104/8/442
f 2098/5/580 2252/8/441 5559/8/441
f 5559/8/441 195/5/441 2092/5/441
f 224/5/581 5560/15/582 2327/3/583
f 237/5/584 5560/15/582 2290/8/585
f 2143/3/586 2201/4/587 5560/15/582
f 2327/3/583 2201/4/587 171/1/588
f 2003/2/384 2000/8/589 81/5/385
f 83/1/498 5561/8/590 2003/2/384
f 5561/8/590 130/1/475 2100/2/429
f 5561/8/590 128/5/426 2000/8/589
f 81/5/580 5562/8/591 2098/5/580
f 2000/8/592 2099/5/593 5562/8/591
f 5562/8/591 202/5/594 2225/8/595
f 2098/5/580 2225/8/595 203/5/580
f 2019/2/424 2014/8/596 89/5/425
f 110/1/339 5563/8/597 2019/2/424
f 5563/8/597 127/1/598 2102/2/389
f 2014/8/596 2102/2/389 129/5/386
f 131/1/599 5564/2/600 1976/3/308
f 2112/4/601 2111/3/602 5564/2/600
f 5564/2/600 144/1/557 2083/4/556
f 1976/3/308 2083/4/556 109/1/309
f 142/1/603 5565/2/604 2053/3/605
f 2112/4/601 2103/3/606 5565/2/604
f 5565/2/604 108/1/391 2113/4/607
f 2053/3/605 2113/4/607 143/1/608
f 127/1/598 5566/2/609 1999/3/390
f 2118/4/610 2094/3/611 5566/2/609
f 5566/2/609 143/1/608 2113/4/607
f 1999/3/390 2113/4/607 108/1/391
f 1979/4/560 2106/3/612 72/1/558
f 154/1/562 5567/2/613 1979/4/560
f 2109/3/614 2115/4/493 5567/2/613
f 5567/2/613 134/1/381 2106/3/612
f 2030/11/336 2086/6/615 110/5/339
f 141/9/338 5568/5/616 2030/11/336
f 5568/5/616 140/5/617 2118/6/610
f 2086/6/615 2118/6/610 127/5/598
f 94/5/441 5569/8/441 2116/5/441
f 2023/8/441 2117/5/441 5569/8/441
f 5569/8/441 210/5/441 2231/8/441
f 2116/5/441 2231/8/441 193/5/499
f 93/5/441 5570/8/441 2117/5/441
f 2022/8/441 2119/5/441 5570/8/441
f 5570/8/441 207/5/441 2230/8/441
f 2117/5/441 2230/8/441 210/5/441
f 1980/2/318 1981/8/618 71/5/319
f 72/1/558 5571/8/619 1980/2/318
f 2106/3/612 2121/2/378 5571/8/619
f 5571/8/619 132/5/380 1981/8/618
f 82/5/393 5572/8/620 2001/8/621
f 2005/2/392 2103/3/606 5572/8/620
f 5572/8/620 131/1/599 2122/2/307
f 2001/8/621 2122/2/307 133/5/304
f 2031/6/457 2123/6/622 141/9/338
f 102/5/458 5573/5/623 2031/6/457
f 2124/6/624 1849/6/194 5573/5/623
f 2123/6/622 1849/6/194 138/5/192
f 102/1/458 5574/2/625 2124/3/624
f 2021/4/453 2125/3/626 5574/2/625
f 5574/2/625 2/1/9 1847/4/78
f 2124/3/624 1847/4/78 1/1/76
f 92/5/451 5575/5/627 2125/6/626
f 2045/11/402 2126/6/628 5575/5/627
f 5575/5/627 149/5/12 1844/6/13
f 2125/6/626 1844/6/13 2/5/9
f 154/1/562 5576/2/629 2127/3/630
f 103/1/547 5576/2/629 2085/4/561
f 2128/3/631 1842/4/632 5576/2/629
f 2127/3/630 1842/4/632 147/1/80
f 2040/1/546 2128/6/631 103/5/547
f 2040/1/546 2129/6/633 5577/5/634
f 2129/6/633 1848/6/87 5577/5/634
f 5577/5/634 4/5/82 2128/6/631
f 1970/6/551 2129/6/633 85/14/545
f 97/5/553 5578/5/635 1970/6/551
f 2130/6/636 1845/6/53 5578/5/635
f 5578/5/635 3/5/88 2129/6/633
f 2084/4/555 2130/3/636 97/1/553
f 144/1/557 5579/2/637 2084/4/555
f 2131/3/638 1850/4/100 5579/2/637
f 5579/2/637 5/1/54 2130/3/636
f 149/5/12 5580/5/639 1846/6/66
f 2126/12/628 2046/6/478 5580/5/639
f 5580/5/639 150/5/566 2132/6/640
f 1846/6/66 2132/6/640 148/5/67
f 148/1/67 5581/2/641 1841/3/72
f 2132/4/640 2093/3/642 5581/2/641
f 2093/3/642 2133/4/643 5581/2/641
f 5581/2/641 146/1/44 1841/3/72
f 2133/4/643 1839/3/46 146/1/44
f 153/1/564 5582/2/644 2133/4/643
f 2050/3/496 2134/4/645 5582/2/644
f 5582/2/644 145/1/58 1839/3/46
f 2134/4/645 1840/3/60 145/1/58
f 152/1/494 5583/2/646 2134/4/645
f 2109/3/614 2127/4/630 5583/2/646
f 5583/2/646 147/1/80 1840/3/60
f 138/5/192 5584/5/647 2123/1/622
f 1843/6/92 2135/6/648 5584/5/647
f 5584/5/647 140/5/617 2052/6/649
f 2123/1/622 2052/6/649 141/9/338
f 137/1/90 5585/2/650 2135/3/648
f 1838/4/30 2136/3/651 5585/2/650
f 2136/3/651 2094/4/611 5585/2/650
f 2135/3/648 2094/4/611 140/1/617
f 1837/4/97 2136/3/651 136/1/28
f 135/1/38 5586/2/652 1837/4/97
f 2137/3/653 2053/4/605 5586/2/652
f 5586/2/652 143/1/608 2136/3/651
f 1851/4/37 2137/3/653 135/1/38
f 139/1/101 5587/2/654 1851/4/37
f 2131/3/638 2111/4/602 5587/2/654
f 5587/2/654 142/1/603 2137/3/653
f 2055/5/655 2138/6/656 112/5/657
f 120/5/540 5588/1/658 2055/5/655
f 2056/1/539 2067/11/534 5588/1/658
f 5588/1/658 111/5/531 2138/6/656
f 2070/8/659 2139/3/660 118/5/661
f 112/5/657 5589/15/662 2070/8/659
f 2138/3/656 2072/4/530 5589/15/662
f 5589/15/662 117/1/512 2139/3/660
f 2073/8/663 2140/3/664 113/5/665
f 118/5/661 5590/15/666 2073/8/663
f 2139/3/660 2074/4/511 5590/15/666
f 5590/15/666 116/1/508 2140/3/664
f 114/5/667 5591/15/668 2141/3/669
f 2068/8/670 2140/3/664 5591/15/668
f 2140/3/664 2071/4/507 5591/15/668
f 2141/3/669 2071/4/507 115/1/527
f 115/5/527 5592/1/671 2141/6/669
f 2054/1/526 2057/1/523 5592/1/671
f 2057/1/523 2069/5/672 5592/1/671
f 5592/1/671 114/5/667 2141/6/669
f 1996/2/673 1992/8/674 77/5/675
f 79/1/320 5593/8/676 1996/2/673
f 2274/3/372 1975/2/352 5593/8/676
f 5593/8/676 201/5/354 1992/8/674
f 99/1/455 5594/2/677 2173/3/678
f 98/1/343 5594/2/677 2027/4/460
f 2188/3/679 2025/4/449 5594/2/677
f 2173/3/678 2025/4/449 168/1/447
f 75/5/351 5595/8/680 1987/8/681
f 1990/2/350 2218/3/682 5595/8/680
f 5595/8/680 192/1/490 1984/2/376
f 1987/8/681 1984/2/376 225/5/373
f 2026/4/342 2188/3/679 98/1/343
f 74/1/422 5596/2/683 2026/4/342
f 1986/3/357 1983/4/368 5596/2/683
f 5596/2/683 167/1/370 2188/3/679
f 2176/4/684 2038/3/685 179/1/686
f 170/1/687 5597/2/688 2176/4/684
f 2047/3/689 2145/4/690 5597/2/688
f 5597/2/688 95/1/691 2038/3/685
f 2073/8/441 2162/5/441 118/5/441
f 2073/8/441 2163/5/692 5598/8/441
f 5598/8/441 218/5/693 2240/8/441
f 5598/8/441 219/5/441 2162/5/441
f 104/1/406 5599/2/694 2200/3/695
f 2041/4/405 2187/3/696 5599/2/694
f 5599/2/694 182/1/443 2007/4/397
f 2200/3/695 2007/4/397 163/1/394
f 87/1/404 5600/2/697 2187/3/696
f 2008/4/456 2173/3/678 5600/2/697
f 5600/2/697 168/1/447 2024/4/445
f 2187/3/696 2024/4/445 182/1/443
f 2161/5/698 2205/6/699 173/5/700
f 245/5/701 5601/1/702 2161/5/698
f 5601/1/702 246/5/703 2156/6/704
f 5601/1/702 186/5/705 2205/6/699
f 2283/6/706 2321/6/707 227/16/708
f 228/5/709 5602/6/710 2283/6/706
f 2170/6/711 2346/5/712 5602/6/710
f 5602/6/710 250/5/713 2321/6/707
f 96/1/714 5603/8/715 2039/3/716
f 2096/5/717 1974/8/718 5603/8/715
f 1974/8/718 2325/5/719 5603/8/715
f 5603/8/715 164/1/720 2039/3/716
f 166/5/721 5604/1/722 2323/6/723
f 2142/5/724 2114/1/725 5604/1/722
f 5604/1/722 254/4/726 2331/5/727
f 2323/6/723 2331/5/727 253/5/728
f 2275/5/729 2110/1/730 241/5/731
f 242/5/732 5605/6/733 2275/5/729
f 2197/6/734 2343/5/735 5605/6/733
f 5605/6/733 261/4/736 2110/1/730
f 95/1/691 5606/2/737 2192/3/738
f 107/1/739 5606/2/737 2145/4/690
f 5606/2/737 172/1/469 2178/4/468
f 2192/3/738 2178/4/468 180/1/474
f 2183/4/740 2190/3/741 183/1/742
f 175/1/743 5607/2/744 2183/4/740
f 2172/3/745 2176/4/684 5607/2/744
f 5607/2/744 179/1/686 2190/3/741
f 2212/4/473 2179/3/746 180/1/474
f 188/1/747 5608/2/748 2212/4/473
f 2217/3/749 2214/4/750 5608/2/748
f 5608/2/748 165/1/751 2179/3/746
f 2208/4/752 2186/3/753 185/1/754
f 176/1/755 5609/2/756 2208/4/752
f 2174/3/757 2183/4/740 5609/2/756
f 5609/2/756 183/1/742 2186/3/753
f 2308/6/758 2203/6/759 184/5/760
f 2308/6/758 2297/5/761 5610/1/762
f 5610/1/762 243/5/763 2142/5/764
f 2203/6/759 2142/5/764 166/5/765
f 178/1/766 5611/8/767 2199/3/768
f 2306/5/769 2285/8/770 5611/8/767
f 5611/8/767 214/5/771 2315/5/772
f 2199/3/768 2315/5/772 169/1/773
f 2207/4/774 2185/3/775 184/1/760
f 185/1/754 5612/2/776 2207/4/774
f 2186/3/753 2184/4/777 5612/2/776
f 5612/2/776 177/1/778 2185/3/775
f 2201/4/587 2168/3/779 171/1/588
f 187/1/575 5613/2/780 2201/4/587
f 2215/3/574 2213/4/467 5613/2/780
f 5613/2/780 172/1/469 2168/3/779
f 2154/5/781 2198/3/782 86/1/783
f 67/5/784 5614/8/785 2154/5/781
f 1994/8/786 2327/5/583 5614/8/785
f 5614/8/785 171/1/588 2198/3/782
f 2184/4/777 2189/3/787 177/1/778
f 183/1/742 5615/2/788 2184/4/777
f 2190/3/741 2177/4/789 5615/2/788
f 5615/2/788 164/1/720 2189/3/787
f 2058/8/790 2146/5/791 80/5/792
f 155/5/793 5616/8/794 2058/8/790
f 2309/5/795 2234/8/796 5616/8/794
f 5616/8/794 199/5/797 2146/5/791
f 96/1/714 5617/2/798 2191/3/799
f 2166/4/800 2192/3/738 5617/2/798
f 5617/2/798 180/1/474 2179/4/746
f 2191/3/799 2179/4/746 165/1/751
f 2282/5/801 2114/1/725 243/7/802
f 244/5/803 5618/6/804 2282/5/801
f 2120/6/805 2345/5/806 5618/6/804
f 5618/6/804 254/4/726 2114/1/725
f 2288/6/807 2170/6/711 228/5/709
f 234/5/808 5619/1/809 2288/6/807
f 2193/1/810 2349/5/811 5619/1/809
f 5619/1/809 247/5/812 2170/6/711
f 2206/4/813 2174/3/757 176/1/755
f 2206/4/813 2196/3/814 5620/2/815
f 5620/2/815 178/1/766 2175/4/816
f 2174/3/757 2175/4/816 175/1/743
f 2169/8/817 2210/5/818 173/5/819
f 174/5/820 5621/8/821 2169/8/817
f 2194/5/820 2333/8/821 5621/8/821
f 5621/8/821 255/5/822 2210/5/818
f 2182/4/823 2171/3/824 107/1/739
f 86/1/783 5622/2/825 2182/4/823
f 2198/3/782 2168/4/779 5622/2/825
f 2171/3/824 2168/4/779 172/1/469
f 2175/4/816 2172/3/745 175/1/743
f 2175/4/816 2199/3/768 5623/2/826
f 2199/3/768 2167/4/827 5623/2/826
f 5623/2/826 170/1/687 2172/3/745
f 2234/8/828 2247/5/829 199/5/830
f 213/5/831 5624/8/832 2234/8/828
f 2262/5/833 2290/8/834 5624/8/832
f 5624/8/832 224/5/835 2247/5/829
f 229/6/836 5625/5/837 2293/5/838
f 2291/5/839 2108/6/840 5625/5/837
f 2108/6/840 2101/6/841 5625/5/837
f 2293/5/838 2101/6/841 233/5/842
f 2107/5/843 2217/3/749 188/1/747
f 232/5/844 5626/8/845 2107/5/843
f 5626/8/845 233/5/842 2101/5/841
f 5626/8/845 190/1/846 2217/3/749
f 165/1/751 5627/8/847 2191/3/799
f 2318/5/848 2279/8/849 5627/8/847
f 5627/8/847 66/5/850 2096/5/717
f 2191/3/799 2096/5/717 96/1/714
f 186/1/705 5628/8/851 2196/3/814
f 2156/5/704 2296/8/852 5628/8/851
f 5628/8/851 220/5/853 2306/5/769
f 2196/3/814 2306/5/769 178/1/766
f 2303/5/579 2216/3/472 189/1/470
f 223/5/854 5629/8/855 2303/5/579
f 2295/8/856 2107/5/843 5629/8/855
f 5629/8/855 188/1/747 2216/3/472
f 2169/8/857 2202/3/858 174/5/859
f 173/5/700 5630/15/860 2169/8/857
f 2205/3/699 2206/4/813 5630/15/860
f 5630/15/860 176/1/755 2202/3/858
f 2181/8/861 2203/3/759 166/5/765
f 181/5/862 5631/15/863 2181/8/861
f 2204/3/864 2207/4/774 5631/15/863
f 5631/15/863 184/1/760 2203/3/759
f 2287/8/865 2197/5/734 242/5/732
f 226/5/866 5632/8/867 2287/8/865
f 2211/5/868 2348/8/869 5632/8/867
f 5632/8/867 260/5/870 2197/5/734
f 2161/5/871 2209/5/872 245/5/872
f 173/5/819 5633/6/871 2161/5/871
f 2210/6/818 2332/5/871 5633/6/871
f 5633/6/871 256/5/872 2209/5/872
f 2180/8/873 2204/3/864 181/5/862
f 174/5/859 5634/15/874 2180/8/873
f 2202/3/858 2208/4/752 5634/15/874
f 5634/15/874 185/1/754 2204/3/864
f 2311/5/875 2185/3/775 177/1/778
f 221/5/876 5635/8/877 2311/5/875
f 2284/8/878 2308/5/758 5635/8/877
f 5635/8/877 184/1/760 2185/3/775
f 2286/5/879 2211/6/868 226/5/866
f 227/16/708 5636/6/880 2286/5/879
f 2321/6/707 2347/5/881 5636/6/880
f 5636/6/880 264/5/882 2211/6/868
f 181/5/883 5637/8/884 2322/5/885
f 2181/8/886 2323/5/723 5637/8/884
f 5637/8/884 253/5/728 2336/8/887
f 2322/5/885 2336/8/887 258/5/885
f 2325/5/719 2189/3/787 164/1/720
f 236/5/888 5638/8/889 2325/5/719
f 2277/8/890 2311/5/875 5638/8/889
f 5638/8/889 177/1/778 2189/3/787
f 2167/4/827 2047/3/689 170/1/687
f 169/1/773 5639/2/891 2167/4/827
f 2012/3/892 2182/4/823 5639/2/891
f 5639/2/891 107/1/739 2047/3/689
f 2315/5/772 2012/3/892 169/1/773
f 214/5/771 5640/8/893 2315/5/772
f 2278/8/894 2154/5/781 5640/8/893
f 5640/8/893 86/1/783 2012/3/892
f 2177/4/789 2039/3/716 164/1/720
f 179/1/686 5641/2/895 2177/4/789
f 2038/3/685 2166/4/800 5641/2/895
f 5641/2/895 96/1/714 2039/3/716
f 2229/8/896 2243/5/897 209/5/898
f 200/5/899 5642/8/900 2229/8/896
f 2235/5/901 2285/8/902 5642/8/900
f 5642/8/900 220/5/903 2243/5/897
f 208/5/904 5643/1/905 2245/6/906
f 2242/5/907 2270/1/908 5643/1/905
f 5643/1/905 243/7/802 2297/5/909
f 2245/6/906 2297/5/909 222/5/910
f 1982/8/911 2195/5/912 70/5/913
f 199/5/830 5644/8/914 1982/8/911
f 2247/5/829 1994/8/915 5644/8/914
f 5644/8/914 67/5/916 2195/5/912
f 2241/8/917 2273/5/918 202/5/919
f 209/5/898 5645/8/920 2241/8/917
f 2243/5/897 2296/8/921 5645/8/920
f 5645/8/920 246/5/922 2273/5/918
f 235/5/923 5646/8/924 2301/8/925
f 2318/2/848 2214/3/750 5646/8/924
f 5646/8/924 190/1/846 2108/2/840
f 2301/8/925 2108/2/840 230/5/926
f 216/5/927 5647/6/928 2254/1/929
f 2236/5/930 2255/6/931 5647/6/928
f 5647/6/928 230/5/932 2291/5/933
f 2254/1/929 2291/5/933 229/4/934
f 219/5/935 5648/8/936 2246/5/937
f 2240/8/938 2257/5/939 5648/8/936
f 5648/8/936 232/5/940 2295/8/941
f 2246/5/937 2295/8/941 223/5/942
f 198/5/943 5649/8/944 2261/5/945
f 2221/8/946 2244/5/947 5649/8/944
f 5649/8/944 221/5/948 2277/8/949
f 2261/5/945 2277/8/949 236/5/950
f 197/5/951 5650/8/952 2244/5/947
f 2228/8/953 2245/5/906 5650/8/952
f 5650/8/952 222/5/910 2284/8/954
f 2244/5/947 2284/8/954 221/5/948
f 2232/8/955 2251/3/956 206/5/957
f 196/5/958 5651/15/959 2232/8/955
f 2259/3/960 2288/4/807 5651/15/959
f 5651/15/959 228/1/709 2251/3/956
f 2231/8/961 2269/5/962 193/5/963
f 210/5/964 5652/8/965 2231/8/961
f 2249/5/966 2287/8/865 5652/8/965
f 5652/8/965 242/5/732 2269/5/962
f 215/5/967 5653/8/968 2255/5/931
f 2268/8/969 2260/5/970 5653/8/968
f 5653/8/968 235/5/971 2301/8/972
f 2255/5/931 2301/8/972 230/5/932
f 211/5/973 5654/8/974 2264/5/973
f 2239/8/975 2246/5/937 5654/8/974
f 5654/8/974 223/5/942 2294/8/974
f 2264/5/973 2294/8/974 239/5/976
f 2222/8/977 2235/5/901 200/5/899
f 70/5/913 5655/8/978 2222/8/977
f 2195/5/912 2278/8/979 5655/8/978
f 5655/8/978 214/5/980 2235/5/901
f 2230/5/879 2249/6/966 210/5/964
f 207/5/981 5656/1/880 2230/5/879
f 2250/1/982 2286/5/879 5656/1/880
f 5656/1/880 226/5/866 2249/6/966
f 2227/5/983 2250/1/982 207/5/981
f 206/5/957 5657/5/984 2227/5/983
f 2251/6/956 2283/6/706 5657/5/984
f 5657/5/984 227/16/708 2250/1/982
f 217/5/985 5658/1/986 2258/6/987
f 2238/5/988 2254/1/929 5658/1/986
f 5658/1/986 229/4/934 2293/5/989
f 2258/6/987 2293/5/989 233/5/990
f 191/5/991 5659/8/992 2260/5/970
f 2223/8/993 2248/5/994 5659/8/992
f 5659/8/992 66/5/995 2279/8/996
f 2260/5/970 2279/8/996 235/5/971
f 218/5/997 5660/8/998 2257/5/939
f 2237/8/999 2258/5/987 5660/8/998
f 5660/8/998 233/5/990 2292/8/1000
f 2257/5/939 2292/8/1000 232/5/940
f 2220/8/1001 2259/3/960 196/5/958
f 195/5/1002 5661/15/1003 2220/8/1001
f 2266/3/1004 2276/4/1005 5661/15/1003
f 5661/15/1003 234/1/808 2259/3/960
f 69/5/1006 5662/8/1007 2248/5/994
f 1995/8/1008 2261/5/945 5662/8/1007
f 5662/8/1007 236/5/950 1974/8/1009
f 2248/5/994 1974/8/1009 66/5/995
f 2253/8/1010 2271/5/1011 204/5/1012
f 194/5/1013 5663/8/1010 2253/8/1010
f 2267/5/1014 2299/8/1015 5663/8/1010
f 5663/8/1010 244/5/803 2271/5/1011
f 2265/5/1016 2262/6/833 213/5/831
f 212/5/1017 5664/1/1018 2265/5/1016
f 2263/1/1019 2300/5/1020 5664/1/1018
f 5664/1/1018 237/5/1021 2262/6/833
f 212/5/1017 5665/6/1022 2263/1/1019
f 2233/5/1022 2264/6/973 5665/6/1022
f 5665/6/1022 239/5/976 2289/5/1022
f 2263/1/1019 2289/5/1022 238/4/1023
f 195/5/1002 5666/1/1024 2266/6/1004
f 2252/5/1025 2272/1/1026 5666/1/1024
f 5666/1/1024 245/7/1027 2298/6/1028
f 2266/6/1004 2298/6/1028 240/5/1029
f 2219/8/1030 2267/5/1014 194/5/1013
f 193/5/963 5667/8/1031 2219/8/1030
f 2269/5/962 2275/8/729 5667/8/1031
f 5667/8/1031 241/5/731 2267/5/1014
f 205/5/1032 5668/6/1033 2270/1/908
f 2226/5/1034 2271/6/1011 5668/6/1033
f 5668/6/1033 244/5/803 2282/5/801
f 2270/1/908 2282/5/801 243/7/802
f 2225/5/1035 2272/1/1026 203/5/1036
f 202/5/919 5669/6/1037 2225/5/1035
f 2273/6/918 2281/5/1038 5669/6/1037
f 5669/6/1037 245/7/1027 2272/1/1026
f 122/6/1039 5670/7/1040 2314/6/1041
f 2060/8/1042 2313/5/482 5670/7/1040
f 5670/7/1040 215/5/487 2236/8/1043
f 2314/6/1041 2236/8/1043 216/6/1044
f 2087/8/1045 2099/5/593 128/5/1046
f 91/5/1047 5671/8/1048 2087/8/1045
f 2316/5/1049 2241/8/1050 5671/8/1048
f 5671/8/1048 202/5/594 2099/5/593
f 2088/8/1051 2317/5/1052 129/5/1053
f 82/5/541 5672/8/1054 2088/8/1051
f 2090/5/541 2242/8/1055 5672/8/1054
f 5672/8/1054 208/5/1052 2317/5/1052
f 73/5/1056 5673/8/1057 2320/5/1058
f 1985/8/1059 2319/5/1060 5673/8/1057
f 5673/8/1057 197/5/1061 2221/8/1062
f 2320/5/1058 2221/8/1062 198/5/1063
f 2280/8/1064 2256/5/1065 225/5/1066
f 80/5/792 5674/8/1067 2280/8/1064
f 2146/5/791 1982/8/1068 5674/8/1067
f 5674/8/1067 70/5/1069 2256/5/1065
f 89/5/1070 5675/8/1071 2319/5/1060
f 129/5/1053 5675/8/1071 2014/8/1072
f 2317/5/1052 2228/8/1073 5675/8/1071
f 2319/5/1060 2228/8/1073 197/5/1061
f 2144/8/1074 2309/5/795 155/5/793
f 2144/8/1074 2305/5/515 5676/8/1075
f 5676/8/1075 212/5/516 2265/8/1076
f 5676/8/1075 213/5/1077 2309/5/795
f 238/6/1078 5677/5/1079 2300/5/1080
f 2289/5/1081 2302/6/573 5677/5/1079
f 5677/5/1079 187/5/575 2143/6/586
f 2300/5/1080 2143/6/586 237/5/584
f 113/5/1082 5678/8/1083 2163/5/692
f 114/5/1084 5678/8/1083 2068/8/1085
f 2326/5/1086 2237/8/1087 5678/8/1083
f 2163/5/692 2237/8/1087 218/5/693
f 2069/8/1088 2326/5/1086 114/5/1084
f 122/6/1039 5679/7/1089 2069/8/1088
f 2314/6/1041 2238/8/1090 5679/7/1089
f 5679/7/1089 217/5/1091 2326/5/1086
f 2043/8/441 2310/5/441 106/5/441
f 71/5/441 5680/8/441 2043/8/441
f 2312/5/441 2232/8/441 5680/8/441
f 5680/8/441 206/5/441 2310/5/441
f 2017/8/1092 2316/5/1049 91/5/1047
f 75/5/1093 5681/8/1094 2017/8/1092
f 2324/5/1095 2229/8/1096 5681/8/1094
f 5681/8/1094 209/5/1097 2316/5/1049
f 2070/8/442 2304/5/441 112/5/441
f 118/5/441 5682/8/441 2070/8/442
f 2162/5/441 2239/8/499 5682/8/441
f 5682/8/441 211/5/441 2304/5/441
f 76/1/349 5683/2/1098 2218/3/682
f 1989/4/489 2200/3/695 5683/2/1098
f 5683/2/1098 163/1/394 2044/4/492
f 2218/3/682 2044/4/492 192/1/490
f 201/5/1099 5684/8/1100 2307/5/570
f 2224/8/1101 2320/5/1058 5684/8/1100
f 5684/8/1100 198/5/1063 1995/8/1102
f 2307/5/570 1995/8/1102 69/5/571
f 1987/8/1103 2324/5/1095 75/5/1093
f 225/5/1066 5685/8/1104 1987/8/1103
f 2256/5/1065 2222/8/1105 5685/8/1104
f 5685/8/1104 200/5/1106 2324/5/1095
f 259/1/1107 5686/8/1108 2342/3/1109
f 2352/5/1108 2347/8/1110 5686/8/1108
f 5686/8/1108 250/5/1111 2329/5/1112
f 2342/3/1109 2329/5/1112 249/1/1113
f 261/6/1114 5687/5/1114 2351/5/1114
f 2343/5/1111 2353/6/1115 5687/5/1114
f 5687/5/1114 252/5/1116 2330/6/1117
f 2351/5/1114 2330/6/1117 251/5/1114
f 2342/4/1109 2338/5/1118 259/1/1107
f 249/1/1113 5688/5/1119 2342/4/1109
f 2334/5/1120 2335/8/1121 5688/5/1119
f 5688/5/1119 258/5/1122 2338/5/1118
f 249/1/1113 5689/8/1123 2340/3/1124
f 2329/5/1112 2346/8/1111 5689/8/1123
f 5689/8/1123 247/5/1111 2328/5/1110
f 2340/3/1124 2328/5/1110 248/1/1125
f 252/1/1116 5690/5/1126 2337/5/1127
f 259/1/1107 5690/5/1126 2341/4/1128
f 2338/5/1118 2336/8/1129 5690/5/1126
f 2337/5/1127 2336/8/1129 253/5/1130
f 2340/4/1124 2334/5/1120 249/1/1113
f 248/1/1125 5691/5/1131 2340/4/1124
f 2339/5/1132 2333/8/1133 5691/5/1131
f 5691/5/1131 257/5/1134 2334/5/1120
f 2354/5/1111 2339/5/1132 248/1/1125
f 262/5/1111 5692/1/1135 2354/5/1111
f 2350/8/1111 2332/8/1135 5692/1/1135
f 5692/1/1135 255/5/1136 2339/5/1132
f 253/5/1130 5693/1/1137 2337/6/1127
f 254/6/1138 5693/1/1137 2331/5/1139
f 5693/1/1137 251/5/1114 2330/6/1117
f 2337/6/1127 2330/6/1117 252/5/1116
f 263/6/1111 5694/5/1111 2349/5/1111
f 2344/5/1111 2354/6/1111 5694/5/1111
f 5694/5/1111 248/5/1125 2328/6/1110
f 2349/5/1111 2328/6/1110 247/5/1111
f 2353/5/1115 2341/3/1128 252/1/1116
f 260/5/1114 5695/8/1115 2353/5/1115
f 2348/8/1111 2352/5/1108 5695/8/1115
f 5695/8/1115 259/1/1107 2341/3/1128
f 240/5/1029 5696/1/1140 2355/6/1141
f 2298/6/1028 2209/5/1142 5696/1/1140
f 5696/1/1140 256/5/1143 2350/5/1144
f 2355/6/1141 2350/5/1144 262/5/1145
f 2276/6/1005 2193/1/810 234/5/808
f 240/5/1029 5697/6/1146 2276/6/1005
f 2355/6/1141 2344/5/1147 5697/6/1146
f 5697/6/1146 263/4/1148 2193/1/810
f 2180/8/1149 2194/5/820 174/5/820
f 2180/8/1149 2322/5/885 5698/8/1149
f 5698/8/1149 258/5/885 2335/8/1149
f 5698/8/1149 257/5/820 2194/5/820
f 2299/5/1015 2120/6/805 244/5/803
f 241/5/731 5699/1/1150 2299/5/1015
f 2110/1/730 2351/5/1151 5699/1/1150
f 5699/1/1150 251/5/1152 2120/6/805
f 77/5/675 5700/15/1153 1996/3/673
f 2147/8/1154 2160/3/517 5700/15/1153
f 5700/15/1153 157/1/519 2148/4/323
f 1996/3/673 2148/4/323 79/1/320
f 1792/1/1155 5701/2/1156 5372/3/1157
f 2393/4/1158 2397/3/1159 5701/2/1156
f 2397/3/1159 2391/4/1160 5701/2/1156
f 5701/2/1156 1791/1/1161 5372/3/1157
f 266/1/1162 5702/2/1163 2363/3/1164
f 323/1/1165 5702/2/1163 2470/4/1166
f 2492/3/1167 2373/4/1168 5702/2/1163
f 5702/2/1163 413/1/1169 2363/3/1164
f 5342/4/1170 5321/3/1171 1779/1/1172
f 5342/4/1170 2384/3/1173 5703/2/1174
f 5703/2/1174 275/1/1175 2408/4/1176
f 5321/3/1171 2408/4/1176 270/1/1177
f 2491/4/1178 2471/3/1179 324/1/1180
f 315/1/1181 5704/2/1182 2491/4/1178
f 2371/3/1183 2357/4/1184 5704/2/1182
f 5704/2/1182 400/1/1185 2471/3/1179
f 325/1/1186 5705/2/1187 2472/3/1188
f 2490/4/1189 2372/3/1190 5705/2/1187
f 5705/2/1187 399/1/1191 2370/4/1192
f 2472/3/1188 2370/4/1192 403/1/1193
f 2488/4/1194 2473/3/1195 326/1/1196
f 318/1/1197 5706/2/1198 2488/4/1194
f 2374/3/1199 2358/4/1200 5706/2/1198
f 5706/2/1198 410/1/1201 2473/3/1195
f 327/1/1202 5707/2/1203 2474/3/1204
f 2487/4/1205 2375/3/1206 5707/2/1203
f 5707/2/1203 269/1/1207 2364/4/1208
f 2474/3/1204 2364/4/1208 267/1/1209
f 2486/4/1210 2374/3/1199 318/1/1197
f 320/1/1211 5708/2/1212 2486/4/1210
f 2376/3/1213 2359/4/1214 5708/2/1212
f 5708/2/1212 409/1/1215 2374/3/1199
f 317/1/1216 5709/2/1217 2373/3/1168
f 2485/4/1218 2377/3/1219 5709/2/1217
f 5709/2/1217 412/1/1220 2365/4/1221
f 2373/3/1168 2365/4/1221 413/1/1169
f 321/1/1222 5710/2/1223 2377/3/1219
f 326/1/1196 5710/2/1223 2484/4/1224
f 2473/3/1195 2360/4/1225 5710/2/1223
f 2377/3/1219 2360/4/1225 412/1/1220
f 2483/4/1226 2475/3/1227 328/1/1228
f 2483/4/1226 2470/3/1166 5711/2/1229
f 2470/3/1166 2366/4/1230 5711/2/1229
f 5711/2/1229 265/1/1231 2475/3/1227
f 2482/4/1232 2376/3/1213 320/1/1211
f 2482/4/1232 2378/3/1233 5712/2/1234
f 5712/2/1234 268/1/1235 2361/4/1236
f 5712/2/1234 411/1/1237 2376/3/1213
f 322/1/1238 5713/2/1239 2378/3/1233
f 2481/4/1240 2474/3/1204 5713/2/1239
f 5713/2/1239 267/1/1209 2367/4/1241
f 2378/3/1233 2367/4/1241 268/1/1235
f 2479/4/1242 2371/3/1183 315/1/1181
f 329/1/1243 5714/2/1244 2479/4/1242
f 2476/3/1245 2362/4/1246 5714/2/1244
f 5714/2/1244 401/1/1247 2371/3/1183
f 316/1/1248 5715/2/1249 2372/3/1190
f 2478/4/1250 2471/3/1179 5715/2/1249
f 5715/2/1249 400/1/1185 2356/4/1251
f 2372/3/1190 2356/4/1251 399/1/1191
f 319/1/1252 5716/2/1253 2375/3/1206
f 2477/4/1254 2472/3/1188 5716/2/1253
f 5716/2/1253 403/1/1193 2369/4/1255
f 2375/3/1206 2369/4/1255 269/1/1207
f 1775/1/1256 5717/2/1257 2387/3/1258
f 5341/4/1259 5323/3/1260 5717/2/1257
f 5323/3/1260 2394/4/1261 5717/2/1257
f 2387/3/1258 2394/4/1261 278/1/1262
f 5340/4/1263 2382/3/1264 1772/1/1265
f 1780/1/1266 5718/2/1267 5340/4/1263
f 5322/3/1268 2395/4/1269 5718/2/1267
f 5718/2/1267 273/1/1270 2382/3/1264
f 5339/4/1271 2380/3/1272 1771/1/1273
f 1785/1/1274 5719/2/1275 5339/4/1271
f 5327/3/1276 2396/4/1277 5719/2/1275
f 5719/2/1275 271/1/1278 2380/3/1272
f 329/1/1243 5720/2/1279 2480/3/1280
f 2445/4/1281 2449/3/1282 5720/2/1279
f 5720/2/1279 313/1/1283 2444/4/1284
f 2480/3/1280 2444/4/1284 328/1/1228
f 5338/4/1285 2392/3/1286 1778/1/1287
f 1783/1/1288 5721/2/1289 5338/4/1285
f 5325/3/1290 2398/4/1291 5721/2/1289
f 5721/2/1289 283/1/1292 2392/3/1286
f 1776/1/1293 5722/2/1294 2389/3/1295
f 1778/1/1287 5722/2/1294 5337/4/1296
f 2392/3/1286 2399/4/1297 5722/2/1294
f 2389/3/1295 2399/4/1297 280/1/1298
f 5336/4/1299 5326/3/1300 1784/1/1301
f 1779/1/1172 5723/2/1302 5336/4/1299
f 5723/2/1302 270/1/1177 2400/4/1303
f 5326/3/1300 2400/4/1303 282/1/1304
f 5335/4/1305 2390/3/1306 1777/1/1307
f 1782/1/1308 5724/2/1309 5335/4/1305
f 5324/3/1310 2401/4/1311 5724/2/1309
f 5724/2/1309 281/1/1312 2390/3/1306
f 1773/1/1313 5725/2/1314 2384/3/1173
f 1777/1/1307 5725/2/1314 5334/4/1315
f 2390/3/1306 2402/4/1316 5725/2/1314
f 2384/3/1173 2402/4/1316 275/1/1175
f 1774/1/1317 5726/2/1318 2385/3/1319
f 5333/4/1320 2389/3/1295 5726/2/1318
f 5726/2/1318 280/1/1298 2403/4/1321
f 2385/3/1319 2403/4/1321 276/1/1322
f 1783/1/1288 5727/2/1323 5325/3/1290
f 5332/4/1324 2387/3/1258 5727/2/1323
f 5727/2/1323 278/1/1262 2404/4/1325
f 5727/2/1323 279/1/1326 5325/3/1290
f 1782/1/1308 5728/2/1327 5324/3/1310
f 5331/4/1328 2385/3/1319 5728/2/1327
f 5728/2/1327 276/1/1322 2405/4/1329
f 5324/3/1310 2405/4/1329 277/1/1330
f 5330/4/1331 5323/3/1260 1781/1/1332
f 1772/1/1265 5729/2/1333 5330/4/1331
f 2382/3/1264 2406/4/1334 5729/2/1333
f 5729/2/1333 274/1/1335 5323/3/1260
f 5329/4/1336 5322/3/1268 1780/1/1266
f 1771/1/1273 5730/2/1337 5329/4/1336
f 2380/3/1272 2407/4/1338 5730/2/1337
f 5730/2/1337 272/1/1339 5322/3/1268
f 5371/4/1340 5343/3/1341 1786/1/1342
f 5371/4/1340 2433/3/1343 5731/2/1344
f 2433/3/1343 2460/4/1345 5731/2/1344
f 5731/2/1344 308/1/1346 5343/3/1341
f 2480/4/1280 2476/3/1245 329/1/1243
f 328/1/1228 5732/2/1347 2480/4/1280
f 2475/3/1227 2368/4/1348 5732/2/1347
f 5732/2/1347 402/1/1349 2476/3/1245
f 1797/1/1350 5733/2/1351 2435/3/1352
f 5370/4/1353 5345/3/1354 5733/2/1351
f 5733/2/1351 310/1/1355 2446/4/1356
f 2435/3/1352 2446/4/1356 304/1/1357
f 5369/4/1358 2432/3/1359 1794/1/1360
f 1787/1/1361 5734/2/1362 5369/4/1358
f 5344/3/1363 2447/4/1364 5734/2/1362
f 2432/3/1359 2447/4/1364 301/1/1365
f 5368/4/1366 2431/3/1367 1793/1/1368
f 1792/1/1155 5735/2/1369 5368/4/1366
f 5349/3/1370 2448/4/1371 5735/2/1369
f 5735/2/1369 300/1/1372 2431/3/1367
f 1785/5/1274 5736/1/1373 5328/6/1374
f 2415/1/1375 2427/5/1376 5736/1/1373
f 5736/1/1373 290/7/1377 2414/1/1378
f 5328/6/1374 2414/1/1378 1784/5/1301
f 5367/4/1379 2438/3/1380 1800/1/1381
f 1790/1/1382 5737/2/1383 5367/4/1379
f 5737/2/1383 312/1/1384 2450/4/1385
f 5737/2/1383 307/1/1386 2438/3/1380
f 5366/4/1387 2436/3/1388 1798/1/1389
f 1800/1/1381 5738/2/1390 5366/4/1387
f 2438/3/1380 2451/4/1391 5738/2/1390
f 2436/3/1388 2451/4/1391 305/1/1392
f 5365/4/1393 5348/3/1394 1791/1/1161
f 1786/1/1342 5739/2/1395 5365/4/1393
f 5343/3/1341 2452/4/1396 5739/2/1395
f 5739/2/1395 313/1/1283 5348/3/1394
f 5364/4/1397 2437/3/1398 1799/1/1399
f 1789/1/1400 5740/2/1401 5364/4/1397
f 5346/3/1402 2453/4/1403 5740/2/1401
f 5740/2/1401 306/1/1404 2437/3/1398
f 5363/4/1405 2433/3/1343 1795/1/1406
f 1799/1/1399 5741/2/1407 5363/4/1405
f 2437/3/1398 2454/4/1408 5741/2/1407
f 5741/2/1407 302/1/1409 2433/3/1343
f 1796/1/1410 5742/2/1411 2434/3/1412
f 5362/4/1413 2436/3/1388 5742/2/1411
f 5742/2/1411 305/1/1392 2455/4/1414
f 2434/3/1412 2455/4/1414 303/1/1415
f 1790/1/1382 5743/2/1416 5347/3/1417
f 5361/4/1418 2435/3/1352 5743/2/1416
f 5743/2/1416 304/1/1357 2456/4/1419
f 5347/3/1417 2456/4/1419 312/1/1384
f 1789/1/1400 5744/2/1420 5346/3/1402
f 5360/4/1421 2434/3/1412 5744/2/1420
f 5744/2/1420 303/1/1415 2457/4/1422
f 5346/3/1402 2457/4/1422 311/1/1423
f 5359/4/1424 5345/3/1354 1788/1/1425
f 1794/1/1360 5745/2/1426 5359/4/1424
f 2432/3/1359 2458/4/1427 5745/2/1426
f 5345/3/1354 2458/4/1427 310/1/1355
f 5358/4/1428 5344/3/1363 1787/1/1361
f 1793/1/1368 5746/2/1429 5358/4/1428
f 2431/3/1367 2459/4/1430 5746/2/1429
f 5746/2/1429 309/1/1431 5344/3/1363
f 2460/4/1345 2439/3/1432 308/1/1346
f 302/1/1409 5747/2/1433 2460/4/1345
f 5747/2/1433 317/1/1216 2492/4/1167
f 5747/2/1433 323/1/1165 2439/3/1432
f 304/1/1357 5748/2/1434 2466/3/1435
f 2446/4/1356 2441/3/1436 5748/2/1434
f 5748/2/1434 325/1/1186 2477/4/1254
f 2466/3/1435 2477/4/1254 319/1/1252
f 301/1/1365 5749/2/1437 2463/3/1438
f 2447/4/1364 2440/3/1439 5749/2/1437
f 5749/2/1437 324/1/1180 2478/4/1250
f 2463/3/1438 2478/4/1250 316/1/1248
f 2448/4/1371 2462/3/1440 300/1/1372
f 314/1/1441 5750/2/1442 2448/4/1371
f 2445/3/1281 2479/4/1242 5750/2/1442
f 5750/2/1442 315/1/1181 2462/3/1440
f 307/1/1386 5751/2/1443 2469/3/1444
f 2450/4/1385 2443/3/1445 5751/2/1443
f 5751/2/1443 327/1/1202 2481/4/1240
f 2469/3/1444 2481/4/1240 322/1/1238
f 305/1/1392 5752/2/1446 2467/3/1447
f 2451/4/1391 2469/3/1444 5752/2/1446
f 5752/2/1446 322/1/1238 2482/4/1232
f 5752/2/1446 320/1/1211 2467/3/1447
f 2452/4/1396 2444/3/1284 313/1/1283
f 308/1/1346 5753/2/1448 2452/4/1396
f 2439/3/1432 2483/4/1226 5753/2/1448
f 5753/2/1448 328/1/1228 2444/3/1284
f 2453/4/1403 2468/3/1449 306/1/1404
f 311/1/1423 5754/2/1450 2453/4/1403
f 2442/3/1451 2484/4/1224 5754/2/1450
f 5754/2/1450 321/1/1222 2468/3/1449
f 2454/4/1408 2464/3/1452 302/1/1409
f 306/1/1404 5755/2/1453 2454/4/1408
f 5755/2/1453 321/1/1222 2485/4/1218
f 2464/3/1452 2485/4/1218 317/1/1216
f 303/1/1415 5756/2/1454 2465/3/1455
f 2455/4/1414 2467/3/1447 5756/2/1454
f 2467/3/1447 2486/4/1210 5756/2/1454
f 5756/2/1454 318/1/1197 2465/3/1455
f 312/1/1384 5757/2/1456 2443/3/1445
f 2456/4/1419 2466/3/1435 5757/2/1456
f 5757/2/1456 319/1/1252 2487/4/1205
f 2443/3/1445 2487/4/1205 327/1/1202
f 311/1/1423 5758/2/1457 2442/3/1451
f 2457/4/1422 2465/3/1455 5758/2/1457
f 5758/2/1457 318/1/1197 2488/4/1194
f 2442/3/1451 2488/4/1194 326/1/1196
f 310/1/1355 5759/2/1458 2441/3/1436
f 2458/4/1427 2463/3/1438 5759/2/1458
f 5759/2/1458 316/1/1248 2490/4/1189
f 2441/3/1436 2490/4/1189 325/1/1186
f 2459/4/1430 2440/3/1439 309/1/1431
f 300/1/1372 5760/2/1459 2459/4/1430
f 2462/3/1440 2491/4/1178 5760/2/1459
f 5760/2/1459 324/1/1180 2440/3/1439
f 397/5/1460 5761/15/1461 2641/3/1462
f 2624/8/1463 2496/3/1464 5761/15/1461
f 5761/15/1461 373/1/1465 2495/4/1466
f 2641/3/1462 2495/4/1466 395/1/1467
f 2562/8/1468 2570/3/1469 370/5/1470
f 335/5/1471 5762/15/1472 2562/8/1468
f 2499/3/1473 2601/4/1474 5762/15/1472
f 5762/15/1472 389/1/1475 2570/3/1469
f 343/1/1476 5763/2/1477 2667/3/1478
f 2547/4/1479 2582/3/1480 5763/2/1477
f 5763/2/1477 423/1/1481 2678/4/1482
f 2667/3/1478 2678/4/1482 421/1/1483
f 352/1/1484 5764/2/1485 2672/3/1486
f 2561/4/1487 2670/3/1488 5764/2/1485
f 5764/2/1485 424/1/1489 2677/4/1490
f 2672/3/1486 2677/4/1490 426/1/1491
f 2556/6/1492 2549/6/1493 405/9/1494
f 362/5/1495 5765/5/1496 2556/6/1492
f 2545/6/1497 2535/6/1498 5765/5/1496
f 5765/5/1496 374/5/1499 2549/6/1493
f 355/5/1500 5766/15/1501 2539/3/1502
f 2536/8/1503 2509/3/1504 5766/15/1501
f 5766/15/1501 340/1/1505 2507/4/1506
f 2539/3/1502 2507/4/1506 354/1/1507
f 2743/8/1508 2494/3/1509 465/5/1510
f 337/5/1511 5767/15/1512 2743/8/1508
f 2510/3/1513 2505/4/1514 5767/15/1512
f 5767/15/1512 495/1/1515 2494/3/1509
f 2517/5/1516 2584/3/1517 342/1/1518
f 344/5/1519 5768/8/1520 2517/5/1516
f 2577/8/1521 2674/5/1522 5768/8/1520
f 5768/8/1520 425/1/1523 2584/3/1517
f 2554/4/1524 2502/3/1525 431/1/1526
f 364/1/1527 5769/2/1528 2554/4/1524
f 2547/3/1479 2793/4/1529 5769/2/1528
f 5769/2/1528 495/1/1515 2502/3/1525
f 489/5/1530 5770/15/1531 2503/3/1532
f 2799/8/1533 2517/3/1516 5770/15/1531
f 5770/15/1531 342/1/1518 2512/4/1534
f 2503/3/1532 2512/4/1534 456/1/1535
f 2623/8/1536 2640/3/1537 396/5/1538
f 345/5/1539 5771/15/1540 2623/8/1536
f 2522/3/1541 2521/4/1542 5771/15/1540
f 5771/15/1540 398/1/1543 2640/3/1537
f 393/5/1544 5772/15/1545 2621/3/1546
f 2607/8/1547 2524/3/1548 5772/15/1545
f 5772/15/1545 372/1/1549 2518/4/1550
f 2621/3/1546 2518/4/1550 391/1/1551
f 427/1/1552 5773/2/1553 2526/3/1554
f 2568/4/1555 2561/3/1487 5773/2/1553
f 5773/2/1553 352/1/1484 2529/4/1556
f 2526/3/1554 2529/4/1556 446/1/1557
f 415/9/1558 5774/5/1559 2564/6/1560
f 2567/6/1561 2560/6/1562 5774/5/1559
f 5774/5/1559 351/5/1563 2530/6/1564
f 2564/6/1560 2530/6/1564 356/5/1565
f 365/1/1566 5775/2/1567 2581/3/1568
f 2528/4/1569 2672/3/1486 5775/2/1567
f 5775/2/1567 426/1/1491 2683/4/1570
f 2581/3/1568 2683/4/1570 422/1/1571
f 2541/5/1572 2552/6/1573 357/5/1574
f 348/5/1575 5776/6/1576 2541/5/1572
f 2532/6/1577 2600/1/1578 5776/6/1576
f 5776/6/1576 388/1/1579 2552/6/1573
f 2504/8/1580 2510/3/1513 337/5/1511
f 353/5/1581 5777/15/1582 2504/8/1580
f 2538/3/1583 2535/4/1498 5777/15/1582
f 5777/15/1582 338/1/1584 2510/3/1513
f 392/5/1585 5778/15/1586 2619/3/1587
f 2606/8/1588 2539/3/1502 5778/15/1586
f 5778/15/1586 354/1/1507 2534/4/1589
f 2619/3/1587 2534/4/1589 394/1/1590
f 332/5/1591 5779/15/1592 2496/3/1464
f 2497/8/1593 2551/3/1594 5779/15/1592
f 5779/15/1592 390/1/1595 2598/4/1596
f 2496/3/1464 2598/4/1596 373/1/1465
f 2542/5/1597 2551/6/1594 358/5/1598
f 357/5/1574 5780/5/1599 2542/5/1597
f 2552/6/1573 2599/6/1600 5780/5/1599
f 5780/5/1599 390/5/1595 2551/6/1594
f 335/5/1601 5781/8/1601 2500/8/1602
f 2831/16/1601 2739/8/1601 5781/8/1601
f 5781/8/1601 459/5/1601 2611/16/1601
f 2500/8/1602 2611/16/1601 396/5/1601
f 348/5/1601 5782/8/1601 2525/8/1601
f 2638/16/1601 2746/8/1601 5782/8/1601
f 5782/8/1601 470/5/1601 2829/16/1601
f 5782/8/1601 370/5/1601 2525/8/1601
f 446/1/1557 5783/2/1603 2543/3/1604
f 2529/4/1556 2528/3/1569 5783/2/1603
f 5783/2/1603 365/1/1566 2553/4/1605
f 2543/3/1604 2553/4/1605 432/1/1606
f 432/1/1606 5784/2/1607 2544/3/1608
f 2553/4/1605 2548/3/1609 5784/2/1607
f 2548/3/1609 2554/4/1524 5784/2/1607
f 5784/2/1607 431/1/1526 2544/3/1608
f 356/1/1565 5785/2/1610 2540/3/1611
f 2530/4/1564 2527/3/1612 5785/2/1610
f 5785/2/1610 363/1/1613 2555/4/1614
f 2540/3/1611 2555/4/1614 366/1/1615
f 2555/6/1614 2550/12/1616 366/5/1615
f 2555/6/1614 2546/6/1617 5786/5/1618
f 2546/6/1617 2556/6/1492 5786/5/1618
f 5786/5/1618 405/9/1494 2550/12/1616
f 364/1/1527 5787/2/1619 2582/3/1480
f 2548/4/1609 2581/3/1568 5787/2/1619
f 5787/2/1619 422/1/1571 2684/4/1620
f 2582/3/1480 2684/4/1620 423/1/1481
f 2516/4/1621 2670/3/1488 369/1/1622
f 342/1/1518 5788/2/1623 2516/4/1621
f 2584/3/1517 2676/4/1624 5788/2/1623
f 2670/3/1488 2676/4/1624 424/1/1489
f 2697/4/1625 2732/3/1626 436/1/1627
f 444/1/1628 5789/2/1629 2697/4/1625
f 2731/3/1630 2735/4/1631 5789/2/1629
f 5789/2/1629 453/1/1632 2732/3/1626
f 394/5/1590 5790/17/1633 2614/6/1634
f 2534/6/1589 2537/12/1635 5790/17/1633
f 5790/17/1633 415/9/1558 2565/12/1636
f 2614/6/1634 2565/12/1636 414/5/1637
f 420/5/1638 5791/8/1639 2666/8/1640
f 2832/16/1641 2787/8/1642 5791/8/1639
f 5791/8/1639 455/5/1643 2616/16/1644
f 2666/8/1640 2616/16/1644 341/5/1645
f 354/5/1507 5792/5/1646 2537/12/1635
f 2507/6/1506 2508/6/1647 5792/5/1646
f 5792/5/1646 368/5/1648 2567/6/1561
f 2537/12/1635 2567/6/1561 415/9/1558
f 456/1/1535 5793/2/1649 2563/3/1650
f 2512/4/1534 2516/3/1621 5793/2/1649
f 5793/2/1649 369/1/1622 2568/4/1555
f 2563/3/1650 2568/4/1555 427/1/1552
f 2521/4/1542 2634/3/1651 398/1/1543
f 347/1/1652 5794/2/1653 2521/4/1542
f 2523/3/1654 2569/4/1655 5794/2/1653
f 5794/2/1653 416/1/1656 2634/3/1651
f 2578/16/1601 2497/8/1601 332/5/1601
f 458/5/1601 5795/8/1601 2578/16/1601
f 5795/8/1601 457/5/1601 2635/16/1601
f 2497/8/1601 2635/16/1601 358/5/1601
f 2525/5/1657 2532/6/1577 348/5/1575
f 370/5/1470 5796/5/1658 2525/5/1657
f 2570/6/1469 2597/6/1659 5796/5/1658
f 5796/5/1658 387/6/1660 2532/6/1577
f 2668/4/1661 2684/3/1620 422/1/1571
f 380/1/1662 5797/2/1663 2668/4/1661
f 2590/3/1664 2669/4/1665 5797/2/1663
f 5797/2/1663 423/1/1481 2684/3/1620
f 2585/4/1666 2683/3/1570 426/1/1491
f 381/1/1667 5798/2/1668 2585/4/1666
f 2593/3/1669 2668/4/1661 5798/2/1668
f 5798/2/1668 422/1/1571 2683/3/1570
f 384/5/1670 5799/8/1671 2574/8/1671
f 2824/16/1672 2752/8/1671 5799/8/1671
f 2752/8/1671 2823/16/1601 5799/8/1671
f 5799/8/1671 376/5/1673 2574/8/1671
f 2580/1/1674 2679/6/1675 421/5/1483
f 385/1/1676 5800/1/1677 2580/1/1674
f 2576/1/1678 2579/5/1679 5800/1/1677
f 5800/1/1677 420/5/1680 2679/6/1675
f 423/5/1481 5801/1/1681 2678/6/1482
f 2669/6/1665 2573/11/1682 5801/1/1681
f 5801/1/1681 385/1/1676 2580/1/1674
f 5801/1/1681 421/5/1483 2678/6/1482
f 2583/4/1683 2677/3/1490 424/1/1489
f 375/1/1684 5802/2/1685 2583/4/1683
f 2591/3/1686 2585/4/1666 5802/2/1685
f 5802/2/1685 426/1/1491 2677/3/1490
f 2671/1/1687 2676/6/1624 425/5/1523
f 383/1/1688 5803/5/1689 2671/1/1687
f 2586/6/1690 2583/6/1683 5803/5/1689
f 5803/5/1689 424/5/1489 2676/6/1624
f 2610/16/1601 2624/8/1601 397/5/1601
f 468/5/1601 5804/8/1601 2610/16/1601
f 2772/8/1601 2578/16/1601 5804/8/1601
f 5804/8/1601 332/5/1601 2624/8/1601
f 419/5/1691 5805/1/1692 2674/6/1522
f 2663/5/1693 2575/1/1694 5805/1/1692
f 5805/1/1692 383/1/1688 2671/1/1687
f 2674/6/1522 2671/1/1687 425/5/1523
f 346/5/1695 5806/8/1601 2520/8/1601
f 2609/16/1695 2745/8/1673 5806/8/1601
f 2745/8/1673 2610/16/1601 5806/8/1601
f 5806/8/1601 397/5/1601 2520/8/1601
f 2595/6/1696 2597/6/1659 389/5/1475
f 367/5/1697 5807/17/1698 2595/6/1696
f 5807/17/1698 349/5/1699 2594/13/1700
f 2597/6/1659 2594/13/1700 387/1/1660
f 2461/11/1701 2599/6/1600 388/1/1579
f 349/5/1699 5808/5/1702 2461/11/1701
f 2489/6/1703 2596/6/1704 5808/5/1702
f 5808/5/1702 390/5/1595 2599/6/1600
f 387/1/1660 5809/18/1705 2600/11/1578
f 2461/10/1701 2594/13/1700 349/5/1699
f 388/1/1579 5809/18/1705 2461/10/1701
f 361/1/1706 5810/2/1707 2596/3/1704
f 2603/4/1708 2602/3/1709 5810/2/1707
f 5810/2/1707 373/1/1465 2598/4/1596
f 2596/3/1704 2598/4/1596 390/1/1595
f 336/1/1710 5811/2/1711 2601/3/1474
f 2498/4/1712 2604/3/1713 5811/2/1711
f 5811/2/1711 367/1/1697 2595/4/1696
f 2601/3/1474 2595/4/1696 389/1/1475
f 2608/4/1714 2523/3/1654 347/1/1652
f 394/1/1590 5812/2/1715 2608/4/1714
f 5812/2/1715 414/1/1637 2612/4/1716
f 5812/2/1715 417/1/1717 2523/3/1654
f 341/5/1645 5813/8/1718 2511/8/1719
f 2616/16/1644 2742/8/1720 5813/8/1718
f 5813/8/1718 333/5/1721 2826/16/1722
f 2511/8/1719 2826/16/1722 465/5/1723
f 2734/4/1724 2821/5/1725 451/1/1726
f 453/1/1632 5814/5/1727 2734/4/1724
f 2822/5/1728 2813/8/1729 5814/5/1727
f 5814/5/1727 503/5/1730 2821/5/1725
f 396/5/1601 5815/8/1601 2623/8/1602
f 459/5/1601 5815/8/1601 2611/16/1601
f 2771/8/1601 2617/16/1731 5815/8/1601
f 5815/8/1601 345/5/1732 2623/8/1602
f 488/5/1733 5816/8/1734 2809/8/1735
f 2846/2/1736 2720/3/1737 5816/8/1734
f 2720/3/1737 2662/2/1738 5816/8/1734
f 5816/8/1734 501/5/1739 2809/8/1735
f 2519/8/1740 2522/3/1541 345/5/1539
f 392/5/1585 5817/15/1741 2519/8/1740
f 5817/15/1741 394/1/1590 2608/4/1714
f 5817/15/1741 347/1/1652 2522/3/1541
f 345/5/1732 5818/8/1742 2519/8/1743
f 2617/16/1731 2744/8/1744 5818/8/1742
f 5818/8/1742 466/5/1745 2618/16/1746
f 2519/8/1743 2618/16/1746 392/5/1747
f 2533/8/1748 2538/3/1583 353/5/1581
f 2533/8/1748 2621/3/1546 5819/15/1749
f 5819/15/1749 391/1/1551 2605/4/1750
f 5819/15/1749 374/1/1499 2538/3/1583
f 395/1/1467 5820/2/1751 2631/3/1752
f 2495/4/1466 2602/3/1709 5820/2/1751
f 5820/2/1751 408/1/1753 2630/4/1754
f 2631/3/1752 2630/4/1754 406/1/1755
f 406/1/1755 5821/2/1756 2631/3/1752
f 2572/4/1757 2632/3/1758 5821/2/1756
f 5821/2/1756 372/1/1549 2622/4/1759
f 2631/3/1752 2622/4/1759 395/1/1467
f 391/1/1551 5822/2/1760 2637/3/1761
f 2518/4/1550 2632/3/1758 5822/2/1760
f 5822/2/1760 407/1/1762 2613/4/1763
f 2637/3/1761 2613/4/1763 404/1/1764
f 2625/4/1765 2498/3/1712 336/1/1710
f 398/1/1543 5823/2/1766 2625/4/1765
f 2634/3/1651 2628/4/1767 5823/2/1766
f 5823/2/1766 418/1/1768 2498/3/1712
f 2605/6/1750 2549/10/1493 374/5/1499
f 2605/6/1750 2637/6/1761 5824/5/1769
f 5824/5/1769 404/5/1764 2571/6/1770
f 5824/5/1769 405/9/1494 2549/10/1493
f 358/5/1601 5825/8/1601 2542/8/1601
f 2635/16/1601 2750/8/1601 5825/8/1601
f 5825/8/1601 474/5/1601 2636/16/1601
f 2542/8/1601 2636/16/1601 357/5/1601
f 357/5/1601 5826/8/1601 2541/8/1601
f 2636/16/1601 2749/8/1601 5826/8/1601
f 5826/8/1601 471/5/1601 2638/16/1601
f 2541/8/1601 2638/16/1601 348/5/1601
f 2500/8/1771 2499/3/1473 335/5/1471
f 396/5/1538 5827/15/1772 2500/8/1771
f 2640/3/1537 2625/4/1765 5827/15/1772
f 5827/15/1772 336/1/1710 2499/3/1473
f 346/5/1773 5828/15/1774 2524/3/1548
f 2520/8/1775 2641/3/1462 5828/15/1774
f 5828/15/1774 395/1/1467 2622/4/1759
f 2524/3/1548 2622/4/1759 372/1/1549
f 2642/6/1776 2550/6/1616 405/9/1494
f 2642/6/1776 2368/6/1348 5829/5/1777
f 2368/6/1348 2643/6/1778 5829/5/1777
f 5829/5/1777 366/5/1615 2550/6/1616
f 366/1/1615 5830/2/1779 2540/3/1611
f 2643/4/1778 2366/3/1230 5830/2/1779
f 5830/2/1779 266/1/1162 2644/4/1780
f 2540/3/1611 2644/4/1780 356/1/1565
f 356/5/1565 5831/5/1781 2564/10/1560
f 2644/6/1780 2363/6/1164 5831/5/1781
f 5831/5/1781 413/5/1169 2645/6/1782
f 2564/10/1560 2645/6/1782 415/9/1558
f 418/1/1768 5832/2/1783 2604/3/1713
f 2646/4/1784 2361/3/1236 5832/2/1783
f 2361/3/1236 2647/4/1785 5832/2/1783
f 5832/2/1783 367/1/1697 2604/3/1713
f 2647/6/1785 2559/1/1786 367/5/1697
f 268/5/1235 5833/5/1787 2647/6/1785
f 2367/6/1241 2648/6/1788 5833/5/1787
f 2559/1/1786 2648/6/1788 349/5/1699
f 2648/6/1788 2489/6/1703 349/5/1699
f 267/5/1209 5834/5/1789 2648/6/1788
f 2364/6/1208 2649/6/1790 5834/5/1789
f 5834/5/1789 361/5/1706 2489/6/1703
f 2649/4/1790 2603/3/1708 361/1/1706
f 269/1/1207 5835/2/1791 2649/4/1790
f 2369/3/1255 2650/4/1792 5835/2/1791
f 5835/2/1791 408/1/1753 2603/3/1708
f 413/5/1169 5836/5/1793 2645/10/1782
f 2365/6/1221 2651/6/1794 5836/5/1793
f 5836/5/1793 414/5/1637 2565/6/1636
f 2645/10/1782 2565/6/1636 415/9/1558
f 412/1/1220 5837/2/1795 2651/3/1794
f 410/1/1201 5837/2/1795 2360/4/1225
f 2652/3/1796 2612/4/1716 5837/2/1795
f 2651/3/1794 2612/4/1716 414/1/1637
f 2358/4/1200 2652/3/1796 410/1/1201
f 409/1/1215 5838/2/1797 2358/4/1200
f 2653/3/1798 2569/4/1655 5838/2/1797
f 5838/2/1797 417/1/1717 2652/3/1796
f 2359/4/1214 2653/3/1798 409/1/1215
f 411/1/1237 5839/2/1799 2359/4/1214
f 2646/3/1784 2628/4/1767 5839/2/1799
f 5839/2/1799 416/1/1656 2653/3/1798
f 402/5/1349 5840/5/1800 2362/6/1246
f 2642/12/1776 2571/6/1770 5840/5/1800
f 5840/5/1800 404/5/1764 2654/6/1801
f 2362/6/1246 2654/6/1801 401/5/1247
f 401/1/1247 5841/2/1802 2357/3/1184
f 2654/4/1801 2613/3/1763 5841/2/1802
f 2613/3/1763 2655/4/1803 5841/2/1802
f 2357/3/1184 2655/4/1803 400/1/1185
f 2655/4/1803 2356/3/1251 400/1/1185
f 407/1/1762 5842/2/1804 2655/4/1803
f 2572/3/1757 2656/4/1805 5842/2/1804
f 5842/2/1804 399/1/1191 2356/3/1251
f 2656/4/1805 2370/3/1192 399/1/1191
f 406/1/1755 5843/2/1806 2656/4/1805
f 2630/3/1754 2650/4/1792 5843/2/1806
f 5843/2/1806 403/1/1193 2370/3/1192
f 2657/6/1807 2574/5/1808 376/5/1809
f 375/5/1684 5844/1/1810 2657/6/1807
f 2586/1/1690 2575/1/1694 5844/1/1810
f 5844/1/1810 384/5/1811 2574/5/1808
f 2658/2/1812 2589/8/1813 382/5/1814
f 381/1/1667 5845/8/1815 2658/2/1812
f 2591/3/1686 2657/2/1807 5845/8/1815
f 5845/8/1815 376/5/1809 2589/8/1813
f 2659/2/1816 2592/8/1817 377/5/1818
f 380/1/1662 5846/8/1819 2659/2/1816
f 2593/3/1669 2658/2/1812 5846/8/1819
f 5846/8/1819 382/5/1814 2592/8/1817
f 378/5/1820 5847/8/1821 2587/8/1822
f 2660/2/1823 2590/3/1664 5847/8/1821
f 2590/3/1664 2659/2/1816 5847/8/1821
f 2587/8/1822 2659/2/1816 377/5/1818
f 379/5/1824 5848/1/1825 2573/11/1682
f 378/5/1820 5848/1/1825 2660/6/1823
f 2588/5/1826 2576/1/1678 5848/1/1825
f 2573/11/1682 2576/1/1678 385/1/1676
f 2511/8/1827 2515/3/1828 341/5/1829
f 465/5/1510 5849/15/1830 2511/8/1827
f 2494/3/1509 2793/4/1529 5849/15/1830
f 5849/15/1830 343/1/1476 2515/3/1828
f 363/1/1613 5850/2/1831 2546/3/1617
f 2692/4/1832 2544/3/1608 5850/2/1831
f 2544/3/1608 2707/4/1833 5850/2/1831
f 5850/2/1831 362/1/1495 2546/3/1617
f 339/5/1834 5851/15/1835 2509/3/1504
f 2506/8/1836 2503/3/1532 5851/15/1835
f 5851/15/1835 456/1/1535 2737/4/1837
f 2509/3/1504 2737/4/1837 340/1/1505
f 2707/4/1833 2545/3/1497 362/1/1495
f 431/1/1526 5852/2/1838 2707/4/1833
f 2502/3/1525 2505/4/1514 5852/2/1838
f 5852/2/1838 338/1/1584 2545/3/1497
f 2557/4/1839 2695/3/1840 443/1/1841
f 359/1/1842 5853/2/1843 2557/4/1839
f 2664/3/1844 2566/4/1845 5853/2/1843
f 5853/2/1843 434/1/1846 2695/3/1840
f 2681/16/1601 2592/8/1601 382/5/1601
f 483/5/1601 5854/8/1601 2681/16/1601
f 5854/8/1601 482/5/1847 2682/16/1671
f 2592/8/1601 2682/16/1671 377/5/1848
f 368/1/1648 5855/2/1849 2560/3/1562
f 2719/4/1850 2526/3/1554 5855/2/1849
f 5855/2/1849 446/1/1557 2706/4/1851
f 2560/3/1562 2706/4/1851 351/1/1563
f 351/1/1563 5856/2/1852 2527/3/1612
f 2706/4/1851 2543/3/1604 5856/2/1852
f 5856/2/1852 432/1/1606 2692/4/1832
f 2527/3/1612 2692/4/1832 363/1/1613
f 2724/6/1853 2680/5/1854 437/5/1855
f 450/5/1856 5857/6/1857 2724/6/1853
f 5857/6/1857 510/5/1858 2800/5/1859
f 5857/6/1857 509/5/1860 2680/5/1854
f 2840/6/1861 2802/6/1862 491/16/1863
f 514/5/1864 5858/1/1865 2840/6/1861
f 2865/5/1866 2689/6/1867 5858/1/1865
f 5858/1/1865 492/5/1868 2802/6/1862
f 360/1/1869 5859/5/1870 2615/5/1871
f 428/1/1872 5859/5/1870 2558/4/1873
f 2844/5/1874 2493/8/1875 5859/5/1870
f 2615/5/1871 2493/8/1875 330/5/1876
f 430/5/1877 5860/1/1878 2661/5/1879
f 2842/6/1880 2850/5/1881 5860/1/1878
f 5860/1/1878 518/4/1882 2633/1/1883
f 2661/5/1879 2633/1/1883 507/7/1884
f 2629/1/1885 2794/5/1886 505/5/1887
f 525/4/1888 5861/1/1889 2629/1/1885
f 2862/5/1890 2716/6/1891 5861/1/1889
f 5861/1/1889 506/5/1892 2794/5/1886
f 359/1/1842 5862/2/1893 2664/3/1844
f 2711/4/1894 2697/3/1625 5862/2/1893
f 5862/2/1893 436/1/1627 2690/4/1895
f 5862/2/1893 371/1/1896 2664/3/1844
f 2709/4/1897 2702/3/1898 447/1/1899
f 443/1/1841 5863/2/1900 2709/4/1897
f 2695/3/1840 2691/4/1901 5863/2/1900
f 5863/2/1900 439/1/1902 2702/3/1898
f 2698/4/1903 2731/3/1630 444/1/1628
f 429/1/1904 5864/2/1905 2698/4/1903
f 2733/3/1906 2736/4/1907 5864/2/1905
f 5864/2/1905 452/1/1908 2731/3/1630
f 2705/4/1909 2727/3/1910 449/1/1911
f 447/1/1899 5865/2/1912 2705/4/1909
f 2702/3/1898 2693/4/1913 5865/2/1912
f 5865/2/1912 440/1/1914 2727/3/1910
f 2722/6/1915 2827/6/1916 448/5/1917
f 2722/6/1915 2661/5/1918 5866/1/1919
f 5866/1/1919 507/5/1920 2816/5/1921
f 2827/6/1916 2816/5/1921 486/5/1922
f 442/1/1923 5867/5/1924 2825/5/1925
f 2718/4/1926 2834/5/1927 5867/5/1924
f 5867/5/1924 478/5/1928 2804/8/1929
f 2825/5/1925 2804/8/1929 484/5/1930
f 2704/4/1931 2726/3/1932 448/1/1917
f 441/1/1933 5868/2/1934 2704/4/1931
f 2703/3/1935 2705/4/1909 5868/2/1934
f 5868/2/1934 449/1/1911 2726/3/1932
f 2687/4/1936 2720/3/1737 435/1/1937
f 436/1/1627 5869/2/1938 2687/4/1936
f 2732/3/1626 2734/4/1724 5869/2/1938
f 5869/2/1938 451/1/1726 2720/3/1737
f 2717/4/1939 2673/5/1940 350/1/1941
f 435/1/1937 5870/5/1942 2717/4/1939
f 2846/5/1736 2513/8/1943 5870/5/1942
f 5870/5/1942 331/5/1944 2673/5/1940
f 2708/4/1945 2703/3/1935 441/1/1933
f 428/1/1872 5871/2/1946 2708/4/1945
f 2696/3/1947 2709/4/1897 5871/2/1946
f 5871/2/1946 447/1/1899 2703/3/1935
f 2665/16/1948 2577/8/1949 344/5/1950
f 463/5/1951 5872/8/1952 2665/16/1948
f 2753/8/1953 2828/16/1954 5872/8/1952
f 5872/8/1952 419/5/1955 2577/8/1949
f 360/1/1869 5873/2/1956 2685/3/1957
f 2710/4/1958 2698/3/1903 5873/2/1956
f 5873/2/1956 444/1/1628 2711/4/1894
f 2685/3/1957 2711/4/1894 359/1/1842
f 2633/1/1883 2801/5/1959 507/7/1884
f 518/4/1882 5874/1/1960 2633/1/1883
f 2864/5/1961 2639/6/1962 5874/1/1960
f 5874/1/1960 508/5/1963 2801/5/1959
f 2689/6/1867 2807/6/1964 492/5/1868
f 511/5/1965 5875/4/1966 2689/6/1867
f 2868/5/1967 2712/1/1968 5875/4/1966
f 5875/4/1966 498/5/1969 2807/6/1964
f 2693/4/1913 2725/3/1970 440/1/1914
f 2693/4/1913 2694/3/1971 5876/2/1972
f 5876/2/1972 442/1/1923 2715/4/1973
f 2725/3/1970 2715/4/1973 450/1/1856
f 2729/16/1974 2688/8/1975 437/5/1974
f 519/5/1974 5877/8/1975 2729/16/1974
f 2852/8/1976 2713/16/1977 5877/8/1975
f 5877/8/1975 438/5/1978 2688/8/1975
f 2690/4/1895 2701/3/1979 371/1/1896
f 2690/4/1895 2687/3/1936 5878/2/1980
f 2687/3/1936 2717/4/1939 5878/2/1980
f 5878/2/1980 350/1/1941 2701/3/1979
f 2691/4/1901 2694/3/1971 439/1/1902
f 434/1/1846 5879/2/1981 2691/4/1901
f 2686/3/1982 2718/4/1926 5879/2/1981
f 2694/3/1971 2718/4/1926 442/1/1923
f 2766/16/1983 2753/8/1984 463/5/1985
f 488/5/1986 5880/8/1987 2766/16/1983
f 2809/8/1988 2781/16/1989 5880/8/1987
f 5880/8/1987 477/5/1990 2753/8/1984
f 493/6/1991 5881/5/1992 2810/5/1993
f 2812/5/1994 2620/6/1995 5881/5/1992
f 2620/6/1995 2627/6/1996 5881/5/1992
f 2810/5/1993 2627/6/1996 494/5/1997
f 2736/4/1907 2626/5/1998 452/1/1908
f 454/1/1999 5882/5/2000 2736/4/1907
f 5882/5/2000 497/5/2001 2811/8/2002
f 5882/5/2000 496/5/2003 2626/5/1998
f 429/1/1904 5883/5/2004 2837/5/2005
f 2710/4/1958 2615/5/1871 5883/5/2004
f 5883/5/2004 330/5/1876 2798/8/2006
f 2837/5/2005 2798/8/2006 499/5/2007
f 450/1/1856 5884/5/2008 2675/5/2009
f 2715/4/1973 2825/5/1925 5884/5/2008
f 5884/5/2008 484/5/1930 2815/8/2010
f 2675/5/2009 2815/8/2010 510/5/1858
f 2735/4/1631 2822/5/1728 453/1/1632
f 452/1/1908 5885/5/2011 2735/4/1631
f 2626/5/1998 2814/8/2012 5885/5/2011
f 5885/5/2011 487/5/2013 2822/5/1728
f 2721/2/2014 2688/8/2015 438/5/2016
f 440/1/1914 5886/8/2017 2721/2/2014
f 2725/3/1970 2724/2/1853 5886/8/2017
f 5886/8/2017 437/5/1855 2688/8/2015
f 2722/2/1915 2700/8/2018 430/5/2019
f 448/1/1917 5887/8/2020 2722/2/1915
f 2726/3/1932 2723/2/2021 5887/8/2020
f 5887/8/2020 445/5/2022 2700/8/2018
f 2716/16/1891 2806/8/2023 506/5/1892
f 524/5/2024 5888/8/2025 2716/16/1891
f 2867/8/2026 2730/16/2027 5888/8/2025
f 5888/8/2025 490/5/2028 2806/8/2023
f 2728/5/2029 2680/5/2030 509/5/2029
f 520/5/2029 5889/1/2030 2728/5/2029
f 2851/5/2030 2729/6/1974 5889/1/2030
f 5889/1/2030 437/5/1974 2680/5/2030
f 2723/2/2021 2699/8/2031 445/5/2022
f 449/1/1911 5890/8/2032 2723/2/2021
f 2727/3/1910 2721/2/2014 5890/8/2032
f 5890/8/2032 438/5/2016 2699/8/2031
f 2704/4/1931 2830/5/2033 441/1/1933
f 448/1/1917 5891/5/2034 2704/4/1931
f 2827/5/1916 2803/8/2035 5891/5/2034
f 5891/5/2034 485/5/2036 2830/5/2033
f 2730/6/2027 2805/3/2037 490/5/2028
f 528/5/2038 5892/1/2037 2730/6/2027
f 2866/5/2039 2840/6/1861 5892/1/2037
f 5892/1/2037 491/16/1863 2805/3/2037
f 445/5/2040 5893/8/2041 2700/8/2042
f 2841/16/2040 2855/8/2041 5893/8/2041
f 5893/8/2041 517/5/2043 2842/16/1880
f 2700/8/2042 2842/16/1880 430/5/1877
f 2708/4/1945 2844/5/1874 428/1/1872
f 441/1/1933 5894/5/2044 2708/4/1945
f 2830/5/2033 2796/8/2045 5894/5/2044
f 5894/5/2044 500/5/2046 2844/5/1874
f 2566/4/1845 2686/3/1982 434/1/1846
f 371/1/1896 5895/2/2047 2566/4/1845
f 2701/3/1979 2531/4/2048 5895/2/2047
f 5895/2/2047 433/1/2049 2686/3/1982
f 2531/4/2048 2834/5/1927 433/1/2049
f 350/1/1941 5896/5/2050 2531/4/2048
f 2673/5/1940 2797/8/2051 5896/5/2050
f 5896/5/2050 478/5/1928 2834/5/1927
f 2558/4/1873 2696/3/1947 428/1/1872
f 360/1/1869 5897/2/2052 2558/4/1873
f 2685/3/1957 2557/4/1839 5897/2/2052
f 5897/2/2052 443/1/1841 2696/3/1947
f 2762/16/2053 2748/8/2054 473/5/2055
f 484/5/2056 5898/8/2057 2762/16/2053
f 2804/8/2058 2754/16/2059 5898/8/2057
f 5898/8/2057 464/5/2060 2748/8/2054
f 472/5/2061 5899/6/2062 2761/5/2063
f 2764/6/2064 2816/5/2065 5899/6/2062
f 5899/6/2062 507/7/1884 2789/1/2066
f 2761/5/2063 2789/1/2066 469/5/2067
f 2714/16/2068 2501/8/2069 334/5/2070
f 331/5/2071 5900/8/2072 2714/16/2068
f 2513/8/2073 2766/16/1983 5900/8/2072
f 5900/8/2072 463/5/1985 2501/8/2069
f 2792/16/2074 2760/8/2075 466/5/2076
f 510/5/2077 5901/8/2078 2792/16/2074
f 2815/8/2079 2762/16/2053 5901/8/2078
f 5901/8/2078 473/5/2055 2760/8/2075
f 499/5/2007 5902/15/2080 2837/3/2005
f 2820/8/2081 2627/3/1996 5902/15/2080
f 5902/15/2080 454/1/1999 2733/4/1906
f 2837/3/2005 2733/4/1906 429/1/1904
f 480/5/2082 5903/1/2083 2755/5/2084
f 2773/1/2085 2810/5/2086 5903/1/2083
f 5903/1/2083 494/5/2087 2774/6/2088
f 2755/5/2084 2774/6/2088 479/5/2089
f 483/5/2090 5904/8/2091 2759/8/2092
f 2765/16/2093 2814/8/2094 5904/8/2091
f 5904/8/2091 496/5/2095 2776/16/2096
f 2759/8/2092 2776/16/2096 482/5/2097
f 462/5/2098 5905/8/2099 2740/8/2100
f 2780/16/2101 2796/8/2102 5905/8/2099
f 5905/8/2099 485/5/2103 2763/16/2104
f 2740/8/2100 2763/16/2104 461/5/2105
f 461/5/2105 5906/8/2106 2747/8/2107
f 2763/16/2104 2803/8/2108 5906/8/2106
f 5906/8/2106 486/5/2109 2764/16/2064
f 2747/8/2107 2764/16/2064 472/5/2061
f 2770/2/2110 2751/8/2111 470/5/2112
f 492/1/1868 5907/8/2113 2770/2/2110
f 2807/3/1964 2778/2/2114 5907/8/2113
f 5907/8/2113 460/5/2115 2751/8/2111
f 2788/16/1892 2750/8/2116 457/5/2117
f 506/5/1892 5908/8/2023 2788/16/1892
f 2806/8/2023 2768/16/2028 5908/8/2023
f 5908/8/2023 474/5/2118 2750/8/2116
f 479/5/2089 5909/8/2119 2787/8/2120
f 2774/16/2088 2820/8/2121 5909/8/2119
f 5909/8/2119 499/5/2122 2779/16/2123
f 2787/8/2120 2779/16/2123 455/5/2124
f 475/5/2125 5910/8/2126 2758/8/2127
f 2783/16/2128 2813/8/2129 5910/8/2126
f 5910/8/2126 487/5/2130 2765/16/2093
f 2758/8/2127 2765/16/2093 483/5/2090
f 2754/16/2059 2741/8/2131 464/5/2060
f 478/5/2132 5911/8/2133 2754/16/2059
f 2797/8/2134 2714/16/2068 5911/8/2133
f 5911/8/2133 334/5/2070 2741/8/2131
f 2768/6/2028 2749/5/2135 474/5/2118
f 490/5/2028 5912/1/2037 2768/6/2028
f 2805/3/2037 2769/1/1863 5912/1/2037
f 5912/1/2037 471/5/2136 2749/5/2135
f 2769/1/1863 2746/5/2137 471/5/2136
f 491/16/1863 5913/5/2138 2769/1/1863
f 2802/6/1862 2770/6/2110 5913/5/2138
f 5913/5/2138 470/5/2112 2746/5/2137
f 481/5/2139 5914/1/2140 2757/5/2141
f 2777/6/2142 2812/5/2143 5914/1/2140
f 5914/1/2140 493/4/2144 2773/1/2085
f 2757/5/2141 2773/1/2085 480/5/2082
f 455/5/2124 5915/8/2145 2742/8/2146
f 2779/16/2123 2798/8/2147 5915/8/2145
f 5915/8/2145 330/5/2148 2767/16/2149
f 2742/8/2146 2767/16/2149 333/5/2150
f 482/5/2097 5916/8/2151 2756/8/2152
f 2776/16/2096 2811/8/2153 5916/8/2151
f 5916/8/2151 497/5/2154 2777/16/2142
f 2756/8/2152 2777/16/2142 481/5/2139
f 2778/2/2114 2739/8/2155 460/5/2115
f 498/1/1969 5917/8/2156 2778/2/2114
f 2795/3/2157 2785/2/2158 5917/8/2156
f 5917/8/2156 459/5/2159 2739/8/2155
f 333/5/2150 5918/8/2160 2514/8/2161
f 2767/16/2149 2493/8/2162 5918/8/2160
f 5918/8/2160 500/5/2163 2780/16/2101
f 2514/8/2161 2780/16/2101 462/5/2098
f 2790/16/2164 2772/8/2165 468/5/2166
f 508/5/1963 5919/8/2167 2790/16/2164
f 2818/8/2168 2786/16/2169 5919/8/2167
f 5919/8/2167 458/5/2169 2772/8/2165
f 2781/6/1989 2784/5/2170 477/5/1990
f 501/5/2171 5920/1/2172 2781/6/1989
f 2819/5/2173 2782/1/2174 5920/1/2172
f 5920/1/2172 476/5/2175 2784/5/2170
f 476/5/2175 5921/1/2176 2752/5/2177
f 2782/1/2174 2808/5/2178 5921/1/2176
f 5921/1/2176 503/5/2128 2783/6/2128
f 2752/5/2177 2783/6/2128 475/5/2125
f 459/5/2159 5922/1/2179 2771/5/2180
f 2785/6/2158 2817/1/2181 5922/1/2179
f 5922/1/2179 509/7/2182 2791/6/2183
f 2771/5/2180 2791/6/2183 467/5/2184
f 2786/16/2169 2738/8/2185 458/5/2169
f 505/5/1887 5923/8/2186 2786/16/2169
f 2794/8/1886 2788/16/1892 5923/8/2186
f 5923/8/2186 457/5/2117 2738/8/2185
f 469/5/2067 5924/1/2187 2745/5/2188
f 2789/1/2066 2801/5/1959 5924/1/2187
f 5924/1/2187 508/5/1963 2790/6/2164
f 2745/5/2188 2790/6/2164 468/5/2166
f 2791/6/2183 2744/5/2189 467/5/2184
f 509/7/2182 5925/1/2190 2791/6/2183
f 2800/5/2191 2792/6/2074 5925/1/2190
f 5925/1/2190 466/5/2076 2744/5/2189
f 386/6/2192 5926/8/2193 2579/8/2194
f 2833/8/2195 2755/8/2196 5926/8/2193
f 5926/8/2193 479/5/2197 2832/16/1641
f 2579/8/2194 2832/16/1641 420/5/1638
f 2618/16/1746 2606/8/2198 392/5/1747
f 466/5/1745 5927/8/2199 2618/16/1746
f 2760/8/2200 2835/16/2201 5927/8/2199
f 5927/8/2199 355/5/2202 2606/8/2198
f 2836/16/2203 2607/8/2204 393/5/2203
f 472/5/2205 5928/8/2206 2836/16/2203
f 2761/8/2207 2609/16/1695 5928/8/2206
f 5928/8/2206 346/5/1695 2607/8/2204
f 337/5/2208 5929/8/2209 2504/8/2210
f 2839/16/2211 2740/8/2212 5929/8/2209
f 5929/8/2209 461/5/2213 2838/16/2214
f 2504/8/2210 2838/16/2214 353/5/2215
f 2775/16/2216 2799/8/2217 489/5/2218
f 334/5/2219 5930/8/2220 2775/16/2216
f 2501/8/2221 2665/16/1948 5930/8/2220
f 5930/8/2220 344/5/1950 2799/8/2217
f 353/5/2215 5931/8/2222 2533/8/2223
f 2838/16/2214 2747/8/2224 5931/8/2222
f 2747/8/2224 2836/16/2203 5931/8/2222
f 5931/8/2222 393/5/2203 2533/8/2223
f 2828/16/1954 2663/8/2225 419/5/1955
f 477/5/2226 5932/8/2227 2828/16/1954
f 5932/8/2227 476/5/2228 2824/16/1672
f 2663/8/2225 2824/16/1672 384/5/1670
f 502/6/2229 5933/5/2230 2808/5/2231
f 2819/5/2232 2662/6/1738 5933/5/2230
f 5933/5/2230 451/5/1726 2821/6/1725
f 2808/5/2231 2821/6/1725 503/5/1730
f 377/5/1848 5934/8/2233 2587/8/2234
f 2682/16/1671 2756/8/2235 5934/8/2233
f 2756/8/2235 2845/16/2236 5934/8/2233
f 5934/8/2233 378/5/2237 2587/8/2234
f 2845/16/2236 2588/8/2238 378/5/2237
f 481/5/2239 5935/8/2240 2845/16/2236
f 2757/8/2241 2833/8/2195 5935/8/2240
f 5935/8/2240 386/6/2192 2588/8/2238
f 2829/16/1601 2562/8/1601 370/5/1601
f 470/5/1601 5936/8/1601 2829/16/1601
f 2751/8/1601 2831/16/1601 5936/8/1601
f 5936/8/1601 335/5/1601 2562/8/1601
f 2835/16/2201 2536/8/2242 355/5/2202
f 473/5/2243 5937/8/2244 2835/16/2201
f 2748/8/2245 2843/16/2246 5937/8/2244
f 5937/8/2244 339/5/2247 2536/8/2242
f 2823/16/1601 2589/8/1601 376/5/1673
f 475/5/1601 5938/8/1601 2823/16/1601
f 2758/8/1601 2681/16/1601 5938/8/1601
f 5938/8/1601 382/5/1601 2589/8/1601
f 340/1/1505 5939/2/2248 2508/3/1647
f 2737/4/1837 2563/3/1650 5939/2/2248
f 5939/2/2248 427/1/1552 2719/4/1850
f 2508/3/1647 2719/4/1850 368/1/1648
f 465/5/1723 5940/8/2249 2743/8/2250
f 2826/16/1722 2514/8/2251 5940/8/2249
f 5940/8/2249 462/5/2252 2839/16/2211
f 2743/8/2250 2839/16/2211 337/5/2208
f 2843/16/2246 2506/8/2253 339/5/2247
f 464/5/2254 5941/8/2255 2843/16/2246
f 2741/8/2256 2775/16/2216 5941/8/2255
f 5941/8/2255 489/5/2218 2506/8/2253
f 523/1/2257 5942/5/2258 2871/5/2258
f 2861/4/2259 2848/5/2260 5942/5/2258
f 5942/5/2258 514/5/2261 2866/8/2262
f 2871/5/2258 2866/8/2262 528/5/2263
f 525/6/2261 5943/5/2264 2862/5/2264
f 2870/5/2264 2849/6/2265 5943/5/2264
f 5943/5/2264 516/5/2266 2872/6/2267
f 2862/5/2264 2872/6/2267 524/5/2264
f 2857/5/2268 2861/3/2259 523/1/2257
f 522/5/2269 5944/8/2270 2857/5/2268
f 2854/8/2271 2853/5/2272 5944/8/2270
f 5944/8/2270 513/1/2273 2861/3/2259
f 513/1/2273 5945/5/2274 2848/5/2260
f 2859/4/2275 2847/5/2262 5945/5/2274
f 5945/5/2274 511/5/2261 2865/8/2261
f 2848/5/2260 2865/8/2261 514/5/2261
f 516/1/2266 5946/8/2276 2860/3/2277
f 2856/5/2278 2855/8/2279 5946/8/2276
f 2855/8/2279 2857/5/2268 5946/8/2276
f 5946/8/2276 523/1/2257 2860/3/2277
f 2853/5/2272 2859/3/2275 513/1/2273
f 521/5/2280 5947/8/2281 2853/5/2272
f 2852/8/2282 2858/5/2283 5947/8/2281
f 5947/8/2281 512/1/2284 2859/3/2275
f 2858/5/2283 2873/5/2261 512/1/2284
f 519/5/2285 5948/1/2286 2858/5/2283
f 2851/8/2287 2869/8/2261 5948/1/2286
f 5948/1/2286 526/5/2261 2873/5/2261
f 517/5/2288 5949/6/2289 2850/5/2290
f 2856/6/2278 2849/6/2265 5949/6/2289
f 5949/6/2289 515/5/2291 2864/5/2292
f 5949/6/2289 518/6/2293 2850/5/2290
f 527/6/2294 5950/5/2261 2863/5/2261
f 2868/5/2294 2847/6/2262 5950/5/2261
f 5950/5/2261 512/5/2284 2873/6/2261
f 2863/5/2261 2873/6/2261 526/5/2261
f 2860/4/2277 2872/5/2267 516/1/2266
f 523/1/2257 5951/5/2295 2860/4/2277
f 2871/5/2258 2867/8/2264 5951/5/2295
f 5951/5/2295 524/5/2264 2872/5/2267
f 504/5/2296 5952/1/2297 2817/1/2181
f 2874/6/2298 2869/5/2299 5952/1/2297
f 5952/1/2297 520/5/2300 2728/5/2301
f 2817/1/2181 2728/5/2301 509/7/2182
f 2712/1/1968 2795/6/2157 498/5/1969
f 527/4/2302 5953/1/2303 2712/1/1968
f 2863/5/2304 2874/6/2298 5953/1/2303
f 5953/1/2303 504/5/2296 2795/6/2157
f 2713/16/1977 2699/8/2305 438/5/1978
f 521/5/1977 5954/8/2305 2713/16/1977
f 5954/8/2305 522/5/2040 2841/16/2040
f 2699/8/2305 2841/16/2040 445/5/2040
f 2639/6/1962 2818/5/2168 508/5/1963
f 515/5/2306 5955/1/2307 2639/6/1962
f 2870/5/2308 2629/1/1885 5955/1/2307
f 5955/1/2307 505/5/1887 2818/5/2168
f 341/5/1829 5956/8/2309 2666/8/2310
f 2515/2/1828 2667/3/1478 5956/8/2309
f 5956/8/2309 421/1/1483 2679/2/1675
f 2666/8/2310 2679/2/1675 420/5/1680
f 598/1/2311 5957/2/2312 3022/3/2313
f 2972/4/2314 2875/3/2315 5957/2/2312
f 5957/2/2312 529/1/2316 2887/4/2317
f 3022/3/2313 2887/4/2317 579/1/2318
f 2975/4/2319 3019/3/2320 601/1/2321
f 532/1/2322 5958/2/2323 2975/4/2319
f 2884/3/2324 2888/4/2325 5958/2/2323
f 5958/2/2323 582/1/2326 3019/3/2320
f 579/1/2318 5959/2/2327 3016/3/2328
f 2887/4/2317 2876/3/2329 5959/2/2327
f 5959/2/2327 536/1/2330 2889/4/2331
f 3016/3/2328 2889/4/2331 585/1/2332
f 2888/4/2325 3013/3/2333 582/1/2326
f 540/1/2334 5960/2/2335 2888/4/2325
f 2885/3/2336 2890/4/2337 5960/2/2335
f 5960/2/2335 588/1/2338 3013/3/2333
f 585/1/2332 5961/2/2339 3010/3/2340
f 2889/4/2331 2886/3/2341 5961/2/2339
f 5961/2/2339 532/1/2322 2975/4/2319
f 3010/3/2340 2975/4/2319 601/1/2321
f 604/1/2342 5962/2/2343 3007/3/2344
f 2978/4/2345 2879/3/2346 5962/2/2343
f 5962/2/2343 535/1/2347 2972/4/2314
f 3007/3/2344 2972/4/2314 598/1/2311
f 2890/4/2337 3004/3/2348 588/1/2338
f 534/1/2349 5963/2/2350 2890/4/2337
f 5963/2/2350 539/1/2351 2891/4/2352
f 3004/3/2348 2891/4/2352 591/1/2353
f 607/1/2354 5964/2/2355 3001/3/2356
f 537/1/2357 5964/2/2355 2981/4/2358
f 5964/2/2355 531/1/2359 2978/4/2345
f 3001/3/2356 2978/4/2345 604/1/2342
f 2984/4/2360 2998/3/2361 610/1/2362
f 533/1/2363 5965/2/2364 2984/4/2360
f 2882/3/2365 2981/4/2358 5965/2/2364
f 2998/3/2361 2981/4/2358 607/1/2354
f 591/1/2353 5966/2/2366 2995/3/2367
f 2891/4/2352 2880/3/2368 5966/2/2366
f 5966/2/2366 530/1/2369 2892/4/2370
f 2995/3/2367 2892/4/2370 594/1/2371
f 594/1/2371 5967/2/2372 2992/3/2373
f 530/1/2369 5967/2/2372 2892/4/2370
f 2877/3/2374 2893/4/2375 5967/2/2372
f 5967/2/2372 597/1/2376 2992/3/2373
f 2893/4/2375 2989/3/2377 597/1/2376
f 538/1/2378 5968/2/2379 2893/4/2375
f 2883/3/2380 2984/4/2360 5968/2/2379
f 5968/2/2379 610/1/2362 2989/3/2377
f 1598/19/2381 5969/5/2382 4988/7/2383
f 552/5/2384 5969/5/2382 2900/1/2385
f 5969/5/2382 550/5/2386 4963/6/2387
f 4988/7/2383 4963/6/2387 1607/7/2388
f 1596/7/2389 5970/6/2390 4986/6/2391
f 2899/6/2392 2902/6/2393 5970/6/2390
f 5970/6/2390 552/5/2384 2900/1/2385
f 4986/6/2391 2900/1/2385 1598/19/2381
f 1594/5/2394 5971/5/2395 4984/1/2396
f 2898/6/2397 2903/6/2398 5971/5/2395
f 5971/5/2395 551/5/2399 2899/6/2392
f 4984/1/2396 2899/6/2392 1596/7/2389
f 1607/7/2388 5972/1/2400 4982/6/2401
f 4963/6/2387 2904/1/2402 5972/1/2400
f 5972/1/2400 549/7/2403 4961/6/2404
f 4982/6/2401 4961/6/2404 1605/7/2405
f 4961/6/2404 4980/6/2406 1605/7/2405
f 549/5/2403 5973/1/2407 4961/6/2404
f 2905/5/2408 4959/10/2409 5973/1/2407
f 4980/6/2406 4959/10/2409 1603/20/2410
f 1592/1/2411 5974/2/2412 4978/3/2413
f 2897/4/2414 2906/3/2415 5974/2/2412
f 5974/2/2412 548/1/2416 2898/3/2397
f 4978/3/2413 2898/3/2397 1594/1/2394
f 1603/20/2410 5975/1/2417 4976/5/2418
f 4959/10/2409 2907/5/2419 5975/1/2417
f 5975/1/2417 542/5/2420 4955/2/2421
f 4976/5/2418 4955/2/2421 1599/21/2422
f 1590/1/2423 5976/2/2424 4974/3/2425
f 2896/22/2426 2908/3/2427 5976/2/2424
f 5976/2/2424 544/1/2428 4957/4/2429
f 4974/3/2425 4957/4/2429 1601/1/2430
f 1588/1/2431 5977/2/2432 4972/3/2433
f 2895/4/2434 2909/3/2435 5977/2/2432
f 5977/2/2432 546/1/2436 2897/4/2414
f 4972/3/2433 2897/4/2414 1592/1/2411
f 1586/20/2437 5978/5/2438 4970/6/2439
f 2894/6/2440 2910/6/2441 5978/5/2438
f 5978/5/2438 545/5/2442 2896/6/2426
f 4970/6/2439 2896/6/2426 1590/5/2423
f 1601/1/2430 5979/2/2443 4968/3/2444
f 4957/4/2429 2911/3/2445 5979/2/2443
f 5979/2/2443 543/1/2446 2895/4/2434
f 4968/3/2444 2895/4/2434 1588/1/2431
f 1599/21/2422 5980/5/2447 4966/5/2448
f 4955/2/2421 2912/6/2449 5980/5/2447
f 5980/5/2447 541/5/2450 2894/6/2440
f 4966/5/2448 2894/6/2440 1586/20/2437
f 1612/1/2451 5981/2/2452 5012/3/2453
f 2933/4/2454 2918/3/2455 5981/2/2452
f 5981/2/2452 564/1/2456 4998/4/2457
f 5012/3/2453 4998/4/2457 1618/1/2458
f 1611/1/2459 5982/2/2460 5011/3/2461
f 2932/4/2462 2919/3/2463 5982/2/2460
f 5982/2/2460 559/1/2464 2933/4/2454
f 5011/3/2461 2933/4/2454 1612/1/2451
f 1620/1/2465 5983/2/2466 5010/3/2467
f 3467/4/2468 2920/3/2469 5983/2/2466
f 5983/2/2466 558/1/2470 2932/4/2462
f 5010/3/2467 2932/4/2462 1611/1/2459
f 1618/1/2458 5984/2/2471 5009/3/2472
f 4998/4/2457 2921/3/2473 5984/2/2471
f 2921/3/2473 4997/4/2474 5984/2/2471
f 5984/2/2471 1617/1/2475 5009/3/2472
f 4997/4/2474 5008/3/2476 1617/1/2475
f 563/1/2477 5985/2/2478 4997/4/2474
f 2922/3/2479 4996/4/2480 5985/2/2478
f 5985/2/2478 1616/1/2481 5008/3/2476
f 1609/1/2482 5986/2/2483 5007/3/2484
f 2930/4/2485 2923/3/2486 5986/2/2483
f 5986/2/2483 557/1/2487 3467/4/2468
f 5007/3/2484 3467/4/2468 1620/1/2465
f 4996/4/2480 5006/3/2488 1616/1/2481
f 562/1/2489 5987/2/2490 4996/4/2480
f 2924/3/2491 4995/4/2492 5987/2/2490
f 5987/2/2490 1615/1/2493 5006/3/2488
f 3024/4/2494 5005/3/2495 1614/1/2496
f 555/1/2497 5988/2/2498 3024/4/2494
f 2925/3/2499 4990/4/2500 5988/2/2498
f 5988/2/2498 1610/1/2501 5005/3/2495
f 1619/1/2502 5989/2/2503 5004/3/2504
f 3466/4/2505 2926/3/2506 5989/2/2503
f 5989/2/2503 556/1/2507 2930/4/2485
f 5004/3/2504 2930/4/2485 1609/1/2482
f 3023/4/2508 5003/3/2509 1613/1/2510
f 553/1/2511 5990/2/2512 3023/4/2508
f 2927/3/2513 3024/4/2494 5990/2/2512
f 5990/2/2512 1614/1/2496 5003/3/2509
f 1610/1/2501 5991/2/2514 5002/3/2515
f 561/1/2516 5991/2/2514 4990/4/2500
f 5991/2/2514 554/1/2517 3466/4/2505
f 5002/3/2515 3466/4/2505 1619/1/2502
f 4995/4/2492 5001/3/2518 1615/1/2493
f 560/1/2519 5992/2/2520 4995/4/2492
f 2929/3/2521 3023/4/2508 5992/2/2520
f 5992/2/2520 1613/1/2510 5001/3/2518
f 559/1/2464 5993/2/2522 2918/3/2455
f 2969/4/2523 2987/3/2524 5993/2/2522
f 5993/2/2522 612/1/2525 2917/4/2526
f 2918/3/2455 2917/4/2526 564/1/2456
f 595/1/2527 5994/2/2528 2987/3/2524
f 2970/4/2529 2988/3/2530 5994/2/2528
f 5994/2/2528 611/1/2531 2986/4/2532
f 2987/3/2524 2986/4/2532 612/1/2525
f 596/1/2533 5995/2/2534 2988/3/2530
f 2971/4/2535 2989/3/2377 5995/2/2534
f 2989/3/2377 2985/4/2536 5995/2/2534
f 2988/3/2530 2985/4/2536 611/1/2531
f 558/1/2470 5996/2/2537 2919/3/2463
f 2966/4/2538 2990/3/2539 5996/2/2537
f 5996/2/2537 595/1/2527 2969/4/2523
f 2919/3/2463 2969/4/2523 559/1/2464
f 592/1/2540 5997/2/2541 2990/3/2539
f 2967/4/2542 2991/3/2543 5997/2/2541
f 5997/2/2541 596/1/2533 2970/4/2529
f 2990/3/2539 2970/4/2529 595/1/2527
f 593/1/2544 5998/2/2545 2991/3/2543
f 2968/4/2546 2992/3/2373 5998/2/2545
f 5998/2/2545 597/1/2376 2971/4/2535
f 2991/3/2543 2971/4/2535 596/1/2533
f 557/1/2487 5999/2/2547 2920/3/2469
f 2963/4/2548 2993/3/2549 5999/2/2547
f 5999/2/2547 592/1/2540 2966/4/2538
f 2920/3/2469 2966/4/2538 558/1/2470
f 589/1/2550 6000/2/2551 2993/3/2549
f 2964/4/2552 2994/3/2553 6000/2/2551
f 6000/2/2551 593/1/2544 2967/4/2542
f 2993/3/2549 2967/4/2542 592/1/2540
f 590/1/2554 6001/2/2555 2994/3/2553
f 2965/4/2556 2995/3/2367 6001/2/2555
f 6001/2/2555 594/1/2371 2968/4/2546
f 2994/3/2553 2968/4/2546 593/1/2544
f 2917/4/2526 2921/3/2473 564/1/2456
f 612/1/2525 6002/2/2557 2917/4/2526
f 2996/3/2558 2916/4/2559 6002/2/2557
f 6002/2/2557 563/1/2477 2921/3/2473
f 2986/4/2532 2996/3/2558 612/1/2525
f 611/1/2531 6003/2/2560 2986/4/2532
f 2997/3/2561 2983/4/2562 6003/2/2560
f 6003/2/2560 609/1/2563 2996/3/2558
f 2985/4/2536 2997/3/2561 611/1/2531
f 610/1/2362 6004/2/2564 2985/4/2536
f 2998/3/2361 2982/4/2565 6004/2/2564
f 6004/2/2564 608/1/2566 2997/3/2561
f 2916/4/2559 2922/3/2479 563/1/2477
f 609/1/2563 6005/2/2567 2916/4/2559
f 2999/3/2568 2915/4/2569 6005/2/2567
f 6005/2/2567 562/1/2489 2922/3/2479
f 2983/4/2562 2999/3/2568 609/1/2563
f 608/1/2566 6006/2/2570 2983/4/2562
f 3000/3/2571 2980/4/2572 6006/2/2570
f 6006/2/2570 606/1/2573 2999/3/2568
f 2982/4/2565 3000/3/2571 608/1/2566
f 607/1/2354 6007/2/2574 2982/4/2565
f 3001/3/2356 2979/4/2575 6007/2/2574
f 6007/2/2574 605/1/2576 3000/3/2571
f 556/1/2507 6008/2/2577 2923/3/2486
f 2960/4/2578 3002/3/2579 6008/2/2577
f 6008/2/2577 589/1/2550 2963/4/2548
f 2923/3/2486 2963/4/2548 557/1/2487
f 586/1/2580 6009/2/2581 3002/3/2579
f 2961/4/2582 3003/3/2583 6009/2/2581
f 6009/2/2581 590/1/2554 2964/4/2552
f 3002/3/2579 2964/4/2552 589/1/2550
f 587/1/2584 6010/2/2585 3003/3/2583
f 2962/4/2586 3004/3/2348 6010/2/2585
f 6010/2/2585 591/1/2353 2965/4/2556
f 3003/3/2583 2965/4/2556 590/1/2554
f 2915/4/2569 2924/3/2491 562/1/2489
f 606/1/2573 6011/2/2587 2915/4/2569
f 3005/3/2588 2913/4/2589 6011/2/2587
f 6011/2/2587 560/1/2519 2924/3/2491
f 2980/4/2572 3005/3/2588 606/1/2573
f 605/1/2576 6012/2/2590 2980/4/2572
f 3006/3/2591 2974/4/2592 6012/2/2590
f 6012/2/2590 600/1/2593 3005/3/2588
f 2979/4/2575 3006/3/2591 605/1/2576
f 604/1/2342 6013/2/2594 2979/4/2575
f 3007/3/2344 2973/4/2595 6013/2/2594
f 6013/2/2594 599/1/2596 3006/3/2591
f 2957/4/2597 2925/3/2499 555/1/2497
f 583/1/2598 6014/2/2599 2957/4/2597
f 3008/3/2600 2914/4/2601 6014/2/2599
f 6014/2/2599 561/1/2516 2925/3/2499
f 2958/4/2602 3008/3/2600 583/1/2598
f 584/1/2603 6015/2/2604 2958/4/2602
f 3009/3/2605 2977/4/2606 6015/2/2604
f 6015/2/2604 603/1/2607 3008/3/2600
f 584/1/2603 6016/2/2608 3009/3/2605
f 2959/4/2609 3010/3/2340 6016/2/2608
f 6016/2/2608 601/1/2321 2976/4/2610
f 3009/3/2605 2976/4/2610 602/1/2611
f 2954/4/2612 2926/3/2506 554/1/2517
f 580/1/2613 6017/2/2614 2954/4/2612
f 6017/2/2614 586/1/2580 2960/4/2578
f 2926/3/2506 2960/4/2578 556/1/2507
f 2955/4/2615 3011/3/2616 580/1/2613
f 2955/4/2615 3012/3/2617 6018/2/2618
f 6018/2/2618 587/1/2584 2961/4/2582
f 6018/2/2618 586/1/2580 3011/3/2616
f 581/1/2619 6019/2/2620 3012/3/2617
f 2956/4/2621 3013/3/2333 6019/2/2620
f 6019/2/2620 588/1/2338 2962/4/2586
f 3012/3/2617 2962/4/2586 587/1/2584
f 2951/4/2622 2927/3/2513 553/1/2511
f 577/1/2623 6020/2/2624 2951/4/2622
f 3014/3/2625 2957/4/2597 6020/2/2624
f 6020/2/2624 555/1/2497 2927/3/2513
f 2952/4/2626 3014/3/2625 577/1/2623
f 578/1/2627 6021/2/2628 2952/4/2626
f 3015/3/2629 2958/4/2602 6021/2/2628
f 6021/2/2628 583/1/2598 3014/3/2625
f 2953/4/2630 3015/3/2629 578/1/2627
f 2953/4/2630 3016/3/2328 6022/2/2631
f 6022/2/2631 585/1/2332 2959/4/2609
f 6022/2/2631 584/1/2603 3015/3/2629
f 2914/4/2601 2928/3/2632 561/1/2516
f 603/1/2607 6023/2/2633 2914/4/2601
f 3017/3/2634 2954/4/2612 6023/2/2633
f 6023/2/2633 554/1/2517 2928/3/2632
f 2977/4/2606 3017/3/2634 603/1/2607
f 602/1/2611 6024/2/2635 2977/4/2606
f 3018/3/2636 2955/4/2615 6024/2/2635
f 6024/2/2635 580/1/2613 3017/3/2634
f 602/1/2611 6025/2/2637 3018/3/2636
f 2976/4/2610 3019/3/2320 6025/2/2637
f 6025/2/2637 582/1/2326 2956/4/2621
f 3018/3/2636 2956/4/2621 581/1/2619
f 2913/4/2589 2929/3/2521 560/1/2519
f 600/1/2593 6026/2/2638 2913/4/2589
f 3020/3/2639 2951/4/2622 6026/2/2638
f 6026/2/2638 553/1/2511 2929/3/2521
f 2974/4/2592 3020/3/2639 600/1/2593
f 599/1/2596 6027/2/2640 2974/4/2592
f 3021/3/2641 2952/4/2626 6027/2/2640
f 6027/2/2640 577/1/2623 3020/3/2639
f 2973/4/2595 3021/3/2641 599/1/2596
f 598/1/2311 6028/2/2642 2973/4/2595
f 3022/3/2313 2953/4/2630 6028/2/2642
f 6028/2/2642 578/1/2627 3021/3/2641
f 3443/4/2643 3431/3/2644 822/1/2645
f 812/1/2646 6029/2/2647 3443/4/2643
f 3421/3/2648 3031/4/2649 6029/2/2647
f 6029/2/2647 742/1/2650 3431/3/2644
f 820/5/2651 6030/5/2652 3429/1/2653
f 3442/6/2654 3422/6/2655 6030/5/2652
f 6030/5/2652 620/5/2656 3034/6/2657
f 3429/1/2653 3034/6/2657 630/1/2658
f 821/1/2659 6031/2/2660 3430/3/2661
f 3441/4/2662 3423/3/2663 6031/2/2660
f 6031/2/2660 618/1/2664 3037/4/2665
f 3430/3/2661 3037/4/2665 744/1/2666
f 817/5/2667 6032/5/2668 3426/1/2669
f 3440/6/2670 3030/6/2671 6032/5/2668
f 6032/5/2668 614/5/2672 3040/6/2673
f 3426/1/2669 3040/6/2673 635/1/2674
f 3050/4/2675 3068/3/2676 626/1/2677
f 625/1/2678 6033/2/2679 3050/4/2675
f 3069/3/2680 3413/4/2681 6033/2/2679
f 6033/2/2679 799/1/2682 3068/3/2676
f 3397/4/2683 3330/3/2684 786/1/2685
f 753/1/2686 6034/2/2687 3397/4/2683
f 3297/3/2688 3089/4/2689 6034/2/2687
f 3330/3/2684 3089/4/2689 706/1/2690
f 3419/4/2691 3294/3/2692 802/1/2693
f 750/1/2694 6035/2/2695 3419/4/2691
f 6035/2/2695 621/1/2696 3045/4/2697
f 3294/3/2692 3045/4/2697 638/1/2698
f 3418/6/2699 3078/12/2700 804/5/2701
f 808/5/2702 6036/11/2703 3418/6/2699
f 6036/11/2703 739/4/2704 3281/11/2705
f 3078/12/2700 3281/11/2705 724/9/2706
f 3417/6/2707 3296/6/2708 800/5/2709
f 3417/6/2707 3393/1/2710 6037/22/2711
f 3393/1/2710 3047/1/2712 6037/22/2711
f 6037/22/2711 641/5/2713 3296/6/2708
f 3416/4/2714 3403/3/2715 810/1/2716
f 752/1/2717 6038/2/2718 3416/4/2714
f 3398/3/2719 3048/4/2720 6038/2/2718
f 6038/2/2718 746/1/2721 3403/3/2715
f 3415/4/2722 3398/3/2719 752/1/2717
f 743/1/2723 6039/2/2724 3415/4/2722
f 3391/3/2725 3064/4/2726 6039/2/2724
f 6039/2/2724 622/1/2727 3398/3/2719
f 3414/4/2728 3391/3/2725 743/1/2723
f 799/1/2682 6040/2/2729 3414/4/2728
f 3348/3/2730 3065/4/2731 6040/2/2729
f 6040/2/2729 639/1/2732 3391/3/2725
f 3413/4/2681 3348/3/2730 799/1/2682
f 800/1/2709 6041/2/2733 3413/4/2681
f 3296/3/2708 3066/4/2734 6041/2/2733
f 6041/2/2733 640/1/2735 3348/3/2730
f 3280/6/2736 3062/12/2737 636/5/2738
f 3280/6/2736 3273/11/2739 6042/11/2740
f 6042/11/2740 738/6/2741 3279/11/2742
f 6042/11/2740 637/9/2743 3062/12/2737
f 3038/1/2744 3284/1/2745 617/23/2746
f 734/1/2747 6043/11/2748 3038/1/2744
f 740/7/2749 6043/11/2748 3277/4/2750
f 3412/6/2751 3295/12/2752 801/5/2753
f 3412/6/2751 3294/6/2692 6044/5/2754
f 6044/5/2754 638/5/2698 3063/6/2755
f 3295/12/2752 3063/6/2755 637/9/2743
f 792/1/2756 6045/2/2757 3336/3/2758
f 772/1/2759 6045/2/2757 3395/4/2760
f 6045/2/2757 681/1/2761 3161/4/2762
f 3336/3/2758 3161/4/2762 718/1/2763
f 790/1/2764 6046/2/2765 3334/3/2766
f 3394/4/2767 3309/3/2768 6046/2/2765
f 6046/2/2765 667/1/2769 3137/4/2770
f 3334/3/2766 3137/4/2770 714/1/2771
f 711/1/2772 6047/2/2773 3228/3/2774
f 3222/4/2775 3109/3/2776 6047/2/2773
f 3109/3/2776 3113/4/2777 6047/2/2773
f 3228/3/2774 3113/4/2777 710/1/2778
f 3056/6/2779 3071/6/2780 632/4/2781
f 631/5/2782 6048/5/2783 3056/6/2779
f 3072/6/2784 3412/6/2751 6048/5/2783
f 6048/5/2783 801/5/2753 3071/6/2780
f 793/5/2785 6049/5/2786 3349/6/2787
f 3039/11/2788 3057/6/2789 6049/5/2786
f 3057/6/2789 3411/6/2790 6049/5/2786
f 6049/5/2786 809/5/2791 3349/6/2787
f 619/1/2792 6050/2/2793 3035/3/2794
f 3251/4/2795 3245/3/2796 6050/2/2793
f 6050/2/2793 803/1/2797 3410/4/2798
f 3035/3/2794 3410/4/2798 751/1/2799
f 814/5/2800 6051/17/2801 3423/6/2663
f 815/5/2802 6051/17/2801 3439/6/2803
f 3424/1/2804 3058/1/2805 6051/17/2801
f 6051/17/2801 618/5/2664 3423/6/2663
f 815/5/2802 6052/17/2806 3424/1/2804
f 3438/6/2807 3425/1/2808 6052/17/2806
f 3425/1/2808 3059/1/2809 6052/17/2806
f 3424/1/2804 3059/1/2809 633/1/2810
f 816/5/2811 6053/17/2812 3425/1/2808
f 3437/6/2813 3426/1/2669 6053/17/2812
f 6053/17/2812 635/1/2674 3060/1/2814
f 3425/1/2808 3060/1/2814 634/1/2815
f 3436/6/2816 3421/6/2648 812/5/2646
f 818/5/2817 6054/17/2818 3436/6/2816
f 3427/1/2819 3052/1/2820 6054/17/2818
f 6054/17/2818 616/5/2821 3421/6/2648
f 3435/6/2822 3427/1/2819 818/5/2817
f 819/5/2823 6055/17/2824 3435/6/2822
f 3428/1/2825 3053/1/2826 6055/17/2824
f 6055/17/2824 628/1/2827 3427/1/2819
f 3434/6/2828 3428/1/2825 819/5/2823
f 3434/6/2828 3429/1/2653 6056/17/2829
f 3429/1/2653 3054/1/2830 6056/17/2829
f 3428/1/2825 3054/1/2830 629/1/2831
f 754/1/2832 6057/2/2833 3298/3/2834
f 3390/4/2835 3300/3/2836 6057/2/2833
f 6057/2/2833 649/1/2837 3097/4/2838
f 3298/3/2834 3097/4/2838 645/1/2839
f 785/1/2840 6058/2/2841 3329/3/2842
f 3389/4/2843 3298/3/2834 6058/2/2841
f 6058/2/2841 645/1/2839 3091/4/2844
f 3329/3/2842 3091/4/2844 708/1/2845
f 3089/4/2689 3218/3/2846 706/1/2690
f 642/1/2847 6059/2/2848 3089/4/2689
f 3086/3/2849 3216/4/2850 6059/2/2848
f 6059/2/2848 709/1/2851 3218/3/2846
f 708/1/2845 6060/2/2852 3217/3/2853
f 3091/4/2844 3087/3/2854 6060/2/2852
f 6060/2/2852 643/1/2855 3214/4/2856
f 3217/3/2853 3214/4/2856 707/1/2857
f 691/5/2858 6061/6/2859 3188/6/2860
f 653/1/2861 6061/6/2859 3182/1/2862
f 6061/6/2859 651/6/2863 3105/1/2864
f 6061/6/2859 690/5/2865 3188/6/2860
f 3099/4/2866 3086/3/2849 642/1/2847
f 646/1/2867 6062/2/2868 3099/4/2866
f 3094/3/2869 3098/4/2870 6062/2/2868
f 6062/2/2868 644/1/2871 3086/3/2849
f 645/1/2839 6063/2/2872 3087/3/2854
f 3097/4/2838 3095/3/2873 6063/2/2872
f 6063/2/2872 647/1/2874 3100/4/2875
f 3087/3/2854 3100/4/2875 643/1/2855
f 3388/4/2876 3297/3/2688 753/1/2686
f 755/1/2877 6064/2/2878 3388/4/2876
f 3299/3/2879 3099/4/2866 6064/2/2878
f 6064/2/2878 642/1/2847 3297/3/2688
f 3104/1/2880 3387/6/2881 758/5/2882
f 3104/1/2880 3102/1/2883 6065/6/2884
f 6065/6/2884 650/4/2885 3301/1/2886
f 3387/6/2881 3301/1/2886 757/5/2887
f 3386/6/2888 3322/6/2889 778/5/2890
f 757/5/2887 6066/4/2891 3386/6/2888
f 6066/4/2891 650/4/2885 3107/1/2892
f 6066/4/2891 692/5/2893 3322/6/2889
f 777/5/2894 6067/4/2895 3321/6/2896
f 3385/6/2897 3302/11/2898 6067/4/2895
f 6067/4/2895 653/1/2861 3182/1/2862
f 3321/6/2896 3182/1/2862 691/5/2858
f 3107/1/2892 3185/6/2899 692/5/2893
f 650/4/2885 6068/3/2900 3107/1/2892
f 6068/3/2900 652/1/2901 3184/1/2902
f 3185/6/2899 3184/1/2902 693/5/2903
f 759/1/2904 6069/2/2905 3303/3/2906
f 3384/4/2907 3305/3/2908 6069/2/2905
f 6069/2/2905 659/1/2909 3121/4/2910
f 3303/3/2906 3121/4/2910 655/1/2911
f 3383/4/2912 3332/3/2913 788/1/2914
f 760/1/2915 6070/2/2916 3383/4/2912
f 3112/3/2917 3115/4/2918 6070/2/2916
f 6070/2/2916 712/1/2919 3332/3/2913
f 3115/4/2918 3226/3/2920 712/1/2919
f 657/1/2921 6071/2/2922 3115/4/2918
f 3110/3/2923 3116/4/2924 6071/2/2922
f 6071/2/2922 713/1/2925 3226/3/2920
f 787/1/2926 6072/2/2927 3331/3/2928
f 3382/4/2929 3303/3/2906 6072/2/2927
f 6072/2/2927 655/1/2911 3222/4/2775
f 3331/3/2928 3222/4/2775 711/1/2772
f 3381/6/2930 3324/6/2931 780/5/2932
f 764/5/2933 6073/4/2934 3381/6/2930
f 6073/4/2934 665/6/2935 3129/1/2936
f 6073/4/2934 694/5/2937 3324/6/2931
f 655/1/2911 6074/2/2938 3109/3/2776
f 3121/4/2910 3117/3/2939 6074/2/2938
f 3117/3/2939 3123/4/2940 6074/2/2938
f 6074/2/2938 654/1/2941 3109/3/2776
f 3380/4/2942 3112/3/2917 760/1/2915
f 762/1/2943 6075/2/2944 3380/4/2942
f 3120/3/2945 3124/4/2946 6075/2/2944
f 6075/2/2944 657/1/2921 3112/3/2917
f 3124/4/2946 3110/3/2923 657/1/2921
f 661/1/2947 6076/2/2948 3124/4/2946
f 6076/2/2948 660/1/2949 3122/4/2950
f 6076/2/2948 656/1/2951 3110/3/2923
f 3127/1/2952 3379/6/2953 763/5/2954
f 3127/1/2952 3126/1/2955 6077/6/2956
f 3126/1/2955 3128/11/2957 6077/6/2956
f 3379/6/2953 3128/11/2957 764/5/2933
f 3129/1/2936 3195/6/2958 694/5/2937
f 665/6/2935 6078/3/2959 3129/1/2936
f 6078/3/2959 664/1/2960 3131/1/2961
f 6078/3/2959 696/5/2962 3195/6/2958
f 779/5/2963 6079/4/2964 3323/6/2965
f 3378/6/2966 3307/11/2967 6079/4/2964
f 6079/4/2964 663/6/2968 3132/1/2969
f 3323/6/2965 3132/1/2969 697/5/2970
f 697/5/2970 6080/3/2971 3193/6/2972
f 663/6/2968 6080/3/2971 3132/1/2969
f 6080/3/2971 662/6/2973 3190/1/2974
f 3193/6/2972 3190/1/2974 695/5/2975
f 3377/4/2976 3309/3/2768 765/1/2977
f 767/1/2978 6081/2/2979 3377/4/2976
f 3311/3/2980 3145/4/2981 6081/2/2979
f 6081/2/2979 667/1/2769 3309/3/2768
f 3137/4/2770 3235/3/2982 714/1/2771
f 667/1/2769 6082/2/2983 3137/4/2770
f 3133/3/2984 3139/4/2985 6082/2/2983
f 6082/2/2983 716/1/2986 3235/3/2982
f 789/1/2987 6083/2/2988 3333/3/2989
f 766/1/2990 6083/2/2988 3376/4/2991
f 6083/2/2988 669/1/2992 3140/4/2993
f 3333/3/2989 3140/4/2993 717/1/2994
f 717/1/2994 6084/2/2995 3233/3/2996
f 3140/4/2993 3134/3/2997 6084/2/2995
f 6084/2/2995 668/1/2998 3230/4/2999
f 3233/3/2996 3230/4/2999 715/1/3000
f 699/5/3001 6085/6/3002 3204/6/3003
f 675/1/3004 6085/6/3002 3198/1/3005
f 6085/6/3002 674/6/3006 3153/1/3007
f 6085/6/3002 698/5/3008 3204/6/3003
f 3145/4/2981 3133/3/2984 667/1/2769
f 671/1/3009 6086/2/3010 3145/4/2981
f 3141/3/3011 3147/4/3012 6086/2/3010
f 6086/2/3010 666/1/3013 3133/3/2984
f 3375/4/3014 3136/3/3015 766/1/2990
f 768/1/3016 6087/2/3017 3375/4/3014
f 3144/3/3018 3148/4/3019 6087/2/3017
f 6087/2/3017 669/1/2992 3136/3/3015
f 669/1/2992 6088/2/3020 3134/3/2997
f 3148/4/3019 3142/3/3021 6088/2/3020
f 6088/2/3020 672/1/3022 3146/4/3023
f 3134/3/2997 3146/4/3023 668/1/2998
f 769/5/3024 6089/6/3025 3374/6/3026
f 676/1/3027 6089/6/3025 3151/1/3028
f 6089/6/3025 677/4/3029 3152/1/3030
f 3374/6/3026 3152/1/3030 770/5/3031
f 3373/6/3032 3326/6/3033 782/5/3034
f 770/5/3031 6090/4/3035 3373/6/3032
f 6090/4/3035 677/4/3029 3155/1/3036
f 6090/4/3035 700/5/3037 3326/6/3033
f 3155/1/3036 3202/6/3038 700/5/3037
f 677/4/3029 6091/3/3039 3155/1/3036
f 6091/3/3039 676/1/3027 3156/1/3040
f 3202/6/3038 3156/1/3040 701/5/3041
f 781/5/3042 6092/4/3043 3325/6/3044
f 3372/6/3045 3313/11/3046 6092/4/3043
f 6092/4/3043 675/1/3004 3198/1/3005
f 3325/6/3044 3198/1/3005 699/5/3001
f 3170/4/3047 3159/3/3048 681/1/2761
f 685/1/3049 6093/2/3050 3170/4/3047
f 3167/3/3051 3169/4/3052 6093/2/3050
f 6093/2/3050 680/1/3053 3159/3/3048
f 3161/4/2762 3243/3/3054 718/1/2763
f 681/1/2761 6094/2/3055 3161/4/2762
f 3159/3/3048 3163/4/3056 6094/2/3055
f 6094/2/3055 720/1/3057 3243/3/3054
f 3240/4/3058 3242/3/3059 721/1/3060
f 679/1/3061 6095/2/3062 3240/4/3058
f 3157/3/3063 3238/4/3064 6095/2/3062
f 6095/2/3062 719/1/3065 3242/3/3059
f 3371/4/3066 3335/3/3067 791/1/3068
f 771/1/3069 6096/2/3070 3371/4/3066
f 3315/3/3071 3240/4/3058 6096/2/3070
f 6096/2/3070 721/1/3060 3335/3/3067
f 3370/6/3072 3328/6/3073 784/5/3074
f 3370/6/3072 3176/11/3075 6097/4/3076
f 6097/4/3076 689/6/3077 3177/1/3078
f 3328/6/3073 3177/1/3078 702/5/3079
f 3172/4/3080 3157/3/3063 679/1/3061
f 683/1/3081 6098/2/3082 3172/4/3080
f 3165/3/3083 3171/4/3084 6098/2/3082
f 6098/2/3082 678/1/3085 3157/3/3063
f 3369/4/3086 3160/3/3087 772/1/2759
f 774/1/3088 6099/2/3089 3369/4/3086
f 3168/3/3090 3170/4/3047 6099/2/3089
f 6099/2/3089 681/1/2761 3160/3/3087
f 771/1/3069 6100/2/3091 3315/3/3071
f 773/1/3092 6100/2/3091 3368/4/3093
f 3317/3/3094 3172/4/3080 6100/2/3091
f 6100/2/3091 679/1/3061 3315/3/3071
f 3174/1/3095 3367/6/3096 775/5/3097
f 688/1/3098 6101/6/3099 3174/1/3095
f 6101/6/3099 689/6/3077 3176/11/3075
f 6101/6/3099 776/5/3100 3367/6/3096
f 783/5/3101 6102/4/3102 3327/6/3103
f 3366/6/3104 3319/11/3105 6102/4/3102
f 6102/4/3102 687/6/3106 3179/1/3107
f 6102/4/3102 704/5/3108 3327/6/3103
f 702/5/3079 6103/3/3109 3210/6/3110
f 689/6/3077 6103/3/3109 3177/1/3078
f 6103/3/3109 688/1/3098 3208/1/3111
f 3210/6/3110 3208/1/3111 705/5/3112
f 3179/1/3107 3209/6/3113 704/5/3108
f 687/6/3106 6104/3/3114 3179/1/3107
f 6104/3/3114 686/6/3115 3206/1/3116
f 6104/3/3114 703/5/3117 3209/6/3113
f 3183/4/3118 3094/3/2869 646/1/2867
f 692/1/2893 6105/2/3119 3183/4/3118
f 6105/2/3119 693/1/2903 3108/4/3120
f 3094/3/2869 3108/4/3120 648/1/3121
f 756/1/3122 6106/2/3123 3300/3/2836
f 3365/4/3124 3321/3/2896 6106/2/3123
f 6106/2/3123 691/1/2858 3106/4/3125
f 3300/3/2836 3106/4/3125 649/1/2837
f 3364/4/3126 3299/3/2879 755/1/2877
f 778/1/2890 6107/2/3127 3364/4/3126
f 3322/3/2889 3183/4/3118 6107/2/3127
f 6107/2/3127 646/1/2867 3299/3/2879
f 649/1/2837 6108/2/3128 3095/3/2873
f 3106/4/3125 3188/3/2860 6108/2/3128
f 3188/3/2860 3181/4/3129 6108/2/3128
f 3095/3/2873 3181/4/3129 647/1/2874
f 659/1/2909 6109/2/3130 3117/3/2939
f 3192/4/3131 3193/3/2972 6109/2/3130
f 6109/2/3130 695/1/2975 3130/4/3132
f 6109/2/3130 658/1/3133 3117/3/2939
f 761/1/3134 6110/2/3135 3305/3/2908
f 3363/4/3136 3323/3/2965 6110/2/3135
f 6110/2/3135 697/1/2970 3192/4/3131
f 3305/3/2908 3192/4/3131 659/1/2909
f 3189/4/3137 3118/3/3138 661/1/2947
f 694/1/2937 6111/2/3139 3189/4/3137
f 3195/3/2958 3191/4/3140 6111/2/3139
f 6111/2/3139 660/1/2949 3118/3/3138
f 3362/4/3141 3120/3/2945 762/1/2943
f 780/1/2932 6112/2/3142 3362/4/3141
f 3324/3/2931 3189/4/3137 6112/2/3142
f 6112/2/3142 661/1/2947 3120/3/2945
f 767/1/2978 6113/2/3143 3311/3/2980
f 3361/4/3144 3325/3/3044 6113/2/3143
f 6113/2/3143 699/1/3001 3154/4/3145
f 3311/3/2980 3154/4/3145 671/1/3009
f 673/1/3146 6114/2/3147 3142/3/3021
f 3199/4/3148 3202/3/3038 6114/2/3147
f 6114/2/3147 701/1/3041 3200/4/3149
f 3142/3/3021 3200/4/3149 672/1/3022
f 3360/4/3150 3144/3/3018 768/1/3016
f 782/1/3034 6115/2/3151 3360/4/3150
f 3326/3/3033 3199/4/3148 6115/2/3151
f 6115/2/3151 673/1/3146 3144/3/3018
f 3154/4/3145 3141/3/3011 671/1/3009
f 3154/4/3145 3204/3/3003 6116/2/3152
f 3204/3/3003 3197/4/3153 6116/2/3152
f 6116/2/3152 670/1/3154 3141/3/3011
f 3207/4/3155 3165/3/3083 683/1/3081
f 704/1/3108 6117/2/3156 3207/4/3155
f 3209/3/3113 3178/4/3157 6117/2/3156
f 6117/2/3156 682/1/3158 3165/3/3083
f 685/1/3049 6118/2/3159 3167/3/3051
f 3205/4/3160 3210/3/3110 6118/2/3159
f 6118/2/3159 705/1/3112 3180/4/3161
f 3167/3/3051 3180/4/3161 684/1/3162
f 3359/4/3163 3317/3/3094 773/1/3092
f 3359/4/3163 3327/3/3103 6119/2/3164
f 3327/3/3103 3207/4/3155 6119/2/3164
f 6119/2/3164 683/1/3081 3317/3/3094
f 3358/4/3165 3168/3/3090 774/1/3088
f 784/1/3074 6120/2/3166 3358/4/3165
f 6120/2/3166 702/1/3079 3205/4/3160
f 6120/2/3166 685/1/3049 3168/3/3090
f 3215/6/3167 3052/6/2820 628/1/2827
f 3215/6/3167 3217/6/2853 6121/5/3168
f 6121/5/3168 707/5/2857 3090/6/3169
f 3052/6/2820 3090/6/3169 616/5/2821
f 614/5/2672 6122/5/3170 3040/1/2673
f 3213/6/3171 3218/6/2846 6122/5/3170
f 6122/5/3170 709/5/2851 3092/6/3172
f 3040/1/2673 3092/6/3172 635/1/2674
f 749/5/3173 6123/5/3174 3293/1/3175
f 3357/6/3176 3329/6/2842 6123/5/3174
f 6123/5/3174 708/5/2845 3215/6/3167
f 3293/1/3175 3215/6/3167 628/1/2827
f 742/1/2650 6124/2/3177 3286/3/3178
f 3356/4/3179 3330/3/2684 6124/2/3177
f 6124/2/3177 706/1/2690 3213/4/3171
f 3286/3/3178 3213/4/3171 614/1/2672
f 748/5/3180 6125/5/3181 3292/1/3182
f 3355/6/3183 3331/6/2928 6125/5/3181
f 6125/5/3181 711/5/2772 3114/6/3184
f 3292/1/3182 3114/6/3184 629/1/2831
f 3223/6/3185 3060/1/2814 635/1/2674
f 712/5/2919 6126/5/3186 3223/6/3185
f 3226/6/2920 3224/6/3187 6126/5/3186
f 6126/5/3186 634/1/2815 3060/1/2814
f 3354/6/3188 3075/1/3189 749/5/3173
f 788/5/2914 6127/5/3190 3354/6/3188
f 3332/6/2913 3223/6/3185 6127/5/3190
f 3075/1/3189 3223/6/3185 635/1/2674
f 629/1/2831 6128/5/3191 3053/1/2826
f 3114/6/3184 3228/6/2774 6128/5/3191
f 6128/5/3191 710/5/2778 3221/6/3192
f 3053/1/2826 3221/6/3192 628/1/2827
f 3232/6/3193 3059/1/2809 634/1/2815
f 3232/6/3193 3233/6/2996 6129/5/3194
f 6129/5/3194 715/5/3000 3138/6/3195
f 3059/1/2809 3138/6/3195 633/1/2810
f 748/5/3180 6130/5/3196 3074/1/3197
f 3353/6/3198 3333/6/2989 6130/5/3196
f 6130/5/3196 717/5/2994 3232/6/3193
f 3074/1/3197 3232/6/3193 634/1/2815
f 3229/6/3199 3054/1/2830 630/1/2658
f 714/5/2771 6131/5/3200 3229/6/3199
f 3235/6/2982 3231/6/3201 6131/5/3200
f 3054/1/2830 3231/6/3201 629/1/2831
f 747/5/3202 6132/5/3203 3291/1/3204
f 3352/6/3205 3334/6/2766 6132/5/3203
f 6132/5/3203 714/5/2771 3229/6/3199
f 3291/1/3204 3229/6/3199 630/1/2658
f 3351/4/3206 3288/3/3207 744/1/2666
f 791/1/3068 6133/2/3208 3351/4/3206
f 3335/3/3067 3164/4/3209 6133/2/3208
f 6133/2/3208 620/1/2656 3288/3/3207
f 3164/6/3209 3034/1/2657 620/5/2656
f 721/5/3060 6134/5/3210 3164/6/3209
f 6134/5/3210 719/5/3065 3162/6/3211
f 3034/1/2657 3162/6/3211 630/1/2658
f 3237/6/3212 3058/6/2805 633/1/2810
f 718/5/2763 6135/5/3213 3237/6/3212
f 3243/6/3054 3239/6/3214 6135/5/3213
f 6135/5/3213 618/5/2664 3058/6/2805
f 747/5/3202 6136/5/3215 3073/1/3216
f 3350/6/3217 3336/6/2758 6136/5/3215
f 6136/5/3215 718/5/2763 3237/6/3212
f 3073/1/3216 3237/6/3212 633/1/2810
f 3411/6/2790 3402/6/3218 809/5/2791
f 804/5/2701 6137/17/3219 3411/6/2790
f 3078/12/2700 3248/12/3220 6137/17/3219
f 6137/17/3219 794/5/3221 3402/6/3218
f 3278/1/3222 3077/6/3223 733/5/3224
f 739/4/2704 6138/5/3225 3278/1/3222
f 3401/6/3226 3409/6/3227 6138/5/3225
f 6138/5/3225 805/5/3228 3077/6/3223
f 751/5/2799 6139/5/3229 3393/1/2710
f 3410/6/2798 3287/6/3230 6139/5/3229
f 6139/5/3229 722/5/3231 3252/6/3232
f 3393/1/2710 3252/6/3232 623/1/3233
f 3258/6/3234 3252/1/3232 722/5/3231
f 727/5/3235 6140/5/3236 3258/6/3234
f 3256/6/3237 3257/6/3238 6140/5/3236
f 6140/5/3236 623/1/3233 3252/1/3232
f 828/5/3239 6141/4/3240 3455/6/3241
f 3347/6/3242 3261/11/3243 6141/4/3240
f 6141/4/3240 730/6/3244 3265/1/3245
f 3455/6/3241 3265/1/3245 823/5/3246
f 624/1/3247 6142/5/3248 3250/1/3249
f 3260/6/3250 3255/6/3251 6142/5/3248
f 6142/5/3248 728/5/3252 3259/6/3253
f 3250/1/3249 3259/6/3253 724/9/2706
f 3346/4/3254 3338/3/3255 794/1/3221
f 796/1/3256 6143/2/3257 3346/4/3254
f 3340/3/3258 3258/4/3234 6143/2/3257
f 6143/2/3257 722/1/3231 3338/3/3255
f 745/5/3259 6144/5/3260 3046/1/3261
f 3345/6/3262 3253/6/3263 6144/5/3260
f 6144/5/3260 726/5/3264 3260/6/3250
f 3046/1/3261 3260/6/3250 624/1/3247
f 797/5/3265 6145/1/3266 3261/11/3243
f 3344/6/3267 3262/11/3268 6145/1/3266
f 6145/1/3266 732/4/3269 3263/1/3270
f 3261/11/3243 3263/1/3270 730/6/3244
f 825/5/3271 6146/6/3272 3454/6/3273
f 3446/1/3274 3264/1/3275 6146/6/3272
f 6146/6/3272 729/6/3276 3445/1/3277
f 3454/6/3273 3445/1/3277 824/5/3278
f 3343/6/3279 3453/6/3280 827/5/3281
f 798/5/3282 6147/4/3283 3343/6/3279
f 6147/4/3283 731/1/3284 3446/1/3274
f 3453/6/3280 3446/1/3274 825/5/3271
f 3265/1/3245 3452/6/3285 823/5/3246
f 730/6/3244 6148/3/3286 3265/1/3245
f 6148/3/3286 732/4/3269 3447/1/3287
f 6148/3/3286 826/5/3288 3452/6/3285
f 3409/6/3227 3269/6/3289 805/5/3228
f 808/5/2702 6149/4/3290 3409/6/3227
f 3276/1/3291 3277/11/2750 6149/4/3290
f 3269/6/3289 3277/11/2750 734/1/2747
f 3408/4/3292 3077/3/3223 805/1/3228
f 3408/4/3292 3076/3/3293 6150/2/3294
f 6150/2/3294 737/1/3295 3272/4/3296
f 6150/2/3294 733/1/3224 3077/3/3223
f 806/5/3297 6151/1/3298 3076/6/3293
f 807/5/3299 6151/1/3298 3407/6/3300
f 6151/1/3298 738/6/2741 3273/11/2739
f 3076/6/3293 3273/11/2739 737/5/3295
f 801/5/2753 6152/4/3301 3071/1/2780
f 3406/6/3302 3275/1/3303 6152/4/3301
f 6152/4/3301 736/6/3304 3282/1/3305
f 3071/1/2780 3282/1/3305 632/4/2781
f 724/9/2706 6153/5/3306 3250/1/3249
f 3281/11/2705 3278/6/3222 6153/5/3306
f 6153/5/3306 733/5/3224 3283/6/3307
f 3250/1/3249 3283/6/3307 624/1/3247
f 3457/1/3308 3456/1/3309 632/4/2781
f 735/5/3310 6154/6/3311 3457/1/3308
f 3270/6/3312 3038/1/2744 6154/6/3311
f 3456/1/3309 3038/1/2744 617/23/2746
f 3283/6/3307 3061/6/3313 624/1/3247
f 3283/6/3307 3272/6/3296 6155/5/3314
f 3272/6/3296 3280/6/2736 6155/5/3314
f 6155/5/3314 636/5/2738 3061/6/3313
f 632/4/2781 6156/7/3315 3457/1/3308
f 736/6/3304 6156/7/3315 3282/1/3305
f 3457/1/3308 3271/1/3316 735/1/3310
f 3447/1/3287 3451/6/3317 826/5/3288
f 732/4/3269 6157/5/3318 3447/1/3287
f 3262/6/3268 3343/6/3279 6157/5/3318
f 6157/5/3318 827/5/3281 3451/6/3317
f 3264/1/3275 3341/6/3319 729/6/3276
f 731/1/3284 6158/5/3320 3264/1/3275
f 3342/6/3321 3344/6/3267 6158/5/3320
f 6158/5/3320 797/5/3265 3341/6/3319
f 3257/6/3238 3289/6/3322 623/1/3233
f 725/5/3323 6159/5/3324 3257/6/3238
f 3339/6/3325 3345/6/3262 6159/5/3324
f 6159/5/3324 745/5/3259 3289/6/3322
f 724/9/2706 6160/5/3326 3248/6/3220
f 3259/6/3253 3254/6/3327 6160/5/3326
f 3254/6/3327 3346/6/3254 6160/5/3326
f 3248/6/3220 3346/6/3254 794/5/3221
f 824/5/3278 6161/5/3328 3450/6/3329
f 729/6/3276 6161/5/3328 3445/1/3277
f 3341/6/3319 3347/6/3242 6161/5/3328
f 3450/6/3329 3347/6/3242 828/5/3239
f 734/5/2747 6162/5/3330 3269/6/3289
f 3270/6/3312 3274/6/3331 6162/5/3330
f 6162/5/3330 806/5/3297 3408/6/3292
f 3269/6/3289 3408/6/3292 805/5/3228
f 803/1/2797 6163/2/3332 3287/3/3230
f 809/1/2791 6163/2/3332 3405/4/3333
f 3402/3/3218 3338/4/3255 6163/2/3332
f 3287/3/3230 3338/4/3255 722/1/3231
f 3162/6/3211 3291/6/3204 630/1/2658
f 719/5/3065 6164/5/3334 3162/6/3211
f 3244/6/3335 3350/6/3217 6164/5/3334
f 3291/6/3204 3350/6/3217 747/5/3202
f 3239/4/3214 3037/3/2665 618/1/2664
f 720/1/3057 6165/2/3336 3239/4/3214
f 3241/3/3337 3351/4/3206 6165/2/3336
f 6165/2/3336 744/1/2666 3037/3/2665
f 3138/6/3195 3073/6/3216 633/1/2810
f 715/5/3000 6166/5/3338 3138/6/3195
f 3236/6/3339 3352/6/3205 6166/5/3338
f 6166/5/3338 747/5/3202 3073/6/3216
f 3231/6/3201 3292/6/3182 629/1/2831
f 716/5/2986 6167/5/3340 3231/6/3201
f 3234/6/3341 3353/6/3198 6167/5/3340
f 3292/6/3182 3353/6/3198 748/5/3180
f 3221/6/3192 3293/6/3175 628/1/2827
f 710/5/2778 6168/5/3342 3221/6/3192
f 3227/6/3343 3354/6/3188 6168/5/3342
f 6168/5/3342 749/5/3173 3293/6/3175
f 3224/6/3187 3074/6/3197 634/1/2815
f 713/5/2925 6169/5/3344 3224/6/3187
f 6169/5/3344 787/5/2926 3355/6/3183
f 3074/6/3197 3355/6/3183 748/5/3180
f 616/1/2821 6170/2/3345 3031/3/2649
f 707/1/2857 6170/2/3345 3090/4/3169
f 3220/3/3346 3356/4/3179 6170/2/3345
f 3031/3/2649 3356/4/3179 742/1/2650
f 3092/6/3172 3075/6/3189 635/1/2674
f 3092/6/3172 3219/6/3347 6171/5/3348
f 6171/5/3348 785/5/2840 3357/6/3176
f 3075/6/3189 3357/6/3176 749/5/3173
f 3178/4/3157 3318/3/3349 682/1/3158
f 703/1/3117 6172/2/3350 3178/4/3157
f 3212/3/3351 3358/4/3165 6172/2/3350
f 6172/2/3350 774/1/3088 3318/3/3349
f 3180/4/3161 3166/3/3352 684/1/3162
f 3180/4/3161 3211/3/3353 6173/2/3354
f 6173/2/3354 783/1/3101 3359/4/3163
f 6173/2/3354 773/1/3092 3166/3/3352
f 3197/4/3153 3312/3/3355 670/1/3154
f 698/1/3008 6174/2/3356 3197/4/3153
f 3203/3/3357 3360/4/3150 6174/2/3356
f 6174/2/3356 768/1/3016 3312/3/3355
f 672/1/3022 6175/2/3358 3143/3/3359
f 3200/4/3149 3201/3/3360 6175/2/3358
f 6175/2/3358 781/1/3042 3361/4/3144
f 3143/3/3359 3361/4/3144 767/1/2978
f 3130/4/3132 3306/3/3361 658/1/3133
f 695/1/2975 6176/2/3362 3130/4/3132
f 3196/3/3363 3362/4/3141 6176/2/3362
f 6176/2/3362 762/1/2943 3306/3/3361
f 660/1/2949 6177/2/3364 3119/3/3365
f 3191/4/3140 3194/3/3366 6177/2/3364
f 6177/2/3364 779/1/2963 3363/4/3136
f 3119/3/3365 3363/4/3136 761/1/3134
f 3181/4/3129 3093/3/3367 647/1/2874
f 690/1/2865 6178/2/3368 3181/4/3129
f 3187/3/3369 3364/4/3126 6178/2/3368
f 6178/2/3368 755/1/2877 3093/3/3367
f 648/1/3121 6179/2/3370 3096/3/3371
f 3108/4/3120 3186/3/3372 6179/2/3370
f 6179/2/3370 777/1/2894 3365/4/3124
f 3096/3/3371 3365/4/3124 756/1/3122
f 705/5/3112 6180/5/3373 3211/6/3353
f 688/1/3098 6180/5/3373 3208/1/3111
f 3174/6/3095 3366/6/3104 6180/5/3373
f 3211/6/3353 3366/6/3104 783/5/3101
f 687/6/3106 6181/5/3374 3173/1/3375
f 775/5/3097 6181/5/3374 3319/6/3105
f 3367/6/3096 3320/6/3376 6181/5/3374
f 6181/5/3374 686/6/3115 3173/1/3375
f 3169/4/3052 3158/3/3377 680/1/3053
f 684/1/3162 6182/2/3378 3169/4/3052
f 3166/3/3352 3368/4/3093 6182/2/3378
f 6182/2/3378 771/1/3069 3158/3/3377
f 3171/4/3084 3316/3/3379 678/1/3085
f 682/1/3158 6183/2/3380 3171/4/3084
f 3318/3/3349 3369/4/3086 6183/2/3380
f 6183/2/3380 772/1/2759 3316/3/3379
f 3206/1/3116 3212/6/3351 703/5/3117
f 686/6/3115 6184/5/3381 3206/1/3116
f 3320/6/3376 3370/6/3072 6184/5/3381
f 6184/5/3381 784/5/3074 3212/6/3351
f 3163/4/3056 3241/3/3337 720/1/3057
f 680/1/3053 6185/2/3382 3163/4/3056
f 3158/3/3377 3371/4/3066 6185/2/3382
f 6185/2/3382 791/1/3068 3241/3/3337
f 701/5/3041 6186/5/3383 3201/6/3360
f 676/1/3027 6186/5/3383 3156/1/3040
f 6186/5/3383 769/5/3024 3372/6/3045
f 3201/6/3360 3372/6/3045 781/5/3042
f 3153/1/3007 3203/6/3357 698/5/3008
f 674/6/3006 6187/5/3384 3153/1/3007
f 3314/6/3385 3373/6/3032 6187/5/3384
f 6187/5/3384 782/5/3034 3203/6/3357
f 3313/6/3046 3149/1/3386 675/1/3004
f 769/5/3024 6188/5/3387 3313/6/3046
f 6188/5/3387 770/5/3031 3314/6/3385
f 3149/1/3386 3314/6/3385 674/6/3006
f 3147/4/3012 3310/3/3388 666/1/3013
f 670/1/3154 6189/2/3389 3147/4/3012
f 3312/3/3355 3375/4/3014 6189/2/3389
f 6189/2/3389 766/1/2990 3310/3/3388
f 3139/4/2985 3234/3/3341 716/1/2986
f 666/1/3013 6190/2/3390 3139/4/2985
f 3310/3/3388 3376/4/2991 6190/2/3390
f 6190/2/3390 789/1/2987 3234/3/3341
f 668/1/2998 6191/2/3391 3135/3/3392
f 3146/4/3023 3143/3/3359 6191/2/3391
f 3143/3/3359 3377/4/2976 6191/2/3391
f 6191/2/3391 765/1/2977 3135/3/3392
f 696/5/2962 6192/5/3393 3194/6/3366
f 664/1/2960 6192/5/3393 3131/1/2961
f 6192/5/3393 763/5/2954 3378/6/2966
f 3194/6/3366 3378/6/2966 779/5/2963
f 3307/6/2967 3125/1/3394 663/6/2968
f 763/5/2954 6193/5/3395 3307/6/2967
f 6193/5/3395 764/5/2933 3308/6/3396
f 3125/1/3394 3308/6/3396 662/6/2973
f 3123/4/2940 3304/3/3397 654/1/2941
f 658/1/3133 6194/2/3398 3123/4/2940
f 3306/3/3361 3380/4/2942 6194/2/3398
f 6194/2/3398 760/1/2915 3304/3/3397
f 3190/1/2974 3196/6/3363 695/5/2975
f 662/6/2973 6195/5/3399 3190/1/2974
f 3308/6/3396 3381/6/2930 6195/5/3399
f 6195/5/3399 780/5/2932 3196/6/3363
f 3116/4/2924 3225/3/3400 713/1/2925
f 3116/4/2924 3111/3/3401 6196/2/3402
f 6196/2/3402 759/1/2904 3382/4/2929
f 3225/3/3400 3382/4/2929 787/1/2926
f 3113/4/2777 3227/3/3343 710/1/2778
f 654/1/2941 6197/2/3403 3113/4/2777
f 3304/3/3397 3383/4/2912 6197/2/3403
f 6197/2/3403 788/1/2914 3227/3/3343
f 656/1/2951 6198/2/3404 3111/3/3401
f 3122/4/2950 3119/3/3365 6198/2/3404
f 6198/2/3404 761/1/3134 3384/4/2907
f 3111/3/3401 3384/4/2907 759/1/2904
f 693/5/2903 6199/5/3405 3186/6/3372
f 652/1/2901 6199/5/3405 3184/1/2902
f 6199/5/3405 758/5/2882 3385/6/2897
f 3186/6/3372 3385/6/2897 777/5/2894
f 3105/1/2864 3187/6/3369 690/5/2865
f 651/6/2863 6200/5/3406 3105/1/2864
f 3101/6/3407 3386/6/2888 6200/5/3406
f 6200/5/3406 778/5/2890 3187/6/3369
f 3302/6/2898 3103/1/3408 653/1/2861
f 758/5/2882 6201/5/3409 3302/6/2898
f 6201/5/3409 757/5/2887 3101/6/3407
f 6201/5/3409 651/6/2863 3103/1/3408
f 3100/4/2875 3085/3/3410 643/1/2855
f 647/1/2874 6202/2/3411 3100/4/2875
f 3093/3/3367 3388/4/2876 6202/2/3411
f 6202/2/3411 753/1/2686 3085/3/3410
f 709/1/2851 6203/2/3412 3219/3/3347
f 3216/4/2850 3088/3/3413 6203/2/3412
f 6203/2/3412 754/1/2832 3389/4/2843
f 3219/3/3347 3389/4/2843 785/1/2840
f 644/1/2871 6204/2/3414 3088/3/3413
f 3098/4/2870 3096/3/3371 6204/2/3414
f 6204/2/3414 756/1/3122 3390/4/2835
f 3088/3/3413 3390/4/2835 754/1/2832
f 735/1/3310 6205/5/3415 3274/6/3331
f 736/6/3304 6205/5/3415 3271/1/3316
f 6205/5/3415 807/5/3299 3407/6/3300
f 3274/6/3331 3407/6/3300 806/5/3297
f 3279/11/2742 3295/6/2752 637/9/2743
f 738/6/2741 6206/5/3416 3279/11/2742
f 3036/6/3417 3406/6/3302 6206/5/3416
f 6206/5/3416 801/5/2753 3295/6/2752
f 723/1/3418 6207/2/3419 3245/3/2796
f 3246/4/3420 3349/3/2787 6207/2/3419
f 3349/3/2787 3405/4/3333 6207/2/3419
f 3245/3/2796 3405/4/3333 803/1/2797
f 715/1/3000 6208/2/3421 3236/3/3339
f 3230/4/2999 3135/3/3392 6208/2/3421
f 6208/2/3421 765/1/2977 3394/4/2767
f 3236/3/3339 3394/4/2767 790/1/2764
f 3238/4/3064 3244/3/3335 719/1/3065
f 678/1/3085 6209/2/3422 3238/4/3064
f 3316/3/3379 3395/4/2760 6209/2/3422
f 6209/2/3422 792/1/2756 3244/3/3335
f 3404/4/3423 3041/3/3424 750/1/2694
f 810/1/2716 6210/2/3425 3404/4/3423
f 3403/3/2715 3290/4/3426 6210/2/3425
f 6210/2/3425 621/1/2696 3041/3/3424
f 3214/4/2856 3220/3/3346 707/1/2857
f 643/1/2855 6211/2/3427 3214/4/2856
f 3085/3/3410 3397/4/2683 6211/2/3427
f 6211/2/3427 786/1/2685 3220/3/3346
f 3029/4/3428 3392/3/3429 613/1/3430
f 741/1/3431 6212/2/3432 3029/4/3428
f 6212/2/3432 810/1/2716 3404/4/3423
f 6212/2/3432 750/1/2694 3392/3/3429
f 813/1/3433 6213/2/3434 3422/3/2655
f 3433/4/3435 3430/3/2661 6213/2/3434
f 6213/2/3434 744/1/2666 3288/4/3207
f 3422/3/2655 3288/4/3207 620/1/2656
f 3432/4/3436 3030/3/2671 811/1/3437
f 822/1/2645 6214/2/3438 3432/4/3436
f 3431/3/2644 3286/4/3178 6214/2/3438
f 6214/2/3438 614/1/2672 3030/3/2671
f 3051/4/3439 3067/3/3440 627/1/3441
f 626/1/2677 6215/2/3442 3051/4/3439
f 3068/3/2676 3414/4/2728 6215/2/3442
f 6215/2/3442 743/1/2723 3067/3/3440
f 615/1/3443 6216/2/3444 3032/3/3445
f 627/1/3441 6216/2/3444 3033/4/3446
f 3067/3/3440 3415/4/2722 6216/2/3444
f 6216/2/3444 752/1/2717 3032/3/3445
f 3285/4/3447 3396/3/3448 741/1/3431
f 615/1/3443 6217/2/3449 3285/4/3447
f 3032/3/3445 3416/4/2714 6217/2/3449
f 6217/2/3449 810/1/2716 3396/3/3448
f 3049/4/3450 3069/3/2680 625/1/2678
f 619/1/2792 6218/2/3451 3049/4/3450
f 3035/3/2794 3417/4/2707 6218/2/3451
f 6218/2/3451 800/1/2709 3069/3/2680
f 3284/1/2745 3057/6/2789 617/23/2746
f 740/7/2749 6219/5/3452 3284/1/2745
f 3276/6/3291 3418/6/2699 6219/5/3452
f 6219/5/3452 804/5/2701 3057/6/2789
f 3055/4/3453 3072/3/2784 631/1/2782
f 613/1/3430 6220/2/3454 3055/4/3453
f 3392/3/3429 3419/4/2691 6220/2/3454
f 6220/2/3454 802/1/2693 3072/3/2784
f 3290/4/3426 3420/3/3455 621/1/2696
f 746/1/2721 6221/2/3456 3290/4/3426
f 3400/3/3457 3432/4/3436 6221/2/3456
f 6221/2/3456 811/1/3437 3420/3/3455
f 3289/6/3322 3043/6/3458 623/1/3233
f 3289/6/3322 3399/6/3459 6222/5/3460
f 3399/6/3459 3433/6/3435 6222/5/3460
f 6222/5/3460 813/5/3433 3043/6/3458
f 3066/4/2734 3083/3/3461 640/1/2735
f 641/1/2713 6223/2/3462 3066/4/2734
f 3084/3/3463 3434/4/2828 6223/2/3462
f 6223/2/3462 819/1/2823 3083/3/3461
f 3065/4/2731 3082/3/3464 639/1/2732
f 640/1/2735 6224/2/3465 3065/4/2731
f 3083/3/3461 3435/4/2822 6224/2/3465
f 6224/2/3465 818/1/2817 3082/3/3464
f 3064/4/2726 3042/3/3466 622/1/2727
f 639/1/2732 6225/2/3467 3064/4/2726
f 3082/3/3464 3436/4/2816 6225/2/3467
f 6225/2/3467 812/1/2646 3042/3/3466
f 637/9/2743 6226/5/3468 3080/6/3469
f 3063/6/2755 3081/6/3470 6226/5/3468
f 6226/5/3468 817/5/2667 3437/6/2813
f 3080/6/3469 3437/6/2813 816/5/2811
f 636/5/2738 6227/5/3471 3079/6/3472
f 3062/11/2737 3080/6/3469 6227/5/3471
f 6227/5/3471 816/5/2811 3438/6/2807
f 3079/6/3472 3438/6/2807 815/5/2802
f 624/1/3247 6228/5/3473 3044/6/3474
f 3061/6/3313 3079/6/3472 6228/5/3473
f 6228/5/3473 815/5/2802 3439/6/2803
f 3044/6/3474 3439/6/2803 814/5/2800
f 638/1/2698 6229/2/3475 3081/3/3470
f 3045/4/2697 3420/3/3455 6229/2/3475
f 6229/2/3475 811/1/3437 3440/4/2670
f 3081/3/3470 3440/4/2670 817/1/2667
f 745/5/3259 6230/5/3476 3399/6/3459
f 3046/6/3261 3044/6/3474 6230/5/3476
f 6230/5/3476 814/5/2800 3441/6/2662
f 3399/6/3459 3441/6/2662 821/5/2659
f 3047/1/2712 3084/6/3463 641/5/2713
f 623/1/3233 6231/5/3477 3047/1/2712
f 3043/6/3458 3442/6/2654 6231/5/3477
f 6231/5/3477 820/5/2651 3084/6/3463
f 3048/4/2720 3400/3/3457 746/1/2721
f 622/1/2727 6232/2/3478 3048/4/2720
f 3042/3/3466 3443/4/2643 6232/2/3478
f 6232/2/3478 822/1/2645 3400/3/3457
f 3266/4/3479 3339/3/3325 725/1/3323
f 3266/4/3479 3450/3/3329 6233/2/3480
f 6233/2/3480 828/1/3239 3449/4/3481
f 3339/3/3325 3449/4/3481 795/1/3482
f 3268/4/3483 3254/3/3327 728/1/3252
f 826/1/3288 6234/2/3484 3268/4/3483
f 3451/3/3317 3448/4/3485 6234/2/3484
f 6234/2/3484 796/1/3256 3254/3/3327
f 726/1/3264 6235/2/3486 3255/3/3251
f 3444/4/3487 3452/3/3285 6235/2/3486
f 6235/2/3486 826/1/3288 3268/4/3483
f 3255/3/3251 3268/4/3483 728/1/3252
f 3448/4/3485 3340/3/3258 796/1/3256
f 827/1/3281 6236/2/3488 3448/4/3485
f 3453/3/3280 3267/4/3489 6236/2/3488
f 6236/2/3488 727/1/3235 3340/3/3258
f 3267/4/3489 3256/3/3237 727/1/3235
f 3267/4/3489 3454/3/3273 6237/2/3490
f 6237/2/3490 824/1/3278 3266/4/3479
f 6237/2/3490 725/1/3323 3256/3/3237
f 795/1/3482 6238/2/3491 3253/3/3263
f 3449/4/3481 3455/3/3241 6238/2/3491
f 6238/2/3491 823/1/3246 3444/4/3487
f 3253/3/3263 3444/4/3487 726/1/3264
f 613/1/3430 6239/2/3492 3029/3/3428
f 3337/4/3493 2879/3/2346 6239/2/3492
f 6239/2/3492 531/1/2359 3249/4/3494
f 3029/3/3428 3249/4/3494 741/1/3431
f 3249/4/3494 3285/3/3447 741/1/3431
f 3249/4/3494 2878/3/3495 6240/2/3496
f 6240/2/3496 537/1/2357 3247/4/3497
f 6240/2/3496 615/1/3443 3285/3/3447
f 3247/4/3497 3033/3/3446 615/1/3443
f 537/1/2357 6241/2/3498 3247/4/3497
f 2882/3/2365 3070/4/3499 6241/2/3498
f 6241/2/3498 627/1/3441 3033/3/3446
f 3070/4/3499 3051/3/3439 627/1/3441
f 533/1/2363 6242/2/3500 3070/4/3499
f 2883/3/2380 3458/4/3501 6242/2/3500
f 6242/2/3500 626/1/2677 3051/3/3439
f 3458/4/3501 3050/3/2675 626/1/2677
f 538/1/2378 6243/2/3502 3458/4/3501
f 2877/3/2374 3459/4/3503 6243/2/3502
f 3050/3/2675 3459/4/3503 625/1/2678
f 625/1/2678 6244/2/3504 3049/3/3450
f 3459/4/3503 2880/3/2368 6244/2/3504
f 6244/2/3504 539/1/2351 3460/4/3505
f 3049/3/3450 3460/4/3505 619/1/2792
f 619/1/2792 6245/2/3506 3251/3/2795
f 539/1/2351 6245/2/3506 3460/4/3505
f 2881/3/3507 3461/4/3508 6245/2/3506
f 3251/3/2795 3461/4/3508 723/1/3418
f 723/1/3418 6246/2/3509 3246/3/3420
f 534/1/2349 6246/2/3509 3461/4/3508
f 2885/3/2336 3462/4/3510 6246/2/3509
f 3246/3/3420 3462/4/3510 793/1/2785
f 793/5/2785 6247/5/3511 3039/11/2788
f 540/5/2334 6247/5/3511 3462/6/3510
f 2884/6/2324 3463/6/3512 6247/5/3511
f 3039/11/2788 3463/6/3512 617/23/2746
f 3463/6/3512 3456/1/3309 617/23/2746
f 532/5/2322 6248/5/3513 3463/6/3512
f 6248/5/3513 536/5/2330 3464/6/3514
f 3456/1/3309 3464/6/3514 632/4/2781
f 632/4/2781 6249/5/3515 3056/6/2779
f 3464/6/3514 2876/6/2329 6249/5/3515
f 6249/5/3515 529/5/2316 3465/6/3516
f 3056/6/2779 3465/6/3516 631/5/2782
f 631/1/2782 6250/2/3517 3055/3/3453
f 3465/4/3516 2875/3/2315 6250/2/3517
f 6250/2/3517 535/1/2347 3337/4/3493
f 3055/3/3453 3337/4/3493 613/1/3430
f 898/1/3518 6251/2/3519 3565/3/3520
f 3615/4/3521 3480/3/3522 6251/2/3519
f 6251/2/3519 829/1/3523 3468/4/3524
f 3565/3/3520 3468/4/3524 835/1/3525
f 3612/4/3526 3568/3/3527 901/1/3528
f 882/1/3529 6252/2/3530 3612/4/3526
f 3481/3/3531 3477/4/3532 6252/2/3530
f 6252/2/3530 832/1/3533 3568/3/3527
f 879/1/3534 6253/2/3535 3480/3/3522
f 3609/4/3536 3482/3/3537 6253/2/3535
f 6253/2/3535 836/1/3538 3469/4/3539
f 3480/3/3522 3469/4/3539 829/1/3523
f 3606/4/3540 3481/3/3531 882/1/3529
f 888/1/3541 6254/2/3542 3606/4/3540
f 3483/3/3543 3478/4/3544 6254/2/3542
f 6254/2/3542 840/1/3545 3481/3/3531
f 885/1/3546 6255/2/3547 3482/3/3537
f 3603/4/3548 3568/3/3527 6255/2/3547
f 6255/2/3547 832/1/3533 3479/4/3549
f 3482/3/3537 3479/4/3549 836/1/3538
f 904/1/3550 6256/2/3551 3571/3/3552
f 3600/4/3553 3565/3/3520 6256/2/3551
f 6256/2/3551 835/1/3525 3472/4/3554
f 3571/3/3552 3472/4/3554 831/1/3555
f 3597/4/3556 3483/3/3543 888/1/3541
f 3597/4/3556 3484/3/3557 6257/2/3558
f 6257/2/3558 839/1/3559 3474/4/3560
f 6257/2/3558 834/1/3561 3483/3/3543
f 907/1/3562 6258/2/3563 3574/3/3564
f 3594/4/3565 3571/3/3552 6258/2/3563
f 6258/2/3563 831/1/3555 3471/4/3566
f 3574/3/3564 3471/4/3566 837/1/3567
f 910/1/3568 6259/2/3569 3577/3/3570
f 3591/4/3571 3574/3/3564 6259/2/3569
f 3574/3/3564 3475/4/3572 6259/2/3569
f 6259/2/3569 833/1/3573 3577/3/3570
f 891/1/3574 6260/2/3575 3484/3/3557
f 3588/4/3576 3485/3/3577 6260/2/3575
f 6260/2/3575 830/1/3578 3473/4/3579
f 3484/3/3557 3473/4/3579 839/1/3559
f 894/1/3580 6261/2/3581 3485/3/3577
f 897/1/3582 6261/2/3581 3585/4/3583
f 3486/3/3584 3470/4/3585 6261/2/3581
f 6261/2/3581 830/1/3578 3485/3/3577
f 3582/4/3586 3486/3/3584 897/1/3582
f 910/1/3568 6262/2/3587 3582/4/3586
f 3577/3/3570 3476/4/3588 6262/2/3587
f 6262/2/3587 838/1/3589 3486/3/3584
f 5420/5/3590 3493/6/3591 1814/20/3592
f 1823/7/3593 6263/5/3594 5420/5/3590
f 5395/6/3595 3494/6/3596 6263/5/3594
f 6263/5/3594 852/5/3597 3493/6/3591
f 1812/7/3598 6264/5/3599 3492/6/3600
f 5418/1/3601 3493/6/3591 6264/5/3599
f 6264/5/3599 852/5/3597 3495/6/3602
f 3492/6/3600 3495/6/3602 851/5/3603
f 1810/19/3604 6265/5/3605 3491/1/3606
f 5416/6/3607 3492/6/3600 6265/5/3605
f 6265/5/3605 851/5/3603 3496/6/3608
f 3491/1/3606 3496/6/3608 848/5/3609
f 5414/6/3610 5395/6/3595 1823/7/3593
f 1821/5/3611 6266/5/3612 5414/6/3610
f 5393/6/3613 3497/6/3614 6266/5/3612
f 6266/5/3612 850/5/3615 5395/6/3595
f 5412/4/3616 5393/3/3613 1821/1/3611
f 1819/1/3617 6267/2/3618 5412/4/3616
f 5391/3/3619 3498/4/3620 6267/2/3618
f 6267/2/3618 849/1/3621 5393/3/3613
f 1808/1/3622 6268/1/3623 3490/6/3624
f 5410/10/3625 3491/1/3606 6268/1/3623
f 6268/1/3623 848/5/3609 3499/6/3626
f 3490/6/3624 3499/6/3626 846/5/3627
f 5408/24/3628 5391/3/3619 1819/1/3617
f 5408/24/3628 5387/3/3629 6269/2/3630
f 5387/3/3629 3500/3/3631 6269/2/3630
f 6269/2/3630 847/1/3632 5391/3/3619
f 5406/22/3633 3489/3/3634 1806/1/3635
f 1817/1/3636 6270/2/3637 5406/22/3633
f 5389/3/3638 3501/4/3639 6270/2/3637
f 6270/2/3637 845/1/3640 3489/3/3634
f 5404/4/3641 3488/3/3642 1804/1/3643
f 1808/1/3622 6271/2/3644 5404/4/3641
f 6271/2/3644 846/1/3627 3502/4/3645
f 6271/2/3644 843/1/3646 3488/3/3642
f 1802/1/3647 6272/2/3648 3487/3/3649
f 1806/1/3635 6272/2/3648 5402/4/3650
f 3489/3/3634 3503/4/3651 6272/2/3648
f 6272/2/3648 841/1/3652 3487/3/3649
f 5400/4/3653 5389/3/3638 1817/1/3636
f 1804/1/3643 6273/2/3654 5400/4/3653
f 3488/3/3642 3504/4/3655 6273/2/3654
f 6273/2/3654 844/1/3656 5389/3/3638
f 1815/11/3657 6274/2/3658 5387/3/3629
f 5398/24/3659 3487/3/3649 6274/2/3658
f 3487/3/3649 3505/3/3660 6274/2/3658
f 6274/2/3658 842/1/3661 5387/3/3629
f 1828/1/3662 6275/2/3663 3526/3/3664
f 5444/4/3665 5430/3/3666 6275/2/3663
f 6275/2/3663 864/1/3667 3511/4/3668
f 3526/3/3664 3511/4/3668 859/1/3669
f 1827/1/3670 6276/2/3671 3525/3/3672
f 5443/4/3673 3526/3/3664 6276/2/3671
f 6276/2/3671 859/1/3669 3512/4/3674
f 3525/3/3672 3512/4/3674 858/1/3675
f 1836/1/3676 6277/2/3677 4060/3/3678
f 5442/4/3679 3525/3/3672 6277/2/3677
f 6277/2/3677 858/1/3675 3513/4/3680
f 4060/3/3678 3513/4/3680 857/1/3681
f 5441/4/3682 5430/3/3666 1834/1/3683
f 1833/1/3684 6278/2/3685 5441/4/3682
f 5429/3/3686 3514/4/3687 6278/2/3685
f 6278/2/3685 864/1/3667 5430/3/3666
f 5440/4/3688 5429/3/3686 1833/1/3684
f 1832/1/3689 6279/2/3690 5440/4/3688
f 5428/3/3691 3515/4/3692 6279/2/3690
f 6279/2/3690 863/1/3693 5429/3/3686
f 1825/1/3694 6280/2/3695 3523/3/3696
f 5439/4/3697 4060/3/3678 6280/2/3695
f 6280/2/3695 857/1/3681 3516/4/3698
f 3523/3/3696 3516/4/3698 856/1/3699
f 5438/4/3700 5428/3/3691 1832/1/3689
f 1831/1/3701 6281/2/3702 5438/4/3700
f 5427/3/3703 3517/4/3704 6281/2/3702
f 6281/2/3702 862/1/3705 5428/3/3691
f 5437/4/3706 3617/3/3707 1830/1/3708
f 1826/1/3709 6282/2/3710 5437/4/3706
f 5422/3/3711 3518/4/3712 6282/2/3710
f 6282/2/3710 855/1/3713 3617/3/3707
f 1835/1/3714 6283/2/3715 4059/3/3716
f 5436/4/3717 3523/3/3696 6283/2/3715
f 6283/2/3715 856/1/3699 3519/4/3718
f 4059/3/3716 3519/4/3718 854/1/3719
f 5435/4/3720 3616/3/3721 1829/1/3722
f 1830/1/3708 6284/2/3723 5435/4/3720
f 3617/3/3707 3520/4/3724 6284/2/3723
f 6284/2/3723 853/1/3725 3616/3/3721
f 5434/4/3726 5422/3/3711 1826/1/3709
f 5434/4/3726 4059/3/3716 6285/2/3727
f 4059/3/3716 3521/4/3728 6285/2/3727
f 6285/2/3727 861/1/3729 5422/3/3711
f 5433/4/3730 5427/3/3703 1831/1/3701
f 1829/1/3722 6286/2/3731 5433/4/3730
f 3616/3/3721 3522/4/3732 6286/2/3731
f 6286/2/3731 860/1/3733 5427/3/3703
f 859/1/3669 6287/2/3734 3562/3/3735
f 3511/4/3668 3510/3/3736 6287/2/3734
f 6287/2/3734 912/1/3737 3580/4/3738
f 3562/3/3735 3580/4/3738 895/1/3739
f 895/1/3739 6288/2/3740 3563/3/3741
f 3580/4/3738 3579/3/3742 6288/2/3740
f 6288/2/3740 911/1/3743 3581/4/3744
f 3563/3/3741 3581/4/3744 896/1/3745
f 896/1/3745 6289/2/3746 3564/3/3747
f 3581/4/3744 3578/3/3748 6289/2/3746
f 3578/3/3748 3582/4/3586 6289/2/3746
f 3564/3/3747 3582/4/3586 897/1/3582
f 858/1/3675 6290/2/3749 3559/3/3750
f 3512/4/3674 3562/3/3735 6290/2/3749
f 6290/2/3749 895/1/3739 3583/4/3751
f 3559/3/3750 3583/4/3751 892/1/3752
f 892/1/3752 6291/2/3753 3560/3/3754
f 3583/4/3751 3563/3/3741 6291/2/3753
f 6291/2/3753 896/1/3745 3584/4/3755
f 3560/3/3754 3584/4/3755 893/1/3756
f 893/1/3756 6292/2/3757 3561/3/3758
f 3584/4/3755 3564/3/3747 6292/2/3757
f 6292/2/3757 897/1/3582 3585/4/3583
f 3561/3/3758 3585/4/3583 894/1/3580
f 857/1/3681 6293/2/3759 3556/3/3760
f 3513/4/3680 3559/3/3750 6293/2/3759
f 6293/2/3759 892/1/3752 3586/4/3761
f 3556/3/3760 3586/4/3761 889/1/3762
f 889/1/3762 6294/2/3763 3557/3/3764
f 3586/4/3761 3560/3/3754 6294/2/3763
f 6294/2/3763 893/1/3756 3587/4/3765
f 3557/3/3764 3587/4/3765 890/1/3766
f 890/1/3766 6295/2/3767 3558/3/3768
f 3587/4/3765 3561/3/3758 6295/2/3767
f 6295/2/3767 894/1/3580 3588/4/3576
f 3558/3/3768 3588/4/3576 891/1/3574
f 3514/4/3687 3510/3/3736 864/1/3667
f 863/1/3693 6296/2/3769 3514/4/3687
f 3509/3/3770 3589/4/3771 6296/2/3769
f 6296/2/3769 912/1/3737 3510/3/3736
f 3589/4/3771 3579/3/3742 912/1/3737
f 909/1/3772 6297/2/3773 3589/4/3771
f 3576/3/3774 3590/4/3775 6297/2/3773
f 6297/2/3773 911/1/3743 3579/3/3742
f 3590/4/3775 3578/3/3748 911/1/3743
f 908/1/3776 6298/2/3777 3590/4/3775
f 3575/3/3778 3591/4/3571 6298/2/3777
f 6298/2/3777 910/1/3568 3578/3/3748
f 3515/4/3692 3509/3/3770 863/1/3693
f 862/1/3705 6299/2/3779 3515/4/3692
f 3508/3/3780 3592/4/3781 6299/2/3779
f 6299/2/3779 909/1/3772 3509/3/3770
f 3592/4/3781 3576/3/3774 909/1/3772
f 906/1/3782 6300/2/3783 3592/4/3781
f 3573/3/3784 3593/4/3785 6300/2/3783
f 6300/2/3783 908/1/3776 3576/3/3774
f 3593/4/3785 3575/3/3778 908/1/3776
f 905/1/3786 6301/2/3787 3593/4/3785
f 3572/3/3788 3594/4/3565 6301/2/3787
f 6301/2/3787 907/1/3562 3575/3/3778
f 856/1/3699 6302/2/3789 3553/3/3790
f 3516/4/3698 3556/3/3760 6302/2/3789
f 6302/2/3789 889/1/3762 3595/4/3791
f 3553/3/3790 3595/4/3791 886/1/3792
f 886/1/3792 6303/2/3793 3554/3/3794
f 3595/4/3791 3557/3/3764 6303/2/3793
f 6303/2/3793 890/1/3766 3596/4/3795
f 3554/3/3794 3596/4/3795 887/1/3796
f 887/1/3796 6304/2/3797 3555/3/3798
f 3596/4/3795 3558/3/3768 6304/2/3797
f 6304/2/3797 891/1/3574 3597/4/3556
f 3555/3/3798 3597/4/3556 888/1/3541
f 3517/4/3704 3508/3/3780 862/1/3705
f 860/1/3733 6305/2/3799 3517/4/3704
f 3506/3/3800 3598/4/3801 6305/2/3799
f 6305/2/3799 906/1/3782 3508/3/3780
f 3598/4/3801 3573/3/3784 906/1/3782
f 900/1/3802 6306/2/3803 3598/4/3801
f 3567/3/3804 3599/4/3805 6306/2/3803
f 6306/2/3803 905/1/3786 3573/3/3784
f 3599/4/3805 3572/3/3788 905/1/3786
f 899/1/3806 6307/2/3807 3599/4/3805
f 3566/3/3808 3600/4/3553 6307/2/3807
f 6307/2/3807 904/1/3550 3572/3/3788
f 3518/4/3712 3550/3/3809 855/1/3713
f 861/1/3729 6308/2/3810 3518/4/3712
f 3507/3/3811 3601/4/3812 6308/2/3810
f 6308/2/3810 883/1/3813 3550/3/3809
f 3601/4/3812 3551/3/3814 883/1/3813
f 903/1/3815 6309/2/3816 3601/4/3812
f 3570/3/3817 3602/4/3818 6309/2/3816
f 6309/2/3816 884/1/3819 3551/3/3814
f 884/1/3819 6310/2/3820 3552/3/3821
f 3602/4/3818 3569/3/3822 6310/2/3820
f 6310/2/3820 901/1/3528 3603/4/3548
f 3552/3/3821 3603/4/3548 885/1/3546
f 3519/4/3718 3547/3/3823 854/1/3719
f 3519/4/3718 3553/3/3790 6311/2/3824
f 6311/2/3824 886/1/3792 3604/4/3825
f 6311/2/3824 880/1/3826 3547/3/3823
f 3604/4/3825 3548/3/3827 880/1/3826
f 886/1/3792 6312/2/3828 3604/4/3825
f 6312/2/3828 887/1/3796 3605/4/3829
f 3548/3/3827 3605/4/3829 881/1/3830
f 881/1/3830 6313/2/3831 3549/3/3832
f 3605/4/3829 3555/3/3798 6313/2/3831
f 6313/2/3831 888/1/3541 3606/4/3540
f 3549/3/3832 3606/4/3540 882/1/3529
f 3520/4/3724 3544/3/3833 853/1/3725
f 855/1/3713 6314/2/3834 3520/4/3724
f 3550/3/3809 3607/4/3835 6314/2/3834
f 6314/2/3834 877/1/3836 3544/3/3833
f 3607/4/3835 3545/3/3837 877/1/3836
f 883/1/3813 6315/2/3838 3607/4/3835
f 3551/3/3814 3608/4/3839 6315/2/3838
f 6315/2/3838 878/1/3840 3545/3/3837
f 3608/4/3839 3546/3/3841 878/1/3840
f 884/1/3819 6316/2/3842 3608/4/3839
f 6316/2/3842 885/1/3546 3609/4/3536
f 3546/3/3841 3609/4/3536 879/1/3534
f 3521/4/3728 3507/3/3811 861/1/3729
f 854/1/3719 6317/2/3843 3521/4/3728
f 3547/3/3823 3610/4/3844 6317/2/3843
f 6317/2/3843 903/1/3815 3507/3/3811
f 3610/4/3844 3570/3/3817 903/1/3815
f 880/1/3826 6318/2/3845 3610/4/3844
f 3548/3/3827 3611/4/3846 6318/2/3845
f 6318/2/3845 902/1/3847 3570/3/3817
f 902/1/3847 6319/2/3848 3569/3/3822
f 3611/4/3846 3549/3/3832 6319/2/3848
f 6319/2/3848 882/1/3529 3612/4/3526
f 3569/3/3822 3612/4/3526 901/1/3528
f 3522/4/3732 3506/3/3800 860/1/3733
f 853/1/3725 6320/2/3849 3522/4/3732
f 3544/3/3833 3613/4/3850 6320/2/3849
f 6320/2/3849 900/1/3802 3506/3/3800
f 3613/4/3850 3567/3/3804 900/1/3802
f 877/1/3836 6321/2/3851 3613/4/3850
f 3545/3/3837 3614/4/3852 6321/2/3851
f 6321/2/3851 899/1/3806 3567/3/3804
f 3614/4/3852 3566/3/3808 899/1/3806
f 878/1/3840 6322/2/3853 3614/4/3852
f 3546/3/3841 3615/4/3521 6322/2/3853
f 6322/2/3853 898/1/3518 3566/3/3808
f 4024/4/3854 4036/3/3855 1122/1/3856
f 1042/1/3857 6323/2/3858 4024/4/3854
f 3624/3/3859 4014/4/3860 6323/2/3858
f 6323/2/3858 1112/1/3861 4036/3/3855
f 1120/5/3862 6324/5/3863 4035/6/3864
f 4022/1/3865 3627/6/3866 6324/5/3863
f 6324/5/3863 920/5/3867 4015/6/3868
f 4035/6/3864 4015/6/3868 1113/5/3869
f 1121/1/3870 6325/2/3871 4034/3/3872
f 4023/4/3873 3630/3/3874 6325/2/3871
f 6325/2/3871 918/1/3875 4016/4/3876
f 4034/3/3872 4016/4/3876 1114/1/3877
f 1117/5/3878 6326/5/3879 4033/6/3880
f 4019/1/3881 3633/6/3882 6326/5/3879
f 6326/5/3879 914/5/3883 3623/6/3884
f 4033/6/3880 3623/6/3884 1111/5/3885
f 3661/4/3886 3643/3/3887 926/1/3888
f 1099/1/3889 6327/2/3890 3661/4/3886
f 4006/3/3891 3662/4/3892 6327/2/3890
f 6327/2/3890 925/1/3893 3643/3/3887
f 3923/4/3894 3990/3/3895 1086/1/3896
f 3923/4/3894 3682/3/3897 6328/2/3898
f 3682/3/3897 3890/4/3899 6328/2/3898
f 6328/2/3898 1053/1/3900 3990/3/3895
f 3887/4/3901 4012/3/3902 1102/1/3903
f 3887/4/3901 3638/3/3904 6329/2/3905
f 6329/2/3905 921/1/3906 3634/4/3907
f 6329/2/3905 1050/1/3908 4012/3/3902
f 3671/10/3909 4011/6/3910 1104/5/3911
f 3671/10/3909 3874/12/3912 6330/1/3913
f 6330/1/3913 1039/6/3914 3994/1/3915
f 6330/1/3913 1108/5/3916 4011/6/3910
f 3889/6/3917 4010/6/3918 1100/5/3919
f 941/5/3920 6331/22/3921 3889/6/3917
f 3640/1/3922 3986/1/3923 6331/22/3921
f 4010/6/3918 3986/1/3923 1051/5/3924
f 3996/4/3925 4009/3/3926 1110/1/3927
f 1046/1/3928 6332/2/3929 3996/4/3925
f 3641/3/3930 3991/4/3931 6332/2/3929
f 6332/2/3929 1052/1/3932 4009/3/3926
f 3991/4/3931 4008/3/3933 1052/1/3932
f 922/1/3934 6333/2/3935 3991/4/3931
f 3657/3/3936 3984/4/3937 6333/2/3935
f 6333/2/3935 1043/1/3938 4008/3/3933
f 3984/4/3937 4007/3/3939 1043/1/3938
f 939/1/3940 6334/2/3941 3984/4/3937
f 3658/3/3942 3941/4/3943 6334/2/3941
f 6334/2/3941 1099/1/3889 4007/3/3939
f 3941/4/3943 4006/3/3891 1099/1/3889
f 940/1/3944 6335/2/3945 3941/4/3943
f 3659/3/3946 3889/4/3917 6335/2/3945
f 6335/2/3945 1100/1/3919 4006/3/3891
f 3655/12/3947 3873/6/3948 936/5/3949
f 937/9/3950 6336/1/3951 3655/12/3947
f 6336/1/3951 1038/6/3952 3866/1/3953
f 3873/6/3948 3866/1/3953 1037/5/3954
f 3877/1/3955 3631/5/3956 917/4/3957
f 1040/1/3958 6337/13/3959 3877/1/3955
f 1034/6/3960 6337/13/3959 3870/1/3961
f 1101/5/3962 6338/5/3963 4005/6/3964
f 3888/10/3965 3656/6/3966 6338/5/3963
f 6338/5/3963 938/5/3967 3887/6/3901
f 4005/6/3964 3887/6/3901 1102/5/3903
f 1092/1/3968 6339/2/3969 3988/3/3970
f 3929/4/3971 3754/3/3972 6339/2/3969
f 6339/2/3969 981/1/3973 3753/4/3974
f 6339/2/3969 1072/1/3975 3988/3/3970
f 1090/1/3976 6340/2/3977 3987/3/3978
f 3927/4/3979 3730/3/3980 6340/2/3977
f 6340/2/3977 967/1/3981 3902/4/3982
f 3987/3/3978 3902/4/3982 1065/1/3983
f 1011/1/3984 6341/2/3985 3815/3/3986
f 3821/4/3987 3706/3/3988 6341/2/3985
f 3706/3/3988 3702/4/3989 6341/2/3985
f 3815/3/3986 3702/4/3989 955/1/3990
f 3664/6/3991 3649/6/3992 932/6/3993
f 1101/5/3962 6342/5/3994 3664/6/3991
f 4005/6/3964 3665/6/3995 6342/5/3994
f 6342/5/3994 931/5/3996 3649/6/3992
f 1093/5/3997 6343/5/3998 3632/1/3999
f 1109/5/4000 6343/5/3998 3942/6/4001
f 4004/6/4002 3650/6/4003 6343/5/3998
f 3632/1/3999 3650/6/4003 917/4/3957
f 919/1/4004 6344/2/4005 3844/3/4006
f 3628/4/4007 4003/3/4008 6344/2/4005
f 6344/2/4005 1103/1/4009 3838/4/4010
f 3844/3/4006 3838/4/4010 1023/1/4011
f 1114/5/3877 6345/22/4012 4032/6/4013
f 918/5/3875 6345/22/4012 4016/6/3876
f 3651/1/4014 4017/1/4015 6345/22/4012
f 6345/22/4012 1115/5/4016 4032/6/4013
f 1115/5/4016 6346/25/4017 4031/6/4018
f 4017/1/4015 3652/1/4019 6346/25/4017
f 3652/1/4019 4018/1/4020 6346/25/4017
f 4031/6/4018 4018/1/4020 1116/5/4021
f 1116/5/4021 6347/25/4022 4030/6/4023
f 4018/1/4020 3653/1/4024 6347/25/4022
f 6347/25/4022 935/1/4025 4019/1/3881
f 4030/6/4023 4019/1/3881 1117/5/3878
f 4014/6/3860 4029/6/4026 1112/5/3861
f 916/5/4027 6348/22/4028 4014/6/3860
f 3645/1/4029 4020/1/4030 6348/22/4028
f 6348/22/4028 1118/5/4031 4029/6/4026
f 4020/1/4030 4028/6/4032 1118/5/4031
f 928/1/4033 6349/25/4034 4020/1/4030
f 3646/1/4035 4021/1/4036 6349/25/4034
f 6349/25/4034 1119/5/4037 4028/6/4032
f 4021/1/4036 4027/6/4038 1119/5/4037
f 4021/1/4036 3647/1/4039 6350/25/4040
f 3647/1/4039 4022/1/3865 6350/25/4040
f 4027/6/4038 4022/1/3865 1120/5/3862
f 1054/1/4041 6351/2/4042 3983/3/4043
f 3891/4/4044 3690/3/4045 6351/2/4042
f 6351/2/4042 949/1/4046 3893/4/4047
f 3983/3/4043 3893/4/4047 1056/1/4048
f 1085/1/4049 6352/2/4050 3982/3/4051
f 3922/4/4052 3684/3/4053 6352/2/4050
f 6352/2/4050 945/1/4054 3891/4/4044
f 3982/3/4051 3891/4/4044 1054/1/4041
f 3811/4/4055 3682/3/3897 1006/1/4056
f 1009/1/4057 6353/2/4058 3811/4/4055
f 3809/3/4059 3679/4/4060 6353/2/4058
f 6353/2/4058 942/1/4061 3682/3/3897
f 1008/1/4062 6354/2/4063 3684/3/4053
f 3810/4/4064 3807/3/4065 6354/2/4063
f 6354/2/4063 943/1/4066 3680/4/4067
f 3684/3/4053 3680/4/4067 945/1/4054
f 991/5/4068 6355/6/4069 3775/1/4070
f 990/5/4071 6355/6/4069 3781/6/4072
f 6355/6/4069 951/6/4073 3696/1/4074
f 6355/6/4069 953/7/4075 3775/1/4070
f 3679/4/4060 3692/3/4076 942/1/4061
f 944/1/4077 6356/2/4078 3679/4/4060
f 3691/3/4079 3687/4/4080 6356/2/4078
f 6356/2/4078 946/1/4081 3692/3/4076
f 945/1/4054 6357/2/4082 3690/3/4045
f 3680/4/4067 3693/3/4083 6357/2/4082
f 6357/2/4082 947/1/4084 3688/4/4085
f 3690/3/4045 3688/4/4085 949/1/4046
f 3890/4/3899 3981/3/4086 1053/1/3900
f 942/1/4061 6358/2/4087 3890/4/3899
f 3692/3/4076 3892/4/4088 6358/2/4087
f 6358/2/4087 1055/1/4089 3981/3/4086
f 3980/6/4090 3697/1/4091 1058/5/4092
f 3980/6/4090 3894/11/4093 6359/5/4094
f 6359/5/4094 950/6/4095 3695/1/4096
f 3697/1/4091 3695/1/4096 952/1/4097
f 3915/6/4098 3979/6/4099 1078/5/4100
f 992/5/4101 6360/4/4102 3915/6/4098
f 6360/4/4102 950/6/4095 3894/11/4093
f 6360/4/4102 1057/5/4103 3979/6/4099
f 1077/5/4104 6361/4/4105 3978/6/4106
f 3914/6/4107 3775/1/4070 6361/4/4105
f 6361/4/4105 953/7/4075 3895/1/4108
f 3978/6/4106 3895/1/4108 1058/5/4092
f 3778/6/4109 3700/11/4110 992/5/4101
f 3778/6/4109 3777/11/4111 6362/1/4112
f 6362/1/4112 952/1/4097 3695/1/4096
f 6362/1/4112 950/6/4095 3700/11/4110
f 1059/1/4113 6363/2/4114 3977/3/4115
f 3896/4/4116 3714/3/4117 6363/2/4114
f 6363/2/4114 959/1/4118 3898/4/4119
f 3977/3/4115 3898/4/4119 1061/1/4120
f 3925/4/4121 3976/3/4122 1088/1/4123
f 1012/1/4124 6364/2/4125 3925/4/4121
f 3708/3/4126 3705/4/4127 6364/2/4125
f 6364/2/4125 1060/1/4128 3976/3/4122
f 3819/4/4129 3708/3/4126 1012/1/4124
f 1013/1/4130 6365/2/4131 3819/4/4129
f 3709/3/4132 3703/4/4133 6365/2/4131
f 6365/2/4131 957/1/4134 3708/3/4126
f 1087/1/4135 6366/2/4136 3975/3/4137
f 3924/4/4138 3815/3/3986 6366/2/4136
f 6366/2/4136 955/1/3990 3896/4/4116
f 3975/3/4137 3896/4/4116 1059/1/4113
f 3917/6/4139 3974/6/4140 1080/5/4141
f 994/5/4142 6367/4/4143 3917/6/4139
f 6367/4/4143 965/6/4144 3721/1/4145
f 6367/4/4143 1064/5/4146 3974/6/4140
f 955/1/3990 6368/2/4147 3714/3/4117
f 954/1/4148 6368/2/4147 3702/4/3989
f 3716/3/4149 3710/4/4150 6368/2/4147
f 3714/3/4117 3710/4/4150 959/1/4118
f 3705/4/4127 3973/3/4151 1060/1/4128
f 957/1/4134 6369/2/4152 3705/4/4127
f 3717/3/4153 3713/4/4154 6369/2/4152
f 6369/2/4152 1062/1/4155 3973/3/4151
f 3703/4/4133 3717/3/4153 957/1/4134
f 956/1/4156 6370/2/4157 3703/4/4133
f 6370/2/4157 960/1/4158 3711/4/4159
f 6370/2/4157 961/1/4160 3717/3/4153
f 3972/6/4161 3720/1/4162 1063/5/4163
f 3972/6/4161 3721/1/4145 6371/5/4164
f 3721/1/4145 3719/1/4165 6371/5/4164
f 3720/1/4162 3719/1/4165 964/1/4166
f 3788/6/4167 3722/11/4168 994/5/4142
f 996/5/4169 6372/1/4170 3788/6/4167
f 6372/1/4170 964/1/4166 3719/1/4165
f 6372/1/4170 965/6/4144 3722/11/4168
f 1079/5/4171 6373/4/4172 3971/6/4173
f 3916/6/4174 3725/11/4175 6373/4/4172
f 6373/4/4172 963/6/4176 3900/1/4177
f 3971/6/4173 3900/1/4177 1063/5/4163
f 997/5/4178 6374/1/4179 3725/11/4175
f 3786/6/4180 3783/11/4181 6374/1/4179
f 6374/1/4179 962/6/4182 3718/1/4183
f 6374/1/4179 963/6/4176 3725/11/4175
f 3902/4/3982 3970/3/4184 1065/1/3983
f 967/1/3981 6375/2/4185 3902/4/3982
f 3738/3/4186 3904/4/4187 6375/2/4185
f 6375/2/4185 1067/1/4188 3970/3/4184
f 3828/4/4189 3730/3/3980 1014/1/4190
f 1016/1/4191 6376/2/4192 3828/4/4189
f 3732/3/4193 3726/4/4194 6376/2/4192
f 6376/2/4192 967/1/3981 3730/3/3980
f 1089/1/4195 6377/2/4196 3969/3/4197
f 3926/4/4198 3733/3/4199 6377/2/4196
f 6377/2/4196 969/1/4200 3729/4/4201
f 6377/2/4196 1066/1/4202 3969/3/4197
f 1017/1/4203 6378/2/4204 3733/3/4199
f 3826/4/4205 3823/3/4206 6378/2/4204
f 6378/2/4204 968/1/4207 3727/4/4208
f 3733/3/4199 3727/4/4208 969/1/4200
f 999/5/4209 6379/6/4210 3791/1/4211
f 998/5/4212 6379/6/4210 3797/6/4213
f 6379/6/4210 974/6/4214 3742/1/4215
f 6379/6/4210 975/7/4216 3791/1/4211
f 3726/4/4194 3738/3/4186 967/1/3981
f 966/1/4217 6380/2/4218 3726/4/4194
f 3740/3/4219 3734/4/4220 6380/2/4218
f 6380/2/4218 971/1/4221 3738/3/4186
f 3729/4/4201 3968/3/4222 1066/1/4202
f 969/1/4200 6381/2/4223 3729/4/4201
f 3741/3/4224 3737/4/4225 6381/2/4223
f 6381/2/4223 1068/1/4226 3968/3/4222
f 969/1/4200 6382/2/4227 3741/3/4224
f 3727/4/4208 3739/3/4228 6382/2/4227
f 6382/2/4227 972/1/4229 3735/4/4230
f 3741/3/4224 3735/4/4230 973/1/4231
f 1069/5/4232 6383/5/4233 3744/1/4234
f 3967/6/4235 3745/11/4236 6383/5/4233
f 6383/5/4233 977/6/4237 3743/1/4238
f 6383/5/4233 976/1/4239 3744/1/4234
f 3919/6/4240 3966/6/4241 1082/5/4242
f 1000/5/4243 6384/4/4244 3919/6/4240
f 6384/4/4244 977/6/4237 3745/11/4236
f 6384/4/4244 1070/5/4245 3966/6/4241
f 3795/6/4246 3748/11/4247 1000/5/4243
f 3795/6/4246 3749/11/4248 6385/1/4249
f 6385/1/4249 976/1/4239 3743/1/4238
f 6385/1/4249 977/6/4237 3748/11/4247
f 1081/5/4250 6386/4/4251 3965/6/4252
f 3918/6/4253 3791/1/4211 6386/4/4251
f 6386/4/4251 975/7/4216 3906/1/4254
f 3965/6/4252 3906/1/4254 1069/5/4232
f 3752/4/4255 3763/3/4256 981/1/3973
f 980/1/4257 6387/2/4258 3752/4/4255
f 3762/3/4259 3760/4/4260 6387/2/4258
f 6387/2/4258 985/1/4261 3763/3/4256
f 3836/4/4262 3754/3/3972 1018/1/4263
f 1020/1/4264 6388/2/4265 3836/4/4262
f 3756/3/4266 3752/4/4255 6388/2/4265
f 6388/2/4265 981/1/3973 3754/3/3972
f 3835/4/4267 3833/3/4268 1021/1/4269
f 1019/1/4270 6389/2/4271 3835/4/4267
f 3831/3/4272 3750/4/4273 6389/2/4271
f 6389/2/4271 979/1/4274 3833/3/4268
f 3928/4/4275 3964/3/4276 1091/1/4277
f 1021/1/4269 6390/2/4278 3928/4/4275
f 3833/3/4268 3908/4/4279 6390/2/4278
f 6390/2/4278 1071/1/4280 3964/3/4276
f 3921/6/4281 3963/6/4282 1084/5/4283
f 3921/6/4281 3770/11/4284 6391/4/4285
f 6391/4/4285 989/6/4286 3769/1/4287
f 3963/6/4282 3769/1/4287 1076/5/4288
f 3750/4/4273 3765/3/4289 979/1/4274
f 978/1/4290 6392/2/4291 3750/4/4273
f 3764/3/4292 3758/4/4293 6392/2/4291
f 6392/2/4291 983/1/4294 3765/3/4289
f 3753/4/3974 3962/3/4295 1072/1/3975
f 981/1/3973 6393/2/4296 3753/4/3974
f 3763/3/4256 3761/4/4297 6393/2/4296
f 6393/2/4296 1074/1/4298 3962/3/4295
f 1071/1/4280 6394/2/4299 3961/3/4300
f 979/1/4274 6394/2/4299 3908/4/4279
f 3765/3/4289 3910/4/4301 6394/2/4299
f 6394/2/4299 1073/1/4302 3961/3/4300
f 3960/6/4303 3767/1/4304 1075/5/4305
f 1076/5/4288 6395/5/4306 3960/6/4303
f 6395/5/4306 989/6/4286 3768/1/4307
f 6395/5/4306 988/1/4308 3767/1/4304
f 1083/5/4309 6396/4/4310 3959/6/4311
f 1004/5/4312 6396/4/4310 3920/6/4313
f 6396/4/4310 987/6/4314 3912/1/4315
f 3959/6/4311 3912/1/4315 1075/5/4305
f 1002/5/4316 6397/1/4317 3770/11/4284
f 3803/6/4318 3801/11/4319 6397/1/4317
f 6397/1/4317 988/1/4308 3768/1/4307
f 6397/1/4317 989/6/4286 3770/11/4284
f 3802/6/4320 3772/11/4321 1004/5/4312
f 1003/5/4322 6398/1/4323 3802/6/4320
f 6398/1/4323 986/6/4324 3766/1/4325
f 6398/1/4323 987/6/4314 3772/11/4321
f 3687/4/4080 3776/3/4326 946/1/4081
f 3687/4/4080 3701/3/4327 6399/2/4328
f 6399/2/4328 993/1/4329 3778/4/4109
f 6399/2/4328 992/1/4101 3776/3/4326
f 1056/1/4048 6400/2/4330 3958/3/4331
f 3893/4/4047 3699/3/4332 6400/2/4330
f 6400/2/4330 991/1/4068 3914/4/4107
f 3958/3/4331 3914/4/4107 1077/1/4104
f 3892/4/4088 3957/3/4333 1055/1/4089
f 946/1/4081 6401/2/4334 3892/4/4088
f 3776/3/4326 3915/4/4098 6401/2/4334
f 6401/2/4334 1078/1/4100 3957/3/4333
f 949/1/4046 6402/2/4335 3699/3/4332
f 3688/4/4085 3774/3/4336 6402/2/4335
f 3774/3/4336 3781/4/4072 6402/2/4335
f 3699/3/4332 3781/4/4072 991/1/4068
f 959/1/4118 6403/2/4337 3785/3/4338
f 958/1/4339 6403/2/4337 3710/4/4150
f 6403/2/4337 995/1/4340 3786/4/4180
f 3785/3/4338 3786/4/4180 997/1/4178
f 1061/1/4120 6404/2/4341 3956/3/4342
f 3898/4/4119 3785/3/4338 6404/2/4341
f 6404/2/4341 997/1/4178 3916/4/4174
f 3956/3/4342 3916/4/4174 1079/1/4171
f 3711/4/4159 3782/3/4343 961/1/4160
f 960/1/4158 6405/2/4344 3711/4/4159
f 3784/3/4345 3788/4/4167 6405/2/4344
f 6405/2/4344 994/1/4142 3782/3/4343
f 3713/4/4154 3955/3/4346 1062/1/4155
f 961/1/4160 6406/2/4347 3713/4/4154
f 3782/3/4343 3917/4/4139 6406/2/4347
f 6406/2/4347 1080/1/4141 3955/3/4346
f 1067/1/4188 6407/2/4348 3954/3/4349
f 3904/4/4187 3747/3/4350 6407/2/4348
f 6407/2/4348 999/1/4209 3918/4/4253
f 3954/3/4349 3918/4/4253 1081/1/4250
f 973/1/4231 6408/2/4351 3792/3/4352
f 3735/4/4230 3793/3/4353 6408/2/4351
f 6408/2/4351 1001/1/4354 3795/4/4246
f 3792/3/4352 3795/4/4246 1000/1/4243
f 3737/4/4225 3953/3/4355 1068/1/4226
f 973/1/4231 6409/2/4356 3737/4/4225
f 3792/3/4352 3919/4/4240 6409/2/4356
f 6409/2/4356 1082/1/4242 3953/3/4355
f 3734/4/4220 3747/3/4350 971/1/4221
f 970/1/4357 6410/2/4358 3734/4/4220
f 3790/3/4359 3797/4/4213 6410/2/4358
f 3747/3/4350 3797/4/4213 999/1/4209
f 3758/4/4293 3800/3/4360 983/1/4294
f 982/1/4361 6411/2/4362 3758/4/4293
f 3771/3/4363 3802/4/4320 6411/2/4362
f 6411/2/4362 1004/1/4312 3800/3/4360
f 985/1/4261 6412/2/4364 3798/3/4365
f 3760/4/4260 3773/3/4366 6412/2/4364
f 6412/2/4364 1005/1/4367 3803/4/4318
f 3798/3/4365 3803/4/4318 1002/1/4316
f 3910/4/4301 3952/3/4368 1073/1/4302
f 983/1/4294 6413/2/4369 3910/4/4301
f 3800/3/4360 3920/4/4313 6413/2/4369
f 3952/3/4368 3920/4/4313 1083/1/4309
f 3761/4/4297 3951/3/4370 1074/1/4298
f 985/1/4261 6414/2/4371 3761/4/4297
f 6414/2/4371 1002/1/4316 3921/4/4281
f 6414/2/4371 1084/1/4283 3951/3/4370
f 3645/6/4029 3808/6/4372 928/1/4033
f 3645/6/4029 3683/6/4373 6415/5/4374
f 6415/5/4374 1007/5/4375 3810/6/4064
f 3808/6/4372 3810/6/4064 1008/5/4062
f 914/5/3883 6416/5/4376 3806/6/4377
f 3633/11/3882 3685/6/4378 6416/5/4376
f 6416/5/4376 1009/5/4057 3811/6/4055
f 3806/6/4377 3811/6/4055 1006/5/4056
f 1049/5/4379 6417/5/4380 3950/6/4381
f 3886/1/4382 3808/6/4372 6417/5/4380
f 6417/5/4380 1008/5/4062 3922/6/4052
f 3950/6/4381 3922/6/4052 1085/5/4049
f 1042/1/3857 6418/2/4383 3949/3/4384
f 3879/4/4385 3806/3/4377 6418/2/4383
f 6418/2/4383 1006/1/4056 3923/4/3894
f 3949/3/4384 3923/4/3894 1086/1/3896
f 1048/5/4386 6419/5/4387 3948/6/4388
f 3885/1/4389 3707/6/4390 6419/5/4387
f 6419/5/4387 1011/5/3984 3924/6/4138
f 3948/6/4388 3924/6/4138 1087/5/4135
f 3653/1/4024 3816/6/4391 935/1/4025
f 934/1/4392 6420/5/4393 3653/1/4024
f 3817/6/4394 3819/6/4129 6420/5/4393
f 6420/5/4393 1012/5/4124 3816/6/4391
f 3668/1/4395 3947/6/4396 1049/5/4379
f 3668/1/4395 3816/6/4391 6421/5/4397
f 3816/6/4391 3925/6/4121 6421/5/4397
f 6421/5/4397 1088/5/4123 3947/6/4396
f 929/1/4398 6422/5/4399 3707/6/4390
f 3646/1/4035 3814/6/4400 6422/5/4399
f 6422/5/4399 1010/5/4401 3821/6/3987
f 3707/6/4390 3821/6/3987 1011/5/3984
f 3652/1/4019 3825/6/4402 934/1/4392
f 3652/1/4019 3731/6/4403 6423/5/4404
f 6423/5/4404 1015/5/4405 3826/6/4205
f 3825/6/4402 3826/6/4205 1017/5/4203
f 1048/5/4386 6424/5/4406 3946/6/4407
f 3667/1/4408 3825/6/4402 6424/5/4406
f 6424/5/4406 1017/5/4203 3926/6/4198
f 3946/6/4407 3926/6/4198 1089/5/4195
f 3647/1/4039 3822/6/4409 930/1/4410
f 3647/1/4039 3824/6/4411 6425/5/4412
f 3824/6/4411 3828/6/4189 6425/5/4412
f 6425/5/4412 1014/5/4190 3822/6/4409
f 1047/5/4413 6426/5/4414 3945/6/4415
f 3884/1/4416 3822/6/4409 6426/5/4414
f 6426/5/4414 1014/5/4190 3927/6/3979
f 3945/6/4415 3927/6/3979 1090/5/3976
f 3881/4/4417 3944/3/4418 1044/1/4419
f 920/1/3867 6427/2/4420 3881/4/4417
f 3757/3/4421 3928/4/4275 6427/2/4420
f 6427/2/4420 1091/1/4277 3944/3/4418
f 3627/11/3866 3757/6/4421 920/5/3867
f 3627/11/3866 3755/6/4422 6428/5/4423
f 6428/5/4423 1019/5/4270 3835/6/4267
f 6428/5/4423 1021/5/4269 3757/6/4421
f 3651/6/4014 3830/6/4424 933/1/4425
f 918/5/3875 6429/5/4426 3651/6/4014
f 3832/6/4427 3836/6/4262 6429/5/4426
f 6429/5/4426 1018/5/4263 3830/6/4424
f 1047/5/4413 6430/5/4428 3943/6/4429
f 3666/1/4430 3830/6/4424 6430/5/4428
f 6430/5/4428 1018/5/4263 3929/6/3971
f 3943/6/4429 3929/6/3971 1092/5/3968
f 3995/6/4431 4004/6/4002 1109/5/4000
f 1094/5/4432 6431/11/4433 3995/6/4431
f 3841/10/4434 3671/10/3909 6431/11/4433
f 6431/11/4433 1104/5/3911 4004/6/4002
f 3670/6/4435 3871/1/4436 1033/5/4437
f 1105/5/4438 6432/5/4439 3670/6/4435
f 4002/6/4440 3994/6/3915 6432/5/4439
f 6432/5/4439 1039/6/3914 3871/1/4436
f 1051/5/3924 6433/5/4441 4003/6/4008
f 3986/1/3923 3845/6/4442 6433/5/4441
f 6433/5/4441 1022/5/4443 3880/6/4444
f 4003/6/4008 3880/6/4444 1103/5/4009
f 3845/11/4442 3851/6/4445 1022/5/4443
f 923/1/4446 6434/5/4447 3845/11/4442
f 3850/6/4448 3849/6/4449 6434/5/4447
f 6434/5/4447 1027/5/4450 3851/6/4445
f 1128/5/4451 6435/4/4452 3940/6/4453
f 4048/6/4454 3858/11/4455 6435/4/4452
f 6435/4/4452 1030/6/4456 3854/1/4457
f 3940/6/4453 3854/1/4457 1097/5/4458
f 924/1/4459 6436/5/4460 3853/6/4461
f 3843/12/4462 3852/6/4463 6436/5/4460
f 6436/5/4460 1028/5/4464 3848/6/4465
f 3853/6/4461 3848/6/4465 1026/5/4466
f 3931/4/4467 3939/3/4468 1094/1/4432
f 1022/1/4443 6437/2/4469 3931/4/4467
f 3851/3/4445 3933/4/4470 6437/2/4469
f 6437/2/4469 1096/1/4471 3939/3/4468
f 1045/5/4472 6438/5/4473 3938/6/4474
f 3639/1/4475 3853/6/4461 6438/5/4473
f 6438/5/4473 1026/5/4466 3846/6/4476
f 3938/6/4474 3846/6/4476 1095/5/4477
f 1097/5/4458 6439/3/4478 3937/6/4479
f 3854/1/4457 3856/1/4480 6439/3/4478
f 6439/3/4478 1032/6/4481 3855/1/4482
f 3937/6/4479 3855/1/4482 1098/5/4483
f 1125/5/4484 6440/6/4485 4039/1/4486
f 4047/6/4487 4038/11/4488 6440/6/4485
f 6440/6/4485 1029/6/4489 3857/1/4490
f 4039/1/4486 3857/1/4490 1031/7/4491
f 4046/6/4492 3936/6/4493 1127/5/4494
f 4046/6/4492 4039/1/4486 6441/4/4495
f 6441/4/4495 1031/7/4491 3935/1/4496
f 6441/4/4495 1098/5/4483 3936/6/4493
f 4045/6/4497 3858/11/4455 1123/5/4498
f 1126/5/4499 6442/1/4500 4045/6/4497
f 4040/11/4501 3856/1/4480 6442/1/4500
f 6442/1/4500 1030/6/4456 3858/11/4455
f 3862/6/4502 4002/6/4440 1105/5/4438
f 1034/1/3960 6443/6/4503 3862/6/4502
f 3870/1/3961 3869/1/4504 6443/6/4503
f 6443/6/4503 1108/5/3916 4002/6/4440
f 3670/4/4435 4001/3/4505 1105/1/4438
f 1033/1/4437 6444/2/4506 3670/4/4435
f 6444/2/4506 1037/1/3954 3669/4/4507
f 4001/3/4505 3669/4/4507 1106/1/4508
f 1106/5/4508 6445/6/4509 4000/6/4510
f 3669/6/4507 3866/1/3953 6445/6/4509
f 6445/6/4509 1038/6/3952 3629/1/4511
f 6445/6/4509 1107/5/4512 4000/6/4510
f 1101/5/3962 6446/11/4513 3999/6/4514
f 3664/1/3991 3875/1/4515 6446/11/4513
f 6446/11/4513 1036/6/4516 3868/1/4517
f 3999/6/4514 3868/1/4517 1107/5/4512
f 1024/9/4518 6447/5/4519 3874/12/3912
f 3843/12/4462 3876/6/4520 6447/5/4519
f 6447/5/4519 1033/5/4437 3871/6/4436
f 3874/12/3912 3871/6/4436 1039/6/3914
f 4049/1/4521 4050/1/4522 932/6/3993
f 4049/1/4521 3631/1/3956 6448/1/4523
f 3631/1/3956 3863/6/4524 6448/1/4523
f 6448/1/4523 1035/5/4525 4050/1/4522
f 3654/6/4526 3876/6/4520 924/1/4459
f 936/5/3949 6449/5/4527 3654/6/4526
f 3873/6/3948 3865/6/4528 6449/5/4527
f 3876/6/4520 3865/6/4528 1033/5/4437
f 932/6/3993 6450/16/4529 3875/1/4515
f 3864/1/4530 4050/1/4522 1035/1/4525
f 1036/6/4516 6450/16/4529 3864/1/4530
f 4044/6/4531 4040/11/4501 1126/5/4499
f 1127/5/4494 6451/5/4532 4044/6/4531
f 3936/6/4493 3855/6/4482 6451/5/4532
f 6451/5/4532 1032/6/4481 4040/11/4501
f 3934/6/4533 3857/1/4490 1029/6/4489
f 1097/5/4458 6452/5/4534 3934/6/4533
f 3937/6/4479 3935/6/4496 6452/5/4534
f 6452/5/4534 1031/7/4491 3857/1/4490
f 3882/6/4535 3850/6/4448 923/1/4446
f 1045/5/4472 6453/5/4536 3882/6/4535
f 3938/6/4474 3932/6/4537 6453/5/4536
f 6453/5/4536 1025/5/4538 3850/6/4448
f 1024/9/4518 6454/5/4539 3852/6/4463
f 3841/6/4434 3939/6/4468 6454/5/4539
f 3939/6/4468 3847/6/4540 6454/5/4539
f 3852/6/4463 3847/6/4540 1028/5/4464
f 1124/5/4541 6455/5/4542 4038/11/4488
f 4043/6/4543 3940/6/4453 6455/5/4542
f 6455/5/4542 1097/5/4458 3934/6/4533
f 6455/5/4542 1029/6/4489 4038/11/4488
f 1034/5/3960 6456/5/4544 3863/6/4524
f 1105/5/4438 6456/5/4544 3862/6/4502
f 6456/5/4544 1106/5/4508 3867/6/4545
f 3863/6/4524 3867/6/4545 1035/6/4525
f 1103/1/4009 6457/2/4546 3998/3/4547
f 3880/4/4444 3931/3/4467 6457/2/4546
f 3931/3/4467 3995/4/4431 6457/2/4546
f 6457/2/4546 1109/1/4000 3998/3/4547
f 3884/6/4416 3755/6/4422 930/1/4410
f 3884/6/4416 3943/6/4429 6458/5/4548
f 3943/6/4429 3837/6/4549 6458/5/4548
f 6458/5/4548 1019/5/4270 3755/6/4422
f 3630/4/3874 3832/3/4427 918/1/3875
f 1044/1/4419 6459/2/4550 3630/4/3874
f 3944/3/4418 3834/4/4551 6459/2/4550
f 6459/2/4550 1020/1/4264 3832/3/4427
f 3666/6/4430 3731/6/4403 933/1/4425
f 1047/5/4413 6460/5/4552 3666/6/4430
f 3945/6/4415 3829/6/4553 6460/5/4552
f 6460/5/4552 1015/5/4405 3731/6/4403
f 3885/6/4389 3824/6/4411 929/1/4398
f 3885/6/4389 3946/6/4407 6461/5/4554
f 3946/6/4407 3827/6/4555 6461/5/4554
f 6461/5/4554 1016/5/4191 3824/6/4411
f 3886/6/4382 3814/6/4400 928/1/4033
f 1049/5/4379 6462/5/4556 3886/6/4382
f 3947/6/4396 3820/6/4557 6462/5/4556
f 6462/5/4556 1010/5/4401 3814/6/4400
f 3667/6/4408 3817/6/4394 934/1/4392
f 3667/6/4408 3948/6/4388 6463/5/4558
f 6463/5/4558 1087/5/4135 3818/6/4559
f 6463/5/4558 1013/5/4130 3817/6/4394
f 916/1/4027 6464/2/4560 3683/3/4373
f 3624/4/3859 3949/3/4384 6464/2/4560
f 3949/3/4384 3813/4/4561 6464/2/4560
f 6464/2/4560 1007/1/4375 3683/3/4373
f 3668/6/4395 3685/6/4378 935/1/4025
f 3668/6/4395 3950/6/4381 6465/5/4562
f 6465/5/4562 1085/5/4049 3812/6/4563
f 3685/6/4378 3812/6/4563 1009/5/4057
f 3911/4/4564 3771/3/4363 982/1/4361
f 1074/1/4298 6466/2/4565 3911/4/4564
f 3951/3/4370 3805/4/4566 6466/2/4565
f 6466/2/4565 1003/1/4322 3771/3/4363
f 3759/4/4567 3773/3/4366 984/1/4568
f 1073/1/4302 6467/2/4569 3759/4/4567
f 6467/2/4569 1083/1/4309 3804/4/4570
f 3773/3/4366 3804/4/4570 1005/1/4367
f 3905/4/4571 3790/3/4359 970/1/4357
f 1068/1/4226 6468/2/4572 3905/4/4571
f 3953/3/4355 3796/4/4573 6468/2/4572
f 6468/2/4572 998/1/4212 3790/3/4359
f 972/1/4229 6469/2/4574 3793/3/4353
f 3736/4/4575 3954/3/4349 6469/2/4574
f 6469/2/4574 1081/1/4250 3794/4/4576
f 3793/3/4353 3794/4/4576 1001/1/4354
f 3899/4/4577 3723/3/4578 958/1/4339
f 1062/1/4155 6470/2/4579 3899/4/4577
f 3955/3/4346 3789/4/4580 6470/2/4579
f 6470/2/4579 995/1/4340 3723/3/4578
f 960/1/4158 6471/2/4581 3784/3/4345
f 3712/4/4582 3956/3/4342 6471/2/4581
f 6471/2/4581 1079/1/4171 3787/4/4583
f 3784/3/4345 3787/4/4583 996/1/4169
f 3686/4/4584 3774/3/4336 947/1/4084
f 1055/1/4089 6472/2/4585 3686/4/4584
f 3957/3/4333 3780/4/4586 6472/2/4585
f 6472/2/4585 990/1/4071 3774/3/4336
f 948/1/4587 6473/2/4588 3701/3/4327
f 3689/4/4589 3958/3/4331 6473/2/4588
f 6473/2/4588 1077/1/4104 3779/4/4590
f 3701/3/4327 3779/4/4590 993/1/4329
f 1005/5/4367 6474/5/4591 3801/11/4319
f 3804/6/4570 3959/6/4311 6474/5/4591
f 3959/6/4311 3767/6/4304 6474/5/4591
f 6474/5/4591 988/1/4308 3801/11/4319
f 987/6/4314 6475/5/4592 3912/6/4315
f 986/6/4324 6475/5/4592 3766/1/4325
f 3913/6/4593 3960/6/4303 6475/5/4592
f 6475/5/4592 1075/5/4305 3912/6/4315
f 3751/4/4594 3762/3/4259 980/1/4257
f 1071/1/4280 6476/2/4595 3751/4/4594
f 3961/3/4300 3759/4/4567 6476/2/4595
f 6476/2/4595 984/1/4568 3762/3/4259
f 3909/4/4596 3764/3/4292 978/1/4290
f 1072/1/3975 6477/2/4597 3909/4/4596
f 3962/3/4295 3911/4/4564 6477/2/4597
f 6477/2/4597 982/1/4361 3764/3/4292
f 3805/6/4566 3799/11/4598 1003/5/4322
f 1084/5/4283 6478/5/4599 3805/6/4566
f 3963/6/4282 3913/6/4593 6478/5/4599
f 6478/5/4599 986/6/4324 3799/11/4598
f 3834/4/4551 3756/3/4266 1020/1/4264
f 1091/1/4277 6479/2/4600 3834/4/4551
f 3964/3/4276 3751/4/4594 6479/2/4600
f 6479/2/4600 980/1/4257 3756/3/4266
f 1001/5/4354 6480/5/4601 3749/11/4248
f 3794/6/4576 3965/6/4252 6480/5/4601
f 6480/5/4601 1069/5/4232 3744/6/4234
f 6480/5/4601 976/1/4239 3749/11/4248
f 3796/6/4573 3746/11/4602 998/5/4212
f 1082/5/4242 6481/5/4603 3796/6/4573
f 3966/6/4241 3907/6/4604 6481/5/4603
f 6481/5/4603 974/6/4214 3746/11/4602
f 3742/1/4215 3906/6/4254 975/7/4216
f 3742/1/4215 3907/6/4604 6482/5/4605
f 6482/5/4605 1070/5/4245 3967/6/4235
f 6482/5/4605 1069/5/4232 3906/6/4254
f 3903/4/4606 3740/3/4219 966/1/4217
f 1066/1/4202 6483/2/4607 3903/4/4606
f 3968/3/4222 3905/4/4571 6483/2/4607
f 6483/2/4607 970/1/4357 3740/3/4219
f 3827/4/4555 3732/3/4193 1016/1/4191
f 1089/1/4195 6484/2/4608 3827/4/4555
f 3969/3/4197 3903/4/4606 6484/2/4608
f 6484/2/4608 966/1/4217 3732/3/4193
f 968/1/4207 6485/2/4609 3739/3/4228
f 1065/1/3983 6485/2/4609 3728/4/4610
f 3970/3/4184 3736/4/4575 6485/2/4609
f 3739/3/4228 3736/4/4575 972/1/4229
f 996/5/4169 6486/5/4611 3724/11/4612
f 3787/6/4583 3971/6/4173 6486/5/4611
f 6486/5/4611 1063/5/4163 3720/6/4162
f 6486/5/4611 964/1/4166 3724/11/4612
f 3718/1/4183 3900/6/4177 963/6/4176
f 3718/1/4183 3901/6/4613 6487/5/4614
f 6487/5/4614 1064/5/4146 3972/6/4161
f 6487/5/4614 1063/5/4163 3900/6/4177
f 3897/4/4615 3716/3/4149 954/1/4148
f 1060/1/4128 6488/2/4616 3897/4/4615
f 3973/3/4151 3899/4/4577 6488/2/4616
f 6488/2/4616 958/1/4339 3716/3/4149
f 3789/6/4580 3783/11/4181 995/5/4340
f 1080/5/4141 6489/5/4617 3789/6/4580
f 3974/6/4140 3901/6/4613 6489/5/4617
f 6489/5/4617 962/6/4182 3783/11/4181
f 3818/4/4559 3709/3/4132 1013/1/4130
f 3818/4/4559 3975/3/4137 6490/2/4618
f 6490/2/4618 1059/1/4113 3704/4/4619
f 3709/3/4132 3704/4/4619 956/1/4156
f 3820/4/4557 3706/3/3988 1010/1/4401
f 1088/1/4123 6491/2/4620 3820/4/4557
f 3976/3/4122 3897/4/4615 6491/2/4620
f 6491/2/4620 954/1/4148 3706/3/3988
f 956/1/4156 6492/2/4621 3715/3/4622
f 3704/4/4619 3977/3/4115 6492/2/4621
f 6492/2/4621 1061/1/4120 3712/4/4582
f 3715/3/4622 3712/4/4582 960/1/4158
f 993/5/4329 6493/5/4623 3777/11/4111
f 3779/6/4590 3978/6/4106 6493/5/4623
f 6493/5/4623 1058/5/4092 3697/6/4091
f 6493/5/4623 952/1/4097 3777/11/4111
f 3780/6/4586 3698/11/4624 990/5/4071
f 1078/5/4100 6494/5/4625 3780/6/4586
f 3979/6/4099 3694/6/4626 6494/5/4625
f 6494/5/4625 951/6/4073 3698/11/4624
f 3696/1/4074 3895/6/4108 953/7/4075
f 951/6/4073 6495/5/4627 3696/1/4074
f 6495/5/4627 1057/5/4103 3980/6/4090
f 6495/5/4627 1058/5/4092 3895/6/4108
f 3678/4/4628 3693/3/4083 943/1/4066
f 1053/1/3900 6496/2/4629 3678/4/4628
f 3981/3/4086 3686/4/4584 6496/2/4629
f 6496/2/4629 947/1/4084 3693/3/4083
f 1009/1/4057 6497/2/4630 3809/3/4059
f 3812/4/4563 3982/3/4051 6497/2/4630
f 6497/2/4630 1054/1/4041 3681/4/4631
f 3809/3/4059 3681/4/4631 944/1/4077
f 944/1/4077 6498/2/4632 3691/3/4079
f 3681/4/4631 3983/3/4043 6498/2/4632
f 6498/2/4632 1056/1/4048 3689/4/4589
f 3691/3/4079 3689/4/4589 948/1/4587
f 1035/6/4525 6499/5/4633 3864/1/4530
f 3867/6/4545 4000/6/4510 6499/5/4633
f 6499/5/4633 1107/5/4512 3868/6/4517
f 6499/5/4633 1036/6/4516 3864/1/4530
f 3888/6/3965 3872/12/4634 937/9/3950
f 1101/5/3962 6500/5/4635 3888/6/3965
f 3999/6/4514 3629/6/4511 6500/5/4635
f 6500/5/4635 1038/6/3952 3872/12/4634
f 1023/1/4011 6501/2/4636 3839/3/4637
f 3838/4/4010 3998/3/4547 6501/2/4636
f 3998/3/4547 3942/4/4001 6501/2/4636
f 3839/3/4637 3942/4/4001 1093/1/3997
f 1015/1/4405 6502/2/4638 3823/3/4206
f 3829/4/4553 3987/3/3978 6502/2/4638
f 6502/2/4638 1065/1/3983 3728/4/4610
f 3823/3/4206 3728/4/4610 968/1/4207
f 3837/4/4549 3831/3/4272 1019/1/4270
f 1092/1/3968 6503/2/4639 3837/4/4549
f 3988/3/3970 3909/4/4596 6503/2/4639
f 6503/2/4639 978/1/4290 3831/3/4272
f 3634/4/3907 3997/3/4640 1050/1/3908
f 3634/4/3907 3883/3/4641 6504/2/4642
f 3883/3/4641 3996/4/3925 6504/2/4642
f 6504/2/4642 1110/1/3927 3997/3/4640
f 3813/4/4561 3807/3/4065 1007/1/4375
f 1086/1/3896 6505/2/4643 3813/4/4561
f 3990/3/3895 3678/4/4628 6505/2/4643
f 6505/2/4643 943/1/4066 3807/3/4065
f 3985/4/4644 3622/3/4645 913/1/4646
f 3985/4/4644 3997/3/4640 6506/2/4647
f 6506/2/4647 1110/1/3927 3989/4/4648
f 6506/2/4647 1041/1/4649 3622/3/4645
f 1113/1/3869 6507/2/4650 4026/3/4651
f 4015/4/3868 3881/3/4417 6507/2/4650
f 6507/2/4650 1044/1/4419 4023/4/3873
f 4026/3/4651 4023/4/3873 1121/1/3870
f 3623/4/3884 4025/3/4652 1111/1/3885
f 914/1/3883 6508/2/4653 3623/4/3884
f 3879/3/4385 4024/4/3854 6508/2/4653
f 6508/2/4653 1122/1/3856 4025/3/4652
f 3660/4/4654 3644/3/4655 927/1/4656
f 1043/1/3938 6509/2/4657 3660/4/4654
f 4007/3/3939 3661/4/3886 6509/2/4657
f 6509/2/4657 926/1/3888 3644/3/4655
f 915/1/4658 6510/2/4659 3626/3/4660
f 1052/1/3932 6510/2/4659 3625/4/4661
f 4008/3/3933 3660/4/4654 6510/2/4659
f 6510/2/4659 927/1/4656 3626/3/4660
f 3989/4/4648 3878/3/4662 1041/1/4649
f 1110/1/3927 6511/2/4663 3989/4/4648
f 4009/3/3926 3625/4/4661 6511/2/4663
f 6511/2/4663 915/1/4658 3878/3/4662
f 3662/4/3892 3642/3/4664 925/1/3893
f 1100/1/3919 6512/2/4665 3662/4/3892
f 6512/2/4665 1051/1/3924 3628/4/4007
f 6512/2/4665 919/1/4004 3642/3/4664
f 3650/6/4003 3877/1/3955 917/4/3957
f 1104/5/3911 6513/5/4666 3650/6/4003
f 4011/6/3910 3869/6/4504 6513/5/4666
f 6513/5/4666 1040/1/3958 3877/1/3955
f 3665/4/3995 3648/3/4667 931/1/3996
f 1102/1/3903 6514/2/4668 3665/4/3995
f 4012/3/3902 3985/4/4644 6514/2/4668
f 6514/2/4668 913/1/4646 3648/3/4667
f 4013/4/4669 3883/3/4641 921/1/3906
f 1111/1/3885 6515/2/4670 4013/4/4669
f 4025/3/4652 3993/4/4671 6515/2/4670
f 6515/2/4670 1046/1/3928 3883/3/4641
f 3636/6/4672 3882/6/4535 923/1/4446
f 1113/5/3869 6516/5/4673 3636/6/4672
f 4026/6/4651 3992/6/4674 6516/5/4673
f 3882/6/4535 3992/6/4674 1045/5/4472
f 3676/4/4675 3659/3/3946 940/1/3944
f 1119/1/4037 6517/2/4676 3676/4/4675
f 4027/3/4038 3677/4/4677 6517/2/4676
f 6517/2/4676 941/1/3920 3659/3/3946
f 3675/4/4678 3658/3/3942 939/1/3940
f 1118/1/4031 6518/2/4679 3675/4/4678
f 4028/3/4032 3676/4/4675 6518/2/4679
f 6518/2/4679 940/1/3944 3658/3/3942
f 3635/4/4680 3657/3/3936 922/1/3934
f 1112/1/3861 6519/2/4681 3635/4/4680
f 4029/3/4026 3675/4/4678 6519/2/4681
f 6519/2/4681 939/1/3940 3657/3/3936
f 937/9/3950 6520/5/4682 3656/6/3966
f 3673/6/4683 4030/6/4023 6520/5/4682
f 6520/5/4682 1117/5/3878 3674/6/4684
f 3656/6/3966 3674/6/4684 938/5/3967
f 936/5/3949 6521/5/4685 3655/10/3947
f 3672/6/4686 4031/6/4018 6521/5/4685
f 6521/5/4685 1116/5/4021 3673/6/4683
f 3655/10/3947 3673/6/4683 937/9/3950
f 924/1/4459 6522/5/4687 3654/6/4526
f 3637/6/4688 4032/6/4013 6522/5/4687
f 6522/5/4687 1115/5/4016 3672/6/4686
f 3654/6/4526 3672/6/4686 936/5/3949
f 938/1/3967 6523/2/4689 3638/3/3904
f 3674/4/4684 4033/3/3880 6523/2/4689
f 6523/2/4689 1111/1/3885 4013/4/4669
f 3638/3/3904 4013/4/4669 921/1/3906
f 1045/5/4472 6524/5/4690 3639/1/4475
f 3992/6/4674 4034/6/3872 6524/5/4690
f 6524/5/4690 1114/5/3877 3637/6/4688
f 3639/1/4475 3637/6/4688 924/1/4459
f 3677/6/4677 3640/1/3922 941/5/3920
f 1120/5/3862 6525/5/4691 3677/6/4677
f 4035/6/3864 3636/6/4672 6525/5/4691
f 6525/5/4691 923/1/4446 3640/1/3922
f 3993/4/4671 3641/3/3930 1046/1/3928
f 1122/1/3856 6526/2/4692 3993/4/4671
f 4036/3/3855 3635/4/4680 6526/2/4692
f 6526/2/4692 922/1/3934 3641/3/3930
f 3932/4/4537 3859/3/4693 1025/1/4538
f 3932/4/4537 4042/3/4694 6527/2/4695
f 6527/2/4695 1128/1/4451 4043/4/4543
f 3859/3/4693 4043/4/4543 1124/1/4541
f 3847/4/4540 3861/3/4696 1028/1/4464
f 1096/1/4471 6528/2/4697 3847/4/4540
f 4041/3/4698 4044/4/4531 6528/2/4697
f 6528/2/4697 1126/1/4499 3861/3/4696
f 1026/1/4466 6529/2/4699 4037/3/4700
f 3848/4/4465 3861/3/4696 6529/2/4699
f 3861/3/4696 4045/4/4497 6529/2/4699
f 4037/3/4700 4045/4/4497 1123/1/4498
f 3933/4/4470 4041/3/4698 1096/1/4471
f 1027/1/4450 6530/2/4701 3933/4/4470
f 3860/3/4702 4046/4/4492 6530/2/4701
f 6530/2/4701 1127/1/4494 4041/3/4698
f 3849/4/4449 3860/3/4702 1027/1/4450
f 1025/1/4538 6531/2/4703 3849/4/4449
f 6531/2/4703 1124/1/4541 4047/4/4487
f 3860/3/4702 4047/4/4487 1125/1/4484
f 1095/1/4477 6532/2/4704 4042/3/4694
f 3846/4/4476 4037/3/4700 6532/2/4704
f 6532/2/4704 1123/1/4498 4048/4/4454
f 4042/3/4694 4048/4/4454 1128/1/4451
f 913/1/4646 6533/2/4705 3930/3/4706
f 1041/1/4649 6533/2/4705 3622/4/4645
f 6533/2/4705 831/1/3555 3472/4/3554
f 3930/3/4706 3472/4/3554 835/1/3525
f 3878/4/4662 3842/3/4707 1041/1/4649
f 915/1/4658 6534/2/4708 3878/4/4662
f 6534/2/4708 837/1/3567 3471/4/3566
f 3842/3/4707 3471/4/3566 831/1/3555
f 3626/4/4660 3840/3/4709 915/1/4658
f 927/1/4656 6535/2/4710 3626/4/4660
f 3663/3/4711 3475/4/3572 6535/2/4710
f 6535/2/4710 837/1/3567 3840/3/4709
f 3644/4/4655 3663/3/4711 927/1/4656
f 926/1/3888 6536/2/4712 3644/4/4655
f 4051/3/4713 3476/4/3588 6536/2/4712
f 6536/2/4712 833/1/3573 3663/3/4711
f 3643/4/3887 4051/3/4713 926/1/3888
f 3643/4/3887 4052/3/4714 6537/2/4715
f 4052/3/4714 3470/4/3585 6537/2/4715
f 6537/2/4715 838/1/3589 4051/3/4713
f 925/1/3893 6538/2/4716 4052/3/4714
f 3642/4/4664 4053/3/4717 6538/2/4716
f 6538/2/4716 839/1/3559 3473/4/3579
f 4052/3/4714 3473/4/3579 830/1/3578
f 919/1/4004 6539/2/4718 4053/3/4717
f 3844/4/4006 4054/3/4719 6539/2/4718
f 4054/3/4719 3474/4/3560 6539/2/4718
f 6539/2/4718 839/1/3559 4053/3/4717
f 1023/1/4011 6540/2/4720 4054/3/4719
f 3839/4/4637 4055/3/4721 6540/2/4720
f 4055/3/4721 3478/4/3544 6540/2/4720
f 6540/2/4720 834/1/3561 4054/3/4719
f 1093/5/3997 6541/5/4722 4055/6/4721
f 3632/6/3999 4056/6/4723 6541/5/4722
f 4056/6/4723 3477/6/3532 6541/5/4722
f 6541/5/4722 840/5/3545 4055/6/4721
f 917/4/3957 6542/5/4724 4056/6/4723
f 4049/1/4521 4057/6/4725 6542/5/4724
f 6542/5/4724 836/5/3538 3479/6/3549
f 6542/5/4724 832/5/3533 4056/6/4723
f 932/6/3993 6543/5/4726 4057/6/4725
f 3649/6/3992 4058/6/4727 6543/5/4726
f 6543/5/4726 829/5/3523 3469/6/3539
f 4057/6/4725 3469/6/3539 836/5/3538
f 931/1/3996 6544/2/4728 4058/3/4727
f 3648/4/4667 3930/3/4706 6544/2/4728
f 6544/2/4728 835/1/3525 3468/4/3524
f 4058/3/4727 3468/4/3524 829/1/3523
f 4371/4/4729 4066/3/4730 1137/1/4731
f 1307/1/4732 6545/2/4733 4371/4/4729
f 4372/3/4734 4384/4/4735 6545/2/4733
f 6545/2/4733 1309/1/4736 4066/3/4730
f 4077/6/4737 4076/6/4738 1145/5/4739
f 1136/5/4740 6546/24/4741 4077/6/4737
f 4090/12/4742 4087/12/4743 6546/24/4741
f 6546/24/4741 1310/5/4744 4076/6/4738
f 1254/16/4745 6547/5/4746 4364/26/4747
f 4330/6/4748 4366/6/4749 6547/5/4746
f 6547/5/4746 1135/5/4750 4065/6/4751
f 4364/26/4747 4065/6/4751 1132/2/4752
f 1293/1/4753 6548/2/4754 4366/3/4749
f 4331/4/4755 4365/3/4756 6548/2/4754
f 6548/2/4754 1129/1/4757 4064/4/4758
f 4366/3/4749 4064/4/4758 1135/1/4750
f 1132/2/4752 6549/5/4759 4367/1/4760
f 4069/6/4761 4368/6/4762 6549/5/4759
f 6549/5/4759 1303/5/4763 4359/6/4764
f 4367/1/4760 4359/6/4764 1302/5/4765
f 1139/1/4766 6550/2/4767 4368/3/4762
f 4070/4/4768 4369/3/4769 6550/2/4767
f 6550/2/4767 1304/1/4770 4360/4/4771
f 4368/3/4762 4360/4/4771 1303/1/4763
f 1132/2/4752 6551/1/4772 4074/1/4773
f 4065/6/4751 4080/1/4774 6551/1/4772
f 6551/1/4772 1146/7/4775 4078/5/4776
f 4074/1/4773 4078/5/4776 1143/7/4777
f 1135/5/4750 6552/1/4778 4080/1/4774
f 4064/6/4758 4075/1/4779 6552/1/4778
f 6552/1/4778 1144/7/4780 4079/5/4781
f 4080/1/4774 4079/5/4781 1146/7/4775
f 1133/5/4782 6553/1/4783 4071/1/4784
f 4070/6/4768 4083/1/4785 6553/1/4783
f 6553/1/4783 1147/7/4786 4081/5/4787
f 4071/1/4784 4081/5/4787 1140/7/4788
f 1139/5/4766 6554/1/4789 4083/1/4785
f 4069/1/4761 4074/1/4773 6554/1/4789
f 6554/1/4789 1143/7/4777 4082/5/4790
f 4083/1/4785 4082/5/4790 1147/7/4786
f 1131/5/4791 6555/11/4792 4072/1/4793
f 4068/6/4794 4086/1/4795 6555/11/4792
f 6555/11/4792 1148/7/4796 4084/5/4797
f 4072/1/4793 4084/5/4797 1141/7/4798
f 1138/5/4799 6556/1/4800 4086/1/4795
f 4067/6/4801 4071/1/4784 6556/1/4800
f 6556/1/4800 1140/7/4788 4085/5/4802
f 4086/1/4795 4085/5/4802 1148/7/4796
f 1130/5/4803 6557/11/4804 4073/1/4805
f 4062/6/4806 4437/1/4807 6557/11/4804
f 6557/11/4804 1149/7/4808 4374/5/4809
f 4073/1/4805 4374/5/4809 1142/7/4810
f 4088/6/4811 4089/12/4812 1151/5/4813
f 1138/5/4799 6558/5/4814 4088/6/4811
f 4068/6/4794 4063/6/4815 6558/5/4814
f 6558/5/4814 1150/27/4816 4089/12/4812
f 4369/4/4769 4370/3/4817 1304/1/4770
f 1133/1/4782 6559/2/4818 4369/4/4769
f 4067/3/4801 4088/4/4811 6559/2/4818
f 6559/2/4818 1151/1/4813 4370/3/4817
f 4364/26/4747 4361/10/4819 1254/16/4745
f 4367/1/4760 4364/26/4747 1132/2/4752
f 1302/1/4765 6560/20/4820 4367/1/4760
f 4437/6/4807 4092/5/4821 1149/7/4808
f 4437/6/4807 4386/6/4822 6561/5/4823
f 4386/6/4822 4093/6/4824 6561/5/4823
f 6561/5/4823 1153/7/4825 4092/5/4821
f 1152/1/4826 6562/2/4827 4386/3/4822
f 4381/4/4828 4373/3/4829 6562/2/4827
f 6562/2/4827 1310/1/4744 4383/4/4830
f 4386/3/4822 4383/4/4830 1134/1/4831
f 4072/1/4793 4061/6/4832 1131/5/4791
f 1141/7/4798 6563/11/4833 4072/1/4793
f 4091/5/4834 4093/1/4824 6563/11/4833
f 6563/11/4833 1134/5/4831 4061/6/4832
f 1699/28/4835 6564/29/4836 5204/30/4837
f 5163/31/4838 4218/32/4839 6564/29/4836
f 6564/29/4836 1265/33/4840 4215/34/4841
f 5204/30/4837 4215/34/4841 1700/35/4842
f 1700/35/4842 6565/36/4843 5203/37/4844
f 4215/34/4841 4216/38/4845 6565/36/4843
f 6565/36/4843 1183/39/4846 5157/40/4847
f 5203/37/4844 5157/40/4847 1693/41/4848
f 1726/1/4849 6566/2/4850 4297/3/4851
f 5252/4/4852 4150/3/4853 6566/2/4850
f 6566/2/4850 1217/1/4854 4296/4/4855
f 4297/3/4851 4296/4/4855 1283/1/4856
f 5251/4/4857 4157/3/4858 1722/1/4859
f 1724/1/4860 6567/2/4861 5251/4/4857
f 4261/3/4862 4259/4/4863 6567/2/4861
f 6567/2/4861 1221/1/4864 4157/3/4858
f 5161/42/4865 5202/43/4866 1697/44/4867
f 1191/45/4868 6568/46/4869 5161/42/4865
f 4222/47/4870 4219/48/4871 6568/46/4869
f 6568/46/4869 1701/49/4872 5202/43/4866
f 4219/48/4871 5201/50/4873 1701/49/4872
f 1266/51/4874 6569/52/4875 4219/48/4871
f 4220/53/4876 5158/54/4877 6569/52/4875
f 6569/52/4875 1694/55/4878 5201/50/4873
f 1729/1/4879 6570/2/4880 4404/3/4881
f 5250/4/4882 5207/3/4883 6570/2/4880
f 6570/2/4880 1204/1/4884 4396/4/4885
f 4404/3/4881 4396/4/4885 1321/1/4886
f 1718/1/4887 6571/2/4888 5206/3/4889
f 5249/4/4890 4297/3/4851 6571/2/4888
f 6571/2/4888 1283/1/4856 4294/4/4891
f 5206/3/4889 4294/4/4891 1202/1/4892
f 1705/56/4893 6572/57/4894 5200/58/4895
f 1320/59/4896 6572/57/4894 5169/60/4897
f 4226/61/4898 4223/62/4899 6572/57/4894
f 5200/58/4895 4223/62/4899 1702/63/4900
f 4223/62/4899 5199/64/4901 1702/63/4900
f 1267/65/4902 6573/66/4903 4223/62/4899
f 4224/67/4904 4096/68/4905 6573/66/4903
f 6573/66/4903 1695/69/4906 5199/64/4901
f 1725/1/4907 6574/2/4908 4282/3/4909
f 1722/1/4859 6574/2/4908 5248/4/4910
f 6574/2/4908 1221/1/4864 4281/4/4911
f 4282/3/4909 4281/4/4911 1279/1/4912
f 1720/1/4913 6575/2/4914 4128/3/4915
f 5247/4/4916 4252/3/4917 6575/2/4914
f 4252/3/4917 4249/4/4918 6575/2/4914
f 6575/2/4914 1315/1/4919 4128/3/4915
f 1693/41/4848 6576/70/4920 5198/71/4921
f 5157/40/4847 4230/72/4922 6576/70/4920
f 6576/70/4920 1268/73/4923 4227/74/4924
f 5198/71/4921 4227/74/4924 1703/75/4925
f 4227/74/4924 5197/76/4926 1703/75/4925
f 1268/73/4923 6577/77/4927 4227/74/4924
f 4228/78/4928 5161/79/4865 6577/77/4927
f 6577/77/4927 1697/80/4867 5197/76/4926
f 1721/1/4929 6578/2/4930 4150/3/4853
f 5246/4/4931 4282/3/4909 6578/2/4930
f 6578/2/4930 1279/1/4912 4279/4/4932
f 4150/3/4853 4279/4/4932 1217/1/4854
f 1694/55/4878 6579/81/4933 5196/82/4934
f 1184/83/4935 6579/81/4933 5158/54/4877
f 4274/84/4936 5162/85/4937 6579/81/4933
f 5196/82/4934 5162/85/4937 1698/86/4938
f 1719/1/4939 6580/2/4940 5207/3/4883
f 5245/4/4941 5206/3/4889 6580/2/4940
f 6580/2/4940 1202/1/4892 4277/4/4942
f 5207/3/4883 4277/4/4942 1204/1/4884
f 4232/87/4943 5195/88/4944 1704/89/4945
f 1269/90/4946 6581/91/4947 4232/87/4943
f 4233/92/4948 5163/31/4838 6581/91/4947
f 6581/91/4947 1699/28/4835 5195/88/4944
f 5244/4/4949 5205/3/4950 1717/1/4951
f 1727/1/4952 6582/2/4953 5244/4/4949
f 4312/3/4954 4309/4/4955 6582/2/4953
f 6582/2/4953 1200/1/4956 5205/3/4950
f 1167/1/4957 6583/2/4958 4130/3/4959
f 4191/4/4960 4238/3/4961 6583/2/4958
f 6583/2/4958 1270/1/4962 4235/4/4963
f 4130/3/4959 4235/4/4963 1205/1/4964
f 1205/1/4964 6584/2/4965 4129/3/4966
f 4235/4/4963 4236/3/4967 6584/2/4965
f 6584/2/4965 1199/1/4968 4117/4/4969
f 4129/3/4966 4117/4/4969 1166/1/4970
f 1270/1/4962 6585/2/4971 4236/3/4967
f 4237/4/4972 4121/3/4973 6585/2/4971
f 6585/2/4971 1163/1/4974 4116/4/4975
f 4236/3/4967 4116/4/4975 1199/1/4968
f 1247/1/4976 6586/2/4977 4238/3/4961
f 4190/4/4978 4120/3/4979 6586/2/4977
f 6586/2/4977 1201/1/4980 4237/4/4972
f 4238/3/4961 4237/4/4972 1270/1/4962
f 1171/7/4981 6587/1/4982 4211/1/4983
f 1243/5/4984 6587/1/4982 4187/6/4985
f 4241/1/4986 4239/5/4987 6587/1/4982
f 4211/1/4983 4239/5/4987 1261/7/4988
f 4186/6/4989 4241/1/4986 1243/5/4984
f 1174/5/4990 6588/1/4991 4186/6/4989
f 4210/1/4992 4240/5/4993 6588/1/4991
f 6588/1/4991 1271/7/4994 4241/1/4986
f 1181/5/4995 6589/11/4996 4208/1/4997
f 4196/6/4998 4244/1/4999 6589/11/4996
f 6589/11/4996 1272/7/5000 4242/5/5001
f 4208/1/4997 4242/5/5001 1258/7/5002
f 1250/5/5003 6590/1/5004 4244/1/4999
f 4197/6/5005 4207/1/5006 6590/1/5004
f 6590/1/5004 1257/7/5007 4243/5/5008
f 4244/1/4999 4243/5/5008 1272/7/5000
f 4179/6/5009 4124/6/5010 1176/9/5011
f 1236/5/5012 6591/5/5013 4179/6/5009
f 4248/6/5014 4245/6/5015 6591/5/5013
f 4124/6/5010 4245/6/5015 1203/5/5016
f 1203/1/5016 6592/2/5017 4125/3/5018
f 1273/1/5019 6592/2/5017 4245/4/5015
f 4246/3/5020 4111/4/5021 6592/2/5017
f 4125/3/5018 4111/4/5021 1162/1/5022
f 1273/1/5019 6593/2/5023 4246/3/5020
f 4247/4/5024 4129/3/4966 6593/2/5023
f 6593/2/5023 1166/1/4970 4110/4/5025
f 6593/2/5023 1196/1/5026 4246/3/5020
f 1236/1/5012 6594/2/5027 4248/3/5014
f 4178/4/5028 4130/3/4959 6594/2/5027
f 6594/2/5027 1205/1/4964 4247/4/5024
f 6594/2/5027 1273/1/5019 4248/3/5014
f 1318/1/5029 6595/2/5030 4402/3/5031
f 4152/4/5032 4280/3/5033 6595/2/5030
f 6595/2/5030 1225/1/5034 4398/4/5035
f 4402/3/5031 4398/4/5035 1323/1/5036
f 4122/4/5037 4225/3/5038 1226/1/5039
f 1204/1/4884 6596/2/5040 4122/4/5037
f 4277/3/4942 4148/4/5041 6596/2/5040
f 6596/2/5040 1216/1/5042 4225/3/5038
f 1322/1/5043 6597/2/5044 4397/3/5045
f 4401/4/5046 4396/3/4885 6597/2/5044
f 4396/3/4885 4122/4/5037 6597/2/5044
f 6597/2/5044 1226/1/5039 4397/3/5045
f 4151/4/5047 4285/3/5048 1280/1/5049
f 1279/1/4912 6598/2/5050 4151/4/5047
f 4281/3/4911 4137/4/5051 6598/2/5050
f 6598/2/5050 1222/1/5052 4285/3/5048
f 4149/4/5053 4300/3/5054 1284/1/5055
f 1283/1/4856 6599/2/5056 4149/4/5053
f 4296/3/4855 4138/4/5057 6599/2/5056
f 6599/2/5056 1218/1/5058 4300/3/5054
f 4255/4/5059 4172/3/5060 1229/1/5061
f 1274/1/5062 6600/2/5063 4255/4/5059
f 4256/3/5064 4175/4/5065 6600/2/5063
f 4172/3/5060 4175/4/5065 1179/1/5066
f 4398/4/5035 4400/3/5067 1323/1/5036
f 4398/4/5035 4165/3/5068 6601/2/5069
f 6601/2/5069 1177/1/5070 4394/4/5071
f 4400/3/5067 4394/4/5071 1319/1/5072
f 4160/4/5073 4268/3/5074 1234/1/5075
f 1245/1/5076 6602/2/5077 4160/4/5073
f 6602/2/5077 1207/1/5078 4267/4/5079
f 4268/3/5074 4267/4/5079 1277/1/5080
f 4138/4/5057 4283/3/5081 1218/1/5058
f 1217/1/4854 6603/2/5082 4138/4/5057
f 4279/3/4932 4151/4/5047 6603/2/5082
f 6603/2/5082 1280/1/5049 4283/3/5081
f 1276/1/5083 6604/2/5084 4264/3/5085
f 4159/4/5086 4260/3/5087 6604/2/5084
f 6604/2/5084 1200/1/4956 4118/4/5088
f 4264/3/5085 4118/4/5088 1208/1/5089
f 1288/1/5090 6605/2/5091 4315/3/5092
f 1287/1/5093 6605/2/5091 4168/4/5094
f 4311/3/5095 4134/4/5096 6605/2/5091
f 4315/3/5092 4134/4/5096 1210/1/5097
f 4166/4/5098 4161/3/5099 1238/1/5100
f 1234/1/5075 6606/2/5101 4166/4/5098
f 6606/2/5101 1277/1/5080 4265/4/5102
f 4161/3/5099 4265/4/5102 1223/1/5103
f 4148/4/5041 4298/3/5104 1216/1/5042
f 1202/1/4892 6607/2/5105 4148/4/5041
f 4294/3/4891 4149/4/5053 6607/2/5105
f 6607/2/5105 1284/1/5055 4298/3/5104
f 1223/1/5103 6608/2/5106 4162/3/5107
f 4265/4/5102 4266/3/5108 6608/2/5106
f 6608/2/5106 1235/1/5109 4177/4/5110
f 4162/3/5107 4177/4/5110 1175/1/5111
f 1277/1/5080 6609/2/5112 4266/3/5108
f 4267/4/5079 4133/3/5113 6609/2/5112
f 6609/2/5112 1168/1/5114 4176/4/5115
f 4266/3/5108 4176/4/5115 1235/1/5109
f 1222/1/5052 6610/2/5116 4262/3/5117
f 4137/4/5051 4259/3/4863 6610/2/5116
f 6610/2/5116 1275/1/5118 4159/4/5086
f 4262/3/5117 4159/4/5086 1276/1/5083
f 4177/4/5110 4163/3/5119 1175/1/5111
f 4177/4/5110 4272/3/5120 6611/2/5121
f 6611/2/5121 1278/1/5122 4269/4/5123
f 6611/2/5121 1224/1/5124 4163/3/5119
f 1224/5/5124 6612/5/5125 4164/12/5126
f 4269/6/5123 4270/6/5127 6612/5/5125
f 6612/5/5125 1236/5/5012 4179/6/5009
f 4164/12/5126 4179/6/5009 1176/9/5011
f 1278/1/5122 6613/2/5128 4270/3/5127
f 4271/4/5129 4131/3/5130 6613/2/5128
f 6613/2/5128 1167/1/4957 4178/4/5028
f 4270/3/5127 4178/4/5028 1236/1/5012
f 1235/1/5109 6614/2/5131 4272/3/5120
f 4176/4/5115 4132/3/5132 6614/2/5131
f 6614/2/5131 1206/1/5133 4271/4/5129
f 4272/3/5120 4271/4/5129 1278/1/5122
f 1208/1/5089 6615/2/5134 4313/3/5135
f 4118/4/5088 4309/3/4955 6615/2/5134
f 6615/2/5134 1287/1/5093 4168/4/5094
f 4313/3/5135 4168/4/5094 1288/1/5090
f 4167/4/5136 4173/3/5137 1237/1/5138
f 1226/1/5039 6616/2/5139 4167/4/5136
f 4225/3/5038 4440/4/5140 6616/2/5139
f 6616/2/5139 1233/1/5141 4173/3/5137
f 1225/1/5034 6617/2/5142 4165/3/5068
f 4441/4/5143 4147/3/5144 6617/2/5142
f 6617/2/5142 1172/1/5145 4439/4/5146
f 4165/3/5068 4439/4/5146 1177/1/5070
f 4127/4/5147 4289/3/5148 1231/1/5149
f 1238/1/5100 6618/2/5150 4127/4/5147
f 6618/2/5150 1223/1/5103 4288/4/5151
f 4289/3/5148 4288/4/5151 1281/1/5152
f 4397/4/5045 4399/3/5153 1322/1/5043
f 4397/4/5045 4167/3/5136 6619/2/5154
f 6619/2/5154 1237/1/5138 4152/4/5032
f 6619/2/5154 1318/1/5029 4399/3/5153
f 1241/1/5155 6620/2/5156 4153/3/5157
f 4217/4/5158 4289/3/5148 6620/2/5156
f 6620/2/5156 1281/1/5152 4286/4/5159
f 4153/3/5157 4286/4/5159 1219/1/5160
f 4264/4/5085 4263/3/5161 1276/1/5083
f 1208/1/5089 6621/2/5162 4264/4/5085
f 4135/3/5163 4160/4/5073 6621/2/5162
f 6621/2/5162 1234/1/5075 4263/3/5161
f 1219/1/5160 6622/2/5164 4154/3/5165
f 4286/4/5159 4287/3/5166 6622/2/5164
f 6622/2/5164 1239/1/5167 4181/4/5168
f 4154/3/5165 4181/4/5168 1173/1/5169
f 1281/1/5152 6623/2/5170 4287/3/5166
f 4288/4/5151 4162/3/5107 6623/2/5170
f 6623/2/5170 1175/1/5111 4180/4/5171
f 4287/3/5166 4180/4/5171 1239/1/5167
f 1229/1/5061 6624/2/5172 4255/3/5059
f 4276/4/5173 4158/3/5174 6624/2/5172
f 6624/2/5172 1313/1/5175 4258/4/5176
f 4255/3/5059 4258/4/5176 1274/1/5062
f 4181/4/5168 4155/3/5177 1173/1/5169
f 1239/1/5167 6625/2/5178 4181/4/5168
f 4293/3/5179 4290/4/5180 6625/2/5178
f 6625/2/5178 1220/1/5181 4155/3/5177
f 4290/4/5180 4156/3/5182 1220/1/5181
f 1282/1/5183 6626/2/5184 4290/4/5180
f 4291/3/5185 4183/4/5186 6626/2/5184
f 6626/2/5184 1174/1/4990 4156/3/5182
f 4292/6/5187 4291/6/5185 1282/5/5183
f 1224/5/5124 6627/17/5188 4292/6/5187
f 4164/12/5126 4182/12/5189 6627/17/5188
f 6627/17/5188 1240/5/5190 4291/6/5185
f 4180/4/5171 4293/3/5179 1239/1/5167
f 1175/1/5111 6628/2/5191 4180/4/5171
f 4163/3/5119 4292/4/5187 6628/2/5191
f 6628/2/5191 1282/1/5183 4293/3/5179
f 1230/1/5192 6629/2/5193 4304/3/5194
f 4221/4/5195 4153/3/5157 6629/2/5193
f 6629/2/5193 1219/1/5160 4303/4/5196
f 4304/3/5194 4303/4/5196 1285/1/5197
f 4440/4/5140 4278/3/5198 1233/1/5141
f 1216/1/5042 6630/2/5199 4440/4/5140
f 4298/3/5104 4250/4/5200 6630/2/5199
f 6630/2/5199 1230/1/5192 4278/3/5198
f 4262/4/5117 4284/3/5201 1222/1/5052
f 1276/1/5083 6631/2/5202 4262/4/5117
f 4263/3/5161 4166/4/5098 6631/2/5202
f 6631/2/5202 1238/1/5100 4284/3/5201
f 1280/1/5049 6632/2/5203 4253/3/5204
f 4285/4/5048 4284/3/5201 6632/2/5203
f 4284/3/5201 4127/4/5147 6632/2/5203
f 6632/2/5203 1231/1/5149 4253/3/5204
f 1215/1/5205 6633/2/5206 4147/3/5144
f 4301/4/5207 4302/3/5208 6633/2/5206
f 6633/2/5206 1242/1/5209 4185/4/5210
f 4147/3/5144 4185/4/5210 1172/1/5145
f 1285/1/5197 6634/2/5211 4302/3/5208
f 4303/4/5196 4154/3/5165 6634/2/5211
f 6634/2/5211 1173/1/5169 4184/4/5212
f 4302/3/5208 4184/4/5212 1242/1/5209
f 4280/4/5033 4441/3/5143 1225/1/5034
f 1237/1/5138 6635/2/5213 4280/4/5033
f 4173/3/5137 4442/4/5214 6635/2/5213
f 6635/2/5213 1215/1/5205 4441/3/5143
f 1172/1/5145 6636/2/5215 4146/3/5216
f 4185/4/5210 4308/3/5217 6636/2/5215
f 6636/2/5215 1286/1/5218 4305/4/5219
f 4146/3/5216 4305/4/5219 1214/1/5220
f 4305/6/5219 4145/5/5221 1214/5/5220
f 1286/5/5218 6637/5/5222 4305/6/5219
f 4306/6/5223 4187/6/4985 6637/5/5222
f 4145/5/5221 4187/6/4985 1171/7/4981
f 4307/4/5224 4306/3/5223 1286/1/5218
f 1220/1/5181 6638/2/5225 4307/4/5224
f 4156/3/5182 4186/4/4989 6638/2/5225
f 6638/2/5225 1243/1/4984 4306/3/5223
f 4184/4/5212 4308/3/5217 1242/1/5209
f 1173/1/5169 6639/2/5226 4184/4/5212
f 4155/3/5177 4307/4/5224 6639/2/5226
f 6639/2/5226 1286/1/5218 4308/3/5217
f 1193/1/5227 6640/2/5228 4319/3/5229
f 4229/4/5230 4139/3/5231 6640/2/5228
f 6640/2/5228 1211/1/5232 4318/4/5233
f 4319/3/5229 4318/4/5233 1289/1/5234
f 1284/1/5055 6641/2/5235 4250/3/5200
f 4300/4/5054 4295/3/5236 6641/2/5235
f 6641/2/5235 1241/1/5155 4221/4/5195
f 4250/3/5200 4221/4/5195 1230/1/5192
f 4314/4/5237 4316/3/5238 1207/1/5078
f 1245/1/5076 6642/2/5239 4314/4/5237
f 4231/3/5240 4319/4/5229 6642/2/5239
f 6642/2/5239 1289/1/5234 4316/3/5238
f 1245/1/5076 6643/2/5241 4231/3/5240
f 4135/4/5163 4313/3/5135 6643/2/5241
f 6643/2/5241 1288/1/5090 4234/4/5242
f 4231/3/5240 4234/4/5242 1193/1/5227
f 1218/1/5058 6644/2/5243 4295/3/5236
f 4283/4/5081 4253/3/5204 6644/2/5243
f 6644/2/5243 1231/1/5149 4217/4/5158
f 4295/3/5236 4217/4/5158 1241/1/5155
f 4315/4/5092 4234/3/5242 1288/1/5090
f 1210/1/5097 6645/2/5244 4315/4/5092
f 6645/2/5244 1244/1/5245 4229/4/5230
f 4234/3/5242 4229/4/5230 1193/1/5227
f 1207/1/5078 6646/2/5246 4133/3/5113
f 4316/4/5238 4317/3/5247 6646/2/5246
f 6646/2/5246 1246/1/5248 4189/4/5249
f 4133/3/5113 4189/4/5249 1168/1/5114
f 1289/1/5234 6647/2/5250 4317/3/5247
f 4318/4/5233 4140/3/5251 6647/2/5250
f 6647/2/5250 1169/1/5252 4188/4/5253
f 4317/3/5247 4188/4/5253 1246/1/5248
f 4442/4/5214 4301/3/5207 1215/1/5205
f 1233/1/5141 6648/2/5254 4442/4/5214
f 4278/3/5198 4304/4/5194 6648/2/5254
f 6648/2/5254 1285/1/5197 4301/3/5207
f 1168/1/5114 6649/2/5255 4132/3/5132
f 4189/4/5249 4323/3/5256 6649/2/5255
f 6649/2/5255 1290/1/5257 4320/4/5258
f 4132/3/5132 4320/4/5258 1206/1/5133
f 1206/1/5133 6650/2/5259 4131/3/5130
f 4320/4/5258 4321/3/5260 6650/2/5259
f 6650/2/5259 1247/1/4976 4191/4/4960
f 4131/3/5130 4191/4/4960 1167/1/4957
f 1290/1/5257 6651/2/5261 4321/3/5260
f 4322/4/5262 4142/3/5263 6651/2/5261
f 6651/2/5261 1170/1/5264 4190/4/4978
f 4321/3/5260 4190/4/4978 1247/1/4976
f 1246/1/5248 6652/2/5265 4323/3/5256
f 4188/4/5253 4141/3/5266 6652/2/5265
f 6652/2/5265 1212/1/5267 4322/4/5262
f 4323/3/5256 4322/4/5262 1290/1/5257
f 4115/5/5268 4375/6/5269 1165/7/5270
f 1198/7/5271 6653/5/5272 4115/5/5268
f 4325/6/5273 4376/6/5274 6653/5/5272
f 6653/5/5272 1136/5/4740 4375/6/5269
f 4376/6/5274 4090/12/4742 1136/5/4740
f 1291/5/5275 6654/5/5276 4376/6/5274
f 4387/6/5277 4379/6/5278 6654/5/5276
f 6654/5/5276 1150/27/4816 4090/12/4742
f 4324/4/5279 4387/3/5277 1291/1/5275
f 1252/1/5280 6655/2/5281 4324/4/5279
f 4385/3/5282 4198/4/5283 6655/2/5281
f 6655/2/5281 1251/1/5284 4387/3/5277
f 1198/7/5271 6656/5/5285 4325/6/5273
f 4114/5/5286 4199/6/5287 6656/5/5285
f 4199/6/5287 4324/6/5279 6656/5/5285
f 6656/5/5285 1291/5/5275 4325/6/5273
f 4112/5/5288 4377/6/5289 1197/7/5290
f 1165/7/5270 6657/5/5291 4112/5/5288
f 4375/6/5269 4077/6/4737 6657/5/5291
f 6657/5/5291 1145/5/4739 4377/6/5289
f 4111/4/5021 4202/3/5292 1162/1/5022
f 1196/1/5026 6658/2/5293 4111/4/5021
f 4329/3/5294 4326/4/5295 6658/2/5293
f 6658/2/5293 1253/1/5296 4202/3/5292
f 4326/4/5295 4201/3/5297 1253/1/5296
f 1292/1/5298 6659/2/5299 4326/4/5295
f 4327/3/5300 4193/4/5301 6659/2/5299
f 6659/2/5299 1181/1/4995 4201/3/5297
f 4328/1/5302 4327/6/5300 1292/5/5298
f 1254/16/4745 6660/1/5303 4328/1/5302
f 4361/1/4819 4192/6/5304 6660/1/5303
f 6660/1/5303 1248/5/5305 4327/6/5300
f 4110/6/5025 4329/6/5294 1196/5/5026
f 1166/5/4970 6661/11/5306 4110/6/5025
f 4203/11/5307 4328/1/5302 6661/11/5306
f 6661/11/5306 1292/5/5298 4329/6/5294
f 1166/5/4970 6662/5/5308 4203/11/5307
f 4117/6/4969 4332/6/5309 6662/5/5308
f 6662/5/5308 1293/5/4753 4330/6/4748
f 4203/11/5307 4330/6/4748 1254/16/4745
f 1199/1/4968 6663/2/5310 4332/3/5309
f 4116/4/4975 4204/3/5311 6663/2/5310
f 6663/2/5310 1255/1/5312 4331/4/4755
f 4332/3/5309 4331/4/4755 1293/1/4753
f 1182/5/5313 6664/1/5314 4207/1/5006
f 4194/6/5315 4335/1/5316 6664/1/5314
f 6664/1/5314 1294/7/5317 4333/5/5318
f 4207/1/5006 4333/5/5318 1257/7/5007
f 1249/5/5319 6665/1/5320 4335/1/5316
f 4195/6/5321 4209/1/5322 6665/1/5320
f 6665/1/5320 1259/7/5323 4334/5/5324
f 4335/1/5316 4334/5/5324 1294/7/5317
f 4183/6/5186 4210/1/4992 1174/5/4990
f 1240/5/5190 6666/1/5325 4183/6/5186
f 4338/1/5326 4336/5/5327 6666/1/5325
f 6666/1/5325 1260/7/5328 4210/1/4992
f 4182/12/5189 4338/1/5326 1240/5/5190
f 1176/9/5011 6667/1/5329 4182/12/5189
f 4212/11/5330 4337/5/5331 6667/1/5329
f 6667/1/5329 1295/7/5332 4338/1/5326
f 1248/1/5305 6668/2/5333 4193/3/5301
f 4339/4/5334 4340/3/5335 6668/2/5333
f 6668/2/5333 1250/1/5003 4196/4/4998
f 4193/3/5301 4196/4/4998 1181/1/4995
f 1296/1/5336 6669/2/5337 4340/3/5335
f 4341/4/5338 4206/3/5339 6669/2/5337
f 6669/2/5337 1182/1/5313 4197/4/5005
f 4340/3/5335 4197/4/5005 1250/1/5003
f 4206/4/5339 4194/3/5315 1182/1/5313
f 1256/1/5340 6670/2/5341 4206/4/5339
f 4345/3/5342 4343/4/5343 6670/2/5341
f 6670/2/5341 1249/1/5319 4194/3/5315
f 4343/4/5343 4195/3/5321 1249/1/5319
f 1297/1/5344 6671/2/5345 4343/4/5343
f 4344/3/5346 4198/4/5283 6671/2/5345
f 6671/2/5345 1180/1/5347 4195/3/5321
f 4378/6/5348 4344/6/5346 1297/5/5344
f 1151/5/4813 6672/17/5349 4378/6/5348
f 4089/12/4812 4379/10/5278 6672/17/5349
f 6672/17/5349 1251/5/5284 4344/6/5346
f 4205/4/5350 4345/3/5342 1256/1/5340
f 1304/1/4770 6673/2/5351 4205/4/5350
f 4370/3/4817 4378/4/5348 6673/2/5351
f 6673/2/5351 1297/1/5344 4345/3/5342
f 4124/6/5010 4212/11/5330 1176/9/5011
f 1203/5/5016 6674/10/5352 4124/6/5010
f 4348/1/5353 4346/5/5354 6674/10/5352
f 6674/10/5352 1262/7/5355 4212/11/5330
f 4125/6/5018 4348/1/5353 1203/5/5016
f 1162/5/5022 6675/1/5356 4125/6/5018
f 4213/1/5357 4347/5/5358 6675/1/5356
f 6675/1/5356 1298/7/5359 4348/1/5353
f 1161/7/5360 6676/11/5361 4214/1/5362
f 4143/5/5363 4351/1/5364 6676/11/5361
f 6676/11/5361 1299/7/5365 4349/5/5366
f 4214/1/5362 4349/5/5366 1264/7/5367
f 4351/1/5364 4350/5/5368 1299/7/5365
f 1213/7/5369 6677/1/5370 4351/1/5364
f 4144/5/5371 4211/6/4983 6677/1/5370
f 6677/1/5370 1261/7/4988 4350/5/5368
f 4202/6/5292 4213/1/5357 1162/5/5022
f 1253/5/5296 6678/1/5372 4202/6/5292
f 4354/1/5373 4352/5/5374 6678/1/5372
f 6678/1/5372 1263/7/5375 4213/1/5357
f 1253/5/5296 6679/1/5376 4354/1/5373
f 4201/6/5297 4208/1/4997 6679/1/5376
f 6679/1/5376 1258/7/5002 4353/5/5377
f 6679/1/5376 1300/7/5378 4354/1/5373
f 1252/5/5280 6680/6/5379 4357/1/5380
f 4199/6/5287 4214/1/5362 6680/6/5379
f 6680/6/5379 1264/7/5367 4356/5/5381
f 4357/1/5380 4356/5/5381 1301/7/5382
f 5243/4/5383 4261/3/4862 1724/1/4860
f 1717/1/4951 6681/2/5384 5243/4/5383
f 5205/3/4950 4260/4/5087 6681/2/5384
f 6681/2/5384 1275/1/5118 4261/3/4862
f 4342/6/5385 4359/6/4764 1303/5/4763
f 1296/5/5336 6682/5/5386 4342/6/5385
f 4339/6/5334 4192/6/5304 6682/5/5386
f 6682/5/5386 1302/6/4765 4359/6/4764
f 4205/4/5350 4360/3/4771 1304/1/4770
f 1256/1/5340 6683/2/5387 4205/4/5350
f 4341/3/5338 4342/4/5385 6683/2/5387
f 6683/2/5387 1303/1/4763 4360/3/4771
f 1306/7/5388 6684/5/5389 4113/5/5390
f 4363/6/5391 4371/6/4729 6684/5/5389
f 6684/5/5389 1137/5/4731 4380/6/5392
f 4113/5/5390 4380/6/5392 1164/7/5393
f 1307/5/4732 6685/1/5394 4438/6/5395
f 4363/1/5391 4362/5/5396 6685/1/5394
f 6685/1/5394 1197/7/5290 4377/1/5289
f 4438/6/5395 4377/1/5289 1145/5/4739
f 1309/1/4736 6686/2/5397 4382/3/5398
f 1308/1/5399 6686/2/5397 4384/4/4735
f 4381/3/4828 4062/4/4806 6686/2/5397
f 4382/3/5398 4062/4/4806 1130/1/4803
f 4209/6/5322 4355/5/5400 1259/7/5323
f 1180/5/5347 6687/5/5401 4209/6/5322
f 4385/6/5282 4357/6/5380 6687/5/5401
f 6687/5/5401 1301/7/5382 4355/5/5400
f 4087/12/4743 4383/6/4830 1310/5/4744
f 4087/12/4743 4063/6/4815 6688/5/5402
f 6688/5/5402 1131/5/4791 4061/6/4832
f 4383/6/4830 4061/6/4832 1134/5/4831
f 4373/4/4829 4076/3/4738 1310/1/4744
f 1308/1/5399 6689/2/5403 4373/4/4829
f 4372/3/4734 4438/4/5395 6689/2/5403
f 6689/2/5403 1145/1/4739 4076/3/4738
f 4390/4/5404 4136/3/5405 1311/1/5406
f 1316/1/5407 6690/2/5408 4390/4/5404
f 4388/3/5409 4249/4/4918 6690/2/5408
f 6690/2/5408 1312/1/5410 4136/3/5405
f 1314/1/5411 6691/2/5412 4158/3/5174
f 4389/4/5413 4390/3/5404 6691/2/5412
f 6691/2/5412 1311/1/5406 4273/4/5414
f 4158/3/5174 4273/4/5414 1313/1/5175
f 4254/4/5415 4273/3/5414 1311/1/5406
f 1322/1/5043 6692/2/5416 4254/4/5415
f 4399/3/5153 4393/4/5417 6692/2/5416
f 6692/2/5416 1313/1/5175 4273/3/5414
f 4257/4/5418 4256/3/5064 1274/1/5062
f 1323/1/5036 6693/2/5419 4257/4/5418
f 4400/3/5067 4174/4/5420 6693/2/5419
f 6693/2/5419 1232/1/5421 4256/3/5064
f 1311/1/5406 6694/2/5422 4254/3/5415
f 4136/4/5405 4251/3/5423 6694/2/5422
f 6694/2/5422 1321/1/4886 4401/4/5046
f 4254/3/5415 4401/4/5046 1322/1/5043
f 4393/4/5417 4258/3/5176 1313/1/5175
f 4393/4/5417 4402/3/5031 6695/2/5424
f 4402/3/5031 4257/4/5418 6695/2/5424
f 6695/2/5424 1274/1/5062 4258/3/5176
f 1698/86/4938 6696/93/5425 5194/94/5426
f 5162/85/4937 4395/95/5427 6696/93/5425
f 6696/93/5425 1320/59/4896 5169/60/4897
f 6696/93/5425 1705/56/4893 5194/94/5426
f 1723/1/5428 6697/2/5429 4252/3/4917
f 5242/4/5430 4404/3/4881 6697/2/5429
f 4404/3/4881 4251/4/5423 6697/2/5429
f 6697/2/5429 1312/1/5410 4252/3/4917
f 5160/96/5431 5193/97/5432 1696/98/5433
f 5160/96/5431 4405/99/5434 6698/100/5435
f 6698/100/5435 1269/90/4946 4232/87/4943
f 6698/100/5435 1704/89/4945 5193/97/5432
f 1198/101/5271 6699/102/5436 4114/103/5286
f 1165/104/5270 6699/102/5436 4115/105/5268
f 4406/106/5437 4407/107/5438 6699/102/5436
f 4114/103/5286 4407/107/5438 1161/108/5360
f 4112/109/5288 4406/106/5437 1165/104/5270
f 1197/110/5290 6700/111/5439 4112/109/5288
f 4408/112/5440 4409/113/5441 6700/111/5439
f 6700/111/5439 1324/114/5442 4406/106/5437
f 4362/115/5396 4408/112/5440 1197/110/5290
f 1306/116/5388 6701/117/5443 4362/115/5396
f 4410/118/5444 4411/119/5445 6701/117/5443
f 6701/117/5443 1328/120/5446 4408/112/5440
f 4113/121/5390 4410/118/5444 1306/116/5388
f 1164/122/5393 6702/123/5447 4113/121/5390
f 4200/124/5448 4412/125/5449 6702/123/5447
f 6702/123/5447 1332/126/5450 4410/118/5444
f 4407/107/5438 4143/127/5363 1161/108/5360
f 1324/114/5442 6703/128/5451 4407/107/5438
f 4413/129/5452 4414/130/5453 6703/128/5451
f 6703/128/5451 1213/131/5369 4143/127/5363
f 4409/132/5441 4413/133/5452 1324/134/5442
f 1328/135/5446 6704/136/5454 4409/132/5441
f 4415/137/5455 4416/138/5456 6704/136/5454
f 6704/136/5454 1325/139/5457 4413/133/5452
f 4411/140/5445 4415/137/5455 1328/135/5446
f 1332/141/5450 6705/142/5458 4411/140/5445
f 4417/143/5459 4418/144/5460 6705/142/5458
f 6705/142/5458 1329/145/5461 4415/137/5455
f 4412/146/5449 4417/143/5459 1332/141/5450
f 1305/147/5462 6706/148/5463 4412/146/5449
f 4169/149/5464 4419/150/5465 6706/148/5463
f 6706/148/5463 1333/151/5466 4417/143/5459
f 4414/130/5453 4144/152/5371 1213/131/5369
f 1325/153/5457 6707/154/5467 4414/130/5453
f 4420/155/5468 4421/156/5469 6707/154/5467
f 6707/154/5467 1171/157/4981 4144/152/5371
f 4416/158/5456 4420/155/5468 1325/153/5457
f 1329/159/5461 6708/160/5470 4416/158/5456
f 4422/161/5471 4423/162/5472 6708/160/5470
f 6708/160/5470 1326/163/5473 4420/155/5468
f 4418/164/5460 4422/161/5471 1329/159/5461
f 1333/165/5466 6709/166/5474 4418/164/5460
f 4424/167/5475 4425/168/5476 6709/166/5474
f 6709/166/5474 1330/169/5477 4422/161/5471
f 4419/170/5465 4424/167/5475 1333/165/5466
f 1227/171/5478 6710/172/5479 4419/170/5465
f 4170/173/5480 4426/174/5481 6710/172/5479
f 6710/172/5479 1334/175/5482 4424/167/5475
f 4421/5/5469 4145/6/5221 1171/7/4981
f 1326/7/5473 6711/5/5483 4421/5/5469
f 4427/6/5484 4428/6/5485 6711/5/5483
f 6711/5/5483 1214/5/5220 4145/6/5221
f 4423/5/5472 4427/6/5484 1326/7/5473
f 1330/7/5477 6712/5/5486 4423/5/5472
f 4429/6/5487 4430/6/5488 6712/5/5486
f 6712/5/5486 1327/5/5489 4427/6/5484
f 4425/5/5476 4429/6/5487 1330/7/5477
f 1334/7/5482 6713/5/5490 4425/5/5476
f 4431/6/5491 4432/6/5492 6713/5/5490
f 6713/5/5490 1331/5/5493 4429/6/5487
f 4426/5/5481 4431/6/5491 1334/7/5482
f 4426/5/5481 4171/6/5494 6714/5/5495
f 6714/5/5495 1228/5/5496 4433/6/5497
f 6714/5/5495 1335/5/5498 4431/6/5491
f 4428/4/5485 4146/3/5216 1214/1/5220
f 1327/1/5489 6715/2/5499 4428/4/5485
f 4299/3/5500 4439/4/5146 6715/2/5499
f 6715/2/5499 1172/1/5145 4146/3/5216
f 4430/4/5488 4299/3/5500 1327/1/5489
f 1331/1/5493 6716/2/5501 4430/4/5488
f 4434/3/5502 4394/4/5071 6716/2/5501
f 6716/2/5501 1177/1/5070 4299/3/5500
f 4432/4/5492 4434/3/5502 1331/1/5493
f 1335/1/5498 6717/2/5503 4432/4/5492
f 4435/3/5504 4174/4/5420 6717/2/5503
f 6717/2/5503 1319/1/5072 4434/3/5502
f 1335/1/5498 6718/2/5505 4435/3/5504
f 4433/4/5497 4436/3/5506 6718/2/5505
f 6718/2/5505 1179/1/5066 4175/4/5065
f 4435/3/5504 4175/4/5065 1232/1/5421
f 5215/1/5507 5241/6/5508 1727/5/4952
f 5215/1/5507 4405/5/5434 6719/1/5509
f 6719/1/5509 1186/7/5510 5216/1/5511
f 6719/1/5509 1728/5/5512 5241/6/5508
f 1670/176/5513 6720/177/5514 5110/178/5515
f 5156/179/5516 4455/180/5517 6720/177/5514
f 6720/177/5514 1347/181/5518 4454/182/5519
f 5110/178/5515 4454/182/5519 1339/183/5520
f 5155/184/5521 5112/185/5522 1672/186/5523
f 1671/187/5524 6721/188/5525 5155/184/5521
f 4457/189/5526 4448/190/5527 6721/188/5525
f 6721/188/5525 1345/191/5528 5112/185/5522
f 5154/192/5529 5114/193/5530 1674/194/5531
f 1673/195/5532 6722/196/5533 5154/192/5529
f 4459/197/5534 4445/198/5535 6722/196/5533
f 6722/196/5533 1340/199/5536 5114/193/5530
f 5153/200/5537 4457/189/5526 1671/187/5524
f 1675/201/5538 6723/202/5539 5153/200/5537
f 4461/203/5540 4449/204/5541 6723/202/5539
f 6723/202/5539 1336/205/5542 4457/189/5526
f 1673/206/5532 6724/207/5543 4459/208/5534
f 5152/209/5544 4462/210/5545 6724/207/5543
f 6724/207/5543 1337/211/5546 4446/212/5547
f 4459/208/5534 4446/212/5547 1344/213/5548
f 1669/214/5549 6725/215/5550 4455/180/5517
f 5151/216/5551 4463/217/5552 6725/215/5550
f 4463/217/5552 4451/218/5553 6725/215/5550
f 4455/180/5517 4451/218/5553 1347/181/5518
f 5150/219/5554 5119/220/5555 1679/221/5556
f 1678/222/5557 6726/223/5558 5150/219/5554
f 4464/224/5559 4443/225/5560 6726/223/5558
f 5119/220/5555 4443/225/5560 1348/226/5561
f 5149/227/5562 4462/210/5545 1676/228/5563
f 1680/229/5564 6727/230/5565 5149/227/5562
f 4466/231/5566 4452/232/5567 6727/230/5565
f 6727/230/5565 1337/211/5546 4462/210/5545
f 5148/233/5568 4461/234/5540 1675/235/5538
f 1674/236/5531 6728/237/5569 5148/233/5568
f 5114/238/5530 4450/239/5570 6728/237/5569
f 6728/237/5569 1346/240/5571 4461/234/5540
f 5147/241/5572 4466/231/5566 1680/229/5564
f 1679/221/5556 6729/242/5573 5147/241/5572
f 5119/220/5555 4453/243/5574 6729/242/5573
f 6729/242/5573 1341/244/5575 4466/231/5566
f 5146/245/5576 4463/217/5552 1677/246/5577
f 1672/186/5523 6730/247/5578 5146/245/5576
f 5112/185/5522 4447/248/5579 6730/247/5578
f 6730/247/5578 1342/249/5580 4463/217/5552
f 5145/250/5581 4464/224/5559 1678/222/5557
f 5145/250/5581 4467/251/5582 6731/252/5583
f 6731/252/5583 1338/253/5584 4444/254/5585
f 6731/252/5583 1343/255/5586 4464/224/5559
f 1622/256/5587 6732/257/5588 5014/258/5589
f 5060/259/5590 4480/260/5591 6732/257/5588
f 6732/257/5588 1361/261/5592 4478/262/5593
f 5014/258/5589 4478/262/5593 1354/263/5594
f 1621/264/5595 6733/265/5596 4480/260/5591
f 5059/266/5597 4482/267/5598 6733/265/5596
f 6733/265/5596 1356/268/5599 4468/269/5600
f 4480/260/5591 4468/269/5600 1361/261/5592
f 5058/270/5601 5017/271/5602 1625/272/5603
f 1624/273/5604 6734/274/5605 5058/270/5601
f 4483/275/5606 4475/276/5607 6734/274/5605
f 6734/274/5605 1359/277/5608 5017/271/5602
f 5057/278/5609 5019/279/5610 1627/280/5611
f 1626/281/5612 6735/282/5613 5057/278/5609
f 4485/283/5614 4472/284/5615 6735/282/5613
f 6735/282/5613 1355/285/5616 5019/279/5610
f 1629/286/5617 6736/287/5618 5021/288/5619
f 5056/289/5620 4487/290/5621 6736/287/5618
f 6736/287/5618 1360/291/5622 4479/292/5623
f 5021/288/5619 4479/292/5623 1352/293/5624
f 1623/294/5625 6737/295/5626 4482/267/5598
f 5055/296/5627 4489/297/5628 6737/295/5626
f 6737/295/5626 1351/298/5629 4469/299/5630
f 4482/267/5598 4469/299/5630 1356/268/5599
f 5054/300/5631 4487/290/5621 1628/301/5632
f 1627/280/5611 6738/302/5633 5054/300/5631
f 5019/279/5610 4476/303/5634 6738/302/5633
f 6738/302/5633 1360/291/5622 4487/290/5621
f 5053/304/5635 4485/283/5614 1626/281/5612
f 1631/305/5636 6739/306/5637 5053/304/5635
f 4490/307/5638 4473/308/5639 6739/306/5637
f 6739/306/5637 1358/309/5640 4485/283/5614
f 5052/310/5641 4483/311/5606 1624/312/5604
f 5052/310/5641 4491/313/5642 6740/314/5643
f 6740/314/5643 1357/315/5644 4470/316/5645
f 6740/314/5643 1353/317/5646 4483/311/5606
f 1633/318/5647 6741/319/5648 5025/320/5649
f 5051/321/5650 5014/258/5589 6741/319/5648
f 6741/319/5648 1354/263/5594 4477/322/5651
f 5025/320/5649 4477/322/5651 1350/323/5652
f 5050/324/5653 4490/307/5638 1631/305/5636
f 1625/325/5603 6742/326/5654 5050/324/5653
f 5017/327/5602 4474/328/5655 6742/326/5654
f 6742/326/5654 1349/329/5656 4490/307/5638
f 1632/330/5657 6743/331/5658 4491/332/5642
f 5049/333/5659 5025/320/5649 6743/331/5658
f 6743/331/5658 1350/323/5652 4471/334/5660
f 4491/332/5642 4471/334/5660 1357/335/5644
f 5108/336/5661 5061/337/5662 1645/338/5663
f 1646/339/5664 6744/340/5665 5108/336/5661
f 4506/341/5666 4498/342/5667 6744/340/5665
f 6744/340/5665 1371/343/5668 5061/337/5662
f 1647/344/5669 6745/345/5670 5063/346/5671
f 5107/347/5672 4508/348/5673 6745/345/5670
f 6745/345/5670 1370/349/5674 4495/350/5675
f 5063/346/5671 4495/350/5675 1366/351/5676
f 1649/352/5677 6746/353/5678 5065/354/5679
f 5106/355/5680 4510/356/5681 6746/353/5678
f 6746/353/5678 1367/357/5682 4502/358/5683
f 5065/354/5679 4502/358/5683 1363/359/5684
f 5105/360/5685 4506/341/5666 1646/339/5664
f 1651/361/5686 6747/362/5687 5105/360/5685
f 4511/363/5688 4499/364/5689 6747/362/5687
f 6747/362/5687 1362/365/5690 4506/341/5666
f 1648/366/5691 6748/367/5692 4508/348/5673
f 5104/368/5693 5065/354/5679 6748/367/5692
f 6748/367/5692 1363/359/5684 4496/369/5694
f 4508/348/5673 4496/369/5694 1370/349/5674
f 1650/370/5695 6749/371/5696 4510/356/5681
f 5103/372/5697 4512/373/5698 6749/371/5696
f 6749/371/5696 1374/374/5699 4503/375/5700
f 4510/356/5681 4503/375/5700 1367/357/5682
f 1652/376/5701 6750/377/5702 4512/373/5698
f 5102/378/5703 4513/379/5704 6750/377/5702
f 6750/377/5702 1369/380/5705 4493/381/5706
f 4512/373/5698 4493/381/5706 1374/374/5699
f 5101/382/5707 4511/363/5688 1651/361/5686
f 1647/383/5669 6751/384/5708 5101/382/5707
f 5063/385/5671 4500/386/5709 6751/384/5708
f 6751/384/5708 1372/387/5710 4511/363/5688
f 5100/388/5711 5070/389/5712 1654/390/5713
f 1645/338/5663 6752/391/5714 5100/388/5711
f 5061/337/5662 4497/392/5715 6752/391/5714
f 6752/391/5714 1368/393/5716 5070/389/5712
f 1655/394/5717 6753/395/5718 5071/396/5719
f 5099/397/5720 4516/398/5721 6753/395/5718
f 6753/395/5718 1373/399/5722 4504/400/5723
f 5071/396/5719 4504/400/5723 1365/401/5724
f 1653/402/5725 6754/403/5726 4513/379/5704
f 5098/404/5727 4517/405/5728 6754/403/5726
f 6754/403/5726 1364/406/5729 4494/407/5730
f 4513/379/5704 4494/407/5730 1369/380/5705
f 5097/408/5731 4516/398/5721 1656/409/5732
f 1654/390/5713 6755/410/5733 5097/408/5731
f 5070/389/5712 4501/411/5734 6755/410/5733
f 6755/410/5733 1373/399/5722 4516/398/5721
f 4066/4/4730 4805/3/5735 1137/1/4731
f 1309/1/4736 6756/2/5736 4066/4/4730
f 4816/3/5737 4806/4/5738 6756/2/5736
f 6756/2/5736 1527/1/5739 4805/3/5735
f 4530/6/5740 4531/6/5741 1386/5/5742
f 1529/5/5743 6757/22/5744 4530/6/5740
f 4541/12/5745 4544/11/5746 6757/22/5744
f 6757/22/5744 1380/5/5747 4531/6/5741
f 4799/12/5748 4766/6/5749 1476/2/5750
f 1376/16/5751 6758/5/5752 4799/12/5748
f 4522/6/5753 4800/6/5754 6758/5/5752
f 6758/5/5752 1514/5/5755 4766/6/5749
f 4800/4/5754 4767/3/5756 1514/1/5755
f 4800/4/5754 4521/3/5757 6759/2/5758
f 4521/3/5757 4365/4/4756 6759/2/5758
f 6759/2/5758 1255/1/5312 4767/3/5756
f 1376/16/5751 6760/5/5759 4525/6/5760
f 4801/1/5761 4794/6/5762 6760/5/5759
f 6760/5/5759 1524/5/5763 4802/6/5764
f 4525/6/5760 4802/6/5764 1382/5/5765
f 1382/1/5765 6761/2/5766 4526/3/5767
f 4802/4/5764 4795/3/5768 6761/2/5766
f 6761/2/5766 1525/1/5769 4803/4/5770
f 4526/3/5767 4803/4/5770 1377/1/5771
f 4529/11/5772 4522/6/5753 1376/16/5751
f 1385/7/5773 6762/1/5774 4529/11/5772
f 4532/5/5775 4534/1/5776 6762/1/5774
f 6762/1/5774 1379/5/5777 4522/6/5753
f 4534/1/5776 4521/6/5757 1379/5/5777
f 1387/7/5778 6763/1/5779 4534/1/5776
f 4533/5/5780 4075/1/4779 6763/1/5779
f 6763/1/5779 1129/5/4757 4521/6/5757
f 1377/5/5771 6764/1/5781 4526/6/5767
f 4527/1/5782 4535/5/5783 6764/1/5781
f 6764/1/5781 1388/7/5784 4537/1/5785
f 4526/6/5767 4537/1/5785 1382/5/5765
f 1382/5/5765 6765/10/5786 4525/11/5760
f 4537/1/5785 4536/5/5787 6765/10/5786
f 6765/10/5786 1385/7/5773 4529/11/5772
f 4525/11/5760 4529/11/5772 1376/16/5751
f 4528/1/5788 4524/6/5789 1375/5/5790
f 1384/7/5791 6766/11/5792 4528/1/5788
f 4538/5/5793 4540/1/5794 6766/11/5792
f 6766/11/5792 1381/5/5795 4524/6/5789
f 4540/1/5794 4523/6/5796 1381/5/5795
f 1389/7/5797 6767/11/5798 4540/1/5794
f 6767/11/5798 1383/7/5799 4527/1/5782
f 4523/6/5796 4527/1/5782 1377/5/5771
f 4073/1/4805 4519/6/5800 1130/5/4803
f 1142/7/4810 6768/11/5801 4073/1/4805
f 4808/5/5802 4866/1/5803 6768/11/5801
f 6768/11/5801 1393/5/5804 4519/6/5800
f 1392/5/5805 6769/5/5806 4542/6/5807
f 4543/10/5808 4520/6/5809 6769/5/5806
f 6769/5/5806 1375/5/5790 4524/6/5789
f 4542/6/5807 4524/6/5789 1381/5/5795
f 1525/1/5769 6770/2/5810 4803/3/5770
f 4804/4/5811 4542/3/5807 6770/2/5810
f 6770/2/5810 1381/1/5795 4523/4/5796
f 6770/2/5810 1377/1/5771 4803/3/5770
f 4796/10/5812 4799/26/5748 1476/2/5750
f 1523/1/5813 6771/13/5814 4796/10/5812
f 4799/26/5748 4801/10/5761 1376/16/5751
f 1390/7/5815 6772/5/5816 4866/6/5803
f 4546/5/5817 4547/6/5818 6772/5/5816
f 6772/5/5816 1378/5/5819 4818/6/5820
f 4866/6/5803 4818/6/5820 1393/5/5804
f 1393/1/5804 6773/2/5821 4814/3/5822
f 4818/4/5820 4815/3/5823 6773/2/5821
f 6773/2/5821 1529/1/5743 4807/4/5824
f 4814/3/5822 4807/4/5824 1528/1/5825
f 1375/5/5790 6774/1/5826 4528/1/5788
f 4518/6/5827 4547/1/5818 6774/1/5826
f 6774/1/5826 1394/7/5828 4545/5/5829
f 4528/1/5788 4545/5/5829 1384/7/5791
f 1710/412/5830 6775/413/5831 5174/414/5832
f 5192/415/5833 4653/416/5834 6775/413/5831
f 6775/413/5831 1486/417/5835 4656/418/5836
f 5174/414/5832 4656/418/5836 1426/419/5837
f 1711/420/5838 6776/421/5839 4653/416/5834
f 5191/422/5840 5170/423/5841 6776/421/5839
f 6776/421/5839 1416/424/5842 4654/425/5843
f 4653/416/5834 4654/425/5843 1486/417/5835
f 1738/1/5844 6777/2/5845 5240/3/5846
f 4734/4/5847 4733/3/5848 6777/2/5845
f 6777/2/5845 1443/1/5849 4594/4/5850
f 5240/3/5846 4594/4/5850 1733/1/5851
f 4601/4/5852 5239/3/5853 1734/1/5854
f 1447/1/5855 6778/2/5856 4601/4/5852
f 4697/3/5857 4699/4/5858 6778/2/5856
f 6778/2/5856 1736/1/5859 5239/3/5853
f 5190/426/5860 5172/427/5861 1708/428/5862
f 1712/429/5863 6779/430/5864 5190/426/5860
f 4657/431/5865 4660/432/5866 6779/430/5864
f 6779/430/5864 1422/433/5867 5172/427/5861
f 5189/434/5868 4657/431/5865 1712/429/5863
f 1707/435/5869 6780/436/5870 5189/434/5868
f 5171/437/5871 4658/438/5872 6780/436/5870
f 6780/436/5870 1487/439/5873 4657/431/5865
f 1740/1/5874 6781/2/5875 5238/3/5876
f 4834/4/5877 4826/3/5878 6781/2/5875
f 6781/2/5875 1434/1/5879 5220/4/5880
f 5238/3/5876 5220/4/5880 1732/1/5881
f 1731/1/5882 6782/2/5883 5237/3/5884
f 5219/4/5885 4731/3/5886 6782/2/5883
f 6782/2/5883 1504/1/5887 4734/4/5847
f 5237/3/5884 4734/4/5847 1738/1/5844
f 1716/440/5888 6783/441/5889 5180/442/5890
f 5188/443/5891 4661/444/5892 6783/441/5889
f 4661/444/5892 4664/445/5893 6783/441/5889
f 6783/441/5889 1536/446/5894 5180/442/5890
f 1713/447/5895 6784/448/5896 4661/444/5892
f 5187/449/5897 4096/450/4905 6784/448/5896
f 6784/448/5896 1185/451/5898 4662/452/5899
f 4661/444/5892 4662/452/5899 1488/453/5900
f 4719/4/5901 5236/3/5902 1737/1/5903
f 1500/1/5904 6785/2/5905 4719/4/5901
f 4718/3/5906 4601/4/5852 6785/2/5905
f 6785/2/5905 1734/1/5854 5236/3/5902
f 1720/1/4913 6786/2/5907 5235/3/5908
f 1315/1/4919 6786/2/5907 4128/4/4915
f 4687/3/5909 4690/4/5910 6786/2/5907
f 5235/3/5908 4690/4/5910 1735/1/5911
f 1706/454/5912 6787/455/5913 5170/423/5841
f 5186/456/5914 4665/457/5915 6787/455/5913
f 6787/455/5913 1489/458/5916 4668/459/5917
f 5170/423/5841 4668/459/5917 1416/424/5842
f 5185/460/5918 4665/457/5915 1714/461/5919
f 1708/462/5862 6788/463/5920 5185/460/5918
f 5172/464/5861 4666/465/5921 6788/463/5920
f 4665/457/5915 4666/465/5921 1489/458/5916
f 1733/1/5851 6789/2/5922 5234/3/5923
f 4594/4/5850 4716/3/5924 6789/2/5922
f 4716/3/5924 4719/4/5901 6789/2/5922
f 6789/2/5922 1737/1/5903 5234/3/5923
f 5184/466/5925 5171/437/5871 1707/435/5869
f 5184/466/5925 5173/467/5926 6790/468/5927
f 5173/467/5926 4712/469/5928 6790/468/5927
f 6790/468/5927 1417/470/5929 5171/437/5871
f 1732/1/5881 6791/2/5930 5233/3/5931
f 5220/4/5880 4714/3/5932 6791/2/5930
f 6791/2/5930 1432/1/5933 5219/4/5885
f 5233/3/5931 5219/4/5885 1731/1/5882
f 1715/471/5934 6792/472/5935 4670/473/5936
f 5183/474/5937 5174/414/5832 6792/472/5935
f 6792/472/5935 1426/419/5837 4671/475/5938
f 4670/473/5936 4671/475/5938 1490/476/5939
f 5218/4/5940 5232/3/5941 1730/1/5942
f 1431/1/5943 6793/2/5944 5218/4/5940
f 4746/3/5945 4748/4/5946 6793/2/5944
f 6793/2/5944 1739/1/5947 5232/3/5941
f 1404/1/5948 6794/2/5949 4631/3/5950
f 4579/4/5951 4673/3/5952 6794/2/5949
f 6794/2/5949 1491/1/5953 4676/4/5954
f 4631/3/5950 4676/4/5954 1469/1/5955
f 4578/4/5956 4673/3/5952 1435/1/5957
f 1403/1/5958 6795/2/5959 4578/4/5956
f 4569/3/5960 4674/4/5961 6795/2/5959
f 6795/2/5959 1491/1/5953 4673/3/5952
f 4674/4/5961 4675/3/5962 1491/1/5953
f 1430/1/5963 6796/2/5964 4674/4/5961
f 4568/3/5965 4121/4/4973 6796/2/5964
f 6796/2/5964 1201/1/4980 4675/3/5962
f 1469/1/5955 6797/2/5966 4630/3/5967
f 4676/4/5954 4675/3/5962 6797/2/5966
f 6797/2/5966 1201/1/4980 4120/4/4979
f 4630/3/5967 4120/4/4979 1170/1/5264
f 1406/7/5968 6798/1/5969 4627/6/5970
f 4649/1/5971 4677/5/5972 6798/1/5969
f 4677/5/5972 4679/1/5973 6798/1/5969
f 6798/1/5969 1466/5/5974 4627/6/5970
f 4679/1/5973 4626/6/5975 1466/5/5974
f 1492/7/5976 6799/11/5977 4679/1/5973
f 4678/5/5978 4648/1/5979 6799/11/5977
f 6799/11/5977 1409/5/5980 4626/6/5975
f 1414/5/5981 6800/11/5982 4636/6/5983
f 4646/1/5984 4680/5/5985 6800/11/5982
f 6800/11/5982 1493/7/5986 4682/1/5987
f 4636/6/5983 4682/1/5987 1472/5/5988
f 1472/5/5988 6801/11/5989 4637/6/5990
f 4682/1/5987 4681/5/5991 6801/11/5989
f 6801/11/5989 1478/7/5992 4645/1/5993
f 4637/6/5990 4645/1/5993 1415/5/5994
f 1411/9/5995 6802/5/5996 4619/6/5997
f 4574/6/5998 4683/6/5999 6802/5/5996
f 6802/5/5996 1494/5/6000 4686/6/6001
f 4619/6/5997 4686/6/6001 1459/5/6002
f 1433/1/6003 6803/2/6004 4683/3/5999
f 4575/4/6005 4563/3/6006 6803/2/6004
f 4563/3/6006 4684/4/6007 6803/2/6004
f 6803/2/6004 1494/1/6000 4683/3/5999
f 4684/4/6007 4685/3/6008 1494/1/6000
f 1427/1/6009 6804/2/6010 4684/4/6007
f 4562/3/6011 4578/4/5956 6804/2/6010
f 6804/2/6010 1435/1/5957 4685/3/6008
f 1459/1/6002 6805/2/6012 4618/3/6013
f 4686/4/6001 4685/3/6008 6805/2/6012
f 6805/2/6012 1435/1/5957 4579/4/5951
f 4618/3/6013 4579/4/5951 1404/1/5948
f 4832/4/6014 4596/3/6015 1534/1/6016
f 1539/1/6017 6806/2/6018 4832/4/6014
f 6806/2/6018 1451/1/6019 4717/4/6020
f 4596/3/6015 4717/4/6020 1460/1/6021
f 4663/4/6022 4572/3/6023 1452/1/6024
f 1442/1/6025 6807/2/6026 4663/4/6022
f 4592/3/6027 4714/4/5932 6807/2/6026
f 6807/2/6026 1434/1/5879 4572/3/6023
f 4827/4/6028 4831/3/6029 1538/1/6030
f 1452/1/6024 6808/2/6031 4827/4/6028
f 4572/3/6023 4826/4/5878 6808/2/6031
f 6808/2/6031 1537/1/6032 4831/3/6029
f 1501/1/6033 6809/2/6034 4595/3/6035
f 4722/4/6036 4585/3/6037 6809/2/6034
f 6809/2/6034 1447/1/5855 4718/4/5906
f 4595/3/6035 4718/4/5906 1500/1/5904
f 4737/4/6038 4593/3/6039 1505/1/6040
f 1444/1/6041 6810/2/6042 4737/4/6038
f 4586/3/6043 4733/4/5848 6810/2/6042
f 6810/2/6042 1504/1/5887 4593/3/6039
f 4172/4/5060 4693/3/6044 1229/1/5061
f 1179/1/5066 6811/2/6045 4172/4/5060
f 4615/3/6046 4694/4/6047 6811/2/6045
f 6811/2/6045 1495/1/6048 4693/3/6044
f 4830/4/6049 4828/3/6050 1539/1/6017
f 1535/1/6051 6812/2/6052 4830/4/6049
f 4824/3/6053 4609/4/6054 6812/2/6052
f 6812/2/6052 1451/1/6019 4828/3/6050
f 4706/4/6055 4604/3/6056 1457/1/6057
f 1498/1/6058 6813/2/6059 4706/4/6055
f 4705/3/6060 4750/4/6061 6813/2/6059
f 6813/2/6059 1467/1/6062 4604/3/6056
f 4720/4/6063 4586/3/6043 1444/1/6041
f 4720/4/6063 4595/3/6035 6814/2/6064
f 6814/2/6064 1500/1/5904 4716/4/5924
f 6814/2/6064 1443/1/5849 4586/3/6043
f 1497/1/6065 6815/2/6066 4603/3/6067
f 4702/4/6068 4570/3/6069 6815/2/6066
f 6815/2/6066 1431/1/5943 4698/4/6070
f 4603/3/6067 4698/4/6070 1496/1/6071
f 1509/1/6072 6816/2/6073 4612/3/6074
f 4751/4/6075 4134/3/5096 6816/2/6073
f 6816/2/6073 1209/1/6076 4747/4/6077
f 4612/3/6074 4747/4/6077 1508/1/6078
f 4605/4/6079 4610/3/6080 1461/1/6081
f 1449/1/6082 6817/2/6083 4605/4/6079
f 4703/3/6084 4706/4/6055 6817/2/6083
f 6817/2/6083 1457/1/6057 4610/3/6080
f 4735/4/6085 4592/3/6027 1442/1/6025
f 1505/1/6040 6818/2/6086 4735/4/6085
f 4593/3/6039 4731/4/5886 6818/2/6086
f 6818/2/6086 1432/1/5933 4592/3/6027
f 4606/4/6087 4703/3/6084 1449/1/6082
f 1410/1/6088 6819/2/6089 4606/4/6087
f 4617/3/6090 4704/4/6091 6819/2/6089
f 6819/2/6089 1498/1/6058 4703/3/6084
f 4704/4/6091 4705/3/6060 1498/1/6058
f 1458/1/6092 6820/2/6093 4704/4/6091
f 4616/3/6094 4582/4/6095 6820/2/6093
f 6820/2/6093 1437/1/6096 4705/3/6060
f 1448/1/6097 6821/2/6098 4585/3/6037
f 4700/4/6099 4603/3/6067 6821/2/6098
f 6821/2/6098 1496/1/6071 4697/4/5857
f 4585/3/6037 4697/4/5857 1447/1/5855
f 4607/4/6100 4617/3/6090 1410/1/6088
f 1450/1/6101 6822/2/6102 4607/4/6100
f 4707/3/6103 4710/4/6104 6822/2/6102
f 6822/2/6102 1458/1/6092 4617/3/6090
f 1450/5/6101 6823/5/6105 4707/6/6103
f 4608/10/6106 4619/6/5997 6823/5/6105
f 6823/5/6105 1459/5/6002 4708/6/6107
f 4707/6/6103 4708/6/6107 1499/5/6108
f 1499/1/6108 6824/2/6109 4709/3/6110
f 4708/4/6107 4618/3/6013 6824/2/6109
f 6824/2/6109 1404/1/5948 4580/4/6111
f 4709/3/6110 4580/4/6111 1436/1/6112
f 4710/4/6104 4616/3/6094 1458/1/6092
f 1499/1/6108 6825/2/6113 4710/4/6104
f 4709/3/6110 4581/4/6114 6825/2/6113
f 6825/2/6113 1405/1/6115 4616/3/6094
f 1438/1/6116 6826/2/6117 4570/3/6069
f 4749/4/6118 4612/3/6074 6826/2/6117
f 6826/2/6117 1508/1/6078 4746/4/5945
f 4570/3/6069 4746/4/5945 1431/1/5943
f 4613/4/6119 4611/3/6120 1460/1/6021
f 1456/1/6121 6827/2/6122 4613/4/6119
f 4869/3/6123 4663/4/6022 6827/2/6122
f 6827/2/6122 1452/1/6024 4611/3/6120
f 4609/4/6054 4870/3/6124 1451/1/6019
f 1412/1/6125 6828/2/6126 4609/4/6054
f 4868/3/6127 4591/4/6128 6828/2/6126
f 6828/2/6126 1441/1/6129 4870/3/6124
f 4726/4/6130 4577/3/6131 1454/1/6132
f 1502/1/6133 6829/2/6134 4726/4/6130
f 4725/3/6135 4605/4/6079 6829/2/6134
f 6829/2/6134 1461/1/6081 4577/3/6131
f 1538/1/6030 6830/2/6136 4827/3/6028
f 1534/1/6016 6830/2/6136 4829/4/6137
f 6830/2/6136 1460/1/6021 4611/4/6120
f 4827/3/6028 4611/4/6120 1452/1/6024
f 4597/4/6138 4655/3/6139 1464/1/6140
f 1445/1/6141 6831/2/6142 4597/4/6138
f 4723/3/6143 4726/4/6130 6831/2/6142
f 6831/2/6142 1454/1/6132 4655/3/6139
f 4701/4/6144 4702/3/6068 1497/1/6065
f 1457/1/6057 6832/2/6145 4701/4/6144
f 4604/3/6056 4583/4/6146 6832/2/6145
f 6832/2/6145 1438/1/6116 4702/3/6068
f 4598/4/6147 4723/3/6143 1445/1/6141
f 1408/1/6148 6833/2/6149 4598/4/6147
f 4621/3/6150 4724/4/6151 6833/2/6149
f 6833/2/6149 1502/1/6133 4723/3/6143
f 4724/4/6151 4725/3/6135 1502/1/6133
f 1462/1/6152 6834/2/6153 4724/4/6151
f 4620/3/6154 4606/4/6087 6834/2/6153
f 6834/2/6153 1449/1/6082 4725/3/6135
f 1229/1/5061 6835/2/6155 4276/3/5173
f 4693/4/6044 4696/3/6156 6835/2/6155
f 6835/2/6155 1532/1/6157 4602/4/6158
f 4276/3/5173 4602/4/6158 1314/1/5411
f 4599/4/6159 4621/3/6150 1408/1/6148
f 1446/1/6160 6836/2/6161 4599/4/6159
f 4727/3/6162 4730/4/6163 6836/2/6161
f 6836/2/6161 1462/1/6152 4621/3/6150
f 4600/4/6164 4727/3/6162 1446/1/6160
f 1409/1/5980 6837/2/6165 4600/4/6164
f 4623/3/6166 4728/4/6167 6837/2/6165
f 6837/2/6165 1503/1/6168 4727/3/6162
f 4728/6/6167 4729/6/6169 1503/5/6168
f 1463/5/6170 6838/17/6171 4728/6/6167
f 4622/12/6172 4608/10/6106 6838/17/6171
f 6838/17/6171 1450/5/6101 4729/6/6169
f 4730/4/6163 4620/3/6154 1462/1/6152
f 1503/1/6168 6839/2/6173 4730/4/6163
f 4729/3/6169 4607/4/6100 6839/2/6173
f 6839/2/6173 1410/1/6088 4620/3/6154
f 1453/1/6174 6840/2/6175 4659/3/6176
f 4741/4/6177 4740/3/6178 6840/2/6175
f 6840/2/6175 1445/1/6141 4597/4/6138
f 4659/3/6176 4597/4/6138 1464/1/6140
f 4715/4/6179 4869/3/6123 1456/1/6121
f 1453/1/6174 6841/2/6180 4715/4/6179
f 4688/3/6181 4735/4/6085 6841/2/6180
f 6841/2/6180 1442/1/6025 4869/3/6123
f 4721/4/6182 4700/3/6099 1448/1/6097
f 1461/1/6081 6842/2/6183 4721/4/6182
f 4610/3/6080 4701/4/6144 6842/2/6183
f 6842/2/6183 1497/1/6065 4700/3/6099
f 4691/4/6184 4722/3/6036 1501/1/6033
f 1454/1/6132 6843/2/6185 4691/4/6184
f 4577/3/6131 4721/4/6182 6843/2/6185
f 6843/2/6185 1448/1/6097 4722/3/6036
f 4591/4/6128 4738/3/6186 1441/1/6129
f 1407/1/6187 6844/2/6188 4591/4/6128
f 4625/3/6189 4739/4/6190 6844/2/6188
f 6844/2/6188 1506/1/6191 4738/3/6186
f 4739/4/6190 4740/3/6178 1506/1/6191
f 1465/1/6192 6845/2/6193 4739/4/6190
f 4624/3/6194 4598/4/6147 6845/2/6193
f 6845/2/6193 1445/1/6141 4740/3/6178
f 4870/4/6124 4717/3/6020 1451/1/6019
f 1441/1/6129 6846/2/6195 4870/4/6124
f 4871/3/6196 4613/4/6119 6846/2/6195
f 6846/2/6195 1460/1/6021 4717/3/6020
f 4590/4/6197 4625/3/6189 1407/1/6187
f 1440/1/6198 6847/2/6199 4590/4/6197
f 4742/3/6200 4745/4/6201 6847/2/6199
f 6847/2/6199 1465/1/6192 4625/3/6189
f 4589/6/6202 4742/6/6200 1440/5/6198
f 4589/6/6202 4627/6/5970 6848/5/6203
f 4627/6/5970 4743/6/6204 6848/5/6203
f 6848/5/6203 1507/5/6205 4742/6/6200
f 4743/4/6204 4744/3/6206 1507/1/6205
f 1466/1/5974 6849/2/6207 4743/4/6204
f 4626/3/5975 4600/4/6164 6849/2/6207
f 6849/2/6207 1446/1/6160 4744/3/6206
f 4745/4/6201 4624/3/6194 1465/1/6192
f 1507/1/6205 6850/2/6208 4745/4/6201
f 4744/3/6206 4599/4/6159 6850/2/6208
f 6850/2/6208 1408/1/6148 4624/3/6194
f 4755/4/6209 4667/3/6210 1424/1/6211
f 1510/1/6212 6851/2/6213 4755/4/6209
f 4754/3/6214 4139/4/5231 6851/2/6213
f 6851/2/6213 1244/1/5245 4667/3/6210
f 1505/1/6040 6852/2/6215 4737/3/6038
f 4688/4/6181 4659/3/6176 6852/2/6215
f 6852/2/6215 1464/1/6140 4732/4/6216
f 4737/3/6038 4732/4/6216 1444/1/6041
f 1437/1/6096 6853/2/6217 4750/3/6061
f 4752/4/6218 4755/3/6209 6853/2/6217
f 6853/2/6217 1424/1/6211 4669/4/6219
f 4750/3/6061 4669/4/6219 1467/1/6062
f 1467/1/6062 6854/2/6220 4583/3/6146
f 4669/4/6219 4672/3/6221 6854/2/6220
f 6854/2/6220 1509/1/6072 4749/4/6118
f 4583/3/6146 4749/4/6118 1438/1/6116
f 4732/4/6216 4720/3/6063 1444/1/6041
f 1464/1/6140 6855/2/6222 4732/4/6216
f 4655/3/6139 4691/4/6184 6855/2/6222
f 6855/2/6222 1501/1/6033 4720/3/6063
f 4672/4/6221 4751/3/6075 1509/1/6072
f 1424/1/6211 6856/2/6223 4672/4/6221
f 4667/3/6210 4310/4/6224 6856/2/6223
f 6856/2/6223 1210/1/5097 4751/3/6075
f 4582/4/6095 4752/3/6218 1437/1/6096
f 1405/1/6115 6857/2/6225 4582/4/6095
f 4629/3/6226 4753/4/6227 6857/2/6225
f 6857/2/6225 1510/1/6212 4752/3/6218
f 4753/4/6227 4754/3/6214 1510/1/6212
f 1468/1/6228 6858/2/6229 4753/4/6227
f 4628/3/6230 4140/4/5251 6858/2/6229
f 6858/2/6229 1211/1/5232 4754/3/6214
f 4738/4/6186 4871/3/6196 1441/1/6129
f 1506/1/6191 6859/2/6231 4738/4/6186
f 4741/3/6177 4715/4/6179 6859/2/6231
f 6859/2/6231 1456/1/6121 4871/3/6196
f 4581/4/6114 4629/3/6226 1405/1/6115
f 1436/1/6112 6860/2/6232 4581/4/6114
f 4756/3/6233 4759/4/6234 6860/2/6232
f 6860/2/6232 1468/1/6228 4629/3/6226
f 1436/1/6112 6861/2/6235 4756/3/6233
f 4580/4/6111 4631/3/5950 6861/2/6235
f 6861/2/6235 1469/1/5955 4757/4/6236
f 4756/3/6233 4757/4/6236 1511/1/6237
f 1511/1/6237 6862/2/6238 4758/3/6239
f 4757/4/6236 4630/3/5967 6862/2/6238
f 4630/3/5967 4142/4/5263 6862/2/6238
f 6862/2/6238 1212/1/5267 4758/3/6239
f 4759/4/6234 4628/3/6230 1468/1/6228
f 1511/1/6237 6863/2/6240 4759/4/6234
f 4758/3/6239 4141/4/5266 6863/2/6240
f 6863/2/6240 1169/1/5252 4628/3/6230
f 4809/6/6241 4567/5/6242 1402/7/6243
f 1380/5/5747 6864/5/6244 4809/6/6241
f 4810/6/6245 4761/6/6246 6864/5/6244
f 6864/5/6244 1429/7/6247 4567/5/6242
f 4544/11/5746 4810/6/6245 1380/5/5747
f 1391/27/6248 6865/5/6249 4544/11/5746
f 4813/6/6250 4819/6/6251 6865/5/6249
f 6865/5/6249 1512/5/6252 4810/6/6245
f 4819/4/6251 4760/3/6253 1512/1/6252
f 1473/1/6254 6866/2/6255 4819/4/6251
f 4638/3/6256 4817/4/6257 6866/2/6255
f 6866/2/6255 1474/1/6258 4760/3/6253
f 1429/7/6247 6867/5/6259 4566/5/6260
f 1512/5/6252 6867/5/6259 4761/6/6246
f 4760/6/6253 4639/6/6261 6867/5/6259
f 4566/5/6260 4639/6/6261 1400/7/6262
f 4811/6/6263 4564/5/6264 1428/7/6265
f 1386/5/5742 6868/5/6266 4811/6/6263
f 4531/6/5741 4809/6/6241 6868/5/6266
f 6868/5/6266 1402/7/6243 4564/5/6264
f 4641/4/6267 4563/3/6006 1401/1/6268
f 1475/1/6269 6869/2/6270 4641/4/6267
f 4762/3/6271 4765/4/6272 6869/2/6270
f 6869/2/6270 1427/1/6009 4563/3/6006
f 4640/4/6273 4762/3/6271 1475/1/6269
f 1414/1/5981 6870/2/6274 4640/4/6273
f 4633/3/6275 4763/4/6276 6870/2/6274
f 6870/2/6274 1513/1/6277 4762/3/6271
f 4763/6/6276 4764/1/6278 1513/5/6277
f 1470/5/6279 6871/6/6280 4763/6/6276
f 4632/6/6281 4796/1/5812 6871/6/6280
f 6871/6/6280 1476/2/5750 4764/1/6278
f 4765/6/6272 4562/6/6011 1427/5/6009
f 1513/5/6277 6872/11/6282 4765/6/6272
f 4764/1/6278 4642/4/6283 6872/11/6282
f 6872/11/6282 1403/5/5958 4562/6/6011
f 4642/4/6283 4569/6/5960 1403/5/5958
f 1476/2/5750 6873/5/6284 4642/4/6283
f 4766/6/5749 4768/6/6285 6873/5/6284
f 6873/5/6284 1430/5/5963 4569/6/5960
f 4768/4/6285 4568/3/5965 1430/1/5963
f 4768/4/6285 4767/3/5756 6874/2/6286
f 4767/3/5756 4204/4/5311 6874/2/6286
f 6874/2/6286 1163/1/4974 4568/3/5965
f 1415/5/5994 6875/11/6287 4634/6/6288
f 4645/1/5993 4769/5/6289 6875/11/6287
f 6875/11/6287 1515/7/6290 4771/1/6291
f 4634/6/6288 4771/1/6291 1471/5/6292
f 1471/5/6292 6876/11/6293 4635/6/6294
f 4771/1/6291 4770/5/6295 6876/11/6293
f 6876/11/6293 1480/7/6296 4647/1/6297
f 4635/6/6294 4647/1/6297 1413/5/6298
f 4648/1/5979 4623/6/6166 1409/5/5980
f 1481/7/6299 6877/11/6300 4648/1/5979
f 4772/5/6301 4774/1/6302 6877/11/6300
f 6877/11/6300 1463/5/6170 4623/6/6166
f 4774/1/6302 4622/12/6172 1463/5/6170
f 1516/7/6303 6878/1/6304 4774/1/6302
f 4773/5/6305 4650/1/6306 6878/1/6304
f 6878/1/6304 1411/9/5995 4622/12/6172
f 1470/1/6279 6879/2/6307 4775/3/6308
f 4633/4/6275 4636/3/5983 6879/2/6307
f 6879/2/6307 1472/1/5988 4776/4/6309
f 4775/3/6308 4776/4/6309 1517/1/6310
f 1517/1/6310 6880/2/6311 4777/3/6312
f 4776/4/6309 4637/3/5990 6880/2/6311
f 6880/2/6311 1415/1/5994 4644/4/6313
f 4777/3/6312 4644/4/6313 1477/1/6314
f 4634/4/6288 4644/3/6313 1415/1/5994
f 1471/1/6292 6881/2/6315 4634/4/6288
f 4779/3/6316 4781/4/6317 6881/2/6315
f 6881/2/6315 1477/1/6314 4644/3/6313
f 4635/4/6294 4779/3/6316 1471/1/6292
f 1413/1/6298 6882/2/6318 4635/4/6294
f 4638/3/6256 4780/4/6319 6882/2/6318
f 6882/2/6318 1518/1/6320 4779/3/6316
f 4780/6/6319 4812/6/6321 1518/5/6320
f 1473/5/6254 6883/17/6322 4780/6/6319
f 4813/10/6250 4543/10/5808 6883/17/6322
f 6883/17/6322 1392/5/5805 4812/6/6321
f 1477/1/6314 6884/2/6323 4643/3/6324
f 4781/4/6317 4812/3/6321 6884/2/6323
f 6884/2/6323 1392/1/5805 4804/4/5811
f 6884/2/6323 1525/1/5769 4643/3/6324
f 4650/1/6306 4574/6/5998 1411/9/5995
f 1483/7/6325 6885/1/6326 4650/1/6306
f 4782/5/6327 4784/1/6328 6885/1/6326
f 6885/1/6326 1433/5/6003 4574/6/5998
f 4784/1/6328 4575/6/6005 1433/5/6003
f 1519/7/6329 6886/1/6330 4784/1/6328
f 4783/5/6331 4651/1/6332 6886/1/6330
f 6886/1/6330 1401/5/6268 4575/6/6005
f 1400/7/6262 6887/11/6333 4587/5/6334
f 4652/1/6335 4785/5/6336 6887/11/6333
f 6887/11/6333 1520/7/6337 4787/1/6338
f 4587/5/6334 4787/1/6338 1439/7/6339
f 4786/5/6340 4787/1/6338 1520/7/6337
f 1482/7/6341 6888/11/6342 4786/5/6340
f 4649/1/5971 4588/5/6343 6888/11/6342
f 6888/11/6342 1439/7/6339 4787/1/6338
f 1401/5/6268 6889/1/6344 4641/6/6267
f 1484/7/6345 6889/1/6344 4651/1/6332
f 4788/5/6346 4790/1/6347 6889/1/6344
f 4641/6/6267 4790/1/6347 1475/5/6269
f 1475/5/6269 6890/1/6348 4640/6/6273
f 4790/1/6347 4789/5/6349 6890/1/6348
f 6890/1/6348 1479/7/6350 4646/1/5984
f 4640/6/6273 4646/1/5984 1414/5/5981
f 1474/5/6258 6891/1/6351 4639/5/6261
f 4793/1/6352 4792/5/6353 6891/1/6351
f 6891/1/6351 1485/7/6354 4652/1/6335
f 4639/5/6261 4652/1/6335 1400/7/6262
f 4699/4/5858 5231/3/6355 1736/1/5859
f 1496/1/6071 6892/2/6356 4699/4/5858
f 4698/3/6070 5218/4/5940 6892/2/6356
f 6892/2/6356 1730/1/5942 5231/3/6355
f 4794/6/5762 4778/6/6357 1524/5/5763
f 1523/1/5813 6893/5/6358 4794/6/5762
f 4632/6/6281 4775/6/6308 6893/5/6358
f 6893/5/6358 1517/5/6310 4778/6/6357
f 4795/4/5768 4643/3/6324 1525/1/5769
f 1524/1/5763 6894/2/6359 4795/4/5768
f 4778/3/6357 4777/4/6312 6894/2/6359
f 6894/2/6359 1477/1/6314 4643/3/6324
f 1526/7/6360 6895/5/6361 4798/6/6362
f 4565/5/6363 4380/6/5392 6895/5/6361
f 6895/5/6361 1137/5/4731 4805/6/5735
f 4798/6/6362 4805/6/5735 1527/5/5739
f 1527/5/5739 6896/1/6364 4798/1/6362
f 4867/6/6365 4811/1/6263 6896/1/6364
f 6896/1/6364 1428/7/6265 4797/5/6366
f 4798/1/6362 4797/5/6366 1526/7/6360
f 4382/4/5398 4816/3/5737 1309/1/4736
f 1130/1/4803 6897/2/6367 4382/4/5398
f 4519/3/5800 4814/4/5822 6897/2/6367
f 6897/2/6367 1528/1/5825 4816/3/5737
f 4791/5/6368 4647/6/6297 1480/7/6296
f 1522/7/6369 6898/5/6370 4791/5/6368
f 4793/6/6352 4817/6/6257 6898/5/6370
f 6898/5/6370 1413/5/6298 4647/6/6297
f 4815/6/5823 4541/12/5745 1529/5/5743
f 1378/5/5819 6899/5/6371 4815/6/5823
f 4518/6/5827 4520/6/5809 6899/5/6371
f 6899/5/6371 1391/27/6248 4541/12/5745
f 4530/4/5740 4807/3/5824 1529/1/5743
f 1386/1/5742 6900/2/6372 4530/4/5740
f 4867/3/6365 4806/4/5738 6900/2/6372
f 6900/2/6372 1528/1/5825 4807/3/5824
f 4584/4/6373 4820/3/6374 1530/1/6375
f 1531/1/6376 6901/2/6377 4584/4/6373
f 4687/3/5909 4388/4/5409 6901/2/6377
f 6901/2/6377 1316/1/5407 4820/3/6374
f 1314/1/5411 6902/2/6378 4389/3/5413
f 4602/4/6158 4711/3/6379 6902/2/6378
f 6902/2/6378 1530/1/6375 4820/4/6374
f 4389/3/5413 4820/4/6374 1316/1/5407
f 4711/4/6379 4692/3/6380 1530/1/6375
f 1532/1/6157 6903/2/6381 4711/4/6379
f 4823/3/6382 4829/4/6137 6903/2/6381
f 6903/2/6381 1538/1/6030 4692/3/6380
f 4694/4/6047 4695/3/6383 1495/1/6048
f 1455/1/6384 6904/2/6385 4694/4/6047
f 4614/3/6386 4830/4/6049 6904/2/6385
f 6904/2/6385 1539/1/6017 4695/3/6383
f 1530/1/6375 6905/2/6387 4584/3/6373
f 4692/4/6380 4831/3/6029 6905/2/6387
f 4831/3/6029 4689/4/6388 6905/2/6387
f 6905/2/6387 1531/1/6376 4584/3/6373
f 4696/4/6156 4823/3/6382 1532/1/6157
f 1495/1/6048 6906/2/6389 4696/4/6156
f 4695/3/6383 4832/4/6014 6906/2/6389
f 6906/2/6389 1534/1/6016 4823/3/6382
f 5182/477/6390 5173/467/5926 1709/478/6391
f 5182/477/6390 5180/442/5890 6907/479/6392
f 5180/442/5890 4825/480/6393 6907/479/6392
f 6907/479/6392 1423/481/6394 5173/467/5926
f 1735/1/5911 6908/2/6395 5230/3/6396
f 4690/4/5910 4689/3/6388 6908/2/6395
f 6908/2/6395 1537/1/6032 4834/4/5877
f 5230/3/6396 4834/4/5877 1740/1/5874
f 1696/482/5433 6909/483/6397 5160/484/5431
f 5181/485/6398 4670/473/5936 6909/483/6397
f 6909/483/6397 1490/476/5939 4835/486/6399
f 5160/484/5431 4835/486/6399 1186/487/5510
f 1429/488/6247 6910/489/6400 4567/490/6242
f 4566/491/6260 4837/492/6401 6910/489/6400
f 4837/492/6401 4836/493/6402 6910/489/6400
f 6910/489/6400 1402/494/6243 4567/490/6242
f 4836/493/6402 4564/495/6264 1402/494/6243
f 1540/496/6403 6911/497/6404 4836/493/6402
f 4839/498/6405 4838/499/6406 6911/497/6404
f 6911/497/6404 1428/500/6265 4564/495/6264
f 4838/499/6406 4797/501/6366 1428/500/6265
f 1544/502/6407 6912/503/6408 4838/499/6406
f 4841/504/6409 4840/505/6410 6912/503/6408
f 6912/503/6408 1526/506/6360 4797/501/6366
f 4840/505/6410 4565/507/6363 1526/506/6360
f 1548/508/6411 6913/509/6412 4840/505/6410
f 4842/510/6413 4200/511/5448 6913/509/6412
f 6913/509/6412 1164/122/5393 4565/507/6363
f 4587/512/6334 4837/492/6401 1400/513/6262
f 1439/514/6339 6914/515/6414 4587/512/6334
f 4844/516/6415 4843/517/6416 6914/515/6414
f 6914/515/6414 1540/496/6403 4837/492/6401
f 4843/518/6416 4839/519/6405 1540/496/6403
f 1541/520/6417 6915/521/6418 4843/518/6416
f 4846/522/6419 4845/523/6420 6915/521/6418
f 6915/521/6418 1544/524/6407 4839/519/6405
f 4845/523/6420 4841/525/6409 1544/524/6407
f 1545/526/6421 6916/527/6422 4845/523/6420
f 4848/528/6423 4847/529/6424 6916/527/6422
f 6916/527/6422 1548/530/6411 4841/525/6409
f 4847/529/6424 4842/531/6413 1548/530/6411
f 1549/532/6425 6917/533/6426 4847/529/6424
f 4849/534/6427 4169/149/5464 6917/533/6426
f 6917/533/6426 1305/535/5462 4842/531/6413
f 4588/536/6343 4844/516/6415 1439/514/6339
f 1406/537/5968 6918/538/6428 4588/536/6343
f 4851/539/6429 4850/540/6430 6918/538/6428
f 6918/538/6428 1541/541/6417 4844/516/6415
f 4850/540/6430 4846/522/6419 1541/541/6417
f 1542/542/6431 6919/543/6432 4850/540/6430
f 4853/544/6433 4852/545/6434 6919/543/6432
f 6919/543/6432 1545/546/6421 4846/522/6419
f 4852/545/6434 4848/547/6423 1545/546/6421
f 1546/548/6435 6920/549/6436 4852/545/6434
f 4855/550/6437 4854/551/6438 6920/549/6436
f 6920/549/6436 1549/552/6425 4848/547/6423
f 4854/551/6438 4849/553/6427 1549/552/6425
f 1550/554/6439 6921/555/6440 4854/551/6438
f 4856/556/6441 4170/173/5480 6921/555/6440
f 6921/555/6440 1227/171/5478 4849/553/6427
f 4589/6/6202 4851/5/6429 1406/7/5968
f 1440/5/6198 6922/5/6442 4589/6/6202
f 4858/6/6443 4857/6/6444 6922/5/6442
f 6922/5/6442 1542/7/6431 4851/5/6429
f 4857/6/6444 4853/5/6433 1542/7/6431
f 1543/5/6445 6923/5/6446 4857/6/6444
f 4860/6/6447 4859/6/6448 6923/5/6446
f 6923/5/6446 1546/7/6435 4853/5/6433
f 4859/6/6448 4855/5/6437 1546/7/6435
f 1547/5/6449 6924/5/6450 4859/6/6448
f 4862/6/6451 4861/6/6452 6924/5/6450
f 6924/5/6450 1550/7/6439 4855/5/6437
f 4861/6/6452 4856/5/6441 1550/7/6439
f 1551/5/6453 6925/5/6454 4861/6/6452
f 4863/6/6455 4171/6/5494 6925/5/6454
f 6925/5/6454 1178/7/6456 4856/5/6441
f 4590/4/6197 4858/3/6443 1440/1/6198
f 1407/1/6187 6926/2/6457 4590/4/6197
f 4868/3/6127 4736/4/6458 6926/2/6457
f 6926/2/6457 1543/1/6445 4858/3/6443
f 4736/4/6458 4860/3/6447 1543/1/6445
f 1412/1/6125 6927/2/6459 4736/4/6458
f 4824/3/6053 4864/4/6460 6927/2/6459
f 6927/2/6459 1547/1/6449 4860/3/6447
f 4864/4/6460 4862/3/6451 1547/1/6449
f 1535/1/6051 6928/2/6461 4864/4/6460
f 4614/3/6386 4865/4/6462 6928/2/6461
f 6928/2/6461 1551/1/6453 4862/3/6451
f 4865/4/6462 4863/3/6455 1551/1/6453
f 1455/1/6384 6929/2/6463 4865/4/6462
f 4615/3/6046 4436/4/5506 6929/2/6463
f 6929/2/6463 1228/1/5496 4863/3/6455
f 1739/5/5947 6930/1/6464 5227/1/6465
f 5229/6/6466 5216/1/5511 6930/1/6464
f 6930/1/6464 1186/7/5510 4835/5/6399
f 5227/1/6465 4835/5/6399 1490/7/5939
f 5110/557/5515 5144/558/6467 1670/559/5513
f 1339/560/5520 6931/561/6468 5110/557/5515
f 4883/562/6469 4884/563/6470 6931/561/6468
f 6931/561/6468 1682/564/6471 5144/558/6467
f 5124/565/6472 5143/566/6473 1684/567/6474
f 1559/568/6475 6932/569/6476 5124/565/6472
f 4877/570/6477 4885/571/6478 6932/569/6476
f 6932/569/6476 1683/572/6479 5143/566/6473
f 1686/573/6480 6933/574/6481 5142/575/6482
f 5126/576/6483 4874/577/6484 6933/574/6481
f 6933/574/6481 1558/578/6485 4887/579/6486
f 5142/575/6482 4887/579/6486 1685/580/6487
f 4885/571/6478 5141/581/6488 1683/572/6479
f 1552/582/6489 6934/583/6490 4885/571/6478
f 4878/584/6491 4889/585/6492 6934/583/6490
f 6934/583/6490 1687/586/6493 5141/581/6488
f 1685/580/6487 6935/587/6494 5140/588/6495
f 1558/578/6485 6935/587/6494 4887/589/6486
f 4875/590/6496 4890/591/6497 6935/587/6494
f 6935/587/6494 1688/592/6498 5140/588/6495
f 4884/563/6470 5139/593/6499 1682/564/6471
f 1561/594/6500 6936/595/6501 4884/563/6470
f 4880/596/6502 4891/597/6503 6936/595/6501
f 6936/595/6501 1689/598/6504 5139/593/6499
f 5131/599/6505 5138/600/6506 1691/601/6507
f 1562/602/6508 6937/603/6509 5131/599/6505
f 4872/604/6510 4892/605/6511 6937/603/6509
f 6937/603/6509 1690/606/6512 5138/600/6506
f 4890/591/6497 5137/607/6513 1688/592/6498
f 1553/608/6514 6938/609/6515 4890/591/6497
f 4881/610/6516 4894/611/6517 6938/609/6515
f 6938/609/6515 1692/612/6518 5137/607/6513
f 4889/613/6492 5136/614/6519 1687/615/6493
f 1560/616/6520 6939/617/6521 4889/613/6492
f 4879/618/6522 5126/619/6483 6939/617/6521
f 6939/617/6521 1686/620/6480 5136/614/6519
f 4894/611/6517 5135/621/6523 1692/612/6518
f 1555/622/6524 6940/623/6525 4894/611/6517
f 4882/624/6526 5131/599/6505 6940/623/6525
f 6940/623/6525 1691/601/6507 5135/621/6523
f 4891/597/6503 5134/625/6527 1689/598/6504
f 1556/626/6528 6941/627/6529 4891/597/6503
f 4876/628/6530 5124/565/6472 6941/627/6529
f 6941/627/6529 1684/567/6474 5134/625/6527
f 4892/605/6511 5133/629/6531 1690/606/6512
f 1557/630/6532 6942/631/6533 4892/605/6511
f 4873/632/6534 4467/633/5582 6942/631/6533
f 6942/631/6533 1681/634/6535 5133/629/6531
f 1635/635/6536 6943/636/6537 5048/637/6538
f 5027/638/6539 4905/639/6540 6943/636/6537
f 4905/639/6540 4907/640/6541 6943/636/6537
f 6943/636/6537 1634/641/6542 5048/637/6538
f 4907/640/6541 5047/642/6543 1634/641/6542
f 1573/643/6544 6944/644/6545 4907/640/6541
f 4895/645/6546 4909/646/6547 6944/644/6545
f 6944/644/6545 1636/647/6548 5047/642/6543
f 5030/648/6549 5046/649/6550 1638/650/6551
f 1571/651/6552 6945/652/6553 5030/648/6549
f 4902/653/6554 4910/654/6555 6945/652/6553
f 6945/652/6553 1637/655/6556 5046/649/6550
f 5032/656/6557 5045/657/6558 1640/658/6559
f 1567/659/6560 6946/660/6561 5032/656/6557
f 4899/661/6562 4912/662/6563 6946/660/6561
f 6946/660/6561 1639/663/6564 5045/657/6558
f 5021/664/5619 5044/665/6565 1629/286/5617
f 1352/293/5624 6947/666/6566 5021/664/5619
f 4906/667/6567 4914/668/6568 6947/666/6566
f 6947/666/6566 1641/669/6569 5044/665/6565
f 4909/646/6547 5043/670/6570 1636/647/6548
f 1568/671/6571 6948/672/6572 4909/646/6547
f 4896/673/6573 4489/674/5628 6948/672/6572
f 6948/672/6572 1630/675/6574 5043/670/6570
f 4914/668/6568 5042/676/6575 1641/669/6569
f 1572/677/6576 6949/678/6577 4914/668/6568
f 4903/679/6578 5032/656/6557 6949/678/6577
f 6949/678/6577 1640/658/6559 5042/676/6575
f 4912/662/6563 5041/680/6579 1639/663/6564
f 1570/681/6580 6950/682/6581 4912/662/6563
f 4900/683/6582 4915/684/6583 6950/682/6581
f 6950/682/6581 1642/685/6584 5041/680/6579
f 4910/686/6555 5040/687/6585 1637/688/6556
f 1565/689/6586 6951/690/6587 4910/686/6555
f 6951/690/6587 1569/691/6588 4916/692/6589
f 5040/687/6585 4916/692/6589 1643/693/6590
f 1644/694/6591 6952/695/6592 5039/696/6593
f 5036/697/6594 4904/698/6595 6952/695/6592
f 6952/695/6592 1566/699/6596 5027/638/6539
f 5039/696/6593 5027/638/6539 1635/635/6536
f 4915/684/6583 5038/700/6597 1642/685/6584
f 1563/701/6598 6953/702/6599 4915/684/6583
f 4901/703/6600 5030/704/6549 6953/702/6599
f 6953/702/6599 1638/705/6551 5038/700/6597
f 1643/706/6590 6954/707/6601 5037/708/6602
f 4916/709/6589 4898/710/6603 6954/707/6601
f 6954/707/6601 1564/711/6604 5036/697/6594
f 5037/708/6602 5036/697/6594 1644/694/6591
f 5074/712/6605 5096/713/6606 1658/714/6607
f 1581/715/6608 6955/716/6609 5074/712/6605
f 4923/717/6610 4931/718/6611 6955/716/6609
f 6955/716/6609 1659/719/6612 5096/713/6606
f 1660/720/6613 6956/721/6614 5095/722/6615
f 5076/723/6616 4920/724/6617 6956/721/6614
f 6956/721/6614 1580/725/6618 4933/726/6619
f 5095/722/6615 4933/726/6619 1661/727/6620
f 1662/728/6621 6957/729/6622 5094/730/6623
f 5078/731/6624 4927/732/6625 6957/729/6622
f 6957/729/6622 1577/733/6626 4935/734/6627
f 5094/730/6623 4935/734/6627 1663/735/6628
f 4931/718/6611 5093/736/6629 1659/719/6612
f 1574/737/6630 6958/738/6631 4931/718/6611
f 4924/739/6632 4936/740/6633 6958/738/6631
f 6958/738/6631 1664/741/6634 5093/736/6629
f 1661/727/6620 6959/742/6635 5092/743/6636
f 4933/726/6619 4921/744/6637 6959/742/6635
f 6959/742/6635 1575/745/6638 5078/731/6624
f 5092/743/6636 5078/731/6624 1662/728/6621
f 1663/735/6628 6960/746/6639 5091/747/6640
f 4935/734/6627 4928/748/6641 6960/746/6639
f 6960/746/6639 1584/749/6642 4937/750/6643
f 5091/747/6640 4937/750/6643 1665/751/6644
f 4937/750/6643 5090/752/6645 1665/751/6644
f 1584/749/6642 6961/753/6646 4937/750/6643
f 4918/754/6647 4938/755/6648 6961/753/6646
f 6961/753/6646 1666/756/6649 5090/752/6645
f 4936/740/6633 5089/757/6650 1664/741/6634
f 1582/758/6651 6962/759/6652 4936/740/6633
f 4925/760/6653 5076/761/6616 6962/759/6652
f 6962/759/6652 1660/762/6613 5089/757/6650
f 5083/763/6654 5088/764/6655 1667/765/6656
f 1578/766/6657 6963/767/6658 5083/763/6654
f 4922/768/6659 5074/712/6605 6963/767/6658
f 6963/767/6658 1658/714/6607 5088/764/6655
f 5071/769/5719 5087/770/6660 1655/394/5717
f 1365/401/5724 6964/771/6661 5071/769/5719
f 4929/772/6662 4940/773/6663 6964/771/6661
f 6964/771/6661 1668/774/6664 5087/770/6660
f 4938/755/6648 5086/775/6665 1666/756/6649
f 1579/776/6666 6965/777/6667 4938/755/6648
f 4919/778/6668 4517/405/5728 6965/777/6667
f 6965/777/6667 1657/779/6669 5086/775/6665
f 4940/773/6663 5085/780/6670 1668/774/6664
f 1583/781/6671 6966/782/6672 4940/773/6663
f 4926/783/6673 5083/763/6654 6966/782/6672
f 6966/782/6672 1667/765/6656 5085/780/6670
f 2934/10/6674 2939/5/6675 572/7/6676
f 2934/10/6674 4965/5/6677 6967/11/6678
f 6967/11/6678 1585/7/6679 4941/5/6680
f 2939/5/6675 4941/5/6680 565/7/6681
f 1600/5/6682 6968/1/6683 4965/5/6677
f 4956/2/6684 4966/5/2448 6968/1/6683
f 6968/1/6683 1586/6/2437 4942/5/6685
f 4965/5/6677 4942/5/6685 1585/5/6679
f 573/7/6686 6969/5/6687 2940/5/6688
f 2935/6/6689 4967/6/6690 6969/5/6687
f 6969/5/6687 1587/5/6691 4943/6/6692
f 2940/5/6688 4943/6/6692 566/7/6693
f 1602/1/6694 6970/2/6695 4967/3/6690
f 4958/4/6696 4968/3/2444 6970/2/6695
f 6970/2/6695 1588/1/2431 4944/4/6697
f 4967/3/6690 4944/4/6697 1587/1/6691
f 565/7/6681 6971/5/6698 2941/5/6699
f 4941/5/6680 4969/6/6700 6971/5/6698
f 6971/5/6698 1589/5/6701 4945/6/6702
f 2941/5/6699 4945/6/6702 567/7/6703
f 1585/7/6679 6972/5/6704 4969/6/6700
f 4942/5/6685 4970/6/2439 6972/5/6704
f 6972/5/6704 1590/5/2423 4946/6/6705
f 4969/6/6700 4946/6/6705 1589/5/6701
f 566/7/6693 6973/5/6706 2942/5/6707
f 4943/6/6692 4971/6/6708 6973/5/6706
f 6973/5/6706 1591/6/6709 4947/6/6710
f 2942/5/6707 4947/6/6710 568/7/6711
f 1587/1/6691 6974/2/6712 4971/3/6708
f 4944/4/6697 4972/3/2433 6974/2/6712
f 6974/2/6712 1592/1/2411 4948/4/6713
f 4971/3/6708 4948/4/6713 1591/1/6709
f 4945/6/6702 2943/5/6714 567/7/6703
f 4945/6/6702 4973/6/6715 6975/5/6716
f 6975/5/6716 1602/5/6694 2935/6/6689
f 6975/5/6716 573/7/6686 2943/5/6714
f 1589/1/6701 6976/2/6717 4973/3/6715
f 4946/22/6705 4974/3/2425 6976/2/6717
f 6976/2/6717 1601/1/2430 4958/4/6696
f 4973/3/6715 4958/4/6696 1602/1/6694
f 2936/6/6718 2944/5/6719 574/7/6720
f 1604/5/6721 6977/1/6722 2936/6/6718
f 4975/1/6723 2934/10/6674 6977/1/6722
f 6977/1/6722 572/7/6676 2944/5/6719
f 4960/1/6724 4975/1/6723 1604/5/6721
f 1603/20/2410 6978/1/6725 4960/1/6724
f 6978/1/6725 1599/21/2422 4956/2/6684
f 4975/1/6723 4956/2/6684 1600/7/6682
f 568/7/6711 6979/1/6726 2945/5/6727
f 4947/6/6710 4977/1/6728 6979/1/6726
f 6979/1/6726 1593/1/6729 4949/1/6730
f 2945/5/6727 4949/1/6730 569/7/6731
f 1591/1/6709 6980/5/6732 4977/3/6728
f 4948/4/6713 4978/3/2413 6980/5/6732
f 6980/5/6732 1594/1/2394 4950/3/6733
f 4977/3/6728 4950/3/6733 1593/1/6729
f 2937/5/6734 2946/5/6735 575/7/6736
f 1606/8/6737 6981/5/6738 2937/5/6734
f 4979/6/6739 2936/6/6718 6981/5/6738
f 6981/5/6738 574/7/6720 2946/5/6735
f 4962/5/6740 4979/6/6739 1606/8/6737
f 1605/7/2405 6982/1/6741 4962/5/6740
f 4980/6/2406 4960/1/6724 6982/1/6741
f 6982/1/6741 1604/5/6721 4979/6/6739
f 576/7/6742 6983/4/6743 2947/5/6744
f 2938/10/6745 4981/5/6746 6983/4/6743
f 4981/5/6746 2937/5/6734 6983/4/6743
f 6983/4/6743 575/7/6736 2947/5/6744
f 1608/5/6747 6984/1/6748 4981/5/6746
f 4964/5/6749 4982/6/2401 6984/1/6748
f 6984/1/6748 1605/7/2405 4962/5/6740
f 4981/5/6746 4962/5/6740 1606/2/6737
f 569/7/6731 6985/5/6750 2948/5/6751
f 4949/1/6730 4983/6/6752 6985/5/6750
f 6985/5/6750 1595/16/6753 4951/5/6754
f 2948/5/6751 4951/5/6754 570/7/6755
f 1593/1/6729 6986/1/6756 4983/6/6752
f 4950/1/6733 4984/1/2396 6986/1/6756
f 6986/1/6756 1596/7/2389 4952/2/6757
f 4983/6/6752 4952/2/6757 1595/16/6753
f 570/7/6755 6987/5/6758 2949/5/6759
f 4951/5/6754 4985/2/6760 6987/5/6758
f 6987/5/6758 1597/8/6761 4953/5/6762
f 2949/5/6759 4953/5/6762 571/7/6763
f 1595/27/6753 6988/1/6764 4985/2/6760
f 4952/2/6757 4986/6/2391 6988/1/6764
f 6988/1/6764 1598/7/2381 4954/5/6765
f 4985/2/6760 4954/5/6765 1597/2/6761
f 571/7/6763 6989/6/6766 2950/5/6767
f 4953/5/6762 4987/1/6768 6989/6/6766
f 4987/1/6768 2938/10/6745 6989/6/6766
f 2950/5/6767 2938/10/6745 576/7/6742
f 1597/8/6761 6990/11/6769 4987/1/6768
f 4954/5/6765 4988/7/2383 6990/11/6769
f 6990/11/6769 1607/7/2388 4964/5/6749
f 4987/1/6768 4964/5/6749 1608/7/6747
f 542/7/2420 6991/5/6770 2912/6/2449
f 3025/6/6771 5001/6/2518 6991/5/6770
f 6991/5/6770 1613/5/2510 4993/6/6772
f 2912/6/2449 4993/6/6772 541/5/2450
f 544/1/2428 6992/2/6773 2911/3/2445
f 2931/4/6774 5002/3/2515 6992/2/6773
f 6992/2/6773 1619/1/2502 4999/4/6775
f 2911/3/2445 4999/4/6775 543/1/2446
f 541/1/2450 6993/2/6776 2910/3/2441
f 4993/4/6772 5003/3/2509 6993/2/6776
f 6993/2/6776 1614/1/2496 4994/4/6777
f 2910/3/2441 4994/4/6777 545/1/2442
f 543/1/2446 6994/2/6778 2909/3/2435
f 4999/4/6775 5004/3/2504 6994/2/6778
f 6994/2/6778 1609/1/2482 4989/4/6779
f 2909/3/2435 4989/4/6779 546/1/2436
f 545/1/2442 6995/2/6780 2908/3/2427
f 4994/4/6777 5005/3/2495 6995/2/6780
f 6995/2/6780 1610/1/2501 2931/4/6774
f 2908/3/2427 2931/4/6774 544/1/2428
f 547/7/6781 6996/5/6782 2907/5/2419
f 3026/6/6783 5006/6/2488 6996/5/6782
f 6996/5/6782 1615/5/2493 3025/6/6771
f 2907/5/2419 3025/6/6771 542/7/2420
f 546/1/2436 6997/2/6784 2906/3/2415
f 4989/4/6779 5007/3/2484 6997/2/6784
f 6997/2/6784 1620/1/2465 5000/4/6785
f 2906/3/2415 5000/4/6785 548/1/2416
f 3027/6/6786 2905/5/2408 549/7/2403
f 3027/6/6786 5008/6/2476 6998/5/6787
f 6998/5/6787 1616/5/2481 3026/6/6783
f 2905/5/2408 3026/6/6783 547/7/6781
f 550/5/2386 6999/5/6788 2904/1/2402
f 3028/6/6789 5009/6/2472 6999/5/6788
f 6999/5/6788 1617/5/2475 3027/6/6786
f 2904/1/2402 3027/6/6786 549/7/2403
f 548/1/2416 7000/2/6790 2903/3/2398
f 5000/4/6785 5010/3/2467 7000/2/6790
f 7000/2/6790 1611/1/2459 4991/4/6791
f 2903/3/2398 4991/4/6791 551/1/2399
f 551/1/2399 7001/2/6792 2902/3/2393
f 4991/4/6791 5011/3/2461 7001/2/6792
f 7001/2/6792 1612/1/2451 4992/4/6793
f 2902/3/2393 4992/4/6793 552/1/2384
f 552/1/2384 7002/2/6794 2901/3/6795
f 4992/4/6793 5012/3/2453 7002/2/6794
f 7002/2/6794 1618/1/2458 3028/4/6789
f 2901/3/6795 3028/4/6789 550/1/2386
f 5035/784/6796 4875/590/6496 1558/578/6485
f 1643/706/6590 7003/785/6797 5035/784/6796
f 5037/708/6602 4917/786/6798 7003/785/6797
f 7003/785/6797 1553/608/6514 4875/590/6496
f 5034/787/6799 4878/584/6491 1552/582/6489
f 1642/685/6584 7004/788/6800 5034/787/6799
f 5038/700/6597 4911/789/6801 7004/788/6800
f 7004/788/6800 1560/790/6520 4878/584/6491
f 4917/786/6798 4881/610/6516 1553/608/6514
f 1644/694/6591 7005/791/6802 4917/786/6798
f 5039/696/6593 4908/792/6803 7005/791/6802
f 7005/791/6802 1555/622/6524 4881/610/6516
f 1554/793/6804 7006/794/6805 4874/577/6484
f 1637/688/6556 7006/794/6805 5029/795/6806
f 5040/687/6585 5035/796/6796 7006/794/6805
f 4874/577/6484 5035/796/6796 1558/578/6485
f 5031/797/6807 4877/570/6477 1559/568/6475
f 1639/663/6564 7007/798/6808 5031/797/6807
f 5041/680/6579 5034/787/6799 7007/798/6808
f 7007/798/6808 1552/582/6489 4877/570/6477
f 5033/799/6809 4880/596/6502 1561/594/6500
f 1641/669/6569 7008/800/6810 5033/799/6809
f 5042/676/6575 4913/801/6811 7008/800/6810
f 7008/800/6810 1556/626/6528 4880/596/6502
f 5028/802/6812 4873/632/6534 1557/630/6532
f 1636/647/6548 7009/803/6813 5028/802/6812
f 5043/670/6570 5022/804/6814 7009/803/6813
f 7009/803/6813 1338/253/5584 4873/632/6534
f 4488/805/6815 4883/562/6469 1339/560/5520
f 1629/286/5617 7010/806/6816 4488/805/6815
f 5044/665/6565 5033/799/6809 7010/806/6816
f 7010/806/6816 1561/594/6500 4883/562/6469
f 4913/801/6811 4876/628/6530 1556/626/6528
f 1640/658/6559 7011/807/6817 4913/801/6811
f 5045/657/6558 5031/797/6807 7011/807/6817
f 7011/807/6817 1559/568/6475 4876/628/6530
f 4911/808/6801 4879/618/6522 1560/616/6520
f 1638/650/6551 7012/809/6818 4911/808/6801
f 5046/649/6550 5029/810/6806 7012/809/6818
f 7012/809/6818 1554/811/6804 4879/618/6522
f 5026/812/6819 4872/604/6510 1562/602/6508
f 1634/641/6542 7013/813/6820 5026/812/6819
f 5047/642/6543 5028/802/6812 7013/813/6820
f 7013/813/6820 1557/630/6532 4872/604/6510
f 4908/792/6803 4882/624/6526 1555/622/6524
f 1635/635/6536 7014/814/6821 4908/792/6803
f 5048/637/6538 5026/812/6819 7014/814/6821
f 7014/814/6821 1562/602/6508 4882/624/6526
f 1344/213/5548 7015/815/6822 5024/816/6823
f 4446/212/5547 4492/817/6824 7015/815/6822
f 7015/815/6822 1633/318/5647 5049/333/5659
f 5024/816/6823 5049/333/5659 1632/330/5657
f 4449/204/5541 5023/818/6825 1336/205/5542
f 1346/819/5571 7016/820/6826 4449/204/5541
f 4484/821/6827 5050/324/5653 7016/820/6826
f 7016/820/6826 1631/305/5636 5023/818/6825
f 4452/232/5567 4492/817/6824 1337/211/5546
f 1341/244/5575 7017/822/6828 4452/232/5567
f 7017/822/6828 1622/256/5587 5051/321/5650
f 4492/817/6824 5051/321/5650 1633/318/5647
f 4445/198/5535 5016/823/6829 1340/199/5536
f 4445/198/5535 5024/824/6823 7018/825/6830
f 7018/825/6830 1632/826/5657 5052/310/5641
f 7018/825/6830 1624/312/5604 5016/823/6829
f 4448/190/5527 5018/827/6831 1345/191/5528
f 1336/205/5542 7019/828/6832 4448/190/5527
f 5023/818/6825 5053/304/5635 7019/828/6832
f 7019/828/6832 1626/281/5612 5018/827/6831
f 4451/218/5553 5020/829/6833 1347/181/5518
f 1342/249/5580 7020/830/6834 4451/218/5553
f 4486/831/6835 5054/300/5631 7020/830/6834
f 7020/830/6834 1628/301/5632 5020/829/6833
f 1343/255/5586 7021/832/6836 5015/833/6837
f 4444/254/5585 5022/834/6814 7021/832/6836
f 7021/832/6836 1630/675/6574 5055/296/5627
f 5015/833/6837 5055/296/5627 1623/294/5625
f 1339/183/5520 7022/835/6838 4488/836/6815
f 4454/182/5519 5020/829/6833 7022/835/6838
f 7022/835/6838 1628/301/5632 5056/289/5620
f 4488/836/6815 5056/289/5620 1629/286/5617
f 4447/248/5579 4486/831/6835 1342/249/5580
f 1345/191/5528 7023/837/6839 4447/248/5579
f 5018/827/6831 5057/278/5609 7023/837/6839
f 7023/837/6839 1627/280/5611 4486/831/6835
f 4450/239/5570 4484/838/6827 1346/240/5571
f 1340/839/5536 7024/840/6840 4450/239/5570
f 5016/841/6829 5058/270/5601 7024/840/6840
f 7024/840/6840 1625/272/5603 4484/838/6827
f 1348/226/5561 7025/842/6841 5013/843/6842
f 4443/225/5560 5015/833/6837 7025/842/6841
f 7025/842/6841 1623/294/5625 5059/266/5597
f 5013/843/6842 5059/266/5597 1621/264/5595
f 4453/243/5574 4481/844/6843 1341/244/5575
f 1348/226/5561 7026/845/6844 4453/243/5574
f 7026/845/6844 1621/264/5595 5060/259/5590
f 4481/844/6843 5060/259/5590 1622/256/5587
f 5084/846/6845 4903/679/6578 1572/677/6576
f 1668/847/6664 7027/848/6846 5084/846/6845
f 5085/849/6670 4939/850/6847 7027/848/6846
f 7027/848/6846 1567/659/6560 4903/679/6578
f 5082/851/6848 4896/673/6573 1568/671/6571
f 1666/852/6649 7028/853/6849 5082/851/6848
f 5086/854/6665 5073/855/6850 7028/853/6849
f 7028/853/6849 1351/856/5629 4896/673/6573
f 4515/857/6851 4906/667/6567 1352/293/5624
f 1655/394/5717 7029/858/6852 4515/857/6851
f 5087/859/6660 5084/846/6845 7029/858/6852
f 7029/858/6852 1572/677/6576 4906/667/6567
f 4939/850/6847 4899/661/6562 1567/659/6560
f 1667/860/6656 7030/861/6853 4939/850/6847
f 5088/862/6655 4930/863/6854 7030/861/6853
f 7030/861/6853 1570/681/6580 4899/661/6562
f 5080/864/6855 4902/653/6554 1571/651/6552
f 1664/741/6634 7031/865/6856 5080/864/6855
f 5089/757/6650 4932/866/6857 7031/865/6856
f 7031/865/6856 1565/867/6586 4902/653/6554
f 5081/868/6858 4895/645/6546 1573/643/6544
f 1665/869/6644 7032/870/6859 5081/868/6858
f 5090/871/6645 5082/851/6848 7032/870/6859
f 7032/870/6859 1568/671/6571 4895/645/6546
f 1566/699/6596 7033/872/6860 4905/639/6540
f 5079/873/6861 5091/874/6640 7033/872/6860
f 7033/872/6860 1665/869/6644 5081/868/6858
f 4905/639/6540 5081/868/6858 1573/643/6544
f 1569/875/6588 7034/876/6862 4898/710/6603
f 5077/877/6863 5092/878/6636 7034/876/6862
f 7034/876/6862 1662/728/6621 4934/879/6864
f 4898/710/6603 4934/879/6864 1564/711/6604
f 5075/880/6865 4901/703/6600 1563/701/6598
f 1659/881/6612 7035/882/6866 5075/880/6865
f 5093/883/6629 5080/884/6855 7035/882/6866
f 7035/882/6866 1571/885/6552 4901/703/6600
f 1564/711/6604 7036/886/6867 4904/698/6595
f 4934/879/6864 5094/887/6623 7036/886/6867
f 7036/886/6867 1663/735/6628 5079/873/6861
f 4904/698/6595 5079/873/6861 1566/699/6596
f 4932/888/6857 4897/889/6868 1565/689/6586
f 4932/888/6857 5095/722/6615 7037/890/6869
f 7037/890/6869 1661/727/6620 5077/891/6863
f 4897/889/6868 5077/891/6863 1569/691/6588
f 4930/863/6854 4900/683/6582 1570/681/6580
f 1658/714/6607 7038/892/6870 4930/863/6854
f 5096/893/6606 5075/880/6865 7038/892/6870
f 7038/892/6870 1563/701/6598 4900/683/6582
f 4476/303/5634 5072/894/6871 1360/291/5622
f 1355/285/5616 7039/895/6872 4476/303/5634
f 4514/896/6873 5097/897/5731 7039/895/6872
f 7039/895/6872 1656/898/5732 5072/894/6871
f 1356/268/5599 7040/899/6874 5069/900/6875
f 4469/299/5630 5073/901/6850 7040/899/6874
f 7040/899/6874 1657/902/6669 5098/903/5727
f 5069/900/6875 5098/903/5727 1653/904/5725
f 1352/293/5624 7041/905/6876 4515/906/6851
f 4479/292/5623 5072/894/6871 7041/905/6876
f 7041/905/6876 1656/898/5732 5099/397/5720
f 4515/906/6851 5099/397/5720 1655/394/5717
f 4472/284/5615 4514/896/6873 1355/285/5616
f 1358/309/5640 7042/907/6877 4472/284/5615
f 4505/908/6878 5100/909/5711 7042/907/6877
f 7042/907/6877 1654/390/5713 4514/896/6873
f 4475/276/5607 5067/910/6879 1359/277/5608
f 1353/911/5646 7043/912/6880 4475/276/5607
f 4507/913/6881 5101/382/5707 7043/912/6880
f 7043/912/6880 1651/361/5686 5067/910/6879
f 1361/261/5592 7044/914/6882 5068/915/6883
f 4468/269/5600 5069/900/6875 7044/914/6882
f 7044/914/6882 1653/904/5725 5102/916/5703
f 5068/915/6883 5102/916/5703 1652/376/5701
f 1354/263/5594 7045/917/6884 5066/918/6885
f 4478/262/5593 5068/915/6883 7045/917/6884
f 7045/917/6884 1652/376/5701 5103/919/5697
f 5066/918/6885 5103/919/5697 1650/920/5695
f 1357/335/5644 7046/921/6886 5064/922/6887
f 4471/334/5660 4509/923/6888 7046/921/6886
f 7046/921/6886 1649/924/5677 5104/368/5693
f 5064/922/6887 5104/368/5693 1648/925/5691
f 4474/328/5655 5062/926/6889 1349/329/5656
f 1359/927/5608 7047/928/6890 4474/328/5655
f 5067/929/6879 5105/930/5685 7047/928/6890
f 7047/928/6890 1646/339/5664 5062/926/6889
f 1350/323/5652 7048/931/6891 4509/923/6888
f 4477/322/5651 5066/918/6885 7048/931/6891
f 7048/931/6891 1650/920/5695 5106/355/5680
f 4509/923/6888 5106/355/5680 1649/924/5677
f 4470/316/5645 4507/932/6881 1353/317/5646
f 4470/316/5645 5064/933/6887 7049/934/6892
f 7049/934/6892 1648/366/5691 5107/347/5672
f 4507/932/6881 5107/347/5672 1647/344/5669
f 4473/308/5639 4505/908/6878 1358/309/5640
f 1349/329/5656 7050/935/6893 4473/308/5639
f 5062/926/6889 5108/936/5661 7050/935/6893
f 7050/935/6893 1645/338/5663 4505/908/6878
f 5130/937/6894 4551/938/6895 1418/939/6896
f 1690/606/6512 7051/940/6897 5130/937/6894
f 5133/629/6531 5121/941/6898 7051/940/6897
f 7051/940/6897 1156/942/6899 4551/938/6895
f 5129/943/6900 4554/944/6901 1399/945/6902
f 1689/598/6504 7052/946/6903 5129/943/6900
f 5134/625/6527 4886/947/6904 7052/946/6903
f 7052/946/6903 1420/948/6905 4554/944/6901
f 1398/949/6906 7053/950/6907 4821/951/6908
f 1692/612/6518 7053/950/6907 5132/952/6909
f 5135/621/6523 4893/953/6910 7053/950/6907
f 4821/951/6908 4893/953/6910 1533/954/6911
f 1421/955/6912 7054/956/6913 4557/957/6914
f 1687/615/6493 7054/956/6913 5127/958/6915
f 7054/956/6913 1686/620/6480 4888/959/6916
f 4557/957/6914 4888/959/6916 1397/960/6917
f 5128/961/6918 4713/962/6919 1396/963/6920
f 1688/592/6498 7055/964/6921 5128/961/6918
f 5137/607/6513 5132/952/6909 7055/964/6921
f 4713/962/6919 5132/952/6909 1398/949/6906
f 1533/954/6911 7056/965/6922 4550/966/6923
f 1691/601/6507 7056/965/6922 4893/953/6910
f 5138/600/6506 5130/937/6894 7056/965/6922
f 7056/965/6922 1418/939/6896 4550/966/6923
f 5122/967/6924 4560/968/6925 1425/969/6926
f 1682/564/6471 7057/970/6927 5122/967/6924
f 5139/593/6499 5129/943/6900 7057/970/6927
f 7057/970/6927 1399/945/6902 4560/968/6925
f 1419/971/6928 7058/972/6929 4553/973/6930
f 5125/974/6931 5140/588/6495 7058/972/6929
f 7058/972/6929 1688/592/6498 5128/961/6918
f 4553/973/6930 5128/961/6918 1396/963/6920
f 5123/975/6932 4556/976/6933 1395/977/6934
f 1683/572/6479 7059/978/6935 5123/975/6932
f 5141/581/6488 5127/979/6915 7059/978/6935
f 7059/978/6935 1421/980/6912 4556/976/6933
f 1397/981/6917 7060/982/6936 4552/983/6937
f 4888/984/6916 5142/575/6482 7060/982/6936
f 7060/982/6936 1685/580/6487 5125/974/6931
f 4552/983/6937 5125/974/6931 1419/985/6928
f 4886/947/6904 4555/986/6938 1420/948/6905
f 1684/567/6474 7061/987/6939 4886/947/6904
f 5143/566/6473 5123/975/6932 7061/987/6939
f 7061/987/6939 1395/977/6934 4555/986/6938
f 4456/988/6940 4822/989/6941 1157/990/6942
f 1670/559/5513 7062/991/6943 4456/988/6940
f 5144/558/6467 5122/967/6924 7062/991/6943
f 7062/991/6943 1425/969/6926 4822/989/6941
f 4099/992/6944 5118/993/6945 1187/994/6946
f 1156/995/6899 7063/996/6947 4099/992/6944
f 5121/997/6898 5145/250/5581 7063/996/6947
f 7063/996/6947 1678/222/5557 5118/993/6945
f 4102/998/6948 5117/999/6949 1160/1000/6950
f 1189/1001/6951 7064/1002/6952 4102/998/6948
f 4458/1003/6953 5146/245/5576 7064/1002/6952
f 7064/1002/6952 1677/246/5577 5117/999/6949
f 4391/1004/6954 5120/1005/6955 1159/1006/6956
f 1317/1007/6957 7065/1008/6958 4391/1004/6954
f 4465/1009/6959 5147/241/5572 7065/1008/6958
f 7065/1008/6958 1680/229/5564 5120/1005/6955
f 4105/1010/6960 5115/1011/6961 1190/1012/6962
f 1158/1013/6963 7066/1014/6964 4105/1010/6960
f 4460/1015/6965 5148/233/5568 7066/1014/6964
f 7066/1014/6964 1675/235/5538 5115/1011/6961
f 1155/1016/6966 7067/1017/6967 5116/1018/6968
f 1159/1006/6956 7067/1017/6967 4275/1019/6969
f 5120/1005/6955 5149/227/5562 7067/1017/6967
f 7067/1017/6967 1676/228/5563 5116/1018/6968
f 4098/1020/6970 4465/1009/6959 1317/1007/6957
f 1187/994/6946 7068/1021/6971 4098/1020/6970
f 5118/993/6945 5150/219/5554 7068/1021/6971
f 7068/1021/6971 1679/221/5556 4465/1009/6959
f 1194/1022/6972 7069/1023/6973 5109/1024/6974
f 4108/1025/6975 5117/999/6949 7069/1023/6973
f 7069/1023/6973 1677/246/5577 5151/216/5551
f 5109/1024/6974 5151/216/5551 1669/214/5549
f 4101/1026/6976 5113/1027/6977 1188/1028/6978
f 4101/1026/6976 5116/1018/6968 7070/1029/6979
f 5116/1018/6968 5152/209/5544 7070/1029/6979
f 7070/1029/6979 1673/206/5532 5113/1027/6977
f 4104/1030/6980 5111/1031/6981 1154/1032/6982
f 1190/1033/6962 7071/1034/6983 4104/1030/6980
f 5115/1035/6961 5153/200/5537 7071/1034/6983
f 7071/1034/6983 1671/187/5524 5111/1031/6981
f 4100/1036/6984 4460/1037/6965 1158/1038/6963
f 1188/1039/6978 7072/1040/6985 4100/1036/6984
f 5113/1041/6977 5154/192/5529 7072/1040/6985
f 7072/1040/6985 1674/194/5531 4460/1037/6965
f 4103/1042/6986 4458/1003/6953 1189/1001/6951
f 1154/1032/6982 7073/1043/6987 4103/1042/6986
f 5111/1031/6981 5155/184/5521 7073/1043/6987
f 7073/1043/6987 1672/186/5523 4458/1003/6953
f 1157/990/6942 7074/1044/6988 4456/988/6940
f 4392/1045/6989 5109/1024/6974 7074/1044/6988
f 7074/1044/6988 1669/214/5549 5156/179/5516
f 4456/988/6940 5156/179/5516 1670/176/5513
f 1157/1046/6942 7075/1047/6990 4097/1048/6991
f 4822/1049/6941 5179/1050/6992 7075/1047/6990
f 7075/1047/6990 1715/471/5934 5181/1051/6398
f 4097/1048/6991 5181/1051/6398 1696/482/5433
f 1398/1052/6906 7076/1053/6993 4559/1054/6994
f 1533/1055/6911 7076/1053/6993 4821/951/6908
f 4833/1056/6995 5182/1057/6390 7076/1053/6993
f 4559/1054/6994 5182/1057/6390 1709/1058/6391
f 1425/1059/6926 7077/1060/6996 5179/1050/6992
f 4560/1061/6925 4561/1062/6997 7077/1060/6996
f 7077/1060/6996 1710/1063/5830 5183/1064/5937
f 5179/1050/6992 5183/1064/5937 1715/471/5934
f 1396/1065/6920 7078/1066/6998 4549/1067/6999
f 4713/962/6919 4559/1054/6994 7078/1066/6998
f 4559/1054/6994 5184/1068/5925 7078/1066/6998
f 4549/1067/6999 5184/1068/5925 1707/1069/5869
f 4557/1070/6914 5178/1071/7000 1421/1072/6912
f 1397/960/6917 7079/1073/7001 4557/1070/6914
f 4558/1074/7002 5185/460/5918 7079/1073/7001
f 7079/1073/7001 1714/461/5919 5178/1071/7000
f 1395/1075/6934 7080/1076/7003 4548/1077/7004
f 4556/1078/6933 5178/1079/7000 7080/1076/7003
f 7080/1076/7003 1714/1080/5919 5186/1081/5914
f 4548/1077/7004 5186/1081/5914 1706/1082/5912
f 1418/1083/6896 7081/1084/7005 5177/1085/7006
f 4551/1086/6895 5159/1087/7007 7081/1084/7005
f 7081/1084/7005 1695/1088/4906 5187/1089/5897
f 5177/1085/7006 5187/1089/5897 1713/1090/5895
f 1533/1055/6911 7082/1091/7008 4833/1056/6995
f 4550/1092/6923 5177/1085/7006 7082/1091/7008
f 7082/1091/7008 1713/1090/5895 5188/1093/5891
f 4833/1056/6995 5188/1093/5891 1716/1094/5888
f 4553/973/6930 5176/1095/7009 1419/1096/6928
f 1396/1065/6920 7083/1097/7010 4553/973/6930
f 4549/1067/6999 5189/1098/5868 7083/1097/7010
f 7083/1097/7010 1712/1099/5863 5176/1095/7009
f 4552/983/6937 4558/1100/7002 1397/981/6917
f 1419/985/6928 7084/1101/7011 4552/983/6937
f 5176/1102/7009 5190/426/5860 7084/1101/7011
f 7084/1101/7011 1708/428/5862 4558/1100/7002
f 1420/1103/6905 7085/1104/7012 5175/1105/7013
f 4555/1106/6938 4548/1077/7004 7085/1104/7012
f 7085/1104/7012 1706/1082/5912 5191/1107/5840
f 5175/1105/7013 5191/1107/5840 1711/420/5838
f 1399/1108/6902 7086/1109/7014 4561/1062/6997
f 4554/1110/6901 5175/1105/7013 7086/1109/7014
f 7086/1109/7014 1711/420/5838 5192/1111/5833
f 4561/1062/6997 5192/1111/5833 1710/1063/5830
f 4097/1112/6991 4392/1113/6989 1157/990/6942
f 1696/482/5433 7087/1114/7015 4097/1112/6991
f 5193/1115/5432 5168/1116/7016 7087/1114/7015
f 7087/1114/7015 1194/1022/6972 4392/1113/6989
f 1159/1117/6956 7088/1118/7017 4391/1119/6954
f 4107/1120/7018 5194/1121/5426 7088/1118/7017
f 5194/1121/5426 4403/1122/7019 7088/1118/7017
f 7088/1118/7017 1317/1123/6957 4391/1119/6954
f 5168/1116/7016 4108/1025/6975 1194/1022/6972
f 1704/1124/4945 7089/1125/7020 5168/1116/7016
f 5195/1126/4944 4109/1127/7021 7089/1125/7020
f 7089/1125/7020 1160/1000/6950 4108/1025/6975
f 1155/1016/6966 7090/1128/7022 4275/1129/6969
f 4095/1130/7023 5196/1131/4934 7090/1128/7022
f 5196/1131/4934 4107/1120/7018 7090/1128/7022
f 7090/1128/7022 1159/1117/6956 4275/1129/6969
f 5167/1132/7024 4105/1133/6960 1190/1134/6962
f 1703/75/4925 7091/1135/7025 5167/1132/7024
f 5197/76/4926 4106/1136/7026 7091/1135/7025
f 7091/1135/7025 1158/1013/6963 4105/1133/6960
f 1154/1032/6982 7092/1137/7027 4104/1030/6980
f 4094/1138/7028 5198/71/4921 7092/1137/7027
f 7092/1137/7027 1703/1139/4925 5167/1140/7024
f 4104/1030/6980 5167/1140/7024 1190/1141/6962
f 1187/1142/6946 7093/1143/7029 4099/1144/6944
f 5166/1145/7030 5199/1146/4901 7093/1143/7029
f 5199/1146/4901 5159/1147/7007 7093/1143/7029
f 4099/1144/6944 5159/1147/7007 1156/1148/6899
f 1317/1123/6957 7094/1149/7031 4098/1020/6970
f 4403/1122/7019 5200/1150/4895 7094/1149/7031
f 7094/1149/7031 1702/1151/4900 5166/1145/7030
f 4098/1020/6970 5166/1145/7030 1187/1142/6946
f 1188/1028/6978 7095/1152/7032 4101/1153/6976
f 1701/1154/4872 7095/1152/7032 5165/1155/7033
f 7095/1152/7032 1694/1156/4878 4095/1130/7023
f 4101/1153/6976 4095/1130/7023 1155/1016/6966
f 4106/1157/7026 4100/1158/6984 1158/1038/6963
f 1697/44/4867 7096/1159/7034 4106/1157/7026
f 5202/43/4866 5165/1155/7033 7096/1159/7034
f 7096/1159/7034 1188/1039/6978 4100/1158/6984
f 1189/1001/6951 7097/1160/7035 4103/1161/6986
f 5164/1162/7036 5203/37/4844 7097/1160/7035
f 7097/1160/7035 1693/1163/4848 4094/1138/7028
f 4103/1161/6986 4094/1138/7028 1154/1032/6982
f 1160/1000/6950 7098/1164/7037 4102/1165/6948
f 4109/1127/7021 5204/30/4837 7098/1164/7037
f 7098/1164/7037 1700/1166/4842 5164/1162/7036
f 4102/1165/6948 5164/1162/7036 1189/1001/6951
f 1508/1/6078 7099/2/7038 4748/3/5946
f 4747/4/6077 4358/3/7039 7099/2/7038
f 7099/2/7038 1728/1/5512 5229/4/6466
f 4748/3/5946 5229/4/6466 1739/1/5947
f 1488/7/5900 7100/5/7040 4664/5/5893
f 5223/6/7041 5230/6/6396 7100/5/7040
f 7100/5/7040 1740/5/5874 5228/6/7042
f 4664/5/5893 5228/6/7042 1536/7/5894
f 5224/6/7043 4656/5/5836 1486/7/5835
f 1736/5/5859 7101/5/7044 5224/6/7043
f 5231/6/6355 4571/6/7045 7101/5/7044
f 7101/5/7044 1426/7/5837 4656/5/5836
f 4571/6/7045 4671/5/5938 1426/7/5837
f 1730/5/5942 7102/5/7046 4571/6/7045
f 5232/6/5941 5227/6/6465 7102/5/7046
f 7102/5/7046 1490/7/5939 4671/5/5938
f 1423/7/6394 7103/5/7047 4712/5/5928
f 4576/6/7048 5233/6/5931 7103/5/7047
f 7103/5/7047 1731/5/5882 4573/6/7049
f 4712/5/5928 4573/6/7049 1417/7/5929
f 1422/7/5867 7104/5/7050 4666/5/5921
f 5221/6/7051 5234/6/5923 7104/5/7050
f 5234/6/5923 5225/6/7052 7104/5/7050
f 4666/5/5921 5225/6/7052 1489/7/5916
f 5208/6/7053 4662/5/5899 1185/7/5898
f 1720/5/4913 7105/5/7054 5208/6/7053
f 7105/5/7054 1735/5/5911 5223/6/7041
f 4662/5/5899 5223/6/7041 1488/7/5900
f 5225/6/7052 4668/5/5917 1489/7/5916
f 1737/5/5903 7106/5/7055 5225/6/7052
f 5236/6/5902 5222/6/7056 7106/5/7055
f 7106/5/7055 1416/7/5842 4668/5/5917
f 1417/7/5929 7107/5/7057 4658/5/5872
f 4573/6/7049 5237/6/5884 7107/5/7057
f 7107/5/7057 1738/5/5844 5226/6/7058
f 4658/5/5872 5226/6/7058 1487/7/5873
f 1536/7/5894 7108/5/7059 4825/5/6393
f 5228/6/7042 5238/6/5876 7108/5/7059
f 7108/5/7059 1732/5/5881 4576/6/7048
f 4825/5/6393 4576/6/7048 1423/7/6394
f 5222/6/7056 4654/5/5843 1416/7/5842
f 1734/5/5854 7109/5/7060 5222/6/7056
f 5239/6/5853 5224/6/7043 7109/5/7060
f 7109/5/7060 1486/7/5835 4654/5/5843
f 1487/7/5873 7110/5/7061 4660/5/5866
f 5226/6/7058 5240/6/5846 7110/5/7061
f 7110/5/7061 1733/5/5851 5221/6/7051
f 4660/5/5866 5221/6/7051 1422/7/5867
f 4312/4/4954 4311/3/5095 1287/1/5093
f 1727/1/4952 7111/2/7062 4312/4/4954
f 5241/3/5508 4358/4/7039 7111/2/7062
f 7111/2/7062 1209/1/6076 4311/3/5095
f 1267/7/4902 7112/5/7063 5211/6/7064
f 1320/7/4896 7112/5/7063 4226/5/4898
f 5217/6/7065 5242/6/5430 7112/5/7063
f 5211/6/7064 5242/6/5430 1723/5/5428
f 4218/5/4839 5212/6/7066 1265/7/4840
f 1195/7/7067 7113/5/7068 4218/5/4839
f 4119/6/7069 5243/6/5383 7113/5/7068
f 7113/5/7068 1724/5/4860 5212/6/7066
f 1195/7/7067 7114/5/7070 4119/6/7069
f 4233/5/4948 5215/6/5507 7114/5/7070
f 5215/6/5507 5244/6/4949 7114/5/7070
f 4119/6/7069 5244/6/4949 1717/5/4951
f 1192/7/7071 7115/5/7072 4126/6/7073
f 4274/5/4936 4123/6/7074 7115/5/7072
f 7115/5/7072 1718/5/4887 5245/6/4941
f 4126/6/7073 5245/6/4941 1719/5/4939
f 1191/7/4868 7116/5/7075 5209/6/7076
f 4228/5/4928 5213/6/7077 7116/5/7075
f 7116/5/7075 1725/5/4907 5246/6/4931
f 5209/6/7076 5246/6/4931 1721/5/4929
f 1185/7/5898 7117/5/7078 5208/6/7053
f 4224/5/4904 5211/6/7064 7117/5/7078
f 7117/5/7078 1723/5/5428 5247/6/4916
f 5208/6/7053 5247/6/4916 1720/5/4913
f 1268/7/4923 7118/5/7079 5213/6/7077
f 1183/7/4846 7118/5/7079 4230/5/4922
f 5210/6/7080 5248/6/4910 7118/5/7079
f 5213/6/7077 5248/6/4910 1725/5/4907
f 1184/7/4935 7119/5/7081 4123/6/7074
f 4220/5/4876 5214/6/7082 7119/5/7081
f 7119/5/7081 1726/5/4849 5249/6/4890
f 4123/6/7074 5249/6/4890 1718/5/4887
f 1320/7/4896 7120/5/7083 5217/6/7065
f 4395/5/5427 4126/6/7073 7120/5/7083
f 7120/5/7083 1719/5/4939 5250/6/4882
f 5217/6/7065 5250/6/4882 1729/5/4879
f 4216/5/4845 5210/6/7080 1183/7/4846
f 1265/7/4840 7121/5/7084 4216/5/4845
f 5212/6/7066 5251/6/4857 7121/5/7084
f 7121/5/7084 1722/5/4859 5210/6/7080
f 1266/7/4874 7122/5/7085 5214/6/7082
f 4222/5/4870 5209/6/7076 7122/5/7085
f 7122/5/7085 1721/5/4929 5252/6/4852
f 5214/6/7082 5252/6/4852 1726/5/4849
f 20/1/8 7123/2/7086 5267/3/123
f 18/1/7087 7123/2/7086 1878/4/7
f 7123/2/7086 1754/1/147 5268/4/219
f 5267/3/123 5268/4/219 1755/1/124
f 1891/6/7088 1897/5/7089 22/7/7090
f 1750/5/116 7124/5/7091 1891/6/7088
f 5269/6/180 5253/6/7092 7124/5/7091
f 7124/5/7091 28/7/7093 1897/5/7089
f 23/7/7094 7125/5/7095 1898/5/7096
f 1892/6/7097 5270/6/176 7125/5/7095
f 7125/5/7095 1742/5/111 5254/6/7098
f 1898/5/7096 5254/6/7098 29/7/7099
f 24/7/7100 7126/5/7101 1900/5/7102
f 1893/6/7103 5271/6/173 7126/5/7101
f 7126/5/7101 1744/5/162 5256/6/7104
f 1900/5/7102 5256/6/7104 31/7/7105
f 25/7/7106 7127/5/7107 1901/5/7108
f 1894/6/7109 5272/6/169 7127/5/7107
f 7127/5/7107 1745/5/102 5257/6/7110
f 1901/5/7108 5257/6/7110 32/7/7111
f 31/7/7105 7128/5/7112 1902/5/7113
f 5256/6/7104 5273/6/164 7128/5/7112
f 7128/5/7112 1746/5/140 5258/6/7114
f 1902/5/7113 5258/6/7114 33/7/7115
f 5255/6/7116 1903/5/7117 30/7/7118
f 1743/5/24 7129/5/7119 5255/6/7116
f 5274/6/160 5259/6/7120 7129/5/7119
f 7129/5/7119 34/7/7121 1903/5/7117
f 5259/6/7120 1904/5/7122 34/7/7121
f 1747/5/153 7130/5/7123 5259/6/7120
f 5275/6/152 1893/6/7103 7130/5/7123
f 7130/5/7123 24/7/7100 1904/5/7122
f 1895/6/220 1905/5/7124 26/7/221
f 1754/5/147 7131/5/7125 1895/6/220
f 5276/6/146 1890/6/7126 7131/5/7125
f 7131/5/7125 21/7/7127 1905/5/7124
f 33/7/7115 7132/5/7128 1906/5/7129
f 5258/6/7114 5277/6/142 7132/5/7128
f 7132/5/7128 1748/5/134 5260/6/7130
f 1906/5/7129 5260/6/7130 35/7/7131
f 35/7/7131 7133/5/7132 1907/5/7133
f 1748/5/134 7133/5/7132 5260/6/7130
f 7133/5/7132 1753/5/139 1894/6/7109
f 1907/5/7133 1894/6/7109 25/7/7106
f 5253/6/7092 1909/5/7134 28/7/7093
f 1741/5/119 7134/5/7135 5253/6/7092
f 5279/6/118 1896/6/218 7134/5/7135
f 7134/5/7135 27/7/223 1909/5/7134
f 29/7/7099 7135/5/7136 1910/5/7137
f 1742/5/111 7135/5/7136 5254/6/7098
f 5280/6/110 1891/6/7088 7135/5/7136
f 7135/5/7136 22/7/7090 1910/5/7137
f 32/7/7111 7136/5/7138 1911/5/7139
f 5257/6/7110 5281/6/104 7136/5/7138
f 7136/5/7138 1751/5/108 1892/6/7097
f 1911/5/7139 1892/6/7097 23/7/7094
f 1890/6/7126 1899/5/7140 21/7/7127
f 1749/5/19 7137/5/7141 1890/6/7126
f 5282/6/18 5255/6/7116 7137/5/7141
f 7137/5/7141 30/7/7118 1899/5/7140
f 1862/4/7142 1888/3/183 8/1/181
f 1757/1/209 7138/2/7143 1862/4/7142
f 5298/3/270 5290/4/7144 7138/2/7143
f 7138/2/7143 7/1/120 1888/3/183
f 1864/4/7145 1887/3/179 10/1/177
f 1758/1/202 7139/2/7146 1864/4/7145
f 5299/3/267 5291/4/7147 7139/2/7146
f 7139/2/7146 9/1/112 1887/3/179
f 1867/4/7148 1886/3/174 13/1/7149
f 1867/4/7148 5300/3/264 7140/2/7150
f 7140/2/7150 1766/1/253 5293/4/7151
f 1886/3/174 5293/4/7151 12/1/175
f 1869/4/7152 1885/3/7153 15/1/170
f 1869/4/7152 5301/3/260 7141/2/7154
f 7141/2/7154 1767/1/195 5294/4/7155
f 1885/3/7153 5294/4/7155 14/1/171
f 12/1/175 7142/2/7156 1884/3/166
f 5293/4/7151 5302/3/255 7142/2/7156
f 7142/2/7156 1768/1/234 5295/4/7157
f 1884/3/166 5295/4/7157 16/1/167
f 11/1/22 7143/2/7158 1883/3/161
f 5292/4/7159 5303/3/249 7143/2/7158
f 5303/3/249 5296/4/7160 7143/2/7158
f 7143/2/7158 17/1/154 1883/3/161
f 5296/4/7160 1882/3/156 17/1/154
f 1769/1/243 7144/2/7161 5296/4/7160
f 5304/3/242 1867/4/7148 7144/2/7161
f 7144/2/7161 13/1/7149 1882/3/156
f 18/1/7087 7145/2/7162 1881/3/148
f 1872/4/6 5305/3/238 7145/2/7162
f 7145/2/7162 1756/1/186 1860/4/7163
f 1881/3/148 1860/4/7163 6/1/150
f 16/1/167 7146/2/7164 1880/3/144
f 5295/4/7157 5306/3/233 7146/2/7164
f 5306/3/233 5297/4/7165 7146/2/7164
f 7146/2/7164 19/1/135 1880/3/144
f 5297/4/7165 1879/3/137 19/1/135
f 1770/1/226 7147/2/7166 5297/4/7165
f 5307/3/225 1869/4/7152 7147/2/7166
f 7147/2/7166 15/1/170 1879/3/137
f 5290/4/7144 1877/3/122 7/1/120
f 1763/1/212 7148/2/7167 5290/4/7144
f 5308/3/211 1874/4/3 7148/2/7167
f 7148/2/7167 20/1/8 1877/3/122
f 5291/4/7147 1876/3/114 9/1/112
f 1764/1/205 7149/2/7168 5291/4/7147
f 5309/3/204 1862/4/7142 7149/2/7168
f 7149/2/7168 8/1/181 1876/3/114
f 14/1/171 7150/2/7169 1875/3/106
f 5294/4/7155 5310/3/197 7150/2/7169
f 5310/3/197 1864/4/7145 7150/2/7169
f 7150/2/7169 10/1/177 1875/3/106
f 6/1/150 7151/2/7170 1889/3/20
f 1860/4/7163 5311/3/185 7151/2/7170
f 7151/2/7170 1765/1/191 5292/4/7159
f 1889/3/20 5292/4/7159 11/1/22
f 50/1/131 7152/2/7171 5289/3/216
f 1930/4/130 5288/3/237 7152/2/7171
f 7152/2/7171 1761/1/4 5312/4/5
f 5289/3/216 5312/4/5 1762/1/1
f 284/1/7172 7153/2/7173 2397/3/1159
f 5327/4/1276 5328/3/1374 7153/2/7173
f 7153/2/7173 1784/1/1301 5326/4/1300
f 7153/2/7173 282/1/1304 2397/3/1159
f 2416/5/7174 2410/6/7175 286/7/7176
f 292/7/7177 7154/5/7178 2416/5/7174
f 5313/6/7179 5329/6/1336 7154/5/7178
f 7154/5/7178 1780/5/1266 2410/6/7175
f 287/7/7180 7155/5/7181 2411/6/7182
f 2417/5/7183 5314/6/7184 7155/5/7181
f 7155/5/7181 1772/5/1265 5330/6/1331
f 2411/6/7182 5330/6/1331 1781/5/1332
f 288/7/7185 7156/5/7186 2412/6/7187
f 2419/5/7188 5316/6/7189 7156/5/7186
f 7156/5/7186 1774/5/1317 5331/6/1328
f 2412/6/7187 5331/6/1328 1782/5/1308
f 289/7/7190 7157/5/7191 2413/6/7192
f 2420/5/7193 5317/6/7194 7157/5/7191
f 7157/5/7191 1775/5/1256 5332/6/1324
f 2413/6/7192 5332/6/1324 1783/5/1288
f 295/7/7195 7158/5/7196 5316/6/7189
f 2421/5/7197 5318/6/7198 7158/5/7196
f 7158/5/7196 1776/5/1293 5333/6/1320
f 5316/6/7189 5333/6/1320 1774/5/1317
f 2422/5/7199 5315/6/7200 294/7/7201
f 298/7/7202 7159/5/7203 2422/5/7199
f 5319/6/7204 5334/6/1315 7159/5/7203
f 7159/5/7203 1773/5/1313 5315/6/7200
f 2423/5/7205 5319/6/7204 298/7/7202
f 288/7/7185 7160/5/7206 2423/5/7205
f 2412/6/7187 5335/6/1305 7160/5/7206
f 7160/5/7206 1777/5/1307 5319/6/7204
f 2424/5/7207 2414/6/1378 290/7/1377
f 285/7/7208 7161/5/7209 2424/5/7207
f 2409/6/7210 5336/6/1299 7161/5/7209
f 7161/5/7209 1784/5/1301 2414/6/1378
f 297/7/7211 7162/5/7212 5318/6/7198
f 2425/5/7213 5320/6/7214 7162/5/7212
f 7162/5/7212 1778/5/1287 5337/6/1296
f 5318/6/7198 5337/6/1296 1776/5/1293
f 299/7/7215 7163/5/7216 5320/6/7214
f 2426/5/7217 2413/6/7192 7163/5/7216
f 7163/5/7216 1783/5/1288 5338/6/1285
f 7163/5/7216 1778/5/1287 5320/6/7214
f 2428/5/7218 5313/6/7179 292/7/7177
f 291/7/7219 7164/5/7220 2428/5/7218
f 2415/6/1375 5339/6/1271 7164/5/7220
f 7164/5/7220 1771/5/1273 5313/6/7179
f 293/7/7221 7165/5/7222 5314/6/7184
f 286/7/7176 7165/5/7222 2429/5/7223
f 2410/6/7175 5340/6/1263 7165/5/7222
f 7165/5/7222 1772/5/1265 5314/6/7184
f 296/7/7224 7166/5/7225 5317/6/7194
f 2430/5/7226 2411/6/7182 7166/5/7225
f 7166/5/7225 1781/5/1332 5341/6/1259
f 5317/6/7194 5341/6/1259 1775/5/1256
f 2418/5/7227 2409/6/7210 285/7/7208
f 294/7/7201 7167/5/7228 2418/5/7227
f 5315/6/7200 5342/6/1170 7167/5/7228
f 7167/5/7228 1779/5/1172 2409/6/7210
f 2407/4/1338 2381/3/7229 272/1/1339
f 271/1/1278 7168/2/7230 2407/4/1338
f 5350/3/7231 5358/4/1428 7168/2/7230
f 7168/2/7230 1787/1/1361 2381/3/7229
f 2406/4/1334 2383/3/7232 274/1/1335
f 273/1/1270 7169/2/7233 2406/4/1334
f 5351/3/7234 5359/4/1424 7169/2/7233
f 7169/2/7233 1788/1/1425 2383/3/7232
f 2405/4/1329 2386/3/7235 277/1/1330
f 2405/4/1329 5353/3/7236 7170/2/7237
f 7170/2/7237 1796/1/1410 5360/4/1421
f 2386/3/7235 5360/4/1421 1789/1/1400
f 2404/4/1325 2388/3/7238 279/1/1326
f 2404/4/1325 5354/3/7239 7171/2/7240
f 7171/2/7240 1797/1/1350 5361/4/1418
f 2388/3/7238 5361/4/1418 1790/1/1382
f 276/1/1322 7172/2/7241 5353/3/7236
f 2403/4/1321 5355/3/7242 7172/2/7241
f 7172/2/7241 1798/1/1389 5362/4/1413
f 5353/3/7236 5362/4/1413 1796/1/1410
f 275/1/1175 7173/2/7243 5352/3/7244
f 281/1/1312 7173/2/7243 2402/4/1316
f 5356/3/7245 5363/4/1405 7173/2/7243
f 5352/3/7244 5363/4/1405 1795/1/1406
f 2401/4/1311 5356/3/7245 281/1/1312
f 277/1/1330 7174/2/7246 2401/4/1311
f 2386/3/7235 5364/4/1397 7174/2/7246
f 7174/2/7246 1799/1/1399 5356/3/7245
f 282/1/1304 7175/2/7247 2391/3/1160
f 2400/4/1303 2379/3/7248 7175/2/7247
f 7175/2/7247 1786/1/1342 5365/4/1393
f 2391/3/1160 5365/4/1393 1791/1/1161
f 280/1/1298 7176/2/7249 5355/3/7242
f 283/1/1292 7176/2/7249 2399/4/1297
f 5357/3/7250 5366/4/1387 7176/2/7249
f 5355/3/7242 5366/4/1387 1798/1/1389
f 2398/4/1291 5357/3/7250 283/1/1292
f 279/1/1326 7177/2/7251 2398/4/1291
f 2388/3/7238 5367/4/1379 7177/2/7251
f 7177/2/7251 1800/1/1381 5357/3/7250
f 2396/4/1277 5350/3/7231 271/1/1278
f 284/1/7172 7178/2/7252 2396/4/1277
f 2393/3/1158 5368/4/1366 7178/2/7252
f 7178/2/7252 1793/1/1368 5350/3/7231
f 2395/4/1269 5351/3/7234 273/1/1270
f 272/1/1339 7179/2/7253 2395/4/1269
f 2381/3/7229 5369/4/1358 7179/2/7253
f 7179/2/7253 1794/1/1360 5351/3/7234
f 278/1/1262 7180/2/7254 5354/3/7239
f 274/1/1335 7180/2/7254 2394/4/1261
f 2383/3/7232 5370/4/1353 7180/2/7254
f 5354/3/7239 5370/4/1353 1797/1/1350
f 270/1/1177 7181/2/7255 2379/3/7248
f 2408/4/1176 5352/3/7244 7181/2/7255
f 7181/2/7255 1795/1/1406 5371/4/1340
f 2379/3/7248 5371/4/1340 1786/1/1342
f 314/1/1441 7182/2/7256 2449/3/1282
f 5349/4/1370 5372/3/1157 7182/2/7256
f 7182/2/7256 1791/1/1161 5348/4/1394
f 2449/3/1282 5348/4/1394 313/1/1283
f 3532/5/7257 3527/6/7258 872/7/7259
f 3532/5/7257 5373/6/7260 7183/5/7261
f 7183/5/7261 1801/5/7262 5397/6/7263
f 7183/5/7261 1816/5/7264 3527/6/7258
f 1816/1/7264 7184/1167/7265 5388/3/7266
f 5397/4/7263 5374/3/7267 7184/1167/7265
f 7184/1167/7265 1802/1/3647 5398/24/3659
f 5388/3/7266 5398/24/3659 1815/11/3657
f 873/7/7268 7185/5/7269 3528/6/7270
f 3533/5/7271 5375/6/7272 7185/5/7269
f 7185/5/7269 1803/5/7273 5399/6/7274
f 3528/6/7270 5399/6/7274 1818/5/7275
f 5399/4/7274 5390/3/7276 1818/1/7275
f 1803/1/7273 7186/5/7277 5399/4/7274
f 5376/3/7278 5400/4/3653 7186/5/7277
f 7186/5/7277 1817/1/3636 5390/3/7276
f 865/7/7279 7187/5/7280 5373/6/7260
f 867/7/7281 7187/5/7280 3534/5/7282
f 7187/5/7280 1805/5/7283 5401/6/7284
f 5373/6/7260 5401/6/7284 1801/5/7262
f 1801/1/7262 7188/1167/7285 5374/3/7267
f 5401/4/7284 5378/3/7286 7188/1167/7285
f 7188/1167/7285 1806/1/3635 5402/4/3650
f 5374/3/7267 5402/4/3650 1802/1/3647
f 866/7/7287 7189/5/7288 5375/6/7272
f 3535/5/7289 5379/6/7290 7189/5/7288
f 7189/5/7288 1807/5/7291 5403/6/7292
f 5375/6/7272 5403/6/7292 1803/5/7273
f 5403/4/7292 5376/3/7278 1803/1/7273
f 1807/1/7291 7190/5/7293 5403/4/7292
f 7190/5/7293 1808/1/3622 5404/4/3641
f 7190/5/7293 1804/1/3643 5376/3/7278
f 3536/5/7294 5377/6/7295 867/7/7281
f 873/7/7268 7191/5/7296 3536/5/7294
f 3528/6/7270 5405/6/7297 7191/5/7296
f 7191/5/7296 1805/5/7283 5377/6/7295
f 5405/4/7297 5378/3/7286 1805/1/7283
f 1818/1/7275 7192/1167/7298 5405/4/7297
f 5390/3/7276 5406/22/3633 7192/1167/7298
f 7192/1167/7298 1806/1/3635 5378/3/7286
f 3537/5/7299 3529/6/7300 874/7/7301
f 872/7/7259 7193/5/7302 3537/5/7299
f 3527/6/7258 5407/6/7303 7193/5/7302
f 7193/5/7302 1820/5/7304 3529/6/7300
f 5407/4/7303 5392/3/7305 1820/1/7304
f 5407/4/7303 5388/3/7266 7194/3/7306
f 5388/3/7266 5408/24/3628 7194/3/7306
f 7194/3/7306 1819/1/3617 5392/3/7305
f 868/7/7307 7195/6/7308 5379/6/7290
f 3538/5/7309 5381/1/7310 7195/6/7308
f 7195/6/7308 1809/7/7311 5409/6/7312
f 5379/6/7290 5409/6/7312 1807/5/7291
f 1807/5/7291 7196/1/7313 5380/6/7314
f 5409/6/7312 5382/6/7315 7196/1/7313
f 7196/1/7313 1810/19/3604 5410/10/3625
f 5380/6/7314 5410/10/3625 1808/1/3622
f 3539/5/7316 3530/6/7317 875/7/7318
f 874/7/7301 7197/5/7319 3539/5/7316
f 3529/6/7300 5411/6/7320 7197/5/7319
f 7197/5/7319 1822/5/7321 3530/6/7317
f 5411/4/7320 5394/3/7322 1822/1/7321
f 1820/1/7304 7198/5/7323 5411/4/7320
f 5392/3/7305 5412/4/3616 7198/5/7323
f 7198/5/7323 1821/1/3611 5394/3/7322
f 3540/5/7324 3531/5/7325 876/7/7326
f 875/7/7318 7199/5/7327 3540/5/7324
f 3530/6/7317 5413/6/7328 7199/5/7327
f 7199/5/7327 1824/7/7329 3531/5/7325
f 5413/6/7328 5396/5/7330 1824/7/7329
f 1822/5/7321 7200/5/7331 5413/6/7328
f 5394/6/7322 5414/6/3610 7200/5/7331
f 7200/5/7331 1823/7/3593 5396/5/7330
f 869/7/7332 7201/11/7333 5381/1/7310
f 3541/5/7334 5383/5/7335 7201/11/7333
f 7201/11/7333 1811/1/7336 5415/5/7337
f 5381/1/7310 5415/5/7337 1809/7/7311
f 1809/5/7311 7202/1/7338 5382/6/7315
f 5415/5/7337 5384/5/7339 7202/1/7338
f 7202/1/7338 1812/5/3598 5416/6/3607
f 5382/6/7315 5416/6/3607 1810/7/3604
f 870/7/7340 7203/3/7341 5383/5/7335
f 3542/5/7342 5385/1/7343 7203/3/7341
f 7203/3/7341 1813/1168/7344 5417/1/7345
f 5383/5/7335 5417/1/7345 1811/1/7336
f 1811/1/7336 7204/1/7346 5384/5/7339
f 5417/1/7345 5386/6/7347 7204/1/7346
f 7204/1/7346 1814/20/3592 5418/1/3601
f 5384/5/7339 5418/1/3601 1812/7/3598
f 3543/5/7348 5385/1/7343 871/7/7349
f 876/7/7326 7205/11/7350 3543/5/7348
f 3531/5/7325 5419/5/7351 7205/11/7350
f 7205/11/7350 1813/1168/7344 5385/1/7343
f 5419/5/7351 5386/6/7347 1813/8/7344
f 1824/5/7329 7206/1/7352 5419/5/7351
f 5396/5/7330 5420/5/3590 7206/1/7352
f 7206/1/7352 1814/6/3592 5386/6/7347
f 3505/3/3660 3618/3/7353 842/1/3661
f 841/1/3652 7207/2/7354 3505/3/3660
f 5425/3/7355 5433/4/3730 7207/2/7354
f 7207/2/7354 1831/1/3701 3618/3/7353
f 3504/4/3655 3524/3/7356 844/1/3656
f 3504/4/3655 5431/3/7357 7208/2/7358
f 7208/2/7358 1835/1/3714 5434/4/3726
f 3524/3/7356 5434/4/3726 1826/1/3709
f 3503/4/3651 5425/3/7355 841/1/3652
f 845/1/3640 7209/2/7359 3503/4/3651
f 5426/3/7360 5435/4/3720 7209/2/7359
f 7209/2/7359 1829/1/3722 5425/3/7355
f 3502/4/3645 5431/3/7357 843/1/3646
f 3502/4/3645 5421/3/7361 7210/2/7362
f 7210/2/7362 1825/1/3694 5436/4/3717
f 5431/3/7357 5436/4/3717 1835/1/3714
f 3501/4/3639 5426/3/7360 845/1/3640
f 844/1/3656 7211/2/7363 3501/4/3639
f 3524/3/7356 5437/4/3706 7211/2/7363
f 7211/2/7363 1830/1/3708 5426/3/7360
f 3500/3/3631 3619/3/7364 847/1/3632
f 842/1/3661 7212/2/7365 3500/3/3631
f 3618/3/7353 5438/4/3700 7212/2/7365
f 7212/2/7365 1832/1/3689 3619/3/7364
f 846/1/3627 7213/2/7366 5421/3/7361
f 3499/11/3626 5432/3/7367 7213/2/7366
f 7213/2/7366 1836/1/3676 5439/4/3697
f 5421/3/7361 5439/4/3697 1825/1/3694
f 3498/4/3620 3620/3/7368 849/1/3621
f 847/1/3632 7214/2/7369 3498/4/3620
f 3619/3/7364 5440/4/3688 7214/2/7369
f 7214/2/7369 1833/1/3684 3620/3/7368
f 3497/4/3614 3621/3/7370 850/1/3615
f 849/1/3621 7215/2/7371 3497/4/3614
f 3620/3/7368 5441/4/3682 7215/2/7371
f 7215/2/7371 1834/1/3683 3621/3/7370
f 848/1/3609 7216/2/7372 5432/3/7367
f 3496/11/3608 5423/3/7373 7216/2/7372
f 7216/2/7372 1827/1/3670 5442/4/3679
f 5432/3/7367 5442/4/3679 1836/1/3676
f 851/1/3603 7217/2/7374 5423/3/7373
f 3495/4/3602 5424/3/7375 7217/2/7374
f 7217/2/7374 1828/1/3662 5443/4/3673
f 5423/3/7373 5443/4/3673 1827/1/3670
f 3494/4/3596 5424/3/7375 852/1/3597
f 850/1/3615 7218/2/7376 3494/4/3596
f 3621/3/7370 5444/4/3665 7218/2/7376
f 7218/2/7376 1828/1/3662 5424/3/7375
f 1762/1/1 5312/4/5 5445/2/2
f 1761/1/4 1872/3/6 5445/2/2
f 1872/3/6 18/1/7087 1878/4/7
f 1874/3/3 5445/2/2 1878/4/7
f 2/1/9 1844/4/13 5446/2/10
f 149/1/12 1854/3/14 5446/2/10
f 1854/3/14 53/1/63 1973/4/15
f 5446/2/10 1973/4/15 59/1/16
f 5261/4/17 5447/2/21 5282/3/18
f 5261/4/17 6/1/150 1889/3/20
f 5447/2/21 1889/3/20 11/1/22
f 5282/3/18 5447/2/21 1865/4/23
f 1952/4/25 5448/2/29 1972/3/26
f 136/1/28 1838/3/30 5448/2/29
f 1838/3/30 137/1/90 1852/4/31
f 5448/2/29 1852/4/31 51/1/32
f 61/1/33 1953/4/36 5449/2/34
f 1953/4/36 139/1/101 1851/3/37
f 5449/2/34 1851/3/37 135/1/38
f 1971/3/35 5449/2/34 1853/4/39
f 1954/4/41 5450/2/45 1969/3/42
f 146/1/44 1839/3/46 5450/2/45
f 1839/3/46 145/1/58 1855/4/47
f 5450/2/45 1855/4/47 54/1/48
f 63/1/49 1955/4/52 5451/2/50
f 1955/4/52 3/1/88 1845/3/53
f 5451/2/50 1845/3/53 5/1/54
f 1968/3/51 5451/2/50 1856/4/55
f 1855/4/47 5452/2/59 1967/3/57
f 145/1/58 1840/3/60 5452/2/59
f 1840/3/60 147/1/80 1857/4/61
f 5452/2/59 1857/4/61 56/1/62
f 53/1/63 1854/4/14 5453/2/64
f 1854/4/14 149/1/12 1846/3/66
f 5453/2/64 1846/3/66 148/1/67
f 1966/3/65 5453/2/64 1858/4/68
f 57/1/69 1858/4/68 5454/2/70
f 1858/4/68 148/1/67 1841/3/72
f 1841/3/72 146/1/44 1954/4/41
f 5454/2/70 1954/4/41 62/1/43
f 1956/4/73 5455/2/77 1964/3/74
f 1/1/76 1847/3/78 5455/2/77
f 1847/3/78 2/1/9 1951/4/11
f 1964/3/74 5455/2/77 1951/4/11
f 1857/4/61 5456/2/81 1963/3/79
f 147/1/80 1842/3/632 5456/2/81
f 5456/2/81 1842/3/632 4/1/82
f 1963/3/79 5456/2/81 1859/4/83
f 58/1/84 1859/4/83 5457/2/85
f 1859/4/83 4/1/82 1848/3/87
f 5457/2/85 1848/3/87 3/1/88
f 1962/3/86 5457/2/85 1955/4/52
f 1852/4/31 5458/2/91 1960/3/89
f 137/1/90 1843/3/92 5458/2/91
f 1843/3/92 138/1/192 1957/4/93
f 5458/2/91 1957/4/93 65/1/94
f 52/1/40 1853/4/39 5459/2/95
f 1853/4/39 135/1/38 1837/3/97
f 5459/2/95 1837/3/97 136/1/28
f 1959/3/96 5459/2/95 1952/4/25
f 55/1/56 1856/4/55 5460/2/98
f 1856/4/55 5/1/54 1850/3/100
f 5460/2/98 1850/3/100 139/1/101
f 1958/3/99 5460/2/98 1953/4/36
f 1745/1/102 1868/4/105 5461/2/103
f 1868/4/105 14/1/171 1875/3/106
f 1875/3/106 10/1/177 5263/4/107
f 5281/3/104 5461/2/103 5263/4/107
f 1863/4/109 5462/2/113 5280/3/110
f 9/1/112 1876/3/114 5462/2/113
f 1876/3/114 8/1/181 5262/4/115
f 5462/2/113 5262/4/115 1750/1/116
f 1861/4/117 5463/2/121 5279/3/118
f 7/1/120 1877/3/122 5463/2/121
f 1877/3/122 20/1/8 5267/4/123
f 5463/2/121 5267/4/123 1755/1/124
f 65/1/94 1961/4/127 5464/2/125
f 1961/4/127 64/1/75 1925/3/128
f 5464/2/125 1925/3/128 49/1/129
f 1926/3/126 5464/2/125 1930/4/130
f 1873/4/132 5465/2/136 5278/3/133
f 19/1/135 1879/3/137 5465/2/136
f 1879/3/137 15/1/170 5265/4/138
f 5465/2/136 5265/4/138 1753/1/139
f 1746/1/140 1870/4/143 5466/2/141
f 1870/4/143 16/1/167 1880/3/144
f 1880/3/144 19/1/135 1873/4/132
f 5466/2/141 1873/4/132 1748/1/134
f 5266/4/145 5467/2/149 5276/3/146
f 5266/4/145 18/1/7087 1881/3/148
f 5467/2/149 1881/3/148 6/1/150
f 5467/2/149 5261/4/17 1749/1/19
f 1871/4/151 5468/2/155 5275/3/152
f 17/1/154 1882/3/156 5468/2/155
f 1882/3/156 13/1/7149 5264/4/157
f 5468/2/155 5264/4/157 1752/1/158
f 1743/1/24 1865/4/23 5469/2/159
f 1865/4/23 11/1/22 1883/3/161
f 1883/3/161 17/1/154 1871/4/151
f 5469/2/159 1871/4/151 1747/1/153
f 1744/1/162 1866/4/165 5470/2/163
f 1866/4/165 12/1/175 1884/3/166
f 5470/2/163 1884/3/166 16/1/167
f 5273/3/164 5470/2/163 1870/4/143
f 1753/1/139 5265/4/138 5471/2/168
f 15/1/170 1885/3/7153 5471/2/168
f 5471/2/168 1885/3/7153 14/1/171
f 5272/3/169 5471/2/168 1868/4/105
f 1752/1/158 5264/4/157 5472/2/172
f 5264/4/157 13/1/7149 1886/3/174
f 5472/2/172 1886/3/174 12/1/175
f 5271/3/173 5472/2/172 1866/4/165
f 5263/4/107 5473/2/178 5270/3/176
f 10/1/177 1887/3/179 5473/2/178
f 1887/3/179 9/1/112 1863/4/109
f 5473/2/178 1863/4/109 1742/1/111
f 5262/4/115 5474/2/182 5269/3/180
f 8/1/181 1888/3/183 5474/2/182
f 1888/3/183 7/1/120 1861/4/117
f 5474/2/182 1861/4/117 1741/1/119
f 5283/4/184 5475/2/188 5311/3/185
f 44/1/187 1941/3/189 5475/2/188
f 1941/3/189 38/1/250 1914/4/190
f 5311/3/185 5475/2/188 1914/4/190
f 1957/4/93 5476/2/193 1961/3/127
f 138/1/192 1849/3/194 5476/2/193
f 1849/3/194 1/1/76 1956/4/73
f 5476/2/193 1956/4/73 64/1/75
f 1767/1/195 1916/4/198 5477/2/196
f 1916/4/198 40/1/262 1927/3/199
f 5477/2/196 1927/3/199 46/1/200
f 5310/3/197 5477/2/196 5285/4/201
f 1913/4/203 5478/2/207 5309/3/204
f 1913/4/203 37/1/280 1928/3/206
f 1928/3/206 45/1/271 5284/4/208
f 5478/2/207 5284/4/208 1757/1/209
f 1912/4/210 5479/2/214 5308/3/211
f 36/1/213 1929/3/215 5479/2/214
f 1929/3/215 50/1/131 5289/4/216
f 5479/2/214 5289/4/216 1762/1/1
f 1755/5/124 5268/6/219 5480/1/217
f 5268/6/219 1754/5/147 1895/1/220
f 5480/1/217 1895/1/220 26/7/221
f 1896/1/218 5480/1/217 1908/5/222
f 1919/4/224 5481/2/228 5307/3/225
f 43/1/227 1931/3/287 5481/2/228
f 5481/2/228 1931/3/287 48/1/229
f 5481/2/228 5287/4/230 1760/1/231
f 1917/4/232 5482/2/236 5306/3/233
f 1917/4/232 41/1/258 1932/3/235
f 1932/3/235 43/1/227 1919/4/224
f 5482/2/236 1919/4/224 1770/1/226
f 5288/4/237 5483/2/239 5305/3/238
f 49/1/129 1933/3/240 5483/2/239
f 1933/3/240 44/1/187 5283/4/184
f 5483/2/239 5283/4/184 1756/1/186
f 1918/4/241 5484/2/245 5304/3/242
f 42/1/244 1934/3/246 5484/2/245
f 1934/3/246 47/1/296 5286/4/247
f 5484/2/245 5286/4/247 1759/1/248
f 1914/4/190 5485/2/251 5303/3/249
f 38/1/250 1935/3/252 5485/2/251
f 1935/3/252 42/1/244 1918/4/241
f 5485/2/251 1918/4/241 1769/1/243
f 1766/1/253 1915/4/256 5486/2/254
f 1915/4/256 39/1/266 1936/3/257
f 5486/2/254 1936/3/257 41/1/258
f 5302/3/255 5486/2/254 1917/4/232
f 1760/1/231 5287/4/230 5487/2/259
f 5287/4/230 48/1/229 1937/3/261
f 5487/2/259 1937/3/261 40/1/262
f 5301/3/260 5487/2/259 1916/4/198
f 1759/1/248 5286/4/247 5488/2/263
f 5286/4/247 47/1/296 1938/3/265
f 5488/2/263 1938/3/265 39/1/266
f 5300/3/264 5488/2/263 1915/4/256
f 5285/4/201 5489/2/269 5299/3/267
f 5285/4/201 46/1/200 1939/3/268
f 1939/3/268 37/1/280 1913/4/203
f 5489/2/269 1913/4/203 1764/1/205
f 5284/4/208 5490/2/272 5298/3/270
f 45/1/271 1940/3/273 5490/2/272
f 1940/3/273 36/1/213 1912/4/210
f 5490/2/272 1912/4/210 1763/1/212
f 1920/4/274 5491/2/275 1941/3/189
f 59/1/16 1973/3/15 5491/2/275
f 5491/2/275 1973/3/15 53/1/63
f 5491/2/275 1945/4/276 38/1/250
f 40/1/262 1947/4/278 5492/2/277
f 1947/4/278 55/1/56 1958/3/99
f 5492/2/277 1958/3/99 61/1/33
f 1927/3/199 5492/2/277 1922/4/279
f 37/1/280 1944/4/282 5493/2/281
f 1944/4/282 52/1/40 1959/3/96
f 5493/2/281 1959/3/96 60/1/27
f 1928/3/206 5493/2/281 1921/4/283
f 1943/4/284 5494/2/285 1929/3/215
f 51/1/32 1960/3/89 5494/2/285
f 1960/3/89 65/1/94 1926/4/126
f 5494/2/285 1926/4/126 50/1/131
f 43/1/227 1950/4/288 5495/2/286
f 1950/4/288 58/1/84 1962/3/86
f 5495/2/286 1962/3/86 63/1/49
f 1931/3/287 5495/2/286 1924/4/289
f 41/1/258 1948/4/291 5496/2/290
f 56/1/62 1963/3/79 5496/2/290
f 5496/2/290 1963/3/79 58/1/84
f 1932/3/235 5496/2/290 1950/4/288
f 1925/4/128 5497/2/292 1933/3/240
f 64/1/75 1964/3/74 5497/2/292
f 1964/3/74 59/1/16 1920/4/274
f 5497/2/292 1920/4/274 44/1/187
f 1949/4/293 5498/2/294 1934/3/246
f 57/1/69 1965/3/71 5498/2/294
f 1965/3/71 62/1/43 1923/4/295
f 5498/2/294 1923/4/295 47/1/296
f 1945/4/276 5499/2/297 1935/3/252
f 1945/4/276 53/1/63 1966/3/65
f 5499/2/297 1966/3/65 57/1/69
f 5499/2/297 1949/4/293 42/1/244
f 39/1/266 1946/4/299 5500/2/298
f 54/1/48 1967/3/57 5500/2/298
f 1967/3/57 56/1/62 1948/4/291
f 1936/3/257 5500/2/298 1948/4/291
f 48/1/229 1924/4/289 5501/2/300
f 1924/4/289 63/1/49 1968/3/51
f 5501/2/300 1968/3/51 55/1/56
f 1937/3/261 5501/2/300 1947/4/278
f 47/1/296 1923/4/295 5502/2/301
f 1923/4/295 62/1/43 1969/3/42
f 5502/2/301 1969/3/42 54/1/48
f 1938/3/265 5502/2/301 1946/4/299
f 46/1/200 1922/4/279 5503/2/302
f 1922/4/279 61/1/33 1971/3/35
f 5503/2/302 1971/3/35 52/1/40
f 1939/3/268 5503/2/302 1944/4/282
f 1921/4/283 5504/2/303 1940/3/273
f 60/1/27 1972/3/26 5504/2/303
f 1972/3/26 51/1/32 1943/4/284
f 5504/2/303 1943/4/284 36/1/213
f 133/5/304 2122/2/307 5505/8/305
f 2122/2/307 131/1/599 1976/3/308
f 5505/8/305 1976/3/308 109/1/309
f 2105/8/306 5505/8/305 1977/2/310
f 2051/2/312 5506/8/316 2043/8/313
f 125/1/315 2082/3/317 5506/8/316
f 2082/3/317 72/1/558 1980/2/318
f 5506/8/316 1980/2/318 71/5/319
f 79/1/320 2148/4/323 5507/2/321
f 2148/4/323 157/1/519 2159/3/324
f 5507/2/321 2159/3/324 159/1/325
f 2028/3/322 5507/2/321 2063/4/326
f 88/1/328 2153/4/331 5508/2/329
f 2153/4/331 162/1/412 2158/3/332
f 5508/2/329 2158/3/332 160/1/333
f 2042/3/330 5508/2/329 2151/4/334
f 2030/6/336 5509/5/340 2037/6/337
f 110/5/339 2016/6/341 5509/5/340
f 2016/6/341 74/5/422 2026/6/342
f 5509/5/340 2026/6/342 98/5/343
f 91/5/344 2020/2/347 5510/8/345
f 2020/2/347 90/1/431 1988/3/348
f 5510/8/345 1988/3/348 76/1/349
f 2017/8/346 5510/8/345 1990/2/350
f 1975/2/352 5511/8/356 2224/8/353
f 231/1/355 1986/3/357 5511/8/356
f 1986/3/357 74/1/422 1991/2/358
f 5511/8/356 1991/2/358 73/5/359
f 2065/4/360 5512/5/364 1998/5/361
f 161/1/363 2155/5/365 5512/5/364
f 2155/5/365 155/5/536 2058/8/366
f 5512/5/364 2058/8/366 80/5/367
f 1983/4/368 5513/2/371 2035/3/369
f 231/1/355 2274/3/372 5513/2/371
f 2274/3/372 79/1/320 2028/4/322
f 5513/2/371 2028/4/322 100/1/327
f 225/5/373 1984/2/376 5514/8/374
f 1984/2/376 192/1/490 1993/3/377
f 5514/8/374 1993/3/377 78/1/362
f 2280/8/375 5514/8/374 1998/2/361
f 2121/2/378 5515/8/382 2104/8/379
f 134/1/381 2002/3/383 5515/8/382
f 2002/3/383 83/1/498 2003/2/384
f 5515/8/382 2003/2/384 81/5/385
f 129/5/386 2102/2/389 5516/8/387
f 2102/2/389 127/1/598 1999/3/390
f 5516/8/387 1999/3/390 108/1/391
f 2088/8/388 5516/8/387 2005/2/392
f 163/1/394 2007/4/397 5517/2/395
f 2007/4/397 182/1/443 2010/3/398
f 5517/2/395 2010/3/398 88/1/328
f 2049/3/396 5517/2/395 2042/4/330
f 151/9/399 2045/6/402 5518/5/400
f 2045/6/402 92/5/451 2011/6/403
f 5518/5/400 2011/6/403 87/5/404
f 2048/6/401 5518/5/400 2041/6/405
f 101/1/407 2062/4/410 5519/2/408
f 2062/4/410 158/1/463 2164/3/411
f 5519/2/408 2164/3/411 162/1/412
f 2009/3/409 5519/2/408 2153/4/331
f 2033/6/413 5520/1/417 2022/5/414
f 124/1/416 2081/1/418 5520/1/417
f 2081/1/418 123/1/501 2013/6/419
f 5520/1/417 2013/6/419 84/5/420
f 1991/2/358 5521/8/423 1985/8/421
f 74/1/422 2016/3/341 5521/8/423
f 2016/3/341 110/1/339 2019/2/424
f 5521/8/423 2019/2/424 89/5/425
f 128/5/426 2100/2/429 5522/8/427
f 2100/2/429 130/1/475 2015/3/430
f 5522/8/427 2015/3/430 90/1/431
f 2087/8/428 5522/8/427 2020/2/347
f 68/5/311 1977/2/310 5523/8/432
f 1977/2/310 109/1/309 2079/3/434
f 5523/8/432 2079/3/434 126/1/435
f 1978/8/433 5523/8/432 2032/2/436
f 2032/6/436 5524/5/439 2023/5/438
f 126/5/435 2080/6/440 5524/5/439
f 2080/6/440 124/1/416 2033/6/413
f 5524/5/439 2033/6/413 93/5/415
f 71/5/441 1981/8/441 5525/8/441
f 1981/8/441 132/5/441 2092/5/441
f 5525/8/441 2092/5/441 195/5/441
f 2312/5/441 5525/8/441 2220/8/441
f 84/5/441 2006/8/441 5526/8/441
f 106/5/441 2310/5/441 5526/8/441
f 5526/8/441 2310/5/441 206/5/441
f 2119/5/441 5526/8/441 2227/8/442
f 182/1/443 2024/4/445 5527/2/444
f 2024/4/445 168/1/447 2034/3/446
f 5527/2/444 2034/3/446 101/1/407
f 2010/3/398 5527/2/444 2009/4/409
f 168/1/447 2025/4/449 5528/2/448
f 167/1/370 2035/3/369 5528/2/448
f 2035/3/369 100/1/327 2029/4/450
f 2034/3/446 5528/2/448 2029/4/450
f 92/1/451 2021/4/453 5529/2/452
f 2021/4/453 102/1/458 2036/3/454
f 5529/2/452 2036/3/454 99/1/455
f 2011/3/403 5529/2/452 2008/4/456
f 2031/10/457 5530/5/459 2036/6/454
f 141/9/338 2037/6/337 5530/5/459
f 2037/6/337 98/5/343 2027/6/460
f 2036/6/454 5530/5/459 2027/6/460
f 100/1/327 2063/4/326 5531/2/461
f 2063/4/326 159/1/325 2165/3/462
f 5531/2/461 2165/3/462 158/1/463
f 2029/3/450 5531/2/461 2062/4/410
f 2151/4/334 5532/2/466 1997/3/464
f 2151/4/334 160/1/333 2157/3/465
f 2157/3/465 161/1/363 2065/4/360
f 5532/2/466 2065/4/360 78/1/362
f 2213/4/467 5533/2/471 2178/3/468
f 189/1/470 2216/3/472 5533/2/471
f 2216/3/472 188/1/747 2212/4/473
f 5533/2/471 2212/4/473 180/1/474
f 130/5/475 2095/6/477 5534/11/476
f 2095/6/477 150/5/566 2046/12/478
f 5534/11/476 2046/12/478 151/9/399
f 2015/6/430 5534/11/476 2018/11/479
f 156/5/480 2147/8/483 5535/8/481
f 2147/8/483 77/5/567 2097/5/484
f 5535/8/481 2097/5/484 191/5/485
f 2313/5/482 5535/8/481 2268/8/486
f 90/5/431 2018/11/479 5536/5/488
f 2018/11/479 151/9/399 2048/6/401
f 5536/5/488 2048/6/401 104/5/406
f 1988/6/348 5536/5/488 1989/6/489
f 192/1/490 2044/4/492 5537/2/491
f 2044/4/492 163/1/394 2049/3/396
f 5537/2/491 2049/3/396 105/1/335
f 1993/3/377 5537/2/491 1997/4/464
f 2115/4/493 5538/2/495 2002/3/383
f 152/1/494 2050/3/496 5538/2/495
f 2050/3/496 153/1/564 2004/4/497
f 5538/2/495 2004/4/497 83/1/498
f 1978/8/441 5539/8/441 2059/5/441
f 1978/8/441 94/5/441 2116/5/441
f 5539/8/441 2116/5/441 193/5/499
f 5539/8/441 2219/8/441 194/5/441
f 2013/6/419 5540/5/502 2006/5/500
f 123/1/501 2078/6/503 5540/5/502
f 2078/6/503 125/5/315 2051/6/312
f 5540/5/502 2051/6/312 106/5/314
f 2165/4/462 5541/2/505 2149/3/504
f 159/1/325 2150/3/506 5541/2/505
f 2150/3/506 115/1/527 2071/4/507
f 5541/2/505 2071/4/507 116/1/508
f 2164/4/411 5542/2/510 2066/3/509
f 158/1/463 2149/3/504 5542/2/510
f 2149/3/504 116/1/508 2074/4/511
f 5542/2/510 2074/4/511 117/1/512
f 120/5/513 2055/8/514 5543/8/514
f 112/5/441 2304/5/441 5543/8/514
f 2304/5/441 211/5/441 2233/8/514
f 2305/5/515 5543/8/514 2233/8/514
f 2160/6/517 5544/1/521 2061/1/518
f 156/5/520 2060/5/522 5544/1/521
f 2060/5/522 122/5/7377 2057/1/523
f 5544/1/521 2057/1/523 121/7/524
f 159/5/325 2159/6/324 5545/6/525
f 157/5/519 2061/1/518 5545/6/525
f 5545/6/525 2061/1/518 121/7/524
f 2150/6/506 5545/6/525 2054/1/526
f 2158/4/332 5546/2/529 2064/3/528
f 162/1/412 2066/3/509 5546/2/529
f 2066/3/509 117/1/512 2072/4/530
f 5546/2/529 2072/4/530 111/1/531
f 2157/6/465 5547/5/533 2152/1/532
f 160/5/333 2064/6/528 5547/5/533
f 2064/6/528 111/5/531 2067/6/534
f 5547/5/533 2067/6/534 119/7/535
f 2105/8/441 5548/8/442 2091/5/441
f 68/5/441 2059/5/441 5548/8/442
f 2059/5/441 194/5/441 2253/8/442
f 5548/8/442 2253/8/442 204/5/441
f 155/5/536 2155/6/365 5549/1/537
f 2155/6/365 161/5/363 2152/1/532
f 5549/1/537 2152/1/532 119/7/535
f 2144/5/538 5549/1/537 2056/1/539
f 82/5/541 2001/8/441 5550/8/441
f 133/5/441 2091/5/441 5550/8/441
f 2091/5/441 204/5/441 2226/8/441
f 2090/5/541 5550/8/441 2226/8/441
f 2078/6/503 5551/1/544 2076/6/542
f 2078/6/503 123/1/501 2075/13/543
f 5551/1/544 2075/13/543 85/14/545
f 5551/1/544 2040/1/546 103/5/547
f 2080/6/440 5552/5/549 1942/10/548
f 126/5/435 2077/6/550 5552/5/549
f 2077/6/550 97/5/553 1970/6/551
f 5552/5/549 1970/6/551 85/14/545
f 123/6/501 2081/11/418 5553/13/552
f 124/1/416 1942/10/548 5553/13/552
f 2075/13/543 5553/13/552 1942/10/548
f 97/1/553 2077/4/550 5554/2/554
f 2077/4/550 126/1/435 2079/3/434
f 5554/2/554 2079/3/434 109/1/309
f 2084/3/555 5554/2/554 2083/4/556
f 72/1/558 2082/4/317 5555/2/559
f 2082/4/317 125/1/315 2076/3/542
f 5555/2/559 2076/3/542 103/1/547
f 1979/3/560 5555/2/559 2085/4/561
f 2004/4/497 5556/2/565 2089/3/563
f 153/1/564 2093/3/642 5556/2/565
f 5556/2/565 2093/3/642 150/1/566
f 5556/2/565 2095/4/477 130/1/475
f 77/5/567 1992/8/569 5557/8/568
f 1992/8/569 201/5/1099 2307/5/570
f 5557/8/568 2307/5/570 69/5/571
f 2097/5/484 5557/8/568 2223/8/572
f 2302/5/573 5558/8/577 2215/3/574
f 239/5/576 2294/8/578 5558/8/577
f 2294/8/578 223/5/854 2303/5/579
f 5558/8/577 2303/5/579 189/1/470
f 132/5/441 2104/8/442 5559/8/441
f 81/5/580 2098/5/580 5559/8/441
f 2098/5/580 203/5/580 2252/8/441
f 5559/8/441 2252/8/441 195/5/441
f 224/5/581 2290/8/585 5560/15/582
f 237/5/584 2143/3/586 5560/15/582
f 2143/3/586 187/1/575 2201/4/587
f 2327/3/583 5560/15/582 2201/4/587
f 2003/2/384 5561/8/590 2000/8/589
f 83/1/498 2089/3/563 5561/8/590
f 5561/8/590 2089/3/563 130/1/475
f 5561/8/590 2100/2/429 128/5/426
f 81/5/580 2000/8/592 5562/8/591
f 2000/8/592 128/5/1046 2099/5/593
f 5562/8/591 2099/5/593 202/5/594
f 2098/5/580 5562/8/591 2225/8/595
f 2019/2/424 5563/8/597 2014/8/596
f 110/1/339 2086/3/615 5563/8/597
f 5563/8/597 2086/3/615 127/1/598
f 2014/8/596 5563/8/597 2102/2/389
f 131/1/599 2112/4/601 5564/2/600
f 2112/4/601 142/1/603 2111/3/602
f 5564/2/600 2111/3/602 144/1/557
f 1976/3/308 5564/2/600 2083/4/556
f 142/1/603 2112/4/601 5565/2/604
f 2112/4/601 131/1/599 2103/3/606
f 5565/2/604 2103/3/606 108/1/391
f 2053/3/605 5565/2/604 2113/4/607
f 127/1/598 2118/4/610 5566/2/609
f 2118/4/610 140/1/617 2094/3/611
f 5566/2/609 2094/3/611 143/1/608
f 1999/3/390 5566/2/609 2113/4/607
f 1979/4/560 5567/2/613 2106/3/612
f 154/1/562 2109/3/614 5567/2/613
f 2109/3/614 152/1/494 2115/4/493
f 5567/2/613 2115/4/493 134/1/381
f 2030/11/336 5568/5/616 2086/6/615
f 141/9/338 2052/6/649 5568/5/616
f 5568/5/616 2052/6/649 140/5/617
f 2086/6/615 5568/5/616 2118/6/610
f 94/5/441 2023/8/441 5569/8/441
f 2023/8/441 93/5/441 2117/5/441
f 5569/8/441 2117/5/441 210/5/441
f 2116/5/441 5569/8/441 2231/8/441
f 93/5/441 2022/8/441 5570/8/441
f 2022/8/441 84/5/441 2119/5/441
f 5570/8/441 2119/5/441 207/5/441
f 2117/5/441 5570/8/441 2230/8/441
f 1980/2/318 5571/8/619 1981/8/618
f 72/1/558 2106/3/612 5571/8/619
f 2106/3/612 134/1/381 2121/2/378
f 5571/8/619 2121/2/378 132/5/380
f 82/5/393 2005/2/392 5572/8/620
f 2005/2/392 108/1/391 2103/3/606
f 5572/8/620 2103/3/606 131/1/599
f 2001/8/621 5572/8/620 2122/2/307
f 2031/6/457 5573/5/623 2123/6/622
f 102/5/458 2124/6/624 5573/5/623
f 2124/6/624 1/5/76 1849/6/194
f 2123/6/622 5573/5/623 1849/6/194
f 102/1/458 2021/4/453 5574/2/625
f 2021/4/453 92/1/451 2125/3/626
f 5574/2/625 2125/3/626 2/1/9
f 2124/3/624 5574/2/625 1847/4/78
f 92/5/451 2045/11/402 5575/5/627
f 2045/11/402 151/9/399 2126/6/628
f 5575/5/627 2126/6/628 149/5/12
f 2125/6/626 5575/5/627 1844/6/13
f 154/1/562 2085/4/561 5576/2/629
f 103/1/547 2128/3/631 5576/2/629
f 2128/3/631 4/1/82 1842/4/632
f 2127/3/630 5576/2/629 1842/4/632
f 2040/1/546 5577/5/634 2128/6/631
f 2040/1/546 85/14/545 2129/6/633
f 2129/6/633 3/5/88 1848/6/87
f 5577/5/634 1848/6/87 4/5/82
f 1970/6/551 5578/5/635 2129/6/633
f 97/5/553 2130/6/636 5578/5/635
f 2130/6/636 5/5/54 1845/6/53
f 5578/5/635 1845/6/53 3/5/88
f 2084/4/555 5579/2/637 2130/3/636
f 144/1/557 2131/3/638 5579/2/637
f 2131/3/638 139/1/101 1850/4/100
f 5579/2/637 1850/4/100 5/1/54
f 149/5/12 2126/12/628 5580/5/639
f 2126/12/628 151/9/399 2046/6/478
f 5580/5/639 2046/6/478 150/5/566
f 1846/6/66 5580/5/639 2132/6/640
f 148/1/67 2132/4/640 5581/2/641
f 2132/4/640 150/1/566 2093/3/642
f 2093/3/642 153/1/564 2133/4/643
f 5581/2/641 2133/4/643 146/1/44
f 2133/4/643 5582/2/644 1839/3/46
f 153/1/564 2050/3/496 5582/2/644
f 2050/3/496 152/1/494 2134/4/645
f 5582/2/644 2134/4/645 145/1/58
f 2134/4/645 5583/2/646 1840/3/60
f 152/1/494 2109/3/614 5583/2/646
f 2109/3/614 154/1/562 2127/4/630
f 5583/2/646 2127/4/630 147/1/80
f 138/5/192 1843/6/92 5584/5/647
f 1843/6/92 137/5/90 2135/6/648
f 5584/5/647 2135/6/648 140/5/617
f 2123/1/622 5584/5/647 2052/6/649
f 137/1/90 1838/4/30 5585/2/650
f 1838/4/30 136/1/28 2136/3/651
f 2136/3/651 143/1/608 2094/4/611
f 2135/3/648 5585/2/650 2094/4/611
f 1837/4/97 5586/2/652 2136/3/651
f 135/1/38 2137/3/653 5586/2/652
f 2137/3/653 142/1/603 2053/4/605
f 5586/2/652 2053/4/605 143/1/608
f 1851/4/37 5587/2/654 2137/3/653
f 139/1/101 2131/3/638 5587/2/654
f 2131/3/638 144/1/557 2111/4/602
f 5587/2/654 2111/4/602 142/1/603
f 2055/5/655 5588/1/658 2138/6/656
f 120/5/540 2056/1/539 5588/1/658
f 2056/1/539 119/7/535 2067/11/534
f 5588/1/658 2067/11/534 111/5/531
f 2070/8/659 5589/15/662 2139/3/660
f 112/5/657 2138/3/656 5589/15/662
f 2138/3/656 111/1/531 2072/4/530
f 5589/15/662 2072/4/530 117/1/512
f 2073/8/663 5590/15/666 2140/3/664
f 118/5/661 2139/3/660 5590/15/666
f 2139/3/660 117/1/512 2074/4/511
f 5590/15/666 2074/4/511 116/1/508
f 114/5/667 2068/8/670 5591/15/668
f 2068/8/670 113/5/665 2140/3/664
f 2140/3/664 116/1/508 2071/4/507
f 2141/3/669 5591/15/668 2071/4/507
f 115/5/527 2054/1/526 5592/1/671
f 2054/1/526 121/7/524 2057/1/523
f 2057/1/523 122/5/7377 2069/5/672
f 5592/1/671 2069/5/672 114/5/667
f 1996/2/673 5593/8/676 1992/8/674
f 79/1/320 2274/3/372 5593/8/676
f 2274/3/372 231/1/355 1975/2/352
f 5593/8/676 1975/2/352 201/5/354
f 99/1/455 2027/4/460 5594/2/677
f 98/1/343 2188/3/679 5594/2/677
f 2188/3/679 167/1/370 2025/4/449
f 2173/3/678 5594/2/677 2025/4/449
f 75/5/351 1990/2/350 5595/8/680
f 1990/2/350 76/1/349 2218/3/682
f 5595/8/680 2218/3/682 192/1/490
f 1987/8/681 5595/8/680 1984/2/376
f 2026/4/342 5596/2/683 2188/3/679
f 74/1/422 1986/3/357 5596/2/683
f 1986/3/357 231/1/355 1983/4/368
f 5596/2/683 1983/4/368 167/1/370
f 2176/4/684 5597/2/688 2038/3/685
f 170/1/687 2047/3/689 5597/2/688
f 2047/3/689 107/1/739 2145/4/690
f 5597/2/688 2145/4/690 95/1/691
f 2073/8/441 5598/8/441 2162/5/441
f 2073/8/441 113/5/1082 2163/5/692
f 5598/8/441 2163/5/692 218/5/693
f 5598/8/441 2240/8/441 219/5/441
f 104/1/406 2041/4/405 5599/2/694
f 2041/4/405 87/1/404 2187/3/696
f 5599/2/694 2187/3/696 182/1/443
f 2200/3/695 5599/2/694 2007/4/397
f 87/1/404 2008/4/456 5600/2/697
f 2008/4/456 99/1/455 2173/3/678
f 5600/2/697 2173/3/678 168/1/447
f 2187/3/696 5600/2/697 2024/4/445
f 2161/5/698 5601/1/702 2205/6/699
f 245/5/701 2281/5/7378 5601/1/702
f 5601/1/702 2281/5/7378 246/5/703
f 5601/1/702 2156/6/704 186/5/705
f 2283/6/706 5602/6/710 2321/6/707
f 228/5/709 2170/6/711 5602/6/710
f 2170/6/711 247/5/812 2346/5/712
f 5602/6/710 2346/5/712 250/5/713
f 96/1/714 2096/5/717 5603/8/715
f 2096/5/717 66/5/850 1974/8/718
f 1974/8/718 236/5/888 2325/5/719
f 5603/8/715 2325/5/719 164/1/720
f 166/5/721 2142/5/724 5604/1/722
f 2142/5/724 243/7/802 2114/1/725
f 5604/1/722 2114/1/725 254/4/726
f 2323/6/723 5604/1/722 2331/5/727
f 2275/5/729 5605/6/733 2110/1/730
f 242/5/732 2197/6/734 5605/6/733
f 2197/6/734 260/5/870 2343/5/735
f 5605/6/733 2343/5/735 261/4/736
f 95/1/691 2145/4/690 5606/2/737
f 107/1/739 2171/3/824 5606/2/737
f 5606/2/737 2171/3/824 172/1/469
f 2192/3/738 5606/2/737 2178/4/468
f 2183/4/740 5607/2/744 2190/3/741
f 175/1/743 2172/3/745 5607/2/744
f 2172/3/745 170/1/687 2176/4/684
f 5607/2/744 2176/4/684 179/1/686
f 2212/4/473 5608/2/748 2179/3/746
f 188/1/747 2217/3/749 5608/2/748
f 2217/3/749 190/1/846 2214/4/750
f 5608/2/748 2214/4/750 165/1/751
f 2208/4/752 5609/2/756 2186/3/753
f 176/1/755 2174/3/757 5609/2/756
f 2174/3/757 175/1/743 2183/4/740
f 5609/2/756 2183/4/740 183/1/742
f 2308/6/758 5610/1/762 2203/6/759
f 2308/6/758 222/5/7379 2297/5/761
f 5610/1/762 2297/5/761 243/5/763
f 2203/6/759 5610/1/762 2142/5/764
f 178/1/766 2306/5/769 5611/8/767
f 2306/5/769 220/5/853 2285/8/770
f 5611/8/767 2285/8/770 214/5/771
f 2199/3/768 5611/8/767 2315/5/772
f 2207/4/774 5612/2/776 2185/3/775
f 185/1/754 2186/3/753 5612/2/776
f 2186/3/753 183/1/742 2184/4/777
f 5612/2/776 2184/4/777 177/1/778
f 2201/4/587 5613/2/780 2168/3/779
f 187/1/575 2215/3/574 5613/2/780
f 2215/3/574 189/1/470 2213/4/467
f 5613/2/780 2213/4/467 172/1/469
f 2154/5/781 5614/8/785 2198/3/782
f 67/5/784 1994/8/786 5614/8/785
f 1994/8/786 224/5/581 2327/5/583
f 5614/8/785 2327/5/583 171/1/588
f 2184/4/777 5615/2/788 2189/3/787
f 183/1/742 2190/3/741 5615/2/788
f 2190/3/741 179/1/686 2177/4/789
f 5615/2/788 2177/4/789 164/1/720
f 2058/8/790 5616/8/794 2146/5/791
f 155/5/793 2309/5/795 5616/8/794
f 2309/5/795 213/5/1077 2234/8/796
f 5616/8/794 2234/8/796 199/5/797
f 96/1/714 2166/4/800 5617/2/798
f 2166/4/800 95/1/691 2192/3/738
f 5617/2/798 2192/3/738 180/1/474
f 2191/3/799 5617/2/798 2179/4/746
f 2282/5/801 5618/6/804 2114/1/725
f 244/5/803 2120/6/805 5618/6/804
f 2120/6/805 251/5/1152 2345/5/806
f 5618/6/804 2345/5/806 254/4/726
f 2288/6/807 5619/1/809 2170/6/711
f 234/5/808 2193/1/810 5619/1/809
f 2193/1/810 263/4/1148 2349/5/811
f 5619/1/809 2349/5/811 247/5/812
f 2206/4/813 5620/2/815 2174/3/757
f 2206/4/813 186/1/705 2196/3/814
f 5620/2/815 2196/3/814 178/1/766
f 2174/3/757 5620/2/815 2175/4/816
f 2169/8/817 5621/8/821 2210/5/818
f 174/5/820 2194/5/820 5621/8/821
f 2194/5/820 257/5/820 2333/8/821
f 5621/8/821 2333/8/821 255/5/822
f 2182/4/823 5622/2/825 2171/3/824
f 86/1/783 2198/3/782 5622/2/825
f 2198/3/782 171/1/588 2168/4/779
f 2171/3/824 5622/2/825 2168/4/779
f 2175/4/816 5623/2/826 2172/3/745
f 2175/4/816 178/1/766 2199/3/768
f 2199/3/768 169/1/773 2167/4/827
f 5623/2/826 2167/4/827 170/1/687
f 2234/8/828 5624/8/832 2247/5/829
f 213/5/831 2262/5/833 5624/8/832
f 2262/5/833 237/5/1021 2290/8/834
f 5624/8/832 2290/8/834 224/5/835
f 229/6/836 2291/5/839 5625/5/837
f 2291/5/839 230/5/926 2108/6/840
f 2108/6/840 190/5/846 2101/6/841
f 2293/5/838 5625/5/837 2101/6/841
f 2107/5/843 5626/8/845 2217/3/749
f 232/5/844 2292/8/7380 5626/8/845
f 5626/8/845 2292/8/7380 233/5/842
f 5626/8/845 2101/5/841 190/1/846
f 165/1/751 2318/5/848 5627/8/847
f 2318/5/848 235/5/923 2279/8/849
f 5627/8/847 2279/8/849 66/5/850
f 2191/3/799 5627/8/847 2096/5/717
f 186/1/705 2156/5/704 5628/8/851
f 2156/5/704 246/5/703 2296/8/852
f 5628/8/851 2296/8/852 220/5/853
f 2196/3/814 5628/8/851 2306/5/769
f 2303/5/579 5629/8/855 2216/3/472
f 223/5/854 2295/8/856 5629/8/855
f 2295/8/856 232/5/844 2107/5/843
f 5629/8/855 2107/5/843 188/1/747
f 2169/8/857 5630/15/860 2202/3/858
f 173/5/700 2205/3/699 5630/15/860
f 2205/3/699 186/1/705 2206/4/813
f 5630/15/860 2206/4/813 176/1/755
f 2181/8/861 5631/15/863 2203/3/759
f 181/5/862 2204/3/864 5631/15/863
f 2204/3/864 185/1/754 2207/4/774
f 5631/15/863 2207/4/774 184/1/760
f 2287/8/865 5632/8/867 2197/5/734
f 226/5/866 2211/5/868 5632/8/867
f 2211/5/868 264/5/882 2348/8/869
f 5632/8/867 2348/8/869 260/5/870
f 2161/5/871 5633/6/871 2209/5/872
f 173/5/819 2210/6/818 5633/6/871
f 2210/6/818 255/5/822 2332/5/871
f 5633/6/871 2332/5/871 256/5/872
f 2180/8/873 5634/15/874 2204/3/864
f 174/5/859 2202/3/858 5634/15/874
f 2202/3/858 176/1/755 2208/4/752
f 5634/15/874 2208/4/752 185/1/754
f 2311/5/875 5635/8/877 2185/3/775
f 221/5/876 2284/8/878 5635/8/877
f 2284/8/878 222/5/7379 2308/5/758
f 5635/8/877 2308/5/758 184/1/760
f 2286/5/879 5636/6/880 2211/6/868
f 227/16/708 2321/6/707 5636/6/880
f 2321/6/707 250/5/713 2347/5/881
f 5636/6/880 2347/5/881 264/5/882
f 181/5/883 2181/8/886 5637/8/884
f 2181/8/886 166/5/721 2323/5/723
f 5637/8/884 2323/5/723 253/5/728
f 2322/5/885 5637/8/884 2336/8/887
f 2325/5/719 5638/8/889 2189/3/787
f 236/5/888 2277/8/890 5638/8/889
f 2277/8/890 221/5/876 2311/5/875
f 5638/8/889 2311/5/875 177/1/778
f 2167/4/827 5639/2/891 2047/3/689
f 169/1/773 2012/3/892 5639/2/891
f 2012/3/892 86/1/783 2182/4/823
f 5639/2/891 2182/4/823 107/1/739
f 2315/5/772 5640/8/893 2012/3/892
f 214/5/771 2278/8/894 5640/8/893
f 2278/8/894 67/5/784 2154/5/781
f 5640/8/893 2154/5/781 86/1/783
f 2177/4/789 5641/2/895 2039/3/716
f 179/1/686 2038/3/685 5641/2/895
f 2038/3/685 95/1/691 2166/4/800
f 5641/2/895 2166/4/800 96/1/714
f 2229/8/896 5642/8/900 2243/5/897
f 200/5/899 2235/5/901 5642/8/900
f 2235/5/901 214/5/980 2285/8/902
f 5642/8/900 2285/8/902 220/5/903
f 208/5/904 2242/5/907 5643/1/905
f 2242/5/907 205/5/1032 2270/1/908
f 5643/1/905 2270/1/908 243/7/802
f 2245/6/906 5643/1/905 2297/5/909
f 1982/8/911 5644/8/914 2195/5/912
f 199/5/830 2247/5/829 5644/8/914
f 2247/5/829 224/5/835 1994/8/915
f 5644/8/914 1994/8/915 67/5/916
f 2241/8/917 5645/8/920 2273/5/918
f 209/5/898 2243/5/897 5645/8/920
f 2243/5/897 220/5/903 2296/8/921
f 5645/8/920 2296/8/921 246/5/922
f 235/5/923 2318/2/848 5646/8/924
f 2318/2/848 165/1/751 2214/3/750
f 5646/8/924 2214/3/750 190/1/846
f 2301/8/925 5646/8/924 2108/2/840
f 216/5/927 2236/5/930 5647/6/928
f 2236/5/930 215/5/967 2255/6/931
f 5647/6/928 2255/6/931 230/5/932
f 2254/1/929 5647/6/928 2291/5/933
f 219/5/935 2240/8/938 5648/8/936
f 2240/8/938 218/5/997 2257/5/939
f 5648/8/936 2257/5/939 232/5/940
f 2246/5/937 5648/8/936 2295/8/941
f 198/5/943 2221/8/946 5649/8/944
f 2221/8/946 197/5/951 2244/5/947
f 5649/8/944 2244/5/947 221/5/948
f 2261/5/945 5649/8/944 2277/8/949
f 197/5/951 2228/8/953 5650/8/952
f 2228/8/953 208/5/904 2245/5/906
f 5650/8/952 2245/5/906 222/5/910
f 2244/5/947 5650/8/952 2284/8/954
f 2232/8/955 5651/15/959 2251/3/956
f 196/5/958 2259/3/960 5651/15/959
f 2259/3/960 234/1/808 2288/4/807
f 5651/15/959 2288/4/807 228/1/709
f 2231/8/961 5652/8/965 2269/5/962
f 210/5/964 2249/5/966 5652/8/965
f 2249/5/966 226/5/866 2287/8/865
f 5652/8/965 2287/8/865 242/5/732
f 215/5/967 2268/8/969 5653/8/968
f 2268/8/969 191/5/991 2260/5/970
f 5653/8/968 2260/5/970 235/5/971
f 2255/5/931 5653/8/968 2301/8/972
f 211/5/973 2239/8/975 5654/8/974
f 2239/8/975 219/5/935 2246/5/937
f 5654/8/974 2246/5/937 223/5/942
f 2264/5/973 5654/8/974 2294/8/974
f 2222/8/977 5655/8/978 2235/5/901
f 70/5/913 2195/5/912 5655/8/978
f 2195/5/912 67/5/916 2278/8/979
f 5655/8/978 2278/8/979 214/5/980
f 2230/5/879 5656/1/880 2249/6/966
f 207/5/981 2250/1/982 5656/1/880
f 2250/1/982 227/16/708 2286/5/879
f 5656/1/880 2286/5/879 226/5/866
f 2227/5/983 5657/5/984 2250/1/982
f 206/5/957 2251/6/956 5657/5/984
f 2251/6/956 228/5/709 2283/6/706
f 5657/5/984 2283/6/706 227/16/708
f 217/5/985 2238/5/988 5658/1/986
f 2238/5/988 216/5/927 2254/1/929
f 5658/1/986 2254/1/929 229/4/934
f 2258/6/987 5658/1/986 2293/5/989
f 191/5/991 2223/8/993 5659/8/992
f 2223/8/993 69/5/1006 2248/5/994
f 5659/8/992 2248/5/994 66/5/995
f 2260/5/970 5659/8/992 2279/8/996
f 218/5/997 2237/8/999 5660/8/998
f 2237/8/999 217/5/985 2258/5/987
f 5660/8/998 2258/5/987 233/5/990
f 2257/5/939 5660/8/998 2292/8/1000
f 2220/8/1001 5661/15/1003 2259/3/960
f 195/5/1002 2266/3/1004 5661/15/1003
f 2266/3/1004 240/1/1029 2276/4/1005
f 5661/15/1003 2276/4/1005 234/1/808
f 69/5/1006 1995/8/1008 5662/8/1007
f 1995/8/1008 198/5/943 2261/5/945
f 5662/8/1007 2261/5/945 236/5/950
f 2248/5/994 5662/8/1007 1974/8/1009
f 2253/8/1010 5663/8/1010 2271/5/1011
f 194/5/1013 2267/5/1014 5663/8/1010
f 2267/5/1014 241/5/731 2299/8/1015
f 5663/8/1010 2299/8/1015 244/5/803
f 2265/5/1016 5664/1/1018 2262/6/833
f 212/5/1017 2263/1/1019 5664/1/1018
f 2263/1/1019 238/4/1023 2300/5/1020
f 5664/1/1018 2300/5/1020 237/5/1021
f 212/5/1017 2233/5/1022 5665/6/1022
f 2233/5/1022 211/5/973 2264/6/973
f 5665/6/1022 2264/6/973 239/5/976
f 2263/1/1019 5665/6/1022 2289/5/1022
f 195/5/1002 2252/5/1025 5666/1/1024
f 2252/5/1025 203/5/1036 2272/1/1026
f 5666/1/1024 2272/1/1026 245/7/1027
f 2266/6/1004 5666/1/1024 2298/6/1028
f 2219/8/1030 5667/8/1031 2267/5/1014
f 193/5/963 2269/5/962 5667/8/1031
f 2269/5/962 242/5/732 2275/8/729
f 5667/8/1031 2275/8/729 241/5/731
f 205/5/1032 2226/5/1034 5668/6/1033
f 2226/5/1034 204/5/1012 2271/6/1011
f 5668/6/1033 2271/6/1011 244/5/803
f 2270/1/908 5668/6/1033 2282/5/801
f 2225/5/1035 5669/6/1037 2272/1/1026
f 202/5/919 2273/6/918 5669/6/1037
f 2273/6/918 246/5/922 2281/5/1038
f 5669/6/1037 2281/5/1038 245/7/1027
f 122/6/1039 2060/8/1042 5670/7/1040
f 2060/8/1042 156/5/480 2313/5/482
f 5670/7/1040 2313/5/482 215/5/487
f 2314/6/1041 5670/7/1040 2236/8/1043
f 2087/8/1045 5671/8/1048 2099/5/593
f 91/5/1047 2316/5/1049 5671/8/1048
f 2316/5/1049 209/5/1097 2241/8/1050
f 5671/8/1048 2241/8/1050 202/5/594
f 2088/8/1051 5672/8/1054 2317/5/1052
f 82/5/541 2090/5/541 5672/8/1054
f 2090/5/541 205/5/541 2242/8/1055
f 5672/8/1054 2242/8/1055 208/5/1052
f 73/5/1056 1985/8/1059 5673/8/1057
f 1985/8/1059 89/5/1070 2319/5/1060
f 5673/8/1057 2319/5/1060 197/5/1061
f 2320/5/1058 5673/8/1057 2221/8/1062
f 2280/8/1064 5674/8/1067 2256/5/1065
f 80/5/792 2146/5/791 5674/8/1067
f 2146/5/791 199/5/797 1982/8/1068
f 5674/8/1067 1982/8/1068 70/5/1069
f 89/5/1070 2014/8/1072 5675/8/1071
f 129/5/1053 2317/5/1052 5675/8/1071
f 2317/5/1052 208/5/1052 2228/8/1073
f 2319/5/1060 5675/8/1071 2228/8/1073
f 2144/8/1074 5676/8/1075 2309/5/795
f 2144/8/1074 120/5/513 2305/5/515
f 5676/8/1075 2305/5/515 212/5/516
f 5676/8/1075 2265/8/1076 213/5/1077
f 238/6/1078 2289/5/1081 5677/5/1079
f 2289/5/1081 239/5/576 2302/6/573
f 5677/5/1079 2302/6/573 187/5/575
f 2300/5/1080 5677/5/1079 2143/6/586
f 113/5/1082 2068/8/1085 5678/8/1083
f 114/5/1084 2326/5/1086 5678/8/1083
f 2326/5/1086 217/5/1091 2237/8/1087
f 2163/5/692 5678/8/1083 2237/8/1087
f 2069/8/1088 5679/7/1089 2326/5/1086
f 122/6/1039 2314/6/1041 5679/7/1089
f 2314/6/1041 216/6/1044 2238/8/1090
f 5679/7/1089 2238/8/1090 217/5/1091
f 2043/8/441 5680/8/441 2310/5/441
f 71/5/441 2312/5/441 5680/8/441
f 2312/5/441 196/5/441 2232/8/441
f 5680/8/441 2232/8/441 206/5/441
f 2017/8/1092 5681/8/1094 2316/5/1049
f 75/5/1093 2324/5/1095 5681/8/1094
f 2324/5/1095 200/5/1106 2229/8/1096
f 5681/8/1094 2229/8/1096 209/5/1097
f 2070/8/442 5682/8/441 2304/5/441
f 118/5/441 2162/5/441 5682/8/441
f 2162/5/441 219/5/441 2239/8/499
f 5682/8/441 2239/8/499 211/5/441
f 76/1/349 1989/4/489 5683/2/1098
f 1989/4/489 104/1/406 2200/3/695
f 5683/2/1098 2200/3/695 163/1/394
f 2218/3/682 5683/2/1098 2044/4/492
f 201/5/1099 2224/8/1101 5684/8/1100
f 2224/8/1101 73/5/1056 2320/5/1058
f 5684/8/1100 2320/5/1058 198/5/1063
f 2307/5/570 5684/8/1100 1995/8/1102
f 1987/8/1103 5685/8/1104 2324/5/1095
f 225/5/1066 2256/5/1065 5685/8/1104
f 2256/5/1065 70/5/1069 2222/8/1105
f 5685/8/1104 2222/8/1105 200/5/1106
f 259/1/1107 2352/5/1108 5686/8/1108
f 2352/5/1108 264/5/1110 2347/8/1110
f 5686/8/1108 2347/8/1110 250/5/1111
f 2342/3/1109 5686/8/1108 2329/5/1112
f 261/6/1114 2343/5/1111 5687/5/1114
f 2343/5/1111 260/5/1114 2353/6/1115
f 5687/5/1114 2353/6/1115 252/5/1116
f 2351/5/1114 5687/5/1114 2330/6/1117
f 2342/4/1109 5688/5/1119 2338/5/1118
f 249/1/1113 2334/5/1120 5688/5/1119
f 2334/5/1120 257/5/1134 2335/8/1121
f 5688/5/1119 2335/8/1121 258/5/1122
f 249/1/1113 2329/5/1112 5689/8/1123
f 2329/5/1112 250/5/1111 2346/8/1111
f 5689/8/1123 2346/8/1111 247/5/1111
f 2340/3/1124 5689/8/1123 2328/5/1110
f 252/1/1116 2341/4/1128 5690/5/1126
f 259/1/1107 2338/5/1118 5690/5/1126
f 2338/5/1118 258/5/1122 2336/8/1129
f 2337/5/1127 5690/5/1126 2336/8/1129
f 2340/4/1124 5691/5/1131 2334/5/1120
f 248/1/1125 2339/5/1132 5691/5/1131
f 2339/5/1132 255/5/1136 2333/8/1133
f 5691/5/1131 2333/8/1133 257/5/1134
f 2354/5/1111 5692/1/1135 2339/5/1132
f 262/5/1111 2350/8/1111 5692/1/1135
f 2350/8/1111 256/5/1111 2332/8/1135
f 5692/1/1135 2332/8/1135 255/5/1136
f 253/5/1130 2331/5/1139 5693/1/1137
f 254/6/1138 2345/5/7381 5693/1/1137
f 5693/1/1137 2345/5/7381 251/5/1114
f 2337/6/1127 5693/1/1137 2330/6/1117
f 263/6/1111 2344/5/1111 5694/5/1111
f 2344/5/1111 262/5/1111 2354/6/1111
f 5694/5/1111 2354/6/1111 248/5/1125
f 2349/5/1111 5694/5/1111 2328/6/1110
f 2353/5/1115 5695/8/1115 2341/3/1128
f 260/5/1114 2348/8/1111 5695/8/1115
f 2348/8/1111 264/5/1110 2352/5/1108
f 5695/8/1115 2352/5/1108 259/1/1107
f 240/5/1029 2298/6/1028 5696/1/1140
f 2298/6/1028 245/7/1027 2209/5/1142
f 5696/1/1140 2209/5/1142 256/5/1143
f 2355/6/1141 5696/1/1140 2350/5/1144
f 2276/6/1005 5697/6/1146 2193/1/810
f 240/5/1029 2355/6/1141 5697/6/1146
f 2355/6/1141 262/5/1145 2344/5/1147
f 5697/6/1146 2344/5/1147 263/4/1148
f 2180/8/1149 5698/8/1149 2194/5/820
f 2180/8/1149 181/5/883 2322/5/885
f 5698/8/1149 2322/5/885 258/5/885
f 5698/8/1149 2335/8/1149 257/5/820
f 2299/5/1015 5699/1/1150 2120/6/805
f 241/5/731 2110/1/730 5699/1/1150
f 2110/1/730 261/4/736 2351/5/1151
f 5699/1/1150 2351/5/1151 251/5/1152
f 77/5/675 2147/8/1154 5700/15/1153
f 2147/8/1154 156/5/520 2160/3/517
f 5700/15/1153 2160/3/517 157/1/519
f 1996/3/673 5700/15/1153 2148/4/323
f 1792/1/1155 2393/4/1158 5701/2/1156
f 2393/4/1158 284/1/7172 2397/3/1159
f 2397/3/1159 282/1/1304 2391/4/1160
f 5701/2/1156 2391/4/1160 1791/1/1161
f 266/1/1162 2470/4/1166 5702/2/1163
f 323/1/1165 2492/3/1167 5702/2/1163
f 2492/3/1167 317/1/1216 2373/4/1168
f 5702/2/1163 2373/4/1168 413/1/1169
f 5342/4/1170 5703/2/1174 5321/3/1171
f 5342/4/1170 1773/1/1313 2384/3/1173
f 5703/2/1174 2384/3/1173 275/1/1175
f 5321/3/1171 5703/2/1174 2408/4/1176
f 2491/4/1178 5704/2/1182 2471/3/1179
f 315/1/1181 2371/3/1183 5704/2/1182
f 2371/3/1183 401/1/1247 2357/4/1184
f 5704/2/1182 2357/4/1184 400/1/1185
f 325/1/1186 2490/4/1189 5705/2/1187
f 2490/4/1189 316/1/1248 2372/3/1190
f 5705/2/1187 2372/3/1190 399/1/1191
f 2472/3/1188 5705/2/1187 2370/4/1192
f 2488/4/1194 5706/2/1198 2473/3/1195
f 318/1/1197 2374/3/1199 5706/2/1198
f 2374/3/1199 409/1/1215 2358/4/1200
f 5706/2/1198 2358/4/1200 410/1/1201
f 327/1/1202 2487/4/1205 5707/2/1203
f 2487/4/1205 319/1/1252 2375/3/1206
f 5707/2/1203 2375/3/1206 269/1/1207
f 2474/3/1204 5707/2/1203 2364/4/1208
f 2486/4/1210 5708/2/1212 2374/3/1199
f 320/1/1211 2376/3/1213 5708/2/1212
f 2376/3/1213 411/1/1237 2359/4/1214
f 5708/2/1212 2359/4/1214 409/1/1215
f 317/1/1216 2485/4/1218 5709/2/1217
f 2485/4/1218 321/1/1222 2377/3/1219
f 5709/2/1217 2377/3/1219 412/1/1220
f 2373/3/1168 5709/2/1217 2365/4/1221
f 321/1/1222 2484/4/1224 5710/2/1223
f 326/1/1196 2473/3/1195 5710/2/1223
f 2473/3/1195 410/1/1201 2360/4/1225
f 2377/3/1219 5710/2/1223 2360/4/1225
f 2483/4/1226 5711/2/1229 2475/3/1227
f 2483/4/1226 323/1/1165 2470/3/1166
f 2470/3/1166 266/1/1162 2366/4/1230
f 5711/2/1229 2366/4/1230 265/1/1231
f 2482/4/1232 5712/2/1234 2376/3/1213
f 2482/4/1232 322/1/1238 2378/3/1233
f 5712/2/1234 2378/3/1233 268/1/1235
f 5712/2/1234 2361/4/1236 411/1/1237
f 322/1/1238 2481/4/1240 5713/2/1239
f 2481/4/1240 327/1/1202 2474/3/1204
f 5713/2/1239 2474/3/1204 267/1/1209
f 2378/3/1233 5713/2/1239 2367/4/1241
f 2479/4/1242 5714/2/1244 2371/3/1183
f 329/1/1243 2476/3/1245 5714/2/1244
f 2476/3/1245 402/1/1349 2362/4/1246
f 5714/2/1244 2362/4/1246 401/1/1247
f 316/1/1248 2478/4/1250 5715/2/1249
f 2478/4/1250 324/1/1180 2471/3/1179
f 5715/2/1249 2471/3/1179 400/1/1185
f 2372/3/1190 5715/2/1249 2356/4/1251
f 319/1/1252 2477/4/1254 5716/2/1253
f 2477/4/1254 325/1/1186 2472/3/1188
f 5716/2/1253 2472/3/1188 403/1/1193
f 2375/3/1206 5716/2/1253 2369/4/1255
f 1775/1/1256 5341/4/1259 5717/2/1257
f 5341/4/1259 1781/1/1332 5323/3/1260
f 5323/3/1260 274/1/1335 2394/4/1261
f 2387/3/1258 5717/2/1257 2394/4/1261
f 5340/4/1263 5718/2/1267 2382/3/1264
f 1780/1/1266 5322/3/1268 5718/2/1267
f 5322/3/1268 272/1/1339 2395/4/1269
f 5718/2/1267 2395/4/1269 273/1/1270
f 5339/4/1271 5719/2/1275 2380/3/1272
f 1785/1/1274 5327/3/1276 5719/2/1275
f 5327/3/1276 284/1/7172 2396/4/1277
f 5719/2/1275 2396/4/1277 271/1/1278
f 329/1/1243 2445/4/1281 5720/2/1279
f 2445/4/1281 314/1/1441 2449/3/1282
f 5720/2/1279 2449/3/1282 313/1/1283
f 2480/3/1280 5720/2/1279 2444/4/1284
f 5338/4/1285 5721/2/1289 2392/3/1286
f 1783/1/1288 5325/3/1290 5721/2/1289
f 5325/3/1290 279/1/1326 2398/4/1291
f 5721/2/1289 2398/4/1291 283/1/1292
f 1776/1/1293 5337/4/1296 5722/2/1294
f 1778/1/1287 2392/3/1286 5722/2/1294
f 2392/3/1286 283/1/1292 2399/4/1297
f 2389/3/1295 5722/2/1294 2399/4/1297
f 5336/4/1299 5723/2/1302 5326/3/1300
f 1779/1/1172 5321/3/1171 5723/2/1302
f 5723/2/1302 5321/3/1171 270/1/1177
f 5326/3/1300 5723/2/1302 2400/4/1303
f 5335/4/1305 5724/2/1309 2390/3/1306
f 1782/1/1308 5324/3/1310 5724/2/1309
f 5324/3/1310 277/1/1330 2401/4/1311
f 5724/2/1309 2401/4/1311 281/1/1312
f 1773/1/1313 5334/4/1315 5725/2/1314
f 1777/1/1307 2390/3/1306 5725/2/1314
f 2390/3/1306 281/1/1312 2402/4/1316
f 2384/3/1173 5725/2/1314 2402/4/1316
f 1774/1/1317 5333/4/1320 5726/2/1318
f 5333/4/1320 1776/1/1293 2389/3/1295
f 5726/2/1318 2389/3/1295 280/1/1298
f 2385/3/1319 5726/2/1318 2403/4/1321
f 1783/1/1288 5332/4/1324 5727/2/1323
f 5332/4/1324 1775/1/1256 2387/3/1258
f 5727/2/1323 2387/3/1258 278/1/1262
f 5727/2/1323 2404/4/1325 279/1/1326
f 1782/1/1308 5331/4/1328 5728/2/1327
f 5331/4/1328 1774/1/1317 2385/3/1319
f 5728/2/1327 2385/3/1319 276/1/1322
f 5324/3/1310 5728/2/1327 2405/4/1329
f 5330/4/1331 5729/2/1333 5323/3/1260
f 1772/1/1265 2382/3/1264 5729/2/1333
f 2382/3/1264 273/1/1270 2406/4/1334
f 5729/2/1333 2406/4/1334 274/1/1335
f 5329/4/1336 5730/2/1337 5322/3/1268
f 1771/1/1273 2380/3/1272 5730/2/1337
f 2380/3/1272 271/1/1278 2407/4/1338
f 5730/2/1337 2407/4/1338 272/1/1339
f 5371/4/1340 5731/2/1344 5343/3/1341
f 5371/4/1340 1795/1/1406 2433/3/1343
f 2433/3/1343 302/1/1409 2460/4/1345
f 5731/2/1344 2460/4/1345 308/1/1346
f 2480/4/1280 5732/2/1347 2476/3/1245
f 328/1/1228 2475/3/1227 5732/2/1347
f 2475/3/1227 265/1/1231 2368/4/1348
f 5732/2/1347 2368/4/1348 402/1/1349
f 1797/1/1350 5370/4/1353 5733/2/1351
f 5370/4/1353 1788/1/1425 5345/3/1354
f 5733/2/1351 5345/3/1354 310/1/1355
f 2435/3/1352 5733/2/1351 2446/4/1356
f 5369/4/1358 5734/2/1362 2432/3/1359
f 1787/1/1361 5344/3/1363 5734/2/1362
f 5344/3/1363 309/1/1431 2447/4/1364
f 2432/3/1359 5734/2/1362 2447/4/1364
f 5368/4/1366 5735/2/1369 2431/3/1367
f 1792/1/1155 5349/3/1370 5735/2/1369
f 5349/3/1370 314/1/1441 2448/4/1371
f 5735/2/1369 2448/4/1371 300/1/1372
f 1785/5/1274 2415/1/1375 5736/1/1373
f 2415/1/1375 291/7/7219 2427/5/1376
f 5736/1/1373 2427/5/1376 290/7/1377
f 5328/6/1374 5736/1/1373 2414/1/1378
f 5367/4/1379 5737/2/1383 2438/3/1380
f 1790/1/1382 5347/3/1417 5737/2/1383
f 5737/2/1383 5347/3/1417 312/1/1384
f 5737/2/1383 2450/4/1385 307/1/1386
f 5366/4/1387 5738/2/1390 2436/3/1388
f 1800/1/1381 2438/3/1380 5738/2/1390
f 2438/3/1380 307/1/1386 2451/4/1391
f 2436/3/1388 5738/2/1390 2451/4/1391
f 5365/4/1393 5739/2/1395 5348/3/1394
f 1786/1/1342 5343/3/1341 5739/2/1395
f 5343/3/1341 308/1/1346 2452/4/1396
f 5739/2/1395 2452/4/1396 313/1/1283
f 5364/4/1397 5740/2/1401 2437/3/1398
f 1789/1/1400 5346/3/1402 5740/2/1401
f 5346/3/1402 311/1/1423 2453/4/1403
f 5740/2/1401 2453/4/1403 306/1/1404
f 5363/4/1405 5741/2/1407 2433/3/1343
f 1799/1/1399 2437/3/1398 5741/2/1407
f 2437/3/1398 306/1/1404 2454/4/1408
f 5741/2/1407 2454/4/1408 302/1/1409
f 1796/1/1410 5362/4/1413 5742/2/1411
f 5362/4/1413 1798/1/1389 2436/3/1388
f 5742/2/1411 2436/3/1388 305/1/1392
f 2434/3/1412 5742/2/1411 2455/4/1414
f 1790/1/1382 5361/4/1418 5743/2/1416
f 5361/4/1418 1797/1/1350 2435/3/1352
f 5743/2/1416 2435/3/1352 304/1/1357
f 5347/3/1417 5743/2/1416 2456/4/1419
f 1789/1/1400 5360/4/1421 5744/2/1420
f 5360/4/1421 1796/1/1410 2434/3/1412
f 5744/2/1420 2434/3/1412 303/1/1415
f 5346/3/1402 5744/2/1420 2457/4/1422
f 5359/4/1424 5745/2/1426 5345/3/1354
f 1794/1/1360 2432/3/1359 5745/2/1426
f 2432/3/1359 301/1/1365 2458/4/1427
f 5345/3/1354 5745/2/1426 2458/4/1427
f 5358/4/1428 5746/2/1429 5344/3/1363
f 1793/1/1368 2431/3/1367 5746/2/1429
f 2431/3/1367 300/1/1372 2459/4/1430
f 5746/2/1429 2459/4/1430 309/1/1431
f 2460/4/1345 5747/2/1433 2439/3/1432
f 302/1/1409 2464/3/1452 5747/2/1433
f 5747/2/1433 2464/3/1452 317/1/1216
f 5747/2/1433 2492/4/1167 323/1/1165
f 304/1/1357 2446/4/1356 5748/2/1434
f 2446/4/1356 310/1/1355 2441/3/1436
f 5748/2/1434 2441/3/1436 325/1/1186
f 2466/3/1435 5748/2/1434 2477/4/1254
f 301/1/1365 2447/4/1364 5749/2/1437
f 2447/4/1364 309/1/1431 2440/3/1439
f 5749/2/1437 2440/3/1439 324/1/1180
f 2463/3/1438 5749/2/1437 2478/4/1250
f 2448/4/1371 5750/2/1442 2462/3/1440
f 314/1/1441 2445/3/1281 5750/2/1442
f 2445/3/1281 329/1/1243 2479/4/1242
f 5750/2/1442 2479/4/1242 315/1/1181
f 307/1/1386 2450/4/1385 5751/2/1443
f 2450/4/1385 312/1/1384 2443/3/1445
f 5751/2/1443 2443/3/1445 327/1/1202
f 2469/3/1444 5751/2/1443 2481/4/1240
f 305/1/1392 2451/4/1391 5752/2/1446
f 2451/4/1391 307/1/1386 2469/3/1444
f 5752/2/1446 2469/3/1444 322/1/1238
f 5752/2/1446 2482/4/1232 320/1/1211
f 2452/4/1396 5753/2/1448 2444/3/1284
f 308/1/1346 2439/3/1432 5753/2/1448
f 2439/3/1432 323/1/1165 2483/4/1226
f 5753/2/1448 2483/4/1226 328/1/1228
f 2453/4/1403 5754/2/1450 2468/3/1449
f 311/1/1423 2442/3/1451 5754/2/1450
f 2442/3/1451 326/1/1196 2484/4/1224
f 5754/2/1450 2484/4/1224 321/1/1222
f 2454/4/1408 5755/2/1453 2464/3/1452
f 306/1/1404 2468/3/1449 5755/2/1453
f 5755/2/1453 2468/3/1449 321/1/1222
f 2464/3/1452 5755/2/1453 2485/4/1218
f 303/1/1415 2455/4/1414 5756/2/1454
f 2455/4/1414 305/1/1392 2467/3/1447
f 2467/3/1447 320/1/1211 2486/4/1210
f 5756/2/1454 2486/4/1210 318/1/1197
f 312/1/1384 2456/4/1419 5757/2/1456
f 2456/4/1419 304/1/1357 2466/3/1435
f 5757/2/1456 2466/3/1435 319/1/1252
f 2443/3/1445 5757/2/1456 2487/4/1205
f 311/1/1423 2457/4/1422 5758/2/1457
f 2457/4/1422 303/1/1415 2465/3/1455
f 5758/2/1457 2465/3/1455 318/1/1197
f 2442/3/1451 5758/2/1457 2488/4/1194
f 310/1/1355 2458/4/1427 5759/2/1458
f 2458/4/1427 301/1/1365 2463/3/1438
f 5759/2/1458 2463/3/1438 316/1/1248
f 2441/3/1436 5759/2/1458 2490/4/1189
f 2459/4/1430 5760/2/1459 2440/3/1439
f 300/1/1372 2462/3/1440 5760/2/1459
f 2462/3/1440 315/1/1181 2491/4/1178
f 5760/2/1459 2491/4/1178 324/1/1180
f 397/5/1460 2624/8/1463 5761/15/1461
f 2624/8/1463 332/5/1591 2496/3/1464
f 5761/15/1461 2496/3/1464 373/1/1465
f 2641/3/1462 5761/15/1461 2495/4/1466
f 2562/8/1468 5762/15/1472 2570/3/1469
f 335/5/1471 2499/3/1473 5762/15/1472
f 2499/3/1473 336/1/1710 2601/4/1474
f 5762/15/1472 2601/4/1474 389/1/1475
f 343/1/1476 2547/4/1479 5763/2/1477
f 2547/4/1479 364/1/1527 2582/3/1480
f 5763/2/1477 2582/3/1480 423/1/1481
f 2667/3/1478 5763/2/1477 2678/4/1482
f 352/1/1484 2561/4/1487 5764/2/1485
f 2561/4/1487 369/1/1622 2670/3/1488
f 5764/2/1485 2670/3/1488 424/1/1489
f 2672/3/1486 5764/2/1485 2677/4/1490
f 2556/6/1492 5765/5/1496 2549/6/1493
f 362/5/1495 2545/6/1497 5765/5/1496
f 2545/6/1497 338/5/1584 2535/6/1498
f 5765/5/1496 2535/6/1498 374/5/1499
f 355/5/1500 2536/8/1503 5766/15/1501
f 2536/8/1503 339/5/1834 2509/3/1504
f 5766/15/1501 2509/3/1504 340/1/1505
f 2539/3/1502 5766/15/1501 2507/4/1506
f 2743/8/1508 5767/15/1512 2494/3/1509
f 337/5/1511 2510/3/1513 5767/15/1512
f 2510/3/1513 338/1/1584 2505/4/1514
f 5767/15/1512 2505/4/1514 495/1/1515
f 2517/5/1516 5768/8/1520 2584/3/1517
f 344/5/1519 2577/8/1521 5768/8/1520
f 2577/8/1521 419/5/1691 2674/5/1522
f 5768/8/1520 2674/5/1522 425/1/1523
f 2554/4/1524 5769/2/1528 2502/3/1525
f 364/1/1527 2547/3/1479 5769/2/1528
f 2547/3/1479 343/1/1476 2793/4/1529
f 5769/2/1528 2793/4/1529 495/1/1515
f 489/5/1530 2799/8/1533 5770/15/1531
f 2799/8/1533 344/5/1519 2517/3/1516
f 5770/15/1531 2517/3/1516 342/1/1518
f 2503/3/1532 5770/15/1531 2512/4/1534
f 2623/8/1536 5771/15/1540 2640/3/1537
f 345/5/1539 2522/3/1541 5771/15/1540
f 2522/3/1541 347/1/1652 2521/4/1542
f 5771/15/1540 2521/4/1542 398/1/1543
f 393/5/1544 2607/8/1547 5772/15/1545
f 2607/8/1547 346/5/1773 2524/3/1548
f 5772/15/1545 2524/3/1548 372/1/1549
f 2621/3/1546 5772/15/1545 2518/4/1550
f 427/1/1552 2568/4/1555 5773/2/1553
f 2568/4/1555 369/1/1622 2561/3/1487
f 5773/2/1553 2561/3/1487 352/1/1484
f 2526/3/1554 5773/2/1553 2529/4/1556
f 415/9/1558 2567/6/1561 5774/5/1559
f 2567/6/1561 368/5/1648 2560/6/1562
f 5774/5/1559 2560/6/1562 351/5/1563
f 2564/6/1560 5774/5/1559 2530/6/1564
f 365/1/1566 2528/4/1569 5775/2/1567
f 2528/4/1569 352/1/1484 2672/3/1486
f 5775/2/1567 2672/3/1486 426/1/1491
f 2581/3/1568 5775/2/1567 2683/4/1570
f 2541/5/1572 5776/6/1576 2552/6/1573
f 348/5/1575 2532/6/1577 5776/6/1576
f 2532/6/1577 387/6/1660 2600/1/1578
f 5776/6/1576 2600/1/1578 388/1/1579
f 2504/8/1580 5777/15/1582 2510/3/1513
f 353/5/1581 2538/3/1583 5777/15/1582
f 2538/3/1583 374/1/1499 2535/4/1498
f 5777/15/1582 2535/4/1498 338/1/1584
f 392/5/1585 2606/8/1588 5778/15/1586
f 2606/8/1588 355/5/1500 2539/3/1502
f 5778/15/1586 2539/3/1502 354/1/1507
f 2619/3/1587 5778/15/1586 2534/4/1589
f 332/5/1591 2497/8/1593 5779/15/1592
f 2497/8/1593 358/5/1598 2551/3/1594
f 5779/15/1592 2551/3/1594 390/1/1595
f 2496/3/1464 5779/15/1592 2598/4/1596
f 2542/5/1597 5780/5/1599 2551/6/1594
f 357/5/1574 2552/6/1573 5780/5/1599
f 2552/6/1573 388/1/1579 2599/6/1600
f 5780/5/1599 2599/6/1600 390/5/1595
f 335/5/1601 2831/16/1601 5781/8/1601
f 2831/16/1601 460/5/1601 2739/8/1601
f 5781/8/1601 2739/8/1601 459/5/1601
f 2500/8/1602 5781/8/1601 2611/16/1601
f 348/5/1601 2638/16/1601 5782/8/1601
f 2638/16/1601 471/5/1601 2746/8/1601
f 5782/8/1601 2746/8/1601 470/5/1601
f 5782/8/1601 2829/16/1601 370/5/1601
f 446/1/1557 2529/4/1556 5783/2/1603
f 2529/4/1556 352/1/1484 2528/3/1569
f 5783/2/1603 2528/3/1569 365/1/1566
f 2543/3/1604 5783/2/1603 2553/4/1605
f 432/1/1606 2553/4/1605 5784/2/1607
f 2553/4/1605 365/1/1566 2548/3/1609
f 2548/3/1609 364/1/1527 2554/4/1524
f 5784/2/1607 2554/4/1524 431/1/1526
f 356/1/1565 2530/4/1564 5785/2/1610
f 2530/4/1564 351/1/1563 2527/3/1612
f 5785/2/1610 2527/3/1612 363/1/1613
f 2540/3/1611 5785/2/1610 2555/4/1614
f 2555/6/1614 5786/5/1618 2550/12/1616
f 2555/6/1614 363/5/1613 2546/6/1617
f 2546/6/1617 362/5/1495 2556/6/1492
f 5786/5/1618 2556/6/1492 405/9/1494
f 364/1/1527 2548/4/1609 5787/2/1619
f 2548/4/1609 365/1/1566 2581/3/1568
f 5787/2/1619 2581/3/1568 422/1/1571
f 2582/3/1480 5787/2/1619 2684/4/1620
f 2516/4/1621 5788/2/1623 2670/3/1488
f 342/1/1518 2584/3/1517 5788/2/1623
f 2584/3/1517 425/1/1523 2676/4/1624
f 2670/3/1488 5788/2/1623 2676/4/1624
f 2697/4/1625 5789/2/1629 2732/3/1626
f 444/1/1628 2731/3/1630 5789/2/1629
f 2731/3/1630 452/1/1908 2735/4/1631
f 5789/2/1629 2735/4/1631 453/1/1632
f 394/5/1590 2534/6/1589 5790/17/1633
f 2534/6/1589 354/5/1507 2537/12/1635
f 5790/17/1633 2537/12/1635 415/9/1558
f 2614/6/1634 5790/17/1633 2565/12/1636
f 420/5/1638 2832/16/1641 5791/8/1639
f 2832/16/1641 479/5/2197 2787/8/1642
f 5791/8/1639 2787/8/1642 455/5/1643
f 2666/8/1640 5791/8/1639 2616/16/1644
f 354/5/1507 2507/6/1506 5792/5/1646
f 2507/6/1506 340/5/1505 2508/6/1647
f 5792/5/1646 2508/6/1647 368/5/1648
f 2537/12/1635 5792/5/1646 2567/6/1561
f 456/1/1535 2512/4/1534 5793/2/1649
f 2512/4/1534 342/1/1518 2516/3/1621
f 5793/2/1649 2516/3/1621 369/1/1622
f 2563/3/1650 5793/2/1649 2568/4/1555
f 2521/4/1542 5794/2/1653 2634/3/1651
f 347/1/1652 2523/3/1654 5794/2/1653
f 2523/3/1654 417/1/1717 2569/4/1655
f 5794/2/1653 2569/4/1655 416/1/1656
f 2578/16/1601 5795/8/1601 2497/8/1601
f 458/5/1601 2738/8/1673 5795/8/1601
f 5795/8/1601 2738/8/1673 457/5/1601
f 2497/8/1601 5795/8/1601 2635/16/1601
f 2525/5/1657 5796/5/1658 2532/6/1577
f 370/5/1470 2570/6/1469 5796/5/1658
f 2570/6/1469 389/5/1475 2597/6/1659
f 5796/5/1658 2597/6/1659 387/6/1660
f 2668/4/1661 5797/2/1663 2684/3/1620
f 380/1/1662 2590/3/1664 5797/2/1663
f 2590/3/1664 379/1/1824 2669/4/1665
f 5797/2/1663 2669/4/1665 423/1/1481
f 2585/4/1666 5798/2/1668 2683/3/1570
f 381/1/1667 2593/3/1669 5798/2/1668
f 2593/3/1669 380/1/1662 2668/4/1661
f 5798/2/1668 2668/4/1661 422/1/1571
f 384/5/1670 2824/16/1672 5799/8/1671
f 2824/16/1672 476/5/2228 2752/8/1671
f 2752/8/1671 475/5/1601 2823/16/1601
f 5799/8/1671 2823/16/1601 376/5/1673
f 2580/1/1674 5800/1/1677 2679/6/1675
f 385/1/1676 2576/1/1678 5800/1/1677
f 2576/1/1678 386/5/7382 2579/5/1679
f 5800/1/1677 2579/5/1679 420/5/1680
f 423/5/1481 2669/6/1665 5801/1/1681
f 2669/6/1665 379/5/1824 2573/11/1682
f 5801/1/1681 2573/11/1682 385/1/1676
f 5801/1/1681 2580/1/1674 421/5/1483
f 2583/4/1683 5802/2/1685 2677/3/1490
f 375/1/1684 2591/3/1686 5802/2/1685
f 2591/3/1686 381/1/1667 2585/4/1666
f 5802/2/1685 2585/4/1666 426/1/1491
f 2671/1/1687 5803/5/1689 2676/6/1624
f 383/1/1688 2586/6/1690 5803/5/1689
f 2586/6/1690 375/5/1684 2583/6/1683
f 5803/5/1689 2583/6/1683 424/5/1489
f 2610/16/1601 5804/8/1601 2624/8/1601
f 468/5/1601 2772/8/1601 5804/8/1601
f 2772/8/1601 458/5/1601 2578/16/1601
f 5804/8/1601 2578/16/1601 332/5/1601
f 419/5/1691 2663/5/1693 5805/1/1692
f 2663/5/1693 384/5/1811 2575/1/1694
f 5805/1/1692 2575/1/1694 383/1/1688
f 2674/6/1522 5805/1/1692 2671/1/1687
f 346/5/1695 2609/16/1695 5806/8/1601
f 2609/16/1695 469/5/1695 2745/8/1673
f 2745/8/1673 468/5/1601 2610/16/1601
f 5806/8/1601 2610/16/1601 397/5/1601
f 2595/6/1696 5807/17/1698 2597/6/1659
f 367/5/1697 2559/1/1786 5807/17/1698
f 5807/17/1698 2559/1/1786 349/5/1699
f 2597/6/1659 5807/17/1698 2594/13/1700
f 2461/11/1701 5808/5/1702 2599/6/1600
f 349/5/1699 2489/6/1703 5808/5/1702
f 2489/6/1703 361/5/1706 2596/6/1704
f 5808/5/1702 2596/6/1704 390/5/1595
f 387/1/1660 2594/13/1700 5809/18/1705
f 2461/10/1701 5809/18/1705 2594/13/1700
f 388/1/1579 2600/11/1578 5809/18/1705
f 361/1/1706 2603/4/1708 5810/2/1707
f 2603/4/1708 408/1/1753 2602/3/1709
f 5810/2/1707 2602/3/1709 373/1/1465
f 2596/3/1704 5810/2/1707 2598/4/1596
f 336/1/1710 2498/4/1712 5811/2/1711
f 2498/4/1712 418/1/1768 2604/3/1713
f 5811/2/1711 2604/3/1713 367/1/1697
f 2601/3/1474 5811/2/1711 2595/4/1696
f 2608/4/1714 5812/2/1715 2523/3/1654
f 394/1/1590 2614/3/1634 5812/2/1715
f 5812/2/1715 2614/3/1634 414/1/1637
f 5812/2/1715 2612/4/1716 417/1/1717
f 341/5/1645 2616/16/1644 5813/8/1718
f 2616/16/1644 455/5/1643 2742/8/1720
f 5813/8/1718 2742/8/1720 333/5/1721
f 2511/8/1719 5813/8/1718 2826/16/1722
f 2734/4/1724 5814/5/1727 2821/5/1725
f 453/1/1632 2822/5/1728 5814/5/1727
f 2822/5/1728 487/5/2013 2813/8/1729
f 5814/5/1727 2813/8/1729 503/5/1730
f 396/5/1601 2611/16/1601 5815/8/1601
f 459/5/1601 2771/8/1601 5815/8/1601
f 2771/8/1601 467/5/1731 2617/16/1731
f 5815/8/1601 2617/16/1731 345/5/1732
f 488/5/1733 2846/2/1736 5816/8/1734
f 2846/2/1736 435/1/1937 2720/3/1737
f 2720/3/1737 451/1/1726 2662/2/1738
f 5816/8/1734 2662/2/1738 501/5/1739
f 2519/8/1740 5817/15/1741 2522/3/1541
f 392/5/1585 2619/3/1587 5817/15/1741
f 5817/15/1741 2619/3/1587 394/1/1590
f 5817/15/1741 2608/4/1714 347/1/1652
f 345/5/1732 2617/16/1731 5818/8/1742
f 2617/16/1731 467/5/1731 2744/8/1744
f 5818/8/1742 2744/8/1744 466/5/1745
f 2519/8/1743 5818/8/1742 2618/16/1746
f 2533/8/1748 5819/15/1749 2538/3/1583
f 2533/8/1748 393/5/1544 2621/3/1546
f 5819/15/1749 2621/3/1546 391/1/1551
f 5819/15/1749 2605/4/1750 374/1/1499
f 395/1/1467 2495/4/1466 5820/2/1751
f 2495/4/1466 373/1/1465 2602/3/1709
f 5820/2/1751 2602/3/1709 408/1/1753
f 2631/3/1752 5820/2/1751 2630/4/1754
f 406/1/1755 2572/4/1757 5821/2/1756
f 2572/4/1757 407/1/1762 2632/3/1758
f 5821/2/1756 2632/3/1758 372/1/1549
f 2631/3/1752 5821/2/1756 2622/4/1759
f 391/1/1551 2518/4/1550 5822/2/1760
f 2518/4/1550 372/1/1549 2632/3/1758
f 5822/2/1760 2632/3/1758 407/1/1762
f 2637/3/1761 5822/2/1760 2613/4/1763
f 2625/4/1765 5823/2/1766 2498/3/1712
f 398/1/1543 2634/3/1651 5823/2/1766
f 2634/3/1651 416/1/1656 2628/4/1767
f 5823/2/1766 2628/4/1767 418/1/1768
f 2605/6/1750 5824/5/1769 2549/10/1493
f 2605/6/1750 391/5/1551 2637/6/1761
f 5824/5/1769 2637/6/1761 404/5/1764
f 5824/5/1769 2571/6/1770 405/9/1494
f 358/5/1601 2635/16/1601 5825/8/1601
f 2635/16/1601 457/5/1601 2750/8/1601
f 5825/8/1601 2750/8/1601 474/5/1601
f 2542/8/1601 5825/8/1601 2636/16/1601
f 357/5/1601 2636/16/1601 5826/8/1601
f 2636/16/1601 474/5/1601 2749/8/1601
f 5826/8/1601 2749/8/1601 471/5/1601
f 2541/8/1601 5826/8/1601 2638/16/1601
f 2500/8/1771 5827/15/1772 2499/3/1473
f 396/5/1538 2640/3/1537 5827/15/1772
f 2640/3/1537 398/1/1543 2625/4/1765
f 5827/15/1772 2625/4/1765 336/1/1710
f 346/5/1773 2520/8/1775 5828/15/1774
f 2520/8/1775 397/5/1460 2641/3/1462
f 5828/15/1774 2641/3/1462 395/1/1467
f 2524/3/1548 5828/15/1774 2622/4/1759
f 2642/6/1776 5829/5/1777 2550/6/1616
f 2642/6/1776 402/5/1349 2368/6/1348
f 2368/6/1348 265/5/1231 2643/6/1778
f 5829/5/1777 2643/6/1778 366/5/1615
f 366/1/1615 2643/4/1778 5830/2/1779
f 2643/4/1778 265/1/1231 2366/3/1230
f 5830/2/1779 2366/3/1230 266/1/1162
f 2540/3/1611 5830/2/1779 2644/4/1780
f 356/5/1565 2644/6/1780 5831/5/1781
f 2644/6/1780 266/5/1162 2363/6/1164
f 5831/5/1781 2363/6/1164 413/5/1169
f 2564/10/1560 5831/5/1781 2645/6/1782
f 418/1/1768 2646/4/1784 5832/2/1783
f 2646/4/1784 411/1/1237 2361/3/1236
f 2361/3/1236 268/1/1235 2647/4/1785
f 5832/2/1783 2647/4/1785 367/1/1697
f 2647/6/1785 5833/5/1787 2559/1/1786
f 268/5/1235 2367/6/1241 5833/5/1787
f 2367/6/1241 267/5/1209 2648/6/1788
f 2559/1/1786 5833/5/1787 2648/6/1788
f 2648/6/1788 5834/5/1789 2489/6/1703
f 267/5/1209 2364/6/1208 5834/5/1789
f 2364/6/1208 269/5/1207 2649/6/1790
f 5834/5/1789 2649/6/1790 361/5/1706
f 2649/4/1790 5835/2/1791 2603/3/1708
f 269/1/1207 2369/3/1255 5835/2/1791
f 2369/3/1255 403/1/1193 2650/4/1792
f 5835/2/1791 2650/4/1792 408/1/1753
f 413/5/1169 2365/6/1221 5836/5/1793
f 2365/6/1221 412/5/1220 2651/6/1794
f 5836/5/1793 2651/6/1794 414/5/1637
f 2645/10/1782 5836/5/1793 2565/6/1636
f 412/1/1220 2360/4/1225 5837/2/1795
f 410/1/1201 2652/3/1796 5837/2/1795
f 2652/3/1796 417/1/1717 2612/4/1716
f 2651/3/1794 5837/2/1795 2612/4/1716
f 2358/4/1200 5838/2/1797 2652/3/1796
f 409/1/1215 2653/3/1798 5838/2/1797
f 2653/3/1798 416/1/1656 2569/4/1655
f 5838/2/1797 2569/4/1655 417/1/1717
f 2359/4/1214 5839/2/1799 2653/3/1798
f 411/1/1237 2646/3/1784 5839/2/1799
f 2646/3/1784 418/1/1768 2628/4/1767
f 5839/2/1799 2628/4/1767 416/1/1656
f 402/5/1349 2642/12/1776 5840/5/1800
f 2642/12/1776 405/9/1494 2571/6/1770
f 5840/5/1800 2571/6/1770 404/5/1764
f 2362/6/1246 5840/5/1800 2654/6/1801
f 401/1/1247 2654/4/1801 5841/2/1802
f 2654/4/1801 404/1/1764 2613/3/1763
f 2613/3/1763 407/1/1762 2655/4/1803
f 2357/3/1184 5841/2/1802 2655/4/1803
f 2655/4/1803 5842/2/1804 2356/3/1251
f 407/1/1762 2572/3/1757 5842/2/1804
f 2572/3/1757 406/1/1755 2656/4/1805
f 5842/2/1804 2656/4/1805 399/1/1191
f 2656/4/1805 5843/2/1806 2370/3/1192
f 406/1/1755 2630/3/1754 5843/2/1806
f 2630/3/1754 408/1/1753 2650/4/1792
f 5843/2/1806 2650/4/1792 403/1/1193
f 2657/6/1807 5844/1/1810 2574/5/1808
f 375/5/1684 2586/1/1690 5844/1/1810
f 2586/1/1690 383/1/1688 2575/1/1694
f 5844/1/1810 2575/1/1694 384/5/1811
f 2658/2/1812 5845/8/1815 2589/8/1813
f 381/1/1667 2591/3/1686 5845/8/1815
f 2591/3/1686 375/1/1684 2657/2/1807
f 5845/8/1815 2657/2/1807 376/5/1809
f 2659/2/1816 5846/8/1819 2592/8/1817
f 380/1/1662 2593/3/1669 5846/8/1819
f 2593/3/1669 381/1/1667 2658/2/1812
f 5846/8/1819 2658/2/1812 382/5/1814
f 378/5/1820 2660/2/1823 5847/8/1821
f 2660/2/1823 379/1/1824 2590/3/1664
f 2590/3/1664 380/1/1662 2659/2/1816
f 2587/8/1822 5847/8/1821 2659/2/1816
f 379/5/1824 2660/6/1823 5848/1/1825
f 378/5/1820 2588/5/1826 5848/1/1825
f 2588/5/1826 386/5/7382 2576/1/1678
f 2573/11/1682 5848/1/1825 2576/1/1678
f 2511/8/1827 5849/15/1830 2515/3/1828
f 465/5/1510 2494/3/1509 5849/15/1830
f 2494/3/1509 495/1/1515 2793/4/1529
f 5849/15/1830 2793/4/1529 343/1/1476
f 363/1/1613 2692/4/1832 5850/2/1831
f 2692/4/1832 432/1/1606 2544/3/1608
f 2544/3/1608 431/1/1526 2707/4/1833
f 5850/2/1831 2707/4/1833 362/1/1495
f 339/5/1834 2506/8/1836 5851/15/1835
f 2506/8/1836 489/5/1530 2503/3/1532
f 5851/15/1835 2503/3/1532 456/1/1535
f 2509/3/1504 5851/15/1835 2737/4/1837
f 2707/4/1833 5852/2/1838 2545/3/1497
f 431/1/1526 2502/3/1525 5852/2/1838
f 2502/3/1525 495/1/1515 2505/4/1514
f 5852/2/1838 2505/4/1514 338/1/1584
f 2557/4/1839 5853/2/1843 2695/3/1840
f 359/1/1842 2664/3/1844 5853/2/1843
f 2664/3/1844 371/1/1896 2566/4/1845
f 5853/2/1843 2566/4/1845 434/1/1846
f 2681/16/1601 5854/8/1601 2592/8/1601
f 483/5/1601 2759/8/1601 5854/8/1601
f 5854/8/1601 2759/8/1601 482/5/1847
f 2592/8/1601 5854/8/1601 2682/16/1671
f 368/1/1648 2719/4/1850 5855/2/1849
f 2719/4/1850 427/1/1552 2526/3/1554
f 5855/2/1849 2526/3/1554 446/1/1557
f 2560/3/1562 5855/2/1849 2706/4/1851
f 351/1/1563 2706/4/1851 5856/2/1852
f 2706/4/1851 446/1/1557 2543/3/1604
f 5856/2/1852 2543/3/1604 432/1/1606
f 2527/3/1612 5856/2/1852 2692/4/1832
f 2724/6/1853 5857/6/1857 2680/5/1854
f 450/5/1856 2675/6/2009 5857/6/1857
f 5857/6/1857 2675/6/2009 510/5/1858
f 5857/6/1857 2800/5/1859 509/5/1860
f 2840/6/1861 5858/1/1865 2802/6/1862
f 514/5/1864 2865/5/1866 5858/1/1865
f 2865/5/1866 511/5/1965 2689/6/1867
f 5858/1/1865 2689/6/1867 492/5/1868
f 360/1/1869 2558/4/1873 5859/5/1870
f 428/1/1872 2844/5/1874 5859/5/1870
f 2844/5/1874 500/5/2046 2493/8/1875
f 2615/5/1871 5859/5/1870 2493/8/1875
f 430/5/1877 2842/6/1880 5860/1/1878
f 2842/6/1880 517/5/2043 2850/5/1881
f 5860/1/1878 2850/5/1881 518/4/1882
f 2661/5/1879 5860/1/1878 2633/1/1883
f 2629/1/1885 5861/1/1889 2794/5/1886
f 525/4/1888 2862/5/1890 5861/1/1889
f 2862/5/1890 524/5/2024 2716/6/1891
f 5861/1/1889 2716/6/1891 506/5/1892
f 359/1/1842 2711/4/1894 5862/2/1893
f 2711/4/1894 444/1/1628 2697/3/1625
f 5862/2/1893 2697/3/1625 436/1/1627
f 5862/2/1893 2690/4/1895 371/1/1896
f 2709/4/1897 5863/2/1900 2702/3/1898
f 443/1/1841 2695/3/1840 5863/2/1900
f 2695/3/1840 434/1/1846 2691/4/1901
f 5863/2/1900 2691/4/1901 439/1/1902
f 2698/4/1903 5864/2/1905 2731/3/1630
f 429/1/1904 2733/3/1906 5864/2/1905
f 2733/3/1906 454/1/1999 2736/4/1907
f 5864/2/1905 2736/4/1907 452/1/1908
f 2705/4/1909 5865/2/1912 2727/3/1910
f 447/1/1899 2702/3/1898 5865/2/1912
f 2702/3/1898 439/1/1902 2693/4/1913
f 5865/2/1912 2693/4/1913 440/1/1914
f 2722/6/1915 5866/1/1919 2827/6/1916
f 2722/6/1915 430/5/2019 2661/5/1918
f 5866/1/1919 2661/5/1918 507/5/1920
f 2827/6/1916 5866/1/1919 2816/5/1921
f 442/1/1923 2718/4/1926 5867/5/1924
f 2718/4/1926 433/1/2049 2834/5/1927
f 5867/5/1924 2834/5/1927 478/5/1928
f 2825/5/1925 5867/5/1924 2804/8/1929
f 2704/4/1931 5868/2/1934 2726/3/1932
f 441/1/1933 2703/3/1935 5868/2/1934
f 2703/3/1935 447/1/1899 2705/4/1909
f 5868/2/1934 2705/4/1909 449/1/1911
f 2687/4/1936 5869/2/1938 2720/3/1737
f 436/1/1627 2732/3/1626 5869/2/1938
f 2732/3/1626 453/1/1632 2734/4/1724
f 5869/2/1938 2734/4/1724 451/1/1726
f 2717/4/1939 5870/5/1942 2673/5/1940
f 435/1/1937 2846/5/1736 5870/5/1942
f 2846/5/1736 488/5/1733 2513/8/1943
f 5870/5/1942 2513/8/1943 331/5/1944
f 2708/4/1945 5871/2/1946 2703/3/1935
f 428/1/1872 2696/3/1947 5871/2/1946
f 2696/3/1947 443/1/1841 2709/4/1897
f 5871/2/1946 2709/4/1897 447/1/1899
f 2665/16/1948 5872/8/1952 2577/8/1949
f 463/5/1951 2753/8/1953 5872/8/1952
f 2753/8/1953 477/5/2226 2828/16/1954
f 5872/8/1952 2828/16/1954 419/5/1955
f 360/1/1869 2710/4/1958 5873/2/1956
f 2710/4/1958 429/1/1904 2698/3/1903
f 5873/2/1956 2698/3/1903 444/1/1628
f 2685/3/1957 5873/2/1956 2711/4/1894
f 2633/1/1883 5874/1/1960 2801/5/1959
f 518/4/1882 2864/5/1961 5874/1/1960
f 2864/5/1961 515/5/2306 2639/6/1962
f 5874/1/1960 2639/6/1962 508/5/1963
f 2689/6/1867 5875/4/1966 2807/6/1964
f 511/5/1965 2868/5/1967 5875/4/1966
f 2868/5/1967 527/4/2302 2712/1/1968
f 5875/4/1966 2712/1/1968 498/5/1969
f 2693/4/1913 5876/2/1972 2725/3/1970
f 2693/4/1913 439/1/1902 2694/3/1971
f 5876/2/1972 2694/3/1971 442/1/1923
f 2725/3/1970 5876/2/1972 2715/4/1973
f 2729/16/1974 5877/8/1975 2688/8/1975
f 519/5/1974 2852/8/1976 5877/8/1975
f 2852/8/1976 521/5/1977 2713/16/1977
f 5877/8/1975 2713/16/1977 438/5/1978
f 2690/4/1895 5878/2/1980 2701/3/1979
f 2690/4/1895 436/1/1627 2687/3/1936
f 2687/3/1936 435/1/1937 2717/4/1939
f 5878/2/1980 2717/4/1939 350/1/1941
f 2691/4/1901 5879/2/1981 2694/3/1971
f 434/1/1846 2686/3/1982 5879/2/1981
f 2686/3/1982 433/1/2049 2718/4/1926
f 2694/3/1971 5879/2/1981 2718/4/1926
f 2766/16/1983 5880/8/1987 2753/8/1984
f 488/5/1986 2809/8/1988 5880/8/1987
f 2809/8/1988 501/5/2171 2781/16/1989
f 5880/8/1987 2781/16/1989 477/5/1990
f 493/6/1991 2812/5/1994 5881/5/1992
f 2812/5/1994 497/5/2001 2620/6/1995
f 2620/6/1995 454/5/1999 2627/6/1996
f 2810/5/1993 5881/5/1992 2627/6/1996
f 2736/4/1907 5882/5/2000 2626/5/1998
f 454/1/1999 2620/5/1995 5882/5/2000
f 5882/5/2000 2620/5/1995 497/5/2001
f 5882/5/2000 2811/8/2002 496/5/2003
f 429/1/1904 2710/4/1958 5883/5/2004
f 2710/4/1958 360/1/1869 2615/5/1871
f 5883/5/2004 2615/5/1871 330/5/1876
f 2837/5/2005 5883/5/2004 2798/8/2006
f 450/1/1856 2715/4/1973 5884/5/2008
f 2715/4/1973 442/1/1923 2825/5/1925
f 5884/5/2008 2825/5/1925 484/5/1930
f 2675/5/2009 5884/5/2008 2815/8/2010
f 2735/4/1631 5885/5/2011 2822/5/1728
f 452/1/1908 2626/5/1998 5885/5/2011
f 2626/5/1998 496/5/2003 2814/8/2012
f 5885/5/2011 2814/8/2012 487/5/2013
f 2721/2/2014 5886/8/2017 2688/8/2015
f 440/1/1914 2725/3/1970 5886/8/2017
f 2725/3/1970 450/1/1856 2724/2/1853
f 5886/8/2017 2724/2/1853 437/5/1855
f 2722/2/1915 5887/8/2020 2700/8/2018
f 448/1/1917 2726/3/1932 5887/8/2020
f 2726/3/1932 449/1/1911 2723/2/2021
f 5887/8/2020 2723/2/2021 445/5/2022
f 2716/16/1891 5888/8/2025 2806/8/2023
f 524/5/2024 2867/8/2026 5888/8/2025
f 2867/8/2026 528/5/2038 2730/16/2027
f 5888/8/2025 2730/16/2027 490/5/2028
f 2728/5/2029 5889/1/2030 2680/5/2030
f 520/5/2029 2851/5/2030 5889/1/2030
f 2851/5/2030 519/5/1974 2729/6/1974
f 5889/1/2030 2729/6/1974 437/5/1974
f 2723/2/2021 5890/8/2032 2699/8/2031
f 449/1/1911 2727/3/1910 5890/8/2032
f 2727/3/1910 440/1/1914 2721/2/2014
f 5890/8/2032 2721/2/2014 438/5/2016
f 2704/4/1931 5891/5/2034 2830/5/2033
f 448/1/1917 2827/5/1916 5891/5/2034
f 2827/5/1916 486/5/1922 2803/8/2035
f 5891/5/2034 2803/8/2035 485/5/2036
f 2730/6/2027 5892/1/2037 2805/3/2037
f 528/5/2038 2866/5/2039 5892/1/2037
f 2866/5/2039 514/5/1864 2840/6/1861
f 5892/1/2037 2840/6/1861 491/16/1863
f 445/5/2040 2841/16/2040 5893/8/2041
f 2841/16/2040 522/5/2040 2855/8/2041
f 5893/8/2041 2855/8/2041 517/5/2043
f 2700/8/2042 5893/8/2041 2842/16/1880
f 2708/4/1945 5894/5/2044 2844/5/1874
f 441/1/1933 2830/5/2033 5894/5/2044
f 2830/5/2033 485/5/2036 2796/8/2045
f 5894/5/2044 2796/8/2045 500/5/2046
f 2566/4/1845 5895/2/2047 2686/3/1982
f 371/1/1896 2701/3/1979 5895/2/2047
f 2701/3/1979 350/1/1941 2531/4/2048
f 5895/2/2047 2531/4/2048 433/1/2049
f 2531/4/2048 5896/5/2050 2834/5/1927
f 350/1/1941 2673/5/1940 5896/5/2050
f 2673/5/1940 331/5/1944 2797/8/2051
f 5896/5/2050 2797/8/2051 478/5/1928
f 2558/4/1873 5897/2/2052 2696/3/1947
f 360/1/1869 2685/3/1957 5897/2/2052
f 2685/3/1957 359/1/1842 2557/4/1839
f 5897/2/2052 2557/4/1839 443/1/1841
f 2762/16/2053 5898/8/2057 2748/8/2054
f 484/5/2056 2804/8/2058 5898/8/2057
f 2804/8/2058 478/5/2132 2754/16/2059
f 5898/8/2057 2754/16/2059 464/5/2060
f 472/5/2061 2764/6/2064 5899/6/2062
f 2764/6/2064 486/5/2109 2816/5/2065
f 5899/6/2062 2816/5/2065 507/7/1884
f 2761/5/2063 5899/6/2062 2789/1/2066
f 2714/16/2068 5900/8/2072 2501/8/2069
f 331/5/2071 2513/8/2073 5900/8/2072
f 2513/8/2073 488/5/1986 2766/16/1983
f 5900/8/2072 2766/16/1983 463/5/1985
f 2792/16/2074 5901/8/2078 2760/8/2075
f 510/5/2077 2815/8/2079 5901/8/2078
f 2815/8/2079 484/5/2056 2762/16/2053
f 5901/8/2078 2762/16/2053 473/5/2055
f 499/5/2007 2820/8/2081 5902/15/2080
f 2820/8/2081 494/5/1997 2627/3/1996
f 5902/15/2080 2627/3/1996 454/1/1999
f 2837/3/2005 5902/15/2080 2733/4/1906
f 480/5/2082 2773/1/2085 5903/1/2083
f 2773/1/2085 493/4/2144 2810/5/2086
f 5903/1/2083 2810/5/2086 494/5/2087
f 2755/5/2084 5903/1/2083 2774/6/2088
f 483/5/2090 2765/16/2093 5904/8/2091
f 2765/16/2093 487/5/2130 2814/8/2094
f 5904/8/2091 2814/8/2094 496/5/2095
f 2759/8/2092 5904/8/2091 2776/16/2096
f 462/5/2098 2780/16/2101 5905/8/2099
f 2780/16/2101 500/5/2163 2796/8/2102
f 5905/8/2099 2796/8/2102 485/5/2103
f 2740/8/2100 5905/8/2099 2763/16/2104
f 461/5/2105 2763/16/2104 5906/8/2106
f 2763/16/2104 485/5/2103 2803/8/2108
f 5906/8/2106 2803/8/2108 486/5/2109
f 2747/8/2107 5906/8/2106 2764/16/2064
f 2770/2/2110 5907/8/2113 2751/8/2111
f 492/1/1868 2807/3/1964 5907/8/2113
f 2807/3/1964 498/1/1969 2778/2/2114
f 5907/8/2113 2778/2/2114 460/5/2115
f 2788/16/1892 5908/8/2023 2750/8/2116
f 506/5/1892 2806/8/2023 5908/8/2023
f 2806/8/2023 490/5/2028 2768/16/2028
f 5908/8/2023 2768/16/2028 474/5/2118
f 479/5/2089 2774/16/2088 5909/8/2119
f 2774/16/2088 494/5/2087 2820/8/2121
f 5909/8/2119 2820/8/2121 499/5/2122
f 2787/8/2120 5909/8/2119 2779/16/2123
f 475/5/2125 2783/16/2128 5910/8/2126
f 2783/16/2128 503/5/2128 2813/8/2129
f 5910/8/2126 2813/8/2129 487/5/2130
f 2758/8/2127 5910/8/2126 2765/16/2093
f 2754/16/2059 5911/8/2133 2741/8/2131
f 478/5/2132 2797/8/2134 5911/8/2133
f 2797/8/2134 331/5/2071 2714/16/2068
f 5911/8/2133 2714/16/2068 334/5/2070
f 2768/6/2028 5912/1/2037 2749/5/2135
f 490/5/2028 2805/3/2037 5912/1/2037
f 2805/3/2037 491/16/1863 2769/1/1863
f 5912/1/2037 2769/1/1863 471/5/2136
f 2769/1/1863 5913/5/2138 2746/5/2137
f 491/16/1863 2802/6/1862 5913/5/2138
f 2802/6/1862 492/5/1868 2770/6/2110
f 5913/5/2138 2770/6/2110 470/5/2112
f 481/5/2139 2777/6/2142 5914/1/2140
f 2777/6/2142 497/5/2154 2812/5/2143
f 5914/1/2140 2812/5/2143 493/4/2144
f 2757/5/2141 5914/1/2140 2773/1/2085
f 455/5/2124 2779/16/2123 5915/8/2145
f 2779/16/2123 499/5/2122 2798/8/2147
f 5915/8/2145 2798/8/2147 330/5/2148
f 2742/8/2146 5915/8/2145 2767/16/2149
f 482/5/2097 2776/16/2096 5916/8/2151
f 2776/16/2096 496/5/2095 2811/8/2153
f 5916/8/2151 2811/8/2153 497/5/2154
f 2756/8/2152 5916/8/2151 2777/16/2142
f 2778/2/2114 5917/8/2156 2739/8/2155
f 498/1/1969 2795/3/2157 5917/8/2156
f 2795/3/2157 504/1/2296 2785/2/2158
f 5917/8/2156 2785/2/2158 459/5/2159
f 333/5/2150 2767/16/2149 5918/8/2160
f 2767/16/2149 330/5/2148 2493/8/2162
f 5918/8/2160 2493/8/2162 500/5/2163
f 2514/8/2161 5918/8/2160 2780/16/2101
f 2790/16/2164 5919/8/2167 2772/8/2165
f 508/5/1963 2818/8/2168 5919/8/2167
f 2818/8/2168 505/5/1887 2786/16/2169
f 5919/8/2167 2786/16/2169 458/5/2169
f 2781/6/1989 5920/1/2172 2784/5/2170
f 501/5/2171 2819/5/2173 5920/1/2172
f 2819/5/2173 502/4/7383 2782/1/2174
f 5920/1/2172 2782/1/2174 476/5/2175
f 476/5/2175 2782/1/2174 5921/1/2176
f 2782/1/2174 502/4/7383 2808/5/2178
f 5921/1/2176 2808/5/2178 503/5/2128
f 2752/5/2177 5921/1/2176 2783/6/2128
f 459/5/2159 2785/6/2158 5922/1/2179
f 2785/6/2158 504/5/2296 2817/1/2181
f 5922/1/2179 2817/1/2181 509/7/2182
f 2771/5/2180 5922/1/2179 2791/6/2183
f 2786/16/2169 5923/8/2186 2738/8/2185
f 505/5/1887 2794/8/1886 5923/8/2186
f 2794/8/1886 506/5/1892 2788/16/1892
f 5923/8/2186 2788/16/1892 457/5/2117
f 469/5/2067 2789/1/2066 5924/1/2187
f 2789/1/2066 507/7/1884 2801/5/1959
f 5924/1/2187 2801/5/1959 508/5/1963
f 2745/5/2188 5924/1/2187 2790/6/2164
f 2791/6/2183 5925/1/2190 2744/5/2189
f 509/7/2182 2800/5/2191 5925/1/2190
f 2800/5/2191 510/5/2077 2792/6/2074
f 5925/1/2190 2792/6/2074 466/5/2076
f 386/6/2192 2833/8/2195 5926/8/2193
f 2833/8/2195 480/6/7384 2755/8/2196
f 5926/8/2193 2755/8/2196 479/5/2197
f 2579/8/2194 5926/8/2193 2832/16/1641
f 2618/16/1746 5927/8/2199 2606/8/2198
f 466/5/1745 2760/8/2200 5927/8/2199
f 2760/8/2200 473/5/2243 2835/16/2201
f 5927/8/2199 2835/16/2201 355/5/2202
f 2836/16/2203 5928/8/2206 2607/8/2204
f 472/5/2205 2761/8/2207 5928/8/2206
f 2761/8/2207 469/5/1695 2609/16/1695
f 5928/8/2206 2609/16/1695 346/5/1695
f 337/5/2208 2839/16/2211 5929/8/2209
f 2839/16/2211 462/5/2252 2740/8/2212
f 5929/8/2209 2740/8/2212 461/5/2213
f 2504/8/2210 5929/8/2209 2838/16/2214
f 2775/16/2216 5930/8/2220 2799/8/2217
f 334/5/2219 2501/8/2221 5930/8/2220
f 2501/8/2221 463/5/1951 2665/16/1948
f 5930/8/2220 2665/16/1948 344/5/1950
f 353/5/2215 2838/16/2214 5931/8/2222
f 2838/16/2214 461/5/2213 2747/8/2224
f 2747/8/2224 472/5/2205 2836/16/2203
f 5931/8/2222 2836/16/2203 393/5/2203
f 2828/16/1954 5932/8/2227 2663/8/2225
f 477/5/2226 2784/8/7385 5932/8/2227
f 5932/8/2227 2784/8/7385 476/5/2228
f 2663/8/2225 5932/8/2227 2824/16/1672
f 502/6/2229 2819/5/2232 5933/5/2230
f 2819/5/2232 501/5/1739 2662/6/1738
f 5933/5/2230 2662/6/1738 451/5/1726
f 2808/5/2231 5933/5/2230 2821/6/1725
f 377/5/1848 2682/16/1671 5934/8/2233
f 2682/16/1671 482/5/1847 2756/8/2235
f 2756/8/2235 481/5/2239 2845/16/2236
f 5934/8/2233 2845/16/2236 378/5/2237
f 2845/16/2236 5935/8/2240 2588/8/2238
f 481/5/2239 2757/8/2241 5935/8/2240
f 2757/8/2241 480/6/7384 2833/8/2195
f 5935/8/2240 2833/8/2195 386/6/2192
f 2829/16/1601 5936/8/1601 2562/8/1601
f 470/5/1601 2751/8/1601 5936/8/1601
f 2751/8/1601 460/5/1601 2831/16/1601
f 5936/8/1601 2831/16/1601 335/5/1601
f 2835/16/2201 5937/8/2244 2536/8/2242
f 473/5/2243 2748/8/2245 5937/8/2244
f 2748/8/2245 464/5/2254 2843/16/2246
f 5937/8/2244 2843/16/2246 339/5/2247
f 2823/16/1601 5938/8/1601 2589/8/1601
f 475/5/1601 2758/8/1601 5938/8/1601
f 2758/8/1601 483/5/1601 2681/16/1601
f 5938/8/1601 2681/16/1601 382/5/1601
f 340/1/1505 2737/4/1837 5939/2/2248
f 2737/4/1837 456/1/1535 2563/3/1650
f 5939/2/2248 2563/3/1650 427/1/1552
f 2508/3/1647 5939/2/2248 2719/4/1850
f 465/5/1723 2826/16/1722 5940/8/2249
f 2826/16/1722 333/5/1721 2514/8/2251
f 5940/8/2249 2514/8/2251 462/5/2252
f 2743/8/2250 5940/8/2249 2839/16/2211
f 2843/16/2246 5941/8/2255 2506/8/2253
f 464/5/2254 2741/8/2256 5941/8/2255
f 2741/8/2256 334/5/2219 2775/16/2216
f 5941/8/2255 2775/16/2216 489/5/2218
f 523/1/2257 2861/4/2259 5942/5/2258
f 2861/4/2259 513/1/2273 2848/5/2260
f 5942/5/2258 2848/5/2260 514/5/2261
f 2871/5/2258 5942/5/2258 2866/8/2262
f 525/6/2261 2870/5/2264 5943/5/2264
f 2870/5/2264 515/5/2291 2849/6/2265
f 5943/5/2264 2849/6/2265 516/5/2266
f 2862/5/2264 5943/5/2264 2872/6/2267
f 2857/5/2268 5944/8/2270 2861/3/2259
f 522/5/2269 2854/8/2271 5944/8/2270
f 2854/8/2271 521/5/2280 2853/5/2272
f 5944/8/2270 2853/5/2272 513/1/2273
f 513/1/2273 2859/4/2275 5945/5/2274
f 2859/4/2275 512/1/2284 2847/5/2262
f 5945/5/2274 2847/5/2262 511/5/2261
f 2848/5/2260 5945/5/2274 2865/8/2261
f 516/1/2266 2856/5/2278 5946/8/2276
f 2856/5/2278 517/5/2288 2855/8/2279
f 2855/8/2279 522/5/2269 2857/5/2268
f 5946/8/2276 2857/5/2268 523/1/2257
f 2853/5/2272 5947/8/2281 2859/3/2275
f 521/5/2280 2852/8/2282 5947/8/2281
f 2852/8/2282 519/5/2285 2858/5/2283
f 5947/8/2281 2858/5/2283 512/1/2284
f 2858/5/2283 5948/1/2286 2873/5/2261
f 519/5/2285 2851/8/2287 5948/1/2286
f 2851/8/2287 520/5/2261 2869/8/2261
f 5948/1/2286 2869/8/2261 526/5/2261
f 517/5/2288 2856/6/2278 5949/6/2289
f 2856/6/2278 516/5/2266 2849/6/2265
f 5949/6/2289 2849/6/2265 515/5/2291
f 5949/6/2289 2864/5/2292 518/6/2293
f 527/6/2294 2868/5/2294 5950/5/2261
f 2868/5/2294 511/5/2261 2847/6/2262
f 5950/5/2261 2847/6/2262 512/5/2284
f 2863/5/2261 5950/5/2261 2873/6/2261
f 2860/4/2277 5951/5/2295 2872/5/2267
f 523/1/2257 2871/5/2258 5951/5/2295
f 2871/5/2258 528/5/2263 2867/8/2264
f 5951/5/2295 2867/8/2264 524/5/2264
f 504/5/2296 2874/6/2298 5952/1/2297
f 2874/6/2298 526/5/7386 2869/5/2299
f 5952/1/2297 2869/5/2299 520/5/2300
f 2817/1/2181 5952/1/2297 2728/5/2301
f 2712/1/1968 5953/1/2303 2795/6/2157
f 527/4/2302 2863/5/2304 5953/1/2303
f 2863/5/2304 526/5/7386 2874/6/2298
f 5953/1/2303 2874/6/2298 504/5/2296
f 2713/16/1977 5954/8/2305 2699/8/2305
f 521/5/1977 2854/8/2305 5954/8/2305
f 5954/8/2305 2854/8/2305 522/5/2040
f 2699/8/2305 5954/8/2305 2841/16/2040
f 2639/6/1962 5955/1/2307 2818/5/2168
f 515/5/2306 2870/5/2308 5955/1/2307
f 2870/5/2308 525/4/1888 2629/1/1885
f 5955/1/2307 2629/1/1885 505/5/1887
f 341/5/1829 2515/2/1828 5956/8/2309
f 2515/2/1828 343/1/1476 2667/3/1478
f 5956/8/2309 2667/3/1478 421/1/1483
f 2666/8/2310 5956/8/2309 2679/2/1675
f 598/1/2311 2972/4/2314 5957/2/2312
f 2972/4/2314 535/1/2347 2875/3/2315
f 5957/2/2312 2875/3/2315 529/1/2316
f 3022/3/2313 5957/2/2312 2887/4/2317
f 2975/4/2319 5958/2/2323 3019/3/2320
f 532/1/2322 2884/3/2324 5958/2/2323
f 2884/3/2324 540/1/2334 2888/4/2325
f 5958/2/2323 2888/4/2325 582/1/2326
f 579/1/2318 2887/4/2317 5959/2/2327
f 2887/4/2317 529/1/2316 2876/3/2329
f 5959/2/2327 2876/3/2329 536/1/2330
f 3016/3/2328 5959/2/2327 2889/4/2331
f 2888/4/2325 5960/2/2335 3013/3/2333
f 540/1/2334 2885/3/2336 5960/2/2335
f 2885/3/2336 534/1/2349 2890/4/2337
f 5960/2/2335 2890/4/2337 588/1/2338
f 585/1/2332 2889/4/2331 5961/2/2339
f 2889/4/2331 536/1/2330 2886/3/2341
f 5961/2/2339 2886/3/2341 532/1/2322
f 3010/3/2340 5961/2/2339 2975/4/2319
f 604/1/2342 2978/4/2345 5962/2/2343
f 2978/4/2345 531/1/2359 2879/3/2346
f 5962/2/2343 2879/3/2346 535/1/2347
f 3007/3/2344 5962/2/2343 2972/4/2314
f 2890/4/2337 5963/2/2350 3004/3/2348
f 534/1/2349 2881/3/3507 5963/2/2350
f 5963/2/2350 2881/3/3507 539/1/2351
f 3004/3/2348 5963/2/2350 2891/4/2352
f 607/1/2354 2981/4/2358 5964/2/2355
f 537/1/2357 2878/3/3495 5964/2/2355
f 5964/2/2355 2878/3/3495 531/1/2359
f 3001/3/2356 5964/2/2355 2978/4/2345
f 2984/4/2360 5965/2/2364 2998/3/2361
f 533/1/2363 2882/3/2365 5965/2/2364
f 2882/3/2365 537/1/2357 2981/4/2358
f 2998/3/2361 5965/2/2364 2981/4/2358
f 591/1/2353 2891/4/2352 5966/2/2366
f 2891/4/2352 539/1/2351 2880/3/2368
f 5966/2/2366 2880/3/2368 530/1/2369
f 2995/3/2367 5966/2/2366 2892/4/2370
f 594/1/2371 2892/4/2370 5967/2/2372
f 530/1/2369 2877/3/2374 5967/2/2372
f 2877/3/2374 538/1/2378 2893/4/2375
f 5967/2/2372 2893/4/2375 597/1/2376
f 2893/4/2375 5968/2/2379 2989/3/2377
f 538/1/2378 2883/3/2380 5968/2/2379
f 2883/3/2380 533/1/2363 2984/4/2360
f 5968/2/2379 2984/4/2360 610/1/2362
f 1598/19/2381 2900/1/2385 5969/5/2382
f 552/5/2384 2901/6/6795 5969/5/2382
f 5969/5/2382 2901/6/6795 550/5/2386
f 4988/7/2383 5969/5/2382 4963/6/2387
f 1596/7/2389 2899/6/2392 5970/6/2390
f 2899/6/2392 551/5/2399 2902/6/2393
f 5970/6/2390 2902/6/2393 552/5/2384
f 4986/6/2391 5970/6/2390 2900/1/2385
f 1594/5/2394 2898/6/2397 5971/5/2395
f 2898/6/2397 548/5/2416 2903/6/2398
f 5971/5/2395 2903/6/2398 551/5/2399
f 4984/1/2396 5971/5/2395 2899/6/2392
f 1607/7/2388 4963/6/2387 5972/1/2400
f 4963/6/2387 550/5/2386 2904/1/2402
f 5972/1/2400 2904/1/2402 549/7/2403
f 4982/6/2401 5972/1/2400 4961/6/2404
f 4961/6/2404 5973/1/2407 4980/6/2406
f 549/5/2403 2905/5/2408 5973/1/2407
f 2905/5/2408 547/7/6781 4959/10/2409
f 4980/6/2406 5973/1/2407 4959/10/2409
f 1592/1/2411 2897/4/2414 5974/2/2412
f 2897/4/2414 546/1/2436 2906/3/2415
f 5974/2/2412 2906/3/2415 548/1/2416
f 4978/3/2413 5974/2/2412 2898/3/2397
f 1603/20/2410 4959/10/2409 5975/1/2417
f 4959/10/2409 547/7/6781 2907/5/2419
f 5975/1/2417 2907/5/2419 542/5/2420
f 4976/5/2418 5975/1/2417 4955/2/2421
f 1590/1/2423 2896/22/2426 5976/2/2424
f 2896/22/2426 545/1/2442 2908/3/2427
f 5976/2/2424 2908/3/2427 544/1/2428
f 4974/3/2425 5976/2/2424 4957/4/2429
f 1588/1/2431 2895/4/2434 5977/2/2432
f 2895/4/2434 543/1/2446 2909/3/2435
f 5977/2/2432 2909/3/2435 546/1/2436
f 4972/3/2433 5977/2/2432 2897/4/2414
f 1586/20/2437 2894/6/2440 5978/5/2438
f 2894/6/2440 541/5/2450 2910/6/2441
f 5978/5/2438 2910/6/2441 545/5/2442
f 4970/6/2439 5978/5/2438 2896/6/2426
f 1601/1/2430 4957/4/2429 5979/2/2443
f 4957/4/2429 544/1/2428 2911/3/2445
f 5979/2/2443 2911/3/2445 543/1/2446
f 4968/3/2444 5979/2/2443 2895/4/2434
f 1599/21/2422 4955/2/2421 5980/5/2447
f 4955/2/2421 542/7/2420 2912/6/2449
f 5980/5/2447 2912/6/2449 541/5/2450
f 4966/5/2448 5980/5/2447 2894/6/2440
f 1612/1/2451 2933/4/2454 5981/2/2452
f 2933/4/2454 559/1/2464 2918/3/2455
f 5981/2/2452 2918/3/2455 564/1/2456
f 5012/3/2453 5981/2/2452 4998/4/2457
f 1611/1/2459 2932/4/2462 5982/2/2460
f 2932/4/2462 558/1/2470 2919/3/2463
f 5982/2/2460 2919/3/2463 559/1/2464
f 5011/3/2461 5982/2/2460 2933/4/2454
f 1620/1/2465 3467/4/2468 5983/2/2466
f 3467/4/2468 557/1/2487 2920/3/2469
f 5983/2/2466 2920/3/2469 558/1/2470
f 5010/3/2467 5983/2/2466 2932/4/2462
f 1618/1/2458 4998/4/2457 5984/2/2471
f 4998/4/2457 564/1/2456 2921/3/2473
f 2921/3/2473 563/1/2477 4997/4/2474
f 5984/2/2471 4997/4/2474 1617/1/2475
f 4997/4/2474 5985/2/2478 5008/3/2476
f 563/1/2477 2922/3/2479 5985/2/2478
f 2922/3/2479 562/1/2489 4996/4/2480
f 5985/2/2478 4996/4/2480 1616/1/2481
f 1609/1/2482 2930/4/2485 5986/2/2483
f 2930/4/2485 556/1/2507 2923/3/2486
f 5986/2/2483 2923/3/2486 557/1/2487
f 5007/3/2484 5986/2/2483 3467/4/2468
f 4996/4/2480 5987/2/2490 5006/3/2488
f 562/1/2489 2924/3/2491 5987/2/2490
f 2924/3/2491 560/1/2519 4995/4/2492
f 5987/2/2490 4995/4/2492 1615/1/2493
f 3024/4/2494 5988/2/2498 5005/3/2495
f 555/1/2497 2925/3/2499 5988/2/2498
f 2925/3/2499 561/1/2516 4990/4/2500
f 5988/2/2498 4990/4/2500 1610/1/2501
f 1619/1/2502 3466/4/2505 5989/2/2503
f 3466/4/2505 554/1/2517 2926/3/2506
f 5989/2/2503 2926/3/2506 556/1/2507
f 5004/3/2504 5989/2/2503 2930/4/2485
f 3023/4/2508 5990/2/2512 5003/3/2509
f 553/1/2511 2927/3/2513 5990/2/2512
f 2927/3/2513 555/1/2497 3024/4/2494
f 5990/2/2512 3024/4/2494 1614/1/2496
f 1610/1/2501 4990/4/2500 5991/2/2514
f 561/1/2516 2928/3/2632 5991/2/2514
f 5991/2/2514 2928/3/2632 554/1/2517
f 5002/3/2515 5991/2/2514 3466/4/2505
f 4995/4/2492 5992/2/2520 5001/3/2518
f 560/1/2519 2929/3/2521 5992/2/2520
f 2929/3/2521 553/1/2511 3023/4/2508
f 5992/2/2520 3023/4/2508 1613/1/2510
f 559/1/2464 2969/4/2523 5993/2/2522
f 2969/4/2523 595/1/2527 2987/3/2524
f 5993/2/2522 2987/3/2524 612/1/2525
f 2918/3/2455 5993/2/2522 2917/4/2526
f 595/1/2527 2970/4/2529 5994/2/2528
f 2970/4/2529 596/1/2533 2988/3/2530
f 5994/2/2528 2988/3/2530 611/1/2531
f 2987/3/2524 5994/2/2528 2986/4/2532
f 596/1/2533 2971/4/2535 5995/2/2534
f 2971/4/2535 597/1/2376 2989/3/2377
f 2989/3/2377 610/1/2362 2985/4/2536
f 2988/3/2530 5995/2/2534 2985/4/2536
f 558/1/2470 2966/4/2538 5996/2/2537
f 2966/4/2538 592/1/2540 2990/3/2539
f 5996/2/2537 2990/3/2539 595/1/2527
f 2919/3/2463 5996/2/2537 2969/4/2523
f 592/1/2540 2967/4/2542 5997/2/2541
f 2967/4/2542 593/1/2544 2991/3/2543
f 5997/2/2541 2991/3/2543 596/1/2533
f 2990/3/2539 5997/2/2541 2970/4/2529
f 593/1/2544 2968/4/2546 5998/2/2545
f 2968/4/2546 594/1/2371 2992/3/2373
f 5998/2/2545 2992/3/2373 597/1/2376
f 2991/3/2543 5998/2/2545 2971/4/2535
f 557/1/2487 2963/4/2548 5999/2/2547
f 2963/4/2548 589/1/2550 2993/3/2549
f 5999/2/2547 2993/3/2549 592/1/2540
f 2920/3/2469 5999/2/2547 2966/4/2538
f 589/1/2550 2964/4/2552 6000/2/2551
f 2964/4/2552 590/1/2554 2994/3/2553
f 6000/2/2551 2994/3/2553 593/1/2544
f 2993/3/2549 6000/2/2551 2967/4/2542
f 590/1/2554 2965/4/2556 6001/2/2555
f 2965/4/2556 591/1/2353 2995/3/2367
f 6001/2/2555 2995/3/2367 594/1/2371
f 2994/3/2553 6001/2/2555 2968/4/2546
f 2917/4/2526 6002/2/2557 2921/3/2473
f 612/1/2525 2996/3/2558 6002/2/2557
f 2996/3/2558 609/1/2563 2916/4/2559
f 6002/2/2557 2916/4/2559 563/1/2477
f 2986/4/2532 6003/2/2560 2996/3/2558
f 611/1/2531 2997/3/2561 6003/2/2560
f 2997/3/2561 608/1/2566 2983/4/2562
f 6003/2/2560 2983/4/2562 609/1/2563
f 2985/4/2536 6004/2/2564 2997/3/2561
f 610/1/2362 2998/3/2361 6004/2/2564
f 2998/3/2361 607/1/2354 2982/4/2565
f 6004/2/2564 2982/4/2565 608/1/2566
f 2916/4/2559 6005/2/2567 2922/3/2479
f 609/1/2563 2999/3/2568 6005/2/2567
f 2999/3/2568 606/1/2573 2915/4/2569
f 6005/2/2567 2915/4/2569 562/1/2489
f 2983/4/2562 6006/2/2570 2999/3/2568
f 608/1/2566 3000/3/2571 6006/2/2570
f 3000/3/2571 605/1/2576 2980/4/2572
f 6006/2/2570 2980/4/2572 606/1/2573
f 2982/4/2565 6007/2/2574 3000/3/2571
f 607/1/2354 3001/3/2356 6007/2/2574
f 3001/3/2356 604/1/2342 2979/4/2575
f 6007/2/2574 2979/4/2575 605/1/2576
f 556/1/2507 2960/4/2578 6008/2/2577
f 2960/4/2578 586/1/2580 3002/3/2579
f 6008/2/2577 3002/3/2579 589/1/2550
f 2923/3/2486 6008/2/2577 2963/4/2548
f 586/1/2580 2961/4/2582 6009/2/2581
f 2961/4/2582 587/1/2584 3003/3/2583
f 6009/2/2581 3003/3/2583 590/1/2554
f 3002/3/2579 6009/2/2581 2964/4/2552
f 587/1/2584 2962/4/2586 6010/2/2585
f 2962/4/2586 588/1/2338 3004/3/2348
f 6010/2/2585 3004/3/2348 591/1/2353
f 3003/3/2583 6010/2/2585 2965/4/2556
f 2915/4/2569 6011/2/2587 2924/3/2491
f 606/1/2573 3005/3/2588 6011/2/2587
f 3005/3/2588 600/1/2593 2913/4/2589
f 6011/2/2587 2913/4/2589 560/1/2519
f 2980/4/2572 6012/2/2590 3005/3/2588
f 605/1/2576 3006/3/2591 6012/2/2590
f 3006/3/2591 599/1/2596 2974/4/2592
f 6012/2/2590 2974/4/2592 600/1/2593
f 2979/4/2575 6013/2/2594 3006/3/2591
f 604/1/2342 3007/3/2344 6013/2/2594
f 3007/3/2344 598/1/2311 2973/4/2595
f 6013/2/2594 2973/4/2595 599/1/2596
f 2957/4/2597 6014/2/2599 2925/3/2499
f 583/1/2598 3008/3/2600 6014/2/2599
f 3008/3/2600 603/1/2607 2914/4/2601
f 6014/2/2599 2914/4/2601 561/1/2516
f 2958/4/2602 6015/2/2604 3008/3/2600
f 584/1/2603 3009/3/2605 6015/2/2604
f 3009/3/2605 602/1/2611 2977/4/2606
f 6015/2/2604 2977/4/2606 603/1/2607
f 584/1/2603 2959/4/2609 6016/2/2608
f 2959/4/2609 585/1/2332 3010/3/2340
f 6016/2/2608 3010/3/2340 601/1/2321
f 3009/3/2605 6016/2/2608 2976/4/2610
f 2954/4/2612 6017/2/2614 2926/3/2506
f 580/1/2613 3011/3/2616 6017/2/2614
f 6017/2/2614 3011/3/2616 586/1/2580
f 2926/3/2506 6017/2/2614 2960/4/2578
f 2955/4/2615 6018/2/2618 3011/3/2616
f 2955/4/2615 581/1/2619 3012/3/2617
f 6018/2/2618 3012/3/2617 587/1/2584
f 6018/2/2618 2961/4/2582 586/1/2580
f 581/1/2619 2956/4/2621 6019/2/2620
f 2956/4/2621 582/1/2326 3013/3/2333
f 6019/2/2620 3013/3/2333 588/1/2338
f 3012/3/2617 6019/2/2620 2962/4/2586
f 2951/4/2622 6020/2/2624 2927/3/2513
f 577/1/2623 3014/3/2625 6020/2/2624
f 3014/3/2625 583/1/2598 2957/4/2597
f 6020/2/2624 2957/4/2597 555/1/2497
f 2952/4/2626 6021/2/2628 3014/3/2625
f 578/1/2627 3015/3/2629 6021/2/2628
f 3015/3/2629 584/1/2603 2958/4/2602
f 6021/2/2628 2958/4/2602 583/1/2598
f 2953/4/2630 6022/2/2631 3015/3/2629
f 2953/4/2630 579/1/2318 3016/3/2328
f 6022/2/2631 3016/3/2328 585/1/2332
f 6022/2/2631 2959/4/2609 584/1/2603
f 2914/4/2601 6023/2/2633 2928/3/2632
f 603/1/2607 3017/3/2634 6023/2/2633
f 3017/3/2634 580/1/2613 2954/4/2612
f 6023/2/2633 2954/4/2612 554/1/2517
f 2977/4/2606 6024/2/2635 3017/3/2634
f 602/1/2611 3018/3/2636 6024/2/2635
f 3018/3/2636 581/1/2619 2955/4/2615
f 6024/2/2635 2955/4/2615 580/1/2613
f 602/1/2611 2976/4/2610 6025/2/2637
f 2976/4/2610 601/1/2321 3019/3/2320
f 6025/2/2637 3019/3/2320 582/1/2326
f 3018/3/2636 6025/2/2637 2956/4/2621
f 2913/4/2589 6026/2/2638 2929/3/2521
f 600/1/2593 3020/3/2639 6026/2/2638
f 3020/3/2639 577/1/2623 2951/4/2622
f 6026/2/2638 2951/4/2622 553/1/2511
f 2974/4/2592 6027/2/2640 3020/3/2639
f 599/1/2596 3021/3/2641 6027/2/2640
f 3021/3/2641 578/1/2627 2952/4/2626
f 6027/2/2640 2952/4/2626 577/1/2623
f 2973/4/2595 6028/2/2642 3021/3/2641
f 598/1/2311 3022/3/2313 6028/2/2642
f 3022/3/2313 579/1/2318 2953/4/2630
f 6028/2/2642 2953/4/2630 578/1/2627
f 3443/4/2643 6029/2/2647 3431/3/2644
f 812/1/2646 3421/3/2648 6029/2/2647
f 3421/3/2648 616/1/2821 3031/4/2649
f 6029/2/2647 3031/4/2649 742/1/2650
f 820/5/2651 3442/6/2654 6030/5/2652
f 3442/6/2654 813/5/3433 3422/6/2655
f 6030/5/2652 3422/6/2655 620/5/2656
f 3429/1/2653 6030/5/2652 3034/6/2657
f 821/1/2659 3441/4/2662 6031/2/2660
f 3441/4/2662 814/1/2800 3423/3/2663
f 6031/2/2660 3423/3/2663 618/1/2664
f 3430/3/2661 6031/2/2660 3037/4/2665
f 817/5/2667 3440/6/2670 6032/5/2668
f 3440/6/2670 811/5/3437 3030/6/2671
f 6032/5/2668 3030/6/2671 614/5/2672
f 3426/1/2669 6032/5/2668 3040/6/2673
f 3050/4/2675 6033/2/2679 3068/3/2676
f 625/1/2678 3069/3/2680 6033/2/2679
f 3069/3/2680 800/1/2709 3413/4/2681
f 6033/2/2679 3413/4/2681 799/1/2682
f 3397/4/2683 6034/2/2687 3330/3/2684
f 753/1/2686 3297/3/2688 6034/2/2687
f 3297/3/2688 642/1/2847 3089/4/2689
f 3330/3/2684 6034/2/2687 3089/4/2689
f 3419/4/2691 6035/2/2695 3294/3/2692
f 750/1/2694 3041/3/3424 6035/2/2695
f 6035/2/2695 3041/3/3424 621/1/2696
f 3294/3/2692 6035/2/2695 3045/4/2697
f 3418/6/2699 6036/11/2703 3078/12/2700
f 808/5/2702 3401/11/3226 6036/11/2703
f 6036/11/2703 3401/11/3226 739/4/2704
f 3078/12/2700 6036/11/2703 3281/11/2705
f 3417/6/2707 6037/22/2711 3296/6/2708
f 3417/6/2707 751/5/2799 3393/1/2710
f 3393/1/2710 623/1/3233 3047/1/2712
f 6037/22/2711 3047/1/2712 641/5/2713
f 3416/4/2714 6038/2/2718 3403/3/2715
f 752/1/2717 3398/3/2719 6038/2/2718
f 3398/3/2719 622/1/2727 3048/4/2720
f 6038/2/2718 3048/4/2720 746/1/2721
f 3415/4/2722 6039/2/2724 3398/3/2719
f 743/1/2723 3391/3/2725 6039/2/2724
f 3391/3/2725 639/1/2732 3064/4/2726
f 6039/2/2724 3064/4/2726 622/1/2727
f 3414/4/2728 6040/2/2729 3391/3/2725
f 799/1/2682 3348/3/2730 6040/2/2729
f 3348/3/2730 640/1/2735 3065/4/2731
f 6040/2/2729 3065/4/2731 639/1/2732
f 3413/4/2681 6041/2/2733 3348/3/2730
f 800/1/2709 3296/3/2708 6041/2/2733
f 3296/3/2708 641/1/2713 3066/4/2734
f 6041/2/2733 3066/4/2734 640/1/2735
f 3280/6/2736 6042/11/2740 3062/12/2737
f 3280/6/2736 737/5/3295 3273/11/2739
f 6042/11/2740 3273/11/2739 738/6/2741
f 6042/11/2740 3279/11/2742 637/9/2743
f 3038/1/2744 6043/11/2748 3284/1/2745
f 734/1/2747 3277/11/2750 6043/11/2748
f 740/7/2749 3284/1/2745 6043/11/2748
f 3412/6/2751 6044/5/2754 3295/12/2752
f 3412/6/2751 802/5/2693 3294/6/2692
f 6044/5/2754 3294/6/2692 638/5/2698
f 3295/12/2752 6044/5/2754 3063/6/2755
f 792/1/2756 3395/4/2760 6045/2/2757
f 772/1/2759 3160/3/3087 6045/2/2757
f 6045/2/2757 3160/3/3087 681/1/2761
f 3336/3/2758 6045/2/2757 3161/4/2762
f 790/1/2764 3394/4/2767 6046/2/2765
f 3394/4/2767 765/1/2977 3309/3/2768
f 6046/2/2765 3309/3/2768 667/1/2769
f 3334/3/2766 6046/2/2765 3137/4/2770
f 711/1/2772 3222/4/2775 6047/2/2773
f 3222/4/2775 655/1/2911 3109/3/2776
f 3109/3/2776 654/1/2941 3113/4/2777
f 3228/3/2774 6047/2/2773 3113/4/2777
f 3056/6/2779 6048/5/2783 3071/6/2780
f 631/5/2782 3072/6/2784 6048/5/2783
f 3072/6/2784 802/5/2693 3412/6/2751
f 6048/5/2783 3412/6/2751 801/5/2753
f 793/5/2785 3039/11/2788 6049/5/2786
f 3039/11/2788 617/23/2746 3057/6/2789
f 3057/6/2789 804/5/2701 3411/6/2790
f 6049/5/2786 3411/6/2790 809/5/2791
f 619/1/2792 3251/4/2795 6050/2/2793
f 3251/4/2795 723/1/3418 3245/3/2796
f 6050/2/2793 3245/3/2796 803/1/2797
f 3035/3/2794 6050/2/2793 3410/4/2798
f 814/5/2800 3439/6/2803 6051/17/2801
f 815/5/2802 3424/1/2804 6051/17/2801
f 3424/1/2804 633/1/2810 3058/1/2805
f 6051/17/2801 3058/1/2805 618/5/2664
f 815/5/2802 3438/6/2807 6052/17/2806
f 3438/6/2807 816/5/2811 3425/1/2808
f 3425/1/2808 634/1/2815 3059/1/2809
f 3424/1/2804 6052/17/2806 3059/1/2809
f 816/5/2811 3437/6/2813 6053/17/2812
f 3437/6/2813 817/5/2667 3426/1/2669
f 6053/17/2812 3426/1/2669 635/1/2674
f 3425/1/2808 6053/17/2812 3060/1/2814
f 3436/6/2816 6054/17/2818 3421/6/2648
f 818/5/2817 3427/1/2819 6054/17/2818
f 3427/1/2819 628/1/2827 3052/1/2820
f 6054/17/2818 3052/1/2820 616/5/2821
f 3435/6/2822 6055/17/2824 3427/1/2819
f 819/5/2823 3428/1/2825 6055/17/2824
f 3428/1/2825 629/1/2831 3053/1/2826
f 6055/17/2824 3053/1/2826 628/1/2827
f 3434/6/2828 6056/17/2829 3428/1/2825
f 3434/6/2828 820/5/2651 3429/1/2653
f 3429/1/2653 630/1/2658 3054/1/2830
f 3428/1/2825 6056/17/2829 3054/1/2830
f 754/1/2832 3390/4/2835 6057/2/2833
f 3390/4/2835 756/1/3122 3300/3/2836
f 6057/2/2833 3300/3/2836 649/1/2837
f 3298/3/2834 6057/2/2833 3097/4/2838
f 785/1/2840 3389/4/2843 6058/2/2841
f 3389/4/2843 754/1/2832 3298/3/2834
f 6058/2/2841 3298/3/2834 645/1/2839
f 3329/3/2842 6058/2/2841 3091/4/2844
f 3089/4/2689 6059/2/2848 3218/3/2846
f 642/1/2847 3086/3/2849 6059/2/2848
f 3086/3/2849 644/1/2871 3216/4/2850
f 6059/2/2848 3216/4/2850 709/1/2851
f 708/1/2845 3091/4/2844 6060/2/2852
f 3091/4/2844 645/1/2839 3087/3/2854
f 6060/2/2852 3087/3/2854 643/1/2855
f 3217/3/2853 6060/2/2852 3214/4/2856
f 691/5/2858 3182/1/2862 6061/6/2859
f 653/1/2861 3103/1/3408 6061/6/2859
f 6061/6/2859 3103/1/3408 651/6/2863
f 6061/6/2859 3105/1/2864 690/5/2865
f 3099/4/2866 6062/2/2868 3086/3/2849
f 646/1/2867 3094/3/2869 6062/2/2868
f 3094/3/2869 648/1/3121 3098/4/2870
f 6062/2/2868 3098/4/2870 644/1/2871
f 645/1/2839 3097/4/2838 6063/2/2872
f 3097/4/2838 649/1/2837 3095/3/2873
f 6063/2/2872 3095/3/2873 647/1/2874
f 3087/3/2854 6063/2/2872 3100/4/2875
f 3388/4/2876 6064/2/2878 3297/3/2688
f 755/1/2877 3299/3/2879 6064/2/2878
f 3299/3/2879 646/1/2867 3099/4/2866
f 6064/2/2878 3099/4/2866 642/1/2847
f 3104/1/2880 6065/6/2884 3387/6/2881
f 3104/1/2880 652/1/2901 3102/1/2883
f 6065/6/2884 3102/1/2883 650/4/2885
f 3387/6/2881 6065/6/2884 3301/1/2886
f 3386/6/2888 6066/4/2891 3322/6/2889
f 757/5/2887 3301/1/2886 6066/4/2891
f 6066/4/2891 3301/1/2886 650/4/2885
f 6066/4/2891 3107/1/2892 692/5/2893
f 777/5/2894 3385/6/2897 6067/4/2895
f 3385/6/2897 758/5/2882 3302/11/2898
f 6067/4/2895 3302/11/2898 653/1/2861
f 3321/6/2896 6067/4/2895 3182/1/2862
f 3107/1/2892 6068/3/2900 3185/6/2899
f 650/4/2885 3102/1/2883 6068/3/2900
f 6068/3/2900 3102/1/2883 652/1/2901
f 3185/6/2899 6068/3/2900 3184/1/2902
f 759/1/2904 3384/4/2907 6069/2/2905
f 3384/4/2907 761/1/3134 3305/3/2908
f 6069/2/2905 3305/3/2908 659/1/2909
f 3303/3/2906 6069/2/2905 3121/4/2910
f 3383/4/2912 6070/2/2916 3332/3/2913
f 760/1/2915 3112/3/2917 6070/2/2916
f 3112/3/2917 657/1/2921 3115/4/2918
f 6070/2/2916 3115/4/2918 712/1/2919
f 3115/4/2918 6071/2/2922 3226/3/2920
f 657/1/2921 3110/3/2923 6071/2/2922
f 3110/3/2923 656/1/2951 3116/4/2924
f 6071/2/2922 3116/4/2924 713/1/2925
f 787/1/2926 3382/4/2929 6072/2/2927
f 3382/4/2929 759/1/2904 3303/3/2906
f 6072/2/2927 3303/3/2906 655/1/2911
f 3331/3/2928 6072/2/2927 3222/4/2775
f 3381/6/2930 6073/4/2934 3324/6/2931
f 764/5/2933 3128/11/2957 6073/4/2934
f 6073/4/2934 3128/11/2957 665/6/2935
f 6073/4/2934 3129/1/2936 694/5/2937
f 655/1/2911 3121/4/2910 6074/2/2938
f 3121/4/2910 659/1/2909 3117/3/2939
f 3117/3/2939 658/1/3133 3123/4/2940
f 6074/2/2938 3123/4/2940 654/1/2941
f 3380/4/2942 6075/2/2944 3112/3/2917
f 762/1/2943 3120/3/2945 6075/2/2944
f 3120/3/2945 661/1/2947 3124/4/2946
f 6075/2/2944 3124/4/2946 657/1/2921
f 3124/4/2946 6076/2/2948 3110/3/2923
f 661/1/2947 3118/3/3138 6076/2/2948
f 6076/2/2948 3118/3/3138 660/1/2949
f 6076/2/2948 3122/4/2950 656/1/2951
f 3127/1/2952 6077/6/2956 3379/6/2953
f 3127/1/2952 664/1/2960 3126/1/2955
f 3126/1/2955 665/6/2935 3128/11/2957
f 3379/6/2953 6077/6/2956 3128/11/2957
f 3129/1/2936 6078/3/2959 3195/6/2958
f 665/6/2935 3126/1/2955 6078/3/2959
f 6078/3/2959 3126/1/2955 664/1/2960
f 6078/3/2959 3131/1/2961 696/5/2962
f 779/5/2963 3378/6/2966 6079/4/2964
f 3378/6/2966 763/5/2954 3307/11/2967
f 6079/4/2964 3307/11/2967 663/6/2968
f 3323/6/2965 6079/4/2964 3132/1/2969
f 697/5/2970 3132/1/2969 6080/3/2971
f 663/6/2968 3125/1/3394 6080/3/2971
f 6080/3/2971 3125/1/3394 662/6/2973
f 3193/6/2972 6080/3/2971 3190/1/2974
f 3377/4/2976 6081/2/2979 3309/3/2768
f 767/1/2978 3311/3/2980 6081/2/2979
f 3311/3/2980 671/1/3009 3145/4/2981
f 6081/2/2979 3145/4/2981 667/1/2769
f 3137/4/2770 6082/2/2983 3235/3/2982
f 667/1/2769 3133/3/2984 6082/2/2983
f 3133/3/2984 666/1/3013 3139/4/2985
f 6082/2/2983 3139/4/2985 716/1/2986
f 789/1/2987 3376/4/2991 6083/2/2988
f 766/1/2990 3136/3/3015 6083/2/2988
f 6083/2/2988 3136/3/3015 669/1/2992
f 3333/3/2989 6083/2/2988 3140/4/2993
f 717/1/2994 3140/4/2993 6084/2/2995
f 3140/4/2993 669/1/2992 3134/3/2997
f 6084/2/2995 3134/3/2997 668/1/2998
f 3233/3/2996 6084/2/2995 3230/4/2999
f 699/5/3001 3198/1/3005 6085/6/3002
f 675/1/3004 3149/1/3386 6085/6/3002
f 6085/6/3002 3149/1/3386 674/6/3006
f 6085/6/3002 3153/1/3007 698/5/3008
f 3145/4/2981 6086/2/3010 3133/3/2984
f 671/1/3009 3141/3/3011 6086/2/3010
f 3141/3/3011 670/1/3154 3147/4/3012
f 6086/2/3010 3147/4/3012 666/1/3013
f 3375/4/3014 6087/2/3017 3136/3/3015
f 768/1/3016 3144/3/3018 6087/2/3017
f 3144/3/3018 673/1/3146 3148/4/3019
f 6087/2/3017 3148/4/3019 669/1/2992
f 669/1/2992 3148/4/3019 6088/2/3020
f 3148/4/3019 673/1/3146 3142/3/3021
f 6088/2/3020 3142/3/3021 672/1/3022
f 3134/3/2997 6088/2/3020 3146/4/3023
f 769/5/3024 3151/1/3028 6089/6/3025
f 676/1/3027 3150/1/7387 6089/6/3025
f 6089/6/3025 3150/1/7387 677/4/3029
f 3374/6/3026 6089/6/3025 3152/1/3030
f 3373/6/3032 6090/4/3035 3326/6/3033
f 770/5/3031 3152/1/3030 6090/4/3035
f 6090/4/3035 3152/1/3030 677/4/3029
f 6090/4/3035 3155/1/3036 700/5/3037
f 3155/1/3036 6091/3/3039 3202/6/3038
f 677/4/3029 3150/1/7387 6091/3/3039
f 6091/3/3039 3150/1/7387 676/1/3027
f 3202/6/3038 6091/3/3039 3156/1/3040
f 781/5/3042 3372/6/3045 6092/4/3043
f 3372/6/3045 769/5/3024 3313/11/3046
f 6092/4/3043 3313/11/3046 675/1/3004
f 3325/6/3044 6092/4/3043 3198/1/3005
f 3170/4/3047 6093/2/3050 3159/3/3048
f 685/1/3049 3167/3/3051 6093/2/3050
f 3167/3/3051 684/1/3162 3169/4/3052
f 6093/2/3050 3169/4/3052 680/1/3053
f 3161/4/2762 6094/2/3055 3243/3/3054
f 681/1/2761 3159/3/3048 6094/2/3055
f 3159/3/3048 680/1/3053 3163/4/3056
f 6094/2/3055 3163/4/3056 720/1/3057
f 3240/4/3058 6095/2/3062 3242/3/3059
f 679/1/3061 3157/3/3063 6095/2/3062
f 3157/3/3063 678/1/3085 3238/4/3064
f 6095/2/3062 3238/4/3064 719/1/3065
f 3371/4/3066 6096/2/3070 3335/3/3067
f 771/1/3069 3315/3/3071 6096/2/3070
f 3315/3/3071 679/1/3061 3240/4/3058
f 6096/2/3070 3240/4/3058 721/1/3060
f 3370/6/3072 6097/4/3076 3328/6/3073
f 3370/6/3072 776/5/3100 3176/11/3075
f 6097/4/3076 3176/11/3075 689/6/3077
f 3328/6/3073 6097/4/3076 3177/1/3078
f 3172/4/3080 6098/2/3082 3157/3/3063
f 683/1/3081 3165/3/3083 6098/2/3082
f 3165/3/3083 682/1/3158 3171/4/3084
f 6098/2/3082 3171/4/3084 678/1/3085
f 3369/4/3086 6099/2/3089 3160/3/3087
f 774/1/3088 3168/3/3090 6099/2/3089
f 3168/3/3090 685/1/3049 3170/4/3047
f 6099/2/3089 3170/4/3047 681/1/2761
f 771/1/3069 3368/4/3093 6100/2/3091
f 773/1/3092 3317/3/3094 6100/2/3091
f 3317/3/3094 683/1/3081 3172/4/3080
f 6100/2/3091 3172/4/3080 679/1/3061
f 3174/1/3095 6101/6/3099 3367/6/3096
f 688/1/3098 3175/1/7388 6101/6/3099
f 6101/6/3099 3175/1/7388 689/6/3077
f 6101/6/3099 3176/11/3075 776/5/3100
f 783/5/3101 3366/6/3104 6102/4/3102
f 3366/6/3104 775/5/3097 3319/11/3105
f 6102/4/3102 3319/11/3105 687/6/3106
f 6102/4/3102 3179/1/3107 704/5/3108
f 702/5/3079 3177/1/3078 6103/3/3109
f 689/6/3077 3175/1/7388 6103/3/3109
f 6103/3/3109 3175/1/7388 688/1/3098
f 3210/6/3110 6103/3/3109 3208/1/3111
f 3179/1/3107 6104/3/3114 3209/6/3113
f 687/6/3106 3173/1/3375 6104/3/3114
f 6104/3/3114 3173/1/3375 686/6/3115
f 6104/3/3114 3206/1/3116 703/5/3117
f 3183/4/3118 6105/2/3119 3094/3/2869
f 692/1/2893 3185/3/2899 6105/2/3119
f 6105/2/3119 3185/3/2899 693/1/2903
f 3094/3/2869 6105/2/3119 3108/4/3120
f 756/1/3122 3365/4/3124 6106/2/3123
f 3365/4/3124 777/1/2894 3321/3/2896
f 6106/2/3123 3321/3/2896 691/1/2858
f 3300/3/2836 6106/2/3123 3106/4/3125
f 3364/4/3126 6107/2/3127 3299/3/2879
f 778/1/2890 3322/3/2889 6107/2/3127
f 3322/3/2889 692/1/2893 3183/4/3118
f 6107/2/3127 3183/4/3118 646/1/2867
f 649/1/2837 3106/4/3125 6108/2/3128
f 3106/4/3125 691/1/2858 3188/3/2860
f 3188/3/2860 690/1/2865 3181/4/3129
f 3095/3/2873 6108/2/3128 3181/4/3129
f 659/1/2909 3192/4/3131 6109/2/3130
f 3192/4/3131 697/1/2970 3193/3/2972
f 6109/2/3130 3193/3/2972 695/1/2975
f 6109/2/3130 3130/4/3132 658/1/3133
f 761/1/3134 3363/4/3136 6110/2/3135
f 3363/4/3136 779/1/2963 3323/3/2965
f 6110/2/3135 3323/3/2965 697/1/2970
f 3305/3/2908 6110/2/3135 3192/4/3131
f 3189/4/3137 6111/2/3139 3118/3/3138
f 694/1/2937 3195/3/2958 6111/2/3139
f 3195/3/2958 696/1/2962 3191/4/3140
f 6111/2/3139 3191/4/3140 660/1/2949
f 3362/4/3141 6112/2/3142 3120/3/2945
f 780/1/2932 3324/3/2931 6112/2/3142
f 3324/3/2931 694/1/2937 3189/4/3137
f 6112/2/3142 3189/4/3137 661/1/2947
f 767/1/2978 3361/4/3144 6113/2/3143
f 3361/4/3144 781/1/3042 3325/3/3044
f 6113/2/3143 3325/3/3044 699/1/3001
f 3311/3/2980 6113/2/3143 3154/4/3145
f 673/1/3146 3199/4/3148 6114/2/3147
f 3199/4/3148 700/1/3037 3202/3/3038
f 6114/2/3147 3202/3/3038 701/1/3041
f 3142/3/3021 6114/2/3147 3200/4/3149
f 3360/4/3150 6115/2/3151 3144/3/3018
f 782/1/3034 3326/3/3033 6115/2/3151
f 3326/3/3033 700/1/3037 3199/4/3148
f 6115/2/3151 3199/4/3148 673/1/3146
f 3154/4/3145 6116/2/3152 3141/3/3011
f 3154/4/3145 699/1/3001 3204/3/3003
f 3204/3/3003 698/1/3008 3197/4/3153
f 6116/2/3152 3197/4/3153 670/1/3154
f 3207/4/3155 6117/2/3156 3165/3/3083
f 704/1/3108 3209/3/3113 6117/2/3156
f 3209/3/3113 703/1/3117 3178/4/3157
f 6117/2/3156 3178/4/3157 682/1/3158
f 685/1/3049 3205/4/3160 6118/2/3159
f 3205/4/3160 702/1/3079 3210/3/3110
f 6118/2/3159 3210/3/3110 705/1/3112
f 3167/3/3051 6118/2/3159 3180/4/3161
f 3359/4/3163 6119/2/3164 3317/3/3094
f 3359/4/3163 783/1/3101 3327/3/3103
f 3327/3/3103 704/1/3108 3207/4/3155
f 6119/2/3164 3207/4/3155 683/1/3081
f 3358/4/3165 6120/2/3166 3168/3/3090
f 784/1/3074 3328/3/3073 6120/2/3166
f 6120/2/3166 3328/3/3073 702/1/3079
f 6120/2/3166 3205/4/3160 685/1/3049
f 3215/6/3167 6121/5/3168 3052/6/2820
f 3215/6/3167 708/5/2845 3217/6/2853
f 6121/5/3168 3217/6/2853 707/5/2857
f 3052/6/2820 6121/5/3168 3090/6/3169
f 614/5/2672 3213/6/3171 6122/5/3170
f 3213/6/3171 706/5/2690 3218/6/2846
f 6122/5/3170 3218/6/2846 709/5/2851
f 3040/1/2673 6122/5/3170 3092/6/3172
f 749/5/3173 3357/6/3176 6123/5/3174
f 3357/6/3176 785/5/2840 3329/6/2842
f 6123/5/3174 3329/6/2842 708/5/2845
f 3293/1/3175 6123/5/3174 3215/6/3167
f 742/1/2650 3356/4/3179 6124/2/3177
f 3356/4/3179 786/1/2685 3330/3/2684
f 6124/2/3177 3330/3/2684 706/1/2690
f 3286/3/3178 6124/2/3177 3213/4/3171
f 748/5/3180 3355/6/3183 6125/5/3181
f 3355/6/3183 787/5/2926 3331/6/2928
f 6125/5/3181 3331/6/2928 711/5/2772
f 3292/1/3182 6125/5/3181 3114/6/3184
f 3223/6/3185 6126/5/3186 3060/1/2814
f 712/5/2919 3226/6/2920 6126/5/3186
f 3226/6/2920 713/5/2925 3224/6/3187
f 6126/5/3186 3224/6/3187 634/1/2815
f 3354/6/3188 6127/5/3190 3075/1/3189
f 788/5/2914 3332/6/2913 6127/5/3190
f 3332/6/2913 712/5/2919 3223/6/3185
f 3075/1/3189 6127/5/3190 3223/6/3185
f 629/1/2831 3114/6/3184 6128/5/3191
f 3114/6/3184 711/5/2772 3228/6/2774
f 6128/5/3191 3228/6/2774 710/5/2778
f 3053/1/2826 6128/5/3191 3221/6/3192
f 3232/6/3193 6129/5/3194 3059/1/2809
f 3232/6/3193 717/5/2994 3233/6/2996
f 6129/5/3194 3233/6/2996 715/5/3000
f 3059/1/2809 6129/5/3194 3138/6/3195
f 748/5/3180 3353/6/3198 6130/5/3196
f 3353/6/3198 789/5/2987 3333/6/2989
f 6130/5/3196 3333/6/2989 717/5/2994
f 3074/1/3197 6130/5/3196 3232/6/3193
f 3229/6/3199 6131/5/3200 3054/1/2830
f 714/5/2771 3235/6/2982 6131/5/3200
f 3235/6/2982 716/5/2986 3231/6/3201
f 3054/1/2830 6131/5/3200 3231/6/3201
f 747/5/3202 3352/6/3205 6132/5/3203
f 3352/6/3205 790/5/2764 3334/6/2766
f 6132/5/3203 3334/6/2766 714/5/2771
f 3291/1/3204 6132/5/3203 3229/6/3199
f 3351/4/3206 6133/2/3208 3288/3/3207
f 791/1/3068 3335/3/3067 6133/2/3208
f 3335/3/3067 721/1/3060 3164/4/3209
f 6133/2/3208 3164/4/3209 620/1/2656
f 3164/6/3209 6134/5/3210 3034/1/2657
f 721/5/3060 3242/6/3059 6134/5/3210
f 6134/5/3210 3242/6/3059 719/5/3065
f 3034/1/2657 6134/5/3210 3162/6/3211
f 3237/6/3212 6135/5/3213 3058/6/2805
f 718/5/2763 3243/6/3054 6135/5/3213
f 3243/6/3054 720/5/3057 3239/6/3214
f 6135/5/3213 3239/6/3214 618/5/2664
f 747/5/3202 3350/6/3217 6136/5/3215
f 3350/6/3217 792/5/2756 3336/6/2758
f 6136/5/3215 3336/6/2758 718/5/2763
f 3073/1/3216 6136/5/3215 3237/6/3212
f 3411/6/2790 6137/17/3219 3402/6/3218
f 804/5/2701 3078/12/2700 6137/17/3219
f 3078/12/2700 724/9/2706 3248/12/3220
f 6137/17/3219 3248/12/3220 794/5/3221
f 3278/1/3222 6138/5/3225 3077/6/3223
f 739/4/2704 3401/6/3226 6138/5/3225
f 3401/6/3226 808/5/2702 3409/6/3227
f 6138/5/3225 3409/6/3227 805/5/3228
f 751/5/2799 3410/6/2798 6139/5/3229
f 3410/6/2798 803/5/2797 3287/6/3230
f 6139/5/3229 3287/6/3230 722/5/3231
f 3393/1/2710 6139/5/3229 3252/6/3232
f 3258/6/3234 6140/5/3236 3252/1/3232
f 727/5/3235 3256/6/3237 6140/5/3236
f 3256/6/3237 725/5/3323 3257/6/3238
f 6140/5/3236 3257/6/3238 623/1/3233
f 828/5/3239 3347/6/3242 6141/4/3240
f 3347/6/3242 797/5/3265 3261/11/3243
f 6141/4/3240 3261/11/3243 730/6/3244
f 3455/6/3241 6141/4/3240 3265/1/3245
f 624/1/3247 3260/6/3250 6142/5/3248
f 3260/6/3250 726/5/3264 3255/6/3251
f 6142/5/3248 3255/6/3251 728/5/3252
f 3250/1/3249 6142/5/3248 3259/6/3253
f 3346/4/3254 6143/2/3257 3338/3/3255
f 796/1/3256 3340/3/3258 6143/2/3257
f 3340/3/3258 727/1/3235 3258/4/3234
f 6143/2/3257 3258/4/3234 722/1/3231
f 745/5/3259 3345/6/3262 6144/5/3260
f 3345/6/3262 795/5/3482 3253/6/3263
f 6144/5/3260 3253/6/3263 726/5/3264
f 3046/1/3261 6144/5/3260 3260/6/3250
f 797/5/3265 3344/6/3267 6145/1/3266
f 3344/6/3267 798/5/3282 3262/11/3268
f 6145/1/3266 3262/11/3268 732/4/3269
f 3261/11/3243 6145/1/3266 3263/1/3270
f 825/5/3271 3446/1/3274 6146/6/3272
f 3446/1/3274 731/1/3284 3264/1/3275
f 6146/6/3272 3264/1/3275 729/6/3276
f 3454/6/3273 6146/6/3272 3445/1/3277
f 3343/6/3279 6147/4/3283 3453/6/3280
f 798/5/3282 3342/4/3321 6147/4/3283
f 6147/4/3283 3342/4/3321 731/1/3284
f 3453/6/3280 6147/4/3283 3446/1/3274
f 3265/1/3245 6148/3/3286 3452/6/3285
f 730/6/3244 3263/1/3270 6148/3/3286
f 6148/3/3286 3263/1/3270 732/4/3269
f 6148/3/3286 3447/1/3287 826/5/3288
f 3409/6/3227 6149/4/3290 3269/6/3289
f 808/5/2702 3276/1/3291 6149/4/3290
f 3276/1/3291 740/7/2749 3277/11/2750
f 3269/6/3289 6149/4/3290 3277/11/2750
f 3408/4/3292 6150/2/3294 3077/3/3223
f 3408/4/3292 806/1/3297 3076/3/3293
f 6150/2/3294 3076/3/3293 737/1/3295
f 6150/2/3294 3272/4/3296 733/1/3224
f 806/5/3297 3407/6/3300 6151/1/3298
f 807/5/3299 3036/11/3417 6151/1/3298
f 6151/1/3298 3036/11/3417 738/6/2741
f 3076/6/3293 6151/1/3298 3273/11/2739
f 801/5/2753 3406/6/3302 6152/4/3301
f 3406/6/3302 807/5/3299 3275/1/3303
f 6152/4/3301 3275/1/3303 736/6/3304
f 3071/1/2780 6152/4/3301 3282/1/3305
f 724/9/2706 3281/11/2705 6153/5/3306
f 3281/11/2705 739/4/2704 3278/6/3222
f 6153/5/3306 3278/6/3222 733/5/3224
f 3250/1/3249 6153/5/3306 3283/6/3307
f 3457/1/3308 6154/6/3311 3456/1/3309
f 735/5/3310 3270/6/3312 6154/6/3311
f 3270/6/3312 734/6/2747 3038/1/2744
f 3456/1/3309 6154/6/3311 3038/1/2744
f 3283/6/3307 6155/5/3314 3061/6/3313
f 3283/6/3307 733/5/3224 3272/6/3296
f 3272/6/3296 737/5/3295 3280/6/2736
f 6155/5/3314 3280/6/2736 636/5/2738
f 632/4/2781 3282/1/3305 6156/7/3315
f 736/6/3304 3271/6/3316 6156/7/3315
f 3457/1/3308 6156/7/3315 3271/1/3316
f 3447/1/3287 6157/5/3318 3451/6/3317
f 732/4/3269 3262/6/3268 6157/5/3318
f 3262/6/3268 798/5/3282 3343/6/3279
f 6157/5/3318 3343/6/3279 827/5/3281
f 3264/1/3275 6158/5/3320 3341/6/3319
f 731/1/3284 3342/6/3321 6158/5/3320
f 3342/6/3321 798/5/3282 3344/6/3267
f 6158/5/3320 3344/6/3267 797/5/3265
f 3257/6/3238 6159/5/3324 3289/6/3322
f 725/5/3323 3339/6/3325 6159/5/3324
f 3339/6/3325 795/5/3482 3345/6/3262
f 6159/5/3324 3345/6/3262 745/5/3259
f 724/9/2706 3259/6/3253 6160/5/3326
f 3259/6/3253 728/5/3252 3254/6/3327
f 3254/6/3327 796/5/3256 3346/6/3254
f 3248/6/3220 6160/5/3326 3346/6/3254
f 824/5/3278 3445/1/3277 6161/5/3328
f 729/6/3276 3341/6/3319 6161/5/3328
f 3341/6/3319 797/5/3265 3347/6/3242
f 3450/6/3329 6161/5/3328 3347/6/3242
f 734/5/2747 3270/6/3312 6162/5/3330
f 3270/6/3312 735/1/3310 3274/6/3331
f 6162/5/3330 3274/6/3331 806/5/3297
f 3269/6/3289 6162/5/3330 3408/6/3292
f 803/1/2797 3405/4/3333 6163/2/3332
f 809/1/2791 3402/3/3218 6163/2/3332
f 3402/3/3218 794/1/3221 3338/4/3255
f 3287/3/3230 6163/2/3332 3338/4/3255
f 3162/6/3211 6164/5/3334 3291/6/3204
f 719/5/3065 3244/6/3335 6164/5/3334
f 3244/6/3335 792/5/2756 3350/6/3217
f 3291/6/3204 6164/5/3334 3350/6/3217
f 3239/4/3214 6165/2/3336 3037/3/2665
f 720/1/3057 3241/3/3337 6165/2/3336
f 3241/3/3337 791/1/3068 3351/4/3206
f 6165/2/3336 3351/4/3206 744/1/2666
f 3138/6/3195 6166/5/3338 3073/6/3216
f 715/5/3000 3236/6/3339 6166/5/3338
f 3236/6/3339 790/5/2764 3352/6/3205
f 6166/5/3338 3352/6/3205 747/5/3202
f 3231/6/3201 6167/5/3340 3292/6/3182
f 716/5/2986 3234/6/3341 6167/5/3340
f 3234/6/3341 789/5/2987 3353/6/3198
f 3292/6/3182 6167/5/3340 3353/6/3198
f 3221/6/3192 6168/5/3342 3293/6/3175
f 710/5/2778 3227/6/3343 6168/5/3342
f 3227/6/3343 788/5/2914 3354/6/3188
f 6168/5/3342 3354/6/3188 749/5/3173
f 3224/6/3187 6169/5/3344 3074/6/3197
f 713/5/2925 3225/6/3400 6169/5/3344
f 6169/5/3344 3225/6/3400 787/5/2926
f 3074/6/3197 6169/5/3344 3355/6/3183
f 616/1/2821 3090/4/3169 6170/2/3345
f 707/1/2857 3220/3/3346 6170/2/3345
f 3220/3/3346 786/1/2685 3356/4/3179
f 3031/3/2649 6170/2/3345 3356/4/3179
f 3092/6/3172 6171/5/3348 3075/6/3189
f 3092/6/3172 709/5/2851 3219/6/3347
f 6171/5/3348 3219/6/3347 785/5/2840
f 3075/6/3189 6171/5/3348 3357/6/3176
f 3178/4/3157 6172/2/3350 3318/3/3349
f 703/1/3117 3212/3/3351 6172/2/3350
f 3212/3/3351 784/1/3074 3358/4/3165
f 6172/2/3350 3358/4/3165 774/1/3088
f 3180/4/3161 6173/2/3354 3166/3/3352
f 3180/4/3161 705/1/3112 3211/3/3353
f 6173/2/3354 3211/3/3353 783/1/3101
f 6173/2/3354 3359/4/3163 773/1/3092
f 3197/4/3153 6174/2/3356 3312/3/3355
f 698/1/3008 3203/3/3357 6174/2/3356
f 3203/3/3357 782/1/3034 3360/4/3150
f 6174/2/3356 3360/4/3150 768/1/3016
f 672/1/3022 3200/4/3149 6175/2/3358
f 3200/4/3149 701/1/3041 3201/3/3360
f 6175/2/3358 3201/3/3360 781/1/3042
f 3143/3/3359 6175/2/3358 3361/4/3144
f 3130/4/3132 6176/2/3362 3306/3/3361
f 695/1/2975 3196/3/3363 6176/2/3362
f 3196/3/3363 780/1/2932 3362/4/3141
f 6176/2/3362 3362/4/3141 762/1/2943
f 660/1/2949 3191/4/3140 6177/2/3364
f 3191/4/3140 696/1/2962 3194/3/3366
f 6177/2/3364 3194/3/3366 779/1/2963
f 3119/3/3365 6177/2/3364 3363/4/3136
f 3181/4/3129 6178/2/3368 3093/3/3367
f 690/1/2865 3187/3/3369 6178/2/3368
f 3187/3/3369 778/1/2890 3364/4/3126
f 6178/2/3368 3364/4/3126 755/1/2877
f 648/1/3121 3108/4/3120 6179/2/3370
f 3108/4/3120 693/1/2903 3186/3/3372
f 6179/2/3370 3186/3/3372 777/1/2894
f 3096/3/3371 6179/2/3370 3365/4/3124
f 705/5/3112 3208/1/3111 6180/5/3373
f 688/1/3098 3174/6/3095 6180/5/3373
f 3174/6/3095 775/5/3097 3366/6/3104
f 3211/6/3353 6180/5/3373 3366/6/3104
f 687/6/3106 3319/6/3105 6181/5/3374
f 775/5/3097 3367/6/3096 6181/5/3374
f 3367/6/3096 776/5/3100 3320/6/3376
f 6181/5/3374 3320/6/3376 686/6/3115
f 3169/4/3052 6182/2/3378 3158/3/3377
f 684/1/3162 3166/3/3352 6182/2/3378
f 3166/3/3352 773/1/3092 3368/4/3093
f 6182/2/3378 3368/4/3093 771/1/3069
f 3171/4/3084 6183/2/3380 3316/3/3379
f 682/1/3158 3318/3/3349 6183/2/3380
f 3318/3/3349 774/1/3088 3369/4/3086
f 6183/2/3380 3369/4/3086 772/1/2759
f 3206/1/3116 6184/5/3381 3212/6/3351
f 686/6/3115 3320/6/3376 6184/5/3381
f 3320/6/3376 776/5/3100 3370/6/3072
f 6184/5/3381 3370/6/3072 784/5/3074
f 3163/4/3056 6185/2/3382 3241/3/3337
f 680/1/3053 3158/3/3377 6185/2/3382
f 3158/3/3377 771/1/3069 3371/4/3066
f 6185/2/3382 3371/4/3066 791/1/3068
f 701/5/3041 3156/1/3040 6186/5/3383
f 676/1/3027 3151/6/3028 6186/5/3383
f 6186/5/3383 3151/6/3028 769/5/3024
f 3201/6/3360 6186/5/3383 3372/6/3045
f 3153/1/3007 6187/5/3384 3203/6/3357
f 674/6/3006 3314/6/3385 6187/5/3384
f 3314/6/3385 770/5/3031 3373/6/3032
f 6187/5/3384 3373/6/3032 782/5/3034
f 3313/6/3046 6188/5/3387 3149/1/3386
f 769/5/3024 3374/6/3026 6188/5/3387
f 6188/5/3387 3374/6/3026 770/5/3031
f 3149/1/3386 6188/5/3387 3314/6/3385
f 3147/4/3012 6189/2/3389 3310/3/3388
f 670/1/3154 3312/3/3355 6189/2/3389
f 3312/3/3355 768/1/3016 3375/4/3014
f 6189/2/3389 3375/4/3014 766/1/2990
f 3139/4/2985 6190/2/3390 3234/3/3341
f 666/1/3013 3310/3/3388 6190/2/3390
f 3310/3/3388 766/1/2990 3376/4/2991
f 6190/2/3390 3376/4/2991 789/1/2987
f 668/1/2998 3146/4/3023 6191/2/3391
f 3146/4/3023 672/1/3022 3143/3/3359
f 3143/3/3359 767/1/2978 3377/4/2976
f 6191/2/3391 3377/4/2976 765/1/2977
f 696/5/2962 3131/1/2961 6192/5/3393
f 664/1/2960 3127/6/2952 6192/5/3393
f 6192/5/3393 3127/6/2952 763/5/2954
f 3194/6/3366 6192/5/3393 3378/6/2966
f 3307/6/2967 6193/5/3395 3125/1/3394
f 763/5/2954 3379/6/2953 6193/5/3395
f 6193/5/3395 3379/6/2953 764/5/2933
f 3125/1/3394 6193/5/3395 3308/6/3396
f 3123/4/2940 6194/2/3398 3304/3/3397
f 658/1/3133 3306/3/3361 6194/2/3398
f 3306/3/3361 762/1/2943 3380/4/2942
f 6194/2/3398 3380/4/2942 760/1/2915
f 3190/1/2974 6195/5/3399 3196/6/3363
f 662/6/2973 3308/6/3396 6195/5/3399
f 3308/6/3396 764/5/2933 3381/6/2930
f 6195/5/3399 3381/6/2930 780/5/2932
f 3116/4/2924 6196/2/3402 3225/3/3400
f 3116/4/2924 656/1/2951 3111/3/3401
f 6196/2/3402 3111/3/3401 759/1/2904
f 3225/3/3400 6196/2/3402 3382/4/2929
f 3113/4/2777 6197/2/3403 3227/3/3343
f 654/1/2941 3304/3/3397 6197/2/3403
f 3304/3/3397 760/1/2915 3383/4/2912
f 6197/2/3403 3383/4/2912 788/1/2914
f 656/1/2951 3122/4/2950 6198/2/3404
f 3122/4/2950 660/1/2949 3119/3/3365
f 6198/2/3404 3119/3/3365 761/1/3134
f 3111/3/3401 6198/2/3404 3384/4/2907
f 693/5/2903 3184/1/2902 6199/5/3405
f 652/1/2901 3104/6/2880 6199/5/3405
f 6199/5/3405 3104/6/2880 758/5/2882
f 3186/6/3372 6199/5/3405 3385/6/2897
f 3105/1/2864 6200/5/3406 3187/6/3369
f 651/6/2863 3101/6/3407 6200/5/3406
f 3101/6/3407 757/5/2887 3386/6/2888
f 6200/5/3406 3386/6/2888 778/5/2890
f 3302/6/2898 6201/5/3409 3103/1/3408
f 758/5/2882 3387/6/2881 6201/5/3409
f 6201/5/3409 3387/6/2881 757/5/2887
f 6201/5/3409 3101/6/3407 651/6/2863
f 3100/4/2875 6202/2/3411 3085/3/3410
f 647/1/2874 3093/3/3367 6202/2/3411
f 3093/3/3367 755/1/2877 3388/4/2876
f 6202/2/3411 3388/4/2876 753/1/2686
f 709/1/2851 3216/4/2850 6203/2/3412
f 3216/4/2850 644/1/2871 3088/3/3413
f 6203/2/3412 3088/3/3413 754/1/2832
f 3219/3/3347 6203/2/3412 3389/4/2843
f 644/1/2871 3098/4/2870 6204/2/3414
f 3098/4/2870 648/1/3121 3096/3/3371
f 6204/2/3414 3096/3/3371 756/1/3122
f 3088/3/3413 6204/2/3414 3390/4/2835
f 735/1/3310 3271/1/3316 6205/5/3415
f 736/6/3304 3275/6/3303 6205/5/3415
f 6205/5/3415 3275/6/3303 807/5/3299
f 3274/6/3331 6205/5/3415 3407/6/3300
f 3279/11/2742 6206/5/3416 3295/6/2752
f 738/6/2741 3036/6/3417 6206/5/3416
f 3036/6/3417 807/5/3299 3406/6/3302
f 6206/5/3416 3406/6/3302 801/5/2753
f 723/1/3418 3246/4/3420 6207/2/3419
f 3246/4/3420 793/1/2785 3349/3/2787
f 3349/3/2787 809/1/2791 3405/4/3333
f 3245/3/2796 6207/2/3419 3405/4/3333
f 715/1/3000 3230/4/2999 6208/2/3421
f 3230/4/2999 668/1/2998 3135/3/3392
f 6208/2/3421 3135/3/3392 765/1/2977
f 3236/3/3339 6208/2/3421 3394/4/2767
f 3238/4/3064 6209/2/3422 3244/3/3335
f 678/1/3085 3316/3/3379 6209/2/3422
f 3316/3/3379 772/1/2759 3395/4/2760
f 6209/2/3422 3395/4/2760 792/1/2756
f 3404/4/3423 6210/2/3425 3041/3/3424
f 810/1/2716 3403/3/2715 6210/2/3425
f 3403/3/2715 746/1/2721 3290/4/3426
f 6210/2/3425 3290/4/3426 621/1/2696
f 3214/4/2856 6211/2/3427 3220/3/3346
f 643/1/2855 3085/3/3410 6211/2/3427
f 3085/3/3410 753/1/2686 3397/4/2683
f 6211/2/3427 3397/4/2683 786/1/2685
f 3029/4/3428 6212/2/3432 3392/3/3429
f 741/1/3431 3396/3/3448 6212/2/3432
f 6212/2/3432 3396/3/3448 810/1/2716
f 6212/2/3432 3404/4/3423 750/1/2694
f 813/1/3433 3433/4/3435 6213/2/3434
f 3433/4/3435 821/1/2659 3430/3/2661
f 6213/2/3434 3430/3/2661 744/1/2666
f 3422/3/2655 6213/2/3434 3288/4/3207
f 3432/4/3436 6214/2/3438 3030/3/2671
f 822/1/2645 3431/3/2644 6214/2/3438
f 3431/3/2644 742/1/2650 3286/4/3178
f 6214/2/3438 3286/4/3178 614/1/2672
f 3051/4/3439 6215/2/3442 3067/3/3440
f 626/1/2677 3068/3/2676 6215/2/3442
f 3068/3/2676 799/1/2682 3414/4/2728
f 6215/2/3442 3414/4/2728 743/1/2723
f 615/1/3443 3033/4/3446 6216/2/3444
f 627/1/3441 3067/3/3440 6216/2/3444
f 3067/3/3440 743/1/2723 3415/4/2722
f 6216/2/3444 3415/4/2722 752/1/2717
f 3285/4/3447 6217/2/3449 3396/3/3448
f 615/1/3443 3032/3/3445 6217/2/3449
f 3032/3/3445 752/1/2717 3416/4/2714
f 6217/2/3449 3416/4/2714 810/1/2716
f 3049/4/3450 6218/2/3451 3069/3/2680
f 619/1/2792 3035/3/2794 6218/2/3451
f 3035/3/2794 751/1/2799 3417/4/2707
f 6218/2/3451 3417/4/2707 800/1/2709
f 3284/1/2745 6219/5/3452 3057/6/2789
f 740/7/2749 3276/6/3291 6219/5/3452
f 3276/6/3291 808/5/2702 3418/6/2699
f 6219/5/3452 3418/6/2699 804/5/2701
f 3055/4/3453 6220/2/3454 3072/3/2784
f 613/1/3430 3392/3/3429 6220/2/3454
f 3392/3/3429 750/1/2694 3419/4/2691
f 6220/2/3454 3419/4/2691 802/1/2693
f 3290/4/3426 6221/2/3456 3420/3/3455
f 746/1/2721 3400/3/3457 6221/2/3456
f 3400/3/3457 822/1/2645 3432/4/3436
f 6221/2/3456 3432/4/3436 811/1/3437
f 3289/6/3322 6222/5/3460 3043/6/3458
f 3289/6/3322 745/5/3259 3399/6/3459
f 3399/6/3459 821/5/2659 3433/6/3435
f 6222/5/3460 3433/6/3435 813/5/3433
f 3066/4/2734 6223/2/3462 3083/3/3461
f 641/1/2713 3084/3/3463 6223/2/3462
f 3084/3/3463 820/1/2651 3434/4/2828
f 6223/2/3462 3434/4/2828 819/1/2823
f 3065/4/2731 6224/2/3465 3082/3/3464
f 640/1/2735 3083/3/3461 6224/2/3465
f 3083/3/3461 819/1/2823 3435/4/2822
f 6224/2/3465 3435/4/2822 818/1/2817
f 3064/4/2726 6225/2/3467 3042/3/3466
f 639/1/2732 3082/3/3464 6225/2/3467
f 3082/3/3464 818/1/2817 3436/4/2816
f 6225/2/3467 3436/4/2816 812/1/2646
f 637/9/2743 3063/6/2755 6226/5/3468
f 3063/6/2755 638/5/2698 3081/6/3470
f 6226/5/3468 3081/6/3470 817/5/2667
f 3080/6/3469 6226/5/3468 3437/6/2813
f 636/5/2738 3062/11/2737 6227/5/3471
f 3062/11/2737 637/9/2743 3080/6/3469
f 6227/5/3471 3080/6/3469 816/5/2811
f 3079/6/3472 6227/5/3471 3438/6/2807
f 624/1/3247 3061/6/3313 6228/5/3473
f 3061/6/3313 636/5/2738 3079/6/3472
f 6228/5/3473 3079/6/3472 815/5/2802
f 3044/6/3474 6228/5/3473 3439/6/2803
f 638/1/2698 3045/4/2697 6229/2/3475
f 3045/4/2697 621/1/2696 3420/3/3455
f 6229/2/3475 3420/3/3455 811/1/3437
f 3081/3/3470 6229/2/3475 3440/4/2670
f 745/5/3259 3046/6/3261 6230/5/3476
f 3046/6/3261 624/1/3247 3044/6/3474
f 6230/5/3476 3044/6/3474 814/5/2800
f 3399/6/3459 6230/5/3476 3441/6/2662
f 3047/1/2712 6231/5/3477 3084/6/3463
f 623/1/3233 3043/6/3458 6231/5/3477
f 3043/6/3458 813/5/3433 3442/6/2654
f 6231/5/3477 3442/6/2654 820/5/2651
f 3048/4/2720 6232/2/3478 3400/3/3457
f 622/1/2727 3042/3/3466 6232/2/3478
f 3042/3/3466 812/1/2646 3443/4/2643
f 6232/2/3478 3443/4/2643 822/1/2645
f 3266/4/3479 6233/2/3480 3339/3/3325
f 3266/4/3479 824/1/3278 3450/3/3329
f 6233/2/3480 3450/3/3329 828/1/3239
f 3339/3/3325 6233/2/3480 3449/4/3481
f 3268/4/3483 6234/2/3484 3254/3/3327
f 826/1/3288 3451/3/3317 6234/2/3484
f 3451/3/3317 827/1/3281 3448/4/3485
f 6234/2/3484 3448/4/3485 796/1/3256
f 726/1/3264 3444/4/3487 6235/2/3486
f 3444/4/3487 823/1/3246 3452/3/3285
f 6235/2/3486 3452/3/3285 826/1/3288
f 3255/3/3251 6235/2/3486 3268/4/3483
f 3448/4/3485 6236/2/3488 3340/3/3258
f 827/1/3281 3453/3/3280 6236/2/3488
f 3453/3/3280 825/1/3271 3267/4/3489
f 6236/2/3488 3267/4/3489 727/1/3235
f 3267/4/3489 6237/2/3490 3256/3/3237
f 3267/4/3489 825/1/3271 3454/3/3273
f 6237/2/3490 3454/3/3273 824/1/3278
f 6237/2/3490 3266/4/3479 725/1/3323
f 795/1/3482 3449/4/3481 6238/2/3491
f 3449/4/3481 828/1/3239 3455/3/3241
f 6238/2/3491 3455/3/3241 823/1/3246
f 3253/3/3263 6238/2/3491 3444/4/3487
f 613/1/3430 3337/4/3493 6239/2/3492
f 3337/4/3493 535/1/2347 2879/3/2346
f 6239/2/3492 2879/3/2346 531/1/2359
f 3029/3/3428 6239/2/3492 3249/4/3494
f 3249/4/3494 6240/2/3496 3285/3/3447
f 3249/4/3494 531/1/2359 2878/3/3495
f 6240/2/3496 2878/3/3495 537/1/2357
f 6240/2/3496 3247/4/3497 615/1/3443
f 3247/4/3497 6241/2/3498 3033/3/3446
f 537/1/2357 2882/3/2365 6241/2/3498
f 2882/3/2365 533/1/2363 3070/4/3499
f 6241/2/3498 3070/4/3499 627/1/3441
f 3070/4/3499 6242/2/3500 3051/3/3439
f 533/1/2363 2883/3/2380 6242/2/3500
f 2883/3/2380 538/1/2378 3458/4/3501
f 6242/2/3500 3458/4/3501 626/1/2677
f 3458/4/3501 6243/2/3502 3050/3/2675
f 538/1/2378 2877/3/2374 6243/2/3502
f 2877/3/2374 530/1/2369 3459/4/3503
f 3050/3/2675 6243/2/3502 3459/4/3503
f 625/1/2678 3459/4/3503 6244/2/3504
f 3459/4/3503 530/1/2369 2880/3/2368
f 6244/2/3504 2880/3/2368 539/1/2351
f 3049/3/3450 6244/2/3504 3460/4/3505
f 619/1/2792 3460/4/3505 6245/2/3506
f 539/1/2351 2881/3/3507 6245/2/3506
f 2881/3/3507 534/1/2349 3461/4/3508
f 3251/3/2795 6245/2/3506 3461/4/3508
f 723/1/3418 3461/4/3508 6246/2/3509
f 534/1/2349 2885/3/2336 6246/2/3509
f 2885/3/2336 540/1/2334 3462/4/3510
f 3246/3/3420 6246/2/3509 3462/4/3510
f 793/5/2785 3462/6/3510 6247/5/3511
f 540/5/2334 2884/6/2324 6247/5/3511
f 2884/6/2324 532/5/2322 3463/6/3512
f 3039/11/2788 6247/5/3511 3463/6/3512
f 3463/6/3512 6248/5/3513 3456/1/3309
f 532/5/2322 2886/6/2341 6248/5/3513
f 6248/5/3513 2886/6/2341 536/5/2330
f 3456/1/3309 6248/5/3513 3464/6/3514
f 632/4/2781 3464/6/3514 6249/5/3515
f 3464/6/3514 536/5/2330 2876/6/2329
f 6249/5/3515 2876/6/2329 529/5/2316
f 3056/6/2779 6249/5/3515 3465/6/3516
f 631/1/2782 3465/4/3516 6250/2/3517
f 3465/4/3516 529/1/2316 2875/3/2315
f 6250/2/3517 2875/3/2315 535/1/2347
f 3055/3/3453 6250/2/3517 3337/4/3493
f 898/1/3518 3615/4/3521 6251/2/3519
f 3615/4/3521 879/1/3534 3480/3/3522
f 6251/2/3519 3480/3/3522 829/1/3523
f 3565/3/3520 6251/2/3519 3468/4/3524
f 3612/4/3526 6252/2/3530 3568/3/3527
f 882/1/3529 3481/3/3531 6252/2/3530
f 3481/3/3531 840/1/3545 3477/4/3532
f 6252/2/3530 3477/4/3532 832/1/3533
f 879/1/3534 3609/4/3536 6253/2/3535
f 3609/4/3536 885/1/3546 3482/3/3537
f 6253/2/3535 3482/3/3537 836/1/3538
f 3480/3/3522 6253/2/3535 3469/4/3539
f 3606/4/3540 6254/2/3542 3481/3/3531
f 888/1/3541 3483/3/3543 6254/2/3542
f 3483/3/3543 834/1/3561 3478/4/3544
f 6254/2/3542 3478/4/3544 840/1/3545
f 885/1/3546 3603/4/3548 6255/2/3547
f 3603/4/3548 901/1/3528 3568/3/3527
f 6255/2/3547 3568/3/3527 832/1/3533
f 3482/3/3537 6255/2/3547 3479/4/3549
f 904/1/3550 3600/4/3553 6256/2/3551
f 3600/4/3553 898/1/3518 3565/3/3520
f 6256/2/3551 3565/3/3520 835/1/3525
f 3571/3/3552 6256/2/3551 3472/4/3554
f 3597/4/3556 6257/2/3558 3483/3/3543
f 3597/4/3556 891/1/3574 3484/3/3557
f 6257/2/3558 3484/3/3557 839/1/3559
f 6257/2/3558 3474/4/3560 834/1/3561
f 907/1/3562 3594/4/3565 6258/2/3563
f 3594/4/3565 904/1/3550 3571/3/3552
f 6258/2/3563 3571/3/3552 831/1/3555
f 3574/3/3564 6258/2/3563 3471/4/3566
f 910/1/3568 3591/4/3571 6259/2/3569
f 3591/4/3571 907/1/3562 3574/3/3564
f 3574/3/3564 837/1/3567 3475/4/3572
f 6259/2/3569 3475/4/3572 833/1/3573
f 891/1/3574 3588/4/3576 6260/2/3575
f 3588/4/3576 894/1/3580 3485/3/3577
f 6260/2/3575 3485/3/3577 830/1/3578
f 3484/3/3557 6260/2/3575 3473/4/3579
f 894/1/3580 3585/4/3583 6261/2/3581
f 897/1/3582 3486/3/3584 6261/2/3581
f 3486/3/3584 838/1/3589 3470/4/3585
f 6261/2/3581 3470/4/3585 830/1/3578
f 3582/4/3586 6262/2/3587 3486/3/3584
f 910/1/3568 3577/3/3570 6262/2/3587
f 3577/3/3570 833/1/3573 3476/4/3588
f 6262/2/3587 3476/4/3588 838/1/3589
f 5420/5/3590 6263/5/3594 3493/6/3591
f 1823/7/3593 5395/6/3595 6263/5/3594
f 5395/6/3595 850/5/3615 3494/6/3596
f 6263/5/3594 3494/6/3596 852/5/3597
f 1812/7/3598 5418/1/3601 6264/5/3599
f 5418/1/3601 1814/20/3592 3493/6/3591
f 6264/5/3599 3493/6/3591 852/5/3597
f 3492/6/3600 6264/5/3599 3495/6/3602
f 1810/19/3604 5416/6/3607 6265/5/3605
f 5416/6/3607 1812/7/3598 3492/6/3600
f 6265/5/3605 3492/6/3600 851/5/3603
f 3491/1/3606 6265/5/3605 3496/6/3608
f 5414/6/3610 6266/5/3612 5395/6/3595
f 1821/5/3611 5393/6/3613 6266/5/3612
f 5393/6/3613 849/5/3621 3497/6/3614
f 6266/5/3612 3497/6/3614 850/5/3615
f 5412/4/3616 6267/2/3618 5393/3/3613
f 1819/1/3617 5391/3/3619 6267/2/3618
f 5391/3/3619 847/1/3632 3498/4/3620
f 6267/2/3618 3498/4/3620 849/1/3621
f 1808/1/3622 5410/10/3625 6268/1/3623
f 5410/10/3625 1810/19/3604 3491/1/3606
f 6268/1/3623 3491/1/3606 848/5/3609
f 3490/6/3624 6268/1/3623 3499/6/3626
f 5408/24/3628 6269/2/3630 5391/3/3619
f 5408/24/3628 1815/11/3657 5387/3/3629
f 5387/3/3629 842/1/3661 3500/3/3631
f 6269/2/3630 3500/3/3631 847/1/3632
f 5406/22/3633 6270/2/3637 3489/3/3634
f 1817/1/3636 5389/3/3638 6270/2/3637
f 5389/3/3638 844/1/3656 3501/4/3639
f 6270/2/3637 3501/4/3639 845/1/3640
f 5404/4/3641 6271/2/3644 3488/3/3642
f 1808/1/3622 3490/11/3624 6271/2/3644
f 6271/2/3644 3490/11/3624 846/1/3627
f 6271/2/3644 3502/4/3645 843/1/3646
f 1802/1/3647 5402/4/3650 6272/2/3648
f 1806/1/3635 3489/3/3634 6272/2/3648
f 3489/3/3634 845/1/3640 3503/4/3651
f 6272/2/3648 3503/4/3651 841/1/3652
f 5400/4/3653 6273/2/3654 5389/3/3638
f 1804/1/3643 3488/3/3642 6273/2/3654
f 3488/3/3642 843/1/3646 3504/4/3655
f 6273/2/3654 3504/4/3655 844/1/3656
f 1815/11/3657 5398/24/3659 6274/2/3658
f 5398/24/3659 1802/1/3647 3487/3/3649
f 3487/3/3649 841/1/3652 3505/3/3660
f 6274/2/3658 3505/3/3660 842/1/3661
f 1828/1/3662 5444/4/3665 6275/2/3663
f 5444/4/3665 1834/1/3683 5430/3/3666
f 6275/2/3663 5430/3/3666 864/1/3667
f 3526/3/3664 6275/2/3663 3511/4/3668
f 1827/1/3670 5443/4/3673 6276/2/3671
f 5443/4/3673 1828/1/3662 3526/3/3664
f 6276/2/3671 3526/3/3664 859/1/3669
f 3525/3/3672 6276/2/3671 3512/4/3674
f 1836/1/3676 5442/4/3679 6277/2/3677
f 5442/4/3679 1827/1/3670 3525/3/3672
f 6277/2/3677 3525/3/3672 858/1/3675
f 4060/3/3678 6277/2/3677 3513/4/3680
f 5441/4/3682 6278/2/3685 5430/3/3666
f 1833/1/3684 5429/3/3686 6278/2/3685
f 5429/3/3686 863/1/3693 3514/4/3687
f 6278/2/3685 3514/4/3687 864/1/3667
f 5440/4/3688 6279/2/3690 5429/3/3686
f 1832/1/3689 5428/3/3691 6279/2/3690
f 5428/3/3691 862/1/3705 3515/4/3692
f 6279/2/3690 3515/4/3692 863/1/3693
f 1825/1/3694 5439/4/3697 6280/2/3695
f 5439/4/3697 1836/1/3676 4060/3/3678
f 6280/2/3695 4060/3/3678 857/1/3681
f 3523/3/3696 6280/2/3695 3516/4/3698
f 5438/4/3700 6281/2/3702 5428/3/3691
f 1831/1/3701 5427/3/3703 6281/2/3702
f 5427/3/3703 860/1/3733 3517/4/3704
f 6281/2/3702 3517/4/3704 862/1/3705
f 5437/4/3706 6282/2/3710 3617/3/3707
f 1826/1/3709 5422/3/3711 6282/2/3710
f 5422/3/3711 861/1/3729 3518/4/3712
f 6282/2/3710 3518/4/3712 855/1/3713
f 1835/1/3714 5436/4/3717 6283/2/3715
f 5436/4/3717 1825/1/3694 3523/3/3696
f 6283/2/3715 3523/3/3696 856/1/3699
f 4059/3/3716 6283/2/3715 3519/4/3718
f 5435/4/3720 6284/2/3723 3616/3/3721
f 1830/1/3708 3617/3/3707 6284/2/3723
f 3617/3/3707 855/1/3713 3520/4/3724
f 6284/2/3723 3520/4/3724 853/1/3725
f 5434/4/3726 6285/2/3727 5422/3/3711
f 5434/4/3726 1835/1/3714 4059/3/3716
f 4059/3/3716 854/1/3719 3521/4/3728
f 6285/2/3727 3521/4/3728 861/1/3729
f 5433/4/3730 6286/2/3731 5427/3/3703
f 1829/1/3722 3616/3/3721 6286/2/3731
f 3616/3/3721 853/1/3725 3522/4/3732
f 6286/2/3731 3522/4/3732 860/1/3733
f 859/1/3669 3511/4/3668 6287/2/3734
f 3511/4/3668 864/1/3667 3510/3/3736
f 6287/2/3734 3510/3/3736 912/1/3737
f 3562/3/3735 6287/2/3734 3580/4/3738
f 895/1/3739 3580/4/3738 6288/2/3740
f 3580/4/3738 912/1/3737 3579/3/3742
f 6288/2/3740 3579/3/3742 911/1/3743
f 3563/3/3741 6288/2/3740 3581/4/3744
f 896/1/3745 3581/4/3744 6289/2/3746
f 3581/4/3744 911/1/3743 3578/3/3748
f 3578/3/3748 910/1/3568 3582/4/3586
f 3564/3/3747 6289/2/3746 3582/4/3586
f 858/1/3675 3512/4/3674 6290/2/3749
f 3512/4/3674 859/1/3669 3562/3/3735
f 6290/2/3749 3562/3/3735 895/1/3739
f 3559/3/3750 6290/2/3749 3583/4/3751
f 892/1/3752 3583/4/3751 6291/2/3753
f 3583/4/3751 895/1/3739 3563/3/3741
f 6291/2/3753 3563/3/3741 896/1/3745
f 3560/3/3754 6291/2/3753 3584/4/3755
f 893/1/3756 3584/4/3755 6292/2/3757
f 3584/4/3755 896/1/3745 3564/3/3747
f 6292/2/3757 3564/3/3747 897/1/3582
f 3561/3/3758 6292/2/3757 3585/4/3583
f 857/1/3681 3513/4/3680 6293/2/3759
f 3513/4/3680 858/1/3675 3559/3/3750
f 6293/2/3759 3559/3/3750 892/1/3752
f 3556/3/3760 6293/2/3759 3586/4/3761
f 889/1/3762 3586/4/3761 6294/2/3763
f 3586/4/3761 892/1/3752 3560/3/3754
f 6294/2/3763 3560/3/3754 893/1/3756
f 3557/3/3764 6294/2/3763 3587/4/3765
f 890/1/3766 3587/4/3765 6295/2/3767
f 3587/4/3765 893/1/3756 3561/3/3758
f 6295/2/3767 3561/3/3758 894/1/3580
f 3558/3/3768 6295/2/3767 3588/4/3576
f 3514/4/3687 6296/2/3769 3510/3/3736
f 863/1/3693 3509/3/3770 6296/2/3769
f 3509/3/3770 909/1/3772 3589/4/3771
f 6296/2/3769 3589/4/3771 912/1/3737
f 3589/4/3771 6297/2/3773 3579/3/3742
f 909/1/3772 3576/3/3774 6297/2/3773
f 3576/3/3774 908/1/3776 3590/4/3775
f 6297/2/3773 3590/4/3775 911/1/3743
f 3590/4/3775 6298/2/3777 3578/3/3748
f 908/1/3776 3575/3/3778 6298/2/3777
f 3575/3/3778 907/1/3562 3591/4/3571
f 6298/2/3777 3591/4/3571 910/1/3568
f 3515/4/3692 6299/2/3779 3509/3/3770
f 862/1/3705 3508/3/3780 6299/2/3779
f 3508/3/3780 906/1/3782 3592/4/3781
f 6299/2/3779 3592/4/3781 909/1/3772
f 3592/4/3781 6300/2/3783 3576/3/3774
f 906/1/3782 3573/3/3784 6300/2/3783
f 3573/3/3784 905/1/3786 3593/4/3785
f 6300/2/3783 3593/4/3785 908/1/3776
f 3593/4/3785 6301/2/3787 3575/3/3778
f 905/1/3786 3572/3/3788 6301/2/3787
f 3572/3/3788 904/1/3550 3594/4/3565
f 6301/2/3787 3594/4/3565 907/1/3562
f 856/1/3699 3516/4/3698 6302/2/3789
f 3516/4/3698 857/1/3681 3556/3/3760
f 6302/2/3789 3556/3/3760 889/1/3762
f 3553/3/3790 6302/2/3789 3595/4/3791
f 886/1/3792 3595/4/3791 6303/2/3793
f 3595/4/3791 889/1/3762 3557/3/3764
f 6303/2/3793 3557/3/3764 890/1/3766
f 3554/3/3794 6303/2/3793 3596/4/3795
f 887/1/3796 3596/4/3795 6304/2/3797
f 3596/4/3795 890/1/3766 3558/3/3768
f 6304/2/3797 3558/3/3768 891/1/3574
f 3555/3/3798 6304/2/3797 3597/4/3556
f 3517/4/3704 6305/2/3799 3508/3/3780
f 860/1/3733 3506/3/3800 6305/2/3799
f 3506/3/3800 900/1/3802 3598/4/3801
f 6305/2/3799 3598/4/3801 906/1/3782
f 3598/4/3801 6306/2/3803 3573/3/3784
f 900/1/3802 3567/3/3804 6306/2/3803
f 3567/3/3804 899/1/3806 3599/4/3805
f 6306/2/3803 3599/4/3805 905/1/3786
f 3599/4/3805 6307/2/3807 3572/3/3788
f 899/1/3806 3566/3/3808 6307/2/3807
f 3566/3/3808 898/1/3518 3600/4/3553
f 6307/2/3807 3600/4/3553 904/1/3550
f 3518/4/3712 6308/2/3810 3550/3/3809
f 861/1/3729 3507/3/3811 6308/2/3810
f 3507/3/3811 903/1/3815 3601/4/3812
f 6308/2/3810 3601/4/3812 883/1/3813
f 3601/4/3812 6309/2/3816 3551/3/3814
f 903/1/3815 3570/3/3817 6309/2/3816
f 3570/3/3817 902/1/3847 3602/4/3818
f 6309/2/3816 3602/4/3818 884/1/3819
f 884/1/3819 3602/4/3818 6310/2/3820
f 3602/4/3818 902/1/3847 3569/3/3822
f 6310/2/3820 3569/3/3822 901/1/3528
f 3552/3/3821 6310/2/3820 3603/4/3548
f 3519/4/3718 6311/2/3824 3547/3/3823
f 3519/4/3718 856/1/3699 3553/3/3790
f 6311/2/3824 3553/3/3790 886/1/3792
f 6311/2/3824 3604/4/3825 880/1/3826
f 3604/4/3825 6312/2/3828 3548/3/3827
f 886/1/3792 3554/3/3794 6312/2/3828
f 6312/2/3828 3554/3/3794 887/1/3796
f 3548/3/3827 6312/2/3828 3605/4/3829
f 881/1/3830 3605/4/3829 6313/2/3831
f 3605/4/3829 887/1/3796 3555/3/3798
f 6313/2/3831 3555/3/3798 888/1/3541
f 3549/3/3832 6313/2/3831 3606/4/3540
f 3520/4/3724 6314/2/3834 3544/3/3833
f 855/1/3713 3550/3/3809 6314/2/3834
f 3550/3/3809 883/1/3813 3607/4/3835
f 6314/2/3834 3607/4/3835 877/1/3836
f 3607/4/3835 6315/2/3838 3545/3/3837
f 883/1/3813 3551/3/3814 6315/2/3838
f 3551/3/3814 884/1/3819 3608/4/3839
f 6315/2/3838 3608/4/3839 878/1/3840
f 3608/4/3839 6316/2/3842 3546/3/3841
f 884/1/3819 3552/3/3821 6316/2/3842
f 6316/2/3842 3552/3/3821 885/1/3546
f 3546/3/3841 6316/2/3842 3609/4/3536
f 3521/4/3728 6317/2/3843 3507/3/3811
f 854/1/3719 3547/3/3823 6317/2/3843
f 3547/3/3823 880/1/3826 3610/4/3844
f 6317/2/3843 3610/4/3844 903/1/3815
f 3610/4/3844 6318/2/3845 3570/3/3817
f 880/1/3826 3548/3/3827 6318/2/3845
f 3548/3/3827 881/1/3830 3611/4/3846
f 6318/2/3845 3611/4/3846 902/1/3847
f 902/1/3847 3611/4/3846 6319/2/3848
f 3611/4/3846 881/1/3830 3549/3/3832
f 6319/2/3848 3549/3/3832 882/1/3529
f 3569/3/3822 6319/2/3848 3612/4/3526
f 3522/4/3732 6320/2/3849 3506/3/3800
f 853/1/3725 3544/3/3833 6320/2/3849
f 3544/3/3833 877/1/3836 3613/4/3850
f 6320/2/3849 3613/4/3850 900/1/3802
f 3613/4/3850 6321/2/3851 3567/3/3804
f 877/1/3836 3545/3/3837 6321/2/3851
f 3545/3/3837 878/1/3840 3614/4/3852
f 6321/2/3851 3614/4/3852 899/1/3806
f 3614/4/3852 6322/2/3853 3566/3/3808
f 878/1/3840 3546/3/3841 6322/2/3853
f 3546/3/3841 879/1/3534 3615/4/3521
f 6322/2/3853 3615/4/3521 898/1/3518
f 4024/4/3854 6323/2/3858 4036/3/3855
f 1042/1/3857 3624/3/3859 6323/2/3858
f 3624/3/3859 916/1/4027 4014/4/3860
f 6323/2/3858 4014/4/3860 1112/1/3861
f 1120/5/3862 4022/1/3865 6324/5/3863
f 4022/1/3865 930/1/4410 3627/6/3866
f 6324/5/3863 3627/6/3866 920/5/3867
f 4035/6/3864 6324/5/3863 4015/6/3868
f 1121/1/3870 4023/4/3873 6325/2/3871
f 4023/4/3873 1044/1/4419 3630/3/3874
f 6325/2/3871 3630/3/3874 918/1/3875
f 4034/3/3872 6325/2/3871 4016/4/3876
f 1117/5/3878 4019/1/3881 6326/5/3879
f 4019/1/3881 935/1/4025 3633/6/3882
f 6326/5/3879 3633/6/3882 914/5/3883
f 4033/6/3880 6326/5/3879 3623/6/3884
f 3661/4/3886 6327/2/3890 3643/3/3887
f 1099/1/3889 4006/3/3891 6327/2/3890
f 4006/3/3891 1100/1/3919 3662/4/3892
f 6327/2/3890 3662/4/3892 925/1/3893
f 3923/4/3894 6328/2/3898 3990/3/3895
f 3923/4/3894 1006/1/4056 3682/3/3897
f 3682/3/3897 942/1/4061 3890/4/3899
f 6328/2/3898 3890/4/3899 1053/1/3900
f 3887/4/3901 6329/2/3905 4012/3/3902
f 3887/4/3901 938/1/3967 3638/3/3904
f 6329/2/3905 3638/3/3904 921/1/3906
f 6329/2/3905 3634/4/3907 1050/1/3908
f 3671/10/3909 6330/1/3913 4011/6/3910
f 3671/10/3909 1024/9/4518 3874/12/3912
f 6330/1/3913 3874/12/3912 1039/6/3914
f 6330/1/3913 3994/1/3915 1108/5/3916
f 3889/6/3917 6331/22/3921 4010/6/3918
f 941/5/3920 3640/1/3922 6331/22/3921
f 3640/1/3922 923/1/4446 3986/1/3923
f 4010/6/3918 6331/22/3921 3986/1/3923
f 3996/4/3925 6332/2/3929 4009/3/3926
f 1046/1/3928 3641/3/3930 6332/2/3929
f 3641/3/3930 922/1/3934 3991/4/3931
f 6332/2/3929 3991/4/3931 1052/1/3932
f 3991/4/3931 6333/2/3935 4008/3/3933
f 922/1/3934 3657/3/3936 6333/2/3935
f 3657/3/3936 939/1/3940 3984/4/3937
f 6333/2/3935 3984/4/3937 1043/1/3938
f 3984/4/3937 6334/2/3941 4007/3/3939
f 939/1/3940 3658/3/3942 6334/2/3941
f 3658/3/3942 940/1/3944 3941/4/3943
f 6334/2/3941 3941/4/3943 1099/1/3889
f 3941/4/3943 6335/2/3945 4006/3/3891
f 940/1/3944 3659/3/3946 6335/2/3945
f 3659/3/3946 941/1/3920 3889/4/3917
f 6335/2/3945 3889/4/3917 1100/1/3919
f 3655/12/3947 6336/1/3951 3873/6/3948
f 937/9/3950 3872/12/4634 6336/1/3951
f 6336/1/3951 3872/12/4634 1038/6/3952
f 3873/6/3948 6336/1/3951 3866/1/3953
f 3877/1/3955 6337/13/3959 3631/5/3956
f 1040/1/3958 3870/1/3961 6337/13/3959
f 1034/6/3960 3631/5/3956 6337/13/3959
f 1101/5/3962 3888/10/3965 6338/5/3963
f 3888/10/3965 937/9/3950 3656/6/3966
f 6338/5/3963 3656/6/3966 938/5/3967
f 4005/6/3964 6338/5/3963 3887/6/3901
f 1092/1/3968 3929/4/3971 6339/2/3969
f 3929/4/3971 1018/1/4263 3754/3/3972
f 6339/2/3969 3754/3/3972 981/1/3973
f 6339/2/3969 3753/4/3974 1072/1/3975
f 1090/1/3976 3927/4/3979 6340/2/3977
f 3927/4/3979 1014/1/4190 3730/3/3980
f 6340/2/3977 3730/3/3980 967/1/3981
f 3987/3/3978 6340/2/3977 3902/4/3982
f 1011/1/3984 3821/4/3987 6341/2/3985
f 3821/4/3987 1010/1/4401 3706/3/3988
f 3706/3/3988 954/1/4148 3702/4/3989
f 3815/3/3986 6341/2/3985 3702/4/3989
f 3664/6/3991 6342/5/3994 3649/6/3992
f 1101/5/3962 4005/6/3964 6342/5/3994
f 4005/6/3964 1102/5/3903 3665/6/3995
f 6342/5/3994 3665/6/3995 931/5/3996
f 1093/5/3997 3942/6/4001 6343/5/3998
f 1109/5/4000 4004/6/4002 6343/5/3998
f 4004/6/4002 1104/5/3911 3650/6/4003
f 3632/1/3999 6343/5/3998 3650/6/4003
f 919/1/4004 3628/4/4007 6344/2/4005
f 3628/4/4007 1051/1/3924 4003/3/4008
f 6344/2/4005 4003/3/4008 1103/1/4009
f 3844/3/4006 6344/2/4005 3838/4/4010
f 1114/5/3877 4016/6/3876 6345/22/4012
f 918/5/3875 3651/1/4014 6345/22/4012
f 3651/1/4014 933/1/4425 4017/1/4015
f 6345/22/4012 4017/1/4015 1115/5/4016
f 1115/5/4016 4017/1/4015 6346/25/4017
f 4017/1/4015 933/1/4425 3652/1/4019
f 3652/1/4019 934/1/4392 4018/1/4020
f 4031/6/4018 6346/25/4017 4018/1/4020
f 1116/5/4021 4018/1/4020 6347/25/4022
f 4018/1/4020 934/1/4392 3653/1/4024
f 6347/25/4022 3653/1/4024 935/1/4025
f 4030/6/4023 6347/25/4022 4019/1/3881
f 4014/6/3860 6348/22/4028 4029/6/4026
f 916/5/4027 3645/1/4029 6348/22/4028
f 3645/1/4029 928/1/4033 4020/1/4030
f 6348/22/4028 4020/1/4030 1118/5/4031
f 4020/1/4030 6349/25/4034 4028/6/4032
f 928/1/4033 3646/1/4035 6349/25/4034
f 3646/1/4035 929/1/4398 4021/1/4036
f 6349/25/4034 4021/1/4036 1119/5/4037
f 4021/1/4036 6350/25/4040 4027/6/4038
f 4021/1/4036 929/1/4398 3647/1/4039
f 3647/1/4039 930/1/4410 4022/1/3865
f 4027/6/4038 6350/25/4040 4022/1/3865
f 1054/1/4041 3891/4/4044 6351/2/4042
f 3891/4/4044 945/1/4054 3690/3/4045
f 6351/2/4042 3690/3/4045 949/1/4046
f 3983/3/4043 6351/2/4042 3893/4/4047
f 1085/1/4049 3922/4/4052 6352/2/4050
f 3922/4/4052 1008/1/4062 3684/3/4053
f 6352/2/4050 3684/3/4053 945/1/4054
f 3982/3/4051 6352/2/4050 3891/4/4044
f 3811/4/4055 6353/2/4058 3682/3/3897
f 1009/1/4057 3809/3/4059 6353/2/4058
f 3809/3/4059 944/1/4077 3679/4/4060
f 6353/2/4058 3679/4/4060 942/1/4061
f 1008/1/4062 3810/4/4064 6354/2/4063
f 3810/4/4064 1007/1/4375 3807/3/4065
f 6354/2/4063 3807/3/4065 943/1/4066
f 3684/3/4053 6354/2/4063 3680/4/4067
f 991/5/4068 3781/6/4072 6355/6/4069
f 990/5/4071 3698/11/4624 6355/6/4069
f 6355/6/4069 3698/11/4624 951/6/4073
f 6355/6/4069 3696/1/4074 953/7/4075
f 3679/4/4060 6356/2/4078 3692/3/4076
f 944/1/4077 3691/3/4079 6356/2/4078
f 3691/3/4079 948/1/4587 3687/4/4080
f 6356/2/4078 3687/4/4080 946/1/4081
f 945/1/4054 3680/4/4067 6357/2/4082
f 3680/4/4067 943/1/4066 3693/3/4083
f 6357/2/4082 3693/3/4083 947/1/4084
f 3690/3/4045 6357/2/4082 3688/4/4085
f 3890/4/3899 6358/2/4087 3981/3/4086
f 942/1/4061 3692/3/4076 6358/2/4087
f 3692/3/4076 946/1/4081 3892/4/4088
f 6358/2/4087 3892/4/4088 1055/1/4089
f 3980/6/4090 6359/5/4094 3697/1/4091
f 3980/6/4090 1057/5/4103 3894/11/4093
f 6359/5/4094 3894/11/4093 950/6/4095
f 3697/1/4091 6359/5/4094 3695/1/4096
f 3915/6/4098 6360/4/4102 3979/6/4099
f 992/5/4101 3700/11/4110 6360/4/4102
f 6360/4/4102 3700/11/4110 950/6/4095
f 6360/4/4102 3894/11/4093 1057/5/4103
f 1077/5/4104 3914/6/4107 6361/4/4105
f 3914/6/4107 991/5/4068 3775/1/4070
f 6361/4/4105 3775/1/4070 953/7/4075
f 3978/6/4106 6361/4/4105 3895/1/4108
f 3778/6/4109 6362/1/4112 3700/11/4110
f 3778/6/4109 993/5/4329 3777/11/4111
f 6362/1/4112 3777/11/4111 952/1/4097
f 6362/1/4112 3695/1/4096 950/6/4095
f 1059/1/4113 3896/4/4116 6363/2/4114
f 3896/4/4116 955/1/3990 3714/3/4117
f 6363/2/4114 3714/3/4117 959/1/4118
f 3977/3/4115 6363/2/4114 3898/4/4119
f 3925/4/4121 6364/2/4125 3976/3/4122
f 1012/1/4124 3708/3/4126 6364/2/4125
f 3708/3/4126 957/1/4134 3705/4/4127
f 6364/2/4125 3705/4/4127 1060/1/4128
f 3819/4/4129 6365/2/4131 3708/3/4126
f 1013/1/4130 3709/3/4132 6365/2/4131
f 3709/3/4132 956/1/4156 3703/4/4133
f 6365/2/4131 3703/4/4133 957/1/4134
f 1087/1/4135 3924/4/4138 6366/2/4136
f 3924/4/4138 1011/1/3984 3815/3/3986
f 6366/2/4136 3815/3/3986 955/1/3990
f 3975/3/4137 6366/2/4136 3896/4/4116
f 3917/6/4139 6367/4/4143 3974/6/4140
f 994/5/4142 3722/11/4168 6367/4/4143
f 6367/4/4143 3722/11/4168 965/6/4144
f 6367/4/4143 3721/1/4145 1064/5/4146
f 955/1/3990 3702/4/3989 6368/2/4147
f 954/1/4148 3716/3/4149 6368/2/4147
f 3716/3/4149 958/1/4339 3710/4/4150
f 3714/3/4117 6368/2/4147 3710/4/4150
f 3705/4/4127 6369/2/4152 3973/3/4151
f 957/1/4134 3717/3/4153 6369/2/4152
f 3717/3/4153 961/1/4160 3713/4/4154
f 6369/2/4152 3713/4/4154 1062/1/4155
f 3703/4/4133 6370/2/4157 3717/3/4153
f 956/1/4156 3715/3/4622 6370/2/4157
f 6370/2/4157 3715/3/4622 960/1/4158
f 6370/2/4157 3711/4/4159 961/1/4160
f 3972/6/4161 6371/5/4164 3720/1/4162
f 3972/6/4161 1064/5/4146 3721/1/4145
f 3721/1/4145 965/6/4144 3719/1/4165
f 3720/1/4162 6371/5/4164 3719/1/4165
f 3788/6/4167 6372/1/4170 3722/11/4168
f 996/5/4169 3724/11/4612 6372/1/4170
f 6372/1/4170 3724/11/4612 964/1/4166
f 6372/1/4170 3719/1/4165 965/6/4144
f 1079/5/4171 3916/6/4174 6373/4/4172
f 3916/6/4174 997/5/4178 3725/11/4175
f 6373/4/4172 3725/11/4175 963/6/4176
f 3971/6/4173 6373/4/4172 3900/1/4177
f 997/5/4178 3786/6/4180 6374/1/4179
f 3786/6/4180 995/5/4340 3783/11/4181
f 6374/1/4179 3783/11/4181 962/6/4182
f 6374/1/4179 3718/1/4183 963/6/4176
f 3902/4/3982 6375/2/4185 3970/3/4184
f 967/1/3981 3738/3/4186 6375/2/4185
f 3738/3/4186 971/1/4221 3904/4/4187
f 6375/2/4185 3904/4/4187 1067/1/4188
f 3828/4/4189 6376/2/4192 3730/3/3980
f 1016/1/4191 3732/3/4193 6376/2/4192
f 3732/3/4193 966/1/4217 3726/4/4194
f 6376/2/4192 3726/4/4194 967/1/3981
f 1089/1/4195 3926/4/4198 6377/2/4196
f 3926/4/4198 1017/1/4203 3733/3/4199
f 6377/2/4196 3733/3/4199 969/1/4200
f 6377/2/4196 3729/4/4201 1066/1/4202
f 1017/1/4203 3826/4/4205 6378/2/4204
f 3826/4/4205 1015/1/4405 3823/3/4206
f 6378/2/4204 3823/3/4206 968/1/4207
f 3733/3/4199 6378/2/4204 3727/4/4208
f 999/5/4209 3797/6/4213 6379/6/4210
f 998/5/4212 3746/11/4602 6379/6/4210
f 6379/6/4210 3746/11/4602 974/6/4214
f 6379/6/4210 3742/1/4215 975/7/4216
f 3726/4/4194 6380/2/4218 3738/3/4186
f 966/1/4217 3740/3/4219 6380/2/4218
f 3740/3/4219 970/1/4357 3734/4/4220
f 6380/2/4218 3734/4/4220 971/1/4221
f 3729/4/4201 6381/2/4223 3968/3/4222
f 969/1/4200 3741/3/4224 6381/2/4223
f 3741/3/4224 973/1/4231 3737/4/4225
f 6381/2/4223 3737/4/4225 1068/1/4226
f 969/1/4200 3727/4/4208 6382/2/4227
f 3727/4/4208 968/1/4207 3739/3/4228
f 6382/2/4227 3739/3/4228 972/1/4229
f 3741/3/4224 6382/2/4227 3735/4/4230
f 1069/5/4232 3967/6/4235 6383/5/4233
f 3967/6/4235 1070/5/4245 3745/11/4236
f 6383/5/4233 3745/11/4236 977/6/4237
f 6383/5/4233 3743/1/4238 976/1/4239
f 3919/6/4240 6384/4/4244 3966/6/4241
f 1000/5/4243 3748/11/4247 6384/4/4244
f 6384/4/4244 3748/11/4247 977/6/4237
f 6384/4/4244 3745/11/4236 1070/5/4245
f 3795/6/4246 6385/1/4249 3748/11/4247
f 3795/6/4246 1001/5/4354 3749/11/4248
f 6385/1/4249 3749/11/4248 976/1/4239
f 6385/1/4249 3743/1/4238 977/6/4237
f 1081/5/4250 3918/6/4253 6386/4/4251
f 3918/6/4253 999/5/4209 3791/1/4211
f 6386/4/4251 3791/1/4211 975/7/4216
f 3965/6/4252 6386/4/4251 3906/1/4254
f 3752/4/4255 6387/2/4258 3763/3/4256
f 980/1/4257 3762/3/4259 6387/2/4258
f 3762/3/4259 984/1/4568 3760/4/4260
f 6387/2/4258 3760/4/4260 985/1/4261
f 3836/4/4262 6388/2/4265 3754/3/3972
f 1020/1/4264 3756/3/4266 6388/2/4265
f 3756/3/4266 980/1/4257 3752/4/4255
f 6388/2/4265 3752/4/4255 981/1/3973
f 3835/4/4267 6389/2/4271 3833/3/4268
f 1019/1/4270 3831/3/4272 6389/2/4271
f 3831/3/4272 978/1/4290 3750/4/4273
f 6389/2/4271 3750/4/4273 979/1/4274
f 3928/4/4275 6390/2/4278 3964/3/4276
f 1021/1/4269 3833/3/4268 6390/2/4278
f 3833/3/4268 979/1/4274 3908/4/4279
f 6390/2/4278 3908/4/4279 1071/1/4280
f 3921/6/4281 6391/4/4285 3963/6/4282
f 3921/6/4281 1002/5/4316 3770/11/4284
f 6391/4/4285 3770/11/4284 989/6/4286
f 3963/6/4282 6391/4/4285 3769/1/4287
f 3750/4/4273 6392/2/4291 3765/3/4289
f 978/1/4290 3764/3/4292 6392/2/4291
f 3764/3/4292 982/1/4361 3758/4/4293
f 6392/2/4291 3758/4/4293 983/1/4294
f 3753/4/3974 6393/2/4296 3962/3/4295
f 981/1/3973 3763/3/4256 6393/2/4296
f 3763/3/4256 985/1/4261 3761/4/4297
f 6393/2/4296 3761/4/4297 1074/1/4298
f 1071/1/4280 3908/4/4279 6394/2/4299
f 979/1/4274 3765/3/4289 6394/2/4299
f 3765/3/4289 983/1/4294 3910/4/4301
f 6394/2/4299 3910/4/4301 1073/1/4302
f 3960/6/4303 6395/5/4306 3767/1/4304
f 1076/5/4288 3769/1/4287 6395/5/4306
f 6395/5/4306 3769/1/4287 989/6/4286
f 6395/5/4306 3768/1/4307 988/1/4308
f 1083/5/4309 3920/6/4313 6396/4/4310
f 1004/5/4312 3772/11/4321 6396/4/4310
f 6396/4/4310 3772/11/4321 987/6/4314
f 3959/6/4311 6396/4/4310 3912/1/4315
f 1002/5/4316 3803/6/4318 6397/1/4317
f 3803/6/4318 1005/5/4367 3801/11/4319
f 6397/1/4317 3801/11/4319 988/1/4308
f 6397/1/4317 3768/1/4307 989/6/4286
f 3802/6/4320 6398/1/4323 3772/11/4321
f 1003/5/4322 3799/11/4598 6398/1/4323
f 6398/1/4323 3799/11/4598 986/6/4324
f 6398/1/4323 3766/1/4325 987/6/4314
f 3687/4/4080 6399/2/4328 3776/3/4326
f 3687/4/4080 948/1/4587 3701/3/4327
f 6399/2/4328 3701/3/4327 993/1/4329
f 6399/2/4328 3778/4/4109 992/1/4101
f 1056/1/4048 3893/4/4047 6400/2/4330
f 3893/4/4047 949/1/4046 3699/3/4332
f 6400/2/4330 3699/3/4332 991/1/4068
f 3958/3/4331 6400/2/4330 3914/4/4107
f 3892/4/4088 6401/2/4334 3957/3/4333
f 946/1/4081 3776/3/4326 6401/2/4334
f 3776/3/4326 992/1/4101 3915/4/4098
f 6401/2/4334 3915/4/4098 1078/1/4100
f 949/1/4046 3688/4/4085 6402/2/4335
f 3688/4/4085 947/1/4084 3774/3/4336
f 3774/3/4336 990/1/4071 3781/4/4072
f 3699/3/4332 6402/2/4335 3781/4/4072
f 959/1/4118 3710/4/4150 6403/2/4337
f 958/1/4339 3723/3/4578 6403/2/4337
f 6403/2/4337 3723/3/4578 995/1/4340
f 3785/3/4338 6403/2/4337 3786/4/4180
f 1061/1/4120 3898/4/4119 6404/2/4341
f 3898/4/4119 959/1/4118 3785/3/4338
f 6404/2/4341 3785/3/4338 997/1/4178
f 3956/3/4342 6404/2/4341 3916/4/4174
f 3711/4/4159 6405/2/4344 3782/3/4343
f 960/1/4158 3784/3/4345 6405/2/4344
f 3784/3/4345 996/1/4169 3788/4/4167
f 6405/2/4344 3788/4/4167 994/1/4142
f 3713/4/4154 6406/2/4347 3955/3/4346
f 961/1/4160 3782/3/4343 6406/2/4347
f 3782/3/4343 994/1/4142 3917/4/4139
f 6406/2/4347 3917/4/4139 1080/1/4141
f 1067/1/4188 3904/4/4187 6407/2/4348
f 3904/4/4187 971/1/4221 3747/3/4350
f 6407/2/4348 3747/3/4350 999/1/4209
f 3954/3/4349 6407/2/4348 3918/4/4253
f 973/1/4231 3735/4/4230 6408/2/4351
f 3735/4/4230 972/1/4229 3793/3/4353
f 6408/2/4351 3793/3/4353 1001/1/4354
f 3792/3/4352 6408/2/4351 3795/4/4246
f 3737/4/4225 6409/2/4356 3953/3/4355
f 973/1/4231 3792/3/4352 6409/2/4356
f 3792/3/4352 1000/1/4243 3919/4/4240
f 6409/2/4356 3919/4/4240 1082/1/4242
f 3734/4/4220 6410/2/4358 3747/3/4350
f 970/1/4357 3790/3/4359 6410/2/4358
f 3790/3/4359 998/1/4212 3797/4/4213
f 3747/3/4350 6410/2/4358 3797/4/4213
f 3758/4/4293 6411/2/4362 3800/3/4360
f 982/1/4361 3771/3/4363 6411/2/4362
f 3771/3/4363 1003/1/4322 3802/4/4320
f 6411/2/4362 3802/4/4320 1004/1/4312
f 985/1/4261 3760/4/4260 6412/2/4364
f 3760/4/4260 984/1/4568 3773/3/4366
f 6412/2/4364 3773/3/4366 1005/1/4367
f 3798/3/4365 6412/2/4364 3803/4/4318
f 3910/4/4301 6413/2/4369 3952/3/4368
f 983/1/4294 3800/3/4360 6413/2/4369
f 3800/3/4360 1004/1/4312 3920/4/4313
f 3952/3/4368 6413/2/4369 3920/4/4313
f 3761/4/4297 6414/2/4371 3951/3/4370
f 985/1/4261 3798/3/4365 6414/2/4371
f 6414/2/4371 3798/3/4365 1002/1/4316
f 6414/2/4371 3921/4/4281 1084/1/4283
f 3645/6/4029 6415/5/4374 3808/6/4372
f 3645/6/4029 916/5/4027 3683/6/4373
f 6415/5/4374 3683/6/4373 1007/5/4375
f 3808/6/4372 6415/5/4374 3810/6/4064
f 914/5/3883 3633/11/3882 6416/5/4376
f 3633/11/3882 935/1/4025 3685/6/4378
f 6416/5/4376 3685/6/4378 1009/5/4057
f 3806/6/4377 6416/5/4376 3811/6/4055
f 1049/5/4379 3886/1/4382 6417/5/4380
f 3886/1/4382 928/1/4033 3808/6/4372
f 6417/5/4380 3808/6/4372 1008/5/4062
f 3950/6/4381 6417/5/4380 3922/6/4052
f 1042/1/3857 3879/4/4385 6418/2/4383
f 3879/4/4385 914/1/3883 3806/3/4377
f 6418/2/4383 3806/3/4377 1006/1/4056
f 3949/3/4384 6418/2/4383 3923/4/3894
f 1048/5/4386 3885/1/4389 6419/5/4387
f 3885/1/4389 929/1/4398 3707/6/4390
f 6419/5/4387 3707/6/4390 1011/5/3984
f 3948/6/4388 6419/5/4387 3924/6/4138
f 3653/1/4024 6420/5/4393 3816/6/4391
f 934/1/4392 3817/6/4394 6420/5/4393
f 3817/6/4394 1013/5/4130 3819/6/4129
f 6420/5/4393 3819/6/4129 1012/5/4124
f 3668/1/4395 6421/5/4397 3947/6/4396
f 3668/1/4395 935/1/4025 3816/6/4391
f 3816/6/4391 1012/5/4124 3925/6/4121
f 6421/5/4397 3925/6/4121 1088/5/4123
f 929/1/4398 3646/1/4035 6422/5/4399
f 3646/1/4035 928/1/4033 3814/6/4400
f 6422/5/4399 3814/6/4400 1010/5/4401
f 3707/6/4390 6422/5/4399 3821/6/3987
f 3652/1/4019 6423/5/4404 3825/6/4402
f 3652/1/4019 933/1/4425 3731/6/4403
f 6423/5/4404 3731/6/4403 1015/5/4405
f 3825/6/4402 6423/5/4404 3826/6/4205
f 1048/5/4386 3667/1/4408 6424/5/4406
f 3667/1/4408 934/1/4392 3825/6/4402
f 6424/5/4406 3825/6/4402 1017/5/4203
f 3946/6/4407 6424/5/4406 3926/6/4198
f 3647/1/4039 6425/5/4412 3822/6/4409
f 3647/1/4039 929/1/4398 3824/6/4411
f 3824/6/4411 1016/5/4191 3828/6/4189
f 6425/5/4412 3828/6/4189 1014/5/4190
f 1047/5/4413 3884/1/4416 6426/5/4414
f 3884/1/4416 930/1/4410 3822/6/4409
f 6426/5/4414 3822/6/4409 1014/5/4190
f 3945/6/4415 6426/5/4414 3927/6/3979
f 3881/4/4417 6427/2/4420 3944/3/4418
f 920/1/3867 3757/3/4421 6427/2/4420
f 3757/3/4421 1021/1/4269 3928/4/4275
f 6427/2/4420 3928/4/4275 1091/1/4277
f 3627/11/3866 6428/5/4423 3757/6/4421
f 3627/11/3866 930/1/4410 3755/6/4422
f 6428/5/4423 3755/6/4422 1019/5/4270
f 6428/5/4423 3835/6/4267 1021/5/4269
f 3651/6/4014 6429/5/4426 3830/6/4424
f 918/5/3875 3832/6/4427 6429/5/4426
f 3832/6/4427 1020/5/4264 3836/6/4262
f 6429/5/4426 3836/6/4262 1018/5/4263
f 1047/5/4413 3666/1/4430 6430/5/4428
f 3666/1/4430 933/1/4425 3830/6/4424
f 6430/5/4428 3830/6/4424 1018/5/4263
f 3943/6/4429 6430/5/4428 3929/6/3971
f 3995/6/4431 6431/11/4433 4004/6/4002
f 1094/5/4432 3841/10/4434 6431/11/4433
f 3841/10/4434 1024/9/4518 3671/10/3909
f 6431/11/4433 3671/10/3909 1104/5/3911
f 3670/6/4435 6432/5/4439 3871/1/4436
f 1105/5/4438 4002/6/4440 6432/5/4439
f 4002/6/4440 1108/5/3916 3994/6/3915
f 6432/5/4439 3994/6/3915 1039/6/3914
f 1051/5/3924 3986/1/3923 6433/5/4441
f 3986/1/3923 923/1/4446 3845/6/4442
f 6433/5/4441 3845/6/4442 1022/5/4443
f 4003/6/4008 6433/5/4441 3880/6/4444
f 3845/11/4442 6434/5/4447 3851/6/4445
f 923/1/4446 3850/6/4448 6434/5/4447
f 3850/6/4448 1025/5/4538 3849/6/4449
f 6434/5/4447 3849/6/4449 1027/5/4450
f 1128/5/4451 4048/6/4454 6435/4/4452
f 4048/6/4454 1123/5/4498 3858/11/4455
f 6435/4/4452 3858/11/4455 1030/6/4456
f 3940/6/4453 6435/4/4452 3854/1/4457
f 924/1/4459 3843/12/4462 6436/5/4460
f 3843/12/4462 1024/9/4518 3852/6/4463
f 6436/5/4460 3852/6/4463 1028/5/4464
f 3853/6/4461 6436/5/4460 3848/6/4465
f 3931/4/4467 6437/2/4469 3939/3/4468
f 1022/1/4443 3851/3/4445 6437/2/4469
f 3851/3/4445 1027/1/4450 3933/4/4470
f 6437/2/4469 3933/4/4470 1096/1/4471
f 1045/5/4472 3639/1/4475 6438/5/4473
f 3639/1/4475 924/1/4459 3853/6/4461
f 6438/5/4473 3853/6/4461 1026/5/4466
f 3938/6/4474 6438/5/4473 3846/6/4476
f 1097/5/4458 3854/1/4457 6439/3/4478
f 3854/1/4457 1030/6/4456 3856/1/4480
f 6439/3/4478 3856/1/4480 1032/6/4481
f 3937/6/4479 6439/3/4478 3855/1/4482
f 1125/5/4484 4047/6/4487 6440/6/4485
f 4047/6/4487 1124/5/4541 4038/11/4488
f 6440/6/4485 4038/11/4488 1029/6/4489
f 4039/1/4486 6440/6/4485 3857/1/4490
f 4046/6/4492 6441/4/4495 3936/6/4493
f 4046/6/4492 1125/5/4484 4039/1/4486
f 6441/4/4495 4039/1/4486 1031/7/4491
f 6441/4/4495 3935/1/4496 1098/5/4483
f 4045/6/4497 6442/1/4500 3858/11/4455
f 1126/5/4499 4040/11/4501 6442/1/4500
f 4040/11/4501 1032/6/4481 3856/1/4480
f 6442/1/4500 3856/1/4480 1030/6/4456
f 3862/6/4502 6443/6/4503 4002/6/4440
f 1034/1/3960 3870/1/3961 6443/6/4503
f 3870/1/3961 1040/1/3958 3869/1/4504
f 6443/6/4503 3869/1/4504 1108/5/3916
f 3670/4/4435 6444/2/4506 4001/3/4505
f 1033/1/4437 3865/3/4528 6444/2/4506
f 6444/2/4506 3865/3/4528 1037/1/3954
f 4001/3/4505 6444/2/4506 3669/4/4507
f 1106/5/4508 3669/6/4507 6445/6/4509
f 3669/6/4507 1037/5/3954 3866/1/3953
f 6445/6/4509 3866/1/3953 1038/6/3952
f 6445/6/4509 3629/1/4511 1107/5/4512
f 1101/5/3962 3664/1/3991 6446/11/4513
f 3664/1/3991 932/6/3993 3875/1/4515
f 6446/11/4513 3875/1/4515 1036/6/4516
f 3999/6/4514 6446/11/4513 3868/1/4517
f 1024/9/4518 3843/12/4462 6447/5/4519
f 3843/12/4462 924/1/4459 3876/6/4520
f 6447/5/4519 3876/6/4520 1033/5/4437
f 3874/12/3912 6447/5/4519 3871/6/4436
f 4049/1/4521 6448/1/4523 4050/1/4522
f 4049/1/4521 917/4/3957 3631/1/3956
f 3631/1/3956 1034/1/3960 3863/6/4524
f 6448/1/4523 3863/6/4524 1035/5/4525
f 3654/6/4526 6449/5/4527 3876/6/4520
f 936/5/3949 3873/6/3948 6449/5/4527
f 3873/6/3948 1037/5/3954 3865/6/4528
f 3876/6/4520 6449/5/4527 3865/6/4528
f 932/6/3993 4050/1/4522 6450/16/4529
f 3864/1/4530 6450/16/4529 4050/1/4522
f 1036/6/4516 3875/11/4515 6450/16/4529
f 4044/6/4531 6451/5/4532 4040/11/4501
f 1127/5/4494 3936/6/4493 6451/5/4532
f 3936/6/4493 1098/5/4483 3855/6/4482
f 6451/5/4532 3855/6/4482 1032/6/4481
f 3934/6/4533 6452/5/4534 3857/1/4490
f 1097/5/4458 3937/6/4479 6452/5/4534
f 3937/6/4479 1098/5/4483 3935/6/4496
f 6452/5/4534 3935/6/4496 1031/7/4491
f 3882/6/4535 6453/5/4536 3850/6/4448
f 1045/5/4472 3938/6/4474 6453/5/4536
f 3938/6/4474 1095/5/4477 3932/6/4537
f 6453/5/4536 3932/6/4537 1025/5/4538
f 1024/9/4518 3841/6/4434 6454/5/4539
f 3841/6/4434 1094/5/4432 3939/6/4468
f 3939/6/4468 1096/5/4471 3847/6/4540
f 3852/6/4463 6454/5/4539 3847/6/4540
f 1124/5/4541 4043/6/4543 6455/5/4542
f 4043/6/4543 1128/5/4451 3940/6/4453
f 6455/5/4542 3940/6/4453 1097/5/4458
f 6455/5/4542 3934/6/4533 1029/6/4489
f 1034/5/3960 3862/6/4502 6456/5/4544
f 1105/5/4438 4001/6/4505 6456/5/4544
f 6456/5/4544 4001/6/4505 1106/5/4508
f 3863/6/4524 6456/5/4544 3867/6/4545
f 1103/1/4009 3880/4/4444 6457/2/4546
f 3880/4/4444 1022/1/4443 3931/3/4467
f 3931/3/4467 1094/1/4432 3995/4/4431
f 6457/2/4546 3995/4/4431 1109/1/4000
f 3884/6/4416 6458/5/4548 3755/6/4422
f 3884/6/4416 1047/5/4413 3943/6/4429
f 3943/6/4429 1092/5/3968 3837/6/4549
f 6458/5/4548 3837/6/4549 1019/5/4270
f 3630/4/3874 6459/2/4550 3832/3/4427
f 1044/1/4419 3944/3/4418 6459/2/4550
f 3944/3/4418 1091/1/4277 3834/4/4551
f 6459/2/4550 3834/4/4551 1020/1/4264
f 3666/6/4430 6460/5/4552 3731/6/4403
f 1047/5/4413 3945/6/4415 6460/5/4552
f 3945/6/4415 1090/5/3976 3829/6/4553
f 6460/5/4552 3829/6/4553 1015/5/4405
f 3885/6/4389 6461/5/4554 3824/6/4411
f 3885/6/4389 1048/5/4386 3946/6/4407
f 3946/6/4407 1089/5/4195 3827/6/4555
f 6461/5/4554 3827/6/4555 1016/5/4191
f 3886/6/4382 6462/5/4556 3814/6/4400
f 1049/5/4379 3947/6/4396 6462/5/4556
f 3947/6/4396 1088/5/4123 3820/6/4557
f 6462/5/4556 3820/6/4557 1010/5/4401
f 3667/6/4408 6463/5/4558 3817/6/4394
f 3667/6/4408 1048/5/4386 3948/6/4388
f 6463/5/4558 3948/6/4388 1087/5/4135
f 6463/5/4558 3818/6/4559 1013/5/4130
f 916/1/4027 3624/4/3859 6464/2/4560
f 3624/4/3859 1042/1/3857 3949/3/4384
f 3949/3/4384 1086/1/3896 3813/4/4561
f 6464/2/4560 3813/4/4561 1007/1/4375
f 3668/6/4395 6465/5/4562 3685/6/4378
f 3668/6/4395 1049/5/4379 3950/6/4381
f 6465/5/4562 3950/6/4381 1085/5/4049
f 3685/6/4378 6465/5/4562 3812/6/4563
f 3911/4/4564 6466/2/4565 3771/3/4363
f 1074/1/4298 3951/3/4370 6466/2/4565
f 3951/3/4370 1084/1/4283 3805/4/4566
f 6466/2/4565 3805/4/4566 1003/1/4322
f 3759/4/4567 6467/2/4569 3773/3/4366
f 1073/1/4302 3952/3/4368 6467/2/4569
f 6467/2/4569 3952/3/4368 1083/1/4309
f 3773/3/4366 6467/2/4569 3804/4/4570
f 3905/4/4571 6468/2/4572 3790/3/4359
f 1068/1/4226 3953/3/4355 6468/2/4572
f 3953/3/4355 1082/1/4242 3796/4/4573
f 6468/2/4572 3796/4/4573 998/1/4212
f 972/1/4229 3736/4/4575 6469/2/4574
f 3736/4/4575 1067/1/4188 3954/3/4349
f 6469/2/4574 3954/3/4349 1081/1/4250
f 3793/3/4353 6469/2/4574 3794/4/4576
f 3899/4/4577 6470/2/4579 3723/3/4578
f 1062/1/4155 3955/3/4346 6470/2/4579
f 3955/3/4346 1080/1/4141 3789/4/4580
f 6470/2/4579 3789/4/4580 995/1/4340
f 960/1/4158 3712/4/4582 6471/2/4581
f 3712/4/4582 1061/1/4120 3956/3/4342
f 6471/2/4581 3956/3/4342 1079/1/4171
f 3784/3/4345 6471/2/4581 3787/4/4583
f 3686/4/4584 6472/2/4585 3774/3/4336
f 1055/1/4089 3957/3/4333 6472/2/4585
f 3957/3/4333 1078/1/4100 3780/4/4586
f 6472/2/4585 3780/4/4586 990/1/4071
f 948/1/4587 3689/4/4589 6473/2/4588
f 3689/4/4589 1056/1/4048 3958/3/4331
f 6473/2/4588 3958/3/4331 1077/1/4104
f 3701/3/4327 6473/2/4588 3779/4/4590
f 1005/5/4367 3804/6/4570 6474/5/4591
f 3804/6/4570 1083/5/4309 3959/6/4311
f 3959/6/4311 1075/5/4305 3767/6/4304
f 6474/5/4591 3767/6/4304 988/1/4308
f 987/6/4314 3766/1/4325 6475/5/4592
f 986/6/4324 3913/6/4593 6475/5/4592
f 3913/6/4593 1076/5/4288 3960/6/4303
f 6475/5/4592 3960/6/4303 1075/5/4305
f 3751/4/4594 6476/2/4595 3762/3/4259
f 1071/1/4280 3961/3/4300 6476/2/4595
f 3961/3/4300 1073/1/4302 3759/4/4567
f 6476/2/4595 3759/4/4567 984/1/4568
f 3909/4/4596 6477/2/4597 3764/3/4292
f 1072/1/3975 3962/3/4295 6477/2/4597
f 3962/3/4295 1074/1/4298 3911/4/4564
f 6477/2/4597 3911/4/4564 982/1/4361
f 3805/6/4566 6478/5/4599 3799/11/4598
f 1084/5/4283 3963/6/4282 6478/5/4599
f 3963/6/4282 1076/5/4288 3913/6/4593
f 6478/5/4599 3913/6/4593 986/6/4324
f 3834/4/4551 6479/2/4600 3756/3/4266
f 1091/1/4277 3964/3/4276 6479/2/4600
f 3964/3/4276 1071/1/4280 3751/4/4594
f 6479/2/4600 3751/4/4594 980/1/4257
f 1001/5/4354 3794/6/4576 6480/5/4601
f 3794/6/4576 1081/5/4250 3965/6/4252
f 6480/5/4601 3965/6/4252 1069/5/4232
f 6480/5/4601 3744/6/4234 976/1/4239
f 3796/6/4573 6481/5/4603 3746/11/4602
f 1082/5/4242 3966/6/4241 6481/5/4603
f 3966/6/4241 1070/5/4245 3907/6/4604
f 6481/5/4603 3907/6/4604 974/6/4214
f 3742/1/4215 6482/5/4605 3906/6/4254
f 3742/1/4215 974/6/4214 3907/6/4604
f 6482/5/4605 3907/6/4604 1070/5/4245
f 6482/5/4605 3967/6/4235 1069/5/4232
f 3903/4/4606 6483/2/4607 3740/3/4219
f 1066/1/4202 3968/3/4222 6483/2/4607
f 3968/3/4222 1068/1/4226 3905/4/4571
f 6483/2/4607 3905/4/4571 970/1/4357
f 3827/4/4555 6484/2/4608 3732/3/4193
f 1089/1/4195 3969/3/4197 6484/2/4608
f 3969/3/4197 1066/1/4202 3903/4/4606
f 6484/2/4608 3903/4/4606 966/1/4217
f 968/1/4207 3728/4/4610 6485/2/4609
f 1065/1/3983 3970/3/4184 6485/2/4609
f 3970/3/4184 1067/1/4188 3736/4/4575
f 3739/3/4228 6485/2/4609 3736/4/4575
f 996/5/4169 3787/6/4583 6486/5/4611
f 3787/6/4583 1079/5/4171 3971/6/4173
f 6486/5/4611 3971/6/4173 1063/5/4163
f 6486/5/4611 3720/6/4162 964/1/4166
f 3718/1/4183 6487/5/4614 3900/6/4177
f 3718/1/4183 962/6/4182 3901/6/4613
f 6487/5/4614 3901/6/4613 1064/5/4146
f 6487/5/4614 3972/6/4161 1063/5/4163
f 3897/4/4615 6488/2/4616 3716/3/4149
f 1060/1/4128 3973/3/4151 6488/2/4616
f 3973/3/4151 1062/1/4155 3899/4/4577
f 6488/2/4616 3899/4/4577 958/1/4339
f 3789/6/4580 6489/5/4617 3783/11/4181
f 1080/5/4141 3974/6/4140 6489/5/4617
f 3974/6/4140 1064/5/4146 3901/6/4613
f 6489/5/4617 3901/6/4613 962/6/4182
f 3818/4/4559 6490/2/4618 3709/3/4132
f 3818/4/4559 1087/1/4135 3975/3/4137
f 6490/2/4618 3975/3/4137 1059/1/4113
f 3709/3/4132 6490/2/4618 3704/4/4619
f 3820/4/4557 6491/2/4620 3706/3/3988
f 1088/1/4123 3976/3/4122 6491/2/4620
f 3976/3/4122 1060/1/4128 3897/4/4615
f 6491/2/4620 3897/4/4615 954/1/4148
f 956/1/4156 3704/4/4619 6492/2/4621
f 3704/4/4619 1059/1/4113 3977/3/4115
f 6492/2/4621 3977/3/4115 1061/1/4120
f 3715/3/4622 6492/2/4621 3712/4/4582
f 993/5/4329 3779/6/4590 6493/5/4623
f 3779/6/4590 1077/5/4104 3978/6/4106
f 6493/5/4623 3978/6/4106 1058/5/4092
f 6493/5/4623 3697/6/4091 952/1/4097
f 3780/6/4586 6494/5/4625 3698/11/4624
f 1078/5/4100 3979/6/4099 6494/5/4625
f 3979/6/4099 1057/5/4103 3694/6/4626
f 6494/5/4625 3694/6/4626 951/6/4073
f 3696/1/4074 6495/5/4627 3895/6/4108
f 951/6/4073 3694/6/4626 6495/5/4627
f 6495/5/4627 3694/6/4626 1057/5/4103
f 6495/5/4627 3980/6/4090 1058/5/4092
f 3678/4/4628 6496/2/4629 3693/3/4083
f 1053/1/3900 3981/3/4086 6496/2/4629
f 3981/3/4086 1055/1/4089 3686/4/4584
f 6496/2/4629 3686/4/4584 947/1/4084
f 1009/1/4057 3812/4/4563 6497/2/4630
f 3812/4/4563 1085/1/4049 3982/3/4051
f 6497/2/4630 3982/3/4051 1054/1/4041
f 3809/3/4059 6497/2/4630 3681/4/4631
f 944/1/4077 3681/4/4631 6498/2/4632
f 3681/4/4631 1054/1/4041 3983/3/4043
f 6498/2/4632 3983/3/4043 1056/1/4048
f 3691/3/4079 6498/2/4632 3689/4/4589
f 1035/6/4525 3867/6/4545 6499/5/4633
f 3867/6/4545 1106/5/4508 4000/6/4510
f 6499/5/4633 4000/6/4510 1107/5/4512
f 6499/5/4633 3868/6/4517 1036/6/4516
f 3888/6/3965 6500/5/4635 3872/12/4634
f 1101/5/3962 3999/6/4514 6500/5/4635
f 3999/6/4514 1107/5/4512 3629/6/4511
f 6500/5/4635 3629/6/4511 1038/6/3952
f 1023/1/4011 3838/4/4010 6501/2/4636
f 3838/4/4010 1103/1/4009 3998/3/4547
f 3998/3/4547 1109/1/4000 3942/4/4001
f 3839/3/4637 6501/2/4636 3942/4/4001
f 1015/1/4405 3829/4/4553 6502/2/4638
f 3829/4/4553 1090/1/3976 3987/3/3978
f 6502/2/4638 3987/3/3978 1065/1/3983
f 3823/3/4206 6502/2/4638 3728/4/4610
f 3837/4/4549 6503/2/4639 3831/3/4272
f 1092/1/3968 3988/3/3970 6503/2/4639
f 3988/3/3970 1072/1/3975 3909/4/4596
f 6503/2/4639 3909/4/4596 978/1/4290
f 3634/4/3907 6504/2/4642 3997/3/4640
f 3634/4/3907 921/1/3906 3883/3/4641
f 3883/3/4641 1046/1/3928 3996/4/3925
f 6504/2/4642 3996/4/3925 1110/1/3927
f 3813/4/4561 6505/2/4643 3807/3/4065
f 1086/1/3896 3990/3/3895 6505/2/4643
f 3990/3/3895 1053/1/3900 3678/4/4628
f 6505/2/4643 3678/4/4628 943/1/4066
f 3985/4/4644 6506/2/4647 3622/3/4645
f 3985/4/4644 1050/1/3908 3997/3/4640
f 6506/2/4647 3997/3/4640 1110/1/3927
f 6506/2/4647 3989/4/4648 1041/1/4649
f 1113/1/3869 4015/4/3868 6507/2/4650
f 4015/4/3868 920/1/3867 3881/3/4417
f 6507/2/4650 3881/3/4417 1044/1/4419
f 4026/3/4651 6507/2/4650 4023/4/3873
f 3623/4/3884 6508/2/4653 4025/3/4652
f 914/1/3883 3879/3/4385 6508/2/4653
f 3879/3/4385 1042/1/3857 4024/4/3854
f 6508/2/4653 4024/4/3854 1122/1/3856
f 3660/4/4654 6509/2/4657 3644/3/4655
f 1043/1/3938 4007/3/3939 6509/2/4657
f 4007/3/3939 1099/1/3889 3661/4/3886
f 6509/2/4657 3661/4/3886 926/1/3888
f 915/1/4658 3625/4/4661 6510/2/4659
f 1052/1/3932 4008/3/3933 6510/2/4659
f 4008/3/3933 1043/1/3938 3660/4/4654
f 6510/2/4659 3660/4/4654 927/1/4656
f 3989/4/4648 6511/2/4663 3878/3/4662
f 1110/1/3927 4009/3/3926 6511/2/4663
f 4009/3/3926 1052/1/3932 3625/4/4661
f 6511/2/4663 3625/4/4661 915/1/4658
f 3662/4/3892 6512/2/4665 3642/3/4664
f 1100/1/3919 4010/3/3918 6512/2/4665
f 6512/2/4665 4010/3/3918 1051/1/3924
f 6512/2/4665 3628/4/4007 919/1/4004
f 3650/6/4003 6513/5/4666 3877/1/3955
f 1104/5/3911 4011/6/3910 6513/5/4666
f 4011/6/3910 1108/5/3916 3869/6/4504
f 6513/5/4666 3869/6/4504 1040/1/3958
f 3665/4/3995 6514/2/4668 3648/3/4667
f 1102/1/3903 4012/3/3902 6514/2/4668
f 4012/3/3902 1050/1/3908 3985/4/4644
f 6514/2/4668 3985/4/4644 913/1/4646
f 4013/4/4669 6515/2/4670 3883/3/4641
f 1111/1/3885 4025/3/4652 6515/2/4670
f 4025/3/4652 1122/1/3856 3993/4/4671
f 6515/2/4670 3993/4/4671 1046/1/3928
f 3636/6/4672 6516/5/4673 3882/6/4535
f 1113/5/3869 4026/6/4651 6516/5/4673
f 4026/6/4651 1121/5/3870 3992/6/4674
f 3882/6/4535 6516/5/4673 3992/6/4674
f 3676/4/4675 6517/2/4676 3659/3/3946
f 1119/1/4037 4027/3/4038 6517/2/4676
f 4027/3/4038 1120/1/3862 3677/4/4677
f 6517/2/4676 3677/4/4677 941/1/3920
f 3675/4/4678 6518/2/4679 3658/3/3942
f 1118/1/4031 4028/3/4032 6518/2/4679
f 4028/3/4032 1119/1/4037 3676/4/4675
f 6518/2/4679 3676/4/4675 940/1/3944
f 3635/4/4680 6519/2/4681 3657/3/3936
f 1112/1/3861 4029/3/4026 6519/2/4681
f 4029/3/4026 1118/1/4031 3675/4/4678
f 6519/2/4681 3675/4/4678 939/1/3940
f 937/9/3950 3673/6/4683 6520/5/4682
f 3673/6/4683 1116/5/4021 4030/6/4023
f 6520/5/4682 4030/6/4023 1117/5/3878
f 3656/6/3966 6520/5/4682 3674/6/4684
f 936/5/3949 3672/6/4686 6521/5/4685
f 3672/6/4686 1115/5/4016 4031/6/4018
f 6521/5/4685 4031/6/4018 1116/5/4021
f 3655/10/3947 6521/5/4685 3673/6/4683
f 924/1/4459 3637/6/4688 6522/5/4687
f 3637/6/4688 1114/5/3877 4032/6/4013
f 6522/5/4687 4032/6/4013 1115/5/4016
f 3654/6/4526 6522/5/4687 3672/6/4686
f 938/1/3967 3674/4/4684 6523/2/4689
f 3674/4/4684 1117/1/3878 4033/3/3880
f 6523/2/4689 4033/3/3880 1111/1/3885
f 3638/3/3904 6523/2/4689 4013/4/4669
f 1045/5/4472 3992/6/4674 6524/5/4690
f 3992/6/4674 1121/5/3870 4034/6/3872
f 6524/5/4690 4034/6/3872 1114/5/3877
f 3639/1/4475 6524/5/4690 3637/6/4688
f 3677/6/4677 6525/5/4691 3640/1/3922
f 1120/5/3862 4035/6/3864 6525/5/4691
f 4035/6/3864 1113/5/3869 3636/6/4672
f 6525/5/4691 3636/6/4672 923/1/4446
f 3993/4/4671 6526/2/4692 3641/3/3930
f 1122/1/3856 4036/3/3855 6526/2/4692
f 4036/3/3855 1112/1/3861 3635/4/4680
f 6526/2/4692 3635/4/4680 922/1/3934
f 3932/4/4537 6527/2/4695 3859/3/4693
f 3932/4/4537 1095/1/4477 4042/3/4694
f 6527/2/4695 4042/3/4694 1128/1/4451
f 3859/3/4693 6527/2/4695 4043/4/4543
f 3847/4/4540 6528/2/4697 3861/3/4696
f 1096/1/4471 4041/3/4698 6528/2/4697
f 4041/3/4698 1127/1/4494 4044/4/4531
f 6528/2/4697 4044/4/4531 1126/1/4499
f 1026/1/4466 3848/4/4465 6529/2/4699
f 3848/4/4465 1028/1/4464 3861/3/4696
f 3861/3/4696 1126/1/4499 4045/4/4497
f 4037/3/4700 6529/2/4699 4045/4/4497
f 3933/4/4470 6530/2/4701 4041/3/4698
f 1027/1/4450 3860/3/4702 6530/2/4701
f 3860/3/4702 1125/1/4484 4046/4/4492
f 6530/2/4701 4046/4/4492 1127/1/4494
f 3849/4/4449 6531/2/4703 3860/3/4702
f 1025/1/4538 3859/3/4693 6531/2/4703
f 6531/2/4703 3859/3/4693 1124/1/4541
f 3860/3/4702 6531/2/4703 4047/4/4487
f 1095/1/4477 3846/4/4476 6532/2/4704
f 3846/4/4476 1026/1/4466 4037/3/4700
f 6532/2/4704 4037/3/4700 1123/1/4498
f 4042/3/4694 6532/2/4704 4048/4/4454
f 913/1/4646 3622/4/4645 6533/2/4705
f 1041/1/4649 3842/3/4707 6533/2/4705
f 6533/2/4705 3842/3/4707 831/1/3555
f 3930/3/4706 6533/2/4705 3472/4/3554
f 3878/4/4662 6534/2/4708 3842/3/4707
f 915/1/4658 3840/3/4709 6534/2/4708
f 6534/2/4708 3840/3/4709 837/1/3567
f 3842/3/4707 6534/2/4708 3471/4/3566
f 3626/4/4660 6535/2/4710 3840/3/4709
f 927/1/4656 3663/3/4711 6535/2/4710
f 3663/3/4711 833/1/3573 3475/4/3572
f 6535/2/4710 3475/4/3572 837/1/3567
f 3644/4/4655 6536/2/4712 3663/3/4711
f 926/1/3888 4051/3/4713 6536/2/4712
f 4051/3/4713 838/1/3589 3476/4/3588
f 6536/2/4712 3476/4/3588 833/1/3573
f 3643/4/3887 6537/2/4715 4051/3/4713
f 3643/4/3887 925/1/3893 4052/3/4714
f 4052/3/4714 830/1/3578 3470/4/3585
f 6537/2/4715 3470/4/3585 838/1/3589
f 925/1/3893 3642/4/4664 6538/2/4716
f 3642/4/4664 919/1/4004 4053/3/4717
f 6538/2/4716 4053/3/4717 839/1/3559
f 4052/3/4714 6538/2/4716 3473/4/3579
f 919/1/4004 3844/4/4006 6539/2/4718
f 3844/4/4006 1023/1/4011 4054/3/4719
f 4054/3/4719 834/1/3561 3474/4/3560
f 6539/2/4718 3474/4/3560 839/1/3559
f 1023/1/4011 3839/4/4637 6540/2/4720
f 3839/4/4637 1093/1/3997 4055/3/4721
f 4055/3/4721 840/1/3545 3478/4/3544
f 6540/2/4720 3478/4/3544 834/1/3561
f 1093/5/3997 3632/6/3999 6541/5/4722
f 3632/6/3999 917/4/3957 4056/6/4723
f 4056/6/4723 832/5/3533 3477/6/3532
f 6541/5/4722 3477/6/3532 840/5/3545
f 917/4/3957 4049/1/4521 6542/5/4724
f 4049/1/4521 932/6/3993 4057/6/4725
f 6542/5/4724 4057/6/4725 836/5/3538
f 6542/5/4724 3479/6/3549 832/5/3533
f 932/6/3993 3649/6/3992 6543/5/4726
f 3649/6/3992 931/5/3996 4058/6/4727
f 6543/5/4726 4058/6/4727 829/5/3523
f 4057/6/4725 6543/5/4726 3469/6/3539
f 931/1/3996 3648/4/4667 6544/2/4728
f 3648/4/4667 913/1/4646 3930/3/4706
f 6544/2/4728 3930/3/4706 835/1/3525
f 4058/3/4727 6544/2/4728 3468/4/3524
f 4371/4/4729 6545/2/4733 4066/3/4730
f 1307/1/4732 4372/3/4734 6545/2/4733
f 4372/3/4734 1308/1/5399 4384/4/4735
f 6545/2/4733 4384/4/4735 1309/1/4736
f 4077/6/4737 6546/24/4741 4076/6/4738
f 1136/5/4740 4090/12/4742 6546/24/4741
f 4090/12/4742 1150/27/4816 4087/12/4743
f 6546/24/4741 4087/12/4743 1310/5/4744
f 1254/16/4745 4330/6/4748 6547/5/4746
f 4330/6/4748 1293/5/4753 4366/6/4749
f 6547/5/4746 4366/6/4749 1135/5/4750
f 4364/26/4747 6547/5/4746 4065/6/4751
f 1293/1/4753 4331/4/4755 6548/2/4754
f 4331/4/4755 1255/1/5312 4365/3/4756
f 6548/2/4754 4365/3/4756 1129/1/4757
f 4366/3/4749 6548/2/4754 4064/4/4758
f 1132/2/4752 4069/6/4761 6549/5/4759
f 4069/6/4761 1139/5/4766 4368/6/4762
f 6549/5/4759 4368/6/4762 1303/5/4763
f 4367/1/4760 6549/5/4759 4359/6/4764
f 1139/1/4766 4070/4/4768 6550/2/4767
f 4070/4/4768 1133/1/4782 4369/3/4769
f 6550/2/4767 4369/3/4769 1304/1/4770
f 4368/3/4762 6550/2/4767 4360/4/4771
f 1132/2/4752 4065/6/4751 6551/1/4772
f 4065/6/4751 1135/5/4750 4080/1/4774
f 6551/1/4772 4080/1/4774 1146/7/4775
f 4074/1/4773 6551/1/4772 4078/5/4776
f 1135/5/4750 4064/6/4758 6552/1/4778
f 4064/6/4758 1129/5/4757 4075/1/4779
f 6552/1/4778 4075/1/4779 1144/7/4780
f 4080/1/4774 6552/1/4778 4079/5/4781
f 1133/5/4782 4070/6/4768 6553/1/4783
f 4070/6/4768 1139/5/4766 4083/1/4785
f 6553/1/4783 4083/1/4785 1147/7/4786
f 4071/1/4784 6553/1/4783 4081/5/4787
f 1139/5/4766 4069/1/4761 6554/1/4789
f 4069/1/4761 1132/2/4752 4074/1/4773
f 6554/1/4789 4074/1/4773 1143/7/4777
f 4083/1/4785 6554/1/4789 4082/5/4790
f 1131/5/4791 4068/6/4794 6555/11/4792
f 4068/6/4794 1138/5/4799 4086/1/4795
f 6555/11/4792 4086/1/4795 1148/7/4796
f 4072/1/4793 6555/11/4792 4084/5/4797
f 1138/5/4799 4067/6/4801 6556/1/4800
f 4067/6/4801 1133/5/4782 4071/1/4784
f 6556/1/4800 4071/1/4784 1140/7/4788
f 4086/1/4795 6556/1/4800 4085/5/4802
f 1130/5/4803 4062/6/4806 6557/11/4804
f 4062/6/4806 1152/5/4826 4437/1/4807
f 6557/11/4804 4437/1/4807 1149/7/4808
f 4073/1/4805 6557/11/4804 4374/5/4809
f 4088/6/4811 6558/5/4814 4089/12/4812
f 1138/5/4799 4068/6/4794 6558/5/4814
f 4068/6/4794 1131/5/4791 4063/6/4815
f 6558/5/4814 4063/6/4815 1150/27/4816
f 4369/4/4769 6559/2/4818 4370/3/4817
f 1133/1/4782 4067/3/4801 6559/2/4818
f 4067/3/4801 1138/1/4799 4088/4/4811
f 6559/2/4818 4088/4/4811 1151/1/4813
f 4364/26/4747 6560/20/4820 4361/10/4819
f 4367/1/4760 6560/20/4820 4364/26/4747
f 1302/1/4765 4361/10/4819 6560/20/4820
f 4437/6/4807 6561/5/4823 4092/5/4821
f 4437/6/4807 1152/5/4826 4386/6/4822
f 4386/6/4822 1134/5/4831 4093/6/4824
f 6561/5/4823 4093/6/4824 1153/7/4825
f 1152/1/4826 4381/4/4828 6562/2/4827
f 4381/4/4828 1308/1/5399 4373/3/4829
f 6562/2/4827 4373/3/4829 1310/1/4744
f 4386/3/4822 6562/2/4827 4383/4/4830
f 4072/1/4793 6563/11/4833 4061/6/4832
f 1141/7/4798 4091/5/4834 6563/11/4833
f 4091/5/4834 1153/7/4825 4093/1/4824
f 6563/11/4833 4093/1/4824 1134/5/4831
f 1699/28/4835 5163/31/4838 6564/29/4836
f 5163/31/4838 1195/1169/7067 4218/32/4839
f 6564/29/4836 4218/32/4839 1265/33/4840
f 5204/30/4837 6564/29/4836 4215/34/4841
f 1700/35/4842 4215/34/4841 6565/36/4843
f 4215/34/4841 1265/33/4840 4216/38/4845
f 6565/36/4843 4216/38/4845 1183/39/4846
f 5203/37/4844 6565/36/4843 5157/40/4847
f 1726/1/4849 5252/4/4852 6566/2/4850
f 5252/4/4852 1721/1/4929 4150/3/4853
f 6566/2/4850 4150/3/4853 1217/1/4854
f 4297/3/4851 6566/2/4850 4296/4/4855
f 5251/4/4857 6567/2/4861 4157/3/4858
f 1724/1/4860 4261/3/4862 6567/2/4861
f 4261/3/4862 1275/1/5118 4259/4/4863
f 6567/2/4861 4259/4/4863 1221/1/4864
f 5161/42/4865 6568/46/4869 5202/43/4866
f 1191/45/4868 4222/47/4870 6568/46/4869
f 4222/47/4870 1266/51/4874 4219/48/4871
f 6568/46/4869 4219/48/4871 1701/49/4872
f 4219/48/4871 6569/52/4875 5201/50/4873
f 1266/51/4874 4220/53/4876 6569/52/4875
f 4220/53/4876 1184/83/4935 5158/54/4877
f 6569/52/4875 5158/54/4877 1694/55/4878
f 1729/1/4879 5250/4/4882 6570/2/4880
f 5250/4/4882 1719/1/4939 5207/3/4883
f 6570/2/4880 5207/3/4883 1204/1/4884
f 4404/3/4881 6570/2/4880 4396/4/4885
f 1718/1/4887 5249/4/4890 6571/2/4888
f 5249/4/4890 1726/1/4849 4297/3/4851
f 6571/2/4888 4297/3/4851 1283/1/4856
f 5206/3/4889 6571/2/4888 4294/4/4891
f 1705/56/4893 5169/60/4897 6572/57/4894
f 1320/59/4896 4226/61/4898 6572/57/4894
f 4226/61/4898 1267/65/4902 4223/62/4899
f 5200/58/4895 6572/57/4894 4223/62/4899
f 4223/62/4899 6573/66/4903 5199/64/4901
f 1267/65/4902 4224/67/4904 6573/66/4903
f 4224/67/4904 1185/451/5898 4096/68/4905
f 6573/66/4903 4096/68/4905 1695/69/4906
f 1725/1/4907 5248/4/4910 6574/2/4908
f 1722/1/4859 4157/3/4858 6574/2/4908
f 6574/2/4908 4157/3/4858 1221/1/4864
f 4282/3/4909 6574/2/4908 4281/4/4911
f 1720/1/4913 5247/4/4916 6575/2/4914
f 5247/4/4916 1723/1/5428 4252/3/4917
f 4252/3/4917 1312/1/5410 4249/4/4918
f 6575/2/4914 4249/4/4918 1315/1/4919
f 1693/41/4848 5157/40/4847 6576/70/4920
f 5157/40/4847 1183/39/4846 4230/72/4922
f 6576/70/4920 4230/72/4922 1268/73/4923
f 5198/71/4921 6576/70/4920 4227/74/4924
f 4227/74/4924 6577/77/4927 5197/76/4926
f 1268/73/4923 4228/78/4928 6577/77/4927
f 4228/78/4928 1191/1170/4868 5161/79/4865
f 6577/77/4927 5161/79/4865 1697/80/4867
f 1721/1/4929 5246/4/4931 6578/2/4930
f 5246/4/4931 1725/1/4907 4282/3/4909
f 6578/2/4930 4282/3/4909 1279/1/4912
f 4150/3/4853 6578/2/4930 4279/4/4932
f 1694/55/4878 5158/54/4877 6579/81/4933
f 1184/83/4935 4274/84/4936 6579/81/4933
f 4274/84/4936 1192/1171/7071 5162/85/4937
f 5196/82/4934 6579/81/4933 5162/85/4937
f 1719/1/4939 5245/4/4941 6580/2/4940
f 5245/4/4941 1718/1/4887 5206/3/4889
f 6580/2/4940 5206/3/4889 1202/1/4892
f 5207/3/4883 6580/2/4940 4277/4/4942
f 4232/87/4943 6581/91/4947 5195/88/4944
f 1269/90/4946 4233/92/4948 6581/91/4947
f 4233/92/4948 1195/1169/7067 5163/31/4838
f 6581/91/4947 5163/31/4838 1699/28/4835
f 5244/4/4949 6582/2/4953 5205/3/4950
f 1727/1/4952 4312/3/4954 6582/2/4953
f 4312/3/4954 1287/1/5093 4309/4/4955
f 6582/2/4953 4309/4/4955 1200/1/4956
f 1167/1/4957 4191/4/4960 6583/2/4958
f 4191/4/4960 1247/1/4976 4238/3/4961
f 6583/2/4958 4238/3/4961 1270/1/4962
f 4130/3/4959 6583/2/4958 4235/4/4963
f 1205/1/4964 4235/4/4963 6584/2/4965
f 4235/4/4963 1270/1/4962 4236/3/4967
f 6584/2/4965 4236/3/4967 1199/1/4968
f 4129/3/4966 6584/2/4965 4117/4/4969
f 1270/1/4962 4237/4/4972 6585/2/4971
f 4237/4/4972 1201/1/4980 4121/3/4973
f 6585/2/4971 4121/3/4973 1163/1/4974
f 4236/3/4967 6585/2/4971 4116/4/4975
f 1247/1/4976 4190/4/4978 6586/2/4977
f 4190/4/4978 1170/1/5264 4120/3/4979
f 6586/2/4977 4120/3/4979 1201/1/4980
f 4238/3/4961 6586/2/4977 4237/4/4972
f 1171/7/4981 4187/6/4985 6587/1/4982
f 1243/5/4984 4241/1/4986 6587/1/4982
f 4241/1/4986 1271/7/4994 4239/5/4987
f 4211/1/4983 6587/1/4982 4239/5/4987
f 4186/6/4989 6588/1/4991 4241/1/4986
f 1174/5/4990 4210/1/4992 6588/1/4991
f 4210/1/4992 1260/7/5328 4240/5/4993
f 6588/1/4991 4240/5/4993 1271/7/4994
f 1181/5/4995 4196/6/4998 6589/11/4996
f 4196/6/4998 1250/5/5003 4244/1/4999
f 6589/11/4996 4244/1/4999 1272/7/5000
f 4208/1/4997 6589/11/4996 4242/5/5001
f 1250/5/5003 4197/6/5005 6590/1/5004
f 4197/6/5005 1182/5/5313 4207/1/5006
f 6590/1/5004 4207/1/5006 1257/7/5007
f 4244/1/4999 6590/1/5004 4243/5/5008
f 4179/6/5009 6591/5/5013 4124/6/5010
f 1236/5/5012 4248/6/5014 6591/5/5013
f 4248/6/5014 1273/5/5019 4245/6/5015
f 4124/6/5010 6591/5/5013 4245/6/5015
f 1203/1/5016 4245/4/5015 6592/2/5017
f 1273/1/5019 4246/3/5020 6592/2/5017
f 4246/3/5020 1196/1/5026 4111/4/5021
f 4125/3/5018 6592/2/5017 4111/4/5021
f 1273/1/5019 4247/4/5024 6593/2/5023
f 4247/4/5024 1205/1/4964 4129/3/4966
f 6593/2/5023 4129/3/4966 1166/1/4970
f 6593/2/5023 4110/4/5025 1196/1/5026
f 1236/1/5012 4178/4/5028 6594/2/5027
f 4178/4/5028 1167/1/4957 4130/3/4959
f 6594/2/5027 4130/3/4959 1205/1/4964
f 6594/2/5027 4247/4/5024 1273/1/5019
f 1318/1/5029 4152/4/5032 6595/2/5030
f 4152/4/5032 1237/1/5138 4280/3/5033
f 6595/2/5030 4280/3/5033 1225/1/5034
f 4402/3/5031 6595/2/5030 4398/4/5035
f 4122/4/5037 6596/2/5040 4225/3/5038
f 1204/1/4884 4277/3/4942 6596/2/5040
f 4277/3/4942 1202/1/4892 4148/4/5041
f 6596/2/5040 4148/4/5041 1216/1/5042
f 1322/1/5043 4401/4/5046 6597/2/5044
f 4401/4/5046 1321/1/4886 4396/3/4885
f 4396/3/4885 1204/1/4884 4122/4/5037
f 6597/2/5044 4122/4/5037 1226/1/5039
f 4151/4/5047 6598/2/5050 4285/3/5048
f 1279/1/4912 4281/3/4911 6598/2/5050
f 4281/3/4911 1221/1/4864 4137/4/5051
f 6598/2/5050 4137/4/5051 1222/1/5052
f 4149/4/5053 6599/2/5056 4300/3/5054
f 1283/1/4856 4296/3/4855 6599/2/5056
f 4296/3/4855 1217/1/4854 4138/4/5057
f 6599/2/5056 4138/4/5057 1218/1/5058
f 4255/4/5059 6600/2/5063 4172/3/5060
f 1274/1/5062 4256/3/5064 6600/2/5063
f 4256/3/5064 1232/1/5421 4175/4/5065
f 4172/3/5060 6600/2/5063 4175/4/5065
f 4398/4/5035 6601/2/5069 4400/3/5067
f 4398/4/5035 1225/1/5034 4165/3/5068
f 6601/2/5069 4165/3/5068 1177/1/5070
f 4400/3/5067 6601/2/5069 4394/4/5071
f 4160/4/5073 6602/2/5077 4268/3/5074
f 1245/1/5076 4314/3/5237 6602/2/5077
f 6602/2/5077 4314/3/5237 1207/1/5078
f 4268/3/5074 6602/2/5077 4267/4/5079
f 4138/4/5057 6603/2/5082 4283/3/5081
f 1217/1/4854 4279/3/4932 6603/2/5082
f 4279/3/4932 1279/1/4912 4151/4/5047
f 6603/2/5082 4151/4/5047 1280/1/5049
f 1276/1/5083 4159/4/5086 6604/2/5084
f 4159/4/5086 1275/1/5118 4260/3/5087
f 6604/2/5084 4260/3/5087 1200/1/4956
f 4264/3/5085 6604/2/5084 4118/4/5088
f 1288/1/5090 4168/4/5094 6605/2/5091
f 1287/1/5093 4311/3/5095 6605/2/5091
f 4311/3/5095 1209/1/6076 4134/4/5096
f 4315/3/5092 6605/2/5091 4134/4/5096
f 4166/4/5098 6606/2/5101 4161/3/5099
f 1234/1/5075 4268/3/5074 6606/2/5101
f 6606/2/5101 4268/3/5074 1277/1/5080
f 4161/3/5099 6606/2/5101 4265/4/5102
f 4148/4/5041 6607/2/5105 4298/3/5104
f 1202/1/4892 4294/3/4891 6607/2/5105
f 4294/3/4891 1283/1/4856 4149/4/5053
f 6607/2/5105 4149/4/5053 1284/1/5055
f 1223/1/5103 4265/4/5102 6608/2/5106
f 4265/4/5102 1277/1/5080 4266/3/5108
f 6608/2/5106 4266/3/5108 1235/1/5109
f 4162/3/5107 6608/2/5106 4177/4/5110
f 1277/1/5080 4267/4/5079 6609/2/5112
f 4267/4/5079 1207/1/5078 4133/3/5113
f 6609/2/5112 4133/3/5113 1168/1/5114
f 4266/3/5108 6609/2/5112 4176/4/5115
f 1222/1/5052 4137/4/5051 6610/2/5116
f 4137/4/5051 1221/1/4864 4259/3/4863
f 6610/2/5116 4259/3/4863 1275/1/5118
f 4262/3/5117 6610/2/5116 4159/4/5086
f 4177/4/5110 6611/2/5121 4163/3/5119
f 4177/4/5110 1235/1/5109 4272/3/5120
f 6611/2/5121 4272/3/5120 1278/1/5122
f 6611/2/5121 4269/4/5123 1224/1/5124
f 1224/5/5124 4269/6/5123 6612/5/5125
f 4269/6/5123 1278/5/5122 4270/6/5127
f 6612/5/5125 4270/6/5127 1236/5/5012
f 4164/12/5126 6612/5/5125 4179/6/5009
f 1278/1/5122 4271/4/5129 6613/2/5128
f 4271/4/5129 1206/1/5133 4131/3/5130
f 6613/2/5128 4131/3/5130 1167/1/4957
f 4270/3/5127 6613/2/5128 4178/4/5028
f 1235/1/5109 4176/4/5115 6614/2/5131
f 4176/4/5115 1168/1/5114 4132/3/5132
f 6614/2/5131 4132/3/5132 1206/1/5133
f 4272/3/5120 6614/2/5131 4271/4/5129
f 1208/1/5089 4118/4/5088 6615/2/5134
f 4118/4/5088 1200/1/4956 4309/3/4955
f 6615/2/5134 4309/3/4955 1287/1/5093
f 4313/3/5135 6615/2/5134 4168/4/5094
f 4167/4/5136 6616/2/5139 4173/3/5137
f 1226/1/5039 4225/3/5038 6616/2/5139
f 4225/3/5038 1216/1/5042 4440/4/5140
f 6616/2/5139 4440/4/5140 1233/1/5141
f 1225/1/5034 4441/4/5143 6617/2/5142
f 4441/4/5143 1215/1/5205 4147/3/5144
f 6617/2/5142 4147/3/5144 1172/1/5145
f 4165/3/5068 6617/2/5142 4439/4/5146
f 4127/4/5147 6618/2/5150 4289/3/5148
f 1238/1/5100 4161/3/5099 6618/2/5150
f 6618/2/5150 4161/3/5099 1223/1/5103
f 4289/3/5148 6618/2/5150 4288/4/5151
f 4397/4/5045 6619/2/5154 4399/3/5153
f 4397/4/5045 1226/1/5039 4167/3/5136
f 6619/2/5154 4167/3/5136 1237/1/5138
f 6619/2/5154 4152/4/5032 1318/1/5029
f 1241/1/5155 4217/4/5158 6620/2/5156
f 4217/4/5158 1231/1/5149 4289/3/5148
f 6620/2/5156 4289/3/5148 1281/1/5152
f 4153/3/5157 6620/2/5156 4286/4/5159
f 4264/4/5085 6621/2/5162 4263/3/5161
f 1208/1/5089 4135/3/5163 6621/2/5162
f 4135/3/5163 1245/1/5076 4160/4/5073
f 6621/2/5162 4160/4/5073 1234/1/5075
f 1219/1/5160 4286/4/5159 6622/2/5164
f 4286/4/5159 1281/1/5152 4287/3/5166
f 6622/2/5164 4287/3/5166 1239/1/5167
f 4154/3/5165 6622/2/5164 4181/4/5168
f 1281/1/5152 4288/4/5151 6623/2/5170
f 4288/4/5151 1223/1/5103 4162/3/5107
f 6623/2/5170 4162/3/5107 1175/1/5111
f 4287/3/5166 6623/2/5170 4180/4/5171
f 1229/1/5061 4276/4/5173 6624/2/5172
f 4276/4/5173 1314/1/5411 4158/3/5174
f 6624/2/5172 4158/3/5174 1313/1/5175
f 4255/3/5059 6624/2/5172 4258/4/5176
f 4181/4/5168 6625/2/5178 4155/3/5177
f 1239/1/5167 4293/3/5179 6625/2/5178
f 4293/3/5179 1282/1/5183 4290/4/5180
f 6625/2/5178 4290/4/5180 1220/1/5181
f 4290/4/5180 6626/2/5184 4156/3/5182
f 1282/1/5183 4291/3/5185 6626/2/5184
f 4291/3/5185 1240/1/5190 4183/4/5186
f 6626/2/5184 4183/4/5186 1174/1/4990
f 4292/6/5187 6627/17/5188 4291/6/5185
f 1224/5/5124 4164/12/5126 6627/17/5188
f 4164/12/5126 1176/9/5011 4182/12/5189
f 6627/17/5188 4182/12/5189 1240/5/5190
f 4180/4/5171 6628/2/5191 4293/3/5179
f 1175/1/5111 4163/3/5119 6628/2/5191
f 4163/3/5119 1224/1/5124 4292/4/5187
f 6628/2/5191 4292/4/5187 1282/1/5183
f 1230/1/5192 4221/4/5195 6629/2/5193
f 4221/4/5195 1241/1/5155 4153/3/5157
f 6629/2/5193 4153/3/5157 1219/1/5160
f 4304/3/5194 6629/2/5193 4303/4/5196
f 4440/4/5140 6630/2/5199 4278/3/5198
f 1216/1/5042 4298/3/5104 6630/2/5199
f 4298/3/5104 1284/1/5055 4250/4/5200
f 6630/2/5199 4250/4/5200 1230/1/5192
f 4262/4/5117 6631/2/5202 4284/3/5201
f 1276/1/5083 4263/3/5161 6631/2/5202
f 4263/3/5161 1234/1/5075 4166/4/5098
f 6631/2/5202 4166/4/5098 1238/1/5100
f 1280/1/5049 4285/4/5048 6632/2/5203
f 4285/4/5048 1222/1/5052 4284/3/5201
f 4284/3/5201 1238/1/5100 4127/4/5147
f 6632/2/5203 4127/4/5147 1231/1/5149
f 1215/1/5205 4301/4/5207 6633/2/5206
f 4301/4/5207 1285/1/5197 4302/3/5208
f 6633/2/5206 4302/3/5208 1242/1/5209
f 4147/3/5144 6633/2/5206 4185/4/5210
f 1285/1/5197 4303/4/5196 6634/2/5211
f 4303/4/5196 1219/1/5160 4154/3/5165
f 6634/2/5211 4154/3/5165 1173/1/5169
f 4302/3/5208 6634/2/5211 4184/4/5212
f 4280/4/5033 6635/2/5213 4441/3/5143
f 1237/1/5138 4173/3/5137 6635/2/5213
f 4173/3/5137 1233/1/5141 4442/4/5214
f 6635/2/5213 4442/4/5214 1215/1/5205
f 1172/1/5145 4185/4/5210 6636/2/5215
f 4185/4/5210 1242/1/5209 4308/3/5217
f 6636/2/5215 4308/3/5217 1286/1/5218
f 4146/3/5216 6636/2/5215 4305/4/5219
f 4305/6/5219 6637/5/5222 4145/5/5221
f 1286/5/5218 4306/6/5223 6637/5/5222
f 4306/6/5223 1243/5/4984 4187/6/4985
f 4145/5/5221 6637/5/5222 4187/6/4985
f 4307/4/5224 6638/2/5225 4306/3/5223
f 1220/1/5181 4156/3/5182 6638/2/5225
f 4156/3/5182 1174/1/4990 4186/4/4989
f 6638/2/5225 4186/4/4989 1243/1/4984
f 4184/4/5212 6639/2/5226 4308/3/5217
f 1173/1/5169 4155/3/5177 6639/2/5226
f 4155/3/5177 1220/1/5181 4307/4/5224
f 6639/2/5226 4307/4/5224 1286/1/5218
f 1193/1/5227 4229/4/5230 6640/2/5228
f 4229/4/5230 1244/1/5245 4139/3/5231
f 6640/2/5228 4139/3/5231 1211/1/5232
f 4319/3/5229 6640/2/5228 4318/4/5233
f 1284/1/5055 4300/4/5054 6641/2/5235
f 4300/4/5054 1218/1/5058 4295/3/5236
f 6641/2/5235 4295/3/5236 1241/1/5155
f 4250/3/5200 6641/2/5235 4221/4/5195
f 4314/4/5237 6642/2/5239 4316/3/5238
f 1245/1/5076 4231/3/5240 6642/2/5239
f 4231/3/5240 1193/1/5227 4319/4/5229
f 6642/2/5239 4319/4/5229 1289/1/5234
f 1245/1/5076 4135/4/5163 6643/2/5241
f 4135/4/5163 1208/1/5089 4313/3/5135
f 6643/2/5241 4313/3/5135 1288/1/5090
f 4231/3/5240 6643/2/5241 4234/4/5242
f 1218/1/5058 4283/4/5081 6644/2/5243
f 4283/4/5081 1280/1/5049 4253/3/5204
f 6644/2/5243 4253/3/5204 1231/1/5149
f 4295/3/5236 6644/2/5243 4217/4/5158
f 4315/4/5092 6645/2/5244 4234/3/5242
f 1210/1/5097 4310/3/6224 6645/2/5244
f 6645/2/5244 4310/3/6224 1244/1/5245
f 4234/3/5242 6645/2/5244 4229/4/5230
f 1207/1/5078 4316/4/5238 6646/2/5246
f 4316/4/5238 1289/1/5234 4317/3/5247
f 6646/2/5246 4317/3/5247 1246/1/5248
f 4133/3/5113 6646/2/5246 4189/4/5249
f 1289/1/5234 4318/4/5233 6647/2/5250
f 4318/4/5233 1211/1/5232 4140/3/5251
f 6647/2/5250 4140/3/5251 1169/1/5252
f 4317/3/5247 6647/2/5250 4188/4/5253
f 4442/4/5214 6648/2/5254 4301/3/5207
f 1233/1/5141 4278/3/5198 6648/2/5254
f 4278/3/5198 1230/1/5192 4304/4/5194
f 6648/2/5254 4304/4/5194 1285/1/5197
f 1168/1/5114 4189/4/5249 6649/2/5255
f 4189/4/5249 1246/1/5248 4323/3/5256
f 6649/2/5255 4323/3/5256 1290/1/5257
f 4132/3/5132 6649/2/5255 4320/4/5258
f 1206/1/5133 4320/4/5258 6650/2/5259
f 4320/4/5258 1290/1/5257 4321/3/5260
f 6650/2/5259 4321/3/5260 1247/1/4976
f 4131/3/5130 6650/2/5259 4191/4/4960
f 1290/1/5257 4322/4/5262 6651/2/5261
f 4322/4/5262 1212/1/5267 4142/3/5263
f 6651/2/5261 4142/3/5263 1170/1/5264
f 4321/3/5260 6651/2/5261 4190/4/4978
f 1246/1/5248 4188/4/5253 6652/2/5265
f 4188/4/5253 1169/1/5252 4141/3/5266
f 6652/2/5265 4141/3/5266 1212/1/5267
f 4323/3/5256 6652/2/5265 4322/4/5262
f 4115/5/5268 6653/5/5272 4375/6/5269
f 1198/7/5271 4325/6/5273 6653/5/5272
f 4325/6/5273 1291/5/5275 4376/6/5274
f 6653/5/5272 4376/6/5274 1136/5/4740
f 4376/6/5274 6654/5/5276 4090/12/4742
f 1291/5/5275 4387/6/5277 6654/5/5276
f 4387/6/5277 1251/5/5284 4379/6/5278
f 6654/5/5276 4379/6/5278 1150/27/4816
f 4324/4/5279 6655/2/5281 4387/3/5277
f 1252/1/5280 4385/3/5282 6655/2/5281
f 4385/3/5282 1180/1/5347 4198/4/5283
f 6655/2/5281 4198/4/5283 1251/1/5284
f 1198/7/5271 4114/5/5286 6656/5/5285
f 4114/5/5286 1161/7/5360 4199/6/5287
f 4199/6/5287 1252/5/5280 4324/6/5279
f 6656/5/5285 4324/6/5279 1291/5/5275
f 4112/5/5288 6657/5/5291 4377/6/5289
f 1165/7/5270 4375/6/5269 6657/5/5291
f 4375/6/5269 1136/5/4740 4077/6/4737
f 6657/5/5291 4077/6/4737 1145/5/4739
f 4111/4/5021 6658/2/5293 4202/3/5292
f 1196/1/5026 4329/3/5294 6658/2/5293
f 4329/3/5294 1292/1/5298 4326/4/5295
f 6658/2/5293 4326/4/5295 1253/1/5296
f 4326/4/5295 6659/2/5299 4201/3/5297
f 1292/1/5298 4327/3/5300 6659/2/5299
f 4327/3/5300 1248/1/5305 4193/4/5301
f 6659/2/5299 4193/4/5301 1181/1/4995
f 4328/1/5302 6660/1/5303 4327/6/5300
f 1254/16/4745 4361/1/4819 6660/1/5303
f 4361/1/4819 1302/1/4765 4192/6/5304
f 6660/1/5303 4192/6/5304 1248/5/5305
f 4110/6/5025 6661/11/5306 4329/6/5294
f 1166/5/4970 4203/11/5307 6661/11/5306
f 4203/11/5307 1254/16/4745 4328/1/5302
f 6661/11/5306 4328/1/5302 1292/5/5298
f 1166/5/4970 4117/6/4969 6662/5/5308
f 4117/6/4969 1199/5/4968 4332/6/5309
f 6662/5/5308 4332/6/5309 1293/5/4753
f 4203/11/5307 6662/5/5308 4330/6/4748
f 1199/1/4968 4116/4/4975 6663/2/5310
f 4116/4/4975 1163/1/4974 4204/3/5311
f 6663/2/5310 4204/3/5311 1255/1/5312
f 4332/3/5309 6663/2/5310 4331/4/4755
f 1182/5/5313 4194/6/5315 6664/1/5314
f 4194/6/5315 1249/5/5319 4335/1/5316
f 6664/1/5314 4335/1/5316 1294/7/5317
f 4207/1/5006 6664/1/5314 4333/5/5318
f 1249/5/5319 4195/6/5321 6665/1/5320
f 4195/6/5321 1180/5/5347 4209/1/5322
f 6665/1/5320 4209/1/5322 1259/7/5323
f 4335/1/5316 6665/1/5320 4334/5/5324
f 4183/6/5186 6666/1/5325 4210/1/4992
f 1240/5/5190 4338/1/5326 6666/1/5325
f 4338/1/5326 1295/7/5332 4336/5/5327
f 6666/1/5325 4336/5/5327 1260/7/5328
f 4182/12/5189 6667/1/5329 4338/1/5326
f 1176/9/5011 4212/11/5330 6667/1/5329
f 4212/11/5330 1262/7/5355 4337/5/5331
f 6667/1/5329 4337/5/5331 1295/7/5332
f 1248/1/5305 4339/4/5334 6668/2/5333
f 4339/4/5334 1296/1/5336 4340/3/5335
f 6668/2/5333 4340/3/5335 1250/1/5003
f 4193/3/5301 6668/2/5333 4196/4/4998
f 1296/1/5336 4341/4/5338 6669/2/5337
f 4341/4/5338 1256/1/5340 4206/3/5339
f 6669/2/5337 4206/3/5339 1182/1/5313
f 4340/3/5335 6669/2/5337 4197/4/5005
f 4206/4/5339 6670/2/5341 4194/3/5315
f 1256/1/5340 4345/3/5342 6670/2/5341
f 4345/3/5342 1297/1/5344 4343/4/5343
f 6670/2/5341 4343/4/5343 1249/1/5319
f 4343/4/5343 6671/2/5345 4195/3/5321
f 1297/1/5344 4344/3/5346 6671/2/5345
f 4344/3/5346 1251/1/5284 4198/4/5283
f 6671/2/5345 4198/4/5283 1180/1/5347
f 4378/6/5348 6672/17/5349 4344/6/5346
f 1151/5/4813 4089/12/4812 6672/17/5349
f 4089/12/4812 1150/27/4816 4379/10/5278
f 6672/17/5349 4379/10/5278 1251/5/5284
f 4205/4/5350 6673/2/5351 4345/3/5342
f 1304/1/4770 4370/3/4817 6673/2/5351
f 4370/3/4817 1151/1/4813 4378/4/5348
f 6673/2/5351 4378/4/5348 1297/1/5344
f 4124/6/5010 6674/10/5352 4212/11/5330
f 1203/5/5016 4348/1/5353 6674/10/5352
f 4348/1/5353 1298/7/5359 4346/5/5354
f 6674/10/5352 4346/5/5354 1262/7/5355
f 4125/6/5018 6675/1/5356 4348/1/5353
f 1162/5/5022 4213/1/5357 6675/1/5356
f 4213/1/5357 1263/7/5375 4347/5/5358
f 6675/1/5356 4347/5/5358 1298/7/5359
f 1161/7/5360 4143/5/5363 6676/11/5361
f 4143/5/5363 1213/7/5369 4351/1/5364
f 6676/11/5361 4351/1/5364 1299/7/5365
f 4214/1/5362 6676/11/5361 4349/5/5366
f 4351/1/5364 6677/1/5370 4350/5/5368
f 1213/7/5369 4144/5/5371 6677/1/5370
f 4144/5/5371 1171/7/4981 4211/6/4983
f 6677/1/5370 4211/6/4983 1261/7/4988
f 4202/6/5292 6678/1/5372 4213/1/5357
f 1253/5/5296 4354/1/5373 6678/1/5372
f 4354/1/5373 1300/7/5378 4352/5/5374
f 6678/1/5372 4352/5/5374 1263/7/5375
f 1253/5/5296 4201/6/5297 6679/1/5376
f 4201/6/5297 1181/5/4995 4208/1/4997
f 6679/1/5376 4208/1/4997 1258/7/5002
f 6679/1/5376 4353/5/5377 1300/7/5378
f 1252/5/5280 4199/6/5287 6680/6/5379
f 4199/6/5287 1161/7/5360 4214/1/5362
f 6680/6/5379 4214/1/5362 1264/7/5367
f 4357/1/5380 6680/6/5379 4356/5/5381
f 5243/4/5383 6681/2/5384 4261/3/4862
f 1717/1/4951 5205/3/4950 6681/2/5384
f 5205/3/4950 1200/1/4956 4260/4/5087
f 6681/2/5384 4260/4/5087 1275/1/5118
f 4342/6/5385 6682/5/5386 4359/6/4764
f 1296/5/5336 4339/6/5334 6682/5/5386
f 4339/6/5334 1248/5/5305 4192/6/5304
f 6682/5/5386 4192/6/5304 1302/6/4765
f 4205/4/5350 6683/2/5387 4360/3/4771
f 1256/1/5340 4341/3/5338 6683/2/5387
f 4341/3/5338 1296/1/5336 4342/4/5385
f 6683/2/5387 4342/4/5385 1303/1/4763
f 1306/7/5388 4363/6/5391 6684/5/5389
f 4363/6/5391 1307/5/4732 4371/6/4729
f 6684/5/5389 4371/6/4729 1137/5/4731
f 4113/5/5390 6684/5/5389 4380/6/5392
f 1307/5/4732 4363/1/5391 6685/1/5394
f 4363/1/5391 1306/7/5388 4362/5/5396
f 6685/1/5394 4362/5/5396 1197/7/5290
f 4438/6/5395 6685/1/5394 4377/1/5289
f 1309/1/4736 4384/4/4735 6686/2/5397
f 1308/1/5399 4381/3/4828 6686/2/5397
f 4381/3/4828 1152/1/4826 4062/4/4806
f 4382/3/5398 6686/2/5397 4062/4/4806
f 4209/6/5322 6687/5/5401 4355/5/5400
f 1180/5/5347 4385/6/5282 6687/5/5401
f 4385/6/5282 1252/5/5280 4357/6/5380
f 6687/5/5401 4357/6/5380 1301/7/5382
f 4087/12/4743 6688/5/5402 4383/6/4830
f 4087/12/4743 1150/27/4816 4063/6/4815
f 6688/5/5402 4063/6/4815 1131/5/4791
f 4383/6/4830 6688/5/5402 4061/6/4832
f 4373/4/4829 6689/2/5403 4076/3/4738
f 1308/1/5399 4372/3/4734 6689/2/5403
f 4372/3/4734 1307/1/4732 4438/4/5395
f 6689/2/5403 4438/4/5395 1145/1/4739
f 4390/4/5404 6690/2/5408 4136/3/5405
f 1316/1/5407 4388/3/5409 6690/2/5408
f 4388/3/5409 1315/1/4919 4249/4/4918
f 6690/2/5408 4249/4/4918 1312/1/5410
f 1314/1/5411 4389/4/5413 6691/2/5412
f 4389/4/5413 1316/1/5407 4390/3/5404
f 6691/2/5412 4390/3/5404 1311/1/5406
f 4158/3/5174 6691/2/5412 4273/4/5414
f 4254/4/5415 6692/2/5416 4273/3/5414
f 1322/1/5043 4399/3/5153 6692/2/5416
f 4399/3/5153 1318/1/5029 4393/4/5417
f 6692/2/5416 4393/4/5417 1313/1/5175
f 4257/4/5418 6693/2/5419 4256/3/5064
f 1323/1/5036 4400/3/5067 6693/2/5419
f 4400/3/5067 1319/1/5072 4174/4/5420
f 6693/2/5419 4174/4/5420 1232/1/5421
f 1311/1/5406 4136/4/5405 6694/2/5422
f 4136/4/5405 1312/1/5410 4251/3/5423
f 6694/2/5422 4251/3/5423 1321/1/4886
f 4254/3/5415 6694/2/5422 4401/4/5046
f 4393/4/5417 6695/2/5424 4258/3/5176
f 4393/4/5417 1318/1/5029 4402/3/5031
f 4402/3/5031 1323/1/5036 4257/4/5418
f 6695/2/5424 4257/4/5418 1274/1/5062
f 1698/86/4938 5162/85/4937 6696/93/5425
f 5162/85/4937 1192/1171/7071 4395/95/5427
f 6696/93/5425 4395/95/5427 1320/59/4896
f 6696/93/5425 5169/60/4897 1705/56/4893
f 1723/1/5428 5242/4/5430 6697/2/5429
f 5242/4/5430 1729/1/4879 4404/3/4881
f 4404/3/4881 1321/1/4886 4251/4/5423
f 6697/2/5429 4251/4/5423 1312/1/5410
f 5160/96/5431 6698/100/5435 5193/97/5432
f 5160/96/5431 1186/487/5510 4405/99/5434
f 6698/100/5435 4405/99/5434 1269/90/4946
f 6698/100/5435 4232/87/4943 1704/89/4945
f 1198/101/5271 4115/105/5268 6699/102/5436
f 1165/104/5270 4406/106/5437 6699/102/5436
f 4406/106/5437 1324/114/5442 4407/107/5438
f 4114/103/5286 6699/102/5436 4407/107/5438
f 4112/109/5288 6700/111/5439 4406/106/5437
f 1197/110/5290 4408/112/5440 6700/111/5439
f 4408/112/5440 1328/120/5446 4409/113/5441
f 6700/111/5439 4409/113/5441 1324/114/5442
f 4362/115/5396 6701/117/5443 4408/112/5440
f 1306/116/5388 4410/118/5444 6701/117/5443
f 4410/118/5444 1332/126/5450 4411/119/5445
f 6701/117/5443 4411/119/5445 1328/120/5446
f 4113/121/5390 6702/123/5447 4410/118/5444
f 1164/122/5393 4200/124/5448 6702/123/5447
f 4200/124/5448 1305/1172/5462 4412/125/5449
f 6702/123/5447 4412/125/5449 1332/126/5450
f 4407/107/5438 6703/128/5451 4143/127/5363
f 1324/114/5442 4413/129/5452 6703/128/5451
f 4413/129/5452 1325/153/5457 4414/130/5453
f 6703/128/5451 4414/130/5453 1213/131/5369
f 4409/132/5441 6704/136/5454 4413/133/5452
f 1328/135/5446 4415/137/5455 6704/136/5454
f 4415/137/5455 1329/145/5461 4416/138/5456
f 6704/136/5454 4416/138/5456 1325/139/5457
f 4411/140/5445 6705/142/5458 4415/137/5455
f 1332/141/5450 4417/143/5459 6705/142/5458
f 4417/143/5459 1333/151/5466 4418/144/5460
f 6705/142/5458 4418/144/5460 1329/145/5461
f 4412/146/5449 6706/148/5463 4417/143/5459
f 1305/147/5462 4169/149/5464 6706/148/5463
f 4169/149/5464 1227/171/5478 4419/150/5465
f 6706/148/5463 4419/150/5465 1333/151/5466
f 4414/130/5453 6707/154/5467 4144/152/5371
f 1325/153/5457 4420/155/5468 6707/154/5467
f 4420/155/5468 1326/163/5473 4421/156/5469
f 6707/154/5467 4421/156/5469 1171/157/4981
f 4416/158/5456 6708/160/5470 4420/155/5468
f 1329/159/5461 4422/161/5471 6708/160/5470
f 4422/161/5471 1330/169/5477 4423/162/5472
f 6708/160/5470 4423/162/5472 1326/163/5473
f 4418/164/5460 6709/166/5474 4422/161/5471
f 1333/165/5466 4424/167/5475 6709/166/5474
f 4424/167/5475 1334/175/5482 4425/168/5476
f 6709/166/5474 4425/168/5476 1330/169/5477
f 4419/170/5465 6710/172/5479 4424/167/5475
f 1227/171/5478 4170/173/5480 6710/172/5479
f 4170/173/5480 1178/1173/6456 4426/174/5481
f 6710/172/5479 4426/174/5481 1334/175/5482
f 4421/5/5469 6711/5/5483 4145/6/5221
f 1326/7/5473 4427/6/5484 6711/5/5483
f 4427/6/5484 1327/5/5489 4428/6/5485
f 6711/5/5483 4428/6/5485 1214/5/5220
f 4423/5/5472 6712/5/5486 4427/6/5484
f 1330/7/5477 4429/6/5487 6712/5/5486
f 4429/6/5487 1331/5/5493 4430/6/5488
f 6712/5/5486 4430/6/5488 1327/5/5489
f 4425/5/5476 6713/5/5490 4429/6/5487
f 1334/7/5482 4431/6/5491 6713/5/5490
f 4431/6/5491 1335/5/5498 4432/6/5492
f 6713/5/5490 4432/6/5492 1331/5/5493
f 4426/5/5481 6714/5/5495 4431/6/5491
f 4426/5/5481 1178/7/6456 4171/6/5494
f 6714/5/5495 4171/6/5494 1228/5/5496
f 6714/5/5495 4433/6/5497 1335/5/5498
f 4428/4/5485 6715/2/5499 4146/3/5216
f 1327/1/5489 4299/3/5500 6715/2/5499
f 4299/3/5500 1177/1/5070 4439/4/5146
f 6715/2/5499 4439/4/5146 1172/1/5145
f 4430/4/5488 6716/2/5501 4299/3/5500
f 1331/1/5493 4434/3/5502 6716/2/5501
f 4434/3/5502 1319/1/5072 4394/4/5071
f 6716/2/5501 4394/4/5071 1177/1/5070
f 4432/4/5492 6717/2/5503 4434/3/5502
f 1335/1/5498 4435/3/5504 6717/2/5503
f 4435/3/5504 1232/1/5421 4174/4/5420
f 6717/2/5503 4174/4/5420 1319/1/5072
f 1335/1/5498 4433/4/5497 6718/2/5505
f 4433/4/5497 1228/1/5496 4436/3/5506
f 6718/2/5505 4436/3/5506 1179/1/5066
f 4435/3/5504 6718/2/5505 4175/4/5065
f 5215/1/5507 6719/1/5509 5241/6/5508
f 5215/1/5507 1269/7/4946 4405/5/5434
f 6719/1/5509 4405/5/5434 1186/7/5510
f 6719/1/5509 5216/1/5511 1728/5/5512
f 1670/176/5513 5156/179/5516 6720/177/5514
f 5156/179/5516 1669/214/5549 4455/180/5517
f 6720/177/5514 4455/180/5517 1347/181/5518
f 5110/178/5515 6720/177/5514 4454/182/5519
f 5155/184/5521 6721/188/5525 5112/185/5522
f 1671/187/5524 4457/189/5526 6721/188/5525
f 4457/189/5526 1336/205/5542 4448/190/5527
f 6721/188/5525 4448/190/5527 1345/191/5528
f 5154/192/5529 6722/196/5533 5114/193/5530
f 1673/195/5532 4459/197/5534 6722/196/5533
f 4459/197/5534 1344/1174/5548 4445/198/5535
f 6722/196/5533 4445/198/5535 1340/199/5536
f 5153/200/5537 6723/202/5539 4457/189/5526
f 1675/201/5538 4461/203/5540 6723/202/5539
f 4461/203/5540 1346/819/5571 4449/204/5541
f 6723/202/5539 4449/204/5541 1336/205/5542
f 1673/206/5532 5152/209/5544 6724/207/5543
f 5152/209/5544 1676/228/5563 4462/210/5545
f 6724/207/5543 4462/210/5545 1337/211/5546
f 4459/208/5534 6724/207/5543 4446/212/5547
f 1669/214/5549 5151/216/5551 6725/215/5550
f 5151/216/5551 1677/246/5577 4463/217/5552
f 4463/217/5552 1342/249/5580 4451/218/5553
f 4455/180/5517 6725/215/5550 4451/218/5553
f 5150/219/5554 6726/223/5558 5119/220/5555
f 1678/222/5557 4464/224/5559 6726/223/5558
f 4464/224/5559 1343/255/5586 4443/225/5560
f 5119/220/5555 6726/223/5558 4443/225/5560
f 5149/227/5562 6727/230/5565 4462/210/5545
f 1680/229/5564 4466/231/5566 6727/230/5565
f 4466/231/5566 1341/244/5575 4452/232/5567
f 6727/230/5565 4452/232/5567 1337/211/5546
f 5148/233/5568 6728/237/5569 4461/234/5540
f 1674/236/5531 5114/238/5530 6728/237/5569
f 5114/238/5530 1340/839/5536 4450/239/5570
f 6728/237/5569 4450/239/5570 1346/240/5571
f 5147/241/5572 6729/242/5573 4466/231/5566
f 1679/221/5556 5119/220/5555 6729/242/5573
f 5119/220/5555 1348/226/5561 4453/243/5574
f 6729/242/5573 4453/243/5574 1341/244/5575
f 5146/245/5576 6730/247/5578 4463/217/5552
f 1672/186/5523 5112/185/5522 6730/247/5578
f 5112/185/5522 1345/191/5528 4447/248/5579
f 6730/247/5578 4447/248/5579 1342/249/5580
f 5145/250/5581 6731/252/5583 4464/224/5559
f 5145/250/5581 1681/1175/6535 4467/251/5582
f 6731/252/5583 4467/251/5582 1338/253/5584
f 6731/252/5583 4444/254/5585 1343/255/5586
f 1622/256/5587 5060/259/5590 6732/257/5588
f 5060/259/5590 1621/264/5595 4480/260/5591
f 6732/257/5588 4480/260/5591 1361/261/5592
f 5014/258/5589 6732/257/5588 4478/262/5593
f 1621/264/5595 5059/266/5597 6733/265/5596
f 5059/266/5597 1623/294/5625 4482/267/5598
f 6733/265/5596 4482/267/5598 1356/268/5599
f 4480/260/5591 6733/265/5596 4468/269/5600
f 5058/270/5601 6734/274/5605 5017/271/5602
f 1624/273/5604 4483/275/5606 6734/274/5605
f 4483/275/5606 1353/911/5646 4475/276/5607
f 6734/274/5605 4475/276/5607 1359/277/5608
f 5057/278/5609 6735/282/5613 5019/279/5610
f 1626/281/5612 4485/283/5614 6735/282/5613
f 4485/283/5614 1358/309/5640 4472/284/5615
f 6735/282/5613 4472/284/5615 1355/285/5616
f 1629/286/5617 5056/289/5620 6736/287/5618
f 5056/289/5620 1628/301/5632 4487/290/5621
f 6736/287/5618 4487/290/5621 1360/291/5622
f 5021/288/5619 6736/287/5618 4479/292/5623
f 1623/294/5625 5055/296/5627 6737/295/5626
f 5055/296/5627 1630/675/6574 4489/297/5628
f 6737/295/5626 4489/297/5628 1351/298/5629
f 4482/267/5598 6737/295/5626 4469/299/5630
f 5054/300/5631 6738/302/5633 4487/290/5621
f 1627/280/5611 5019/279/5610 6738/302/5633
f 5019/279/5610 1355/285/5616 4476/303/5634
f 6738/302/5633 4476/303/5634 1360/291/5622
f 5053/304/5635 6739/306/5637 4485/283/5614
f 1631/305/5636 4490/307/5638 6739/306/5637
f 4490/307/5638 1349/329/5656 4473/308/5639
f 6739/306/5637 4473/308/5639 1358/309/5640
f 5052/310/5641 6740/314/5643 4483/311/5606
f 5052/310/5641 1632/826/5657 4491/313/5642
f 6740/314/5643 4491/313/5642 1357/315/5644
f 6740/314/5643 4470/316/5645 1353/317/5646
f 1633/318/5647 5051/321/5650 6741/319/5648
f 5051/321/5650 1622/256/5587 5014/258/5589
f 6741/319/5648 5014/258/5589 1354/263/5594
f 5025/320/5649 6741/319/5648 4477/322/5651
f 5050/324/5653 6742/326/5654 4490/307/5638
f 1625/325/5603 5017/327/5602 6742/326/5654
f 5017/327/5602 1359/927/5608 4474/328/5655
f 6742/326/5654 4474/328/5655 1349/329/5656
f 1632/330/5657 5049/333/5659 6743/331/5658
f 5049/333/5659 1633/318/5647 5025/320/5649
f 6743/331/5658 5025/320/5649 1350/323/5652
f 4491/332/5642 6743/331/5658 4471/334/5660
f 5108/336/5661 6744/340/5665 5061/337/5662
f 1646/339/5664 4506/341/5666 6744/340/5665
f 4506/341/5666 1362/365/5690 4498/342/5667
f 6744/340/5665 4498/342/5667 1371/343/5668
f 1647/344/5669 5107/347/5672 6745/345/5670
f 5107/347/5672 1648/366/5691 4508/348/5673
f 6745/345/5670 4508/348/5673 1370/349/5674
f 5063/346/5671 6745/345/5670 4495/350/5675
f 1649/352/5677 5106/355/5680 6746/353/5678
f 5106/355/5680 1650/370/5695 4510/356/5681
f 6746/353/5678 4510/356/5681 1367/357/5682
f 5065/354/5679 6746/353/5678 4502/358/5683
f 5105/360/5685 6747/362/5687 4506/341/5666
f 1651/361/5686 4511/363/5688 6747/362/5687
f 4511/363/5688 1372/387/5710 4499/364/5689
f 6747/362/5687 4499/364/5689 1362/365/5690
f 1648/366/5691 5104/368/5693 6748/367/5692
f 5104/368/5693 1649/352/5677 5065/354/5679
f 6748/367/5692 5065/354/5679 1363/359/5684
f 4508/348/5673 6748/367/5692 4496/369/5694
f 1650/370/5695 5103/372/5697 6749/371/5696
f 5103/372/5697 1652/376/5701 4512/373/5698
f 6749/371/5696 4512/373/5698 1374/374/5699
f 4510/356/5681 6749/371/5696 4503/375/5700
f 1652/376/5701 5102/378/5703 6750/377/5702
f 5102/378/5703 1653/402/5725 4513/379/5704
f 6750/377/5702 4513/379/5704 1369/380/5705
f 4512/373/5698 6750/377/5702 4493/381/5706
f 5101/382/5707 6751/384/5708 4511/363/5688
f 1647/383/5669 5063/385/5671 6751/384/5708
f 5063/385/5671 1366/1176/5676 4500/386/5709
f 6751/384/5708 4500/386/5709 1372/387/5710
f 5100/388/5711 6752/391/5714 5070/389/5712
f 1645/338/5663 5061/337/5662 6752/391/5714
f 5061/337/5662 1371/343/5668 4497/392/5715
f 6752/391/5714 4497/392/5715 1368/393/5716
f 1655/394/5717 5099/397/5720 6753/395/5718
f 5099/397/5720 1656/409/5732 4516/398/5721
f 6753/395/5718 4516/398/5721 1373/399/5722
f 5071/396/5719 6753/395/5718 4504/400/5723
f 1653/402/5725 5098/404/5727 6754/403/5726
f 5098/404/5727 1657/1177/6669 4517/405/5728
f 6754/403/5726 4517/405/5728 1364/406/5729
f 4513/379/5704 6754/403/5726 4494/407/5730
f 5097/408/5731 6755/410/5733 4516/398/5721
f 1654/390/5713 5070/389/5712 6755/410/5733
f 5070/389/5712 1368/393/5716 4501/411/5734
f 6755/410/5733 4501/411/5734 1373/399/5722
f 4066/4/4730 6756/2/5736 4805/3/5735
f 1309/1/4736 4816/3/5737 6756/2/5736
f 4816/3/5737 1528/1/5825 4806/4/5738
f 6756/2/5736 4806/4/5738 1527/1/5739
f 4530/6/5740 6757/22/5744 4531/6/5741
f 1529/5/5743 4541/12/5745 6757/22/5744
f 4541/12/5745 1391/27/6248 4544/11/5746
f 6757/22/5744 4544/11/5746 1380/5/5747
f 4799/12/5748 6758/5/5752 4766/6/5749
f 1376/16/5751 4522/6/5753 6758/5/5752
f 4522/6/5753 1379/5/5777 4800/6/5754
f 6758/5/5752 4800/6/5754 1514/5/5755
f 4800/4/5754 6759/2/5758 4767/3/5756
f 4800/4/5754 1379/1/5777 4521/3/5757
f 4521/3/5757 1129/1/4757 4365/4/4756
f 6759/2/5758 4365/4/4756 1255/1/5312
f 1376/16/5751 4801/1/5761 6760/5/5759
f 4801/1/5761 1523/5/5813 4794/6/5762
f 6760/5/5759 4794/6/5762 1524/5/5763
f 4525/6/5760 6760/5/5759 4802/6/5764
f 1382/1/5765 4802/4/5764 6761/2/5766
f 4802/4/5764 1524/1/5763 4795/3/5768
f 6761/2/5766 4795/3/5768 1525/1/5769
f 4526/3/5767 6761/2/5766 4803/4/5770
f 4529/11/5772 6762/1/5774 4522/6/5753
f 1385/7/5773 4532/5/5775 6762/1/5774
f 4532/5/5775 1387/7/5778 4534/1/5776
f 6762/1/5774 4534/1/5776 1379/5/5777
f 4534/1/5776 6763/1/5779 4521/6/5757
f 1387/7/5778 4533/5/5780 6763/1/5779
f 4533/5/5780 1144/7/4780 4075/1/4779
f 6763/1/5779 4075/1/4779 1129/5/4757
f 1377/5/5771 4527/1/5782 6764/1/5781
f 4527/1/5782 1383/7/5799 4535/5/5783
f 6764/1/5781 4535/5/5783 1388/7/5784
f 4526/6/5767 6764/1/5781 4537/1/5785
f 1382/5/5765 4537/1/5785 6765/10/5786
f 4537/1/5785 1388/7/5784 4536/5/5787
f 6765/10/5786 4536/5/5787 1385/7/5773
f 4525/11/5760 6765/10/5786 4529/11/5772
f 4528/1/5788 6766/11/5792 4524/6/5789
f 1384/7/5791 4538/5/5793 6766/11/5792
f 4538/5/5793 1389/7/5797 4540/1/5794
f 6766/11/5792 4540/1/5794 1381/5/5795
f 4540/1/5794 6767/11/5798 4523/6/5796
f 1389/7/5797 4539/5/7389 6767/11/5798
f 6767/11/5798 4539/5/7389 1383/7/5799
f 4523/6/5796 6767/11/5798 4527/1/5782
f 4073/1/4805 6768/11/5801 4519/6/5800
f 1142/7/4810 4808/5/5802 6768/11/5801
f 4808/5/5802 1390/7/5815 4866/1/5803
f 6768/11/5801 4866/1/5803 1393/5/5804
f 1392/5/5805 4543/10/5808 6769/5/5806
f 4543/10/5808 1391/27/6248 4520/6/5809
f 6769/5/5806 4520/6/5809 1375/5/5790
f 4542/6/5807 6769/5/5806 4524/6/5789
f 1525/1/5769 4804/4/5811 6770/2/5810
f 4804/4/5811 1392/1/5805 4542/3/5807
f 6770/2/5810 4542/3/5807 1381/1/5795
f 6770/2/5810 4523/4/5796 1377/1/5771
f 4796/10/5812 6771/13/5814 4799/26/5748
f 1523/1/5813 4801/10/5761 6771/13/5814
f 4799/26/5748 6771/13/5814 4801/10/5761
f 1390/7/5815 4546/5/5817 6772/5/5816
f 4546/5/5817 1394/7/5828 4547/6/5818
f 6772/5/5816 4547/6/5818 1378/5/5819
f 4866/6/5803 6772/5/5816 4818/6/5820
f 1393/1/5804 4818/4/5820 6773/2/5821
f 4818/4/5820 1378/1/5819 4815/3/5823
f 6773/2/5821 4815/3/5823 1529/1/5743
f 4814/3/5822 6773/2/5821 4807/4/5824
f 1375/5/5790 4518/6/5827 6774/1/5826
f 4518/6/5827 1378/5/5819 4547/1/5818
f 6774/1/5826 4547/1/5818 1394/7/5828
f 4528/1/5788 6774/1/5826 4545/5/5829
f 1710/412/5830 5192/415/5833 6775/413/5831
f 5192/415/5833 1711/420/5838 4653/416/5834
f 6775/413/5831 4653/416/5834 1486/417/5835
f 5174/414/5832 6775/413/5831 4656/418/5836
f 1711/420/5838 5191/422/5840 6776/421/5839
f 5191/422/5840 1706/454/5912 5170/423/5841
f 6776/421/5839 5170/423/5841 1416/424/5842
f 4653/416/5834 6776/421/5839 4654/425/5843
f 1738/1/5844 4734/4/5847 6777/2/5845
f 4734/4/5847 1504/1/5887 4733/3/5848
f 6777/2/5845 4733/3/5848 1443/1/5849
f 5240/3/5846 6777/2/5845 4594/4/5850
f 4601/4/5852 6778/2/5856 5239/3/5853
f 1447/1/5855 4697/3/5857 6778/2/5856
f 4697/3/5857 1496/1/6071 4699/4/5858
f 6778/2/5856 4699/4/5858 1736/1/5859
f 5190/426/5860 6779/430/5864 5172/427/5861
f 1712/429/5863 4657/431/5865 6779/430/5864
f 4657/431/5865 1487/439/5873 4660/432/5866
f 6779/430/5864 4660/432/5866 1422/433/5867
f 5189/434/5868 6780/436/5870 4657/431/5865
f 1707/435/5869 5171/437/5871 6780/436/5870
f 5171/437/5871 1417/470/5929 4658/438/5872
f 6780/436/5870 4658/438/5872 1487/439/5873
f 1740/1/5874 4834/4/5877 6781/2/5875
f 4834/4/5877 1537/1/6032 4826/3/5878
f 6781/2/5875 4826/3/5878 1434/1/5879
f 5238/3/5876 6781/2/5875 5220/4/5880
f 1731/1/5882 5219/4/5885 6782/2/5883
f 5219/4/5885 1432/1/5933 4731/3/5886
f 6782/2/5883 4731/3/5886 1504/1/5887
f 5237/3/5884 6782/2/5883 4734/4/5847
f 1716/440/5888 5188/443/5891 6783/441/5889
f 5188/443/5891 1713/447/5895 4661/444/5892
f 4661/444/5892 1488/453/5900 4664/445/5893
f 6783/441/5889 4664/445/5893 1536/446/5894
f 1713/447/5895 5187/449/5897 6784/448/5896
f 5187/449/5897 1695/1178/4906 4096/450/4905
f 6784/448/5896 4096/450/4905 1185/451/5898
f 4661/444/5892 6784/448/5896 4662/452/5899
f 4719/4/5901 6785/2/5905 5236/3/5902
f 1500/1/5904 4718/3/5906 6785/2/5905
f 4718/3/5906 1447/1/5855 4601/4/5852
f 6785/2/5905 4601/4/5852 1734/1/5854
f 1720/1/4913 4128/4/4915 6786/2/5907
f 1315/1/4919 4687/3/5909 6786/2/5907
f 4687/3/5909 1531/1/6376 4690/4/5910
f 5235/3/5908 6786/2/5907 4690/4/5910
f 1706/454/5912 5186/456/5914 6787/455/5913
f 5186/456/5914 1714/461/5919 4665/457/5915
f 6787/455/5913 4665/457/5915 1489/458/5916
f 5170/423/5841 6787/455/5913 4668/459/5917
f 5185/460/5918 6788/463/5920 4665/457/5915
f 1708/462/5862 5172/464/5861 6788/463/5920
f 5172/464/5861 1422/1179/5867 4666/465/5921
f 4665/457/5915 6788/463/5920 4666/465/5921
f 1733/1/5851 4594/4/5850 6789/2/5922
f 4594/4/5850 1443/1/5849 4716/3/5924
f 4716/3/5924 1500/1/5904 4719/4/5901
f 6789/2/5922 4719/4/5901 1737/1/5903
f 5184/466/5925 6790/468/5927 5171/437/5871
f 5184/466/5925 1709/478/6391 5173/467/5926
f 5173/467/5926 1423/481/6394 4712/469/5928
f 6790/468/5927 4712/469/5928 1417/470/5929
f 1732/1/5881 5220/4/5880 6791/2/5930
f 5220/4/5880 1434/1/5879 4714/3/5932
f 6791/2/5930 4714/3/5932 1432/1/5933
f 5233/3/5931 6791/2/5930 5219/4/5885
f 1715/471/5934 5183/474/5937 6792/472/5935
f 5183/474/5937 1710/412/5830 5174/414/5832
f 6792/472/5935 5174/414/5832 1426/419/5837
f 4670/473/5936 6792/472/5935 4671/475/5938
f 5218/4/5940 6793/2/5944 5232/3/5941
f 1431/1/5943 4746/3/5945 6793/2/5944
f 4746/3/5945 1508/1/6078 4748/4/5946
f 6793/2/5944 4748/4/5946 1739/1/5947
f 1404/1/5948 4579/4/5951 6794/2/5949
f 4579/4/5951 1435/1/5957 4673/3/5952
f 6794/2/5949 4673/3/5952 1491/1/5953
f 4631/3/5950 6794/2/5949 4676/4/5954
f 4578/4/5956 6795/2/5959 4673/3/5952
f 1403/1/5958 4569/3/5960 6795/2/5959
f 4569/3/5960 1430/1/5963 4674/4/5961
f 6795/2/5959 4674/4/5961 1491/1/5953
f 4674/4/5961 6796/2/5964 4675/3/5962
f 1430/1/5963 4568/3/5965 6796/2/5964
f 4568/3/5965 1163/1/4974 4121/4/4973
f 6796/2/5964 4121/4/4973 1201/1/4980
f 1469/1/5955 4676/4/5954 6797/2/5966
f 4676/4/5954 1491/1/5953 4675/3/5962
f 6797/2/5966 4675/3/5962 1201/1/4980
f 4630/3/5967 6797/2/5966 4120/4/4979
f 1406/7/5968 4649/1/5971 6798/1/5969
f 4649/1/5971 1482/7/6341 4677/5/5972
f 4677/5/5972 1492/7/5976 4679/1/5973
f 6798/1/5969 4679/1/5973 1466/5/5974
f 4679/1/5973 6799/11/5977 4626/6/5975
f 1492/7/5976 4678/5/5978 6799/11/5977
f 4678/5/5978 1481/7/6299 4648/1/5979
f 6799/11/5977 4648/1/5979 1409/5/5980
f 1414/5/5981 4646/1/5984 6800/11/5982
f 4646/1/5984 1479/7/6350 4680/5/5985
f 6800/11/5982 4680/5/5985 1493/7/5986
f 4636/6/5983 6800/11/5982 4682/1/5987
f 1472/5/5988 4682/1/5987 6801/11/5989
f 4682/1/5987 1493/7/5986 4681/5/5991
f 6801/11/5989 4681/5/5991 1478/7/5992
f 4637/6/5990 6801/11/5989 4645/1/5993
f 1411/9/5995 4574/6/5998 6802/5/5996
f 4574/6/5998 1433/5/6003 4683/6/5999
f 6802/5/5996 4683/6/5999 1494/5/6000
f 4619/6/5997 6802/5/5996 4686/6/6001
f 1433/1/6003 4575/4/6005 6803/2/6004
f 4575/4/6005 1401/1/6268 4563/3/6006
f 4563/3/6006 1427/1/6009 4684/4/6007
f 6803/2/6004 4684/4/6007 1494/1/6000
f 4684/4/6007 6804/2/6010 4685/3/6008
f 1427/1/6009 4562/3/6011 6804/2/6010
f 4562/3/6011 1403/1/5958 4578/4/5956
f 6804/2/6010 4578/4/5956 1435/1/5957
f 1459/1/6002 4686/4/6001 6805/2/6012
f 4686/4/6001 1494/1/6000 4685/3/6008
f 6805/2/6012 4685/3/6008 1435/1/5957
f 4618/3/6013 6805/2/6012 4579/4/5951
f 4832/4/6014 6806/2/6018 4596/3/6015
f 1539/1/6017 4828/3/6050 6806/2/6018
f 6806/2/6018 4828/3/6050 1451/1/6019
f 4596/3/6015 6806/2/6018 4717/4/6020
f 4663/4/6022 6807/2/6026 4572/3/6023
f 1442/1/6025 4592/3/6027 6807/2/6026
f 4592/3/6027 1432/1/5933 4714/4/5932
f 6807/2/6026 4714/4/5932 1434/1/5879
f 4827/4/6028 6808/2/6031 4831/3/6029
f 1452/1/6024 4572/3/6023 6808/2/6031
f 4572/3/6023 1434/1/5879 4826/4/5878
f 6808/2/6031 4826/4/5878 1537/1/6032
f 1501/1/6033 4722/4/6036 6809/2/6034
f 4722/4/6036 1448/1/6097 4585/3/6037
f 6809/2/6034 4585/3/6037 1447/1/5855
f 4595/3/6035 6809/2/6034 4718/4/5906
f 4737/4/6038 6810/2/6042 4593/3/6039
f 1444/1/6041 4586/3/6043 6810/2/6042
f 4586/3/6043 1443/1/5849 4733/4/5848
f 6810/2/6042 4733/4/5848 1504/1/5887
f 4172/4/5060 6811/2/6045 4693/3/6044
f 1179/1/5066 4615/3/6046 6811/2/6045
f 4615/3/6046 1455/1/6384 4694/4/6047
f 6811/2/6045 4694/4/6047 1495/1/6048
f 4830/4/6049 6812/2/6052 4828/3/6050
f 1535/1/6051 4824/3/6053 6812/2/6052
f 4824/3/6053 1412/1/6125 4609/4/6054
f 6812/2/6052 4609/4/6054 1451/1/6019
f 4706/4/6055 6813/2/6059 4604/3/6056
f 1498/1/6058 4705/3/6060 6813/2/6059
f 4705/3/6060 1437/1/6096 4750/4/6061
f 6813/2/6059 4750/4/6061 1467/1/6062
f 4720/4/6063 6814/2/6064 4586/3/6043
f 4720/4/6063 1501/1/6033 4595/3/6035
f 6814/2/6064 4595/3/6035 1500/1/5904
f 6814/2/6064 4716/4/5924 1443/1/5849
f 1497/1/6065 4702/4/6068 6815/2/6066
f 4702/4/6068 1438/1/6116 4570/3/6069
f 6815/2/6066 4570/3/6069 1431/1/5943
f 4603/3/6067 6815/2/6066 4698/4/6070
f 1509/1/6072 4751/4/6075 6816/2/6073
f 4751/4/6075 1210/1/5097 4134/3/5096
f 6816/2/6073 4134/3/5096 1209/1/6076
f 4612/3/6074 6816/2/6073 4747/4/6077
f 4605/4/6079 6817/2/6083 4610/3/6080
f 1449/1/6082 4703/3/6084 6817/2/6083
f 4703/3/6084 1498/1/6058 4706/4/6055
f 6817/2/6083 4706/4/6055 1457/1/6057
f 4735/4/6085 6818/2/6086 4592/3/6027
f 1505/1/6040 4593/3/6039 6818/2/6086
f 4593/3/6039 1504/1/5887 4731/4/5886
f 6818/2/6086 4731/4/5886 1432/1/5933
f 4606/4/6087 6819/2/6089 4703/3/6084
f 1410/1/6088 4617/3/6090 6819/2/6089
f 4617/3/6090 1458/1/6092 4704/4/6091
f 6819/2/6089 4704/4/6091 1498/1/6058
f 4704/4/6091 6820/2/6093 4705/3/6060
f 1458/1/6092 4616/3/6094 6820/2/6093
f 4616/3/6094 1405/1/6115 4582/4/6095
f 6820/2/6093 4582/4/6095 1437/1/6096
f 1448/1/6097 4700/4/6099 6821/2/6098
f 4700/4/6099 1497/1/6065 4603/3/6067
f 6821/2/6098 4603/3/6067 1496/1/6071
f 4585/3/6037 6821/2/6098 4697/4/5857
f 4607/4/6100 6822/2/6102 4617/3/6090
f 1450/1/6101 4707/3/6103 6822/2/6102
f 4707/3/6103 1499/1/6108 4710/4/6104
f 6822/2/6102 4710/4/6104 1458/1/6092
f 1450/5/6101 4608/10/6106 6823/5/6105
f 4608/10/6106 1411/9/5995 4619/6/5997
f 6823/5/6105 4619/6/5997 1459/5/6002
f 4707/6/6103 6823/5/6105 4708/6/6107
f 1499/1/6108 4708/4/6107 6824/2/6109
f 4708/4/6107 1459/1/6002 4618/3/6013
f 6824/2/6109 4618/3/6013 1404/1/5948
f 4709/3/6110 6824/2/6109 4580/4/6111
f 4710/4/6104 6825/2/6113 4616/3/6094
f 1499/1/6108 4709/3/6110 6825/2/6113
f 4709/3/6110 1436/1/6112 4581/4/6114
f 6825/2/6113 4581/4/6114 1405/1/6115
f 1438/1/6116 4749/4/6118 6826/2/6117
f 4749/4/6118 1509/1/6072 4612/3/6074
f 6826/2/6117 4612/3/6074 1508/1/6078
f 4570/3/6069 6826/2/6117 4746/4/5945
f 4613/4/6119 6827/2/6122 4611/3/6120
f 1456/1/6121 4869/3/6123 6827/2/6122
f 4869/3/6123 1442/1/6025 4663/4/6022
f 6827/2/6122 4663/4/6022 1452/1/6024
f 4609/4/6054 6828/2/6126 4870/3/6124
f 1412/1/6125 4868/3/6127 6828/2/6126
f 4868/3/6127 1407/1/6187 4591/4/6128
f 6828/2/6126 4591/4/6128 1441/1/6129
f 4726/4/6130 6829/2/6134 4577/3/6131
f 1502/1/6133 4725/3/6135 6829/2/6134
f 4725/3/6135 1449/1/6082 4605/4/6079
f 6829/2/6134 4605/4/6079 1461/1/6081
f 1538/1/6030 4829/4/6137 6830/2/6136
f 1534/1/6016 4596/3/6015 6830/2/6136
f 6830/2/6136 4596/3/6015 1460/1/6021
f 4827/3/6028 6830/2/6136 4611/4/6120
f 4597/4/6138 6831/2/6142 4655/3/6139
f 1445/1/6141 4723/3/6143 6831/2/6142
f 4723/3/6143 1502/1/6133 4726/4/6130
f 6831/2/6142 4726/4/6130 1454/1/6132
f 4701/4/6144 6832/2/6145 4702/3/6068
f 1457/1/6057 4604/3/6056 6832/2/6145
f 4604/3/6056 1467/1/6062 4583/4/6146
f 6832/2/6145 4583/4/6146 1438/1/6116
f 4598/4/6147 6833/2/6149 4723/3/6143
f 1408/1/6148 4621/3/6150 6833/2/6149
f 4621/3/6150 1462/1/6152 4724/4/6151
f 6833/2/6149 4724/4/6151 1502/1/6133
f 4724/4/6151 6834/2/6153 4725/3/6135
f 1462/1/6152 4620/3/6154 6834/2/6153
f 4620/3/6154 1410/1/6088 4606/4/6087
f 6834/2/6153 4606/4/6087 1449/1/6082
f 1229/1/5061 4693/4/6044 6835/2/6155
f 4693/4/6044 1495/1/6048 4696/3/6156
f 6835/2/6155 4696/3/6156 1532/1/6157
f 4276/3/5173 6835/2/6155 4602/4/6158
f 4599/4/6159 6836/2/6161 4621/3/6150
f 1446/1/6160 4727/3/6162 6836/2/6161
f 4727/3/6162 1503/1/6168 4730/4/6163
f 6836/2/6161 4730/4/6163 1462/1/6152
f 4600/4/6164 6837/2/6165 4727/3/6162
f 1409/1/5980 4623/3/6166 6837/2/6165
f 4623/3/6166 1463/1/6170 4728/4/6167
f 6837/2/6165 4728/4/6167 1503/1/6168
f 4728/6/6167 6838/17/6171 4729/6/6169
f 1463/5/6170 4622/12/6172 6838/17/6171
f 4622/12/6172 1411/9/5995 4608/10/6106
f 6838/17/6171 4608/10/6106 1450/5/6101
f 4730/4/6163 6839/2/6173 4620/3/6154
f 1503/1/6168 4729/3/6169 6839/2/6173
f 4729/3/6169 1450/1/6101 4607/4/6100
f 6839/2/6173 4607/4/6100 1410/1/6088
f 1453/1/6174 4741/4/6177 6840/2/6175
f 4741/4/6177 1506/1/6191 4740/3/6178
f 6840/2/6175 4740/3/6178 1445/1/6141
f 4659/3/6176 6840/2/6175 4597/4/6138
f 4715/4/6179 6841/2/6180 4869/3/6123
f 1453/1/6174 4688/3/6181 6841/2/6180
f 4688/3/6181 1505/1/6040 4735/4/6085
f 6841/2/6180 4735/4/6085 1442/1/6025
f 4721/4/6182 6842/2/6183 4700/3/6099
f 1461/1/6081 4610/3/6080 6842/2/6183
f 4610/3/6080 1457/1/6057 4701/4/6144
f 6842/2/6183 4701/4/6144 1497/1/6065
f 4691/4/6184 6843/2/6185 4722/3/6036
f 1454/1/6132 4577/3/6131 6843/2/6185
f 4577/3/6131 1461/1/6081 4721/4/6182
f 6843/2/6185 4721/4/6182 1448/1/6097
f 4591/4/6128 6844/2/6188 4738/3/6186
f 1407/1/6187 4625/3/6189 6844/2/6188
f 4625/3/6189 1465/1/6192 4739/4/6190
f 6844/2/6188 4739/4/6190 1506/1/6191
f 4739/4/6190 6845/2/6193 4740/3/6178
f 1465/1/6192 4624/3/6194 6845/2/6193
f 4624/3/6194 1408/1/6148 4598/4/6147
f 6845/2/6193 4598/4/6147 1445/1/6141
f 4870/4/6124 6846/2/6195 4717/3/6020
f 1441/1/6129 4871/3/6196 6846/2/6195
f 4871/3/6196 1456/1/6121 4613/4/6119
f 6846/2/6195 4613/4/6119 1460/1/6021
f 4590/4/6197 6847/2/6199 4625/3/6189
f 1440/1/6198 4742/3/6200 6847/2/6199
f 4742/3/6200 1507/1/6205 4745/4/6201
f 6847/2/6199 4745/4/6201 1465/1/6192
f 4589/6/6202 6848/5/6203 4742/6/6200
f 4589/6/6202 1406/7/5968 4627/6/5970
f 4627/6/5970 1466/5/5974 4743/6/6204
f 6848/5/6203 4743/6/6204 1507/5/6205
f 4743/4/6204 6849/2/6207 4744/3/6206
f 1466/1/5974 4626/3/5975 6849/2/6207
f 4626/3/5975 1409/1/5980 4600/4/6164
f 6849/2/6207 4600/4/6164 1446/1/6160
f 4745/4/6201 6850/2/6208 4624/3/6194
f 1507/1/6205 4744/3/6206 6850/2/6208
f 4744/3/6206 1446/1/6160 4599/4/6159
f 6850/2/6208 4599/4/6159 1408/1/6148
f 4755/4/6209 6851/2/6213 4667/3/6210
f 1510/1/6212 4754/3/6214 6851/2/6213
f 4754/3/6214 1211/1/5232 4139/4/5231
f 6851/2/6213 4139/4/5231 1244/1/5245
f 1505/1/6040 4688/4/6181 6852/2/6215
f 4688/4/6181 1453/1/6174 4659/3/6176
f 6852/2/6215 4659/3/6176 1464/1/6140
f 4737/3/6038 6852/2/6215 4732/4/6216
f 1437/1/6096 4752/4/6218 6853/2/6217
f 4752/4/6218 1510/1/6212 4755/3/6209
f 6853/2/6217 4755/3/6209 1424/1/6211
f 4750/3/6061 6853/2/6217 4669/4/6219
f 1467/1/6062 4669/4/6219 6854/2/6220
f 4669/4/6219 1424/1/6211 4672/3/6221
f 6854/2/6220 4672/3/6221 1509/1/6072
f 4583/3/6146 6854/2/6220 4749/4/6118
f 4732/4/6216 6855/2/6222 4720/3/6063
f 1464/1/6140 4655/3/6139 6855/2/6222
f 4655/3/6139 1454/1/6132 4691/4/6184
f 6855/2/6222 4691/4/6184 1501/1/6033
f 4672/4/6221 6856/2/6223 4751/3/6075
f 1424/1/6211 4667/3/6210 6856/2/6223
f 4667/3/6210 1244/1/5245 4310/4/6224
f 6856/2/6223 4310/4/6224 1210/1/5097
f 4582/4/6095 6857/2/6225 4752/3/6218
f 1405/1/6115 4629/3/6226 6857/2/6225
f 4629/3/6226 1468/1/6228 4753/4/6227
f 6857/2/6225 4753/4/6227 1510/1/6212
f 4753/4/6227 6858/2/6229 4754/3/6214
f 1468/1/6228 4628/3/6230 6858/2/6229
f 4628/3/6230 1169/1/5252 4140/4/5251
f 6858/2/6229 4140/4/5251 1211/1/5232
f 4738/4/6186 6859/2/6231 4871/3/6196
f 1506/1/6191 4741/3/6177 6859/2/6231
f 4741/3/6177 1453/1/6174 4715/4/6179
f 6859/2/6231 4715/4/6179 1456/1/6121
f 4581/4/6114 6860/2/6232 4629/3/6226
f 1436/1/6112 4756/3/6233 6860/2/6232
f 4756/3/6233 1511/1/6237 4759/4/6234
f 6860/2/6232 4759/4/6234 1468/1/6228
f 1436/1/6112 4580/4/6111 6861/2/6235
f 4580/4/6111 1404/1/5948 4631/3/5950
f 6861/2/6235 4631/3/5950 1469/1/5955
f 4756/3/6233 6861/2/6235 4757/4/6236
f 1511/1/6237 4757/4/6236 6862/2/6238
f 4757/4/6236 1469/1/5955 4630/3/5967
f 4630/3/5967 1170/1/5264 4142/4/5263
f 6862/2/6238 4142/4/5263 1212/1/5267
f 4759/4/6234 6863/2/6240 4628/3/6230
f 1511/1/6237 4758/3/6239 6863/2/6240
f 4758/3/6239 1212/1/5267 4141/4/5266
f 6863/2/6240 4141/4/5266 1169/1/5252
f 4809/6/6241 6864/5/6244 4567/5/6242
f 1380/5/5747 4810/6/6245 6864/5/6244
f 4810/6/6245 1512/5/6252 4761/6/6246
f 6864/5/6244 4761/6/6246 1429/7/6247
f 4544/11/5746 6865/5/6249 4810/6/6245
f 1391/27/6248 4813/6/6250 6865/5/6249
f 4813/6/6250 1473/5/6254 4819/6/6251
f 6865/5/6249 4819/6/6251 1512/5/6252
f 4819/4/6251 6866/2/6255 4760/3/6253
f 1473/1/6254 4638/3/6256 6866/2/6255
f 4638/3/6256 1413/1/6298 4817/4/6257
f 6866/2/6255 4817/4/6257 1474/1/6258
f 1429/7/6247 4761/6/6246 6867/5/6259
f 1512/5/6252 4760/6/6253 6867/5/6259
f 4760/6/6253 1474/5/6258 4639/6/6261
f 4566/5/6260 6867/5/6259 4639/6/6261
f 4811/6/6263 6868/5/6266 4564/5/6264
f 1386/5/5742 4531/6/5741 6868/5/6266
f 4531/6/5741 1380/5/5747 4809/6/6241
f 6868/5/6266 4809/6/6241 1402/7/6243
f 4641/4/6267 6869/2/6270 4563/3/6006
f 1475/1/6269 4762/3/6271 6869/2/6270
f 4762/3/6271 1513/1/6277 4765/4/6272
f 6869/2/6270 4765/4/6272 1427/1/6009
f 4640/4/6273 6870/2/6274 4762/3/6271
f 1414/1/5981 4633/3/6275 6870/2/6274
f 4633/3/6275 1470/1/6279 4763/4/6276
f 6870/2/6274 4763/4/6276 1513/1/6277
f 4763/6/6276 6871/6/6280 4764/1/6278
f 1470/5/6279 4632/6/6281 6871/6/6280
f 4632/6/6281 1523/6/5813 4796/1/5812
f 6871/6/6280 4796/1/5812 1476/2/5750
f 4765/6/6272 6872/11/6282 4562/6/6011
f 1513/5/6277 4764/1/6278 6872/11/6282
f 4764/1/6278 1476/2/5750 4642/4/6283
f 6872/11/6282 4642/4/6283 1403/5/5958
f 4642/4/6283 6873/5/6284 4569/6/5960
f 1476/2/5750 4766/6/5749 6873/5/6284
f 4766/6/5749 1514/5/5755 4768/6/6285
f 6873/5/6284 4768/6/6285 1430/5/5963
f 4768/4/6285 6874/2/6286 4568/3/5965
f 4768/4/6285 1514/1/5755 4767/3/5756
f 4767/3/5756 1255/1/5312 4204/4/5311
f 6874/2/6286 4204/4/5311 1163/1/4974
f 1415/5/5994 4645/1/5993 6875/11/6287
f 4645/1/5993 1478/7/5992 4769/5/6289
f 6875/11/6287 4769/5/6289 1515/7/6290
f 4634/6/6288 6875/11/6287 4771/1/6291
f 1471/5/6292 4771/1/6291 6876/11/6293
f 4771/1/6291 1515/7/6290 4770/5/6295
f 6876/11/6293 4770/5/6295 1480/7/6296
f 4635/6/6294 6876/11/6293 4647/1/6297
f 4648/1/5979 6877/11/6300 4623/6/6166
f 1481/7/6299 4772/5/6301 6877/11/6300
f 4772/5/6301 1516/7/6303 4774/1/6302
f 6877/11/6300 4774/1/6302 1463/5/6170
f 4774/1/6302 6878/1/6304 4622/12/6172
f 1516/7/6303 4773/5/6305 6878/1/6304
f 4773/5/6305 1483/7/6325 4650/1/6306
f 6878/1/6304 4650/1/6306 1411/9/5995
f 1470/1/6279 4633/4/6275 6879/2/6307
f 4633/4/6275 1414/1/5981 4636/3/5983
f 6879/2/6307 4636/3/5983 1472/1/5988
f 4775/3/6308 6879/2/6307 4776/4/6309
f 1517/1/6310 4776/4/6309 6880/2/6311
f 4776/4/6309 1472/1/5988 4637/3/5990
f 6880/2/6311 4637/3/5990 1415/1/5994
f 4777/3/6312 6880/2/6311 4644/4/6313
f 4634/4/6288 6881/2/6315 4644/3/6313
f 1471/1/6292 4779/3/6316 6881/2/6315
f 4779/3/6316 1518/1/6320 4781/4/6317
f 6881/2/6315 4781/4/6317 1477/1/6314
f 4635/4/6294 6882/2/6318 4779/3/6316
f 1413/1/6298 4638/3/6256 6882/2/6318
f 4638/3/6256 1473/1/6254 4780/4/6319
f 6882/2/6318 4780/4/6319 1518/1/6320
f 4780/6/6319 6883/17/6322 4812/6/6321
f 1473/5/6254 4813/10/6250 6883/17/6322
f 4813/10/6250 1391/27/6248 4543/10/5808
f 6883/17/6322 4543/10/5808 1392/5/5805
f 1477/1/6314 4781/4/6317 6884/2/6323
f 4781/4/6317 1518/1/6320 4812/3/6321
f 6884/2/6323 4812/3/6321 1392/1/5805
f 6884/2/6323 4804/4/5811 1525/1/5769
f 4650/1/6306 6885/1/6326 4574/6/5998
f 1483/7/6325 4782/5/6327 6885/1/6326
f 4782/5/6327 1519/7/6329 4784/1/6328
f 6885/1/6326 4784/1/6328 1433/5/6003
f 4784/1/6328 6886/1/6330 4575/6/6005
f 1519/7/6329 4783/5/6331 6886/1/6330
f 4783/5/6331 1484/7/6345 4651/1/6332
f 6886/1/6330 4651/1/6332 1401/5/6268
f 1400/7/6262 4652/1/6335 6887/11/6333
f 4652/1/6335 1485/7/6354 4785/5/6336
f 6887/11/6333 4785/5/6336 1520/7/6337
f 4587/5/6334 6887/11/6333 4787/1/6338
f 4786/5/6340 6888/11/6342 4787/1/6338
f 1482/7/6341 4649/1/5971 6888/11/6342
f 4649/1/5971 1406/7/5968 4588/5/6343
f 6888/11/6342 4588/5/6343 1439/7/6339
f 1401/5/6268 4651/1/6332 6889/1/6344
f 1484/7/6345 4788/5/6346 6889/1/6344
f 4788/5/6346 1521/7/7390 4790/1/6347
f 4641/6/6267 6889/1/6344 4790/1/6347
f 1475/5/6269 4790/1/6347 6890/1/6348
f 4790/1/6347 1521/7/7390 4789/5/6349
f 6890/1/6348 4789/5/6349 1479/7/6350
f 4640/6/6273 6890/1/6348 4646/1/5984
f 1474/5/6258 4793/1/6352 6891/1/6351
f 4793/1/6352 1522/7/6369 4792/5/6353
f 6891/1/6351 4792/5/6353 1485/7/6354
f 4639/5/6261 6891/1/6351 4652/1/6335
f 4699/4/5858 6892/2/6356 5231/3/6355
f 1496/1/6071 4698/3/6070 6892/2/6356
f 4698/3/6070 1431/1/5943 5218/4/5940
f 6892/2/6356 5218/4/5940 1730/1/5942
f 4794/6/5762 6893/5/6358 4778/6/6357
f 1523/1/5813 4632/6/6281 6893/5/6358
f 4632/6/6281 1470/5/6279 4775/6/6308
f 6893/5/6358 4775/6/6308 1517/5/6310
f 4795/4/5768 6894/2/6359 4643/3/6324
f 1524/1/5763 4778/3/6357 6894/2/6359
f 4778/3/6357 1517/1/6310 4777/4/6312
f 6894/2/6359 4777/4/6312 1477/1/6314
f 1526/7/6360 4565/5/6363 6895/5/6361
f 4565/5/6363 1164/7/5393 4380/6/5392
f 6895/5/6361 4380/6/5392 1137/5/4731
f 4798/6/6362 6895/5/6361 4805/6/5735
f 1527/5/5739 4867/6/6365 6896/1/6364
f 4867/6/6365 1386/5/5742 4811/1/6263
f 6896/1/6364 4811/1/6263 1428/7/6265
f 4798/1/6362 6896/1/6364 4797/5/6366
f 4382/4/5398 6897/2/6367 4816/3/5737
f 1130/1/4803 4519/3/5800 6897/2/6367
f 4519/3/5800 1393/1/5804 4814/4/5822
f 6897/2/6367 4814/4/5822 1528/1/5825
f 4791/5/6368 6898/5/6370 4647/6/6297
f 1522/7/6369 4793/6/6352 6898/5/6370
f 4793/6/6352 1474/5/6258 4817/6/6257
f 6898/5/6370 4817/6/6257 1413/5/6298
f 4815/6/5823 6899/5/6371 4541/12/5745
f 1378/5/5819 4518/6/5827 6899/5/6371
f 4518/6/5827 1375/5/5790 4520/6/5809
f 6899/5/6371 4520/6/5809 1391/27/6248
f 4530/4/5740 6900/2/6372 4807/3/5824
f 1386/1/5742 4867/3/6365 6900/2/6372
f 4867/3/6365 1527/1/5739 4806/4/5738
f 6900/2/6372 4806/4/5738 1528/1/5825
f 4584/4/6373 6901/2/6377 4820/3/6374
f 1531/1/6376 4687/3/5909 6901/2/6377
f 4687/3/5909 1315/1/4919 4388/4/5409
f 6901/2/6377 4388/4/5409 1316/1/5407
f 1314/1/5411 4602/4/6158 6902/2/6378
f 4602/4/6158 1532/1/6157 4711/3/6379
f 6902/2/6378 4711/3/6379 1530/1/6375
f 4389/3/5413 6902/2/6378 4820/4/6374
f 4711/4/6379 6903/2/6381 4692/3/6380
f 1532/1/6157 4823/3/6382 6903/2/6381
f 4823/3/6382 1534/1/6016 4829/4/6137
f 6903/2/6381 4829/4/6137 1538/1/6030
f 4694/4/6047 6904/2/6385 4695/3/6383
f 1455/1/6384 4614/3/6386 6904/2/6385
f 4614/3/6386 1535/1/6051 4830/4/6049
f 6904/2/6385 4830/4/6049 1539/1/6017
f 1530/1/6375 4692/4/6380 6905/2/6387
f 4692/4/6380 1538/1/6030 4831/3/6029
f 4831/3/6029 1537/1/6032 4689/4/6388
f 6905/2/6387 4689/4/6388 1531/1/6376
f 4696/4/6156 6906/2/6389 4823/3/6382
f 1495/1/6048 4695/3/6383 6906/2/6389
f 4695/3/6383 1539/1/6017 4832/4/6014
f 6906/2/6389 4832/4/6014 1534/1/6016
f 5182/477/6390 6907/479/6392 5173/467/5926
f 5182/477/6390 1716/440/5888 5180/442/5890
f 5180/442/5890 1536/446/5894 4825/480/6393
f 6907/479/6392 4825/480/6393 1423/481/6394
f 1735/1/5911 4690/4/5910 6908/2/6395
f 4690/4/5910 1531/1/6376 4689/3/6388
f 6908/2/6395 4689/3/6388 1537/1/6032
f 5230/3/6396 6908/2/6395 4834/4/5877
f 1696/482/5433 5181/485/6398 6909/483/6397
f 5181/485/6398 1715/471/5934 4670/473/5936
f 6909/483/6397 4670/473/5936 1490/476/5939
f 5160/484/5431 6909/483/6397 4835/486/6399
f 1429/488/6247 4566/491/6260 6910/489/6400
f 4566/491/6260 1400/513/6262 4837/492/6401
f 4837/492/6401 1540/496/6403 4836/493/6402
f 6910/489/6400 4836/493/6402 1402/494/6243
f 4836/493/6402 6911/497/6404 4564/495/6264
f 1540/496/6403 4839/498/6405 6911/497/6404
f 4839/498/6405 1544/502/6407 4838/499/6406
f 6911/497/6404 4838/499/6406 1428/500/6265
f 4838/499/6406 6912/503/6408 4797/501/6366
f 1544/502/6407 4841/504/6409 6912/503/6408
f 4841/504/6409 1548/508/6411 4840/505/6410
f 6912/503/6408 4840/505/6410 1526/506/6360
f 4840/505/6410 6913/509/6412 4565/507/6363
f 1548/508/6411 4842/510/6413 6913/509/6412
f 4842/510/6413 1305/1180/5462 4200/511/5448
f 6913/509/6412 4200/511/5448 1164/122/5393
f 4587/512/6334 6914/515/6414 4837/492/6401
f 1439/514/6339 4844/516/6415 6914/515/6414
f 4844/516/6415 1541/541/6417 4843/517/6416
f 6914/515/6414 4843/517/6416 1540/496/6403
f 4843/518/6416 6915/521/6418 4839/519/6405
f 1541/520/6417 4846/522/6419 6915/521/6418
f 4846/522/6419 1545/526/6421 4845/523/6420
f 6915/521/6418 4845/523/6420 1544/524/6407
f 4845/523/6420 6916/527/6422 4841/525/6409
f 1545/526/6421 4848/528/6423 6916/527/6422
f 4848/528/6423 1549/532/6425 4847/529/6424
f 6916/527/6422 4847/529/6424 1548/530/6411
f 4847/529/6424 6917/533/6426 4842/531/6413
f 1549/532/6425 4849/534/6427 6917/533/6426
f 4849/534/6427 1227/1181/5478 4169/149/5464
f 6917/533/6426 4169/149/5464 1305/535/5462
f 4588/536/6343 6918/538/6428 4844/516/6415
f 1406/537/5968 4851/539/6429 6918/538/6428
f 4851/539/6429 1542/542/6431 4850/540/6430
f 6918/538/6428 4850/540/6430 1541/541/6417
f 4850/540/6430 6919/543/6432 4846/522/6419
f 1542/542/6431 4853/544/6433 6919/543/6432
f 4853/544/6433 1546/548/6435 4852/545/6434
f 6919/543/6432 4852/545/6434 1545/546/6421
f 4852/545/6434 6920/549/6436 4848/547/6423
f 1546/548/6435 4855/550/6437 6920/549/6436
f 4855/550/6437 1550/554/6439 4854/551/6438
f 6920/549/6436 4854/551/6438 1549/552/6425
f 4854/551/6438 6921/555/6440 4849/553/6427
f 1550/554/6439 4856/556/6441 6921/555/6440
f 4856/556/6441 1178/1173/6456 4170/173/5480
f 6921/555/6440 4170/173/5480 1227/171/5478
f 4589/6/6202 6922/5/6442 4851/5/6429
f 1440/5/6198 4858/6/6443 6922/5/6442
f 4858/6/6443 1543/5/6445 4857/6/6444
f 6922/5/6442 4857/6/6444 1542/7/6431
f 4857/6/6444 6923/5/6446 4853/5/6433
f 1543/5/6445 4860/6/6447 6923/5/6446
f 4860/6/6447 1547/5/6449 4859/6/6448
f 6923/5/6446 4859/6/6448 1546/7/6435
f 4859/6/6448 6924/5/6450 4855/5/6437
f 1547/5/6449 4862/6/6451 6924/5/6450
f 4862/6/6451 1551/5/6453 4861/6/6452
f 6924/5/6450 4861/6/6452 1550/7/6439
f 4861/6/6452 6925/5/6454 4856/5/6441
f 1551/5/6453 4863/6/6455 6925/5/6454
f 4863/6/6455 1228/5/5496 4171/6/5494
f 6925/5/6454 4171/6/5494 1178/7/6456
f 4590/4/6197 6926/2/6457 4858/3/6443
f 1407/1/6187 4868/3/6127 6926/2/6457
f 4868/3/6127 1412/1/6125 4736/4/6458
f 6926/2/6457 4736/4/6458 1543/1/6445
f 4736/4/6458 6927/2/6459 4860/3/6447
f 1412/1/6125 4824/3/6053 6927/2/6459
f 4824/3/6053 1535/1/6051 4864/4/6460
f 6927/2/6459 4864/4/6460 1547/1/6449
f 4864/4/6460 6928/2/6461 4862/3/6451
f 1535/1/6051 4614/3/6386 6928/2/6461
f 4614/3/6386 1455/1/6384 4865/4/6462
f 6928/2/6461 4865/4/6462 1551/1/6453
f 4865/4/6462 6929/2/6463 4863/3/6455
f 1455/1/6384 4615/3/6046 6929/2/6463
f 4615/3/6046 1179/1/5066 4436/4/5506
f 6929/2/6463 4436/4/5506 1228/1/5496
f 1739/5/5947 5229/6/6466 6930/1/6464
f 5229/6/6466 1728/5/5512 5216/1/5511
f 6930/1/6464 5216/1/5511 1186/7/5510
f 5227/1/6465 6930/1/6464 4835/5/6399
f 5110/557/5515 6931/561/6468 5144/558/6467
f 1339/560/5520 4883/562/6469 6931/561/6468
f 4883/562/6469 1561/594/6500 4884/563/6470
f 6931/561/6468 4884/563/6470 1682/564/6471
f 5124/565/6472 6932/569/6476 5143/566/6473
f 1559/568/6475 4877/570/6477 6932/569/6476
f 4877/570/6477 1552/582/6489 4885/571/6478
f 6932/569/6476 4885/571/6478 1683/572/6479
f 1686/573/6480 5126/576/6483 6933/574/6481
f 5126/576/6483 1554/793/6804 4874/577/6484
f 6933/574/6481 4874/577/6484 1558/578/6485
f 5142/575/6482 6933/574/6481 4887/579/6486
f 4885/571/6478 6934/583/6490 5141/581/6488
f 1552/582/6489 4878/584/6491 6934/583/6490
f 4878/584/6491 1560/790/6520 4889/585/6492
f 6934/583/6490 4889/585/6492 1687/586/6493
f 1685/580/6487 4887/589/6486 6935/587/6494
f 1558/578/6485 4875/590/6496 6935/587/6494
f 4875/590/6496 1553/608/6514 4890/591/6497
f 6935/587/6494 4890/591/6497 1688/592/6498
f 4884/563/6470 6936/595/6501 5139/593/6499
f 1561/594/6500 4880/596/6502 6936/595/6501
f 4880/596/6502 1556/626/6528 4891/597/6503
f 6936/595/6501 4891/597/6503 1689/598/6504
f 5131/599/6505 6937/603/6509 5138/600/6506
f 1562/602/6508 4872/604/6510 6937/603/6509
f 4872/604/6510 1557/630/6532 4892/605/6511
f 6937/603/6509 4892/605/6511 1690/606/6512
f 4890/591/6497 6938/609/6515 5137/607/6513
f 1553/608/6514 4881/610/6516 6938/609/6515
f 4881/610/6516 1555/622/6524 4894/611/6517
f 6938/609/6515 4894/611/6517 1692/612/6518
f 4889/613/6492 6939/617/6521 5136/614/6519
f 1560/616/6520 4879/618/6522 6939/617/6521
f 4879/618/6522 1554/811/6804 5126/619/6483
f 6939/617/6521 5126/619/6483 1686/620/6480
f 4894/611/6517 6940/623/6525 5135/621/6523
f 1555/622/6524 4882/624/6526 6940/623/6525
f 4882/624/6526 1562/602/6508 5131/599/6505
f 6940/623/6525 5131/599/6505 1691/601/6507
f 4891/597/6503 6941/627/6529 5134/625/6527
f 1556/626/6528 4876/628/6530 6941/627/6529
f 4876/628/6530 1559/568/6475 5124/565/6472
f 6941/627/6529 5124/565/6472 1684/567/6474
f 4892/605/6511 6942/631/6533 5133/629/6531
f 1557/630/6532 4873/632/6534 6942/631/6533
f 4873/632/6534 1338/253/5584 4467/633/5582
f 6942/631/6533 4467/633/5582 1681/634/6535
f 1635/635/6536 5027/638/6539 6943/636/6537
f 5027/638/6539 1566/699/6596 4905/639/6540
f 4905/639/6540 1573/643/6544 4907/640/6541
f 6943/636/6537 4907/640/6541 1634/641/6542
f 4907/640/6541 6944/644/6545 5047/642/6543
f 1573/643/6544 4895/645/6546 6944/644/6545
f 4895/645/6546 1568/671/6571 4909/646/6547
f 6944/644/6545 4909/646/6547 1636/647/6548
f 5030/648/6549 6945/652/6553 5046/649/6550
f 1571/651/6552 4902/653/6554 6945/652/6553
f 4902/653/6554 1565/867/6586 4910/654/6555
f 6945/652/6553 4910/654/6555 1637/655/6556
f 5032/656/6557 6946/660/6561 5045/657/6558
f 1567/659/6560 4899/661/6562 6946/660/6561
f 4899/661/6562 1570/681/6580 4912/662/6563
f 6946/660/6561 4912/662/6563 1639/663/6564
f 5021/664/5619 6947/666/6566 5044/665/6565
f 1352/293/5624 4906/667/6567 6947/666/6566
f 4906/667/6567 1572/677/6576 4914/668/6568
f 6947/666/6566 4914/668/6568 1641/669/6569
f 4909/646/6547 6948/672/6572 5043/670/6570
f 1568/671/6571 4896/673/6573 6948/672/6572
f 4896/673/6573 1351/856/5629 4489/674/5628
f 6948/672/6572 4489/674/5628 1630/675/6574
f 4914/668/6568 6949/678/6577 5042/676/6575
f 1572/677/6576 4903/679/6578 6949/678/6577
f 4903/679/6578 1567/659/6560 5032/656/6557
f 6949/678/6577 5032/656/6557 1640/658/6559
f 4912/662/6563 6950/682/6581 5041/680/6579
f 1570/681/6580 4900/683/6582 6950/682/6581
f 4900/683/6582 1563/701/6598 4915/684/6583
f 6950/682/6581 4915/684/6583 1642/685/6584
f 4910/686/6555 6951/690/6587 5040/687/6585
f 1565/689/6586 4897/889/6868 6951/690/6587
f 6951/690/6587 4897/889/6868 1569/691/6588
f 5040/687/6585 6951/690/6587 4916/692/6589
f 1644/694/6591 5036/697/6594 6952/695/6592
f 5036/697/6594 1564/711/6604 4904/698/6595
f 6952/695/6592 4904/698/6595 1566/699/6596
f 5039/696/6593 6952/695/6592 5027/638/6539
f 4915/684/6583 6953/702/6599 5038/700/6597
f 1563/701/6598 4901/703/6600 6953/702/6599
f 4901/703/6600 1571/885/6552 5030/704/6549
f 6953/702/6599 5030/704/6549 1638/705/6551
f 1643/706/6590 4916/709/6589 6954/707/6601
f 4916/709/6589 1569/875/6588 4898/710/6603
f 6954/707/6601 4898/710/6603 1564/711/6604
f 5037/708/6602 6954/707/6601 5036/697/6594
f 5074/712/6605 6955/716/6609 5096/713/6606
f 1581/715/6608 4923/717/6610 6955/716/6609
f 4923/717/6610 1574/737/6630 4931/718/6611
f 6955/716/6609 4931/718/6611 1659/719/6612
f 1660/720/6613 5076/723/6616 6956/721/6614
f 5076/723/6616 1576/1182/7391 4920/724/6617
f 6956/721/6614 4920/724/6617 1580/725/6618
f 5095/722/6615 6956/721/6614 4933/726/6619
f 1662/728/6621 5078/731/6624 6957/729/6622
f 5078/731/6624 1575/745/6638 4927/732/6625
f 6957/729/6622 4927/732/6625 1577/733/6626
f 5094/730/6623 6957/729/6622 4935/734/6627
f 4931/718/6611 6958/738/6631 5093/736/6629
f 1574/737/6630 4924/739/6632 6958/738/6631
f 4924/739/6632 1582/758/6651 4936/740/6633
f 6958/738/6631 4936/740/6633 1664/741/6634
f 1661/727/6620 4933/726/6619 6959/742/6635
f 4933/726/6619 1580/725/6618 4921/744/6637
f 6959/742/6635 4921/744/6637 1575/745/6638
f 5092/743/6636 6959/742/6635 5078/731/6624
f 1663/735/6628 4935/734/6627 6960/746/6639
f 4935/734/6627 1577/733/6626 4928/748/6641
f 6960/746/6639 4928/748/6641 1584/749/6642
f 5091/747/6640 6960/746/6639 4937/750/6643
f 4937/750/6643 6961/753/6646 5090/752/6645
f 1584/749/6642 4918/754/6647 6961/753/6646
f 4918/754/6647 1579/776/6666 4938/755/6648
f 6961/753/6646 4938/755/6648 1666/756/6649
f 4936/740/6633 6962/759/6652 5089/757/6650
f 1582/758/6651 4925/760/6653 6962/759/6652
f 4925/760/6653 1576/1183/7391 5076/761/6616
f 6962/759/6652 5076/761/6616 1660/762/6613
f 5083/763/6654 6963/767/6658 5088/764/6655
f 1578/766/6657 4922/768/6659 6963/767/6658
f 4922/768/6659 1581/715/6608 5074/712/6605
f 6963/767/6658 5074/712/6605 1658/714/6607
f 5071/769/5719 6964/771/6661 5087/770/6660
f 1365/401/5724 4929/772/6662 6964/771/6661
f 4929/772/6662 1583/781/6671 4940/773/6663
f 6964/771/6661 4940/773/6663 1668/774/6664
f 4938/755/6648 6965/777/6667 5086/775/6665
f 1579/776/6666 4919/778/6668 6965/777/6667
f 4919/778/6668 1364/406/5729 4517/405/5728
f 6965/777/6667 4517/405/5728 1657/779/6669
f 4940/773/6663 6966/782/6672 5085/780/6670
f 1583/781/6671 4926/783/6673 6966/782/6672
f 4926/783/6673 1578/766/6657 5083/763/6654
f 6966/782/6672 5083/763/6654 1667/765/6656
f 2934/10/6674 6967/11/6678 2939/5/6675
f 2934/10/6674 1600/7/6682 4965/5/6677
f 6967/11/6678 4965/5/6677 1585/7/6679
f 2939/5/6675 6967/11/6678 4941/5/6680
f 1600/5/6682 4956/2/6684 6968/1/6683
f 4956/2/6684 1599/21/2422 4966/5/2448
f 6968/1/6683 4966/5/2448 1586/6/2437
f 4965/5/6677 6968/1/6683 4942/5/6685
f 573/7/6686 2935/6/6689 6969/5/6687
f 2935/6/6689 1602/5/6694 4967/6/6690
f 6969/5/6687 4967/6/6690 1587/5/6691
f 2940/5/6688 6969/5/6687 4943/6/6692
f 1602/1/6694 4958/4/6696 6970/2/6695
f 4958/4/6696 1601/1/2430 4968/3/2444
f 6970/2/6695 4968/3/2444 1588/1/2431
f 4967/3/6690 6970/2/6695 4944/4/6697
f 565/7/6681 4941/5/6680 6971/5/6698
f 4941/5/6680 1585/7/6679 4969/6/6700
f 6971/5/6698 4969/6/6700 1589/5/6701
f 2941/5/6699 6971/5/6698 4945/6/6702
f 1585/7/6679 4942/5/6685 6972/5/6704
f 4942/5/6685 1586/20/2437 4970/6/2439
f 6972/5/6704 4970/6/2439 1590/5/2423
f 4969/6/6700 6972/5/6704 4946/6/6705
f 566/7/6693 4943/6/6692 6973/5/6706
f 4943/6/6692 1587/5/6691 4971/6/6708
f 6973/5/6706 4971/6/6708 1591/6/6709
f 2942/5/6707 6973/5/6706 4947/6/6710
f 1587/1/6691 4944/4/6697 6974/2/6712
f 4944/4/6697 1588/1/2431 4972/3/2433
f 6974/2/6712 4972/3/2433 1592/1/2411
f 4971/3/6708 6974/2/6712 4948/4/6713
f 4945/6/6702 6975/5/6716 2943/5/6714
f 4945/6/6702 1589/5/6701 4973/6/6715
f 6975/5/6716 4973/6/6715 1602/5/6694
f 6975/5/6716 2935/6/6689 573/7/6686
f 1589/1/6701 4946/22/6705 6976/2/6717
f 4946/22/6705 1590/1/2423 4974/3/2425
f 6976/2/6717 4974/3/2425 1601/1/2430
f 4973/3/6715 6976/2/6717 4958/4/6696
f 2936/6/6718 6977/1/6722 2944/5/6719
f 1604/5/6721 4975/1/6723 6977/1/6722
f 4975/1/6723 1600/7/6682 2934/10/6674
f 6977/1/6722 2934/10/6674 572/7/6676
f 4960/1/6724 6978/1/6725 4975/1/6723
f 1603/20/2410 4976/5/2418 6978/1/6725
f 6978/1/6725 4976/5/2418 1599/21/2422
f 4975/1/6723 6978/1/6725 4956/2/6684
f 568/7/6711 4947/6/6710 6979/1/6726
f 4947/6/6710 1591/6/6709 4977/1/6728
f 6979/1/6726 4977/1/6728 1593/1/6729
f 2945/5/6727 6979/1/6726 4949/1/6730
f 1591/1/6709 4948/4/6713 6980/5/6732
f 4948/4/6713 1592/1/2411 4978/3/2413
f 6980/5/6732 4978/3/2413 1594/1/2394
f 4977/3/6728 6980/5/6732 4950/3/6733
f 2937/5/6734 6981/5/6738 2946/5/6735
f 1606/8/6737 4979/6/6739 6981/5/6738
f 4979/6/6739 1604/5/6721 2936/6/6718
f 6981/5/6738 2936/6/6718 574/7/6720
f 4962/5/6740 6982/1/6741 4979/6/6739
f 1605/7/2405 4980/6/2406 6982/1/6741
f 4980/6/2406 1603/20/2410 4960/1/6724
f 6982/1/6741 4960/1/6724 1604/5/6721
f 576/7/6742 2938/10/6745 6983/4/6743
f 2938/10/6745 1608/7/6747 4981/5/6746
f 4981/5/6746 1606/8/6737 2937/5/6734
f 6983/4/6743 2937/5/6734 575/7/6736
f 1608/5/6747 4964/5/6749 6984/1/6748
f 4964/5/6749 1607/5/2388 4982/6/2401
f 6984/1/6748 4982/6/2401 1605/7/2405
f 4981/5/6746 6984/1/6748 4962/5/6740
f 569/7/6731 4949/1/6730 6985/5/6750
f 4949/1/6730 1593/1/6729 4983/6/6752
f 6985/5/6750 4983/6/6752 1595/16/6753
f 2948/5/6751 6985/5/6750 4951/5/6754
f 1593/1/6729 4950/1/6733 6986/1/6756
f 4950/1/6733 1594/5/2394 4984/1/2396
f 6986/1/6756 4984/1/2396 1596/7/2389
f 4983/6/6752 6986/1/6756 4952/2/6757
f 570/7/6755 4951/5/6754 6987/5/6758
f 4951/5/6754 1595/16/6753 4985/2/6760
f 6987/5/6758 4985/2/6760 1597/8/6761
f 2949/5/6759 6987/5/6758 4953/5/6762
f 1595/27/6753 4952/2/6757 6988/1/6764
f 4952/2/6757 1596/5/2389 4986/6/2391
f 6988/1/6764 4986/6/2391 1598/7/2381
f 4985/2/6760 6988/1/6764 4954/5/6765
f 571/7/6763 4953/5/6762 6989/6/6766
f 4953/5/6762 1597/8/6761 4987/1/6768
f 4987/1/6768 1608/7/6747 2938/10/6745
f 2950/5/6767 6989/6/6766 2938/10/6745
f 1597/8/6761 4954/5/6765 6990/11/6769
f 4954/5/6765 1598/19/2381 4988/7/2383
f 6990/11/6769 4988/7/2383 1607/7/2388
f 4987/1/6768 6990/11/6769 4964/5/6749
f 542/7/2420 3025/6/6771 6991/5/6770
f 3025/6/6771 1615/5/2493 5001/6/2518
f 6991/5/6770 5001/6/2518 1613/5/2510
f 2912/6/2449 6991/5/6770 4993/6/6772
f 544/1/2428 2931/4/6774 6992/2/6773
f 2931/4/6774 1610/1/2501 5002/3/2515
f 6992/2/6773 5002/3/2515 1619/1/2502
f 2911/3/2445 6992/2/6773 4999/4/6775
f 541/1/2450 4993/4/6772 6993/2/6776
f 4993/4/6772 1613/1/2510 5003/3/2509
f 6993/2/6776 5003/3/2509 1614/1/2496
f 2910/3/2441 6993/2/6776 4994/4/6777
f 543/1/2446 4999/4/6775 6994/2/6778
f 4999/4/6775 1619/1/2502 5004/3/2504
f 6994/2/6778 5004/3/2504 1609/1/2482
f 2909/3/2435 6994/2/6778 4989/4/6779
f 545/1/2442 4994/4/6777 6995/2/6780
f 4994/4/6777 1614/1/2496 5005/3/2495
f 6995/2/6780 5005/3/2495 1610/1/2501
f 2908/3/2427 6995/2/6780 2931/4/6774
f 547/7/6781 3026/6/6783 6996/5/6782
f 3026/6/6783 1616/5/2481 5006/6/2488
f 6996/5/6782 5006/6/2488 1615/5/2493
f 2907/5/2419 6996/5/6782 3025/6/6771
f 546/1/2436 4989/4/6779 6997/2/6784
f 4989/4/6779 1609/1/2482 5007/3/2484
f 6997/2/6784 5007/3/2484 1620/1/2465
f 2906/3/2415 6997/2/6784 5000/4/6785
f 3027/6/6786 6998/5/6787 2905/5/2408
f 3027/6/6786 1617/5/2475 5008/6/2476
f 6998/5/6787 5008/6/2476 1616/5/2481
f 2905/5/2408 6998/5/6787 3026/6/6783
f 550/5/2386 3028/6/6789 6999/5/6788
f 3028/6/6789 1618/5/2458 5009/6/2472
f 6999/5/6788 5009/6/2472 1617/5/2475
f 2904/1/2402 6999/5/6788 3027/6/6786
f 548/1/2416 5000/4/6785 7000/2/6790
f 5000/4/6785 1620/1/2465 5010/3/2467
f 7000/2/6790 5010/3/2467 1611/1/2459
f 2903/3/2398 7000/2/6790 4991/4/6791
f 551/1/2399 4991/4/6791 7001/2/6792
f 4991/4/6791 1611/1/2459 5011/3/2461
f 7001/2/6792 5011/3/2461 1612/1/2451
f 2902/3/2393 7001/2/6792 4992/4/6793
f 552/1/2384 4992/4/6793 7002/2/6794
f 4992/4/6793 1612/1/2451 5012/3/2453
f 7002/2/6794 5012/3/2453 1618/1/2458
f 2901/3/6795 7002/2/6794 3028/4/6789
f 5035/784/6796 7003/785/6797 4875/590/6496
f 1643/706/6590 5037/708/6602 7003/785/6797
f 5037/708/6602 1644/694/6591 4917/786/6798
f 7003/785/6797 4917/786/6798 1553/608/6514
f 5034/787/6799 7004/788/6800 4878/584/6491
f 1642/685/6584 5038/700/6597 7004/788/6800
f 5038/700/6597 1638/705/6551 4911/789/6801
f 7004/788/6800 4911/789/6801 1560/790/6520
f 4917/786/6798 7005/791/6802 4881/610/6516
f 1644/694/6591 5039/696/6593 7005/791/6802
f 5039/696/6593 1635/635/6536 4908/792/6803
f 7005/791/6802 4908/792/6803 1555/622/6524
f 1554/793/6804 5029/795/6806 7006/794/6805
f 1637/688/6556 5040/687/6585 7006/794/6805
f 5040/687/6585 1643/693/6590 5035/796/6796
f 4874/577/6484 7006/794/6805 5035/796/6796
f 5031/797/6807 7007/798/6808 4877/570/6477
f 1639/663/6564 5041/680/6579 7007/798/6808
f 5041/680/6579 1642/685/6584 5034/787/6799
f 7007/798/6808 5034/787/6799 1552/582/6489
f 5033/799/6809 7008/800/6810 4880/596/6502
f 1641/669/6569 5042/676/6575 7008/800/6810
f 5042/676/6575 1640/658/6559 4913/801/6811
f 7008/800/6810 4913/801/6811 1556/626/6528
f 5028/802/6812 7009/803/6813 4873/632/6534
f 1636/647/6548 5043/670/6570 7009/803/6813
f 5043/670/6570 1630/675/6574 5022/804/6814
f 7009/803/6813 5022/804/6814 1338/253/5584
f 4488/805/6815 7010/806/6816 4883/562/6469
f 1629/286/5617 5044/665/6565 7010/806/6816
f 5044/665/6565 1641/669/6569 5033/799/6809
f 7010/806/6816 5033/799/6809 1561/594/6500
f 4913/801/6811 7011/807/6817 4876/628/6530
f 1640/658/6559 5045/657/6558 7011/807/6817
f 5045/657/6558 1639/663/6564 5031/797/6807
f 7011/807/6817 5031/797/6807 1559/568/6475
f 4911/808/6801 7012/809/6818 4879/618/6522
f 1638/650/6551 5046/649/6550 7012/809/6818
f 5046/649/6550 1637/655/6556 5029/810/6806
f 7012/809/6818 5029/810/6806 1554/811/6804
f 5026/812/6819 7013/813/6820 4872/604/6510
f 1634/641/6542 5047/642/6543 7013/813/6820
f 5047/642/6543 1636/647/6548 5028/802/6812
f 7013/813/6820 5028/802/6812 1557/630/6532
f 4908/792/6803 7014/814/6821 4882/624/6526
f 1635/635/6536 5048/637/6538 7014/814/6821
f 5048/637/6538 1634/641/6542 5026/812/6819
f 7014/814/6821 5026/812/6819 1562/602/6508
f 1344/213/5548 4446/212/5547 7015/815/6822
f 4446/212/5547 1337/211/5546 4492/817/6824
f 7015/815/6822 4492/817/6824 1633/318/5647
f 5024/816/6823 7015/815/6822 5049/333/5659
f 4449/204/5541 7016/820/6826 5023/818/6825
f 1346/819/5571 4484/821/6827 7016/820/6826
f 4484/821/6827 1625/325/5603 5050/324/5653
f 7016/820/6826 5050/324/5653 1631/305/5636
f 4452/232/5567 7017/822/6828 4492/817/6824
f 1341/244/5575 4481/844/6843 7017/822/6828
f 7017/822/6828 4481/844/6843 1622/256/5587
f 4492/817/6824 7017/822/6828 5051/321/5650
f 4445/198/5535 7018/825/6830 5016/823/6829
f 4445/198/5535 1344/1174/5548 5024/824/6823
f 7018/825/6830 5024/824/6823 1632/826/5657
f 7018/825/6830 5052/310/5641 1624/312/5604
f 4448/190/5527 7019/828/6832 5018/827/6831
f 1336/205/5542 5023/818/6825 7019/828/6832
f 5023/818/6825 1631/305/5636 5053/304/5635
f 7019/828/6832 5053/304/5635 1626/281/5612
f 4451/218/5553 7020/830/6834 5020/829/6833
f 1342/249/5580 4486/831/6835 7020/830/6834
f 4486/831/6835 1627/280/5611 5054/300/5631
f 7020/830/6834 5054/300/5631 1628/301/5632
f 1343/255/5586 4444/254/5585 7021/832/6836
f 4444/254/5585 1338/253/5584 5022/834/6814
f 7021/832/6836 5022/834/6814 1630/675/6574
f 5015/833/6837 7021/832/6836 5055/296/5627
f 1339/183/5520 4454/182/5519 7022/835/6838
f 4454/182/5519 1347/181/5518 5020/829/6833
f 7022/835/6838 5020/829/6833 1628/301/5632
f 4488/836/6815 7022/835/6838 5056/289/5620
f 4447/248/5579 7023/837/6839 4486/831/6835
f 1345/191/5528 5018/827/6831 7023/837/6839
f 5018/827/6831 1626/281/5612 5057/278/5609
f 7023/837/6839 5057/278/5609 1627/280/5611
f 4450/239/5570 7024/840/6840 4484/838/6827
f 1340/839/5536 5016/841/6829 7024/840/6840
f 5016/841/6829 1624/273/5604 5058/270/5601
f 7024/840/6840 5058/270/5601 1625/272/5603
f 1348/226/5561 4443/225/5560 7025/842/6841
f 4443/225/5560 1343/255/5586 5015/833/6837
f 7025/842/6841 5015/833/6837 1623/294/5625
f 5013/843/6842 7025/842/6841 5059/266/5597
f 4453/243/5574 7026/845/6844 4481/844/6843
f 1348/226/5561 5013/843/6842 7026/845/6844
f 7026/845/6844 5013/843/6842 1621/264/5595
f 4481/844/6843 7026/845/6844 5060/259/5590
f 5084/846/6845 7027/848/6846 4903/679/6578
f 1668/847/6664 5085/849/6670 7027/848/6846
f 5085/849/6670 1667/860/6656 4939/850/6847
f 7027/848/6846 4939/850/6847 1567/659/6560
f 5082/851/6848 7028/853/6849 4896/673/6573
f 1666/852/6649 5086/854/6665 7028/853/6849
f 5086/854/6665 1657/1184/6669 5073/855/6850
f 7028/853/6849 5073/855/6850 1351/856/5629
f 4515/857/6851 7029/858/6852 4906/667/6567
f 1655/394/5717 5087/859/6660 7029/858/6852
f 5087/859/6660 1668/847/6664 5084/846/6845
f 7029/858/6852 5084/846/6845 1572/677/6576
f 4939/850/6847 7030/861/6853 4899/661/6562
f 1667/860/6656 5088/862/6655 7030/861/6853
f 5088/862/6655 1658/714/6607 4930/863/6854
f 7030/861/6853 4930/863/6854 1570/681/6580
f 5080/864/6855 7031/865/6856 4902/653/6554
f 1664/741/6634 5089/757/6650 7031/865/6856
f 5089/757/6650 1660/762/6613 4932/866/6857
f 7031/865/6856 4932/866/6857 1565/867/6586
f 5081/868/6858 7032/870/6859 4895/645/6546
f 1665/869/6644 5090/871/6645 7032/870/6859
f 5090/871/6645 1666/852/6649 5082/851/6848
f 7032/870/6859 5082/851/6848 1568/671/6571
f 1566/699/6596 5079/873/6861 7033/872/6860
f 5079/873/6861 1663/735/6628 5091/874/6640
f 7033/872/6860 5091/874/6640 1665/869/6644
f 4905/639/6540 7033/872/6860 5081/868/6858
f 1569/875/6588 5077/877/6863 7034/876/6862
f 5077/877/6863 1661/727/6620 5092/878/6636
f 7034/876/6862 5092/878/6636 1662/728/6621
f 4898/710/6603 7034/876/6862 4934/879/6864
f 5075/880/6865 7035/882/6866 4901/703/6600
f 1659/881/6612 5093/883/6629 7035/882/6866
f 5093/883/6629 1664/1185/6634 5080/884/6855
f 7035/882/6866 5080/884/6855 1571/885/6552
f 1564/711/6604 4934/879/6864 7036/886/6867
f 4934/879/6864 1662/728/6621 5094/887/6623
f 7036/886/6867 5094/887/6623 1663/735/6628
f 4904/698/6595 7036/886/6867 5079/873/6861
f 4932/888/6857 7037/890/6869 4897/889/6868
f 4932/888/6857 1660/720/6613 5095/722/6615
f 7037/890/6869 5095/722/6615 1661/727/6620
f 4897/889/6868 7037/890/6869 5077/891/6863
f 4930/863/6854 7038/892/6870 4900/683/6582
f 1658/714/6607 5096/893/6606 7038/892/6870
f 5096/893/6606 1659/881/6612 5075/880/6865
f 7038/892/6870 5075/880/6865 1563/701/6598
f 4476/303/5634 7039/895/6872 5072/894/6871
f 1355/285/5616 4514/896/6873 7039/895/6872
f 4514/896/6873 1654/390/5713 5097/897/5731
f 7039/895/6872 5097/897/5731 1656/898/5732
f 1356/268/5599 4469/299/5630 7040/899/6874
f 4469/299/5630 1351/298/5629 5073/901/6850
f 7040/899/6874 5073/901/6850 1657/902/6669
f 5069/900/6875 7040/899/6874 5098/903/5727
f 1352/293/5624 4479/292/5623 7041/905/6876
f 4479/292/5623 1360/291/5622 5072/894/6871
f 7041/905/6876 5072/894/6871 1656/898/5732
f 4515/906/6851 7041/905/6876 5099/397/5720
f 4472/284/5615 7042/907/6877 4514/896/6873
f 1358/309/5640 4505/908/6878 7042/907/6877
f 4505/908/6878 1645/338/5663 5100/909/5711
f 7042/907/6877 5100/909/5711 1654/390/5713
f 4475/276/5607 7043/912/6880 5067/910/6879
f 1353/911/5646 4507/913/6881 7043/912/6880
f 4507/913/6881 1647/383/5669 5101/382/5707
f 7043/912/6880 5101/382/5707 1651/361/5686
f 1361/261/5592 4468/269/5600 7044/914/6882
f 4468/269/5600 1356/268/5599 5069/900/6875
f 7044/914/6882 5069/900/6875 1653/904/5725
f 5068/915/6883 7044/914/6882 5102/916/5703
f 1354/263/5594 4478/262/5593 7045/917/6884
f 4478/262/5593 1361/261/5592 5068/915/6883
f 7045/917/6884 5068/915/6883 1652/376/5701
f 5066/918/6885 7045/917/6884 5103/919/5697
f 1357/335/5644 4471/334/5660 7046/921/6886
f 4471/334/5660 1350/323/5652 4509/923/6888
f 7046/921/6886 4509/923/6888 1649/924/5677
f 5064/922/6887 7046/921/6886 5104/368/5693
f 4474/328/5655 7047/928/6890 5062/926/6889
f 1359/927/5608 5067/929/6879 7047/928/6890
f 5067/929/6879 1651/361/5686 5105/930/5685
f 7047/928/6890 5105/930/5685 1646/339/5664
f 1350/323/5652 4477/322/5651 7048/931/6891
f 4477/322/5651 1354/263/5594 5066/918/6885
f 7048/931/6891 5066/918/6885 1650/920/5695
f 4509/923/6888 7048/931/6891 5106/355/5680
f 4470/316/5645 7049/934/6892 4507/932/6881
f 4470/316/5645 1357/315/5644 5064/933/6887
f 7049/934/6892 5064/933/6887 1648/366/5691
f 4507/932/6881 7049/934/6892 5107/347/5672
f 4473/308/5639 7050/935/6893 4505/908/6878
f 1349/329/5656 5062/926/6889 7050/935/6893
f 5062/926/6889 1646/339/5664 5108/936/5661
f 7050/935/6893 5108/936/5661 1645/338/5663
f 5130/937/6894 7051/940/6897 4551/938/6895
f 1690/606/6512 5133/629/6531 7051/940/6897
f 5133/629/6531 1681/634/6535 5121/941/6898
f 7051/940/6897 5121/941/6898 1156/942/6899
f 5129/943/6900 7052/946/6903 4554/944/6901
f 1689/598/6504 5134/625/6527 7052/946/6903
f 5134/625/6527 1684/567/6474 4886/947/6904
f 7052/946/6903 4886/947/6904 1420/948/6905
f 1398/949/6906 5132/952/6909 7053/950/6907
f 1692/612/6518 5135/621/6523 7053/950/6907
f 5135/621/6523 1691/601/6507 4893/953/6910
f 4821/951/6908 7053/950/6907 4893/953/6910
f 1421/955/6912 5127/958/6915 7054/956/6913
f 1687/615/6493 5136/614/6519 7054/956/6913
f 7054/956/6913 5136/614/6519 1686/620/6480
f 4557/957/6914 7054/956/6913 4888/959/6916
f 5128/961/6918 7055/964/6921 4713/962/6919
f 1688/592/6498 5137/607/6513 7055/964/6921
f 5137/607/6513 1692/612/6518 5132/952/6909
f 4713/962/6919 7055/964/6921 5132/952/6909
f 1533/954/6911 4893/953/6910 7056/965/6922
f 1691/601/6507 5138/600/6506 7056/965/6922
f 5138/600/6506 1690/606/6512 5130/937/6894
f 7056/965/6922 5130/937/6894 1418/939/6896
f 5122/967/6924 7057/970/6927 4560/968/6925
f 1682/564/6471 5139/593/6499 7057/970/6927
f 5139/593/6499 1689/598/6504 5129/943/6900
f 7057/970/6927 5129/943/6900 1399/945/6902
f 1419/971/6928 5125/974/6931 7058/972/6929
f 5125/974/6931 1685/580/6487 5140/588/6495
f 7058/972/6929 5140/588/6495 1688/592/6498
f 4553/973/6930 7058/972/6929 5128/961/6918
f 5123/975/6932 7059/978/6935 4556/976/6933
f 1683/572/6479 5141/581/6488 7059/978/6935
f 5141/581/6488 1687/586/6493 5127/979/6915
f 7059/978/6935 5127/979/6915 1421/980/6912
f 1397/981/6917 4888/984/6916 7060/982/6936
f 4888/984/6916 1686/573/6480 5142/575/6482
f 7060/982/6936 5142/575/6482 1685/580/6487
f 4552/983/6937 7060/982/6936 5125/974/6931
f 4886/947/6904 7061/987/6939 4555/986/6938
f 1684/567/6474 5143/566/6473 7061/987/6939
f 5143/566/6473 1683/572/6479 5123/975/6932
f 7061/987/6939 5123/975/6932 1395/977/6934
f 4456/988/6940 7062/991/6943 4822/989/6941
f 1670/559/5513 5144/558/6467 7062/991/6943
f 5144/558/6467 1682/564/6471 5122/967/6924
f 7062/991/6943 5122/967/6924 1425/969/6926
f 4099/992/6944 7063/996/6947 5118/993/6945
f 1156/995/6899 5121/997/6898 7063/996/6947
f 5121/997/6898 1681/1175/6535 5145/250/5581
f 7063/996/6947 5145/250/5581 1678/222/5557
f 4102/998/6948 7064/1002/6952 5117/999/6949
f 1189/1001/6951 4458/1003/6953 7064/1002/6952
f 4458/1003/6953 1672/186/5523 5146/245/5576
f 7064/1002/6952 5146/245/5576 1677/246/5577
f 4391/1004/6954 7065/1008/6958 5120/1005/6955
f 1317/1007/6957 4465/1009/6959 7065/1008/6958
f 4465/1009/6959 1679/221/5556 5147/241/5572
f 7065/1008/6958 5147/241/5572 1680/229/5564
f 4105/1010/6960 7066/1014/6964 5115/1011/6961
f 1158/1013/6963 4460/1015/6965 7066/1014/6964
f 4460/1015/6965 1674/236/5531 5148/233/5568
f 7066/1014/6964 5148/233/5568 1675/235/5538
f 1155/1016/6966 4275/1019/6969 7067/1017/6967
f 1159/1006/6956 5120/1005/6955 7067/1017/6967
f 5120/1005/6955 1680/229/5564 5149/227/5562
f 7067/1017/6967 5149/227/5562 1676/228/5563
f 4098/1020/6970 7068/1021/6971 4465/1009/6959
f 1187/994/6946 5118/993/6945 7068/1021/6971
f 5118/993/6945 1678/222/5557 5150/219/5554
f 7068/1021/6971 5150/219/5554 1679/221/5556
f 1194/1022/6972 4108/1025/6975 7069/1023/6973
f 4108/1025/6975 1160/1000/6950 5117/999/6949
f 7069/1023/6973 5117/999/6949 1677/246/5577
f 5109/1024/6974 7069/1023/6973 5151/216/5551
f 4101/1026/6976 7070/1029/6979 5113/1027/6977
f 4101/1026/6976 1155/1016/6966 5116/1018/6968
f 5116/1018/6968 1676/228/5563 5152/209/5544
f 7070/1029/6979 5152/209/5544 1673/206/5532
f 4104/1030/6980 7071/1034/6983 5111/1031/6981
f 1190/1033/6962 5115/1035/6961 7071/1034/6983
f 5115/1035/6961 1675/201/5538 5153/200/5537
f 7071/1034/6983 5153/200/5537 1671/187/5524
f 4100/1036/6984 7072/1040/6985 4460/1037/6965
f 1188/1039/6978 5113/1041/6977 7072/1040/6985
f 5113/1041/6977 1673/195/5532 5154/192/5529
f 7072/1040/6985 5154/192/5529 1674/194/5531
f 4103/1042/6986 7073/1043/6987 4458/1003/6953
f 1154/1032/6982 5111/1031/6981 7073/1043/6987
f 5111/1031/6981 1671/187/5524 5155/184/5521
f 7073/1043/6987 5155/184/5521 1672/186/5523
f 1157/990/6942 4392/1045/6989 7074/1044/6988
f 4392/1045/6989 1194/1022/6972 5109/1024/6974
f 7074/1044/6988 5109/1024/6974 1669/214/5549
f 4456/988/6940 7074/1044/6988 5156/179/5516
f 1157/1046/6942 4822/1049/6941 7075/1047/6990
f 4822/1049/6941 1425/1059/6926 5179/1050/6992
f 7075/1047/6990 5179/1050/6992 1715/471/5934
f 4097/1048/6991 7075/1047/6990 5181/1051/6398
f 1398/1052/6906 4821/951/6908 7076/1053/6993
f 1533/1055/6911 4833/1056/6995 7076/1053/6993
f 4833/1056/6995 1716/1094/5888 5182/1057/6390
f 4559/1054/6994 7076/1053/6993 5182/1057/6390
f 1425/1059/6926 4560/1061/6925 7077/1060/6996
f 4560/1061/6925 1399/1108/6902 4561/1062/6997
f 7077/1060/6996 4561/1062/6997 1710/1063/5830
f 5179/1050/6992 7077/1060/6996 5183/1064/5937
f 1396/1065/6920 4713/962/6919 7078/1066/6998
f 4713/962/6919 1398/1052/6906 4559/1054/6994
f 4559/1054/6994 1709/1058/6391 5184/1068/5925
f 4549/1067/6999 7078/1066/6998 5184/1068/5925
f 4557/1070/6914 7079/1073/7001 5178/1071/7000
f 1397/960/6917 4558/1074/7002 7079/1073/7001
f 4558/1074/7002 1708/462/5862 5185/460/5918
f 7079/1073/7001 5185/460/5918 1714/461/5919
f 1395/1075/6934 4556/1078/6933 7080/1076/7003
f 4556/1078/6933 1421/1186/6912 5178/1079/7000
f 7080/1076/7003 5178/1079/7000 1714/1080/5919
f 4548/1077/7004 7080/1076/7003 5186/1081/5914
f 1418/1083/6896 4551/1086/6895 7081/1084/7005
f 4551/1086/6895 1156/1148/6899 5159/1087/7007
f 7081/1084/7005 5159/1087/7007 1695/1088/4906
f 5177/1085/7006 7081/1084/7005 5187/1089/5897
f 1533/1055/6911 4550/1092/6923 7082/1091/7008
f 4550/1092/6923 1418/1083/6896 5177/1085/7006
f 7082/1091/7008 5177/1085/7006 1713/1090/5895
f 4833/1056/6995 7082/1091/7008 5188/1093/5891
f 4553/973/6930 7083/1097/7010 5176/1095/7009
f 1396/1065/6920 4549/1067/6999 7083/1097/7010
f 4549/1067/6999 1707/1069/5869 5189/1098/5868
f 7083/1097/7010 5189/1098/5868 1712/1099/5863
f 4552/983/6937 7084/1101/7011 4558/1100/7002
f 1419/985/6928 5176/1102/7009 7084/1101/7011
f 5176/1102/7009 1712/429/5863 5190/426/5860
f 7084/1101/7011 5190/426/5860 1708/428/5862
f 1420/1103/6905 4555/1106/6938 7085/1104/7012
f 4555/1106/6938 1395/1075/6934 4548/1077/7004
f 7085/1104/7012 4548/1077/7004 1706/1082/5912
f 5175/1105/7013 7085/1104/7012 5191/1107/5840
f 1399/1108/6902 4554/1110/6901 7086/1109/7014
f 4554/1110/6901 1420/1103/6905 5175/1105/7013
f 7086/1109/7014 5175/1105/7013 1711/420/5838
f 4561/1062/6997 7086/1109/7014 5192/1111/5833
f 4097/1112/6991 7087/1114/7015 4392/1113/6989
f 1696/482/5433 5193/1115/5432 7087/1114/7015
f 5193/1115/5432 1704/1124/4945 5168/1116/7016
f 7087/1114/7015 5168/1116/7016 1194/1022/6972
f 1159/1117/6956 4107/1120/7018 7088/1118/7017
f 4107/1120/7018 1698/1187/4938 5194/1121/5426
f 5194/1121/5426 1705/1188/4893 4403/1122/7019
f 7088/1118/7017 4403/1122/7019 1317/1123/6957
f 5168/1116/7016 7089/1125/7020 4108/1025/6975
f 1704/1124/4945 5195/1126/4944 7089/1125/7020
f 5195/1126/4944 1699/1189/4835 4109/1127/7021
f 7089/1125/7020 4109/1127/7021 1160/1000/6950
f 1155/1016/6966 4095/1130/7023 7090/1128/7022
f 4095/1130/7023 1694/1156/4878 5196/1131/4934
f 5196/1131/4934 1698/1187/4938 4107/1120/7018
f 7090/1128/7022 4107/1120/7018 1159/1117/6956
f 5167/1132/7024 7091/1135/7025 4105/1133/6960
f 1703/75/4925 5197/76/4926 7091/1135/7025
f 5197/76/4926 1697/80/4867 4106/1136/7026
f 7091/1135/7025 4106/1136/7026 1158/1013/6963
f 1154/1032/6982 4094/1138/7028 7092/1137/7027
f 4094/1138/7028 1693/1163/4848 5198/71/4921
f 7092/1137/7027 5198/71/4921 1703/1139/4925
f 4104/1030/6980 7092/1137/7027 5167/1140/7024
f 1187/1142/6946 5166/1145/7030 7093/1143/7029
f 5166/1145/7030 1702/1151/4900 5199/1146/4901
f 5199/1146/4901 1695/1088/4906 5159/1147/7007
f 4099/1144/6944 7093/1143/7029 5159/1147/7007
f 1317/1123/6957 4403/1122/7019 7094/1149/7031
f 4403/1122/7019 1705/1188/4893 5200/1150/4895
f 7094/1149/7031 5200/1150/4895 1702/1151/4900
f 4098/1020/6970 7094/1149/7031 5166/1145/7030
f 1188/1028/6978 5165/1155/7033 7095/1152/7032
f 1701/1154/4872 5201/1190/4873 7095/1152/7032
f 7095/1152/7032 5201/1190/4873 1694/1156/4878
f 4101/1153/6976 7095/1152/7032 4095/1130/7023
f 4106/1157/7026 7096/1159/7034 4100/1158/6984
f 1697/44/4867 5202/43/4866 7096/1159/7034
f 5202/43/4866 1701/49/4872 5165/1155/7033
f 7096/1159/7034 5165/1155/7033 1188/1039/6978
f 1189/1001/6951 5164/1162/7036 7097/1160/7035
f 5164/1162/7036 1700/1166/4842 5203/37/4844
f 7097/1160/7035 5203/37/4844 1693/1163/4848
f 4103/1161/6986 7097/1160/7035 4094/1138/7028
f 1160/1000/6950 4109/1127/7021 7098/1164/7037
f 4109/1127/7021 1699/1189/4835 5204/30/4837
f 7098/1164/7037 5204/30/4837 1700/1166/4842
f 4102/1165/6948 7098/1164/7037 5164/1162/7036
f 1508/1/6078 4747/4/6077 7099/2/7038
f 4747/4/6077 1209/1/6076 4358/3/7039
f 7099/2/7038 4358/3/7039 1728/1/5512
f 4748/3/5946 7099/2/7038 5229/4/6466
f 1488/7/5900 5223/6/7041 7100/5/7040
f 5223/6/7041 1735/5/5911 5230/6/6396
f 7100/5/7040 5230/6/6396 1740/5/5874
f 4664/5/5893 7100/5/7040 5228/6/7042
f 5224/6/7043 7101/5/7044 4656/5/5836
f 1736/5/5859 5231/6/6355 7101/5/7044
f 5231/6/6355 1730/5/5942 4571/6/7045
f 7101/5/7044 4571/6/7045 1426/7/5837
f 4571/6/7045 7102/5/7046 4671/5/5938
f 1730/5/5942 5232/6/5941 7102/5/7046
f 5232/6/5941 1739/5/5947 5227/6/6465
f 7102/5/7046 5227/6/6465 1490/7/5939
f 1423/7/6394 4576/6/7048 7103/5/7047
f 4576/6/7048 1732/5/5881 5233/6/5931
f 7103/5/7047 5233/6/5931 1731/5/5882
f 4712/5/5928 7103/5/7047 4573/6/7049
f 1422/7/5867 5221/6/7051 7104/5/7050
f 5221/6/7051 1733/5/5851 5234/6/5923
f 5234/6/5923 1737/5/5903 5225/6/7052
f 4666/5/5921 7104/5/7050 5225/6/7052
f 5208/6/7053 7105/5/7054 4662/5/5899
f 1720/5/4913 5235/6/5908 7105/5/7054
f 7105/5/7054 5235/6/5908 1735/5/5911
f 4662/5/5899 7105/5/7054 5223/6/7041
f 5225/6/7052 7106/5/7055 4668/5/5917
f 1737/5/5903 5236/6/5902 7106/5/7055
f 5236/6/5902 1734/5/5854 5222/6/7056
f 7106/5/7055 5222/6/7056 1416/7/5842
f 1417/7/5929 4573/6/7049 7107/5/7057
f 4573/6/7049 1731/5/5882 5237/6/5884
f 7107/5/7057 5237/6/5884 1738/5/5844
f 4658/5/5872 7107/5/7057 5226/6/7058
f 1536/7/5894 5228/6/7042 7108/5/7059
f 5228/6/7042 1740/5/5874 5238/6/5876
f 7108/5/7059 5238/6/5876 1732/5/5881
f 4825/5/6393 7108/5/7059 4576/6/7048
f 5222/6/7056 7109/5/7060 4654/5/5843
f 1734/5/5854 5239/6/5853 7109/5/7060
f 5239/6/5853 1736/5/5859 5224/6/7043
f 7109/5/7060 5224/6/7043 1486/7/5835
f 1487/7/5873 5226/6/7058 7110/5/7061
f 5226/6/7058 1738/5/5844 5240/6/5846
f 7110/5/7061 5240/6/5846 1733/5/5851
f 4660/5/5866 7110/5/7061 5221/6/7051
f 4312/4/4954 7111/2/7062 4311/3/5095
f 1727/1/4952 5241/3/5508 7111/2/7062
f 5241/3/5508 1728/1/5512 4358/4/7039
f 7111/2/7062 4358/4/7039 1209/1/6076
f 1267/7/4902 4226/5/4898 7112/5/7063
f 1320/7/4896 5217/6/7065 7112/5/7063
f 5217/6/7065 1729/5/4879 5242/6/5430
f 5211/6/7064 7112/5/7063 5242/6/5430
f 4218/5/4839 7113/5/7068 5212/6/7066
f 1195/7/7067 4119/6/7069 7113/5/7068
f 4119/6/7069 1717/5/4951 5243/6/5383
f 7113/5/7068 5243/6/5383 1724/5/4860
f 1195/7/7067 4233/5/4948 7114/5/7070
f 4233/5/4948 1269/7/4946 5215/6/5507
f 5215/6/5507 1727/5/4952 5244/6/4949
f 4119/6/7069 7114/5/7070 5244/6/4949
f 1192/7/7071 4274/5/4936 7115/5/7072
f 4274/5/4936 1184/7/4935 4123/6/7074
f 7115/5/7072 4123/6/7074 1718/5/4887
f 4126/6/7073 7115/5/7072 5245/6/4941
f 1191/7/4868 4228/5/4928 7116/5/7075
f 4228/5/4928 1268/7/4923 5213/6/7077
f 7116/5/7075 5213/6/7077 1725/5/4907
f 5209/6/7076 7116/5/7075 5246/6/4931
f 1185/7/5898 4224/5/4904 7117/5/7078
f 4224/5/4904 1267/7/4902 5211/6/7064
f 7117/5/7078 5211/6/7064 1723/5/5428
f 5208/6/7053 7117/5/7078 5247/6/4916
f 1268/7/4923 4230/5/4922 7118/5/7079
f 1183/7/4846 5210/6/7080 7118/5/7079
f 5210/6/7080 1722/5/4859 5248/6/4910
f 5213/6/7077 7118/5/7079 5248/6/4910
f 1184/7/4935 4220/5/4876 7119/5/7081
f 4220/5/4876 1266/7/4874 5214/6/7082
f 7119/5/7081 5214/6/7082 1726/5/4849
f 4123/6/7074 7119/5/7081 5249/6/4890
f 1320/7/4896 4395/5/5427 7120/5/7083
f 4395/5/5427 1192/7/7071 4126/6/7073
f 7120/5/7083 4126/6/7073 1719/5/4939
f 5217/6/7065 7120/5/7083 5250/6/4882
f 4216/5/4845 7121/5/7084 5210/6/7080
f 1265/7/4840 5212/6/7066 7121/5/7084
f 5212/6/7066 1724/5/4860 5251/6/4857
f 7121/5/7084 5251/6/4857 1722/5/4859
f 1266/7/4874 4222/5/4870 7122/5/7085
f 4222/5/4870 1191/7/4868 5209/6/7076
f 7122/5/7085 5209/6/7076 1721/5/4929
f 5214/6/7082 7122/5/7085 5252/6/4852
f 20/1/8 1878/4/7 7123/2/7086
f 18/1/7087 5266/3/145 7123/2/7086
f 7123/2/7086 5266/3/145 1754/1/147
f 5267/3/123 7123/2/7086 5268/4/219
f 1891/6/7088 7124/5/7091 1897/5/7089
f 1750/5/116 5269/6/180 7124/5/7091
f 5269/6/180 1741/5/119 5253/6/7092
f 7124/5/7091 5253/6/7092 28/7/7093
f 23/7/7094 1892/6/7097 7125/5/7095
f 1892/6/7097 1751/5/108 5270/6/176
f 7125/5/7095 5270/6/176 1742/5/111
f 1898/5/7096 7125/5/7095 5254/6/7098
f 24/7/7100 1893/6/7103 7126/5/7101
f 1893/6/7103 1752/5/158 5271/6/173
f 7126/5/7101 5271/6/173 1744/5/162
f 1900/5/7102 7126/5/7101 5256/6/7104
f 25/7/7106 1894/6/7109 7127/5/7107
f 1894/6/7109 1753/5/139 5272/6/169
f 7127/5/7107 5272/6/169 1745/5/102
f 1901/5/7108 7127/5/7107 5257/6/7110
f 31/7/7105 5256/6/7104 7128/5/7112
f 5256/6/7104 1744/5/162 5273/6/164
f 7128/5/7112 5273/6/164 1746/5/140
f 1902/5/7113 7128/5/7112 5258/6/7114
f 5255/6/7116 7129/5/7119 1903/5/7117
f 1743/5/24 5274/6/160 7129/5/7119
f 5274/6/160 1747/5/153 5259/6/7120
f 7129/5/7119 5259/6/7120 34/7/7121
f 5259/6/7120 7130/5/7123 1904/5/7122
f 1747/5/153 5275/6/152 7130/5/7123
f 5275/6/152 1752/5/158 1893/6/7103
f 7130/5/7123 1893/6/7103 24/7/7100
f 1895/6/220 7131/5/7125 1905/5/7124
f 1754/5/147 5276/6/146 7131/5/7125
f 5276/6/146 1749/5/19 1890/6/7126
f 7131/5/7125 1890/6/7126 21/7/7127
f 33/7/7115 5258/6/7114 7132/5/7128
f 5258/6/7114 1746/5/140 5277/6/142
f 7132/5/7128 5277/6/142 1748/5/134
f 1906/5/7129 7132/5/7128 5260/6/7130
f 35/7/7131 5260/6/7130 7133/5/7132
f 1748/5/134 5278/6/133 7133/5/7132
f 7133/5/7132 5278/6/133 1753/5/139
f 1907/5/7133 7133/5/7132 1894/6/7109
f 5253/6/7092 7134/5/7135 1909/5/7134
f 1741/5/119 5279/6/118 7134/5/7135
f 5279/6/118 1755/5/124 1896/6/218
f 7134/5/7135 1896/6/218 27/7/223
f 29/7/7099 5254/6/7098 7135/5/7136
f 1742/5/111 5280/6/110 7135/5/7136
f 5280/6/110 1750/5/116 1891/6/7088
f 7135/5/7136 1891/6/7088 22/7/7090
f 32/7/7111 5257/6/7110 7136/5/7138
f 5257/6/7110 1745/5/102 5281/6/104
f 7136/5/7138 5281/6/104 1751/5/108
f 1911/5/7139 7136/5/7138 1892/6/7097
f 1890/6/7126 7137/5/7141 1899/5/7140
f 1749/5/19 5282/6/18 7137/5/7141
f 5282/6/18 1743/5/24 5255/6/7116
f 7137/5/7141 5255/6/7116 30/7/7118
f 1862/4/7142 7138/2/7143 1888/3/183
f 1757/1/209 5298/3/270 7138/2/7143
f 5298/3/270 1763/1/212 5290/4/7144
f 7138/2/7143 5290/4/7144 7/1/120
f 1864/4/7145 7139/2/7146 1887/3/179
f 1758/1/202 5299/3/267 7139/2/7146
f 5299/3/267 1764/1/205 5291/4/7147
f 7139/2/7146 5291/4/7147 9/1/112
f 1867/4/7148 7140/2/7150 1886/3/174
f 1867/4/7148 1759/1/248 5300/3/264
f 7140/2/7150 5300/3/264 1766/1/253
f 1886/3/174 7140/2/7150 5293/4/7151
f 1869/4/7152 7141/2/7154 1885/3/7153
f 1869/4/7152 1760/1/231 5301/3/260
f 7141/2/7154 5301/3/260 1767/1/195
f 1885/3/7153 7141/2/7154 5294/4/7155
f 12/1/175 5293/4/7151 7142/2/7156
f 5293/4/7151 1766/1/253 5302/3/255
f 7142/2/7156 5302/3/255 1768/1/234
f 1884/3/166 7142/2/7156 5295/4/7157
f 11/1/22 5292/4/7159 7143/2/7158
f 5292/4/7159 1765/1/191 5303/3/249
f 5303/3/249 1769/1/243 5296/4/7160
f 7143/2/7158 5296/4/7160 17/1/154
f 5296/4/7160 7144/2/7161 1882/3/156
f 1769/1/243 5304/3/242 7144/2/7161
f 5304/3/242 1759/1/248 1867/4/7148
f 7144/2/7161 1867/4/7148 13/1/7149
f 18/1/7087 1872/4/6 7145/2/7162
f 1872/4/6 1761/1/4 5305/3/238
f 7145/2/7162 5305/3/238 1756/1/186
f 1881/3/148 7145/2/7162 1860/4/7163
f 16/1/167 5295/4/7157 7146/2/7164
f 5295/4/7157 1768/1/234 5306/3/233
f 5306/3/233 1770/1/226 5297/4/7165
f 7146/2/7164 5297/4/7165 19/1/135
f 5297/4/7165 7147/2/7166 1879/3/137
f 1770/1/226 5307/3/225 7147/2/7166
f 5307/3/225 1760/1/231 1869/4/7152
f 7147/2/7166 1869/4/7152 15/1/170
f 5290/4/7144 7148/2/7167 1877/3/122
f 1763/1/212 5308/3/211 7148/2/7167
f 5308/3/211 1762/1/1 1874/4/3
f 7148/2/7167 1874/4/3 20/1/8
f 5291/4/7147 7149/2/7168 1876/3/114
f 1764/1/205 5309/3/204 7149/2/7168
f 5309/3/204 1757/1/209 1862/4/7142
f 7149/2/7168 1862/4/7142 8/1/181
f 14/1/171 5294/4/7155 7150/2/7169
f 5294/4/7155 1767/1/195 5310/3/197
f 5310/3/197 1758/1/202 1864/4/7145
f 7150/2/7169 1864/4/7145 10/1/177
f 6/1/150 1860/4/7163 7151/2/7170
f 1860/4/7163 1756/1/186 5311/3/185
f 7151/2/7170 5311/3/185 1765/1/191
f 1889/3/20 7151/2/7170 5292/4/7159
f 50/1/131 1930/4/130 7152/2/7171
f 1930/4/130 49/1/129 5288/3/237
f 7152/2/7171 5288/3/237 1761/1/4
f 5289/3/216 7152/2/7171 5312/4/5
f 284/1/7172 5327/4/1276 7153/2/7173
f 5327/4/1276 1785/1/1274 5328/3/1374
f 7153/2/7173 5328/3/1374 1784/1/1301
f 7153/2/7173 5326/4/1300 282/1/1304
f 2416/5/7174 7154/5/7178 2410/6/7175
f 292/7/7177 5313/6/7179 7154/5/7178
f 5313/6/7179 1771/5/1273 5329/6/1336
f 7154/5/7178 5329/6/1336 1780/5/1266
f 287/7/7180 2417/5/7183 7155/5/7181
f 2417/5/7183 293/7/7221 5314/6/7184
f 7155/5/7181 5314/6/7184 1772/5/1265
f 2411/6/7182 7155/5/7181 5330/6/1331
f 288/7/7185 2419/5/7188 7156/5/7186
f 2419/5/7188 295/7/7195 5316/6/7189
f 7156/5/7186 5316/6/7189 1774/5/1317
f 2412/6/7187 7156/5/7186 5331/6/1328
f 289/7/7190 2420/5/7193 7157/5/7191
f 2420/5/7193 296/7/7224 5317/6/7194
f 7157/5/7191 5317/6/7194 1775/5/1256
f 2413/6/7192 7157/5/7191 5332/6/1324
f 295/7/7195 2421/5/7197 7158/5/7196
f 2421/5/7197 297/7/7211 5318/6/7198
f 7158/5/7196 5318/6/7198 1776/5/1293
f 5316/6/7189 7158/5/7196 5333/6/1320
f 2422/5/7199 7159/5/7203 5315/6/7200
f 298/7/7202 5319/6/7204 7159/5/7203
f 5319/6/7204 1777/5/1307 5334/6/1315
f 7159/5/7203 5334/6/1315 1773/5/1313
f 2423/5/7205 7160/5/7206 5319/6/7204
f 288/7/7185 2412/6/7187 7160/5/7206
f 2412/6/7187 1782/5/1308 5335/6/1305
f 7160/5/7206 5335/6/1305 1777/5/1307
f 2424/5/7207 7161/5/7209 2414/6/1378
f 285/7/7208 2409/6/7210 7161/5/7209
f 2409/6/7210 1779/5/1172 5336/6/1299
f 7161/5/7209 5336/6/1299 1784/5/1301
f 297/7/7211 2425/5/7213 7162/5/7212
f 2425/5/7213 299/7/7215 5320/6/7214
f 7162/5/7212 5320/6/7214 1778/5/1287
f 5318/6/7198 7162/5/7212 5337/6/1296
f 299/7/7215 2426/5/7217 7163/5/7216
f 2426/5/7217 289/7/7190 2413/6/7192
f 7163/5/7216 2413/6/7192 1783/5/1288
f 7163/5/7216 5338/6/1285 1778/5/1287
f 2428/5/7218 7164/5/7220 5313/6/7179
f 291/7/7219 2415/6/1375 7164/5/7220
f 2415/6/1375 1785/5/1274 5339/6/1271
f 7164/5/7220 5339/6/1271 1771/5/1273
f 293/7/7221 2429/5/7223 7165/5/7222
f 286/7/7176 2410/6/7175 7165/5/7222
f 2410/6/7175 1780/5/1266 5340/6/1263
f 7165/5/7222 5340/6/1263 1772/5/1265
f 296/7/7224 2430/5/7226 7166/5/7225
f 2430/5/7226 287/7/7180 2411/6/7182
f 7166/5/7225 2411/6/7182 1781/5/1332
f 5317/6/7194 7166/5/7225 5341/6/1259
f 2418/5/7227 7167/5/7228 2409/6/7210
f 294/7/7201 5315/6/7200 7167/5/7228
f 5315/6/7200 1773/5/1313 5342/6/1170
f 7167/5/7228 5342/6/1170 1779/5/1172
f 2407/4/1338 7168/2/7230 2381/3/7229
f 271/1/1278 5350/3/7231 7168/2/7230
f 5350/3/7231 1793/1/1368 5358/4/1428
f 7168/2/7230 5358/4/1428 1787/1/1361
f 2406/4/1334 7169/2/7233 2383/3/7232
f 273/1/1270 5351/3/7234 7169/2/7233
f 5351/3/7234 1794/1/1360 5359/4/1424
f 7169/2/7233 5359/4/1424 1788/1/1425
f 2405/4/1329 7170/2/7237 2386/3/7235
f 2405/4/1329 276/1/1322 5353/3/7236
f 7170/2/7237 5353/3/7236 1796/1/1410
f 2386/3/7235 7170/2/7237 5360/4/1421
f 2404/4/1325 7171/2/7240 2388/3/7238
f 2404/4/1325 278/1/1262 5354/3/7239
f 7171/2/7240 5354/3/7239 1797/1/1350
f 2388/3/7238 7171/2/7240 5361/4/1418
f 276/1/1322 2403/4/1321 7172/2/7241
f 2403/4/1321 280/1/1298 5355/3/7242
f 7172/2/7241 5355/3/7242 1798/1/1389
f 5353/3/7236 7172/2/7241 5362/4/1413
f 275/1/1175 2402/4/1316 7173/2/7243
f 281/1/1312 5356/3/7245 7173/2/7243
f 5356/3/7245 1799/1/1399 5363/4/1405
f 5352/3/7244 7173/2/7243 5363/4/1405
f 2401/4/1311 7174/2/7246 5356/3/7245
f 277/1/1330 2386/3/7235 7174/2/7246
f 2386/3/7235 1789/1/1400 5364/4/1397
f 7174/2/7246 5364/4/1397 1799/1/1399
f 282/1/1304 2400/4/1303 7175/2/7247
f 2400/4/1303 270/1/1177 2379/3/7248
f 7175/2/7247 2379/3/7248 1786/1/1342
f 2391/3/1160 7175/2/7247 5365/4/1393
f 280/1/1298 2399/4/1297 7176/2/7249
f 283/1/1292 5357/3/7250 7176/2/7249
f 5357/3/7250 1800/1/1381 5366/4/1387
f 5355/3/7242 7176/2/7249 5366/4/1387
f 2398/4/1291 7177/2/7251 5357/3/7250
f 279/1/1326 2388/3/7238 7177/2/7251
f 2388/3/7238 1790/1/1382 5367/4/1379
f 7177/2/7251 5367/4/1379 1800/1/1381
f 2396/4/1277 7178/2/7252 5350/3/7231
f 284/1/7172 2393/3/1158 7178/2/7252
f 2393/3/1158 1792/1/1155 5368/4/1366
f 7178/2/7252 5368/4/1366 1793/1/1368
f 2395/4/1269 7179/2/7253 5351/3/7234
f 272/1/1339 2381/3/7229 7179/2/7253
f 2381/3/7229 1787/1/1361 5369/4/1358
f 7179/2/7253 5369/4/1358 1794/1/1360
f 278/1/1262 2394/4/1261 7180/2/7254
f 274/1/1335 2383/3/7232 7180/2/7254
f 2383/3/7232 1788/1/1425 5370/4/1353
f 5354/3/7239 7180/2/7254 5370/4/1353
f 270/1/1177 2408/4/1176 7181/2/7255
f 2408/4/1176 275/1/1175 5352/3/7244
f 7181/2/7255 5352/3/7244 1795/1/1406
f 2379/3/7248 7181/2/7255 5371/4/1340
f 314/1/1441 5349/4/1370 7182/2/7256
f 5349/4/1370 1792/1/1155 5372/3/1157
f 7182/2/7256 5372/3/1157 1791/1/1161
f 2449/3/1282 7182/2/7256 5348/4/1394
f 3532/5/7257 7183/5/7261 3527/6/7258
f 3532/5/7257 865/7/7279 5373/6/7260
f 7183/5/7261 5373/6/7260 1801/5/7262
f 7183/5/7261 5397/6/7263 1816/5/7264
f 1816/1/7264 5397/4/7263 7184/1167/7265
f 5397/4/7263 1801/1/7262 5374/3/7267
f 7184/1167/7265 5374/3/7267 1802/1/3647
f 5388/3/7266 7184/1167/7265 5398/24/3659
f 873/7/7268 3533/5/7271 7185/5/7269
f 3533/5/7271 866/7/7287 5375/6/7272
f 7185/5/7269 5375/6/7272 1803/5/7273
f 3528/6/7270 7185/5/7269 5399/6/7274
f 5399/4/7274 7186/5/7277 5390/3/7276
f 1803/1/7273 5376/3/7278 7186/5/7277
f 5376/3/7278 1804/1/3643 5400/4/3653
f 7186/5/7277 5400/4/3653 1817/1/3636
f 865/7/7279 3534/5/7282 7187/5/7280
f 867/7/7281 5377/6/7295 7187/5/7280
f 7187/5/7280 5377/6/7295 1805/5/7283
f 5373/6/7260 7187/5/7280 5401/6/7284
f 1801/1/7262 5401/4/7284 7188/1167/7285
f 5401/4/7284 1805/1/7283 5378/3/7286
f 7188/1167/7285 5378/3/7286 1806/1/3635
f 5374/3/7267 7188/1167/7285 5402/4/3650
f 866/7/7287 3535/5/7289 7189/5/7288
f 3535/5/7289 868/7/7307 5379/6/7290
f 7189/5/7288 5379/6/7290 1807/5/7291
f 5375/6/7272 7189/5/7288 5403/6/7292
f 5403/4/7292 7190/5/7293 5376/3/7278
f 1807/1/7291 5380/5/7314 7190/5/7293
f 7190/5/7293 5380/5/7314 1808/1/3622
f 7190/5/7293 5404/4/3641 1804/1/3643
f 3536/5/7294 7191/5/7296 5377/6/7295
f 873/7/7268 3528/6/7270 7191/5/7296
f 3528/6/7270 1818/5/7275 5405/6/7297
f 7191/5/7296 5405/6/7297 1805/5/7283
f 5405/4/7297 7192/1167/7298 5378/3/7286
f 1818/1/7275 5390/3/7276 7192/1167/7298
f 5390/3/7276 1817/1/3636 5406/22/3633
f 7192/1167/7298 5406/22/3633 1806/1/3635
f 3537/5/7299 7193/5/7302 3529/6/7300
f 872/7/7259 3527/6/7258 7193/5/7302
f 3527/6/7258 1816/5/7264 5407/6/7303
f 7193/5/7302 5407/6/7303 1820/5/7304
f 5407/4/7303 7194/3/7306 5392/3/7305
f 5407/4/7303 1816/1/7264 5388/3/7266
f 5388/3/7266 1815/11/3657 5408/24/3628
f 7194/3/7306 5408/24/3628 1819/1/3617
f 868/7/7307 3538/5/7309 7195/6/7308
f 3538/5/7309 869/7/7332 5381/1/7310
f 7195/6/7308 5381/1/7310 1809/7/7311
f 5379/6/7290 7195/6/7308 5409/6/7312
f 1807/5/7291 5409/6/7312 7196/1/7313
f 5409/6/7312 1809/7/7311 5382/6/7315
f 7196/1/7313 5382/6/7315 1810/19/3604
f 5380/6/7314 7196/1/7313 5410/10/3625
f 3539/5/7316 7197/5/7319 3530/6/7317
f 874/7/7301 3529/6/7300 7197/5/7319
f 3529/6/7300 1820/5/7304 5411/6/7320
f 7197/5/7319 5411/6/7320 1822/5/7321
f 5411/4/7320 7198/5/7323 5394/3/7322
f 1820/1/7304 5392/3/7305 7198/5/7323
f 5392/3/7305 1819/1/3617 5412/4/3616
f 7198/5/7323 5412/4/3616 1821/1/3611
f 3540/5/7324 7199/5/7327 3531/5/7325
f 875/7/7318 3530/6/7317 7199/5/7327
f 3530/6/7317 1822/5/7321 5413/6/7328
f 7199/5/7327 5413/6/7328 1824/7/7329
f 5413/6/7328 7200/5/7331 5396/5/7330
f 1822/5/7321 5394/6/7322 7200/5/7331
f 5394/6/7322 1821/5/3611 5414/6/3610
f 7200/5/7331 5414/6/3610 1823/7/3593
f 869/7/7332 3541/5/7334 7201/11/7333
f 3541/5/7334 870/7/7340 5383/5/7335
f 7201/11/7333 5383/5/7335 1811/1/7336
f 5381/1/7310 7201/11/7333 5415/5/7337
f 1809/5/7311 5415/5/7337 7202/1/7338
f 5415/5/7337 1811/3/7336 5384/5/7339
f 7202/1/7338 5384/5/7339 1812/5/3598
f 5382/6/7315 7202/1/7338 5416/6/3607
f 870/7/7340 3542/5/7342 7203/3/7341
f 3542/5/7342 871/7/7349 5385/1/7343
f 7203/3/7341 5385/1/7343 1813/1168/7344
f 5383/5/7335 7203/3/7341 5417/1/7345
f 1811/1/7336 5417/1/7345 7204/1/7346
f 5417/1/7345 1813/1168/7344 5386/6/7347
f 7204/1/7346 5386/6/7347 1814/20/3592
f 5384/5/7339 7204/1/7346 5418/1/3601
f 3543/5/7348 7205/11/7350 5385/1/7343
f 876/7/7326 3531/5/7325 7205/11/7350
f 3531/5/7325 1824/7/7329 5419/5/7351
f 7205/11/7350 5419/5/7351 1813/1168/7344
f 5419/5/7351 7206/1/7352 5386/6/7347
f 1824/5/7329 5396/5/7330 7206/1/7352
f 5396/5/7330 1823/5/3593 5420/5/3590
f 7206/1/7352 5420/5/3590 1814/6/3592
f 3505/3/3660 7207/2/7354 3618/3/7353
f 841/1/3652 5425/3/7355 7207/2/7354
f 5425/3/7355 1829/1/3722 5433/4/3730
f 7207/2/7354 5433/4/3730 1831/1/3701
f 3504/4/3655 7208/2/7358 3524/3/7356
f 3504/4/3655 843/1/3646 5431/3/7357
f 7208/2/7358 5431/3/7357 1835/1/3714
f 3524/3/7356 7208/2/7358 5434/4/3726
f 3503/4/3651 7209/2/7359 5425/3/7355
f 845/1/3640 5426/3/7360 7209/2/7359
f 5426/3/7360 1830/1/3708 5435/4/3720
f 7209/2/7359 5435/4/3720 1829/1/3722
f 3502/4/3645 7210/2/7362 5431/3/7357
f 3502/4/3645 846/1/3627 5421/3/7361
f 7210/2/7362 5421/3/7361 1825/1/3694
f 5431/3/7357 7210/2/7362 5436/4/3717
f 3501/4/3639 7211/2/7363 5426/3/7360
f 844/1/3656 3524/3/7356 7211/2/7363
f 3524/3/7356 1826/1/3709 5437/4/3706
f 7211/2/7363 5437/4/3706 1830/1/3708
f 3500/3/3631 7212/2/7365 3619/3/7364
f 842/1/3661 3618/3/7353 7212/2/7365
f 3618/3/7353 1831/1/3701 5438/4/3700
f 7212/2/7365 5438/4/3700 1832/1/3689
f 846/1/3627 3499/11/3626 7213/2/7366
f 3499/11/3626 848/1/3609 5432/3/7367
f 7213/2/7366 5432/3/7367 1836/1/3676
f 5421/3/7361 7213/2/7366 5439/4/3697
f 3498/4/3620 7214/2/7369 3620/3/7368
f 847/1/3632 3619/3/7364 7214/2/7369
f 3619/3/7364 1832/1/3689 5440/4/3688
f 7214/2/7369 5440/4/3688 1833/1/3684
f 3497/4/3614 7215/2/7371 3621/3/7370
f 849/1/3621 3620/3/7368 7215/2/7371
f 3620/3/7368 1833/1/3684 5441/4/3682
f 7215/2/7371 5441/4/3682 1834/1/3683
f 848/1/3609 3496/11/3608 7216/2/7372
f 3496/11/3608 851/1/3603 5423/3/7373
f 7216/2/7372 5423/3/7373 1827/1/3670
f 5432/3/7367 7216/2/7372 5442/4/3679
f 851/1/3603 3495/4/3602 7217/2/7374
f 3495/4/3602 852/1/3597 5424/3/7375
f 7217/2/7374 5424/3/7375 1828/1/3662
f 5423/3/7373 7217/2/7374 5443/4/3673
f 3494/4/3596 7218/2/7376 5424/3/7375
f 850/1/3615 3621/3/7370 7218/2/7376
f 3621/3/7370 1834/1/3683 5444/4/3665
f 7218/2/7376 5444/4/3665 1828/1/3662
